date,membership_names,remaining_membership_eligible,excluded_names,complete_feature_eligible,excluded_fraction,portfolio_window
1999-01-06,328,329,0,0,0.0,False
1999-01-07,328,329,0,0,0.0,False
1999-01-08,328,328,1,0,0.003048780487804878,False
1999-01-11,327,328,0,0,0.0,False
1999-01-12,327,328,0,0,0.0,False
1999-01-13,327,329,0,0,0.0,False
1999-01-14,328,329,0,0,0.0,False
1999-01-15,329,329,0,0,0.0,False
1999-01-19,329,329,0,0,0.0,False
1999-01-20,329,329,0,0,0.0,False
1999-01-21,329,329,0,0,0.0,False
1999-01-22,329,329,0,0,0.0,False
1999-01-25,329,329,0,0,0.0,False
1999-01-26,329,329,0,0,0.0,False
1999-01-27,329,329,0,0,0.0,False
1999-01-28,329,329,0,0,0.0,False
1999-01-29,329,329,0,0,0.0,False
1999-02-01,329,329,0,0,0.0,False
1999-02-02,329,329,0,0,0.0,False
1999-02-03,329,329,0,0,0.0,False
1999-02-04,329,329,0,0,0.0,False
1999-02-05,329,329,0,0,0.0,False
1999-02-08,329,329,0,0,0.0,False
1999-02-09,329,329,0,0,0.0,False
1999-02-10,329,329,0,0,0.0,False
1999-02-11,329,329,0,0,0.0,False
1999-02-12,329,329,0,0,0.0,False
1999-02-16,329,329,0,0,0.0,False
1999-02-17,329,329,0,0,0.0,False
1999-02-18,329,329,0,0,0.0,False
1999-02-19,329,329,0,0,0.0,False
1999-02-22,329,329,0,0,0.0,False
1999-02-23,329,329,0,0,0.0,False
1999-02-24,329,329,0,0,0.0,False
1999-02-25,329,329,0,0,0.0,False
1999-02-26,329,329,0,0,0.0,False
1999-03-01,329,329,1,0,0.00303951367781155,False
1999-03-02,329,329,0,0,0.0,False
1999-03-03,329,329,0,0,0.0,False
1999-03-04,329,329,0,0,0.0,False
1999-03-05,329,329,0,0,0.0,False
1999-03-08,329,329,0,0,0.0,False
1999-03-09,329,328,1,0,0.00303951367781155,False
1999-03-10,328,328,0,0,0.0,False
1999-03-11,328,328,0,0,0.0,False
1999-03-12,328,328,0,0,0.0,False
1999-03-15,328,328,0,0,0.0,False
1999-03-16,328,328,0,0,0.0,False
1999-03-17,328,328,0,0,0.0,False
1999-03-18,328,328,0,0,0.0,False
1999-03-19,328,328,0,0,0.0,False
1999-03-22,328,328,0,0,0.0,False
1999-03-23,328,328,0,0,0.0,False
1999-03-24,328,328,0,0,0.0,False
1999-03-25,328,328,1,0,0.003048780487804878,False
1999-03-26,328,328,0,0,0.0,False
1999-03-29,328,328,0,0,0.0,False
1999-03-30,328,328,0,0,0.0,False
1999-03-31,328,328,0,0,0.0,False
1999-04-01,328,328,0,0,0.0,False
1999-04-05,328,329,0,0,0.0,False
1999-04-06,329,329,0,0,0.0,False
1999-04-07,329,329,0,0,0.0,False
1999-04-08,329,329,0,0,0.0,False
1999-04-09,329,329,0,0,0.0,False
1999-04-12,329,329,0,0,0.0,False
1999-04-13,329,329,0,0,0.0,False
1999-04-14,329,329,0,0,0.0,False
1999-04-15,329,329,0,0,0.0,False
1999-04-16,329,329,0,0,0.0,False
1999-04-19,329,329,0,0,0.0,False
1999-04-20,329,329,0,0,0.0,False
1999-04-21,329,329,0,0,0.0,False
1999-04-22,329,329,0,0,0.0,False
1999-04-23,329,329,0,0,0.0,False
1999-04-26,329,329,0,0,0.0,False
1999-04-27,329,329,0,0,0.0,False
1999-04-28,329,329,0,0,0.0,False
1999-04-29,329,329,0,0,0.0,False
1999-04-30,329,329,0,0,0.0,False
1999-05-03,329,330,0,0,0.0,False
1999-05-04,330,330,0,0,0.0,False
1999-05-05,330,330,0,0,0.0,False
1999-05-06,330,330,0,0,0.0,False
1999-05-07,330,330,0,0,0.0,False
1999-05-10,330,330,0,0,0.0,False
1999-05-11,330,330,0,0,0.0,False
1999-05-12,330,330,0,0,0.0,False
1999-05-13,330,330,0,0,0.0,False
1999-05-14,330,330,0,0,0.0,False
1999-05-17,330,330,0,0,0.0,False
1999-05-18,330,330,0,0,0.0,False
1999-05-19,330,330,0,0,0.0,False
1999-05-20,330,329,1,0,0.0030303030303030303,False
1999-05-21,329,329,0,0,0.0,False
1999-05-24,329,329,0,0,0.0,False
1999-05-25,329,329,0,0,0.0,False
1999-05-26,329,329,0,0,0.0,False
1999-05-27,329,329,0,0,0.0,False
1999-05-28,329,331,0,0,0.0,False
1999-06-01,331,331,0,0,0.0,False
1999-06-02,331,331,0,0,0.0,False
1999-06-03,331,331,0,0,0.0,False
1999-06-04,331,331,1,0,0.0030211480362537764,False
1999-06-07,331,331,0,0,0.0,False
1999-06-08,331,331,0,0,0.0,False
1999-06-09,331,331,0,0,0.0,False
1999-06-10,331,331,0,0,0.0,False
1999-06-11,331,331,0,0,0.0,False
1999-06-14,331,331,0,0,0.0,False
1999-06-15,331,331,0,0,0.0,False
1999-06-16,331,331,0,0,0.0,False
1999-06-17,331,331,0,0,0.0,False
1999-06-18,331,331,0,0,0.0,False
1999-06-21,331,331,0,0,0.0,False
1999-06-22,331,331,1,0,0.0030211480362537764,False
1999-06-23,331,331,0,0,0.0,False
1999-06-24,331,332,0,0,0.0,False
1999-06-25,332,333,0,0,0.0,False
1999-06-28,333,333,0,0,0.0,False
1999-06-29,333,333,0,0,0.0,False
1999-06-30,333,334,0,0,0.0,False
1999-07-01,334,335,0,0,0.0,False
1999-07-02,335,335,0,0,0.0,False
1999-07-06,335,335,0,0,0.0,False
1999-07-07,335,335,0,0,0.0,False
1999-07-08,335,335,0,0,0.0,False
1999-07-09,335,335,0,0,0.0,False
1999-07-12,335,335,0,0,0.0,False
1999-07-13,335,335,0,0,0.0,False
1999-07-14,335,335,0,0,0.0,False
1999-07-15,335,335,0,0,0.0,False
1999-07-16,335,335,0,0,0.0,False
1999-07-19,335,335,0,0,0.0,False
1999-07-20,335,335,0,0,0.0,False
1999-07-21,335,335,0,0,0.0,False
1999-07-22,335,336,0,0,0.0,False
1999-07-23,336,336,0,0,0.0,False
1999-07-26,336,336,0,0,0.0,False
1999-07-27,336,336,0,0,0.0,False
1999-07-28,336,336,0,0,0.0,False
1999-07-29,336,336,0,0,0.0,False
1999-07-30,336,336,0,0,0.0,False
1999-08-02,336,337,0,0,0.0,False
1999-08-03,337,337,0,0,0.0,False
1999-08-04,337,337,0,0,0.0,False
1999-08-05,337,337,0,0,0.0,False
1999-08-06,337,337,0,0,0.0,False
1999-08-09,337,336,1,0,0.002967359050445104,False
1999-08-10,336,336,0,0,0.0,False
1999-08-11,336,336,0,0,0.0,False
1999-08-12,336,335,1,0,0.002976190476190476,False
1999-08-13,335,336,0,0,0.0,False
1999-08-16,336,336,0,0,0.0,False
1999-08-17,336,336,0,0,0.0,False
1999-08-18,336,336,0,0,0.0,False
1999-08-19,336,336,0,0,0.0,False
1999-08-20,336,336,0,0,0.0,False
1999-08-23,336,336,0,0,0.0,False
1999-08-24,336,336,0,0,0.0,False
1999-08-25,336,336,0,0,0.0,False
1999-08-26,336,336,0,0,0.0,False
1999-08-27,336,336,0,0,0.0,False
1999-08-30,336,336,0,0,0.0,False
1999-08-31,336,336,0,0,0.0,False
1999-09-01,336,336,0,0,0.0,False
1999-09-02,336,336,0,0,0.0,False
1999-09-03,336,336,0,0,0.0,False
1999-09-07,336,336,0,0,0.0,False
1999-09-08,336,336,0,0,0.0,False
1999-09-09,336,336,0,0,0.0,False
1999-09-10,336,336,0,0,0.0,False
1999-09-13,336,336,0,0,0.0,False
1999-09-14,336,336,0,0,0.0,False
1999-09-15,336,336,0,0,0.0,False
1999-09-16,336,336,0,0,0.0,False
1999-09-17,336,336,0,0,0.0,False
1999-09-20,336,336,0,0,0.0,False
1999-09-21,336,336,0,0,0.0,False
1999-09-22,336,336,0,0,0.0,False
1999-09-23,336,336,0,0,0.0,False
1999-09-24,336,336,0,0,0.0,False
1999-09-27,336,336,0,0,0.0,False
1999-09-28,336,336,0,0,0.0,False
1999-09-29,336,337,0,0,0.0,False
1999-09-30,337,337,0,0,0.0,False
1999-10-01,337,337,1,0,0.002967359050445104,False
1999-10-04,337,338,0,0,0.0,False
1999-10-05,338,338,0,0,0.0,False
1999-10-06,338,338,0,0,0.0,False
1999-10-07,338,338,0,0,0.0,False
1999-10-08,338,338,0,0,0.0,False
1999-10-11,338,338,0,0,0.0,False
1999-10-12,338,339,0,0,0.0,False
1999-10-13,339,340,0,0,0.0,False
1999-10-14,340,340,0,0,0.0,False
1999-10-15,340,339,1,0,0.0029411764705882353,False
1999-10-18,339,340,0,0,0.0,False
1999-10-19,340,340,0,0,0.0,False
1999-10-20,340,340,0,0,0.0,False
1999-10-21,340,340,0,0,0.0,False
1999-10-22,340,340,0,0,0.0,False
1999-10-25,340,340,0,0,0.0,False
1999-10-26,340,339,1,0,0.0029411764705882353,False
1999-10-27,339,340,0,0,0.0,False
1999-10-28,340,340,0,0,0.0,False
1999-10-29,340,340,0,0,0.0,False
1999-11-01,340,340,0,0,0.0,False
1999-11-02,340,340,0,0,0.0,False
1999-11-03,340,340,0,0,0.0,False
1999-11-04,340,340,0,0,0.0,False
1999-11-05,340,341,0,0,0.0,False
1999-11-08,341,342,0,0,0.0,False
1999-11-09,342,342,0,0,0.0,False
1999-11-10,342,342,0,0,0.0,False
1999-11-11,342,342,0,0,0.0,False
1999-11-12,342,342,0,0,0.0,False
1999-11-15,342,343,0,0,0.0,False
1999-11-16,343,343,1,0,0.0029154518950437317,False
1999-11-17,343,343,0,0,0.0,False
1999-11-18,343,343,0,0,0.0,False
1999-11-19,343,343,0,0,0.0,False
1999-11-22,343,343,0,0,0.0,False
1999-11-23,343,343,0,0,0.0,False
1999-11-24,343,343,0,0,0.0,False
1999-11-26,343,343,0,0,0.0,False
1999-11-29,343,343,0,0,0.0,False
1999-11-30,343,342,1,0,0.0029154518950437317,False
1999-12-01,342,343,0,0,0.0,False
1999-12-02,343,344,0,0,0.0,False
1999-12-03,344,344,0,0,0.0,False
1999-12-06,344,344,0,0,0.0,False
1999-12-07,344,344,0,0,0.0,False
1999-12-08,344,345,0,0,0.0,False
1999-12-09,345,345,0,0,0.0,False
1999-12-10,345,345,0,0,0.0,False
1999-12-13,345,345,0,0,0.0,False
1999-12-14,345,345,0,0,0.0,False
1999-12-15,345,345,0,0,0.0,False
1999-12-16,345,345,0,0,0.0,False
1999-12-17,345,345,0,0,0.0,False
1999-12-20,345,345,0,0,0.0,False
1999-12-21,345,345,0,0,0.0,False
1999-12-22,345,345,0,0,0.0,False
1999-12-23,345,345,0,0,0.0,False
1999-12-27,345,345,0,0,0.0,False
1999-12-28,345,345,0,0,0.0,False
1999-12-29,344,344,0,0,0.0,False
1999-12-30,344,344,0,0,0.0,False
1999-12-31,344,345,0,0,0.0,False
2000-01-03,345,344,1,0,0.002898550724637681,False
2000-01-04,344,344,0,313,0.0,False
2000-01-05,344,344,0,313,0.0,False
2000-01-06,344,345,0,313,0.0,False
2000-01-07,345,345,0,313,0.0,False
2000-01-10,345,345,0,313,0.0,False
2000-01-11,345,345,0,313,0.0,False
2000-01-12,345,345,0,314,0.0,False
2000-01-13,345,345,0,314,0.0,False
2000-01-14,345,345,0,314,0.0,False
2000-01-18,345,345,0,314,0.0,False
2000-01-19,345,345,0,314,0.0,False
2000-01-20,345,345,0,314,0.0,False
2000-01-21,345,345,0,314,0.0,False
2000-01-24,345,345,0,314,0.0,False
2000-01-25,345,345,0,314,0.0,False
2000-01-26,345,345,0,314,0.0,False
2000-01-27,345,345,0,314,0.0,False
2000-01-28,345,345,0,314,0.0,False
2000-01-31,345,345,2,312,0.005797101449275362,False
2000-02-01,345,345,0,312,0.0,False
2000-02-02,345,345,0,312,0.0,False
2000-02-03,345,345,0,312,0.0,False
2000-02-04,345,345,0,312,0.0,False
2000-02-07,345,345,0,312,0.0,False
2000-02-08,345,345,0,312,0.0,False
2000-02-09,345,345,0,312,0.0,False
2000-02-10,345,345,0,312,0.0,False
2000-02-11,345,345,0,312,0.0,False
2000-02-14,345,345,0,312,0.0,False
2000-02-15,345,345,0,312,0.0,False
2000-02-16,345,345,0,312,0.0,False
2000-02-17,345,345,0,312,0.0,False
2000-02-18,345,345,0,312,0.0,False
2000-02-22,345,345,0,312,0.0,False
2000-02-23,345,345,0,312,0.0,False
2000-02-24,345,345,0,312,0.0,False
2000-02-25,345,345,0,312,0.0,False
2000-02-28,345,345,0,313,0.0,False
2000-02-29,345,345,0,313,0.0,False
2000-03-01,345,345,0,313,0.0,False
2000-03-02,345,345,0,313,0.0,False
2000-03-03,345,345,0,313,0.0,False
2000-03-06,345,345,0,313,0.0,False
2000-03-07,345,345,0,313,0.0,False
2000-03-08,345,345,0,313,0.0,False
2000-03-09,345,345,0,313,0.0,False
2000-03-10,345,345,0,313,0.0,False
2000-03-13,345,345,0,313,0.0,False
2000-03-14,345,345,0,313,0.0,False
2000-03-15,345,345,0,313,0.0,False
2000-03-16,345,344,1,312,0.002898550724637681,False
2000-03-17,344,344,0,312,0.0,False
2000-03-20,344,344,0,312,0.0,False
2000-03-21,344,344,0,312,0.0,False
2000-03-22,344,344,0,312,0.0,False
2000-03-23,344,344,0,313,0.0,False
2000-03-24,344,344,0,313,0.0,False
2000-03-27,344,344,0,313,0.0,False
2000-03-28,344,344,0,313,0.0,False
2000-03-29,344,344,0,313,0.0,False
2000-03-30,344,343,1,312,0.0029069767441860465,False
2000-03-31,343,343,0,313,0.0,False
2000-04-03,343,344,0,313,0.0,False
2000-04-04,344,344,0,313,0.0,False
2000-04-05,344,344,0,313,0.0,False
2000-04-06,344,344,0,313,0.0,False
2000-04-07,344,344,0,313,0.0,False
2000-04-10,344,344,0,313,0.0,False
2000-04-11,344,344,0,313,0.0,False
2000-04-12,344,344,0,313,0.0,False
2000-04-13,344,344,0,313,0.0,False
2000-04-14,344,344,0,313,0.0,False
2000-04-17,344,344,0,313,0.0,False
2000-04-18,344,344,0,313,0.0,False
2000-04-19,344,344,0,313,0.0,False
2000-04-20,344,344,0,313,0.0,False
2000-04-24,344,344,0,313,0.0,False
2000-04-25,344,344,0,313,0.0,False
2000-04-26,344,344,0,313,0.0,False
2000-04-27,344,344,0,313,0.0,False
2000-04-28,344,344,0,313,0.0,False
2000-05-01,344,344,0,314,0.0,False
2000-05-02,344,344,0,314,0.0,False
2000-05-03,344,344,0,314,0.0,False
2000-05-04,344,344,0,314,0.0,False
2000-05-05,344,346,0,314,0.0,False
2000-05-08,346,346,0,314,0.0,False
2000-05-09,346,346,0,314,0.0,False
2000-05-10,346,346,1,313,0.002890173410404624,False
2000-05-11,346,346,0,313,0.0,False
2000-05-12,346,346,0,313,0.0,False
2000-05-15,346,346,0,313,0.0,False
2000-05-16,346,346,0,313,0.0,False
2000-05-17,346,346,0,313,0.0,False
2000-05-18,346,346,0,313,0.0,False
2000-05-19,346,346,0,313,0.0,False
2000-05-22,346,346,0,313,0.0,False
2000-05-23,346,346,0,313,0.0,False
2000-05-24,346,346,0,313,0.0,False
2000-05-25,346,346,0,313,0.0,False
2000-05-26,346,346,0,315,0.0,False
2000-05-30,346,346,0,315,0.0,False
2000-05-31,346,346,0,315,0.0,False
2000-06-01,346,347,0,315,0.0,False
2000-06-02,347,347,0,316,0.0,False
2000-06-05,347,347,1,315,0.002881844380403458,False
2000-06-06,347,347,0,315,0.0,False
2000-06-07,347,347,0,315,0.0,False
2000-06-08,347,347,1,314,0.002881844380403458,False
2000-06-09,347,347,0,314,0.0,False
2000-06-12,347,347,0,314,0.0,False
2000-06-13,347,348,0,314,0.0,False
2000-06-14,348,348,0,314,0.0,False
2000-06-15,348,348,0,314,0.0,False
2000-06-16,348,348,0,314,0.0,False
2000-06-19,348,348,0,314,0.0,False
2000-06-20,348,347,1,314,0.0028735632183908046,False
2000-06-21,347,348,1,313,0.002881844380403458,False
2000-06-22,348,348,0,314,0.0,False
2000-06-23,348,348,0,315,0.0,False
2000-06-26,348,348,0,315,0.0,False
2000-06-27,348,348,0,315,0.0,False
2000-06-28,348,346,2,314,0.005747126436781609,False
2000-06-29,346,348,0,315,0.0,False
2000-06-30,348,347,1,314,0.0028735632183908046,False
2000-07-03,347,348,0,314,0.0,False
2000-07-05,348,348,0,314,0.0,False
2000-07-06,348,348,0,314,0.0,False
2000-07-07,348,348,0,314,0.0,False
2000-07-10,348,348,0,314,0.0,False
2000-07-11,347,347,0,313,0.0,False
2000-07-12,347,347,0,313,0.0,False
2000-07-13,347,348,0,313,0.0,False
2000-07-14,348,348,0,313,0.0,False
2000-07-17,348,347,1,312,0.0028735632183908046,False
2000-07-18,347,347,0,312,0.0,False
2000-07-19,347,347,0,312,0.0,False
2000-07-20,347,346,1,312,0.002881844380403458,False
2000-07-21,346,346,0,312,0.0,False
2000-07-24,346,346,0,312,0.0,False
2000-07-25,346,346,0,312,0.0,False
2000-07-26,346,346,0,312,0.0,False
2000-07-27,346,347,0,312,0.0,False
2000-07-28,347,348,0,312,0.0,False
2000-07-31,348,348,0,313,0.0,False
2000-08-01,348,348,0,313,0.0,False
2000-08-02,348,348,0,313,0.0,False
2000-08-03,348,348,0,313,0.0,False
2000-08-04,348,348,0,313,0.0,False
2000-08-07,348,348,0,313,0.0,False
2000-08-08,348,348,0,313,0.0,False
2000-08-09,348,348,0,313,0.0,False
2000-08-10,348,348,0,313,0.0,False
2000-08-11,348,348,0,314,0.0,False
2000-08-14,348,348,0,314,0.0,False
2000-08-15,348,348,0,314,0.0,False
2000-08-16,348,348,0,314,0.0,False
2000-08-17,348,348,0,314,0.0,False
2000-08-18,348,347,1,313,0.0028735632183908046,False
2000-08-21,347,348,0,313,0.0,False
2000-08-22,348,348,0,313,0.0,False
2000-08-23,348,348,0,313,0.0,False
2000-08-24,348,348,0,313,0.0,False
2000-08-25,348,348,0,313,0.0,False
2000-08-28,348,347,1,312,0.0028735632183908046,False
2000-08-29,347,347,0,312,0.0,False
2000-08-30,347,348,0,312,0.0,False
2000-08-31,348,348,0,312,0.0,False
2000-09-01,348,348,0,312,0.0,False
2000-09-05,348,348,0,312,0.0,False
2000-09-06,348,348,0,312,0.0,False
2000-09-07,348,348,0,312,0.0,False
2000-09-08,348,348,0,312,0.0,False
2000-09-11,348,348,0,312,0.0,False
2000-09-12,348,348,0,312,0.0,False
2000-09-13,348,348,0,312,0.0,False
2000-09-14,348,348,0,312,0.0,False
2000-09-15,348,348,0,312,0.0,False
2000-09-18,348,348,0,312,0.0,False
2000-09-19,348,348,0,312,0.0,False
2000-09-20,348,348,0,312,0.0,False
2000-09-21,348,348,0,312,0.0,False
2000-09-22,348,348,0,312,0.0,False
2000-09-25,348,348,0,312,0.0,False
2000-09-26,348,348,0,312,0.0,False
2000-09-27,348,348,0,313,0.0,False
2000-09-28,348,347,1,312,0.0028735632183908046,False
2000-09-29,347,347,0,313,0.0,False
2000-10-02,347,347,0,314,0.0,False
2000-10-03,347,346,1,314,0.002881844380403458,False
2000-10-04,346,346,0,314,0.0,False
2000-10-05,346,346,0,314,0.0,False
2000-10-06,346,346,0,314,0.0,False
2000-10-09,346,346,0,314,0.0,False
2000-10-10,346,346,0,315,0.0,False
2000-10-11,346,346,0,316,0.0,False
2000-10-12,346,346,0,316,0.0,False
2000-10-13,346,346,0,316,0.0,False
2000-10-16,346,346,0,317,0.0,False
2000-10-17,346,346,0,317,0.0,False
2000-10-18,346,346,1,316,0.002890173410404624,False
2000-10-19,346,346,0,316,0.0,False
2000-10-20,346,345,1,315,0.002890173410404624,False
2000-10-23,345,345,0,315,0.0,False
2000-10-24,345,345,0,315,0.0,False
2000-10-25,345,345,0,316,0.0,False
2000-10-26,345,345,0,316,0.0,False
2000-10-27,345,345,0,316,0.0,False
2000-10-30,345,345,0,316,0.0,False
2000-10-31,345,345,0,316,0.0,False
2000-11-01,345,345,0,316,0.0,False
2000-11-02,345,347,0,316,0.0,False
2000-11-03,347,347,0,317,0.0,False
2000-11-06,347,347,1,317,0.002881844380403458,False
2000-11-07,347,347,0,317,0.0,False
2000-11-08,347,347,0,317,0.0,False
2000-11-09,347,346,1,316,0.002881844380403458,False
2000-11-10,346,346,0,316,0.0,False
2000-11-13,346,346,0,317,0.0,False
2000-11-14,346,346,0,318,0.0,False
2000-11-15,346,346,0,318,0.0,False
2000-11-16,346,346,0,318,0.0,False
2000-11-17,346,347,0,318,0.0,False
2000-11-20,347,347,0,318,0.0,False
2000-11-21,347,347,0,318,0.0,False
2000-11-22,347,347,0,318,0.0,False
2000-11-24,347,346,1,317,0.002881844380403458,False
2000-11-27,346,346,0,317,0.0,False
2000-11-28,346,346,0,317,0.0,False
2000-11-29,346,346,0,318,0.0,False
2000-11-30,346,345,1,318,0.002890173410404624,False
2000-12-01,345,346,0,318,0.0,False
2000-12-04,346,346,0,318,0.0,False
2000-12-05,346,347,0,318,0.0,False
2000-12-06,347,347,0,319,0.0,False
2000-12-07,347,347,0,319,0.0,False
2000-12-08,347,347,0,319,0.0,False
2000-12-11,346,347,2,316,0.005780346820809248,False
2000-12-12,347,346,3,313,0.008645533141210375,False
2000-12-13,346,346,0,313,0.0,False
2000-12-14,346,346,0,313,0.0,False
2000-12-15,346,346,0,313,0.0,False
2000-12-18,346,346,0,313,0.0,False
2000-12-19,345,345,0,312,0.0,False
2000-12-20,345,345,0,312,0.0,False
2000-12-21,345,345,0,312,0.0,False
2000-12-22,345,346,0,312,0.0,False
2000-12-26,346,346,0,312,0.0,False
2000-12-27,346,346,0,312,0.0,False
2000-12-28,346,346,0,312,0.0,False
2000-12-29,346,346,0,313,0.0,False
2001-01-02,346,349,0,313,0.0,False
2001-01-03,349,349,0,313,0.0,False
2001-01-04,349,349,0,313,0.0,False
2001-01-05,349,349,0,313,0.0,False
2001-01-08,349,349,0,313,0.0,False
2001-01-09,349,349,0,313,0.0,False
2001-01-10,349,349,0,313,0.0,False
2001-01-11,349,349,0,313,0.0,False
2001-01-12,349,349,0,313,0.0,False
2001-01-16,349,349,0,313,0.0,False
2001-01-17,349,349,0,313,0.0,False
2001-01-18,349,349,0,313,0.0,False
2001-01-19,349,349,0,313,0.0,False
2001-01-22,349,349,0,313,0.0,False
2001-01-23,349,349,0,313,0.0,False
2001-01-24,349,349,0,313,0.0,False
2001-01-25,349,349,0,313,0.0,False
2001-01-26,349,349,0,313,0.0,False
2001-01-29,349,349,0,313,0.0,False
2001-01-30,349,349,1,314,0.0028653295128939827,False
2001-01-31,349,349,0,314,0.0,False
2001-02-01,349,349,0,314,0.0,False
2001-02-02,349,349,0,314,0.0,False
2001-02-05,349,349,0,314,0.0,False
2001-02-06,349,349,0,314,0.0,False
2001-02-07,349,349,0,314,0.0,False
2001-02-08,349,349,0,314,0.0,False
2001-02-09,349,349,0,314,0.0,False
2001-02-12,349,349,0,314,0.0,False
2001-02-13,349,349,0,314,0.0,False
2001-02-14,349,349,0,314,0.0,False
2001-02-15,349,349,0,314,0.0,False
2001-02-16,349,349,0,314,0.0,False
2001-02-20,349,349,0,314,0.0,False
2001-02-21,349,349,0,314,0.0,False
2001-02-22,349,349,0,314,0.0,False
2001-02-23,349,349,0,314,0.0,False
2001-02-26,349,349,0,314,0.0,False
2001-02-27,349,350,0,314,0.0,False
2001-02-28,350,350,0,314,0.0,False
2001-03-01,350,351,0,314,0.0,False
2001-03-02,351,351,0,314,0.0,False
2001-03-05,351,351,0,314,0.0,False
2001-03-06,351,351,0,314,0.0,False
2001-03-07,351,351,0,314,0.0,False
2001-03-08,351,351,0,314,0.0,False
2001-03-09,351,351,0,314,0.0,False
2001-03-12,351,351,0,314,0.0,False
2001-03-13,351,351,0,314,0.0,False
2001-03-14,351,351,0,314,0.0,False
2001-03-15,351,351,0,314,0.0,False
2001-03-16,351,351,0,314,0.0,False
2001-03-19,351,351,0,314,0.0,False
2001-03-20,351,351,0,314,0.0,False
2001-03-21,351,351,0,314,0.0,False
2001-03-22,351,351,0,314,0.0,False
2001-03-23,351,351,0,314,0.0,False
2001-03-26,351,351,0,314,0.0,False
2001-03-27,351,351,0,314,0.0,False
2001-03-28,351,351,0,314,0.0,False
2001-03-29,351,351,0,314,0.0,False
2001-03-30,351,351,0,314,0.0,False
2001-04-02,351,350,1,313,0.002849002849002849,False
2001-04-03,350,349,1,313,0.002857142857142857,False
2001-04-04,349,349,0,313,0.0,False
2001-04-05,349,349,0,313,0.0,False
2001-04-06,349,349,0,313,0.0,False
2001-04-09,349,349,0,313,0.0,False
2001-04-10,349,349,0,313,0.0,False
2001-04-11,349,349,0,313,0.0,False
2001-04-12,349,349,0,313,0.0,False
2001-04-16,349,349,0,313,0.0,False
2001-04-17,349,349,0,313,0.0,False
2001-04-18,349,349,0,313,0.0,False
2001-04-19,349,349,0,313,0.0,False
2001-04-20,349,349,0,313,0.0,False
2001-04-23,349,349,0,313,0.0,False
2001-04-24,349,349,0,313,0.0,False
2001-04-25,349,349,0,313,0.0,False
2001-04-26,349,349,0,313,0.0,False
2001-04-27,349,349,0,313,0.0,False
2001-04-30,349,349,0,313,0.0,False
2001-05-01,349,349,0,313,0.0,False
2001-05-02,349,349,0,313,0.0,False
2001-05-03,349,349,0,313,0.0,False
2001-05-04,349,349,0,313,0.0,False
2001-05-07,349,349,0,315,0.0,False
2001-05-08,349,349,0,315,0.0,False
2001-05-09,349,349,0,315,0.0,False
2001-05-10,349,349,0,316,0.0,False
2001-05-11,349,348,1,315,0.0028653295128939827,False
2001-05-14,348,349,0,315,0.0,False
2001-05-15,349,349,0,315,0.0,False
2001-05-16,349,349,0,315,0.0,False
2001-05-17,349,349,0,315,0.0,False
2001-05-18,349,349,0,315,0.0,False
2001-05-21,349,349,0,315,0.0,False
2001-05-22,349,349,0,315,0.0,False
2001-05-23,349,349,0,315,0.0,False
2001-05-24,349,349,0,315,0.0,False
2001-05-25,349,349,0,315,0.0,False
2001-05-29,349,349,0,315,0.0,False
2001-05-30,349,349,0,315,0.0,False
2001-05-31,349,349,0,315,0.0,False
2001-06-01,349,349,0,316,0.0,False
2001-06-04,349,350,0,316,0.0,False
2001-06-05,350,350,0,317,0.0,False
2001-06-06,350,350,0,317,0.0,False
2001-06-07,350,350,0,317,0.0,False
2001-06-08,350,350,0,318,0.0,False
2001-06-11,350,350,0,318,0.0,False
2001-06-12,350,350,0,318,0.0,False
2001-06-13,350,350,0,319,0.0,False
2001-06-14,350,350,0,319,0.0,False
2001-06-15,350,350,0,319,0.0,False
2001-06-18,350,350,0,319,0.0,False
2001-06-19,350,350,0,319,0.0,False
2001-06-20,350,350,0,319,0.0,False
2001-06-21,350,350,0,321,0.0,False
2001-06-22,350,350,0,321,0.0,False
2001-06-25,350,351,0,321,0.0,False
2001-06-26,351,351,0,321,0.0,False
2001-06-27,351,351,0,321,0.0,False
2001-06-28,351,351,0,321,0.0,False
2001-06-29,351,352,0,323,0.0,False
2001-07-02,352,352,1,322,0.002840909090909091,False
2001-07-03,352,352,0,323,0.0,False
2001-07-05,352,351,1,322,0.002840909090909091,False
2001-07-06,351,351,0,322,0.0,False
2001-07-09,351,352,0,322,0.0,False
2001-07-10,352,352,0,322,0.0,False
2001-07-11,352,352,0,322,0.0,False
2001-07-12,352,352,0,322,0.0,False
2001-07-13,352,352,0,323,0.0,False
2001-07-16,352,352,0,323,0.0,False
2001-07-17,352,352,0,323,0.0,False
2001-07-18,352,352,0,323,0.0,False
2001-07-19,352,352,0,323,0.0,False
2001-07-20,352,352,0,323,0.0,False
2001-07-23,352,352,0,323,0.0,False
2001-07-24,352,352,0,323,0.0,False
2001-07-25,352,352,0,323,0.0,False
2001-07-26,352,352,0,323,0.0,False
2001-07-27,352,352,0,324,0.0,False
2001-07-30,352,352,0,325,0.0,False
2001-07-31,352,352,0,325,0.0,False
2001-08-01,352,351,1,324,0.002840909090909091,False
2001-08-02,351,351,0,324,0.0,False
2001-08-03,351,352,0,324,0.0,False
2001-08-06,352,353,0,324,0.0,False
2001-08-07,353,353,1,323,0.0028328611898017,False
2001-08-08,353,353,0,323,0.0,False
2001-08-09,353,353,0,323,0.0,False
2001-08-10,353,353,0,323,0.0,False
2001-08-13,353,353,0,323,0.0,False
2001-08-14,353,353,0,323,0.0,False
2001-08-15,353,353,0,323,0.0,False
2001-08-16,353,353,0,323,0.0,False
2001-08-17,353,353,0,323,0.0,False
2001-08-20,353,353,0,323,0.0,False
2001-08-21,353,353,0,324,0.0,False
2001-08-22,353,353,0,324,0.0,False
2001-08-23,353,353,0,324,0.0,False
2001-08-24,353,353,0,324,0.0,False
2001-08-27,353,353,0,324,0.0,False
2001-08-28,353,353,0,324,0.0,False
2001-08-29,353,353,0,324,0.0,False
2001-08-30,352,354,0,324,0.0,False
2001-08-31,354,354,0,324,0.0,False
2001-09-04,354,353,1,324,0.002824858757062147,False
2001-09-05,353,353,0,324,0.0,False
2001-09-06,353,353,0,324,0.0,False
2001-09-07,353,353,0,324,0.0,False
2001-09-10,353,353,0,324,0.0,False
2001-09-17,353,353,0,324,0.0,False
2001-09-18,353,353,0,324,0.0,False
2001-09-19,353,353,0,324,0.0,False
2001-09-20,353,353,0,324,0.0,False
2001-09-21,353,354,0,324,0.0,False
2001-09-24,354,354,0,324,0.0,False
2001-09-25,354,354,0,324,0.0,False
2001-09-26,354,354,0,324,0.0,False
2001-09-27,354,354,0,324,0.0,False
2001-09-28,354,354,0,324,0.0,False
2001-10-01,354,354,0,324,0.0,False
2001-10-02,354,354,0,324,0.0,False
2001-10-03,354,354,0,324,0.0,False
2001-10-04,354,354,0,324,0.0,False
2001-10-05,354,353,1,323,0.002824858757062147,False
2001-10-08,353,353,0,323,0.0,False
2001-10-09,353,353,0,323,0.0,False
2001-10-10,353,354,0,323,0.0,False
2001-10-11,354,354,0,323,0.0,False
2001-10-12,354,354,0,323,0.0,False
2001-10-15,354,354,0,323,0.0,False
2001-10-16,354,354,0,323,0.0,False
2001-10-17,354,354,0,323,0.0,False
2001-10-18,354,354,0,323,0.0,False
2001-10-19,354,354,0,323,0.0,False
2001-10-22,354,354,0,323,0.0,False
2001-10-23,354,354,0,323,0.0,False
2001-10-24,354,354,0,324,0.0,False
2001-10-25,354,354,0,324,0.0,False
2001-10-26,354,354,0,324,0.0,False
2001-10-29,354,354,0,324,0.0,False
2001-10-30,354,354,0,324,0.0,False
2001-10-31,354,354,0,324,0.0,False
2001-11-01,354,354,0,324,0.0,False
2001-11-02,354,354,0,324,0.0,False
2001-11-05,354,354,0,324,0.0,False
2001-11-06,354,353,1,323,0.002824858757062147,False
2001-11-07,353,353,0,323,0.0,False
2001-11-08,353,353,0,325,0.0,False
2001-11-09,353,353,0,325,0.0,False
2001-11-12,353,353,0,325,0.0,False
2001-11-13,353,353,0,325,0.0,False
2001-11-14,353,353,0,325,0.0,False
2001-11-15,353,353,0,325,0.0,False
2001-11-16,353,353,0,325,0.0,False
2001-11-19,353,353,0,325,0.0,False
2001-11-20,353,353,0,325,0.0,False
2001-11-21,353,353,0,325,0.0,False
2001-11-23,353,353,0,325,0.0,False
2001-11-26,353,353,0,326,0.0,False
2001-11-27,353,353,0,326,0.0,False
2001-11-28,353,353,0,326,0.0,False
2001-11-29,353,353,0,326,0.0,False
2001-11-30,353,354,0,326,0.0,False
2001-12-03,354,355,0,326,0.0,False
2001-12-04,355,355,0,326,0.0,False
2001-12-05,355,355,0,326,0.0,False
2001-12-06,355,355,0,326,0.0,False
2001-12-07,355,355,0,327,0.0,False
2001-12-10,355,355,0,327,0.0,False
2001-12-11,355,355,0,328,0.0,False
2001-12-12,355,355,0,328,0.0,False
2001-12-13,355,355,0,328,0.0,False
2001-12-14,355,355,0,328,0.0,False
2001-12-17,355,356,0,331,0.0,False
2001-12-18,356,356,0,333,0.0,False
2001-12-19,356,356,0,333,0.0,False
2001-12-20,356,356,0,333,0.0,False
2001-12-21,356,356,0,333,0.0,False
2001-12-24,356,356,0,333,0.0,False
2001-12-26,355,355,0,332,0.0,False
2001-12-27,355,355,0,332,0.0,False
2001-12-28,355,355,0,332,0.0,False
2001-12-31,355,355,0,333,0.0,False
2002-01-02,355,357,0,333,0.0,False
2002-01-03,357,357,0,333,0.0,False
2002-01-04,357,357,0,333,0.0,False
2002-01-07,357,357,0,333,0.0,False
2002-01-08,357,357,0,336,0.0,False
2002-01-09,357,357,0,336,0.0,False
2002-01-10,357,357,0,336,0.0,False
2002-01-11,357,357,0,336,0.0,False
2002-01-14,357,357,0,336,0.0,False
2002-01-15,357,357,0,336,0.0,False
2002-01-16,357,356,1,335,0.0028011204481792717,False
2002-01-17,356,356,0,335,0.0,False
2002-01-18,356,356,0,335,0.0,False
2002-01-22,356,356,0,335,0.0,False
2002-01-23,356,356,0,335,0.0,False
2002-01-24,356,356,0,335,0.0,False
2002-01-25,356,356,0,335,0.0,False
2002-01-28,356,356,0,335,0.0,False
2002-01-29,356,356,0,335,0.0,False
2002-01-30,356,356,0,335,0.0,False
2002-01-31,356,356,0,335,0.0,False
2002-02-01,356,357,0,335,0.0,False
2002-02-04,357,357,0,335,0.0,False
2002-02-05,357,357,0,336,0.0,False
2002-02-06,357,357,0,336,0.0,False
2002-02-07,357,357,0,336,0.0,False
2002-02-08,357,357,0,336,0.0,False
2002-02-11,357,357,0,336,0.0,False
2002-02-12,357,357,0,336,0.0,False
2002-02-13,357,357,0,336,0.0,False
2002-02-14,357,357,0,336,0.0,False
2002-02-15,357,357,0,336,0.0,False
2002-02-19,357,357,0,336,0.0,False
2002-02-20,357,357,0,336,0.0,False
2002-02-21,357,357,0,336,0.0,False
2002-02-22,357,357,0,336,0.0,False
2002-02-25,357,357,0,336,0.0,False
2002-02-26,357,357,0,336,0.0,False
2002-02-27,357,357,0,336,0.0,False
2002-02-28,357,357,0,336,0.0,False
2002-03-01,357,357,0,336,0.0,False
2002-03-04,357,357,0,336,0.0,False
2002-03-05,357,357,0,337,0.0,False
2002-03-06,357,357,0,337,0.0,False
2002-03-07,357,357,0,338,0.0,False
2002-03-08,357,357,0,338,0.0,False
2002-03-11,357,357,0,338,0.0,False
2002-03-12,357,357,0,338,0.0,False
2002-03-13,357,357,0,338,0.0,False
2002-03-14,357,357,0,338,0.0,False
2002-03-15,357,357,0,338,0.0,False
2002-03-18,357,357,0,338,0.0,False
2002-03-19,357,357,0,338,0.0,False
2002-03-20,357,357,0,338,0.0,False
2002-03-21,357,357,0,338,0.0,False
2002-03-22,357,357,0,338,0.0,False
2002-03-25,357,357,0,338,0.0,False
2002-03-26,357,357,0,338,0.0,False
2002-03-27,357,357,0,338,0.0,False
2002-03-28,357,357,0,338,0.0,False
2002-04-01,357,357,0,338,0.0,False
2002-04-02,357,357,0,338,0.0,False
2002-04-03,357,357,0,338,0.0,False
2002-04-04,357,357,0,338,0.0,False
2002-04-05,357,357,0,338,0.0,False
2002-04-08,357,357,0,338,0.0,False
2002-04-09,357,357,0,338,0.0,False
2002-04-10,357,357,0,338,0.0,False
2002-04-11,357,357,0,338,0.0,False
2002-04-12,357,357,0,338,0.0,False
2002-04-15,357,357,0,338,0.0,False
2002-04-16,357,357,0,338,0.0,False
2002-04-17,357,357,0,338,0.0,False
2002-04-18,357,357,0,338,0.0,False
2002-04-19,357,357,0,338,0.0,False
2002-04-22,357,357,0,338,0.0,False
2002-04-23,357,357,0,338,0.0,False
2002-04-24,357,357,0,338,0.0,False
2002-04-25,357,357,0,338,0.0,False
2002-04-26,357,357,0,338,0.0,False
2002-04-29,357,357,0,338,0.0,False
2002-04-30,357,357,0,338,0.0,False
2002-05-01,357,357,0,338,0.0,False
2002-05-02,357,356,1,337,0.0028011204481792717,False
2002-05-03,356,356,0,337,0.0,False
2002-05-06,356,357,0,337,0.0,False
2002-05-07,357,357,0,337,0.0,False
2002-05-08,357,357,0,337,0.0,False
2002-05-09,357,357,0,337,0.0,False
2002-05-10,357,357,0,337,0.0,False
2002-05-13,357,357,1,336,0.0028011204481792717,False
2002-05-14,357,357,0,336,0.0,False
2002-05-15,357,359,0,336,0.0,False
2002-05-16,359,359,0,336,0.0,False
2002-05-17,359,359,0,336,0.0,False
2002-05-20,359,359,0,337,0.0,False
2002-05-21,359,359,0,337,0.0,False
2002-05-22,359,359,0,337,0.0,False
2002-05-23,359,359,0,337,0.0,False
2002-05-24,359,359,0,337,0.0,False
2002-05-28,359,359,0,337,0.0,False
2002-05-29,359,359,0,337,0.0,False
2002-05-30,359,359,0,337,0.0,False
2002-05-31,359,359,0,337,0.0,False
2002-06-03,359,359,0,337,0.0,False
2002-06-04,359,359,0,337,0.0,False
2002-06-05,359,359,0,337,0.0,False
2002-06-06,359,359,0,337,0.0,False
2002-06-07,359,359,0,337,0.0,False
2002-06-10,359,359,0,338,0.0,False
2002-06-11,359,359,0,338,0.0,False
2002-06-12,359,359,0,338,0.0,False
2002-06-13,359,359,0,338,0.0,False
2002-06-14,359,359,0,338,0.0,False
2002-06-17,359,359,0,338,0.0,False
2002-06-18,359,359,0,338,0.0,False
2002-06-19,359,359,0,338,0.0,False
2002-06-20,359,359,0,338,0.0,False
2002-06-21,359,359,0,338,0.0,False
2002-06-24,359,359,0,338,0.0,False
2002-06-25,359,359,0,338,0.0,False
2002-06-26,359,360,0,338,0.0,False
2002-06-27,360,360,0,338,0.0,False
2002-06-28,360,360,0,338,0.0,False
2002-07-01,360,360,0,339,0.0,False
2002-07-02,360,360,0,339,0.0,False
2002-07-03,360,360,0,339,0.0,False
2002-07-05,360,360,0,339,0.0,False
2002-07-08,360,360,0,340,0.0,False
2002-07-09,360,360,0,341,0.0,False
2002-07-10,360,360,0,341,0.0,False
2002-07-11,360,359,1,341,0.002777777777777778,False
2002-07-12,359,359,0,341,0.0,False
2002-07-15,359,359,0,342,0.0,False
2002-07-16,359,359,0,342,0.0,False
2002-07-17,359,360,0,342,0.0,False
2002-07-18,360,360,0,342,0.0,False
2002-07-19,360,357,3,339,0.008333333333333333,False
2002-07-22,357,363,0,339,0.0,False
2002-07-23,363,363,0,339,0.0,False
2002-07-24,363,363,0,339,0.0,False
2002-07-25,362,363,0,339,0.0,False
2002-07-26,363,363,0,339,0.0,False
2002-07-29,363,363,0,339,0.0,False
2002-07-30,363,363,0,339,0.0,False
2002-07-31,363,363,0,339,0.0,False
2002-08-01,363,363,0,339,0.0,False
2002-08-02,363,363,0,339,0.0,False
2002-08-05,363,363,0,339,0.0,False
2002-08-06,363,363,0,339,0.0,False
2002-08-07,363,363,0,339,0.0,False
2002-08-08,363,363,0,339,0.0,False
2002-08-09,363,363,0,340,0.0,False
2002-08-12,363,362,1,340,0.0027548209366391185,False
2002-08-13,362,362,0,341,0.0,False
2002-08-14,362,362,0,341,0.0,False
2002-08-15,362,362,0,341,0.0,False
2002-08-16,362,362,0,341,0.0,False
2002-08-19,362,362,0,341,0.0,False
2002-08-20,362,361,1,340,0.0027624309392265192,False
2002-08-21,361,361,0,340,0.0,False
2002-08-22,361,361,0,340,0.0,False
2002-08-23,361,361,0,340,0.0,False
2002-08-26,361,361,0,340,0.0,False
2002-08-27,361,361,0,340,0.0,False
2002-08-28,361,361,0,340,0.0,False
2002-08-29,361,361,0,340,0.0,False
2002-08-30,361,361,0,340,0.0,False
2002-09-03,361,361,0,340,0.0,False
2002-09-04,361,361,0,340,0.0,False
2002-09-05,361,361,0,340,0.0,False
2002-09-06,361,361,0,342,0.0,False
2002-09-09,361,361,0,342,0.0,False
2002-09-10,361,361,0,342,0.0,False
2002-09-11,361,361,0,342,0.0,False
2002-09-12,361,361,0,342,0.0,False
2002-09-13,361,361,0,342,0.0,False
2002-09-16,361,361,0,342,0.0,False
2002-09-17,361,361,0,342,0.0,False
2002-09-18,361,361,0,342,0.0,False
2002-09-19,361,361,0,342,0.0,False
2002-09-20,361,361,0,342,0.0,False
2002-09-23,361,361,0,342,0.0,False
2002-09-24,361,361,0,342,0.0,False
2002-09-25,361,361,0,342,0.0,False
2002-09-26,361,361,0,342,0.0,False
2002-09-27,361,361,0,342,0.0,False
2002-09-30,361,361,0,342,0.0,False
2002-10-01,361,361,0,342,0.0,False
2002-10-02,361,361,0,342,0.0,False
2002-10-03,361,361,0,342,0.0,False
2002-10-04,361,361,0,342,0.0,False
2002-10-07,361,361,0,342,0.0,False
2002-10-08,361,361,0,342,0.0,False
2002-10-09,361,361,0,342,0.0,False
2002-10-10,361,361,0,343,0.0,False
2002-10-11,361,361,0,343,0.0,False
2002-10-14,361,361,0,343,0.0,False
2002-10-15,361,361,0,343,0.0,False
2002-10-16,361,361,0,343,0.0,False
2002-10-17,361,361,0,343,0.0,False
2002-10-18,361,361,0,343,0.0,False
2002-10-21,361,361,0,343,0.0,False
2002-10-22,361,361,0,343,0.0,False
2002-10-23,361,361,0,343,0.0,False
2002-10-24,361,361,0,343,0.0,False
2002-10-25,361,361,0,343,0.0,False
2002-10-28,361,361,0,343,0.0,False
2002-10-29,361,361,0,343,0.0,False
2002-10-30,361,361,0,343,0.0,False
2002-10-31,361,361,0,343,0.0,False
2002-11-01,361,361,0,343,0.0,False
2002-11-04,361,361,0,343,0.0,False
2002-11-05,361,361,0,343,0.0,False
2002-11-06,361,361,0,343,0.0,False
2002-11-07,361,361,0,343,0.0,False
2002-11-08,361,361,0,343,0.0,False
2002-11-11,361,361,0,343,0.0,False
2002-11-12,361,361,0,343,0.0,False
2002-11-13,361,361,0,343,0.0,False
2002-11-14,361,361,0,343,0.0,False
2002-11-15,361,361,0,343,0.0,False
2002-11-18,361,361,0,343,0.0,False
2002-11-19,361,361,0,343,0.0,False
2002-11-20,361,361,0,343,0.0,False
2002-11-21,361,361,0,343,0.0,False
2002-11-22,361,361,0,343,0.0,False
2002-11-25,361,361,0,343,0.0,False
2002-11-26,361,361,0,343,0.0,False
2002-11-27,361,361,0,343,0.0,False
2002-11-29,361,361,0,343,0.0,False
2002-12-02,361,361,0,344,0.0,False
2002-12-03,361,361,0,345,0.0,False
2002-12-04,361,361,0,345,0.0,False
2002-12-05,361,361,0,345,0.0,False
2002-12-06,361,361,0,345,0.0,False
2002-12-09,361,361,0,345,0.0,False
2002-12-10,361,361,0,345,0.0,False
2002-12-11,361,361,0,345,0.0,False
2002-12-12,361,362,0,345,0.0,False
2002-12-13,362,362,0,345,0.0,False
2002-12-16,362,362,0,345,0.0,False
2002-12-17,362,362,0,346,0.0,False
2002-12-18,362,362,0,346,0.0,False
2002-12-19,362,362,0,346,0.0,False
2002-12-20,362,362,0,346,0.0,False
2002-12-23,362,362,0,346,0.0,False
2002-12-24,362,362,0,346,0.0,False
2002-12-26,362,362,0,346,0.0,False
2002-12-27,362,362,0,346,0.0,False
2002-12-30,362,362,0,346,0.0,False
2002-12-31,362,362,0,346,0.0,False
2003-01-02,362,362,0,347,0.0,False
2003-01-03,362,362,0,347,0.0,False
2003-01-06,362,362,0,347,0.0,False
2003-01-07,362,362,0,347,0.0,False
2003-01-08,362,362,0,347,0.0,False
2003-01-09,362,362,0,347,0.0,False
2003-01-10,362,362,0,347,0.0,False
2003-01-13,362,362,0,347,0.0,False
2003-01-14,362,362,0,347,0.0,False
2003-01-15,362,362,0,347,0.0,False
2003-01-16,362,362,0,347,0.0,False
2003-01-17,362,362,0,347,0.0,False
2003-01-21,362,362,0,347,0.0,False
2003-01-22,362,362,0,347,0.0,False
2003-01-23,362,362,0,347,0.0,False
2003-01-24,362,362,0,347,0.0,False
2003-01-27,362,362,0,347,0.0,False
2003-01-28,362,362,0,347,0.0,False
2003-01-29,362,362,0,347,0.0,False
2003-01-30,362,362,0,347,0.0,False
2003-01-31,362,362,0,347,0.0,False
2003-02-03,362,362,0,348,0.0,False
2003-02-04,362,362,0,348,0.0,False
2003-02-05,362,362,0,348,0.0,False
2003-02-06,362,362,0,348,0.0,False
2003-02-07,362,362,0,348,0.0,False
2003-02-10,362,362,0,348,0.0,False
2003-02-11,362,362,0,348,0.0,False
2003-02-12,362,362,0,348,0.0,False
2003-02-13,362,362,0,348,0.0,False
2003-02-14,362,362,0,348,0.0,False
2003-02-18,362,362,0,348,0.0,False
2003-02-19,362,361,1,347,0.0027624309392265192,False
2003-02-20,361,361,0,347,0.0,False
2003-02-21,361,361,0,347,0.0,False
2003-02-24,361,362,0,347,0.0,False
2003-02-25,362,362,0,347,0.0,False
2003-02-26,362,362,0,347,0.0,False
2003-02-27,362,362,0,347,0.0,False
2003-02-28,362,362,0,347,0.0,False
2003-03-03,362,362,0,347,0.0,False
2003-03-04,362,362,0,347,0.0,False
2003-03-05,362,362,0,347,0.0,False
2003-03-06,362,362,0,347,0.0,False
2003-03-07,362,362,0,347,0.0,False
2003-03-10,362,362,0,347,0.0,False
2003-03-11,362,362,0,347,0.0,False
2003-03-12,362,362,0,347,0.0,False
2003-03-13,362,362,0,347,0.0,False
2003-03-14,362,363,0,347,0.0,False
2003-03-17,363,363,0,347,0.0,False
2003-03-18,363,363,0,347,0.0,False
2003-03-19,363,363,0,347,0.0,False
2003-03-20,363,363,0,347,0.0,False
2003-03-21,363,363,1,346,0.0027548209366391185,False
2003-03-24,363,363,0,346,0.0,False
2003-03-25,363,363,0,346,0.0,False
2003-03-26,363,363,0,346,0.0,False
2003-03-27,363,363,0,346,0.0,False
2003-03-28,363,363,0,346,0.0,False
2003-03-31,363,363,0,346,0.0,False
2003-04-01,363,363,0,346,0.0,False
2003-04-02,363,363,0,346,0.0,False
2003-04-03,363,363,0,346,0.0,False
2003-04-04,363,363,0,346,0.0,False
2003-04-07,363,363,0,346,0.0,False
2003-04-08,363,362,1,345,0.0027548209366391185,False
2003-04-09,362,362,0,345,0.0,False
2003-04-10,362,362,0,345,0.0,False
2003-04-11,362,362,0,345,0.0,False
2003-04-14,362,362,0,345,0.0,False
2003-04-15,362,362,0,345,0.0,False
2003-04-16,362,363,0,345,0.0,False
2003-04-17,363,363,0,345,0.0,False
2003-04-21,363,363,0,345,0.0,False
2003-04-22,363,363,0,345,0.0,False
2003-04-23,363,363,0,345,0.0,False
2003-04-24,363,363,0,345,0.0,False
2003-04-25,363,363,0,345,0.0,False
2003-04-28,363,363,0,345,0.0,False
2003-04-29,363,363,0,345,0.0,False
2003-04-30,363,363,0,345,0.0,False
2003-05-01,363,363,0,345,0.0,False
2003-05-02,363,363,0,345,0.0,False
2003-05-05,363,363,0,345,0.0,False
2003-05-06,363,363,0,346,0.0,False
2003-05-07,363,363,0,346,0.0,False
2003-05-08,363,363,0,346,0.0,False
2003-05-09,363,363,0,346,0.0,False
2003-05-12,363,363,0,346,0.0,False
2003-05-13,363,363,0,347,0.0,False
2003-05-14,363,363,0,347,0.0,False
2003-05-15,363,363,0,349,0.0,False
2003-05-16,363,363,0,349,0.0,False
2003-05-19,363,363,0,349,0.0,False
2003-05-20,363,363,0,349,0.0,False
2003-05-21,363,363,0,349,0.0,False
2003-05-22,363,363,0,349,0.0,False
2003-05-23,363,363,0,349,0.0,False
2003-05-27,363,363,0,349,0.0,False
2003-05-28,363,363,0,349,0.0,False
2003-05-29,363,363,0,349,0.0,False
2003-05-30,363,363,0,349,0.0,False
2003-06-02,363,363,0,349,0.0,False
2003-06-03,363,363,0,349,0.0,False
2003-06-04,363,363,0,349,0.0,False
2003-06-05,363,363,0,349,0.0,False
2003-06-06,363,363,0,349,0.0,False
2003-06-09,363,363,0,349,0.0,False
2003-06-10,363,363,0,349,0.0,False
2003-06-11,363,363,0,349,0.0,False
2003-06-12,363,363,0,349,0.0,False
2003-06-13,363,363,0,349,0.0,False
2003-06-16,363,363,0,349,0.0,False
2003-06-17,363,363,0,349,0.0,False
2003-06-18,363,363,0,349,0.0,False
2003-06-19,363,363,0,349,0.0,False
2003-06-20,363,363,0,349,0.0,False
2003-06-23,363,363,0,349,0.0,False
2003-06-24,363,363,0,349,0.0,False
2003-06-25,363,363,0,349,0.0,False
2003-06-26,363,363,0,350,0.0,False
2003-06-27,363,363,0,350,0.0,False
2003-06-30,363,363,0,350,0.0,False
2003-07-01,363,363,0,350,0.0,False
2003-07-02,363,363,0,350,0.0,False
2003-07-03,363,363,0,350,0.0,False
2003-07-07,363,363,0,350,0.0,False
2003-07-08,363,363,0,350,0.0,False
2003-07-09,363,363,0,350,0.0,False
2003-07-10,363,363,0,350,0.0,False
2003-07-11,363,363,0,350,0.0,False
2003-07-14,363,363,0,350,0.0,False
2003-07-15,363,363,0,350,0.0,False
2003-07-16,363,363,0,350,0.0,False
2003-07-17,363,364,0,351,0.0,False
2003-07-18,364,364,0,351,0.0,False
2003-07-21,364,364,0,351,0.0,False
2003-07-22,364,364,0,357,0.0,False
2003-07-23,364,364,0,357,0.0,False
2003-07-24,364,364,0,357,0.0,False
2003-07-25,364,364,0,358,0.0,False
2003-07-28,364,364,0,358,0.0,False
2003-07-29,364,364,0,358,0.0,False
2003-07-30,364,364,0,358,0.0,False
2003-07-31,364,364,0,358,0.0,False
2003-08-01,364,364,0,358,0.0,False
2003-08-04,364,364,0,358,0.0,False
2003-08-05,364,364,0,358,0.0,False
2003-08-06,364,364,0,358,0.0,False
2003-08-07,364,364,0,358,0.0,False
2003-08-08,364,364,0,358,0.0,False
2003-08-11,364,364,0,358,0.0,False
2003-08-12,364,364,0,358,0.0,False
2003-08-13,364,364,0,358,0.0,False
2003-08-14,364,364,0,358,0.0,False
2003-08-15,364,364,0,358,0.0,False
2003-08-18,364,364,0,358,0.0,False
2003-08-19,364,364,0,358,0.0,False
2003-08-20,364,365,0,358,0.0,False
2003-08-21,365,365,0,358,0.0,False
2003-08-22,365,365,0,358,0.0,False
2003-08-25,365,365,0,358,0.0,False
2003-08-26,365,365,0,358,0.0,False
2003-08-27,365,365,0,358,0.0,False
2003-08-28,365,365,0,358,0.0,False
2003-08-29,365,365,0,358,0.0,False
2003-09-02,365,365,0,358,0.0,False
2003-09-03,365,365,0,358,0.0,False
2003-09-04,365,365,0,358,0.0,False
2003-09-05,365,365,0,358,0.0,False
2003-09-08,365,365,0,358,0.0,False
2003-09-09,365,365,0,358,0.0,False
2003-09-10,365,365,0,358,0.0,False
2003-09-11,365,365,0,358,0.0,False
2003-09-12,365,365,0,358,0.0,False
2003-09-15,365,365,0,358,0.0,False
2003-09-16,365,365,0,358,0.0,False
2003-09-17,365,364,1,357,0.0027397260273972603,False
2003-09-18,364,364,0,357,0.0,False
2003-09-19,364,364,0,357,0.0,False
2003-09-22,364,364,0,357,0.0,False
2003-09-23,364,364,0,357,0.0,False
2003-09-24,364,364,0,357,0.0,False
2003-09-25,364,364,0,357,0.0,False
2003-09-26,364,365,0,357,0.0,False
2003-09-29,365,365,0,357,0.0,False
2003-09-30,365,365,0,357,0.0,False
2003-10-01,365,365,0,357,0.0,False
2003-10-02,365,365,0,357,0.0,False
2003-10-03,365,365,0,357,0.0,False
2003-10-06,365,365,0,357,0.0,False
2003-10-07,365,365,0,357,0.0,False
2003-10-08,365,365,0,357,0.0,False
2003-10-09,365,365,0,357,0.0,False
2003-10-10,365,365,0,357,0.0,False
2003-10-13,365,365,0,357,0.0,False
2003-10-14,365,365,0,357,0.0,False
2003-10-15,365,365,0,357,0.0,False
2003-10-16,365,365,0,357,0.0,False
2003-10-17,365,365,0,357,0.0,False
2003-10-20,365,365,0,357,0.0,False
2003-10-21,365,365,0,357,0.0,False
2003-10-22,365,365,0,357,0.0,False
2003-10-23,365,365,0,357,0.0,False
2003-10-24,365,365,0,357,0.0,False
2003-10-27,365,365,0,357,0.0,False
2003-10-28,365,365,0,357,0.0,False
2003-10-29,365,365,0,357,0.0,False
2003-10-30,365,365,0,357,0.0,False
2003-10-31,365,365,0,357,0.0,False
2003-11-03,365,365,0,357,0.0,False
2003-11-04,365,365,0,357,0.0,False
2003-11-05,365,365,0,357,0.0,False
2003-11-06,365,365,0,357,0.0,False
2003-11-07,365,365,0,357,0.0,False
2003-11-10,365,365,0,357,0.0,False
2003-11-11,365,365,0,357,0.0,False
2003-11-12,365,365,0,357,0.0,False
2003-11-13,365,365,1,356,0.0027397260273972603,False
2003-11-14,365,365,0,356,0.0,False
2003-11-17,365,365,0,356,0.0,False
2003-11-18,365,365,0,356,0.0,False
2003-11-19,365,365,0,356,0.0,False
2003-11-20,365,365,0,356,0.0,False
2003-11-21,365,365,0,356,0.0,False
2003-11-24,365,365,0,356,0.0,False
2003-11-25,365,365,0,356,0.0,False
2003-11-26,365,365,0,356,0.0,False
2003-11-28,365,365,0,356,0.0,False
2003-12-01,365,365,0,356,0.0,False
2003-12-02,365,365,0,356,0.0,False
2003-12-03,365,365,0,356,0.0,False
2003-12-04,365,365,0,356,0.0,False
2003-12-05,365,365,0,356,0.0,False
2003-12-08,365,365,0,356,0.0,False
2003-12-09,365,365,0,356,0.0,False
2003-12-10,365,365,0,356,0.0,False
2003-12-11,365,365,0,356,0.0,False
2003-12-12,365,365,0,357,0.0,False
2003-12-15,365,365,0,357,0.0,False
2003-12-16,365,365,0,357,0.0,False
2003-12-17,365,365,0,357,0.0,False
2003-12-18,365,365,0,357,0.0,False
2003-12-19,365,365,0,357,0.0,False
2003-12-22,365,365,0,357,0.0,False
2003-12-23,365,365,0,357,0.0,False
2003-12-24,365,365,0,357,0.0,False
2004-01-08,371,371,0,357,0.0,False
2004-01-09,371,371,0,357,0.0,False
2004-01-12,371,371,0,357,0.0,False
2004-01-13,371,371,0,357,0.0,False
2004-01-14,371,371,0,357,0.0,False
2004-01-15,371,371,0,357,0.0,False
2004-01-16,371,371,0,357,0.0,False
2004-01-20,371,371,0,357,0.0,False
2004-01-21,371,371,0,357,0.0,False
2004-01-22,371,371,0,357,0.0,False
2004-01-23,371,371,0,357,0.0,False
2004-01-26,371,371,0,357,0.0,False
2004-01-27,371,371,0,357,0.0,False
2004-01-28,371,371,0,357,0.0,False
2004-01-29,371,371,0,357,0.0,False
2004-01-30,371,371,0,357,0.0,False
2004-02-02,371,371,0,357,0.0,False
2004-02-03,371,371,0,357,0.0,False
2004-02-04,371,371,0,357,0.0,False
2004-02-05,371,371,0,357,0.0,False
2004-02-06,371,371,0,357,0.0,False
2004-02-09,371,371,0,357,0.0,False
2004-02-10,371,371,0,357,0.0,False
2004-02-11,371,371,0,357,0.0,False
2004-02-12,371,371,0,357,0.0,False
2004-02-13,371,371,0,357,0.0,False
2004-02-17,371,371,0,357,0.0,False
2004-02-18,371,371,0,357,0.0,False
2004-02-19,371,371,0,357,0.0,False
2004-02-20,371,371,0,357,0.0,False
2004-02-23,371,371,0,357,0.0,False
2004-02-24,371,371,0,357,0.0,False
2004-02-25,371,371,0,357,0.0,False
2004-02-26,371,371,0,357,0.0,False
2004-02-27,371,372,0,357,0.0,False
2004-03-01,372,372,0,357,0.0,False
2004-03-02,372,372,0,357,0.0,False
2004-03-03,372,372,0,357,0.0,False
2004-03-04,372,372,0,357,0.0,False
2004-03-05,372,372,0,358,0.0,False
2004-03-08,372,372,0,358,0.0,False
2004-03-09,372,372,0,358,0.0,False
2004-03-10,372,372,0,358,0.0,False
2004-03-11,372,372,0,358,0.0,False
2004-03-12,372,372,0,358,0.0,False
2004-03-15,372,372,0,358,0.0,False
2004-03-16,372,372,0,358,0.0,False
2004-03-17,372,372,0,358,0.0,False
2004-03-18,372,371,1,357,0.002688172043010753,False
2004-03-19,371,371,0,357,0.0,False
2004-03-22,371,371,0,357,0.0,False
2004-03-23,371,371,0,357,0.0,False
2004-03-24,371,371,0,357,0.0,False
2004-03-25,371,372,0,358,0.0,False
2004-03-26,372,372,0,358,0.0,False
2004-03-29,372,372,0,358,0.0,False
2004-03-30,372,372,0,358,0.0,False
2004-03-31,372,372,0,358,0.0,False
2004-04-01,372,373,0,359,0.0,False
2004-04-02,373,373,0,359,0.0,False
2004-04-05,373,373,0,359,0.0,False
2004-04-06,373,373,0,359,0.0,False
2004-04-07,373,373,0,359,0.0,False
2004-04-08,373,373,0,359,0.0,False
2004-04-12,373,373,0,359,0.0,False
2004-04-13,373,373,0,359,0.0,False
2004-04-14,373,373,0,359,0.0,False
2004-04-15,373,373,0,359,0.0,False
2004-04-16,373,373,0,359,0.0,False
2004-04-19,373,373,0,359,0.0,False
2004-04-20,373,373,0,359,0.0,False
2004-04-21,373,373,0,359,0.0,False
2004-04-22,373,373,0,359,0.0,False
2004-04-23,373,374,0,359,0.0,False
2004-04-26,374,374,0,359,0.0,False
2004-04-27,374,374,0,359,0.0,False
2004-04-28,374,374,0,360,0.0,False
2004-04-29,374,374,1,359,0.00267379679144385,False
2004-04-30,374,374,0,359,0.0,False
2004-05-03,374,375,0,359,0.0,False
2004-05-04,375,375,0,359,0.0,False
2004-05-05,375,375,0,359,0.0,False
2004-05-06,375,375,0,359,0.0,False
2004-05-07,375,375,0,359,0.0,False
2004-05-10,375,375,0,359,0.0,False
2004-05-11,375,375,0,359,0.0,False
2004-05-12,375,375,0,359,0.0,False
2004-05-13,375,375,0,359,0.0,False
2004-05-14,375,375,0,359,0.0,False
2004-05-17,375,375,0,359,0.0,False
2004-05-18,375,375,0,359,0.0,False
2004-05-19,375,375,0,359,0.0,False
2004-05-20,375,375,0,359,0.0,False
2004-05-21,375,375,0,359,0.0,False
2004-05-24,375,375,0,359,0.0,False
2004-05-25,375,375,0,359,0.0,False
2004-05-26,375,375,0,359,0.0,False
2004-05-27,375,375,0,359,0.0,False
2004-05-28,375,375,0,359,0.0,False
2004-06-01,375,375,0,359,0.0,False
2004-06-02,375,375,0,359,0.0,False
2004-06-03,375,375,0,359,0.0,False
2004-06-04,375,375,0,359,0.0,False
2004-06-07,375,375,0,359,0.0,False
2004-06-08,375,375,0,359,0.0,False
2004-06-09,375,375,0,359,0.0,False
2004-06-10,375,375,0,359,0.0,False
2004-06-14,375,375,0,359,0.0,False
2004-06-15,375,375,0,359,0.0,False
2004-06-16,375,375,0,359,0.0,False
2004-06-17,375,375,0,359,0.0,False
2004-06-18,375,375,0,359,0.0,False
2004-06-21,375,375,0,359,0.0,False
2004-06-22,375,375,0,359,0.0,False
2004-06-23,375,375,0,359,0.0,False
2004-06-24,375,375,0,359,0.0,False
2004-06-25,375,375,0,359,0.0,False
2004-06-28,375,375,0,359,0.0,False
2004-06-29,375,374,1,359,0.0026666666666666666,False
2004-06-30,374,374,0,359,0.0,False
2004-07-01,374,375,0,359,0.0,False
2004-07-02,375,375,0,359,0.0,False
2004-07-06,375,375,0,359,0.0,False
2004-07-07,375,375,0,359,0.0,False
2004-07-08,375,375,0,359,0.0,False
2004-07-09,375,375,0,359,0.0,False
2004-07-12,375,375,0,359,0.0,False
2004-07-13,375,375,0,359,0.0,False
2004-07-14,375,375,0,359,0.0,False
2004-07-15,375,375,0,359,0.0,False
2004-07-16,375,375,0,359,0.0,False
2004-07-19,375,375,0,359,0.0,False
2004-07-20,375,375,0,359,0.0,False
2004-07-21,375,375,0,359,0.0,False
2004-07-22,375,375,0,359,0.0,False
2004-07-23,375,375,0,359,0.0,False
2004-07-26,375,375,0,359,0.0,False
2004-07-27,375,375,0,359,0.0,False
2004-07-28,375,375,0,359,0.0,False
2004-07-29,375,375,0,360,0.0,False
2004-07-30,375,374,1,359,0.0026666666666666666,False
2004-08-02,374,374,0,359,0.0,False
2004-08-03,374,375,0,359,0.0,False
2004-08-04,375,375,0,359,0.0,False
2004-08-05,375,375,0,359,0.0,False
2004-08-06,375,375,0,359,0.0,False
2004-08-09,375,375,0,359,0.0,False
2004-08-10,375,375,0,359,0.0,False
2004-08-11,375,375,0,359,0.0,False
2004-08-12,375,375,0,359,0.0,False
2004-08-13,375,375,0,359,0.0,False
2004-08-16,375,375,0,359,0.0,False
2004-08-17,375,375,0,359,0.0,False
2004-08-18,375,375,0,359,0.0,False
2004-08-19,375,375,0,359,0.0,False
2004-08-20,375,375,0,359,0.0,False
2004-08-23,375,375,0,359,0.0,False
2004-08-24,375,375,0,359,0.0,False
2004-08-25,375,375,0,359,0.0,False
2004-08-26,375,375,0,359,0.0,False
2004-08-27,375,375,0,359,0.0,False
2004-08-30,375,375,0,359,0.0,False
2004-08-31,375,375,0,359,0.0,False
2004-09-01,375,376,0,360,0.0,False
2004-09-02,376,376,0,360,0.0,False
2004-09-03,376,376,0,360,0.0,False
2004-09-07,376,376,0,360,0.0,False
2004-09-08,376,376,0,360,0.0,False
2004-09-09,376,376,0,360,0.0,False
2004-09-10,376,376,0,360,0.0,False
2004-09-13,376,376,0,360,0.0,False
2004-09-14,376,376,0,360,0.0,False
2004-09-15,376,376,0,360,0.0,False
2004-09-16,376,376,0,360,0.0,False
2004-09-17,376,376,0,360,0.0,False
2004-09-20,376,376,0,360,0.0,False
2004-09-21,376,376,0,360,0.0,False
2004-09-22,376,376,0,360,0.0,False
2004-09-23,376,376,0,360,0.0,False
2004-09-24,376,376,0,360,0.0,False
2004-09-27,376,376,0,360,0.0,False
2004-09-28,376,376,0,360,0.0,False
2004-09-29,376,376,0,360,0.0,False
2004-09-30,376,376,0,360,0.0,False
2004-10-01,376,376,0,360,0.0,False
2004-10-04,376,376,0,360,0.0,False
2004-10-05,376,376,0,360,0.0,False
2004-10-06,376,376,0,360,0.0,False
2004-10-07,376,376,0,360,0.0,False
2004-10-08,376,376,0,361,0.0,False
2004-10-11,376,376,0,361,0.0,False
2004-10-12,376,376,0,361,0.0,False
2004-10-13,376,376,0,361,0.0,False
2004-10-14,376,376,0,361,0.0,False
2004-10-15,376,376,0,361,0.0,False
2004-10-18,376,376,0,361,0.0,False
2004-10-19,376,376,0,361,0.0,False
2004-10-20,376,376,0,361,0.0,False
2004-10-21,376,376,0,361,0.0,False
2004-10-22,376,376,0,361,0.0,False
2004-10-25,376,376,0,361,0.0,False
2004-10-26,376,376,0,361,0.0,False
2004-10-27,376,376,1,360,0.0026595744680851063,False
2004-10-28,376,376,0,360,0.0,False
2004-10-29,376,375,1,359,0.0026595744680851063,False
2004-11-01,375,376,0,359,0.0,False
2004-11-02,376,376,0,359,0.0,False
2004-11-03,376,376,0,359,0.0,False
2004-11-04,376,376,0,359,0.0,False
2004-11-05,376,376,0,359,0.0,False
2004-11-08,376,376,0,359,0.0,False
2004-11-09,376,376,0,359,0.0,False
2004-11-10,376,376,0,359,0.0,False
2004-11-11,376,376,0,359,0.0,False
2004-11-12,376,376,0,359,0.0,False
2004-11-15,376,376,0,359,0.0,False
2004-11-16,376,376,0,359,0.0,False
2004-11-17,376,376,0,359,0.0,False
2004-11-18,376,376,0,359,0.0,False
2004-11-19,376,376,0,359,0.0,False
2004-11-22,376,376,0,359,0.0,False
2004-11-23,376,376,0,359,0.0,False
2004-11-24,376,376,0,359,0.0,False
2004-11-26,376,376,0,360,0.0,False
2004-11-29,376,376,0,360,0.0,False
2004-11-30,376,376,0,360,0.0,False
2004-12-01,376,376,0,360,0.0,False
2004-12-02,376,376,0,360,0.0,False
2004-12-03,376,375,1,359,0.0026595744680851063,False
2004-12-06,375,375,0,359,0.0,False
2004-12-07,375,375,0,359,0.0,False
2004-12-08,375,375,0,359,0.0,False
2004-12-09,375,375,0,359,0.0,False
2004-12-10,375,375,0,359,0.0,False
2004-12-13,375,375,0,359,0.0,False
2004-12-14,375,375,0,359,0.0,False
2004-12-15,375,375,0,359,0.0,False
2004-12-16,375,375,0,359,0.0,False
2004-12-17,375,373,2,357,0.005333333333333333,False
2004-12-20,373,375,0,357,0.0,False
2004-12-21,375,375,0,357,0.0,False
2004-12-22,375,375,0,357,0.0,False
2004-12-23,375,375,0,357,0.0,False
2004-12-27,375,375,0,357,0.0,False
2004-12-28,375,375,0,357,0.0,False
2004-12-29,375,376,0,357,0.0,False
2004-12-30,376,376,0,357,0.0,False
2004-12-31,376,376,0,357,0.0,False
2005-01-03,376,376,0,357,0.0,False
2005-01-04,376,376,0,357,0.0,False
2005-01-05,376,376,0,357,0.0,False
2005-01-06,376,377,0,362,0.0,False
2005-01-07,377,377,0,362,0.0,True
2005-01-10,377,377,0,362,0.0,True
2005-01-11,377,377,0,362,0.0,True
2005-01-12,377,377,0,362,0.0,True
2005-01-13,377,377,0,362,0.0,True
2005-01-14,377,377,0,362,0.0,True
2005-01-18,377,377,0,362,0.0,True
2005-01-19,377,377,0,362,0.0,True
2005-01-20,377,377,0,362,0.0,True
2005-01-21,377,377,0,362,0.0,True
2005-01-24,377,377,0,362,0.0,True
2005-01-25,377,377,0,362,0.0,True
2005-01-26,377,377,0,362,0.0,True
2005-01-27,377,377,0,362,0.0,True
2005-01-28,377,377,0,362,0.0,True
2005-01-31,377,377,0,362,0.0,True
2005-02-01,377,377,0,362,0.0,True
2005-02-02,377,377,0,362,0.0,True
2005-02-03,377,377,0,362,0.0,True
2005-02-04,377,377,0,362,0.0,True
2005-02-07,377,377,0,362,0.0,True
2005-02-08,377,377,0,362,0.0,True
2005-02-09,377,377,0,362,0.0,True
2005-02-10,377,377,0,362,0.0,True
2005-02-11,377,377,0,362,0.0,True
2005-02-14,377,377,0,362,0.0,True
2005-02-15,377,377,0,362,0.0,True
2005-02-16,377,377,0,362,0.0,True
2005-02-17,377,377,0,362,0.0,True
2005-02-18,377,377,0,362,0.0,True
2005-02-22,377,377,0,362,0.0,True
2005-02-23,377,377,0,362,0.0,True
2005-02-24,377,377,0,362,0.0,True
2005-02-25,377,377,0,362,0.0,True
2005-02-28,377,377,0,363,0.0,True
2005-03-01,377,377,0,363,0.0,True
2005-03-02,377,377,0,363,0.0,True
2005-03-03,377,377,0,363,0.0,True
2005-03-04,377,377,0,363,0.0,True
2005-03-07,377,377,0,363,0.0,True
2005-03-08,377,377,0,363,0.0,True
2005-03-09,377,377,0,363,0.0,True
2005-03-10,377,377,0,363,0.0,True
2005-03-11,377,377,0,363,0.0,True
2005-03-14,377,378,0,363,0.0,True
2005-03-15,378,378,0,363,0.0,True
2005-03-16,378,378,0,363,0.0,True
2005-03-17,378,378,0,363,0.0,True
2005-03-18,378,378,0,363,0.0,True
2005-03-21,378,378,0,363,0.0,True
2005-03-22,378,378,0,363,0.0,True
2005-03-23,378,378,0,363,0.0,True
2005-03-24,378,378,0,363,0.0,True
2005-03-28,378,378,0,364,0.0,True
2005-03-29,378,378,0,364,0.0,True
2005-03-30,378,378,0,364,0.0,True
2005-03-31,378,378,0,364,0.0,True
2005-04-01,378,378,0,364,0.0,True
2005-04-04,378,378,0,365,0.0,True
2005-04-05,378,378,0,365,0.0,True
2005-04-06,378,378,0,365,0.0,True
2005-04-07,378,378,0,365,0.0,True
2005-04-08,378,378,0,365,0.0,True
2005-04-11,378,378,0,365,0.0,True
2005-04-12,378,378,0,365,0.0,True
2005-04-13,378,378,0,365,0.0,True
2005-04-14,378,378,0,365,0.0,True
2005-04-15,378,378,0,365,0.0,True
2005-04-18,378,378,0,365,0.0,True
2005-04-19,378,378,0,365,0.0,True
2005-04-20,378,378,0,365,0.0,True
2005-04-21,378,378,0,365,0.0,True
2005-04-22,378,378,0,365,0.0,True
2005-04-25,378,378,0,366,0.0,True
2005-04-26,378,378,0,366,0.0,True
2005-04-27,378,378,0,366,0.0,True
2005-04-28,378,378,0,366,0.0,True
2005-04-29,378,378,0,367,0.0,True
2005-05-02,378,378,0,367,0.0,True
2005-05-03,378,378,0,368,0.0,True
2005-05-04,378,378,0,368,0.0,True
2005-05-05,378,378,0,368,0.0,True
2005-05-06,378,378,0,368,0.0,True
2005-05-09,378,378,0,368,0.0,True
2005-05-10,378,378,0,368,0.0,True
2005-05-11,378,378,0,368,0.0,True
2005-05-12,378,378,0,368,0.0,True
2005-05-13,378,378,0,368,0.0,True
2005-05-16,378,378,0,368,0.0,True
2005-05-17,378,378,0,368,0.0,True
2005-05-18,378,378,0,368,0.0,True
2005-05-19,378,378,0,368,0.0,True
2005-05-20,378,378,0,368,0.0,True
2005-05-23,378,378,0,368,0.0,True
2005-05-24,378,378,0,368,0.0,True
2005-05-25,378,378,0,368,0.0,True
2005-05-26,378,378,0,368,0.0,True
2005-05-27,378,378,0,368,0.0,True
2005-05-31,378,378,0,368,0.0,True
2005-06-01,378,378,0,368,0.0,True
2005-06-02,378,378,0,368,0.0,True
2005-06-03,378,378,0,368,0.0,True
2005-06-06,378,378,0,368,0.0,True
2005-06-07,378,378,0,368,0.0,True
2005-06-08,378,378,0,368,0.0,True
2005-06-09,378,378,0,368,0.0,True
2005-06-10,378,378,0,368,0.0,True
2005-06-13,378,378,0,368,0.0,True
2005-06-14,378,378,0,368,0.0,True
2005-06-15,378,378,0,368,0.0,True
2005-06-16,378,378,0,368,0.0,True
2005-06-17,378,378,0,368,0.0,True
2005-06-20,378,378,0,368,0.0,True
2005-06-21,378,378,0,368,0.0,True
2005-06-22,378,378,0,368,0.0,True
2005-06-23,378,378,0,368,0.0,True
2005-06-24,378,378,0,368,0.0,True
2005-06-27,378,378,0,368,0.0,True
2005-06-28,378,378,0,368,0.0,True
2005-06-29,378,378,0,368,0.0,True
2005-06-30,378,378,0,369,0.0,True
2005-07-01,378,377,1,369,0.0026455026455026454,True
2005-07-05,377,379,0,369,0.0,True
2005-07-06,379,379,0,369,0.0,True
2005-07-07,379,379,0,369,0.0,True
2005-07-08,379,379,0,369,0.0,True
2005-07-11,379,379,0,369,0.0,True
2005-07-12,379,379,0,369,0.0,True
2005-07-13,379,379,0,369,0.0,True
2005-07-14,379,379,0,369,0.0,True
2005-07-15,379,379,0,369,0.0,True
2005-07-18,379,379,0,369,0.0,True
2005-07-19,379,379,0,369,0.0,True
2005-07-20,379,379,0,369,0.0,True
2005-07-21,379,379,0,369,0.0,True
2005-07-22,379,379,1,368,0.002638522427440633,True
2005-07-25,379,379,0,368,0.0,True
2005-07-26,379,379,0,368,0.0,True
2005-07-27,379,379,0,368,0.0,True
2005-07-28,379,379,0,368,0.0,True
2005-07-29,379,379,0,368,0.0,True
2005-08-01,379,379,0,368,0.0,True
2005-08-02,379,379,0,369,0.0,True
2005-08-03,379,379,0,369,0.0,True
2005-08-04,379,379,0,369,0.0,True
2005-08-05,379,379,0,369,0.0,True
2005-08-08,379,379,0,369,0.0,True
2005-08-09,379,379,0,369,0.0,True
2005-08-10,379,379,0,369,0.0,True
2005-08-11,379,380,0,369,0.0,True
2005-08-12,380,381,0,369,0.0,True
2005-08-15,381,381,1,368,0.0026246719160104987,True
2005-08-16,381,381,0,368,0.0,True
2005-08-17,381,381,0,368,0.0,True
2005-08-18,381,381,0,368,0.0,True
2005-08-19,381,381,1,367,0.0026246719160104987,True
2005-08-22,381,381,0,367,0.0,True
2005-08-23,381,380,1,366,0.0026246719160104987,True
2005-08-24,380,380,0,366,0.0,True
2005-08-25,380,380,0,366,0.0,True
2005-08-26,380,380,0,366,0.0,True
2005-08-29,380,380,0,366,0.0,True
2005-08-30,380,381,0,366,0.0,True
2005-08-31,381,381,0,367,0.0,True
2005-09-01,381,381,0,367,0.0,True
2005-09-02,381,381,0,367,0.0,True
2005-09-06,381,381,0,367,0.0,True
2005-09-07,381,381,0,367,0.0,True
2005-09-08,381,381,0,367,0.0,True
2005-09-09,381,381,0,367,0.0,True
2005-09-12,381,381,0,367,0.0,True
2005-09-13,381,381,0,367,0.0,True
2005-09-14,381,381,0,367,0.0,True
2005-09-15,381,381,0,367,0.0,True
2005-09-16,381,381,0,367,0.0,True
2005-09-19,381,381,0,367,0.0,True
2005-09-20,381,381,0,367,0.0,True
2005-09-21,381,381,0,367,0.0,True
2005-09-22,381,381,0,367,0.0,True
2005-09-23,381,381,0,367,0.0,True
2005-09-26,381,381,0,367,0.0,True
2005-09-27,381,381,0,367,0.0,True
2005-09-28,381,381,0,367,0.0,True
2005-09-29,381,380,1,366,0.0026246719160104987,True
2005-09-30,380,380,0,366,0.0,True
2005-10-03,380,381,0,366,0.0,True
2005-10-04,381,382,0,366,0.0,True
2005-10-05,382,382,0,366,0.0,True
2005-10-06,382,382,0,366,0.0,True
2005-10-07,382,382,0,366,0.0,True
2005-10-10,382,382,0,366,0.0,True
2005-10-11,382,382,1,365,0.002617801047120419,True
2005-10-12,382,382,0,365,0.0,True
2005-10-13,382,382,0,365,0.0,True
2005-10-14,382,382,0,365,0.0,True
2005-10-17,382,382,0,365,0.0,True
2005-10-18,382,382,0,365,0.0,True
2005-10-19,382,382,0,365,0.0,True
2005-10-20,382,382,0,365,0.0,True
2005-10-21,382,382,0,365,0.0,True
2005-10-24,382,382,0,365,0.0,True
2005-10-25,382,382,0,365,0.0,True
2005-10-26,382,382,0,366,0.0,True
2005-10-27,382,382,0,366,0.0,True
2005-10-28,382,382,0,366,0.0,True
2005-10-31,382,382,0,367,0.0,True
2005-11-01,382,382,0,367,0.0,True
2005-11-02,382,382,0,367,0.0,True
2005-11-03,382,382,0,367,0.0,True
2005-11-04,382,382,0,367,0.0,True
2005-11-07,382,382,0,367,0.0,True
2005-11-08,382,382,0,367,0.0,True
2005-11-09,382,382,0,367,0.0,True
2005-11-10,382,382,0,367,0.0,True
2005-11-11,382,382,0,367,0.0,True
2005-11-14,382,382,0,367,0.0,True
2005-11-15,382,382,0,367,0.0,True
2005-11-16,382,382,0,367,0.0,True
2005-11-17,382,382,0,367,0.0,True
2005-11-18,382,382,0,367,0.0,True
2005-11-21,382,383,0,367,0.0,True
2005-11-22,383,383,0,367,0.0,True
2005-11-23,383,383,0,367,0.0,True
2005-11-25,383,383,0,367,0.0,True
2005-11-28,383,383,0,367,0.0,True
2005-11-29,383,382,1,366,0.0026109660574412533,True
2005-11-30,382,382,0,366,0.0,True
2005-12-01,382,382,0,366,0.0,True
2005-12-02,382,383,0,366,0.0,True
2005-12-05,383,383,0,366,0.0,True
2005-12-06,383,383,0,366,0.0,True
2005-12-07,383,383,0,366,0.0,True
2005-12-08,383,383,0,366,0.0,True
2005-12-09,383,383,0,366,0.0,True
2005-12-12,383,383,0,366,0.0,True
2005-12-13,383,383,0,366,0.0,True
2005-12-14,383,383,0,366,0.0,True
2005-12-15,383,383,0,366,0.0,True
2005-12-16,383,383,0,366,0.0,True
2005-12-19,383,383,0,368,0.0,True
2005-12-20,383,384,0,368,0.0,True
2005-12-21,384,384,0,368,0.0,True
2005-12-22,384,384,0,368,0.0,True
2005-12-23,384,384,0,368,0.0,True
2005-12-27,384,384,0,368,0.0,True
2005-12-28,384,384,0,369,0.0,True
2005-12-29,384,384,0,369,0.0,True
2005-12-30,384,382,2,367,0.005208333333333333,True
2006-01-03,382,384,0,367,0.0,True
2006-01-04,384,383,1,366,0.0026041666666666665,True
2006-01-05,383,384,0,366,0.0,True
2006-01-06,384,384,0,366,0.0,True
2006-01-09,384,384,0,366,0.0,True
2006-01-10,384,384,0,366,0.0,True
2006-01-11,384,384,0,366,0.0,True
2006-01-12,384,384,0,366,0.0,True
2006-01-13,384,384,0,366,0.0,True
2006-01-17,384,384,0,366,0.0,True
2006-01-18,384,384,0,366,0.0,True
2006-01-19,384,384,0,366,0.0,True
2006-01-20,384,384,0,366,0.0,True
2006-01-23,384,384,0,366,0.0,True
2006-01-24,384,384,0,366,0.0,True
2006-01-25,384,384,0,366,0.0,True
2006-01-26,384,384,0,366,0.0,True
2006-01-27,384,384,0,366,0.0,True
2006-01-30,384,384,0,366,0.0,True
2006-01-31,384,382,2,364,0.005208333333333333,True
2006-02-01,382,384,0,364,0.0,True
2006-02-02,384,384,0,364,0.0,True
2006-02-03,384,384,0,364,0.0,True
2006-02-06,384,384,0,364,0.0,True
2006-02-07,384,384,0,364,0.0,True
2006-02-08,384,384,0,364,0.0,True
2006-02-09,384,384,0,364,0.0,True
2006-02-10,384,384,0,364,0.0,True
2006-02-13,384,384,0,364,0.0,True
2006-02-14,384,384,0,364,0.0,True
2006-02-15,384,384,0,364,0.0,True
2006-02-16,384,384,0,364,0.0,True
2006-02-17,384,384,0,364,0.0,True
2006-02-21,384,383,1,363,0.0026041666666666665,True
2006-02-22,383,383,0,363,0.0,True
2006-02-23,383,383,0,363,0.0,True
2006-02-24,383,383,0,363,0.0,True
2006-02-27,383,384,0,363,0.0,True
2006-02-28,384,384,0,363,0.0,True
2006-03-01,384,384,0,363,0.0,True
2006-03-02,384,384,0,363,0.0,True
2006-03-03,384,383,1,362,0.0026041666666666665,True
2006-03-06,383,383,0,362,0.0,True
2006-03-07,383,383,0,362,0.0,True
2006-03-08,383,383,0,362,0.0,True
2006-03-09,383,383,0,362,0.0,True
2006-03-10,383,383,0,362,0.0,True
2006-03-13,383,383,0,362,0.0,True
2006-03-14,383,383,0,363,0.0,True
2006-03-15,383,383,0,363,0.0,True
2006-03-16,383,383,0,363,0.0,True
2006-03-17,383,383,0,363,0.0,True
2006-03-20,383,383,0,363,0.0,True
2006-03-21,383,383,0,363,0.0,True
2006-03-22,383,383,0,363,0.0,True
2006-03-23,383,383,0,363,0.0,True
2006-03-24,383,383,0,363,0.0,True
2006-03-27,383,383,0,363,0.0,True
2006-03-28,383,383,0,363,0.0,True
2006-03-29,383,383,0,363,0.0,True
2006-03-30,383,383,0,363,0.0,True
2006-03-31,383,382,1,362,0.0026109660574412533,True
2006-04-03,382,385,0,362,0.0,True
2006-04-04,385,385,0,362,0.0,True
2006-04-05,385,385,0,362,0.0,True
2006-04-06,385,385,0,362,0.0,True
2006-04-07,385,385,0,362,0.0,True
2006-04-10,385,385,0,362,0.0,True
2006-04-11,385,385,0,362,0.0,True
2006-04-12,385,385,0,362,0.0,True
2006-04-13,385,385,0,362,0.0,True
2006-04-17,385,385,0,362,0.0,True
2006-04-18,385,385,0,362,0.0,True
2006-04-19,385,385,0,362,0.0,True
2006-04-20,385,385,0,362,0.0,True
2006-04-21,385,385,0,362,0.0,True
2006-04-24,385,386,0,362,0.0,True
2006-04-25,386,386,0,362,0.0,True
2006-04-26,386,386,0,362,0.0,True
2006-04-27,386,386,0,362,0.0,True
2006-04-28,386,386,0,362,0.0,True
2006-05-01,386,386,0,362,0.0,True
2006-05-02,386,386,0,362,0.0,True
2006-05-03,386,386,0,362,0.0,True
2006-05-04,386,386,0,362,0.0,True
2006-05-05,386,386,0,362,0.0,True
2006-05-08,386,386,0,362,0.0,True
2006-05-09,386,386,0,362,0.0,True
2006-05-10,386,386,0,362,0.0,True
2006-05-11,386,385,1,361,0.0025906735751295338,True
2006-05-12,385,385,0,361,0.0,True
2006-05-15,385,385,0,361,0.0,True
2006-05-16,385,385,0,361,0.0,True
2006-05-17,385,385,0,361,0.0,True
2006-05-18,385,385,0,361,0.0,True
2006-05-19,385,385,0,361,0.0,True
2006-05-22,385,385,0,361,0.0,True
2006-05-23,385,385,0,361,0.0,True
2006-05-24,385,385,0,361,0.0,True
2006-05-25,385,385,0,361,0.0,True
2006-05-26,385,385,0,361,0.0,True
2006-05-30,385,385,0,361,0.0,True
2006-05-31,385,385,0,361,0.0,True
2006-06-01,385,385,0,361,0.0,True
2006-06-02,385,386,0,361,0.0,True
2006-06-05,386,386,0,361,0.0,True
2006-06-06,386,386,0,361,0.0,True
2006-06-07,386,386,0,361,0.0,True
2006-06-08,386,386,0,361,0.0,True
2006-06-09,386,386,0,361,0.0,True
2006-06-12,386,386,0,361,0.0,True
2006-06-13,386,386,0,361,0.0,True
2006-06-14,386,386,0,361,0.0,True
2006-06-15,386,386,0,361,0.0,True
2006-06-16,386,386,0,361,0.0,True
2006-06-19,386,386,0,361,0.0,True
2006-06-20,386,386,0,361,0.0,True
2006-06-21,386,385,1,360,0.0025906735751295338,True
2006-06-22,385,385,0,360,0.0,True
2006-06-23,385,385,0,360,0.0,True
2006-06-26,385,385,0,360,0.0,True
2006-06-27,385,385,0,360,0.0,True
2006-06-28,385,386,0,360,0.0,True
2006-06-29,386,386,0,360,0.0,True
2006-06-30,386,386,0,360,0.0,True
2006-07-03,386,386,0,360,0.0,True
2006-07-05,386,386,0,362,0.0,True
2006-07-06,386,386,0,362,0.0,True
2006-07-07,386,386,0,362,0.0,True
2006-07-10,386,386,0,362,0.0,True
2006-07-11,386,386,0,362,0.0,True
2006-07-12,386,385,1,361,0.0025906735751295338,True
2006-07-13,385,385,0,361,0.0,True
2006-07-14,385,385,0,361,0.0,True
2006-07-17,385,385,0,361,0.0,True
2006-07-18,385,386,0,361,0.0,True
2006-07-19,386,386,0,361,0.0,True
2006-07-20,386,386,0,361,0.0,True
2006-07-21,386,386,0,361,0.0,True
2006-07-24,386,386,0,362,0.0,True
2006-07-25,386,386,0,362,0.0,True
2006-07-26,386,386,0,362,0.0,True
2006-07-27,386,386,0,362,0.0,True
2006-07-28,386,386,0,362,0.0,True
2006-07-31,386,386,0,362,0.0,True
2006-08-01,386,384,2,360,0.0051813471502590676,True
2006-08-02,384,384,0,360,0.0,True
2006-08-03,384,384,0,360,0.0,True
2006-08-04,384,384,0,360,0.0,True
2006-08-07,384,384,0,360,0.0,True
2006-08-08,384,384,0,360,0.0,True
2006-08-09,384,384,0,360,0.0,True
2006-08-10,384,384,0,360,0.0,True
2006-08-11,384,385,0,361,0.0,True
2006-08-14,385,385,0,362,0.0,True
2006-08-15,385,385,0,363,0.0,True
2006-08-16,385,385,0,363,0.0,True
2006-08-17,385,385,0,363,0.0,True
2006-08-18,385,385,0,363,0.0,True
2006-08-21,385,385,0,364,0.0,True
2006-08-22,385,385,0,364,0.0,True
2006-08-23,385,385,0,364,0.0,True
2006-08-24,385,385,0,364,0.0,True
2006-08-25,385,385,0,364,0.0,True
2006-08-28,385,385,0,364,0.0,True
2006-08-29,385,385,0,364,0.0,True
2006-08-30,385,385,0,365,0.0,True
2006-08-31,385,385,0,365,0.0,True
2006-09-01,385,385,0,365,0.0,True
2006-09-05,385,385,0,365,0.0,True
2006-09-06,385,385,0,365,0.0,True
2006-09-07,385,385,0,365,0.0,True
2006-09-08,385,385,0,365,0.0,True
2006-09-11,385,385,0,365,0.0,True
2006-09-12,385,385,0,365,0.0,True
2006-09-13,385,385,0,365,0.0,True
2006-09-14,385,385,0,365,0.0,True
2006-09-15,385,385,0,365,0.0,True
2006-09-18,385,385,0,365,0.0,True
2006-09-19,385,385,0,365,0.0,True
2006-09-20,385,385,0,365,0.0,True
2006-09-21,385,385,0,365,0.0,True
2006-09-22,385,385,0,365,0.0,True
2006-09-25,385,385,0,365,0.0,True
2006-09-26,385,385,0,365,0.0,True
2006-09-27,385,385,0,365,0.0,True
2006-09-28,385,385,0,365,0.0,True
2006-09-29,385,383,2,363,0.005194805194805195,True
2006-10-02,383,384,0,363,0.0,True
2006-10-03,384,384,0,364,0.0,True
2006-10-04,384,384,0,365,0.0,True
2006-10-05,384,384,0,365,0.0,True
2006-10-06,384,384,0,365,0.0,True
2006-10-09,384,384,0,365,0.0,True
2006-10-10,384,384,0,365,0.0,True
2006-10-11,384,384,0,366,0.0,True
2006-10-12,384,384,0,366,0.0,True
2006-10-13,384,384,0,366,0.0,True
2006-10-16,384,384,0,366,0.0,True
2006-10-17,384,384,0,366,0.0,True
2006-10-18,384,384,0,366,0.0,True
2006-10-19,384,384,0,366,0.0,True
2006-10-20,384,384,0,366,0.0,True
2006-10-23,384,384,0,366,0.0,True
2006-10-24,384,384,0,366,0.0,True
2006-10-25,384,384,0,366,0.0,True
2006-10-26,384,384,0,366,0.0,True
2006-10-27,384,384,0,366,0.0,True
2006-10-30,384,384,0,366,0.0,True
2006-10-31,384,384,0,366,0.0,True
2006-11-01,384,384,0,366,0.0,True
2006-11-02,384,384,0,366,0.0,True
2006-11-03,384,384,0,366,0.0,True
2006-11-06,384,385,0,366,0.0,True
2006-11-07,385,385,0,366,0.0,True
2006-11-08,385,383,2,364,0.005194805194805195,True
2006-11-09,383,383,0,364,0.0,True
2006-11-10,383,385,0,364,0.0,True
2006-11-13,385,385,0,364,0.0,True
2006-11-14,385,385,0,364,0.0,True
2006-11-15,385,385,0,364,0.0,True
2006-11-16,385,385,0,364,0.0,True
2006-11-17,385,386,0,364,0.0,True
2006-11-20,386,387,0,364,0.0,True
2006-11-21,387,387,0,365,0.0,True
2006-11-22,387,387,0,365,0.0,True
2006-11-24,387,386,1,364,0.002583979328165375,True
2006-11-27,386,386,0,364,0.0,True
2006-11-28,386,386,0,364,0.0,True
2006-11-29,386,386,0,364,0.0,True
2006-11-30,386,386,0,364,0.0,True
2006-12-01,386,387,0,364,0.0,True
2006-12-04,387,387,0,365,0.0,True
2006-12-05,387,387,0,365,0.0,True
2006-12-06,387,387,0,365,0.0,True
2006-12-07,387,387,0,365,0.0,True
2006-12-08,387,387,0,365,0.0,True
2006-12-11,387,387,0,365,0.0,True
2006-12-12,387,386,1,364,0.002583979328165375,True
2006-12-13,386,386,0,364,0.0,True
2006-12-14,386,386,0,364,0.0,True
2006-12-15,386,386,0,364,0.0,True
2006-12-18,386,386,0,364,0.0,True
2006-12-19,386,386,0,364,0.0,True
2006-12-20,386,387,0,365,0.0,True
2006-12-21,387,387,0,365,0.0,True
2006-12-22,387,387,0,365,0.0,True
2006-12-26,387,387,0,365,0.0,True
2006-12-27,387,387,0,365,0.0,True
2006-12-28,387,387,0,365,0.0,True
2006-12-29,387,387,0,365,0.0,True
2007-01-03,386,384,2,362,0.0051813471502590676,True
2007-01-04,384,385,0,364,0.0,True
2007-01-05,385,385,0,364,0.0,True
2007-01-08,385,384,1,364,0.0025974025974025974,True
2007-01-09,384,384,0,364,0.0,True
2007-01-10,384,385,0,364,0.0,True
2007-01-11,385,385,0,364,0.0,True
2007-01-12,385,385,0,364,0.0,True
2007-01-16,385,385,0,364,0.0,True
2007-01-17,385,385,0,364,0.0,True
2007-01-18,385,385,0,364,0.0,True
2007-01-19,385,385,0,364,0.0,True
2007-01-22,385,385,0,364,0.0,True
2007-01-23,385,385,0,364,0.0,True
2007-01-24,385,385,0,364,0.0,True
2007-01-25,385,384,1,363,0.0025974025974025974,True
2007-01-26,384,384,0,363,0.0,True
2007-01-29,384,384,0,363,0.0,True
2007-01-30,384,384,0,363,0.0,True
2007-01-31,384,384,0,363,0.0,True
2007-02-01,384,384,0,363,0.0,True
2007-02-02,384,385,0,365,0.0,True
2007-02-05,385,385,0,365,0.0,True
2007-02-06,385,385,0,365,0.0,True
2007-02-07,385,385,0,365,0.0,True
2007-02-08,385,385,0,365,0.0,True
2007-02-09,385,385,0,365,0.0,True
2007-02-12,385,385,1,364,0.0025974025974025974,True
2007-02-13,385,385,0,364,0.0,True
2007-02-14,385,385,0,364,0.0,True
2007-02-15,385,385,1,363,0.0025974025974025974,True
2007-02-16,385,385,0,363,0.0,True
2007-02-20,385,384,1,362,0.0025974025974025974,True
2007-02-21,384,384,0,362,0.0,True
2007-02-22,384,385,0,362,0.0,True
2007-02-23,385,385,0,362,0.0,True
2007-02-26,385,385,0,362,0.0,True
2007-02-27,385,385,0,362,0.0,True
2007-02-28,385,385,0,363,0.0,True
2007-03-01,385,385,0,363,0.0,True
2007-03-02,385,386,0,363,0.0,True
2007-03-05,386,386,0,363,0.0,True
2007-03-06,386,386,0,363,0.0,True
2007-03-07,386,386,0,363,0.0,True
2007-03-08,386,386,0,363,0.0,True
2007-03-09,386,386,0,363,0.0,True
2007-03-12,386,386,0,363,0.0,True
2007-03-13,386,386,0,363,0.0,True
2007-03-14,386,386,0,363,0.0,True
2007-03-15,386,386,0,363,0.0,True
2007-03-16,386,386,0,363,0.0,True
2007-03-19,386,386,0,363,0.0,True
2007-03-20,386,387,0,363,0.0,True
2007-03-21,387,387,0,363,0.0,True
2007-03-22,387,387,0,363,0.0,True
2007-03-23,387,387,1,362,0.002583979328165375,True
2007-03-26,387,387,0,362,0.0,True
2007-03-27,387,387,0,362,0.0,True
2007-03-28,387,387,0,362,0.0,True
2007-03-29,387,388,0,362,0.0,True
2007-03-30,388,388,0,362,0.0,True
2007-04-02,388,389,0,362,0.0,True
2007-04-03,389,389,0,362,0.0,True
2007-04-04,389,389,0,365,0.0,True
2007-04-05,389,389,0,365,0.0,True
2007-04-09,389,389,0,365,0.0,True
2007-04-10,389,390,0,365,0.0,True
2007-04-11,390,390,0,365,0.0,True
2007-04-12,390,390,0,365,0.0,True
2007-04-13,390,390,0,365,0.0,True
2007-04-16,390,390,0,365,0.0,True
2007-04-17,390,390,0,365,0.0,True
2007-04-18,390,390,0,365,0.0,True
2007-04-19,390,390,0,365,0.0,True
2007-04-20,390,390,0,365,0.0,True
2007-04-23,390,390,0,365,0.0,True
2007-04-24,390,390,0,365,0.0,True
2007-04-25,390,390,0,366,0.0,True
2007-04-26,390,390,0,366,0.0,True
2007-04-27,390,390,0,366,0.0,True
2007-04-30,390,390,0,366,0.0,True
2007-05-01,390,390,0,366,0.0,True
2007-05-02,390,390,0,366,0.0,True
2007-05-03,390,390,0,366,0.0,True
2007-05-04,390,390,0,366,0.0,True
2007-05-07,390,390,0,366,0.0,True
2007-05-08,390,390,0,366,0.0,True
2007-05-09,390,390,0,366,0.0,True
2007-05-10,390,390,0,366,0.0,True
2007-05-11,390,390,0,366,0.0,True
2007-05-14,390,390,0,366,0.0,True
2007-05-15,390,390,0,366,0.0,True
2007-05-16,390,390,0,366,0.0,True
2007-05-17,390,390,0,366,0.0,True
2007-05-18,390,390,0,366,0.0,True
2007-05-21,390,390,0,366,0.0,True
2007-05-22,390,390,0,366,0.0,True
2007-05-23,390,390,0,366,0.0,True
2007-05-24,390,390,0,366,0.0,True
2007-05-25,390,390,0,366,0.0,True
2007-05-29,390,390,0,366,0.0,True
2007-05-30,390,390,0,366,0.0,True
2007-05-31,390,390,0,366,0.0,True
2007-06-01,390,391,0,366,0.0,True
2007-06-04,391,391,0,366,0.0,True
2007-06-05,391,391,0,367,0.0,True
2007-06-06,391,391,0,367,0.0,True
2007-06-07,391,391,0,367,0.0,True
2007-06-08,391,391,0,367,0.0,True
2007-06-11,391,391,0,367,0.0,True
2007-06-12,391,391,0,367,0.0,True
2007-06-13,391,391,0,367,0.0,True
2007-06-14,391,391,0,367,0.0,True
2007-06-15,391,391,0,367,0.0,True
2007-06-18,391,391,0,367,0.0,True
2007-06-19,391,391,0,367,0.0,True
2007-06-20,391,391,0,367,0.0,True
2007-06-21,391,391,0,367,0.0,True
2007-06-22,391,391,0,367,0.0,True
2007-06-25,391,391,0,367,0.0,True
2007-06-26,391,391,0,367,0.0,True
2007-06-27,391,389,2,365,0.005115089514066497,True
2007-06-28,389,389,0,365,0.0,True
2007-06-29,389,389,0,366,0.0,True
2007-07-02,389,393,0,366,0.0,True
2007-07-03,393,393,0,366,0.0,True
2007-07-05,393,393,0,366,0.0,True
2007-07-06,393,393,0,366,0.0,True
2007-07-09,393,394,0,366,0.0,True
2007-07-10,394,394,0,366,0.0,True
2007-07-11,394,393,1,365,0.0025380710659898475,True
2007-07-12,393,394,0,365,0.0,True
2007-07-13,394,394,0,365,0.0,True
2007-07-16,394,394,0,365,0.0,True
2007-07-17,394,394,0,365,0.0,True
2007-07-18,394,394,0,365,0.0,True
2007-07-19,394,394,0,366,0.0,True
2007-07-20,394,394,0,366,0.0,True
2007-07-23,394,394,0,366,0.0,True
2007-07-24,394,394,0,366,0.0,True
2007-07-25,394,394,0,366,0.0,True
2007-07-26,394,394,0,366,0.0,True
2007-07-27,394,394,0,366,0.0,True
2007-07-30,394,394,0,366,0.0,True
2007-07-31,394,394,0,366,0.0,True
2007-08-01,394,394,0,366,0.0,True
2007-08-02,394,394,0,366,0.0,True
2007-08-03,394,394,0,366,0.0,True
2007-08-06,394,394,0,366,0.0,True
2007-08-07,394,394,0,366,0.0,True
2007-08-08,394,394,0,366,0.0,True
2007-08-09,394,394,0,366,0.0,True
2007-08-10,394,394,0,366,0.0,True
2007-08-13,394,394,0,366,0.0,True
2007-08-14,394,394,0,367,0.0,True
2007-08-15,394,394,0,367,0.0,True
2007-08-16,394,394,0,367,0.0,True
2007-08-17,394,394,0,367,0.0,True
2007-08-20,394,394,0,367,0.0,True
2007-08-21,394,394,0,367,0.0,True
2007-08-22,394,394,0,367,0.0,True
2007-08-23,394,394,0,367,0.0,True
2007-08-24,394,394,0,367,0.0,True
2007-08-27,394,393,1,366,0.0025380710659898475,True
2007-08-28,393,393,0,366,0.0,True
2007-08-29,393,393,0,366,0.0,True
2007-08-30,393,393,0,366,0.0,True
2007-08-31,393,393,0,366,0.0,True
2007-09-04,393,393,0,366,0.0,True
2007-09-05,393,392,1,365,0.002544529262086514,True
2007-09-06,392,392,0,365,0.0,True
2007-09-07,392,393,0,365,0.0,True
2007-09-10,393,393,0,365,0.0,True
2007-09-11,393,393,0,365,0.0,True
2007-09-12,393,393,0,365,0.0,True
2007-09-13,393,393,0,365,0.0,True
2007-09-14,393,393,0,365,0.0,True
2007-09-17,393,393,0,365,0.0,True
2007-09-18,393,393,0,365,0.0,True
2007-09-19,393,393,0,365,0.0,True
2007-09-20,393,393,0,365,0.0,True
2007-09-21,393,393,0,365,0.0,True
2007-09-24,393,393,0,365,0.0,True
2007-09-25,393,393,0,365,0.0,True
2007-09-26,393,394,0,365,0.0,True
2007-09-27,393,394,0,364,0.0,True
2007-09-28,394,394,0,364,0.0,True
2007-10-01,394,395,0,364,0.0,True
2007-10-02,395,395,1,363,0.002531645569620253,True
2007-10-03,395,395,0,364,0.0,True
2007-10-04,395,395,0,364,0.0,True
2007-10-05,395,394,1,363,0.002531645569620253,True
2007-10-08,394,395,0,363,0.0,True
2007-10-09,395,395,0,363,0.0,True
2007-10-10,395,395,1,362,0.002531645569620253,True
2007-10-11,395,395,0,362,0.0,True
2007-10-12,395,395,0,362,0.0,True
2007-10-15,395,395,0,362,0.0,True
2007-10-16,395,395,0,362,0.0,True
2007-10-17,395,395,0,362,0.0,True
2007-10-18,395,395,0,362,0.0,True
2007-10-19,395,395,0,362,0.0,True
2007-10-22,395,395,0,362,0.0,True
2007-10-23,395,395,0,362,0.0,True
2007-10-24,395,395,0,362,0.0,True
2007-10-25,395,395,0,362,0.0,True
2007-10-26,395,396,0,362,0.0,True
2007-10-29,396,396,1,361,0.0025252525252525255,True
2007-10-30,396,396,0,361,0.0,True
2007-10-31,396,396,0,361,0.0,True
2007-11-01,396,396,0,361,0.0,True
2007-11-02,396,396,0,361,0.0,True
2007-11-05,396,396,0,361,0.0,True
2007-11-06,396,396,0,361,0.0,True
2007-11-07,396,396,0,362,0.0,True
2007-11-08,396,396,0,362,0.0,True
2007-11-09,396,396,0,362,0.0,True
2007-11-12,396,396,0,362,0.0,True
2007-11-13,396,396,0,364,0.0,True
2007-11-14,396,396,0,364,0.0,True
2007-11-15,396,396,0,364,0.0,True
2007-11-16,396,397,0,364,0.0,True
2007-11-19,397,398,0,364,0.0,True
2007-11-20,398,398,0,365,0.0,True
2007-11-21,398,398,0,366,0.0,True
2007-11-23,398,398,0,366,0.0,True
2007-11-26,398,398,0,366,0.0,True
2007-11-27,398,398,0,366,0.0,True
2007-11-28,398,398,0,366,0.0,True
2007-11-29,398,398,0,366,0.0,True
2007-11-30,398,398,0,366,0.0,True
2007-12-03,398,398,0,366,0.0,True
2007-12-04,398,398,0,367,0.0,True
2007-12-05,398,398,0,367,0.0,True
2007-12-06,398,398,0,367,0.0,True
2007-12-07,398,398,0,367,0.0,True
2007-12-10,398,398,0,367,0.0,True
2007-12-11,398,398,0,367,0.0,True
2007-12-12,398,398,0,367,0.0,True
2007-12-13,398,397,1,366,0.002512562814070352,True
2007-12-14,397,398,0,366,0.0,True
2007-12-17,398,398,0,366,0.0,True
2007-12-18,398,397,1,365,0.002512562814070352,True
2007-12-19,397,397,0,365,0.0,True
2007-12-20,397,397,0,365,0.0,True
2007-12-21,397,398,0,366,0.0,True
2007-12-24,398,398,0,366,0.0,True
2007-12-26,398,398,0,366,0.0,True
2007-12-27,398,398,0,366,0.0,True
2007-12-28,398,398,0,366,0.0,True
2007-12-31,398,399,0,366,0.0,True
2008-01-02,399,399,1,365,0.002506265664160401,True
2008-01-03,399,399,0,365,0.0,True
2008-01-04,399,399,0,366,0.0,True
2008-01-07,399,399,0,366,0.0,True
2008-01-08,399,399,0,366,0.0,True
2008-01-09,399,399,0,366,0.0,True
2008-01-10,399,399,0,367,0.0,True
2008-01-11,399,399,0,367,0.0,True
2008-01-14,399,399,0,367,0.0,True
2008-01-15,399,399,0,367,0.0,True
2008-01-16,399,399,0,367,0.0,True
2008-01-17,399,399,0,367,0.0,True
2008-01-18,399,399,0,367,0.0,True
2008-01-22,399,399,0,367,0.0,True
2008-01-23,399,399,0,367,0.0,True
2008-01-24,399,399,0,367,0.0,True
2008-01-25,399,399,0,367,0.0,True
2008-01-28,399,399,0,367,0.0,True
2008-01-29,399,399,0,367,0.0,True
2008-01-30,399,399,0,367,0.0,True
2008-01-31,399,399,0,367,0.0,True
2008-02-01,399,399,0,367,0.0,True
2008-02-04,399,399,0,368,0.0,True
2008-02-05,399,399,0,368,0.0,True
2008-02-06,399,399,0,368,0.0,True
2008-02-07,399,399,0,368,0.0,True
2008-02-08,399,399,0,368,0.0,True
2008-02-11,399,399,0,368,0.0,True
2008-02-12,399,399,0,369,0.0,True
2008-02-13,399,399,0,369,0.0,True
2008-02-14,399,399,0,369,0.0,True
2008-02-15,399,399,0,370,0.0,True
2008-02-19,399,399,0,370,0.0,True
2008-02-20,399,399,0,370,0.0,True
2008-02-21,399,399,0,370,0.0,True
2008-02-22,399,399,0,371,0.0,True
2008-02-25,399,399,0,371,0.0,True
2008-02-26,399,399,0,371,0.0,True
2008-02-27,399,399,0,371,0.0,True
2008-02-28,399,399,0,371,0.0,True
2008-02-29,399,399,0,371,0.0,True
2008-03-03,399,399,0,372,0.0,True
2008-03-04,399,399,0,372,0.0,True
2008-03-05,399,399,0,372,0.0,True
2008-03-06,399,399,0,372,0.0,True
2008-03-07,399,399,0,372,0.0,True
2008-03-10,399,399,0,372,0.0,True
2008-03-11,399,399,0,372,0.0,True
2008-03-12,399,399,0,372,0.0,True
2008-03-13,399,399,0,372,0.0,True
2008-03-14,399,399,0,372,0.0,True
2008-03-17,399,399,0,372,0.0,True
2008-03-18,399,399,0,372,0.0,True
2008-03-19,399,398,1,372,0.002506265664160401,True
2008-03-20,398,398,0,372,0.0,True
2008-03-24,398,398,0,372,0.0,True
2008-03-25,398,398,0,373,0.0,True
2008-03-26,398,398,0,373,0.0,True
2008-03-27,398,398,0,373,0.0,True
2008-03-28,398,398,0,373,0.0,True
2008-03-31,398,399,0,374,0.0,True
2008-04-01,399,399,0,374,0.0,True
2008-04-02,399,399,0,375,0.0,True
2008-04-03,399,399,0,375,0.0,True
2008-04-04,399,399,0,375,0.0,True
2008-04-07,399,399,0,375,0.0,True
2008-04-08,399,399,0,375,0.0,True
2008-04-09,399,399,0,376,0.0,True
2008-04-10,399,399,0,376,0.0,True
2008-04-11,399,399,0,376,0.0,True
2008-04-14,399,399,0,376,0.0,True
2008-04-15,399,399,0,376,0.0,True
2008-04-16,399,399,0,376,0.0,True
2008-04-17,399,399,0,376,0.0,True
2008-04-18,399,399,0,376,0.0,True
2008-04-21,399,399,0,376,0.0,True
2008-04-22,399,399,0,376,0.0,True
2008-04-23,399,399,0,376,0.0,True
2008-04-24,399,399,0,376,0.0,True
2008-04-25,399,399,0,376,0.0,True
2008-04-28,399,399,0,376,0.0,True
2008-04-29,399,399,0,376,0.0,True
2008-04-30,399,399,0,376,0.0,True
2008-05-01,399,399,0,376,0.0,True
2008-05-02,399,399,0,376,0.0,True
2008-05-05,399,399,0,376,0.0,True
2008-05-06,399,399,0,376,0.0,True
2008-05-07,399,399,0,376,0.0,True
2008-05-08,399,399,0,376,0.0,True
2008-05-09,399,399,0,376,0.0,True
2008-05-12,399,399,0,376,0.0,True
2008-05-13,399,399,0,376,0.0,True
2008-05-14,399,399,0,376,0.0,True
2008-05-15,399,399,0,376,0.0,True
2008-05-16,399,399,0,376,0.0,True
2008-05-19,399,399,0,376,0.0,True
2008-05-20,399,399,0,376,0.0,True
2008-05-21,399,399,0,376,0.0,True
2008-05-22,399,399,0,376,0.0,True
2008-05-23,399,399,0,376,0.0,True
2008-05-27,399,399,0,376,0.0,True
2008-05-28,399,399,0,376,0.0,True
2008-05-29,399,399,0,376,0.0,True
2008-05-30,399,399,0,376,0.0,True
2008-06-02,399,400,0,377,0.0,True
2008-06-03,400,400,0,377,0.0,True
2008-06-04,400,400,0,377,0.0,True
2008-06-05,400,400,0,377,0.0,True
2008-06-06,399,400,0,376,0.0,True
2008-06-09,400,400,0,376,0.0,True
2008-06-10,400,400,0,376,0.0,True
2008-06-11,400,401,0,376,0.0,True
2008-06-12,401,401,0,376,0.0,True
2008-06-13,401,401,0,376,0.0,True
2008-06-16,401,401,0,376,0.0,True
2008-06-17,401,401,0,376,0.0,True
2008-06-18,401,401,0,376,0.0,True
2008-06-19,401,399,2,374,0.004987531172069825,True
2008-06-20,399,399,0,374,0.0,True
2008-06-23,399,400,0,374,0.0,True
2008-06-24,400,400,0,374,0.0,True
2008-06-25,400,400,0,374,0.0,True
2008-06-26,400,400,0,374,0.0,True
2008-06-27,400,400,0,374,0.0,True
2008-06-30,400,400,0,374,0.0,True
2008-07-01,400,401,1,377,0.0025,True
2008-07-02,401,401,0,377,0.0,True
2008-07-03,401,401,0,377,0.0,True
2008-07-07,401,401,0,377,0.0,True
2008-07-08,401,401,0,378,0.0,True
2008-07-09,401,401,0,378,0.0,True
2008-07-10,401,401,0,378,0.0,True
2008-07-11,401,401,0,379,0.0,True
2008-07-14,401,401,0,379,0.0,True
2008-07-15,401,401,0,379,0.0,True
2008-07-16,401,401,0,379,0.0,True
2008-07-17,401,401,0,379,0.0,True
2008-07-18,401,402,0,379,0.0,True
2008-07-21,402,402,0,379,0.0,True
2008-07-22,402,402,0,379,0.0,True
2008-07-23,402,402,0,379,0.0,True
2008-07-24,402,402,0,379,0.0,True
2008-07-25,402,402,0,379,0.0,True
2008-07-28,402,402,0,379,0.0,True
2008-07-29,402,402,0,379,0.0,True
2008-07-30,402,401,1,378,0.0024875621890547263,True
2008-07-31,401,402,0,378,0.0,True
2008-08-01,402,402,0,378,0.0,True
2008-08-04,402,402,0,378,0.0,True
2008-08-05,402,402,0,378,0.0,True
2008-08-06,402,402,0,378,0.0,True
2008-08-07,402,402,0,378,0.0,True
2008-08-08,402,402,0,378,0.0,True
2008-08-11,402,402,0,378,0.0,True
2008-08-12,402,402,0,378,0.0,True
2008-08-13,402,402,0,378,0.0,True
2008-08-14,402,402,0,378,0.0,True
2008-08-15,402,402,0,378,0.0,True
2008-08-18,402,402,0,378,0.0,True
2008-08-19,402,401,1,377,0.0024875621890547263,True
2008-08-20,401,401,0,377,0.0,True
2008-08-21,401,402,0,377,0.0,True
2008-08-22,402,402,0,377,0.0,True
2008-08-25,402,402,0,377,0.0,True
2008-08-26,402,401,1,376,0.0024875621890547263,True
2008-08-27,401,402,0,376,0.0,True
2008-08-28,402,402,0,376,0.0,True
2008-08-29,402,402,0,376,0.0,True
2008-09-02,402,402,0,376,0.0,True
2008-09-03,402,402,0,376,0.0,True
2008-09-04,402,402,0,376,0.0,True
2008-09-05,402,402,0,376,0.0,True
2008-09-08,402,402,0,377,0.0,True
2008-09-09,402,400,2,375,0.004975124378109453,True
2008-09-10,400,400,0,375,0.0,True
2008-09-11,400,400,0,375,0.0,True
2008-09-12,400,400,0,375,0.0,True
2008-09-15,400,402,0,375,0.0,True
2008-09-16,402,402,0,375,0.0,True
2008-09-17,402,402,0,375,0.0,True
2008-09-18,402,402,0,375,0.0,True
2008-09-19,402,402,0,375,0.0,True
2008-09-22,402,403,0,375,0.0,True
2008-09-23,403,403,0,375,0.0,True
2008-09-24,403,404,0,375,0.0,True
2008-09-25,404,404,0,376,0.0,True
2008-09-26,404,404,0,377,0.0,True
2008-09-29,404,403,1,376,0.0024752475247524753,True
2008-09-30,403,404,0,377,0.0,True
2008-10-01,404,404,0,378,0.0,True
2008-10-02,404,405,0,378,0.0,True
2008-10-03,405,405,0,378,0.0,True
2008-10-06,405,405,0,378,0.0,True
2008-10-07,405,405,1,378,0.0024691358024691358,True
2008-10-08,405,405,0,378,0.0,True
2008-10-09,405,405,0,379,0.0,True
2008-10-10,405,405,0,379,0.0,True
2008-10-13,405,405,0,379,0.0,True
2008-10-14,405,405,0,379,0.0,True
2008-10-15,405,405,0,379,0.0,True
2008-10-16,405,405,0,379,0.0,True
2008-10-17,405,404,1,378,0.0024691358024691358,True
2008-10-20,404,404,0,378,0.0,True
2008-10-21,404,404,0,378,0.0,True
2008-10-22,404,405,0,378,0.0,True
2008-10-23,405,405,0,378,0.0,True
2008-10-24,405,405,0,378,0.0,True
2008-10-27,405,405,0,379,0.0,True
2008-10-28,405,405,0,380,0.0,True
2008-10-29,405,404,1,379,0.0024691358024691358,True
2008-10-30,404,404,0,379,0.0,True
2008-10-31,404,405,0,379,0.0,True
2008-11-03,405,405,0,379,0.0,True
2008-11-04,405,405,0,379,0.0,True
2008-11-05,405,405,0,379,0.0,True
2008-11-06,405,405,1,378,0.0024691358024691358,True
2008-11-07,405,405,0,378,0.0,True
2008-11-10,405,404,1,377,0.0024691358024691358,True
2008-11-11,404,404,0,377,0.0,True
2008-11-12,404,404,0,377,0.0,True
2008-11-13,403,404,0,376,0.0,True
2008-11-14,404,405,1,375,0.0024752475247524753,True
2008-11-17,405,406,0,376,0.0,True
2008-11-18,406,406,0,377,0.0,True
2008-11-19,406,407,0,377,0.0,True
2008-11-20,407,407,0,377,0.0,True
2008-11-21,407,407,0,377,0.0,True
2008-11-24,407,407,0,377,0.0,True
2008-11-25,407,407,0,377,0.0,True
2008-11-26,407,407,0,377,0.0,True
2008-11-28,407,407,0,377,0.0,True
2008-12-01,407,407,0,377,0.0,True
2008-12-02,407,407,0,377,0.0,True
2008-12-03,407,407,0,377,0.0,True
2008-12-04,407,407,0,377,0.0,True
2008-12-05,407,407,1,376,0.002457002457002457,True
2008-12-08,407,407,0,376,0.0,True
2008-12-09,407,407,0,376,0.0,True
2008-12-10,407,407,0,376,0.0,True
2008-12-11,407,407,0,376,0.0,True
2008-12-12,407,407,0,376,0.0,True
2008-12-15,407,407,0,377,0.0,True
2008-12-16,407,407,0,377,0.0,True
2008-12-17,406,406,0,376,0.0,True
2008-12-18,406,406,0,376,0.0,True
2008-12-19,406,407,0,376,0.0,True
2008-12-22,407,407,0,377,0.0,True
2008-12-23,407,407,1,376,0.002457002457002457,True
2008-12-24,407,407,0,376,0.0,True
2008-12-26,407,407,0,376,0.0,True
2008-12-29,407,407,0,376,0.0,True
2008-12-30,407,406,1,376,0.002457002457002457,True
2008-12-31,406,406,0,377,0.0,True
2009-01-02,406,409,0,377,0.0,True
2009-01-05,409,409,0,377,0.0,True
2009-01-06,409,410,0,377,0.0,True
2009-01-07,410,410,0,377,0.0,True
2009-01-08,410,410,0,377,0.0,True
2009-01-09,410,410,0,377,0.0,True
2009-01-12,410,410,0,377,0.0,True
2009-01-13,410,410,0,377,0.0,True
2009-01-14,410,410,0,377,0.0,True
2009-01-15,410,410,0,377,0.0,True
2009-01-16,410,410,0,377,0.0,True
2009-01-20,410,410,0,377,0.0,True
2009-01-21,410,410,0,377,0.0,True
2009-01-22,410,410,0,377,0.0,True
2009-01-23,410,410,0,377,0.0,True
2009-01-26,410,410,0,377,0.0,True
2009-01-27,410,410,0,377,0.0,True
2009-01-28,410,410,0,377,0.0,True
2009-01-29,410,410,0,377,0.0,True
2009-01-30,410,411,0,377,0.0,True
2009-02-02,411,411,0,377,0.0,True
2009-02-03,411,411,0,377,0.0,True
2009-02-04,411,411,0,377,0.0,True
2009-02-05,411,411,0,377,0.0,True
2009-02-06,411,411,0,377,0.0,True
2009-02-09,411,411,0,377,0.0,True
2009-02-10,411,411,0,377,0.0,True
2009-02-11,411,411,0,377,0.0,True
2009-02-12,411,411,0,377,0.0,True
2009-02-13,411,411,0,377,0.0,True
2009-02-17,411,411,0,377,0.0,True
2009-02-18,411,411,0,377,0.0,True
2009-02-19,411,411,0,377,0.0,True
2009-02-20,411,411,0,377,0.0,True
2009-02-23,411,411,0,377,0.0,True
2009-02-24,411,411,0,377,0.0,True
2009-02-25,411,411,0,377,0.0,True
2009-02-26,411,410,1,376,0.0024330900243309003,True
2009-02-27,410,410,0,376,0.0,True
2009-03-02,410,410,0,376,0.0,True
2009-03-03,410,408,2,374,0.004878048780487805,True
2009-03-04,408,410,0,374,0.0,True
2009-03-05,410,410,0,374,0.0,True
2009-03-06,410,410,0,374,0.0,True
2009-03-09,410,410,0,374,0.0,True
2009-03-10,410,410,0,374,0.0,True
2009-03-11,410,410,0,374,0.0,True
2009-03-12,410,410,0,374,0.0,True
2009-03-13,410,410,0,374,0.0,True
2009-03-16,410,410,0,374,0.0,True
2009-03-17,410,410,0,374,0.0,True
2009-03-18,410,410,0,374,0.0,True
2009-03-19,410,410,0,374,0.0,True
2009-03-20,410,410,0,374,0.0,True
2009-03-23,410,410,0,374,0.0,True
2009-03-24,410,410,0,374,0.0,True
2009-03-25,410,410,0,374,0.0,True
2009-03-26,410,410,0,374,0.0,True
2009-03-27,410,411,0,374,0.0,True
2009-03-30,411,411,1,374,0.0024330900243309003,True
2009-03-31,411,411,0,374,0.0,True
2009-04-01,411,411,0,374,0.0,True
2009-04-02,411,411,1,373,0.0024330900243309003,True
2009-04-03,411,411,0,373,0.0,True
2009-04-06,411,411,0,373,0.0,True
2009-04-07,411,411,0,373,0.0,True
2009-04-08,411,411,0,373,0.0,True
2009-04-09,411,411,0,373,0.0,True
2009-04-13,411,411,0,373,0.0,True
2009-04-14,411,411,0,373,0.0,True
2009-04-15,411,411,0,373,0.0,True
2009-04-16,411,411,0,373,0.0,True
2009-04-17,411,411,0,373,0.0,True
2009-04-20,411,411,0,373,0.0,True
2009-04-21,411,411,0,373,0.0,True
2009-04-22,411,411,0,373,0.0,True
2009-04-23,411,411,0,373,0.0,True
2009-04-24,411,411,0,373,0.0,True
2009-04-27,411,411,0,373,0.0,True
2009-04-28,411,411,0,373,0.0,True
2009-04-29,411,411,0,373,0.0,True
2009-04-30,411,411,0,373,0.0,True
2009-05-01,411,411,0,373,0.0,True
2009-05-04,411,411,0,373,0.0,True
2009-05-05,411,411,0,373,0.0,True
2009-05-06,411,411,0,373,0.0,True
2009-05-07,411,411,0,373,0.0,True
2009-05-08,411,411,0,373,0.0,True
2009-05-11,411,411,0,373,0.0,True
2009-05-12,411,411,0,373,0.0,True
2009-05-13,411,411,0,373,0.0,True
2009-05-14,411,411,0,373,0.0,True
2009-05-15,411,411,0,373,0.0,True
2009-05-18,411,411,0,373,0.0,True
2009-05-19,411,411,0,373,0.0,True
2009-05-20,411,411,0,373,0.0,True
2009-05-21,411,411,0,373,0.0,True
2009-05-22,411,411,0,373,0.0,True
2009-05-26,411,411,0,373,0.0,True
2009-05-27,411,411,0,373,0.0,True
2009-05-28,411,411,0,373,0.0,True
2009-05-29,411,411,0,373,0.0,True
2009-06-01,411,411,0,373,0.0,True
2009-06-02,411,411,0,374,0.0,True
2009-06-03,411,411,0,374,0.0,True
2009-06-04,411,411,0,374,0.0,True
2009-06-05,410,411,0,373,0.0,True
2009-06-08,411,411,0,374,0.0,True
2009-06-09,411,411,0,374,0.0,True
2009-06-10,411,411,0,374,0.0,True
2009-06-11,411,411,0,375,0.0,True
2009-06-12,411,411,0,375,0.0,True
2009-06-15,411,411,0,375,0.0,True
2009-06-16,411,411,0,375,0.0,True
2009-06-17,411,411,0,375,0.0,True
2009-06-18,411,411,0,375,0.0,True
2009-06-19,411,411,0,375,0.0,True
2009-06-22,411,411,0,375,0.0,True
2009-06-23,411,411,0,376,0.0,True
2009-06-24,411,411,0,376,0.0,True
2009-06-25,411,411,0,376,0.0,True
2009-06-26,410,410,0,375,0.0,True
2009-06-29,410,410,0,375,0.0,True
2009-06-30,410,411,0,375,0.0,True
2009-07-01,411,413,0,377,0.0,True
2009-07-02,413,413,0,377,0.0,True
2009-07-06,413,413,0,377,0.0,True
2009-07-07,413,413,0,377,0.0,True
2009-07-08,413,413,0,377,0.0,True
2009-07-09,413,413,0,377,0.0,True
2009-07-10,413,413,0,377,0.0,True
2009-07-13,413,413,0,377,0.0,True
2009-07-14,413,413,0,377,0.0,True
2009-07-15,413,413,0,377,0.0,True
2009-07-16,413,413,0,377,0.0,True
2009-07-17,413,413,0,377,0.0,True
2009-07-20,413,412,1,377,0.002421307506053269,True
2009-07-21,412,412,0,377,0.0,True
2009-07-22,412,412,0,377,0.0,True
2009-07-23,412,412,0,377,0.0,True
2009-07-24,412,412,0,377,0.0,True
2009-07-27,412,413,0,377,0.0,True
2009-07-28,413,413,0,377,0.0,True
2009-07-29,413,413,0,377,0.0,True
2009-07-30,413,413,0,377,0.0,True
2009-07-31,413,413,0,378,0.0,True
2009-08-03,413,413,0,378,0.0,True
2009-08-04,413,413,0,378,0.0,True
2009-08-05,413,413,0,378,0.0,True
2009-08-06,413,413,0,378,0.0,True
2009-08-07,413,413,0,378,0.0,True
2009-08-10,413,413,0,378,0.0,True
2009-08-11,413,413,0,378,0.0,True
2009-08-12,413,413,0,378,0.0,True
2009-08-13,413,413,0,378,0.0,True
2009-08-14,413,413,0,378,0.0,True
2009-08-17,413,413,0,378,0.0,True
2009-08-18,413,413,0,378,0.0,True
2009-08-19,413,414,0,378,0.0,True
2009-08-20,414,414,0,378,0.0,True
2009-08-21,414,414,0,379,0.0,True
2009-08-24,414,414,0,379,0.0,True
2009-08-25,414,414,0,379,0.0,True
2009-08-26,414,414,0,379,0.0,True
2009-08-27,414,414,0,380,0.0,True
2009-08-28,414,414,0,380,0.0,True
2009-08-31,414,414,0,380,0.0,True
2009-09-01,414,414,1,379,0.0024154589371980675,True
2009-09-02,414,414,0,379,0.0,True
2009-09-03,414,414,0,379,0.0,True
2009-09-04,414,414,0,379,0.0,True
2009-09-08,414,414,0,379,0.0,True
2009-09-09,414,415,0,379,0.0,True
2009-09-10,415,415,0,379,0.0,True
2009-09-11,415,415,0,379,0.0,True
2009-09-14,415,415,0,379,0.0,True
2009-09-15,415,415,0,381,0.0,True
2009-09-16,415,415,0,381,0.0,True
2009-09-17,415,415,0,381,0.0,True
2009-09-18,415,415,0,381,0.0,True
2009-09-21,415,415,0,381,0.0,True
2009-09-22,415,415,0,382,0.0,True
2009-09-23,415,415,0,382,0.0,True
2009-09-24,415,415,0,383,0.0,True
2009-09-25,415,415,0,383,0.0,True
2009-09-28,415,415,0,383,0.0,True
2009-09-29,415,415,0,383,0.0,True
2009-09-30,415,415,0,384,0.0,True
2009-10-01,415,415,0,384,0.0,True
2009-10-02,415,415,0,385,0.0,True
2009-10-05,415,415,0,385,0.0,True
2009-10-06,415,415,0,385,0.0,True
2009-10-07,415,415,0,386,0.0,True
2009-10-08,415,415,0,386,0.0,True
2009-10-09,415,415,0,386,0.0,True
2009-10-12,415,415,0,386,0.0,True
2009-10-13,415,415,0,386,0.0,True
2009-10-14,415,415,0,386,0.0,True
2009-10-15,415,415,0,386,0.0,True
2009-10-16,415,415,1,385,0.0024096385542168677,True
2009-10-19,415,415,0,385,0.0,True
2009-10-20,415,415,0,385,0.0,True
2009-10-21,415,415,0,385,0.0,True
2009-10-22,415,415,0,386,0.0,True
2009-10-23,415,415,0,386,0.0,True
2009-10-26,415,415,0,386,0.0,True
2009-10-27,415,415,0,386,0.0,True
2009-10-28,415,415,0,386,0.0,True
2009-10-29,415,415,0,386,0.0,True
2009-10-30,415,415,0,386,0.0,True
2009-11-02,415,415,0,387,0.0,True
2009-11-03,415,415,0,387,0.0,True
2009-11-04,415,415,0,387,0.0,True
2009-11-05,415,415,0,387,0.0,True
2009-11-06,415,416,0,388,0.0,True
2009-11-09,416,416,0,388,0.0,True
2009-11-10,416,416,0,388,0.0,True
2009-11-11,416,416,0,388,0.0,True
2009-11-12,416,416,0,388,0.0,True
2009-11-13,416,416,0,389,0.0,True
2009-11-16,416,416,0,391,0.0,True
2009-11-17,416,416,0,392,0.0,True
2009-11-18,416,416,0,392,0.0,True
2009-11-19,416,416,0,393,0.0,True
2009-11-20,416,416,0,393,0.0,True
2009-11-23,416,416,0,393,0.0,True
2009-11-24,416,416,0,393,0.0,True
2009-11-25,416,416,0,393,0.0,True
2009-11-27,416,416,0,393,0.0,True
2009-11-30,416,416,0,393,0.0,True
2009-12-01,416,416,0,393,0.0,True
2009-12-02,416,416,0,393,0.0,True
2009-12-03,416,416,0,393,0.0,True
2009-12-04,416,416,0,393,0.0,True
2009-12-07,416,416,0,394,0.0,True
2009-12-08,416,416,0,394,0.0,True
2009-12-09,416,416,0,394,0.0,True
2009-12-10,416,416,0,394,0.0,True
2009-12-11,416,416,0,394,0.0,True
2009-12-14,416,416,0,394,0.0,True
2009-12-15,416,416,0,394,0.0,True
2009-12-16,416,416,0,394,0.0,True
2009-12-17,416,416,0,394,0.0,True
2009-12-18,415,412,3,390,0.007228915662650603,True
2009-12-21,412,417,0,391,0.0,True
2009-12-22,417,417,0,391,0.0,True
2009-12-23,416,417,0,391,0.0,True
2009-12-24,417,417,0,391,0.0,True
2009-12-28,417,417,0,391,0.0,True
2009-12-29,417,417,0,391,0.0,True
2009-12-30,417,417,0,391,0.0,True
2009-12-31,417,417,0,391,0.0,True
2010-01-04,417,417,0,394,0.0,True
2010-01-05,417,417,0,394,0.0,True
2010-01-06,417,417,0,395,0.0,True
2010-01-07,417,417,0,395,0.0,True
2010-01-08,417,417,0,395,0.0,True
2010-01-11,417,417,0,395,0.0,True
2010-01-12,417,417,0,395,0.0,True
2010-01-13,417,417,0,395,0.0,True
2010-01-14,417,417,0,395,0.0,True
2010-01-15,417,417,0,395,0.0,True
2010-01-19,417,417,0,395,0.0,True
2010-01-20,417,417,0,395,0.0,True
2010-01-21,417,417,0,395,0.0,True
2010-01-22,417,417,0,395,0.0,True
2010-01-25,417,417,0,395,0.0,True
2010-01-26,417,417,0,395,0.0,True
2010-01-27,417,417,0,395,0.0,True
2010-01-28,417,417,0,395,0.0,True
2010-01-29,417,418,0,395,0.0,True
2010-02-01,418,418,0,396,0.0,True
2010-02-02,418,418,0,396,0.0,True
2010-02-03,418,418,0,396,0.0,True
2010-02-04,418,418,0,396,0.0,True
2010-02-05,418,418,0,396,0.0,True
2010-02-08,418,419,0,396,0.0,True
2010-02-09,419,419,0,396,0.0,True
2010-02-10,419,419,0,396,0.0,True
2010-02-11,419,418,1,395,0.002386634844868735,True
2010-02-12,418,418,0,395,0.0,True
2010-02-16,418,418,0,395,0.0,True
2010-02-17,418,418,0,395,0.0,True
2010-02-18,418,418,0,395,0.0,True
2010-02-19,418,418,0,395,0.0,True
2010-02-22,418,418,0,395,0.0,True
2010-02-23,418,418,0,395,0.0,True
2010-02-24,418,418,0,395,0.0,True
2010-02-25,418,418,0,395,0.0,True
2010-02-26,418,418,0,395,0.0,True
2010-03-01,418,419,1,394,0.0023923444976076554,True
2010-03-02,419,419,0,394,0.0,True
2010-03-03,419,419,0,394,0.0,True
2010-03-04,419,419,0,396,0.0,True
2010-03-05,419,419,0,396,0.0,True
2010-03-08,419,419,0,396,0.0,True
2010-03-09,419,419,0,396,0.0,True
2010-03-10,419,419,0,396,0.0,True
2010-03-11,419,419,0,396,0.0,True
2010-03-12,419,418,1,395,0.002386634844868735,True
2010-03-15,418,419,0,395,0.0,True
2010-03-16,419,419,0,395,0.0,True
2010-03-17,419,419,0,395,0.0,True
2010-03-18,419,419,0,395,0.0,True
2010-03-19,419,419,0,395,0.0,True
2010-03-22,419,419,0,395,0.0,True
2010-03-23,419,419,0,395,0.0,True
2010-03-24,419,419,0,395,0.0,True
2010-03-25,419,419,0,395,0.0,True
2010-03-26,419,419,0,395,0.0,True
2010-03-29,419,419,0,396,0.0,True
2010-03-30,419,419,0,397,0.0,True
2010-03-31,419,419,0,397,0.0,True
2010-04-01,419,419,0,397,0.0,True
2010-04-05,419,419,0,398,0.0,True
2010-04-06,419,419,0,398,0.0,True
2010-04-07,419,419,0,398,0.0,True
2010-04-08,419,419,0,398,0.0,True
2010-04-09,419,419,0,398,0.0,True
2010-04-12,419,419,0,398,0.0,True
2010-04-13,419,419,0,398,0.0,True
2010-04-14,419,419,0,398,0.0,True
2010-04-15,419,419,0,398,0.0,True
2010-04-16,419,419,0,398,0.0,True
2010-04-19,419,419,0,398,0.0,True
2010-04-20,419,419,0,398,0.0,True
2010-04-21,419,419,0,398,0.0,True
2010-04-22,419,418,1,397,0.002386634844868735,True
2010-04-23,418,418,0,397,0.0,True
2010-04-26,418,418,0,397,0.0,True
2010-04-27,418,418,0,397,0.0,True
2010-04-28,418,418,0,397,0.0,True
2010-04-29,418,418,0,397,0.0,True
2010-04-30,418,418,0,397,0.0,True
2010-05-03,418,418,0,397,0.0,True
2010-05-04,418,418,0,397,0.0,True
2010-05-05,418,418,0,397,0.0,True
2010-05-06,418,418,0,397,0.0,True
2010-05-07,418,418,0,397,0.0,True
2010-05-10,418,418,0,397,0.0,True
2010-05-11,418,418,0,397,0.0,True
2010-05-12,418,418,0,397,0.0,True
2010-05-13,418,418,0,397,0.0,True
2010-05-14,418,418,0,397,0.0,True
2010-05-17,418,418,0,397,0.0,True
2010-05-18,418,418,0,397,0.0,True
2010-05-19,418,418,0,397,0.0,True
2010-05-20,418,418,0,397,0.0,True
2010-05-21,418,418,0,397,0.0,True
2010-05-24,418,418,0,397,0.0,True
2010-05-25,418,418,0,397,0.0,True
2010-05-26,418,418,0,397,0.0,True
2010-05-27,418,418,0,397,0.0,True
2010-05-28,418,418,0,397,0.0,True
2010-06-01,418,418,0,397,0.0,True
2010-06-02,418,418,0,397,0.0,True
2010-06-03,418,418,0,397,0.0,True
2010-06-04,418,418,0,397,0.0,True
2010-06-07,418,418,0,398,0.0,True
2010-06-08,418,418,0,398,0.0,True
2010-06-09,418,418,0,398,0.0,True
2010-06-10,418,418,0,398,0.0,True
2010-06-11,418,418,0,398,0.0,True
2010-06-14,418,418,0,398,0.0,True
2010-06-15,418,418,0,398,0.0,True
2010-06-16,418,418,0,398,0.0,True
2010-06-17,418,418,0,398,0.0,True
2010-06-18,418,418,0,398,0.0,True
2010-06-21,418,418,0,398,0.0,True
2010-06-22,418,417,1,397,0.0023923444976076554,True
2010-06-23,417,417,0,397,0.0,True
2010-06-24,417,417,0,397,0.0,True
2010-06-25,417,417,0,397,0.0,True
2010-06-28,417,418,0,397,0.0,True
2010-06-29,418,418,0,397,0.0,True
2010-06-30,418,418,0,398,0.0,True
2010-07-01,418,419,0,400,0.0,True
2010-07-02,419,419,0,400,0.0,True
2010-07-06,419,419,0,400,0.0,True
2010-07-07,419,419,0,400,0.0,True
2010-07-08,419,419,0,400,0.0,True
2010-07-09,419,419,0,400,0.0,True
2010-07-12,419,419,0,400,0.0,True
2010-07-13,419,419,0,400,0.0,True
2010-07-14,419,419,0,400,0.0,True
2010-07-15,419,419,0,400,0.0,True
2010-07-16,419,419,0,400,0.0,True
2010-07-19,419,419,0,400,0.0,True
2010-07-20,419,419,0,400,0.0,True
2010-07-21,419,419,0,400,0.0,True
2010-07-22,419,419,0,400,0.0,True
2010-07-23,419,419,0,400,0.0,True
2010-07-26,419,419,0,400,0.0,True
2010-07-27,419,419,0,401,0.0,True
2010-07-28,419,419,0,401,0.0,True
2010-07-29,419,419,0,401,0.0,True
2010-07-30,419,419,0,401,0.0,True
2010-08-02,419,419,0,401,0.0,True
2010-08-03,419,419,0,401,0.0,True
2010-08-04,419,419,0,401,0.0,True
2010-08-05,419,419,0,401,0.0,True
2010-08-06,419,419,0,401,0.0,True
2010-08-09,419,419,0,401,0.0,True
2010-08-10,419,419,0,401,0.0,True
2010-08-11,419,419,0,401,0.0,True
2010-08-12,419,419,0,401,0.0,True
2010-08-13,419,419,0,401,0.0,True
2010-08-16,419,419,0,401,0.0,True
2010-08-17,419,419,0,401,0.0,True
2010-08-18,419,419,0,401,0.0,True
2010-08-19,419,419,0,402,0.0,True
2010-08-20,419,419,0,402,0.0,True
2010-08-23,419,419,0,402,0.0,True
2010-08-24,419,419,0,402,0.0,True
2010-08-25,419,419,0,402,0.0,True
2010-08-26,419,419,0,402,0.0,True
2010-08-27,419,419,0,402,0.0,True
2010-08-30,419,419,0,402,0.0,True
2010-08-31,419,419,0,402,0.0,True
2010-09-01,419,419,0,403,0.0,True
2010-09-02,419,419,0,403,0.0,True
2010-09-03,419,419,0,403,0.0,True
2010-09-07,419,419,0,403,0.0,True
2010-09-08,419,419,0,403,0.0,True
2010-09-09,419,419,0,404,0.0,True
2010-09-10,419,419,0,404,0.0,True
2010-09-13,419,419,0,404,0.0,True
2010-09-14,419,419,0,404,0.0,True
2010-09-15,419,419,0,404,0.0,True
2010-09-16,419,419,0,404,0.0,True
2010-09-17,419,419,0,404,0.0,True
2010-09-20,419,419,0,404,0.0,True
2010-09-21,419,419,0,404,0.0,True
2010-09-22,419,419,0,404,0.0,True
2010-09-23,419,419,0,404,0.0,True
2010-09-24,419,419,0,404,0.0,True
2010-09-27,419,419,0,404,0.0,True
2010-09-28,419,419,0,404,0.0,True
2010-09-29,419,419,0,404,0.0,True
2010-09-30,419,419,0,404,0.0,True
2010-10-01,419,419,0,404,0.0,True
2010-10-04,419,419,0,404,0.0,True
2010-10-05,419,419,0,404,0.0,True
2010-10-06,419,419,0,404,0.0,True
2010-10-07,419,419,0,404,0.0,True
2010-10-08,419,419,0,404,0.0,True
2010-10-11,419,419,0,404,0.0,True
2010-10-12,419,419,0,404,0.0,True
2010-10-13,419,419,0,404,0.0,True
2010-10-14,419,419,0,404,0.0,True
2010-10-15,419,419,0,404,0.0,True
2010-10-18,419,419,0,405,0.0,True
2010-10-19,419,419,0,405,0.0,True
2010-10-20,419,419,0,405,0.0,True
2010-10-21,419,419,0,405,0.0,True
2010-10-22,419,419,0,405,0.0,True
2010-10-25,419,419,0,405,0.0,True
2010-10-26,419,419,0,405,0.0,True
2010-10-27,419,419,0,405,0.0,True
2010-10-28,419,419,0,405,0.0,True
2010-10-29,419,419,0,405,0.0,True
2010-11-01,419,419,0,405,0.0,True
2010-11-02,419,419,0,405,0.0,True
2010-11-03,419,419,0,405,0.0,True
2010-11-04,419,419,0,405,0.0,True
2010-11-05,419,419,0,405,0.0,True
2010-11-08,419,419,0,406,0.0,True
2010-11-09,419,418,1,405,0.002386634844868735,True
2010-11-10,418,418,0,405,0.0,True
2010-11-11,418,418,0,405,0.0,True
2010-11-12,418,418,0,405,0.0,True
2010-11-15,418,418,0,405,0.0,True
2010-11-16,418,418,0,405,0.0,True
2010-11-17,418,418,0,405,0.0,True
2010-11-18,418,418,0,405,0.0,True
2010-11-19,418,418,0,405,0.0,True
2010-11-22,418,418,0,405,0.0,True
2010-11-23,418,418,0,405,0.0,True
2010-11-24,418,418,0,405,0.0,True
2010-11-26,418,418,0,405,0.0,True
2010-11-29,418,418,0,405,0.0,True
2010-11-30,418,418,0,405,0.0,True
2010-12-01,418,418,0,405,0.0,True
2010-12-02,418,418,0,405,0.0,True
2010-12-03,418,418,0,405,0.0,True
2010-12-06,418,418,0,405,0.0,True
2010-12-07,418,418,0,405,0.0,True
2010-12-08,418,418,0,405,0.0,True
2010-12-09,418,418,0,405,0.0,True
2010-12-10,418,418,0,405,0.0,True
2010-12-13,418,418,0,405,0.0,True
2010-12-14,418,418,0,405,0.0,True
2010-12-15,418,418,0,405,0.0,True
2010-12-16,418,418,0,405,0.0,True
2010-12-17,418,418,0,405,0.0,True
2010-12-20,418,418,3,402,0.007177033492822967,True
2010-12-21,418,418,0,407,0.0,True
2010-12-22,418,418,0,407,0.0,True
2010-12-23,418,418,0,408,0.0,True
2010-12-27,418,418,0,408,0.0,True
2010-12-28,418,418,0,408,0.0,True
2010-12-29,418,418,0,408,0.0,True
2010-12-30,418,418,0,408,0.0,True
2010-12-31,418,418,0,408,0.0,True
2011-01-03,418,417,1,407,0.0023923444976076554,True
2011-01-04,417,417,0,407,0.0,True
2011-01-05,417,417,0,407,0.0,True
2011-01-06,417,417,0,407,0.0,True
2011-01-07,417,417,0,407,0.0,True
2011-01-10,417,417,0,407,0.0,True
2011-01-11,417,417,0,407,0.0,True
2011-01-12,417,417,0,407,0.0,True
2011-01-13,417,417,0,407,0.0,True
2011-01-14,417,417,0,407,0.0,True
2011-01-18,417,417,0,407,0.0,True
2011-01-19,417,417,0,407,0.0,True
2011-01-20,417,417,0,407,0.0,True
2011-01-21,417,417,0,407,0.0,True
2011-01-24,417,417,0,407,0.0,True
2011-01-25,417,417,0,407,0.0,True
2011-01-26,417,417,0,407,0.0,True
2011-01-27,417,417,0,407,0.0,True
2011-01-28,417,417,0,408,0.0,True
2011-01-31,417,417,0,408,0.0,True
2011-02-01,417,417,0,408,0.0,True
2011-02-02,417,417,0,408,0.0,True
2011-02-03,417,417,0,408,0.0,True
2011-02-04,417,417,0,408,0.0,True
2011-02-07,417,417,0,409,0.0,True
2011-02-08,417,417,0,409,0.0,True
2011-02-09,417,417,0,409,0.0,True
2011-02-10,417,417,0,409,0.0,True
2011-02-11,417,417,0,409,0.0,True
2011-02-14,417,417,0,409,0.0,True
2011-02-15,417,417,0,409,0.0,True
2011-02-16,417,417,0,409,0.0,True
2011-02-17,417,417,0,409,0.0,True
2011-02-18,417,417,0,409,0.0,True
2011-02-22,417,417,0,409,0.0,True
2011-02-23,417,417,0,409,0.0,True
2011-02-24,417,417,0,409,0.0,True
2011-02-25,417,417,0,409,0.0,True
2011-02-28,417,418,0,411,0.0,True
2011-03-01,418,418,1,410,0.0023923444976076554,True
2011-03-02,418,418,0,410,0.0,True
2011-03-03,418,418,0,410,0.0,True
2011-03-04,418,418,0,410,0.0,True
2011-03-07,418,418,0,410,0.0,True
2011-03-08,418,418,0,410,0.0,True
2011-03-09,418,418,0,410,0.0,True
2011-03-10,418,418,0,410,0.0,True
2011-03-11,418,418,0,410,0.0,True
2011-03-14,418,418,0,411,0.0,True
2011-03-15,418,418,0,411,0.0,True
2011-03-16,418,418,0,411,0.0,True
2011-03-17,418,418,0,411,0.0,True
2011-03-18,418,418,0,411,0.0,True
2011-03-21,418,418,0,411,0.0,True
2011-03-22,418,418,0,411,0.0,True
2011-03-23,418,418,0,411,0.0,True
2011-03-24,418,418,0,411,0.0,True
2011-03-25,418,418,0,411,0.0,True
2011-03-28,418,418,0,411,0.0,True
2011-03-29,418,418,0,411,0.0,True
2011-03-30,418,418,0,411,0.0,True
2011-03-31,418,418,0,411,0.0,True
2011-04-01,418,419,0,411,0.0,True
2011-04-04,419,420,0,411,0.0,True
2011-04-05,420,420,0,411,0.0,True
2011-04-06,420,420,0,411,0.0,True
2011-04-07,420,420,0,411,0.0,True
2011-04-08,420,420,0,411,0.0,True
2011-04-11,420,420,0,411,0.0,True
2011-04-12,420,420,0,411,0.0,True
2011-04-13,420,420,0,411,0.0,True
2011-04-14,420,420,0,411,0.0,True
2011-04-15,420,420,0,411,0.0,True
2011-04-18,420,420,0,411,0.0,True
2011-04-19,420,420,0,411,0.0,True
2011-04-20,420,420,0,411,0.0,True
2011-04-21,420,420,0,411,0.0,True
2011-04-25,420,420,0,411,0.0,True
2011-04-26,420,419,1,410,0.002380952380952381,True
2011-04-27,419,419,0,410,0.0,True
2011-04-28,419,420,0,410,0.0,True
2011-04-29,420,420,0,410,0.0,True
2011-05-02,420,420,0,410,0.0,True
2011-05-03,420,420,0,410,0.0,True
2011-05-04,420,420,0,410,0.0,True
2011-05-05,420,420,0,410,0.0,True
2011-05-06,420,420,0,410,0.0,True
2011-05-09,420,420,0,410,0.0,True
2011-05-10,420,420,0,410,0.0,True
2011-05-11,420,420,0,410,0.0,True
2011-05-12,420,420,0,410,0.0,True
2011-05-13,420,420,0,410,0.0,True
2011-05-16,420,420,0,410,0.0,True
2011-05-17,420,420,0,410,0.0,True
2011-05-18,420,420,0,410,0.0,True
2011-05-19,420,420,0,410,0.0,True
2011-05-20,420,420,0,410,0.0,True
2011-05-23,420,420,0,410,0.0,True
2011-05-24,420,419,1,409,0.002380952380952381,True
2011-05-25,419,419,0,409,0.0,True
2011-05-26,419,419,0,409,0.0,True
2011-05-27,419,419,0,409,0.0,True
2011-05-31,419,419,0,409,0.0,True
2011-06-01,419,419,0,409,0.0,True
2011-06-02,419,419,0,409,0.0,True
2011-06-03,419,419,0,409,0.0,True
2011-06-06,419,419,0,409,0.0,True
2011-06-07,419,419,0,409,0.0,True
2011-06-08,419,419,0,409,0.0,True
2011-06-09,419,419,0,409,0.0,True
2011-06-10,419,419,0,409,0.0,True
2011-06-13,419,419,0,409,0.0,True
2011-06-14,419,419,0,409,0.0,True
2011-06-15,419,419,0,409,0.0,True
2011-06-16,419,419,0,409,0.0,True
2011-06-17,419,419,0,409,0.0,True
2011-06-20,419,419,0,409,0.0,True
2011-06-21,419,419,0,409,0.0,True
2011-06-22,419,419,0,409,0.0,True
2011-06-23,419,419,0,409,0.0,True
2011-06-24,419,419,0,409,0.0,True
2011-06-27,419,419,0,410,0.0,True
2011-06-28,419,419,0,410,0.0,True
2011-06-29,419,419,0,410,0.0,True
2011-06-30,419,419,0,411,0.0,True
2011-07-01,419,420,0,411,0.0,True
2011-07-05,420,420,0,411,0.0,True
2011-07-06,420,421,0,411,0.0,True
2011-07-07,421,421,0,411,0.0,True
2011-07-08,421,421,0,411,0.0,True
2011-07-11,421,421,0,411,0.0,True
2011-07-12,421,421,0,411,0.0,True
2011-07-13,421,421,0,411,0.0,True
2011-07-14,421,421,0,411,0.0,True
2011-07-15,421,421,0,411,0.0,True
2011-07-18,421,421,0,411,0.0,True
2011-07-19,421,421,0,411,0.0,True
2011-07-20,421,421,0,411,0.0,True
2011-07-21,421,421,0,411,0.0,True
2011-07-22,421,421,0,411,0.0,True
2011-07-25,421,421,0,411,0.0,True
2011-07-26,421,421,0,411,0.0,True
2011-07-27,421,421,0,411,0.0,True
2011-07-28,421,421,0,411,0.0,True
2011-07-29,421,421,0,411,0.0,True
2011-08-01,421,421,0,411,0.0,True
2011-08-02,421,421,0,411,0.0,True
2011-08-03,421,421,0,411,0.0,True
2011-08-04,421,421,0,411,0.0,True
2011-08-05,421,421,0,411,0.0,True
2011-08-08,421,421,0,411,0.0,True
2011-08-09,421,421,0,411,0.0,True
2011-08-10,421,421,0,411,0.0,True
2011-08-11,421,421,0,411,0.0,True
2011-08-12,421,421,0,411,0.0,True
2011-08-15,421,421,0,411,0.0,True
2011-08-16,421,421,0,411,0.0,True
2011-08-17,421,421,0,411,0.0,True
2011-08-18,421,421,0,411,0.0,True
2011-08-19,421,421,0,411,0.0,True
2011-08-22,421,421,0,411,0.0,True
2011-08-23,421,421,0,411,0.0,True
2011-08-24,421,421,0,411,0.0,True
2011-08-25,421,421,0,411,0.0,True
2011-08-26,421,421,0,411,0.0,True
2011-08-29,421,421,0,411,0.0,True
2011-08-30,421,421,0,411,0.0,True
2011-08-31,421,421,0,411,0.0,True
2011-09-01,421,421,0,411,0.0,True
2011-09-02,421,421,0,411,0.0,True
2011-09-06,421,421,0,411,0.0,True
2011-09-07,421,421,0,411,0.0,True
2011-09-08,421,421,0,411,0.0,True
2011-09-09,421,421,0,411,0.0,True
2011-09-12,421,421,0,411,0.0,True
2011-09-13,421,421,0,411,0.0,True
2011-09-14,421,421,0,411,0.0,True
2011-09-15,421,421,0,411,0.0,True
2011-09-16,421,421,0,411,0.0,True
2011-09-19,421,421,0,411,0.0,True
2011-09-20,421,421,0,411,0.0,True
2011-09-21,421,421,0,411,0.0,True
2011-09-22,421,421,0,411,0.0,True
2011-09-23,421,421,0,411,0.0,True
2011-09-26,421,422,0,411,0.0,True
2011-09-27,422,422,0,411,0.0,True
2011-09-28,422,422,0,411,0.0,True
2011-09-29,422,422,0,411,0.0,True
2011-09-30,422,422,0,411,0.0,True
2011-10-03,422,422,0,411,0.0,True
2011-10-04,422,422,0,411,0.0,True
2011-10-05,422,422,0,411,0.0,True
2011-10-06,422,422,0,411,0.0,True
2011-10-07,422,422,0,411,0.0,True
2011-10-10,422,422,0,411,0.0,True
2011-10-11,422,422,0,411,0.0,True
2011-10-12,422,421,1,410,0.002369668246445498,True
2011-10-13,421,421,0,410,0.0,True
2011-10-14,421,421,0,410,0.0,True
2011-10-17,421,422,0,410,0.0,True
2011-10-18,422,422,0,410,0.0,True
2011-10-19,422,422,0,410,0.0,True
2011-10-20,422,422,0,410,0.0,True
2011-10-21,422,422,0,410,0.0,True
2011-10-24,422,422,0,410,0.0,True
2011-10-25,422,422,0,410,0.0,True
2011-10-26,422,422,0,410,0.0,True
2011-10-27,422,422,0,410,0.0,True
2011-10-28,422,422,0,410,0.0,True
2011-10-31,422,422,0,410,0.0,True
2011-11-01,422,422,1,409,0.002369668246445498,True
2011-11-02,422,422,0,409,0.0,True
2011-11-03,422,422,0,409,0.0,True
2011-11-04,422,422,0,409,0.0,True
2011-11-07,422,422,0,409,0.0,True
2011-11-08,422,422,0,409,0.0,True
2011-11-09,422,422,0,409,0.0,True
2011-11-10,422,422,0,409,0.0,True
2011-11-11,422,422,0,409,0.0,True
2011-11-14,422,422,0,409,0.0,True
2011-11-15,422,422,0,409,0.0,True
2011-11-16,422,422,0,409,0.0,True
2011-11-17,422,422,0,409,0.0,True
2011-11-18,422,422,0,409,0.0,True
2011-11-21,422,421,1,408,0.002369668246445498,True
2011-11-22,421,421,0,408,0.0,True
2011-11-23,421,421,0,408,0.0,True
2011-11-25,421,421,0,408,0.0,True
2011-11-28,421,421,0,408,0.0,True
2011-11-29,421,421,0,408,0.0,True
2011-11-30,421,421,0,408,0.0,True
2011-12-01,421,421,0,408,0.0,True
2011-12-02,421,421,0,408,0.0,True
2011-12-05,421,421,0,408,0.0,True
2011-12-06,421,421,0,408,0.0,True
2011-12-07,421,421,0,408,0.0,True
2011-12-08,421,421,0,408,0.0,True
2011-12-09,421,421,0,408,0.0,True
2011-12-12,421,421,0,408,0.0,True
2011-12-13,421,421,0,408,0.0,True
2011-12-14,421,421,0,408,0.0,True
2011-12-15,421,419,2,406,0.004750593824228029,True
2011-12-16,419,419,0,406,0.0,True
2011-12-19,419,422,0,409,0.0,True
2011-12-20,422,422,0,409,0.0,True
2011-12-21,422,422,1,408,0.002369668246445498,True
2011-12-22,422,422,0,408,0.0,True
2011-12-23,422,422,0,408,0.0,True
2011-12-27,422,422,0,408,0.0,True
2011-12-28,422,422,0,408,0.0,True
2011-12-29,422,422,0,408,0.0,True
2011-12-30,422,422,0,408,0.0,True
2012-01-03,422,422,1,408,0.002369668246445498,True
2012-01-04,422,422,0,408,0.0,True
2012-01-05,422,422,0,408,0.0,True
2012-01-06,422,422,0,408,0.0,True
2012-01-09,422,422,0,408,0.0,True
2012-01-10,422,422,0,408,0.0,True
2012-01-11,422,422,0,408,0.0,True
2012-01-12,422,422,0,408,0.0,True
2012-01-13,422,422,0,408,0.0,True
2012-01-17,422,422,0,408,0.0,True
2012-01-18,422,422,0,408,0.0,True
2012-01-19,422,422,0,408,0.0,True
2012-01-20,422,422,0,408,0.0,True
2012-01-23,422,422,0,408,0.0,True
2012-01-24,422,422,0,408,0.0,True
2012-01-25,422,422,0,408,0.0,True
2012-01-26,422,422,0,408,0.0,True
2012-01-27,422,422,0,408,0.0,True
2012-01-30,422,422,0,408,0.0,True
2012-01-31,422,422,0,408,0.0,True
2012-02-01,422,422,0,408,0.0,True
2012-02-02,422,422,0,408,0.0,True
2012-02-03,422,422,0,408,0.0,True
2012-02-06,422,422,0,408,0.0,True
2012-02-07,422,422,0,408,0.0,True
2012-02-08,422,422,0,408,0.0,True
2012-02-09,422,422,0,408,0.0,True
2012-02-10,422,422,0,408,0.0,True
2012-02-13,422,422,0,408,0.0,True
2012-02-14,422,422,0,408,0.0,True
2012-02-15,422,422,0,408,0.0,True
2012-02-16,422,422,0,408,0.0,True
2012-02-17,422,422,0,408,0.0,True
2012-02-21,422,422,0,408,0.0,True
2012-02-22,422,422,0,408,0.0,True
2012-02-23,422,422,0,408,0.0,True
2012-02-24,422,422,0,408,0.0,True
2012-02-27,422,422,0,408,0.0,True
2012-02-28,422,422,0,409,0.0,True
2012-02-29,422,422,0,409,0.0,True
2012-03-01,422,422,0,409,0.0,True
2012-03-02,422,422,0,409,0.0,True
2012-03-05,422,422,0,409,0.0,True
2012-03-06,422,422,0,409,0.0,True
2012-03-07,422,422,0,409,0.0,True
2012-03-08,422,422,0,409,0.0,True
2012-03-09,422,422,0,409,0.0,True
2012-03-12,422,422,0,409,0.0,True
2012-03-13,422,423,0,409,0.0,True
2012-03-14,423,423,0,409,0.0,True
2012-03-15,423,423,0,409,0.0,True
2012-03-16,423,423,0,409,0.0,True
2012-03-19,423,423,0,409,0.0,True
2012-03-20,423,423,0,409,0.0,True
2012-03-21,423,423,0,409,0.0,True
2012-03-22,423,423,0,409,0.0,True
2012-03-23,423,422,1,408,0.002364066193853428,True
2012-03-26,422,422,0,408,0.0,True
2012-03-27,422,422,0,408,0.0,True
2012-03-28,422,422,0,408,0.0,True
2012-03-29,422,422,0,408,0.0,True
2012-03-30,422,422,0,408,0.0,True
2012-04-02,422,422,0,409,0.0,True
2012-04-03,422,422,0,410,0.0,True
2012-04-04,422,423,0,410,0.0,True
2012-04-05,423,423,0,410,0.0,True
2012-04-09,423,423,0,410,0.0,True
2012-04-10,423,423,0,410,0.0,True
2012-04-11,423,423,0,410,0.0,True
2012-04-12,423,423,0,410,0.0,True
2012-04-13,423,423,0,410,0.0,True
2012-04-16,423,423,0,410,0.0,True
2012-04-17,423,423,0,410,0.0,True
2012-04-18,423,423,0,410,0.0,True
2012-04-19,423,423,0,410,0.0,True
2012-04-20,423,423,0,410,0.0,True
2012-04-23,423,423,0,410,0.0,True
2012-04-24,423,423,0,410,0.0,True
2012-04-25,423,423,0,410,0.0,True
2012-04-26,423,423,0,410,0.0,True
2012-04-27,423,423,0,411,0.0,True
2012-04-30,423,423,0,411,0.0,True
2012-05-01,423,423,1,410,0.002364066193853428,True
2012-05-02,423,423,0,410,0.0,True
2012-05-03,423,423,0,410,0.0,True
2012-05-04,423,423,0,410,0.0,True
2012-05-07,423,423,0,410,0.0,True
2012-05-08,423,423,0,410,0.0,True
2012-05-09,423,423,0,410,0.0,True
2012-05-10,423,423,0,410,0.0,True
2012-05-11,423,423,0,410,0.0,True
2012-05-14,423,423,0,410,0.0,True
2012-05-15,423,423,0,410,0.0,True
2012-05-16,423,423,0,410,0.0,True
2012-05-17,423,423,0,410,0.0,True
2012-05-18,423,423,0,410,0.0,True
2012-05-21,423,423,0,410,0.0,True
2012-05-22,423,423,0,410,0.0,True
2012-05-23,423,423,0,410,0.0,True
2012-05-24,423,423,0,410,0.0,True
2012-05-25,423,425,0,410,0.0,True
2012-05-29,425,425,0,410,0.0,True
2012-05-30,425,425,0,410,0.0,True
2012-05-31,425,425,0,410,0.0,True
2012-06-01,425,425,0,410,0.0,True
2012-06-04,425,425,0,410,0.0,True
2012-06-05,425,425,1,409,0.002352941176470588,True
2012-06-06,425,425,0,409,0.0,True
2012-06-07,425,425,0,409,0.0,True
2012-06-08,425,425,0,409,0.0,True
2012-06-11,425,425,0,409,0.0,True
2012-06-12,425,425,0,409,0.0,True
2012-06-13,425,425,0,409,0.0,True
2012-06-14,425,425,0,409,0.0,True
2012-06-15,425,425,0,409,0.0,True
2012-06-18,425,425,0,409,0.0,True
2012-06-19,425,425,0,409,0.0,True
2012-06-20,425,425,0,409,0.0,True
2012-06-21,425,425,0,409,0.0,True
2012-06-22,425,425,0,409,0.0,True
2012-06-25,425,425,0,409,0.0,True
2012-06-26,425,425,0,409,0.0,True
2012-06-27,425,425,0,409,0.0,True
2012-06-28,425,425,0,409,0.0,True
2012-06-29,425,426,0,409,0.0,True
2012-07-02,426,427,0,410,0.0,True
2012-07-03,427,427,0,410,0.0,True
2012-07-05,427,427,0,411,0.0,True
2012-07-06,427,427,0,411,0.0,True
2012-07-09,427,427,0,411,0.0,True
2012-07-10,427,427,0,411,0.0,True
2012-07-11,427,427,0,411,0.0,True
2012-07-12,427,427,0,411,0.0,True
2012-07-13,427,427,0,411,0.0,True
2012-07-16,427,427,0,411,0.0,True
2012-07-17,427,427,0,411,0.0,True
2012-07-18,427,427,0,411,0.0,True
2012-07-19,427,427,0,411,0.0,True
2012-07-20,427,427,0,411,0.0,True
2012-07-23,427,427,0,411,0.0,True
2012-07-24,427,427,0,411,0.0,True
2012-07-25,427,427,0,411,0.0,True
2012-07-26,427,427,0,411,0.0,True
2012-07-27,427,427,0,411,0.0,True
2012-07-30,427,427,0,411,0.0,True
2012-07-31,427,428,0,411,0.0,True
2012-08-01,428,428,0,411,0.0,True
2012-08-02,428,428,0,411,0.0,True
2012-08-03,428,428,0,411,0.0,True
2012-08-06,428,428,0,411,0.0,True
2012-08-07,428,428,0,411,0.0,True
2012-08-08,428,428,0,411,0.0,True
2012-08-09,428,428,0,411,0.0,True
2012-08-10,428,428,0,411,0.0,True
2012-08-13,428,428,0,411,0.0,True
2012-08-14,428,428,0,411,0.0,True
2012-08-15,428,428,0,411,0.0,True
2012-08-16,428,428,0,411,0.0,True
2012-08-17,428,428,0,411,0.0,True
2012-08-20,428,428,0,411,0.0,True
2012-08-21,428,428,0,411,0.0,True
2012-08-22,428,428,0,411,0.0,True
2012-08-23,428,428,0,411,0.0,True
2012-08-24,428,428,0,411,0.0,True
2012-08-27,428,428,0,411,0.0,True
2012-08-28,428,428,0,411,0.0,True
2012-08-29,428,428,0,411,0.0,True
2012-08-30,428,428,0,411,0.0,True
2012-08-31,428,428,0,411,0.0,True
2012-09-04,428,428,0,411,0.0,True
2012-09-05,428,429,0,411,0.0,True
2012-09-06,429,429,0,411,0.0,True
2012-09-07,429,429,0,411,0.0,True
2012-09-10,429,429,0,411,0.0,True
2012-09-11,429,429,0,411,0.0,True
2012-09-12,429,429,0,411,0.0,True
2012-09-13,429,429,0,411,0.0,True
2012-09-14,429,429,0,411,0.0,True
2012-09-17,429,429,0,411,0.0,True
2012-09-18,429,429,0,411,0.0,True
2012-09-19,429,429,0,411,0.0,True
2012-09-20,429,429,0,411,0.0,True
2012-09-21,429,429,0,411,0.0,True
2012-09-24,429,429,0,411,0.0,True
2012-09-25,429,429,0,412,0.0,True
2012-09-26,429,428,1,411,0.002331002331002331,True
2012-09-27,428,428,0,411,0.0,True
2012-09-28,428,428,0,411,0.0,True
2012-10-01,428,429,0,411,0.0,True
2012-10-02,429,430,0,411,0.0,True
2012-10-03,430,430,0,411,0.0,True
2012-10-04,430,430,0,411,0.0,True
2012-10-05,430,431,0,411,0.0,True
2012-10-08,431,431,0,411,0.0,True
2012-10-09,431,431,0,411,0.0,True
2012-10-10,431,431,0,411,0.0,True
2012-10-11,431,431,0,411,0.0,True
2012-10-12,431,431,0,411,0.0,True
2012-10-15,431,431,0,411,0.0,True
2012-10-16,431,431,0,412,0.0,True
2012-10-17,431,431,0,412,0.0,True
2012-10-18,431,431,0,412,0.0,True
2012-10-19,431,431,0,412,0.0,True
2012-10-22,431,431,0,412,0.0,True
2012-10-23,431,431,0,412,0.0,True
2012-10-24,431,431,0,412,0.0,True
2012-10-25,431,431,0,412,0.0,True
2012-10-26,431,431,0,412,0.0,True
2012-10-31,431,431,0,412,0.0,True
2012-11-01,431,431,0,412,0.0,True
2012-11-02,431,431,0,413,0.0,True
2012-11-05,431,431,0,413,0.0,True
2012-11-06,431,431,0,413,0.0,True
2012-11-07,431,431,0,413,0.0,True
2012-11-08,431,431,0,413,0.0,True
2012-11-09,431,431,0,413,0.0,True
2012-11-12,431,431,0,413,0.0,True
2012-11-13,431,431,0,413,0.0,True
2012-11-14,431,431,0,413,0.0,True
2012-11-15,431,431,0,413,0.0,True
2012-11-16,431,431,0,413,0.0,True
2012-11-19,431,431,0,413,0.0,True
2012-11-20,431,431,0,413,0.0,True
2012-11-21,431,431,0,413,0.0,True
2012-11-23,431,431,0,413,0.0,True
2012-11-26,431,431,0,413,0.0,True
2012-11-27,431,431,0,413,0.0,True
2012-11-28,431,431,0,413,0.0,True
2012-11-29,431,431,0,413,0.0,True
2012-11-30,431,431,0,413,0.0,True
2012-12-03,431,432,0,413,0.0,True
2012-12-04,432,432,0,413,0.0,True
2012-12-05,432,432,0,413,0.0,True
2012-12-06,432,432,0,413,0.0,True
2012-12-07,432,432,0,413,0.0,True
2012-12-10,432,432,0,413,0.0,True
2012-12-11,432,432,0,413,0.0,True
2012-12-12,432,433,0,413,0.0,True
2012-12-13,433,433,0,413,0.0,True
2012-12-14,433,433,0,413,0.0,True
2012-12-17,433,433,0,413,0.0,True
2012-12-18,433,433,0,413,0.0,True
2012-12-19,433,433,0,413,0.0,True
2012-12-20,433,433,0,416,0.0,True
2012-12-21,433,433,0,416,0.0,True
2012-12-24,433,433,1,416,0.0023094688221709007,True
2012-12-26,433,433,0,416,0.0,True
2012-12-27,433,433,0,416,0.0,True
2012-12-28,433,433,0,416,0.0,True
2012-12-31,433,432,1,415,0.0023094688221709007,True
2013-01-02,432,435,0,415,0.0,True
2013-01-03,435,435,0,415,0.0,True
2013-01-04,435,435,0,416,0.0,True
2013-01-07,435,435,0,416,0.0,True
2013-01-08,435,435,0,416,0.0,True
2013-01-09,435,435,0,416,0.0,True
2013-01-10,435,435,0,416,0.0,True
2013-01-11,435,435,0,416,0.0,True
2013-01-14,435,435,0,416,0.0,True
2013-01-15,435,435,0,416,0.0,True
2013-01-16,435,435,0,416,0.0,True
2013-01-17,435,435,0,416,0.0,True
2013-01-18,435,435,0,416,0.0,True
2013-01-22,435,435,0,416,0.0,True
2013-01-23,435,435,0,416,0.0,True
2013-01-24,435,435,0,416,0.0,True
2013-01-25,435,435,0,416,0.0,True
2013-01-28,435,435,0,416,0.0,True
2013-01-29,435,435,0,416,0.0,True
2013-01-30,435,435,0,416,0.0,True
2013-01-31,435,435,0,416,0.0,True
2013-02-01,435,435,0,416,0.0,True
2013-02-04,435,435,0,416,0.0,True
2013-02-05,435,435,0,416,0.0,True
2013-02-06,435,435,0,416,0.0,True
2013-02-07,435,434,1,415,0.0022988505747126436,True
2013-02-08,434,434,0,415,0.0,True
2013-02-11,434,434,0,415,0.0,True
2013-02-12,434,434,0,415,0.0,True
2013-02-13,434,434,0,415,0.0,True
2013-02-14,434,435,0,415,0.0,True
2013-02-15,435,435,0,415,0.0,True
2013-02-19,435,435,0,415,0.0,True
2013-02-20,435,435,0,415,0.0,True
2013-02-21,435,435,0,415,0.0,True
2013-02-22,435,435,0,415,0.0,True
2013-02-25,435,435,0,415,0.0,True
2013-02-26,435,435,0,415,0.0,True
2013-02-27,435,435,0,415,0.0,True
2013-02-28,435,435,0,415,0.0,True
2013-03-01,435,435,0,415,0.0,True
2013-03-04,435,435,0,415,0.0,True
2013-03-05,435,435,0,415,0.0,True
2013-03-06,435,435,0,415,0.0,True
2013-03-07,435,435,0,415,0.0,True
2013-03-08,435,435,0,415,0.0,True
2013-03-11,435,435,0,415,0.0,True
2013-03-12,435,435,0,415,0.0,True
2013-03-13,435,435,0,415,0.0,True
2013-03-14,435,435,0,415,0.0,True
2013-03-15,435,435,0,416,0.0,True
2013-03-18,435,435,0,416,0.0,True
2013-03-19,435,435,0,416,0.0,True
2013-03-20,435,435,0,416,0.0,True
2013-03-21,435,435,0,416,0.0,True
2013-03-22,435,435,0,416,0.0,True
2013-03-25,435,435,0,416,0.0,True
2013-03-26,435,435,0,416,0.0,True
2013-03-27,435,435,0,416,0.0,True
2013-03-28,435,435,0,416,0.0,True
2013-04-01,435,435,0,416,0.0,True
2013-04-02,435,435,0,416,0.0,True
2013-04-03,435,435,0,416,0.0,True
2013-04-04,435,435,0,416,0.0,True
2013-04-05,435,435,0,416,0.0,True
2013-04-08,435,435,0,416,0.0,True
2013-04-09,435,435,0,417,0.0,True
2013-04-10,435,435,0,417,0.0,True
2013-04-11,435,435,0,417,0.0,True
2013-04-12,435,435,0,417,0.0,True
2013-04-15,435,435,0,417,0.0,True
2013-04-16,435,435,0,417,0.0,True
2013-04-17,435,435,0,417,0.0,True
2013-04-18,435,435,0,417,0.0,True
2013-04-19,435,435,0,417,0.0,True
2013-04-22,435,435,0,417,0.0,True
2013-04-23,435,435,0,417,0.0,True
2013-04-24,435,435,0,417,0.0,True
2013-04-25,435,435,0,417,0.0,True
2013-04-26,435,435,0,417,0.0,True
2013-04-29,435,435,0,417,0.0,True
2013-04-30,434,434,0,416,0.0,True
2013-05-01,434,435,0,416,0.0,True
2013-05-02,435,435,0,416,0.0,True
2013-05-03,435,434,1,416,0.0022988505747126436,True
2013-05-06,434,434,0,416,0.0,True
2013-05-07,434,434,0,416,0.0,True
2013-05-08,434,434,0,416,0.0,True
2013-05-09,434,435,0,416,0.0,True
2013-05-10,435,435,0,416,0.0,True
2013-05-13,435,435,0,416,0.0,True
2013-05-14,435,435,0,416,0.0,True
2013-05-15,435,435,0,416,0.0,True
2013-05-16,435,435,0,416,0.0,True
2013-05-17,435,435,0,416,0.0,True
2013-05-20,435,435,0,416,0.0,True
2013-05-21,435,435,0,416,0.0,True
2013-05-22,435,435,0,416,0.0,True
2013-05-23,435,435,0,416,0.0,True
2013-05-24,435,436,0,416,0.0,True
2013-05-28,436,436,0,416,0.0,True
2013-05-29,436,436,0,416,0.0,True
2013-05-30,436,436,0,418,0.0,True
2013-05-31,436,436,0,418,0.0,True
2013-06-03,436,436,0,418,0.0,True
2013-06-04,436,436,0,418,0.0,True
2013-06-05,436,436,0,418,0.0,True
2013-06-06,436,436,0,418,0.0,True
2013-06-07,436,436,1,418,0.0022935779816513763,True
2013-06-10,436,436,0,418,0.0,True
2013-06-11,436,436,0,418,0.0,True
2013-06-12,436,436,0,418,0.0,True
2013-06-13,436,436,0,418,0.0,True
2013-06-14,436,436,0,418,0.0,True
2013-06-17,436,436,0,418,0.0,True
2013-06-18,436,436,0,418,0.0,True
2013-06-19,436,436,0,418,0.0,True
2013-06-20,436,435,1,417,0.0022935779816513763,True
2013-06-21,435,435,0,417,0.0,True
2013-06-24,435,436,0,417,0.0,True
2013-06-25,436,436,0,417,0.0,True
2013-06-26,436,436,0,417,0.0,True
2013-06-27,436,436,0,417,0.0,True
2013-06-28,436,435,1,416,0.0022935779816513763,True
2013-07-01,435,436,0,416,0.0,True
2013-07-02,436,436,0,416,0.0,True
2013-07-03,436,436,0,417,0.0,True
2013-07-05,436,436,0,418,0.0,True
2013-07-08,436,436,0,418,0.0,True
2013-07-09,436,437,0,418,0.0,True
2013-07-10,437,437,0,418,0.0,True
2013-07-11,437,437,0,418,0.0,True
2013-07-12,437,437,0,418,0.0,True
2013-07-15,437,437,0,418,0.0,True
2013-07-16,437,437,0,418,0.0,True
2013-07-17,437,437,0,418,0.0,True
2013-07-18,437,437,0,418,0.0,True
2013-07-19,437,437,0,418,0.0,True
2013-07-22,437,437,0,418,0.0,True
2013-07-23,437,437,0,418,0.0,True
2013-07-24,437,437,0,418,0.0,True
2013-07-25,437,437,0,418,0.0,True
2013-07-26,437,437,0,418,0.0,True
2013-07-29,437,437,0,418,0.0,True
2013-07-30,437,437,0,418,0.0,True
2013-07-31,437,437,0,418,0.0,True
2013-08-01,437,437,0,418,0.0,True
2013-08-02,437,437,0,419,0.0,True
2013-08-05,437,437,0,419,0.0,True
2013-08-06,437,437,0,419,0.0,True
2013-08-07,437,437,0,419,0.0,True
2013-08-08,437,437,0,419,0.0,True
2013-08-09,437,437,0,419,0.0,True
2013-08-12,437,437,0,419,0.0,True
2013-08-13,437,437,0,419,0.0,True
2013-08-14,437,437,0,419,0.0,True
2013-08-15,437,437,0,419,0.0,True
2013-08-16,437,437,0,419,0.0,True
2013-08-19,437,437,0,419,0.0,True
2013-08-20,437,437,0,419,0.0,True
2013-08-21,437,437,0,419,0.0,True
2013-08-22,437,437,0,419,0.0,True
2013-08-23,437,437,0,419,0.0,True
2013-08-26,437,437,0,419,0.0,True
2013-08-27,437,437,0,419,0.0,True
2013-08-28,437,437,0,419,0.0,True
2013-08-29,437,437,0,419,0.0,True
2013-08-30,437,437,0,419,0.0,True
2013-09-03,437,437,0,419,0.0,True
2013-09-04,437,437,0,419,0.0,True
2013-09-05,437,437,0,419,0.0,True
2013-09-06,437,437,0,419,0.0,True
2013-09-09,437,437,0,420,0.0,True
2013-09-10,437,436,1,419,0.002288329519450801,True
2013-09-11,436,437,0,419,0.0,True
2013-09-12,437,437,0,419,0.0,True
2013-09-13,437,437,0,419,0.0,True
2013-09-16,437,437,0,419,0.0,True
2013-09-17,437,437,0,419,0.0,True
2013-09-18,435,435,0,417,0.0,True
2013-09-19,435,435,0,417,0.0,True
2013-09-20,435,435,0,417,0.0,True
2013-09-23,435,437,0,417,0.0,True
2013-09-24,437,437,0,417,0.0,True
2013-09-25,437,437,0,417,0.0,True
2013-09-26,437,437,0,417,0.0,True
2013-09-27,437,437,0,417,0.0,True
2013-09-30,437,437,0,417,0.0,True
2013-10-01,437,437,0,417,0.0,True
2013-10-02,437,437,0,417,0.0,True
2013-10-03,437,437,0,418,0.0,True
2013-10-04,437,437,0,419,0.0,True
2013-10-07,437,437,0,419,0.0,True
2013-10-08,437,437,0,419,0.0,True
2013-10-09,437,437,0,420,0.0,True
2013-10-10,437,437,0,420,0.0,True
2013-10-11,437,437,0,420,0.0,True
2013-10-14,437,437,0,420,0.0,True
2013-10-15,437,437,0,420,0.0,True
2013-10-16,437,437,0,420,0.0,True
2013-10-17,437,437,0,420,0.0,True
2013-10-18,437,437,0,420,0.0,True
2013-10-21,437,437,0,420,0.0,True
2013-10-22,437,437,0,420,0.0,True
2013-10-23,437,437,0,420,0.0,True
2013-10-24,437,437,0,420,0.0,True
2013-10-25,437,437,0,420,0.0,True
2013-10-28,437,437,0,420,0.0,True
2013-10-29,437,438,0,420,0.0,True
2013-10-30,438,438,0,420,0.0,True
2013-10-31,438,438,0,420,0.0,True
2013-11-01,438,438,0,420,0.0,True
2013-11-04,438,438,0,420,0.0,True
2013-11-05,438,438,0,420,0.0,True
2013-11-06,438,438,0,420,0.0,True
2013-11-07,438,438,0,420,0.0,True
2013-11-08,438,438,0,420,0.0,True
2013-11-11,438,438,0,420,0.0,True
2013-11-12,438,438,0,420,0.0,True
2013-11-13,438,439,0,420,0.0,True
2013-11-14,439,439,0,420,0.0,True
2013-11-15,439,439,0,420,0.0,True
2013-11-18,439,439,0,420,0.0,True
2013-11-19,439,439,0,420,0.0,True
2013-11-20,439,439,0,420,0.0,True
2013-11-21,439,439,0,420,0.0,True
2013-11-22,439,439,0,420,0.0,True
2013-11-25,439,439,0,420,0.0,True
2013-11-26,439,439,0,420,0.0,True
2013-11-27,439,439,0,420,0.0,True
2013-11-29,439,438,1,419,0.002277904328018223,True
2013-12-02,438,439,0,419,0.0,True
2013-12-03,439,439,0,420,0.0,True
2013-12-04,439,438,1,419,0.002277904328018223,True
2013-12-05,438,438,0,419,0.0,True
2013-12-06,438,438,0,419,0.0,True
2013-12-09,438,438,0,419,0.0,True
2013-12-10,438,439,0,419,0.0,True
2013-12-11,439,439,0,419,0.0,True
2013-12-12,439,439,0,420,0.0,True
2013-12-13,439,439,0,420,0.0,True
2013-12-16,439,439,0,420,0.0,True
2013-12-17,439,439,0,420,0.0,True
2013-12-18,439,439,0,420,0.0,True
2013-12-19,438,436,2,417,0.0045662100456621,True
2013-12-20,436,436,0,417,0.0,True
2013-12-23,436,438,0,417,0.0,True
2013-12-24,438,438,0,418,0.0,True
2013-12-26,438,438,0,418,0.0,True
2013-12-27,438,438,0,418,0.0,True
2013-12-30,438,438,0,418,0.0,True
2013-12-31,438,438,0,418,0.0,True
2014-01-02,438,438,0,421,0.0,True
2014-01-03,438,438,0,421,0.0,True
2014-01-06,438,438,0,421,0.0,True
2014-01-07,438,438,0,421,0.0,True
2014-01-08,438,438,0,421,0.0,True
2014-01-09,438,438,0,421,0.0,True
2014-01-10,438,438,0,421,0.0,True
2014-01-13,438,438,0,421,0.0,True
2014-01-14,438,438,0,421,0.0,True
2014-01-15,438,438,0,421,0.0,True
2014-01-16,438,438,0,421,0.0,True
2014-01-17,438,438,0,421,0.0,True
2014-01-21,438,438,0,421,0.0,True
2014-01-22,438,438,0,421,0.0,True
2014-01-23,438,438,0,421,0.0,True
2014-01-24,438,439,0,421,0.0,True
2014-01-27,439,439,0,421,0.0,True
2014-01-28,439,439,0,421,0.0,True
2014-01-29,439,439,0,421,0.0,True
2014-01-30,439,439,0,421,0.0,True
2014-01-31,439,439,0,421,0.0,True
2014-02-03,439,439,0,421,0.0,True
2014-02-04,439,439,0,421,0.0,True
2014-02-05,439,439,0,421,0.0,True
2014-02-06,439,439,0,421,0.0,True
2014-02-07,439,439,0,421,0.0,True
2014-02-10,439,439,0,421,0.0,True
2014-02-11,439,439,0,421,0.0,True
2014-02-12,439,439,0,421,0.0,True
2014-02-13,439,439,0,421,0.0,True
2014-02-14,439,439,0,422,0.0,True
2014-02-18,439,439,0,422,0.0,True
2014-02-19,439,439,0,422,0.0,True
2014-02-20,439,439,0,422,0.0,True
2014-02-21,439,439,0,422,0.0,True
2014-02-24,439,439,0,422,0.0,True
2014-02-25,439,439,0,422,0.0,True
2014-02-26,439,439,0,422,0.0,True
2014-02-27,439,439,0,422,0.0,True
2014-02-28,439,439,0,422,0.0,True
2014-03-03,439,439,0,422,0.0,True
2014-03-04,439,439,0,422,0.0,True
2014-03-05,439,439,0,422,0.0,True
2014-03-06,439,439,0,422,0.0,True
2014-03-07,439,439,0,422,0.0,True
2014-03-10,439,439,0,422,0.0,True
2014-03-11,439,439,0,422,0.0,True
2014-03-12,439,439,0,422,0.0,True
2014-03-13,439,438,1,421,0.002277904328018223,True
2014-03-14,438,438,0,421,0.0,True
2014-03-17,438,438,0,421,0.0,True
2014-03-18,438,438,0,421,0.0,True
2014-03-19,438,438,0,421,0.0,True
2014-03-20,438,438,0,421,0.0,True
2014-03-21,438,438,0,421,0.0,True
2014-03-24,438,439,0,421,0.0,True
2014-03-25,439,439,0,421,0.0,True
2014-03-26,439,439,0,421,0.0,True
2014-03-27,439,439,0,421,0.0,True
2014-03-28,439,439,0,421,0.0,True
2014-03-31,439,439,0,421,0.0,True
2014-04-01,439,439,0,421,0.0,True
2014-04-02,439,439,1,420,0.002277904328018223,True
2014-04-03,439,440,0,420,0.0,True
2014-04-04,440,440,0,420,0.0,True
2014-04-07,440,440,0,420,0.0,True
2014-04-08,440,440,0,420,0.0,True
2014-04-09,440,440,0,420,0.0,True
2014-04-10,440,440,0,420,0.0,True
2014-04-11,440,440,0,420,0.0,True
2014-04-14,440,440,0,420,0.0,True
2014-04-15,440,440,0,420,0.0,True
2014-04-16,440,440,0,420,0.0,True
2014-04-17,440,440,0,420,0.0,True
2014-04-21,440,440,0,420,0.0,True
2014-04-22,440,440,0,420,0.0,True
2014-04-23,440,439,1,419,0.0022727272727272726,True
2014-04-24,439,439,0,419,0.0,True
2014-04-25,439,439,0,419,0.0,True
2014-04-28,439,439,0,419,0.0,True
2014-04-29,439,439,0,419,0.0,True
2014-04-30,439,439,0,419,0.0,True
2014-05-01,439,441,0,420,0.0,True
2014-05-02,441,441,0,420,0.0,True
2014-05-05,441,441,0,420,0.0,True
2014-05-06,441,441,0,420,0.0,True
2014-05-07,441,440,1,419,0.0022675736961451248,True
2014-05-08,440,441,0,419,0.0,True
2014-05-09,441,441,0,420,0.0,True
2014-05-12,441,441,0,420,0.0,True
2014-05-13,441,441,0,420,0.0,True
2014-05-14,441,441,0,420,0.0,True
2014-05-15,441,441,0,420,0.0,True
2014-05-16,441,441,0,420,0.0,True
2014-05-19,441,441,0,420,0.0,True
2014-05-20,441,441,0,420,0.0,True
2014-05-21,441,441,0,420,0.0,True
2014-05-22,441,441,0,420,0.0,True
2014-05-23,441,441,0,420,0.0,True
2014-05-27,441,441,0,421,0.0,True
2014-05-28,441,441,0,421,0.0,True
2014-05-29,441,441,0,421,0.0,True
2014-05-30,441,441,0,421,0.0,True
2014-06-02,441,441,0,421,0.0,True
2014-06-03,441,441,0,421,0.0,True
2014-06-04,441,441,0,421,0.0,True
2014-06-05,441,441,0,421,0.0,True
2014-06-06,441,441,0,421,0.0,True
2014-06-09,441,441,0,422,0.0,True
2014-06-10,441,441,0,422,0.0,True
2014-06-11,441,441,0,422,0.0,True
2014-06-12,441,441,0,422,0.0,True
2014-06-13,441,441,0,422,0.0,True
2014-06-16,441,441,0,422,0.0,True
2014-06-17,441,441,0,422,0.0,True
2014-06-18,441,441,0,422,0.0,True
2014-06-19,441,441,0,422,0.0,True
2014-06-20,441,442,0,422,0.0,True
2014-06-23,442,442,0,422,0.0,True
2014-06-24,442,442,0,423,0.0,True
2014-06-25,442,442,0,423,0.0,True
2014-06-26,442,442,0,423,0.0,True
2014-06-27,442,442,0,423,0.0,True
2014-06-30,442,442,0,423,0.0,True
2014-07-01,442,443,0,424,0.0,True
2014-07-02,443,444,0,424,0.0,True
2014-07-03,444,444,0,424,0.0,True
2014-07-07,444,444,0,424,0.0,True
2014-07-08,444,444,0,424,0.0,True
2014-07-09,444,444,0,425,0.0,True
2014-07-10,444,444,0,425,0.0,True
2014-07-11,444,444,0,425,0.0,True
2014-07-14,444,444,0,425,0.0,True
2014-07-15,444,444,0,425,0.0,True
2014-07-16,444,444,0,425,0.0,True
2014-07-17,444,444,0,425,0.0,True
2014-07-18,444,444,0,425,0.0,True
2014-07-21,444,444,0,425,0.0,True
2014-07-22,444,444,0,425,0.0,True
2014-07-23,444,444,0,425,0.0,True
2014-07-24,444,444,0,425,0.0,True
2014-07-25,444,444,0,425,0.0,True
2014-07-28,444,444,0,425,0.0,True
2014-07-29,444,444,0,425,0.0,True
2014-07-30,444,444,0,425,0.0,True
2014-07-31,444,444,0,425,0.0,True
2014-08-01,444,444,0,425,0.0,True
2014-08-04,444,444,0,425,0.0,True
2014-08-05,444,444,0,425,0.0,True
2014-08-06,444,444,0,425,0.0,True
2014-08-07,444,445,0,425,0.0,True
2014-08-08,445,445,0,425,0.0,True
2014-08-11,445,445,0,425,0.0,True
2014-08-12,445,445,0,425,0.0,True
2014-08-13,445,445,0,425,0.0,True
2014-08-14,445,444,1,424,0.0022471910112359553,True
2014-08-15,444,444,0,424,0.0,True
2014-08-18,444,444,0,424,0.0,True
2014-08-19,444,444,0,424,0.0,True
2014-08-20,444,444,0,424,0.0,True
2014-08-21,444,444,0,424,0.0,True
2014-08-22,444,444,0,424,0.0,True
2014-08-25,444,444,0,424,0.0,True
2014-08-26,444,444,0,424,0.0,True
2014-08-27,444,444,0,424,0.0,True
2014-08-28,444,444,0,424,0.0,True
2014-08-29,444,444,0,424,0.0,True
2014-09-02,444,444,0,424,0.0,True
2014-09-03,444,444,0,424,0.0,True
2014-09-04,444,444,0,424,0.0,True
2014-09-05,444,444,0,424,0.0,True
2014-09-08,444,444,0,424,0.0,True
2014-09-09,444,444,0,424,0.0,True
2014-09-10,444,444,0,424,0.0,True
2014-09-11,444,444,0,425,0.0,True
2014-09-12,444,444,0,425,0.0,True
2014-09-15,444,444,0,425,0.0,True
2014-09-16,444,444,0,425,0.0,True
2014-09-17,444,444,0,425,0.0,True
2014-09-18,444,444,0,425,0.0,True
2014-09-19,444,444,0,425,0.0,True
2014-09-22,444,444,2,423,0.0045045045045045045,True
2014-09-23,444,444,0,425,0.0,True
2014-09-24,444,444,0,425,0.0,True
2014-09-25,444,444,0,425,0.0,True
2014-09-26,444,444,0,425,0.0,True
2014-09-29,444,444,0,425,0.0,True
2014-09-30,444,444,0,425,0.0,True
2014-10-01,444,444,0,425,0.0,True
2014-10-02,444,444,0,425,0.0,True
2014-10-03,444,444,0,425,0.0,True
2014-10-06,444,444,0,425,0.0,True
2014-10-07,444,444,0,425,0.0,True
2014-10-08,444,444,0,425,0.0,True
2014-10-09,444,444,0,425,0.0,True
2014-10-10,444,444,0,425,0.0,True
2014-10-13,444,444,0,425,0.0,True
2014-10-14,444,444,0,425,0.0,True
2014-10-15,444,444,0,425,0.0,True
2014-10-16,444,444,0,425,0.0,True
2014-10-17,444,444,0,425,0.0,True
2014-10-20,444,444,0,425,0.0,True
2014-10-21,444,444,0,425,0.0,True
2014-10-22,444,444,0,425,0.0,True
2014-10-23,444,444,0,425,0.0,True
2014-10-24,444,444,0,425,0.0,True
2014-10-27,443,443,0,424,0.0,True
2014-10-28,443,443,0,424,0.0,True
2014-10-29,443,443,0,425,0.0,True
2014-10-30,443,443,0,425,0.0,True
2014-10-31,443,443,0,425,0.0,True
2014-11-03,443,443,0,425,0.0,True
2014-11-04,443,443,0,425,0.0,True
2014-11-05,443,444,0,425,0.0,True
2014-11-06,444,444,0,425,0.0,True
2014-11-07,444,444,0,425,0.0,True
2014-11-10,444,444,0,425,0.0,True
2014-11-11,444,444,0,425,0.0,True
2014-11-12,444,444,0,425,0.0,True
2014-11-13,444,444,0,426,0.0,True
2014-11-14,444,444,0,426,0.0,True
2014-11-17,444,444,0,426,0.0,True
2014-11-18,444,444,0,426,0.0,True
2014-11-19,444,444,0,426,0.0,True
2014-11-20,444,444,0,426,0.0,True
2014-11-21,444,444,0,426,0.0,True
2014-11-24,444,444,0,426,0.0,True
2014-11-25,444,444,0,426,0.0,True
2014-11-26,444,444,0,426,0.0,True
2014-11-28,444,444,0,426,0.0,True
2014-12-01,444,444,0,426,0.0,True
2014-12-02,444,444,0,427,0.0,True
2014-12-03,444,444,0,427,0.0,True
2014-12-04,444,444,0,427,0.0,True
2014-12-05,444,444,1,426,0.0022522522522522522,True
2014-12-08,444,444,0,426,0.0,True
2014-12-09,444,444,0,426,0.0,True
2014-12-10,444,444,0,427,0.0,True
2014-12-11,444,444,0,427,0.0,True
2014-12-12,444,444,0,427,0.0,True
2014-12-15,444,444,0,427,0.0,True
2014-12-16,444,444,0,427,0.0,True
2014-12-17,444,444,0,427,0.0,True
2014-12-18,444,444,0,427,0.0,True
2014-12-19,444,444,0,427,0.0,True
2014-12-22,444,444,0,427,0.0,True
2014-12-23,444,444,0,429,0.0,True
2014-12-24,444,444,0,429,0.0,True
2015-01-08,445,445,0,429,0.0,True
2015-01-09,445,445,0,429,0.0,True
2015-01-12,445,445,0,429,0.0,True
2015-01-13,445,445,0,429,0.0,True
2015-01-14,445,445,0,429,0.0,True
2015-01-15,445,445,0,429,0.0,True
2015-01-16,445,444,1,428,0.0022471910112359553,True
2015-01-20,444,444,0,428,0.0,True
2015-01-21,444,444,0,428,0.0,True
2015-01-22,444,444,0,428,0.0,True
2015-01-23,444,444,0,428,0.0,True
2015-01-26,444,444,0,428,0.0,True
2015-01-27,444,446,0,428,0.0,True
2015-01-28,446,446,0,428,0.0,True
2015-01-29,446,446,0,428,0.0,True
2015-01-30,446,446,0,428,0.0,True
2015-02-02,446,446,0,428,0.0,True
2015-02-03,446,446,0,428,0.0,True
2015-02-04,446,446,0,428,0.0,True
2015-02-05,446,446,0,429,0.0,True
2015-02-06,446,446,0,429,0.0,True
2015-02-09,446,446,0,429,0.0,True
2015-02-10,446,446,0,429,0.0,True
2015-02-11,446,446,0,429,0.0,True
2015-02-12,446,446,0,429,0.0,True
2015-02-13,446,446,0,429,0.0,True
2015-02-17,446,446,0,429,0.0,True
2015-02-18,446,446,0,429,0.0,True
2015-02-19,446,446,0,429,0.0,True
2015-02-20,446,446,0,429,0.0,True
2015-02-23,446,446,0,429,0.0,True
2015-02-24,446,446,0,429,0.0,True
2015-02-25,446,446,0,429,0.0,True
2015-02-26,446,446,0,429,0.0,True
2015-02-27,446,446,0,429,0.0,True
2015-03-02,446,446,0,429,0.0,True
2015-03-03,446,446,0,429,0.0,True
2015-03-04,446,446,0,429,0.0,True
2015-03-05,446,446,0,429,0.0,True
2015-03-06,446,446,0,429,0.0,True
2015-03-09,446,446,0,429,0.0,True
2015-03-10,446,446,0,429,0.0,True
2015-03-11,446,446,0,429,0.0,True
2015-03-12,446,446,1,428,0.002242152466367713,True
2015-03-13,446,446,0,428,0.0,True
2015-03-16,446,445,1,427,0.002242152466367713,True
2015-03-17,445,445,0,427,0.0,True
2015-03-18,445,446,0,427,0.0,True
2015-03-19,446,446,0,427,0.0,True
2015-03-20,446,443,3,424,0.006726457399103139,True
2015-03-23,443,447,0,424,0.0,True
2015-03-24,447,447,0,424,0.0,True
2015-03-25,447,447,0,424,0.0,True
2015-03-26,447,447,0,424,0.0,True
2015-03-27,447,447,0,424,0.0,True
2015-03-30,447,447,0,424,0.0,True
2015-03-31,447,447,0,424,0.0,True
2015-04-01,447,446,1,423,0.0022371364653243847,True
2015-04-02,446,446,0,423,0.0,True
2015-04-06,446,446,0,424,0.0,True
2015-04-07,446,447,0,424,0.0,True
2015-04-08,447,447,0,424,0.0,True
2015-04-09,447,447,0,424,0.0,True
2015-04-10,447,447,0,424,0.0,True
2015-04-13,447,447,0,424,0.0,True
2015-04-14,447,447,0,424,0.0,True
2015-04-15,447,447,0,425,0.0,True
2015-04-16,447,447,0,426,0.0,True
2015-04-17,447,447,0,426,0.0,True
2015-04-20,447,447,0,426,0.0,True
2015-04-21,447,447,0,426,0.0,True
2015-04-22,447,447,0,426,0.0,True
2015-04-23,447,447,0,426,0.0,True
2015-04-24,447,447,0,426,0.0,True
2015-04-27,447,447,0,426,0.0,True
2015-04-28,447,447,0,426,0.0,True
2015-04-29,447,447,0,426,0.0,True
2015-04-30,447,447,0,426,0.0,True
2015-05-01,447,447,0,426,0.0,True
2015-05-04,447,447,0,426,0.0,True
2015-05-05,447,447,0,426,0.0,True
2015-05-06,447,447,0,426,0.0,True
2015-05-07,447,447,0,426,0.0,True
2015-05-08,447,447,0,426,0.0,True
2015-05-11,447,447,0,426,0.0,True
2015-05-12,447,447,0,426,0.0,True
2015-05-13,447,447,0,428,0.0,True
2015-05-14,447,447,0,428,0.0,True
2015-05-15,447,447,0,428,0.0,True
2015-05-18,447,447,0,428,0.0,True
2015-05-19,447,447,0,428,0.0,True
2015-05-20,447,447,0,429,0.0,True
2015-05-21,447,447,0,429,0.0,True
2015-05-22,447,447,0,429,0.0,True
2015-05-26,447,447,0,429,0.0,True
2015-05-27,447,447,0,429,0.0,True
2015-05-28,447,447,0,429,0.0,True
2015-05-29,447,447,0,429,0.0,True
2015-06-01,447,447,0,429,0.0,True
2015-06-02,447,447,0,429,0.0,True
2015-06-03,447,447,0,429,0.0,True
2015-06-04,447,447,0,429,0.0,True
2015-06-05,447,447,0,429,0.0,True
2015-06-08,447,447,0,429,0.0,True
2015-06-09,447,447,0,429,0.0,True
2015-06-10,447,447,0,429,0.0,True
2015-06-11,447,447,0,429,0.0,True
2015-06-12,447,447,1,428,0.0022371364653243847,True
2015-06-15,447,447,0,428,0.0,True
2015-06-16,447,447,0,428,0.0,True
2015-06-17,447,447,0,428,0.0,True
2015-06-18,447,447,0,428,0.0,True
2015-06-19,447,447,0,428,0.0,True
2015-06-22,447,447,0,428,0.0,True
2015-06-23,447,447,0,428,0.0,True
2015-06-24,447,447,0,428,0.0,True
2015-06-25,447,446,1,427,0.0022371364653243847,True
2015-06-26,446,446,0,427,0.0,True
2015-06-29,446,446,0,427,0.0,True
2015-06-30,446,446,0,427,0.0,True
2015-07-01,446,447,1,426,0.002242152466367713,True
2015-07-02,447,447,2,425,0.0044742729306487695,True
2015-07-06,447,447,1,424,0.0022371364653243847,True
2015-07-07,447,446,1,423,0.0022371364653243847,True
2015-07-08,446,446,0,423,0.0,True
2015-07-09,446,447,0,423,0.0,True
2015-07-10,447,447,0,423,0.0,True
2015-07-13,447,447,0,423,0.0,True
2015-07-14,447,447,0,424,0.0,True
2015-07-15,447,447,0,425,0.0,True
2015-07-16,447,447,0,425,0.0,True
2015-07-17,447,447,0,425,0.0,True
2015-07-20,447,448,0,425,0.0,True
2015-07-21,448,448,0,425,0.0,True
2015-07-22,448,448,0,425,0.0,True
2015-07-23,448,448,0,425,0.0,True
2015-07-24,448,448,0,425,0.0,True
2015-07-27,448,448,0,425,0.0,True
2015-07-28,448,448,0,425,0.0,True
2015-07-29,448,449,0,425,0.0,True
2015-07-30,449,449,0,425,0.0,True
2015-07-31,449,449,0,425,0.0,True
2015-08-03,449,449,0,425,0.0,True
2015-08-04,449,449,0,425,0.0,True
2015-08-05,449,449,0,425,0.0,True
2015-08-06,449,449,0,425,0.0,True
2015-08-07,449,449,0,425,0.0,True
2015-08-10,449,449,0,425,0.0,True
2015-08-11,449,449,0,425,0.0,True
2015-08-12,449,449,0,425,0.0,True
2015-08-13,449,449,0,425,0.0,True
2015-08-14,449,449,0,425,0.0,True
2015-08-17,449,449,0,425,0.0,True
2015-08-18,449,449,0,425,0.0,True
2015-08-19,449,449,0,426,0.0,True
2015-08-20,449,449,0,426,0.0,True
2015-08-21,449,449,0,426,0.0,True
2015-08-24,449,449,0,426,0.0,True
2015-08-25,449,449,0,426,0.0,True
2015-08-26,449,449,0,426,0.0,True
2015-08-27,449,449,0,426,0.0,True
2015-08-28,449,449,0,426,0.0,True
2015-08-31,449,450,0,426,0.0,True
2015-09-01,450,450,0,426,0.0,True
2015-09-02,450,449,1,425,0.0022222222222222222,True
2015-09-03,449,450,0,425,0.0,True
2015-09-04,450,450,0,425,0.0,True
2015-09-08,450,450,0,425,0.0,True
2015-09-09,450,450,0,425,0.0,True
2015-09-10,450,450,0,425,0.0,True
2015-09-11,450,450,0,425,0.0,True
2015-09-14,450,450,0,425,0.0,True
2015-09-15,450,450,0,425,0.0,True
2015-09-16,450,450,0,425,0.0,True
2015-09-17,450,450,0,425,0.0,True
2015-09-18,450,450,0,425,0.0,True
2015-09-21,450,452,0,425,0.0,True
2015-09-22,452,452,0,425,0.0,True
2015-09-23,452,452,0,425,0.0,True
2015-09-24,452,452,0,425,0.0,True
2015-09-25,452,452,0,425,0.0,True
2015-09-28,452,452,0,425,0.0,True
2015-09-29,452,452,0,425,0.0,True
2015-09-30,452,452,0,425,0.0,True
2015-10-01,452,452,0,425,0.0,True
2015-10-02,452,452,0,427,0.0,True
2015-10-05,452,452,0,427,0.0,True
2015-10-06,452,451,1,426,0.0022123893805309734,True
2015-10-07,451,451,0,426,0.0,True
2015-10-08,451,452,0,426,0.0,True
2015-10-09,452,452,0,426,0.0,True
2015-10-12,452,452,0,426,0.0,True
2015-10-13,452,452,0,426,0.0,True
2015-10-14,452,452,0,426,0.0,True
2015-10-15,452,452,0,426,0.0,True
2015-10-16,452,452,0,426,0.0,True
2015-10-19,452,452,0,426,0.0,True
2015-10-20,452,452,0,426,0.0,True
2015-10-21,452,452,0,426,0.0,True
2015-10-22,452,452,0,426,0.0,True
2015-10-23,452,452,0,426,0.0,True
2015-10-26,452,452,0,426,0.0,True
2015-10-27,452,452,0,426,0.0,True
2015-10-28,452,452,0,426,0.0,True
2015-10-29,452,451,1,425,0.0022123893805309734,True
2015-10-30,451,451,0,425,0.0,True
2015-11-02,451,452,0,425,0.0,True
2015-11-03,452,452,0,425,0.0,True
2015-11-04,452,452,0,425,0.0,True
2015-11-05,452,452,0,425,0.0,True
2015-11-06,452,452,0,425,0.0,True
2015-11-09,452,452,0,425,0.0,True
2015-11-10,452,452,0,425,0.0,True
2015-11-11,452,452,0,425,0.0,True
2015-11-12,452,452,0,425,0.0,True
2015-11-13,452,452,0,425,0.0,True
2015-11-16,452,452,0,425,0.0,True
2015-11-17,452,452,0,426,0.0,True
2015-11-18,452,451,2,424,0.004424778761061947,True
2015-11-19,451,452,0,424,0.0,True
2015-11-20,452,452,0,424,0.0,True
2015-11-23,452,452,0,424,0.0,True
2015-11-24,452,452,0,424,0.0,True
2015-11-25,452,452,0,424,0.0,True
2015-11-27,452,452,0,424,0.0,True
2015-11-30,452,453,0,424,0.0,True
2015-12-01,452,452,0,423,0.0,True
2015-12-02,452,452,0,423,0.0,True
2015-12-03,452,452,0,423,0.0,True
2015-12-04,452,452,0,423,0.0,True
2015-12-07,452,452,0,423,0.0,True
2015-12-08,452,452,0,423,0.0,True
2015-12-09,452,452,0,423,0.0,True
2015-12-10,452,451,1,423,0.0022123893805309734,True
2015-12-11,451,451,0,423,0.0,True
2015-12-14,451,451,0,423,0.0,True
2015-12-15,451,451,0,423,0.0,True
2015-12-16,451,451,0,423,0.0,True
2015-12-17,451,451,0,424,0.0,True
2015-12-18,451,451,0,424,0.0,True
2015-12-21,451,451,0,424,0.0,True
2015-12-22,451,451,0,424,0.0,True
2015-12-23,451,451,0,424,0.0,True
2015-12-24,451,451,0,424,0.0,True
2015-12-28,451,451,0,424,0.0,True
2015-12-29,451,452,0,424,0.0,True
2015-12-30,452,452,0,424,0.0,True
2015-12-31,452,452,0,424,0.0,True
2016-01-04,452,454,0,424,0.0,True
2016-01-05,454,454,1,423,0.0022026431718061676,True
2016-01-06,454,454,0,423,0.0,True
2016-01-07,454,454,0,424,0.0,True
2016-01-08,454,454,0,424,0.0,True
2016-01-11,454,454,0,424,0.0,True
2016-01-12,454,454,0,424,0.0,True
2016-01-13,454,454,0,424,0.0,True
2016-01-14,454,454,0,424,0.0,True
2016-01-15,454,454,0,424,0.0,True
2016-01-19,454,455,0,424,0.0,True
2016-01-20,455,455,0,424,0.0,True
2016-01-21,455,455,0,424,0.0,True
2016-01-22,455,455,0,424,0.0,True
2016-01-25,455,455,0,424,0.0,True
2016-01-26,455,455,0,424,0.0,True
2016-01-27,455,453,2,424,0.004395604395604396,True
2016-01-28,453,453,0,424,0.0,True
2016-01-29,453,453,0,424,0.0,True
2016-02-01,453,455,0,424,0.0,True
2016-02-02,455,455,0,424,0.0,True
2016-02-03,455,455,0,424,0.0,True
2016-02-04,455,455,0,424,0.0,True
2016-02-05,455,455,0,424,0.0,True
2016-02-08,455,455,0,424,0.0,True
2016-02-09,455,455,0,424,0.0,True
2016-02-10,455,455,0,424,0.0,True
2016-02-11,455,455,0,424,0.0,True
2016-02-12,455,455,0,424,0.0,True
2016-02-16,455,455,0,424,0.0,True
2016-02-17,455,455,0,424,0.0,True
2016-02-18,455,455,0,424,0.0,True
2016-02-19,455,455,0,424,0.0,True
2016-02-22,455,456,0,424,0.0,True
2016-02-23,456,456,0,424,0.0,True
2016-02-24,456,456,0,424,0.0,True
2016-02-25,456,456,0,424,0.0,True
2016-02-26,456,456,0,424,0.0,True
2016-02-29,456,455,1,423,0.0021929824561403508,True
2016-03-01,455,455,0,423,0.0,True
2016-03-02,455,455,0,423,0.0,True
2016-03-03,455,455,0,423,0.0,True
2016-03-04,455,455,1,422,0.002197802197802198,True
2016-03-07,455,456,0,422,0.0,True
2016-03-08,456,456,0,422,0.0,True
2016-03-09,456,456,0,422,0.0,True
2016-03-10,456,456,0,422,0.0,True
2016-03-11,456,456,0,423,0.0,True
2016-03-14,456,456,0,423,0.0,True
2016-03-15,456,456,0,423,0.0,True
2016-03-16,456,456,0,423,0.0,True
2016-03-17,456,456,0,424,0.0,True
2016-03-18,456,456,0,424,0.0,True
2016-03-21,456,456,0,424,0.0,True
2016-03-22,456,456,0,428,0.0,True
2016-03-23,456,456,0,428,0.0,True
2016-03-24,456,456,0,428,0.0,True
2016-03-28,456,456,0,428,0.0,True
2016-03-29,456,456,0,428,0.0,True
2016-03-30,456,457,1,427,0.0021929824561403508,True
2016-03-31,457,457,0,427,0.0,True
2016-04-01,457,457,0,427,0.0,True
2016-04-04,457,458,0,427,0.0,True
2016-04-05,458,458,0,427,0.0,True
2016-04-06,458,458,0,428,0.0,True
2016-04-07,458,458,0,428,0.0,True
2016-04-08,458,459,0,428,0.0,True
2016-04-11,459,459,0,428,0.0,True
2016-04-12,459,459,0,428,0.0,True
2016-04-13,459,459,0,428,0.0,True
2016-04-14,459,459,0,428,0.0,True
2016-04-15,459,459,0,428,0.0,True
2016-04-18,459,459,1,427,0.002178649237472767,True
2016-04-19,459,459,0,427,0.0,True
2016-04-20,459,459,0,427,0.0,True
2016-04-21,459,458,1,426,0.002178649237472767,True
2016-04-22,458,458,0,426,0.0,True
2016-04-25,458,459,0,426,0.0,True
2016-04-26,459,459,0,426,0.0,True
2016-04-27,459,459,0,426,0.0,True
2016-04-28,459,459,0,426,0.0,True
2016-04-29,459,459,0,426,0.0,True
2016-05-02,459,459,0,426,0.0,True
2016-05-03,459,460,0,426,0.0,True
2016-05-04,460,460,0,426,0.0,True
2016-05-05,460,460,0,426,0.0,True
2016-05-06,460,460,0,426,0.0,True
2016-05-09,460,460,0,426,0.0,True
2016-05-10,460,460,0,426,0.0,True
2016-05-11,460,460,0,426,0.0,True
2016-05-12,460,460,0,426,0.0,True
2016-05-13,460,461,0,426,0.0,True
2016-05-16,461,461,0,426,0.0,True
2016-05-17,461,461,0,426,0.0,True
2016-05-18,461,461,1,425,0.0021691973969631237,True
2016-05-19,461,461,0,425,0.0,True
2016-05-20,461,461,0,425,0.0,True
2016-05-23,461,461,1,424,0.0021691973969631237,True
2016-05-24,461,461,0,424,0.0,True
2016-05-25,461,460,1,424,0.0021691973969631237,True
2016-05-26,460,460,0,424,0.0,True
2016-05-27,460,460,0,424,0.0,True
2016-05-31,460,461,0,424,0.0,True
2016-06-01,461,461,0,424,0.0,True
2016-06-02,461,460,1,424,0.0021691973969631237,True
2016-06-03,460,461,0,424,0.0,True
2016-06-06,461,461,0,424,0.0,True
2016-06-07,461,461,0,424,0.0,True
2016-06-08,461,461,0,424,0.0,True
2016-06-09,461,461,0,424,0.0,True
2016-06-10,461,461,0,424,0.0,True
2016-06-13,461,461,0,425,0.0,True
2016-06-14,461,461,0,425,0.0,True
2016-06-15,461,461,0,425,0.0,True
2016-06-16,461,461,0,425,0.0,True
2016-06-17,461,461,0,425,0.0,True
2016-06-20,461,461,0,425,0.0,True
2016-06-21,461,460,1,424,0.0021691973969631237,True
2016-06-22,460,460,0,424,0.0,True
2016-06-23,460,460,0,424,0.0,True
2016-06-24,460,461,0,424,0.0,True
2016-06-27,461,461,0,424,0.0,True
2016-06-28,461,459,2,423,0.004338394793926247,True
2016-06-29,459,459,0,423,0.0,True
2016-06-30,459,459,0,424,0.0,True
2016-07-01,459,461,0,425,0.0,True
2016-07-05,461,462,0,426,0.0,True
2016-07-06,462,462,0,426,0.0,True
2016-07-07,462,462,0,426,0.0,True
2016-07-08,462,462,0,427,0.0,True
2016-07-11,462,462,0,427,0.0,True
2016-07-12,462,462,0,427,0.0,True
2016-07-13,462,462,0,427,0.0,True
2016-07-14,462,462,0,427,0.0,True
2016-07-15,462,462,0,427,0.0,True
2016-07-18,462,462,0,427,0.0,True
2016-07-19,462,462,0,428,0.0,True
2016-07-20,462,462,0,428,0.0,True
2016-07-21,462,462,0,428,0.0,True
2016-07-22,462,462,0,428,0.0,True
2016-07-25,462,462,0,428,0.0,True
2016-07-26,462,462,0,428,0.0,True
2016-07-27,462,462,0,428,0.0,True
2016-07-28,462,462,0,429,0.0,True
2016-07-29,462,462,0,429,0.0,True
2016-08-01,462,462,0,429,0.0,True
2016-08-02,462,462,0,429,0.0,True
2016-08-03,462,462,0,429,0.0,True
2016-08-04,462,462,0,429,0.0,True
2016-08-05,462,462,0,429,0.0,True
2016-08-08,462,462,0,429,0.0,True
2016-08-09,462,462,0,429,0.0,True
2016-08-10,462,462,0,429,0.0,True
2016-08-11,462,462,0,429,0.0,True
2016-08-12,462,462,0,429,0.0,True
2016-08-15,462,462,0,429,0.0,True
2016-08-16,462,462,0,429,0.0,True
2016-08-17,462,462,0,429,0.0,True
2016-08-18,462,462,0,429,0.0,True
2016-08-19,462,462,0,429,0.0,True
2016-08-22,462,462,0,429,0.0,True
2016-08-23,462,462,0,429,0.0,True
2016-08-24,462,462,0,429,0.0,True
2016-08-25,462,462,0,429,0.0,True
2016-08-26,462,462,0,429,0.0,True
2016-08-29,462,462,0,429,0.0,True
2016-08-30,462,462,0,430,0.0,True
2016-08-31,462,462,0,430,0.0,True
2016-09-01,462,462,0,430,0.0,True
2016-09-02,462,462,0,431,0.0,True
2016-09-06,462,463,0,431,0.0,True
2016-09-07,463,463,0,431,0.0,True
2016-09-08,463,464,0,431,0.0,True
2016-09-09,464,464,0,431,0.0,True
2016-09-12,464,464,0,431,0.0,True
2016-09-13,464,464,0,431,0.0,True
2016-09-14,464,464,0,431,0.0,True
2016-09-15,464,464,0,431,0.0,True
2016-09-16,464,464,0,431,0.0,True
2016-09-19,464,463,1,430,0.0021551724137931034,True
2016-09-20,463,463,0,431,0.0,True
2016-09-21,463,463,0,431,0.0,True
2016-09-22,463,463,0,431,0.0,True
2016-09-23,463,464,0,431,0.0,True
2016-09-26,464,464,0,431,0.0,True
2016-09-27,464,464,0,431,0.0,True
2016-09-28,464,464,0,431,0.0,True
2016-09-29,464,464,0,431,0.0,True
2016-09-30,464,464,0,431,0.0,True
2016-10-03,464,465,0,431,0.0,True
2016-10-04,465,465,0,431,0.0,True
2016-10-05,465,465,0,431,0.0,True
2016-10-06,465,465,0,431,0.0,True
2016-10-07,465,465,0,432,0.0,True
2016-10-10,465,465,0,432,0.0,True
2016-10-11,465,465,0,432,0.0,True
2016-10-12,465,465,0,432,0.0,True
2016-10-13,465,465,0,432,0.0,True
2016-10-14,465,465,0,432,0.0,True
2016-10-17,465,465,0,432,0.0,True
2016-10-18,465,465,0,432,0.0,True
2016-10-19,465,465,0,432,0.0,True
2016-10-20,465,465,0,432,0.0,True
2016-10-21,465,465,0,432,0.0,True
2016-10-24,465,465,0,432,0.0,True
2016-10-25,465,465,0,432,0.0,True
2016-10-26,465,465,0,432,0.0,True
2016-10-27,465,465,0,432,0.0,True
2016-10-28,465,465,0,432,0.0,True
2016-10-31,465,465,0,432,0.0,True
2016-11-01,465,465,0,433,0.0,True
2016-11-02,465,465,0,433,0.0,True
2016-11-03,465,465,0,433,0.0,True
2016-11-04,465,465,0,433,0.0,True
2016-11-07,465,465,0,433,0.0,True
2016-11-08,465,465,0,433,0.0,True
2016-11-09,465,465,0,433,0.0,True
2016-11-10,465,465,0,433,0.0,True
2016-11-11,465,465,0,433,0.0,True
2016-11-14,465,465,0,433,0.0,True
2016-11-15,465,465,0,433,0.0,True
2016-11-16,465,465,0,433,0.0,True
2016-11-17,465,465,0,434,0.0,True
2016-11-18,465,465,0,435,0.0,True
2016-11-21,465,465,0,435,0.0,True
2016-11-22,465,465,0,435,0.0,True
2016-11-23,465,465,0,435,0.0,True
2016-11-25,465,465,0,435,0.0,True
2016-11-28,465,465,0,435,0.0,True
2016-11-29,465,465,0,436,0.0,True
2016-11-30,465,463,2,434,0.004301075268817204,True
2016-12-01,463,463,0,434,0.0,True
2016-12-02,463,465,0,434,0.0,True
2016-12-05,465,465,0,434,0.0,True
2016-12-06,465,465,0,434,0.0,True
2016-12-07,465,465,0,434,0.0,True
2016-12-08,465,465,0,434,0.0,True
2016-12-09,465,465,0,434,0.0,True
2016-12-12,465,465,0,434,0.0,True
2016-12-13,465,465,0,434,0.0,True
2016-12-14,465,465,0,434,0.0,True
2016-12-15,465,465,0,434,0.0,True
2016-12-16,465,465,0,434,0.0,True
2016-12-19,465,465,0,434,0.0,True
2016-12-20,465,465,0,434,0.0,True
2016-12-21,465,465,0,434,0.0,True
2016-12-22,465,465,0,434,0.0,True
2016-12-23,465,465,0,434,0.0,True
2016-12-27,465,465,0,434,0.0,True
2016-12-28,465,465,0,435,0.0,True
2016-12-29,465,465,0,435,0.0,True
2016-12-30,465,465,0,435,0.0,True
2017-01-03,465,465,0,436,0.0,True
2017-01-04,465,465,0,437,0.0,True
2017-01-05,465,466,0,437,0.0,True
2017-01-06,466,466,0,437,0.0,True
2017-01-09,466,466,0,437,0.0,True
2017-01-10,466,466,0,437,0.0,True
2017-01-11,466,466,0,437,0.0,True
2017-01-12,466,466,0,437,0.0,True
2017-01-13,466,466,0,437,0.0,True
2017-01-17,466,466,0,437,0.0,True
2017-01-18,466,466,0,438,0.0,True
2017-01-19,466,466,0,438,0.0,True
2017-01-20,466,466,0,438,0.0,True
2017-01-23,466,466,0,438,0.0,True
2017-01-24,466,466,0,438,0.0,True
2017-01-25,466,466,0,438,0.0,True
2017-01-26,466,466,0,438,0.0,True
2017-01-27,466,466,0,438,0.0,True
2017-01-30,466,466,0,438,0.0,True
2017-01-31,466,466,0,440,0.0,True
2017-02-01,466,466,0,440,0.0,True
2017-02-02,466,466,0,440,0.0,True
2017-02-03,466,466,0,440,0.0,True
2017-02-06,466,466,0,440,0.0,True
2017-02-07,466,466,0,440,0.0,True
2017-02-08,466,466,0,440,0.0,True
2017-02-09,466,466,0,440,0.0,True
2017-02-10,466,466,0,440,0.0,True
2017-02-13,466,466,0,440,0.0,True
2017-02-14,466,466,0,440,0.0,True
2017-02-15,466,466,0,440,0.0,True
2017-02-16,466,466,0,440,0.0,True
2017-02-17,466,466,0,440,0.0,True
2017-02-21,466,466,0,441,0.0,True
2017-02-22,466,466,0,441,0.0,True
2017-02-23,466,466,0,441,0.0,True
2017-02-24,466,466,0,441,0.0,True
2017-02-27,466,466,0,441,0.0,True
2017-02-28,466,467,0,441,0.0,True
2017-03-01,467,467,1,440,0.0021413276231263384,True
2017-03-02,467,467,1,439,0.0021413276231263384,True
2017-03-03,467,467,0,439,0.0,True
2017-03-06,467,467,0,440,0.0,True
2017-03-07,467,467,0,441,0.0,True
2017-03-08,467,467,0,441,0.0,True
2017-03-09,467,467,0,441,0.0,True
2017-03-10,467,467,0,441,0.0,True
2017-03-13,467,466,2,439,0.004282655246252677,True
2017-03-14,466,466,0,439,0.0,True
2017-03-15,466,466,0,439,0.0,True
2017-03-16,466,467,0,439,0.0,True
2017-03-17,467,467,0,439,0.0,True
2017-03-20,466,467,2,436,0.004291845493562232,True
2017-03-21,467,467,0,436,0.0,True
2017-03-22,467,467,0,436,0.0,True
2017-03-23,467,467,0,436,0.0,True
2017-03-24,467,467,0,436,0.0,True
2017-03-27,467,467,0,436,0.0,True
2017-03-28,467,467,0,436,0.0,True
2017-03-29,467,467,0,438,0.0,True
2017-03-30,467,467,0,438,0.0,True
2017-03-31,467,466,1,437,0.0021413276231263384,True
2017-04-03,466,466,0,438,0.0,True
2017-04-04,466,467,0,438,0.0,True
2017-04-05,467,468,0,438,0.0,True
2017-04-06,468,468,0,438,0.0,True
2017-04-07,468,468,0,439,0.0,True
2017-04-10,468,468,0,439,0.0,True
2017-04-11,468,468,0,439,0.0,True
2017-04-12,468,468,0,439,0.0,True
2017-04-13,468,468,0,439,0.0,True
2017-04-17,468,468,0,439,0.0,True
2017-04-18,468,468,0,440,0.0,True
2017-04-19,468,468,0,440,0.0,True
2017-04-20,468,468,0,440,0.0,True
2017-04-21,468,468,0,440,0.0,True
2017-04-24,468,468,0,440,0.0,True
2017-04-25,468,468,0,441,0.0,True
2017-04-26,468,468,0,441,0.0,True
2017-04-27,468,468,0,441,0.0,True
2017-04-28,468,468,0,441,0.0,True
2017-05-01,468,468,0,441,0.0,True
2017-05-02,468,468,0,441,0.0,True
2017-05-03,468,468,0,442,0.0,True
2017-05-04,468,468,0,442,0.0,True
2017-05-05,468,468,0,442,0.0,True
2017-05-08,468,468,0,442,0.0,True
2017-05-09,468,468,0,442,0.0,True
2017-05-10,468,468,0,442,0.0,True
2017-05-11,468,468,0,442,0.0,True
2017-05-12,468,468,0,442,0.0,True
2017-05-15,468,468,0,443,0.0,True
2017-05-16,468,468,0,443,0.0,True
2017-05-17,468,468,0,443,0.0,True
2017-05-18,468,468,0,444,0.0,True
2017-05-19,468,468,0,444,0.0,True
2017-05-22,468,468,0,444,0.0,True
2017-05-23,468,468,0,445,0.0,True
2017-05-24,468,467,1,444,0.002136752136752137,True
2017-05-25,467,467,0,444,0.0,True
2017-05-26,467,467,0,444,0.0,True
2017-05-30,467,467,0,444,0.0,True
2017-05-31,467,467,0,445,0.0,True
2017-06-01,467,467,0,445,0.0,True
2017-06-02,467,467,0,445,0.0,True
2017-06-05,467,467,0,446,0.0,True
2017-06-06,467,467,0,446,0.0,True
2017-06-07,467,467,0,446,0.0,True
2017-06-08,467,466,1,445,0.0021413276231263384,True
2017-06-09,466,466,0,445,0.0,True
2017-06-12,466,466,0,445,0.0,True
2017-06-13,466,466,0,445,0.0,True
2017-06-14,466,466,0,445,0.0,True
2017-06-15,466,466,0,445,0.0,True
2017-06-16,466,466,0,445,0.0,True
2017-06-19,466,466,3,442,0.006437768240343348,True
2017-06-20,466,466,0,442,0.0,True
2017-06-21,466,466,0,442,0.0,True
2017-06-22,466,466,0,442,0.0,True
2017-06-23,466,466,0,442,0.0,True
2017-06-26,466,466,0,443,0.0,True
2017-06-27,466,466,0,443,0.0,True
2017-06-28,466,466,0,443,0.0,True
2017-06-29,466,466,0,443,0.0,True
2017-06-30,466,466,0,443,0.0,True
2017-07-03,466,466,0,445,0.0,True
2017-07-05,466,466,0,446,0.0,True
2017-07-06,466,466,0,446,0.0,True
2017-07-07,466,466,0,446,0.0,True
2017-07-10,466,466,0,446,0.0,True
2017-07-11,466,466,0,446,0.0,True
2017-07-12,466,466,0,446,0.0,True
2017-07-13,466,466,0,446,0.0,True
2017-07-14,466,466,0,446,0.0,True
2017-07-17,466,466,0,446,0.0,True
2017-07-18,466,466,0,446,0.0,True
2017-07-19,466,466,0,446,0.0,True
2017-07-20,466,466,0,446,0.0,True
2017-07-21,466,466,0,446,0.0,True
2017-07-24,466,466,0,446,0.0,True
2017-07-25,466,466,0,446,0.0,True
2017-07-26,466,469,2,444,0.004291845493562232,True
2017-07-27,469,469,0,444,0.0,True
2017-07-28,469,469,0,444,0.0,True
2017-07-31,469,469,0,444,0.0,True
2017-08-01,469,469,0,444,0.0,True
2017-08-02,469,469,0,444,0.0,True
2017-08-03,469,469,0,444,0.0,True
2017-08-04,469,469,0,444,0.0,True
2017-08-07,469,470,0,444,0.0,True
2017-08-08,470,469,1,443,0.002127659574468085,True
2017-08-09,469,469,0,443,0.0,True
2017-08-10,469,469,0,443,0.0,True
2017-08-11,469,469,0,443,0.0,True
2017-08-14,469,469,0,443,0.0,True
2017-08-15,469,469,0,443,0.0,True
2017-08-16,469,469,0,443,0.0,True
2017-08-17,469,469,0,443,0.0,True
2017-08-18,469,468,1,442,0.0021321961620469083,True
2017-08-21,468,468,0,442,0.0,True
2017-08-22,468,468,0,442,0.0,True
2017-08-23,468,468,0,442,0.0,True
2017-08-24,468,468,0,442,0.0,True
2017-08-25,468,468,0,442,0.0,True
2017-08-28,468,468,0,442,0.0,True
2017-08-29,468,469,0,442,0.0,True
2017-08-30,469,469,0,442,0.0,True
2017-08-31,469,469,0,442,0.0,True
2017-09-01,469,471,0,442,0.0,True
2017-09-05,471,471,0,442,0.0,True
2017-09-06,471,471,0,443,0.0,True
2017-09-07,471,471,0,443,0.0,True
2017-09-08,471,471,0,444,0.0,True
2017-09-11,471,471,0,444,0.0,True
2017-09-12,471,471,0,444,0.0,True
2017-09-13,471,471,0,444,0.0,True
2017-09-14,471,471,0,444,0.0,True
2017-09-15,471,471,0,444,0.0,True
2017-09-18,471,472,0,444,0.0,True
2017-09-19,472,472,0,444,0.0,True
2017-09-20,472,472,0,444,0.0,True
2017-09-21,472,472,0,444,0.0,True
2017-09-22,472,472,0,444,0.0,True
2017-09-25,472,472,0,445,0.0,True
2017-09-26,472,472,0,445,0.0,True
2017-09-27,472,472,0,445,0.0,True
2017-09-28,472,472,0,445,0.0,True
2017-09-29,472,472,0,445,0.0,True
2017-10-02,472,472,0,445,0.0,True
2017-10-03,472,472,0,446,0.0,True
2017-10-04,472,472,0,446,0.0,True
2017-10-05,472,472,0,446,0.0,True
2017-10-06,472,472,0,446,0.0,True
2017-10-09,472,472,0,446,0.0,True
2017-10-10,472,472,0,446,0.0,True
2017-10-11,472,471,1,445,0.00211864406779661,True
2017-10-12,471,471,0,445,0.0,True
2017-10-13,471,472,0,445,0.0,True
2017-10-16,472,472,0,445,0.0,True
2017-10-17,472,472,0,445,0.0,True
2017-10-18,472,472,0,445,0.0,True
2017-10-19,472,472,0,445,0.0,True
2017-10-20,472,472,0,445,0.0,True
2017-10-23,472,472,0,445,0.0,True
2017-10-24,472,472,0,445,0.0,True
2017-10-25,472,472,0,445,0.0,True
2017-10-26,472,472,0,445,0.0,True
2017-10-27,472,472,0,445,0.0,True
2017-10-30,472,472,0,445,0.0,True
2017-10-31,472,472,0,445,0.0,True
2017-11-01,472,472,0,445,0.0,True
2017-11-02,472,472,0,445,0.0,True
2017-11-03,472,472,0,445,0.0,True
2017-11-06,472,472,0,445,0.0,True
2017-11-07,472,472,0,445,0.0,True
2017-11-08,472,472,0,445,0.0,True
2017-11-09,472,472,0,445,0.0,True
2017-11-10,472,472,0,445,0.0,True
2017-11-13,472,472,0,445,0.0,True
2017-11-14,472,472,0,445,0.0,True
2017-11-15,472,472,0,445,0.0,True
2017-11-16,472,472,0,445,0.0,True
2017-11-17,472,472,0,445,0.0,True
2017-11-20,472,472,0,445,0.0,True
2017-11-21,472,472,0,445,0.0,True
2017-11-22,472,472,0,445,0.0,True
2017-11-24,472,472,0,445,0.0,True
2017-11-27,472,472,0,445,0.0,True
2017-11-28,472,472,0,445,0.0,True
2017-11-29,472,472,0,445,0.0,True
2017-11-30,472,472,0,445,0.0,True
2017-12-01,472,472,0,445,0.0,True
2017-12-04,472,472,0,447,0.0,True
2017-12-05,472,472,0,447,0.0,True
2017-12-06,472,472,0,447,0.0,True
2017-12-07,472,472,0,447,0.0,True
2017-12-08,472,472,0,447,0.0,True
2017-12-11,472,472,0,447,0.0,True
2017-12-12,472,472,0,447,0.0,True
2017-12-13,472,472,0,447,0.0,True
2017-12-14,472,472,0,447,0.0,True
2017-12-15,472,472,0,447,0.0,True
2017-12-18,472,472,0,447,0.0,True
2017-12-19,472,472,0,447,0.0,True
2017-12-20,472,472,0,447,0.0,True
2017-12-21,472,472,0,447,0.0,True
2017-12-22,472,472,0,447,0.0,True
2017-12-26,472,472,0,447,0.0,True
2017-12-27,472,472,0,447,0.0,True
2017-12-28,472,472,0,447,0.0,True
2017-12-29,472,472,0,447,0.0,True
2018-01-02,472,474,0,447,0.0,True
2018-01-03,474,475,0,447,0.0,True
2018-01-04,475,475,0,447,0.0,True
2018-01-05,475,475,0,448,0.0,True
2018-01-08,475,475,0,448,0.0,True
2018-01-09,475,475,0,448,0.0,True
2018-01-10,475,475,0,448,0.0,True
2018-01-11,475,475,0,448,0.0,True
2018-01-12,475,475,0,448,0.0,True
2018-01-16,475,475,0,448,0.0,True
2018-01-17,475,475,0,448,0.0,True
2018-01-18,475,475,0,448,0.0,True
2018-01-19,475,475,0,448,0.0,True
2018-01-22,475,475,0,448,0.0,True
2018-01-23,475,475,0,448,0.0,True
2018-01-24,475,475,0,448,0.0,True
2018-01-25,475,475,0,448,0.0,True
2018-01-26,475,475,0,448,0.0,True
2018-01-29,475,475,0,448,0.0,True
2018-01-30,475,475,0,448,0.0,True
2018-01-31,475,475,0,448,0.0,True
2018-02-01,475,475,0,448,0.0,True
2018-02-02,475,475,0,448,0.0,True
2018-02-05,475,475,0,448,0.0,True
2018-02-06,475,475,0,448,0.0,True
2018-02-07,475,475,0,448,0.0,True
2018-02-08,475,475,0,448,0.0,True
2018-02-09,475,475,0,448,0.0,True
2018-02-12,475,475,0,448,0.0,True
2018-02-13,475,475,0,448,0.0,True
2018-02-14,475,475,0,448,0.0,True
2018-02-15,475,475,0,448,0.0,True
2018-02-16,475,475,0,448,0.0,True
2018-02-20,475,475,0,448,0.0,True
2018-02-21,475,475,0,448,0.0,True
2018-02-22,475,475,0,448,0.0,True
2018-02-23,475,475,0,448,0.0,True
2018-02-26,475,475,0,448,0.0,True
2018-02-27,475,475,0,448,0.0,True
2018-02-28,475,475,0,449,0.0,True
2018-03-01,475,474,1,449,0.002105263157894737,True
2018-03-02,474,474,0,450,0.0,True
2018-03-05,474,474,0,450,0.0,True
2018-03-06,474,474,0,450,0.0,True
2018-03-07,474,475,0,450,0.0,True
2018-03-08,475,475,0,450,0.0,True
2018-03-09,475,475,0,450,0.0,True
2018-03-12,475,475,0,450,0.0,True
2018-03-13,475,475,0,451,0.0,True
2018-03-14,475,475,0,451,0.0,True
2018-03-15,475,475,0,451,0.0,True
2018-03-16,475,475,0,452,0.0,True
2018-03-19,475,476,2,450,0.004210526315789474,True
2018-03-20,476,476,0,453,0.0,True
2018-03-21,476,476,0,453,0.0,True
2018-03-22,476,476,0,453,0.0,True
2018-03-23,476,476,0,453,0.0,True
2018-03-26,476,476,0,453,0.0,True
2018-03-27,476,476,0,453,0.0,True
2018-03-28,476,476,0,453,0.0,True
2018-03-29,476,476,0,453,0.0,True
2018-04-02,476,476,0,453,0.0,True
2018-04-03,476,475,1,452,0.0021008403361344537,True
2018-04-04,475,476,0,452,0.0,True
2018-04-05,476,476,0,453,0.0,True
2018-04-06,476,476,0,454,0.0,True
2018-04-09,476,476,0,454,0.0,True
2018-04-10,476,476,0,454,0.0,True
2018-04-11,476,476,0,454,0.0,True
2018-04-12,476,476,0,454,0.0,True
2018-04-13,476,476,0,454,0.0,True
2018-04-16,476,476,0,454,0.0,True
2018-04-17,476,476,0,454,0.0,True
2018-04-18,476,476,0,454,0.0,True
2018-04-19,476,476,0,454,0.0,True
2018-04-20,476,476,0,454,0.0,True
2018-04-23,476,476,0,454,0.0,True
2018-04-24,476,476,0,454,0.0,True
2018-04-25,476,476,0,454,0.0,True
2018-04-26,476,476,0,454,0.0,True
2018-04-27,476,476,0,454,0.0,True
2018-04-30,476,476,0,454,0.0,True
2018-05-01,476,476,0,454,0.0,True
2018-05-02,476,476,0,454,0.0,True
2018-05-03,476,476,0,454,0.0,True
2018-05-04,476,476,0,454,0.0,True
2018-05-07,476,476,0,454,0.0,True
2018-05-08,476,476,0,454,0.0,True
2018-05-09,476,476,0,454,0.0,True
2018-05-10,476,476,0,454,0.0,True
2018-05-11,476,476,0,454,0.0,True
2018-05-14,476,476,0,454,0.0,True
2018-05-15,476,476,0,454,0.0,True
2018-05-16,476,476,0,454,0.0,True
2018-05-17,476,476,0,454,0.0,True
2018-05-18,476,476,0,454,0.0,True
2018-05-21,476,476,0,454,0.0,True
2018-05-22,476,476,0,454,0.0,True
2018-05-23,476,476,0,454,0.0,True
2018-05-24,476,476,0,454,0.0,True
2018-05-25,476,476,0,454,0.0,True
2018-05-29,476,476,0,454,0.0,True
2018-05-30,476,476,0,454,0.0,True
2018-05-31,476,477,0,454,0.0,True
2018-06-01,477,477,0,454,0.0,True
2018-06-04,477,476,1,453,0.0020964360587002098,True
2018-06-05,476,477,0,453,0.0,True
2018-06-06,477,477,0,453,0.0,True
2018-06-07,477,478,0,453,0.0,True
2018-06-08,478,478,0,453,0.0,True
2018-06-11,478,478,0,453,0.0,True
2018-06-12,478,478,0,453,0.0,True
2018-06-13,478,478,0,453,0.0,True
2018-06-14,478,478,0,453,0.0,True
2018-06-15,478,478,0,453,0.0,True
2018-06-18,478,478,2,451,0.0041841004184100415,True
2018-06-19,478,478,0,454,0.0,True
2018-06-20,478,479,0,454,0.0,True
2018-06-21,479,479,0,454,0.0,True
2018-06-22,479,479,0,454,0.0,True
2018-06-25,479,479,0,454,0.0,True
2018-06-26,479,479,0,454,0.0,True
2018-06-27,478,478,0,453,0.0,True
2018-06-28,478,478,0,453,0.0,True
2018-06-29,478,478,0,453,0.0,True
2018-07-02,478,479,0,453,0.0,True
2018-07-03,479,479,0,453,0.0,True
2018-07-05,479,479,0,453,0.0,True
2018-07-06,479,479,0,453,0.0,True
2018-07-09,479,479,0,453,0.0,True
2018-07-10,479,479,0,453,0.0,True
2018-07-11,479,479,0,453,0.0,True
2018-07-12,479,479,0,453,0.0,True
2018-07-13,479,479,0,453,0.0,True
2018-07-16,479,479,0,453,0.0,True
2018-07-17,479,479,0,453,0.0,True
2018-07-18,479,479,0,453,0.0,True
2018-07-19,479,479,0,453,0.0,True
2018-07-20,479,479,0,453,0.0,True
2018-07-23,479,479,0,453,0.0,True
2018-07-24,479,479,0,453,0.0,True
2018-07-25,479,479,0,453,0.0,True
2018-07-26,479,479,0,458,0.0,True
2018-07-27,479,479,0,458,0.0,True
2018-07-30,479,479,0,458,0.0,True
2018-07-31,479,479,0,458,0.0,True
2018-08-01,479,479,0,458,0.0,True
2018-08-02,479,479,0,458,0.0,True
2018-08-03,479,479,0,458,0.0,True
2018-08-06,479,479,0,458,0.0,True
2018-08-07,479,479,0,459,0.0,True
2018-08-08,479,479,0,459,0.0,True
2018-08-09,479,479,0,459,0.0,True
2018-08-10,479,479,0,459,0.0,True
2018-08-13,479,479,0,459,0.0,True
2018-08-14,479,479,0,459,0.0,True
2018-08-15,479,479,0,459,0.0,True
2018-08-16,479,479,0,459,0.0,True
2018-08-17,479,479,0,459,0.0,True
2018-08-20,479,479,0,459,0.0,True
2018-08-21,479,478,1,458,0.0020876826722338203,True
2018-08-22,478,478,0,458,0.0,True
2018-08-23,478,478,0,458,0.0,True
2018-08-24,478,478,0,458,0.0,True
2018-08-27,478,478,0,458,0.0,True
2018-08-28,478,479,0,458,0.0,True
2018-08-29,479,479,0,459,0.0,True
2018-08-30,479,479,0,459,0.0,True
2018-08-31,479,479,0,459,0.0,True
2018-09-04,479,479,0,461,0.0,True
2018-09-05,479,479,0,461,0.0,True
2018-09-06,479,479,0,461,0.0,True
2018-09-07,479,479,0,461,0.0,True
2018-09-10,479,479,0,461,0.0,True
2018-09-11,479,479,0,461,0.0,True
2018-09-12,479,479,0,461,0.0,True
2018-09-13,479,479,0,461,0.0,True
2018-09-14,479,479,0,461,0.0,True
2018-09-17,479,480,0,461,0.0,True
2018-09-18,480,480,0,462,0.0,True
2018-09-19,480,479,1,461,0.0020833333333333333,True
2018-09-20,479,479,0,461,0.0,True
2018-09-21,479,479,0,461,0.0,True
2018-09-24,479,479,0,461,0.0,True
2018-09-25,479,478,1,460,0.0020876826722338203,True
2018-09-26,478,478,0,460,0.0,True
2018-09-27,478,478,0,460,0.0,True
2018-09-28,478,478,0,460,0.0,True
2018-10-01,478,479,0,460,0.0,True
2018-10-02,479,479,0,460,0.0,True
2018-10-03,479,479,0,460,0.0,True
2018-10-04,479,479,0,460,0.0,True
2018-10-05,479,479,0,460,0.0,True
2018-10-08,479,479,0,460,0.0,True
2018-10-09,479,479,0,460,0.0,True
2018-10-10,479,479,0,460,0.0,True
2018-10-11,479,479,1,459,0.0020876826722338203,True
2018-10-12,479,479,0,459,0.0,True
2018-10-15,479,479,0,460,0.0,True
2018-10-16,479,479,0,460,0.0,True
2018-10-17,479,479,0,460,0.0,True
2018-10-18,479,479,0,460,0.0,True
2018-10-19,479,479,0,460,0.0,True
2018-10-22,479,479,0,460,0.0,True
2018-10-23,479,479,0,460,0.0,True
2018-10-24,479,479,0,460,0.0,True
2018-10-25,479,479,0,460,0.0,True
2018-10-26,479,479,0,460,0.0,True
2018-10-29,479,479,0,460,0.0,True
2018-10-30,479,479,0,460,0.0,True
2018-10-31,479,479,0,460,0.0,True
2018-11-01,479,479,0,460,0.0,True
2018-11-02,479,479,0,460,0.0,True
2018-11-05,479,479,0,460,0.0,True
2018-11-06,479,481,0,460,0.0,True
2018-11-07,481,481,0,460,0.0,True
2018-11-08,481,481,0,460,0.0,True
2018-11-09,481,481,0,460,0.0,True
2018-11-12,481,481,0,460,0.0,True
2018-11-13,480,481,0,459,0.0,True
2018-11-14,481,481,0,459,0.0,True
2018-11-15,481,481,0,459,0.0,True
2018-11-16,481,480,1,458,0.002079002079002079,True
2018-11-19,480,480,0,458,0.0,True
2018-11-20,480,480,0,458,0.0,True
2018-11-21,480,480,0,458,0.0,True
2018-11-23,480,480,0,458,0.0,True
2018-11-26,480,480,0,458,0.0,True
2018-11-27,480,480,0,458,0.0,True
2018-11-28,480,480,0,458,0.0,True
2018-11-29,480,479,1,457,0.0020833333333333333,True
2018-11-30,479,478,1,456,0.0020876826722338203,True
2018-12-03,478,481,0,456,0.0,True
2018-12-04,481,481,0,456,0.0,True
2018-12-06,481,481,0,456,0.0,True
2018-12-07,481,481,0,456,0.0,True
2018-12-10,481,481,0,456,0.0,True
2018-12-11,481,481,0,456,0.0,True
2018-12-12,481,481,0,456,0.0,True
2018-12-13,481,481,0,456,0.0,True
2018-12-14,481,481,0,456,0.0,True
2018-12-17,481,481,0,456,0.0,True
2018-12-18,481,481,0,456,0.0,True
2018-12-19,481,481,0,456,0.0,True
2018-12-20,481,480,1,455,0.002079002079002079,True
2018-12-21,480,480,0,455,0.0,True
2018-12-24,480,481,0,455,0.0,True
2018-12-26,481,480,1,454,0.002079002079002079,True
2018-12-27,480,480,0,454,0.0,True
2018-12-28,480,480,0,454,0.0,True
2018-12-31,480,480,0,454,0.0,True
2019-01-02,480,481,0,454,0.0,True
2019-01-03,481,481,0,456,0.0,True
2019-01-04,481,481,0,457,0.0,True
2019-01-07,481,481,0,457,0.0,True
2019-01-08,481,481,0,457,0.0,True
2019-01-09,481,481,0,457,0.0,True
2019-01-10,481,481,0,457,0.0,True
2019-01-11,481,481,0,457,0.0,True
2019-01-14,480,480,0,456,0.0,True
2019-01-15,480,480,0,456,0.0,True
2019-01-16,480,480,0,456,0.0,True
2019-01-17,480,480,0,456,0.0,True
2019-01-18,480,481,0,456,0.0,True
2019-01-22,481,481,0,456,0.0,True
2019-01-23,481,481,0,456,0.0,True
2019-01-24,481,481,0,456,0.0,True
2019-01-25,481,481,0,456,0.0,True
2019-01-28,481,481,0,456,0.0,True
2019-01-29,481,481,0,456,0.0,True
2019-01-30,481,481,0,456,0.0,True
2019-01-31,481,481,0,456,0.0,True
2019-02-01,481,481,0,456,0.0,True
2019-02-04,481,481,0,456,0.0,True
2019-02-05,481,481,0,456,0.0,True
2019-02-06,481,481,0,456,0.0,True
2019-02-07,481,481,0,456,0.0,True
2019-02-08,481,481,0,456,0.0,True
2019-02-11,481,481,0,456,0.0,True
2019-02-12,481,481,0,456,0.0,True
2019-02-13,481,481,0,456,0.0,True
2019-02-14,481,481,0,456,0.0,True
2019-02-15,481,482,0,456,0.0,True
2019-02-19,482,481,1,455,0.002074688796680498,True
2019-02-20,481,481,0,455,0.0,True
2019-02-21,481,481,0,455,0.0,True
2019-02-22,481,481,0,455,0.0,True
2019-02-25,481,481,0,455,0.0,True
2019-02-26,481,481,0,455,0.0,True
2019-02-27,481,482,0,455,0.0,True
2019-02-28,482,481,1,454,0.002074688796680498,True
2019-03-01,481,481,0,454,0.0,True
2019-03-04,481,481,0,454,0.0,True
2019-03-05,481,481,0,454,0.0,True
2019-03-06,481,481,0,454,0.0,True
2019-03-07,481,481,0,454,0.0,True
2019-03-08,481,481,0,455,0.0,True
2019-03-11,481,481,0,455,0.0,True
2019-03-12,481,481,0,455,0.0,True
2019-03-13,481,481,0,455,0.0,True
2019-03-14,481,481,0,455,0.0,True
2019-03-15,481,481,0,455,0.0,True
2019-03-18,481,481,0,455,0.0,True
2019-03-19,481,481,0,455,0.0,True
2019-03-20,481,481,0,458,0.0,True
2019-03-21,481,481,0,458,0.0,True
2019-03-22,481,481,0,458,0.0,True
2019-03-25,481,481,0,458,0.0,True
2019-03-26,481,481,0,458,0.0,True
2019-03-27,481,481,0,458,0.0,True
2019-03-28,481,481,0,458,0.0,True
2019-03-29,481,481,0,458,0.0,True
2019-04-01,481,481,0,458,0.0,True
2019-04-02,481,482,0,458,0.0,True
2019-04-03,482,481,1,457,0.002074688796680498,True
2019-04-04,481,481,0,458,0.0,True
2019-04-05,481,481,0,458,0.0,True
2019-04-08,481,481,0,458,0.0,True
2019-04-09,481,481,0,458,0.0,True
2019-04-10,481,481,0,458,0.0,True
2019-04-11,481,481,0,458,0.0,True
2019-04-12,481,481,0,458,0.0,True
2019-04-15,481,481,0,458,0.0,True
2019-04-16,481,481,0,458,0.0,True
2019-04-17,481,481,0,458,0.0,True
2019-04-18,481,481,0,458,0.0,True
2019-04-22,481,481,0,458,0.0,True
2019-04-23,481,481,0,458,0.0,True
2019-04-24,481,481,0,458,0.0,True
2019-04-25,481,481,0,458,0.0,True
2019-04-26,481,481,0,458,0.0,True
2019-04-29,481,481,0,458,0.0,True
2019-04-30,481,481,0,458,0.0,True
2019-05-01,481,481,0,458,0.0,True
2019-05-02,481,481,0,458,0.0,True
2019-05-03,481,481,0,458,0.0,True
2019-05-06,481,481,0,458,0.0,True
2019-05-07,481,481,0,458,0.0,True
2019-05-08,481,481,0,458,0.0,True
2019-05-09,481,481,0,458,0.0,True
2019-05-10,481,481,0,458,0.0,True
2019-05-13,481,481,0,458,0.0,True
2019-05-14,481,481,0,458,0.0,True
2019-05-15,481,481,0,458,0.0,True
2019-05-16,481,481,0,458,0.0,True
2019-05-17,481,481,0,458,0.0,True
2019-05-20,481,481,0,458,0.0,True
2019-05-21,481,481,0,458,0.0,True
2019-05-22,481,481,0,458,0.0,True
2019-05-23,481,481,0,458,0.0,True
2019-05-24,481,481,0,458,0.0,True
2019-05-28,481,481,0,458,0.0,True
2019-05-29,481,481,0,458,0.0,True
2019-05-30,481,481,0,458,0.0,True
2019-05-31,481,481,0,458,0.0,True
2019-06-03,481,482,2,457,0.004158004158004158,True
2019-06-04,482,481,1,456,0.002074688796680498,True
2019-06-05,481,481,0,456,0.0,True
2019-06-06,481,481,0,457,0.0,True
2019-06-07,481,482,0,457,0.0,True
2019-06-10,482,482,0,458,0.0,True
2019-06-11,482,482,0,458,0.0,True
2019-06-12,482,482,0,458,0.0,True
2019-06-13,482,482,0,458,0.0,True
2019-06-14,482,482,0,458,0.0,True
2019-06-17,482,482,0,458,0.0,True
2019-06-18,482,482,0,458,0.0,True
2019-06-19,482,482,0,460,0.0,True
2019-06-20,482,482,0,460,0.0,True
2019-06-21,482,482,0,461,0.0,True
2019-06-24,482,482,0,461,0.0,True
2019-06-25,482,482,0,461,0.0,True
2019-06-26,482,482,0,461,0.0,True
2019-06-27,482,482,0,461,0.0,True
2019-06-28,482,482,0,461,0.0,True
2019-07-01,482,483,0,461,0.0,True
2019-07-02,483,482,1,460,0.002070393374741201,True
2019-07-03,482,482,0,461,0.0,True
2019-07-05,482,482,0,461,0.0,True
2019-07-08,482,482,0,461,0.0,True
2019-07-09,482,482,0,461,0.0,True
2019-07-10,482,482,0,461,0.0,True
2019-07-11,482,482,0,461,0.0,True
2019-07-12,482,482,0,461,0.0,True
2019-07-15,482,483,0,461,0.0,True
2019-07-16,483,482,1,460,0.002070393374741201,True
2019-07-17,482,482,0,460,0.0,True
2019-07-18,482,482,0,460,0.0,True
2019-07-19,482,482,0,460,0.0,True
2019-07-22,482,482,0,460,0.0,True
2019-07-23,482,482,0,460,0.0,True
2019-07-24,482,482,0,460,0.0,True
2019-07-25,482,482,0,460,0.0,True
2019-07-26,482,482,0,460,0.0,True
2019-07-29,482,482,0,460,0.0,True
2019-07-30,482,482,0,460,0.0,True
2019-07-31,482,482,0,460,0.0,True
2019-08-01,482,482,0,460,0.0,True
2019-08-02,482,482,0,460,0.0,True
2019-08-05,482,482,0,460,0.0,True
2019-08-06,482,482,0,460,0.0,True
2019-08-07,482,482,0,460,0.0,True
2019-08-08,482,483,0,460,0.0,True
2019-08-09,483,484,1,459,0.002070393374741201,True
2019-08-12,484,483,1,458,0.002066115702479339,True
2019-08-13,483,483,0,458,0.0,True
2019-08-14,483,483,0,458,0.0,True
2019-08-15,483,483,0,458,0.0,True
2019-08-16,483,483,0,458,0.0,True
2019-08-19,483,483,0,458,0.0,True
2019-08-20,483,483,0,458,0.0,True
2019-08-21,483,483,0,458,0.0,True
2019-08-22,483,483,0,458,0.0,True
2019-08-23,483,483,0,458,0.0,True
2019-08-26,483,483,0,458,0.0,True
2019-08-27,483,483,0,458,0.0,True
2019-08-28,483,483,0,458,0.0,True
2019-08-29,483,483,0,459,0.0,True
2019-08-30,483,483,0,459,0.0,True
2019-09-03,483,483,0,459,0.0,True
2019-09-04,483,483,0,459,0.0,True
2019-09-05,483,483,0,459,0.0,True
2019-09-06,483,483,0,459,0.0,True
2019-09-09,483,483,0,459,0.0,True
2019-09-10,483,483,0,459,0.0,True
2019-09-11,483,483,0,459,0.0,True
2019-09-12,483,483,0,459,0.0,True
2019-09-13,483,483,0,459,0.0,True
2019-09-16,483,483,0,459,0.0,True
2019-09-17,483,483,0,459,0.0,True
2019-09-18,483,483,0,460,0.0,True
2019-09-19,483,483,0,460,0.0,True
2019-09-20,483,483,0,460,0.0,True
2019-09-23,483,484,0,460,0.0,True
2019-09-24,484,483,1,459,0.002066115702479339,True
2019-09-25,483,483,0,459,0.0,True
2019-09-26,483,484,0,459,0.0,True
2019-09-27,484,483,1,458,0.002066115702479339,True
2019-09-30,483,483,0,458,0.0,True
2019-10-01,483,483,0,458,0.0,True
2019-10-02,483,483,0,459,0.0,True
2019-10-03,483,484,0,459,0.0,True
2019-10-04,484,483,1,458,0.002066115702479339,True
2019-10-07,483,483,0,458,0.0,True
2019-10-08,483,483,0,458,0.0,True
2019-10-09,483,483,0,458,0.0,True
2019-10-10,483,483,0,458,0.0,True
2019-10-11,483,483,0,458,0.0,True
2019-10-14,483,483,0,459,0.0,True
2019-10-15,483,483,0,459,0.0,True
2019-10-16,483,483,0,459,0.0,True
2019-10-17,483,483,0,459,0.0,True
2019-10-18,483,484,0,459,0.0,True
2019-10-21,484,483,1,458,0.002066115702479339,True
2019-10-22,483,483,0,458,0.0,True
2019-10-23,483,483,0,458,0.0,True
2019-10-24,483,483,0,458,0.0,True
2019-10-25,483,483,0,458,0.0,True
2019-10-28,483,483,0,458,0.0,True
2019-10-29,483,483,0,458,0.0,True
2019-10-30,483,483,0,458,0.0,True
2019-10-31,483,483,0,458,0.0,True
2019-11-01,483,483,0,458,0.0,True
2019-11-04,483,483,0,458,0.0,True
2019-11-05,483,484,0,458,0.0,True
2019-11-06,484,483,1,457,0.002066115702479339,True
2019-11-07,483,483,0,459,0.0,True
2019-11-08,483,483,0,459,0.0,True
2019-11-11,483,483,0,459,0.0,True
2019-11-12,483,483,0,459,0.0,True
2019-11-13,483,483,0,459,0.0,True
2019-11-14,483,483,0,460,0.0,True
2019-11-15,483,483,0,460,0.0,True
2019-11-18,483,483,0,460,0.0,True
2019-11-19,483,483,0,460,0.0,True
2019-11-20,483,483,0,460,0.0,True
2019-11-21,483,484,0,460,0.0,True
2019-11-22,484,482,2,458,0.004132231404958678,True
2019-11-25,482,482,0,458,0.0,True
2019-11-26,482,482,0,458,0.0,True
2019-11-27,482,482,0,458,0.0,True
2019-11-29,482,482,0,458,0.0,True
2019-12-02,482,482,0,458,0.0,True
2019-12-03,482,482,0,458,0.0,True
2019-12-04,482,482,0,461,0.0,True
2019-12-05,482,484,0,461,0.0,True
2019-12-06,484,484,0,461,0.0,True
2019-12-09,484,486,0,461,0.0,True
2019-12-10,486,486,1,460,0.00205761316872428,True
2019-12-11,486,483,3,457,0.006172839506172839,True
2019-12-12,483,483,0,457,0.0,True
2019-12-13,483,483,0,457,0.0,True
2019-12-16,483,483,0,457,0.0,True
2019-12-17,483,483,0,457,0.0,True
2019-12-18,483,483,0,457,0.0,True
2019-12-19,483,483,0,457,0.0,True
2019-12-20,483,483,0,457,0.0,True
2019-12-23,483,486,0,457,0.0,True
2020-01-29,490,487,3,455,0.006122448979591836,True
2020-01-30,487,487,0,455,0.0,True
2020-01-31,487,487,0,455,0.0,True
2020-02-03,487,487,0,455,0.0,True
2020-02-04,487,487,0,455,0.0,True
2020-02-05,487,487,0,456,0.0,True
2020-02-06,487,487,0,456,0.0,True
2020-02-07,487,487,0,456,0.0,True
2020-02-10,487,487,0,456,0.0,True
2020-02-11,487,487,0,456,0.0,True
2020-02-12,487,487,0,456,0.0,True
2020-02-13,487,487,0,456,0.0,True
2020-02-14,487,487,0,456,0.0,True
2020-02-18,487,487,0,456,0.0,True
2020-02-19,487,487,0,456,0.0,True
2020-02-20,487,487,0,456,0.0,True
2020-02-21,487,487,0,456,0.0,True
2020-02-24,487,487,0,457,0.0,True
2020-02-25,487,487,0,457,0.0,True
2020-02-26,487,487,0,457,0.0,True
2020-02-27,487,487,0,457,0.0,True
2020-02-28,487,487,0,457,0.0,True
2020-03-02,487,487,0,457,0.0,True
2020-03-03,487,488,0,457,0.0,True
2020-03-04,488,487,1,456,0.0020491803278688526,True
2020-03-05,487,487,0,456,0.0,True
2020-03-06,487,487,0,456,0.0,True
2020-03-09,487,487,0,456,0.0,True
2020-03-10,487,487,0,456,0.0,True
2020-03-11,487,487,0,456,0.0,True
2020-03-12,487,487,0,456,0.0,True
2020-03-13,487,487,0,456,0.0,True
2020-03-16,487,487,0,456,0.0,True
2020-03-17,487,487,0,456,0.0,True
2020-03-18,487,487,0,456,0.0,True
2020-03-19,487,487,0,456,0.0,True
2020-03-20,487,487,0,457,0.0,True
2020-03-23,487,487,0,457,0.0,True
2020-03-24,487,487,0,457,0.0,True
2020-03-25,487,487,0,457,0.0,True
2020-03-26,487,487,0,457,0.0,True
2020-03-27,487,487,0,457,0.0,True
2020-03-30,487,487,0,457,0.0,True
2020-03-31,487,487,0,458,0.0,True
2020-04-01,487,487,0,458,0.0,True
2020-04-02,487,487,0,458,0.0,True
2020-04-03,487,490,0,458,0.0,True
2020-04-06,489,489,1,457,0.002044989775051125,True
2020-04-07,489,487,2,455,0.00408997955010225,True
2020-04-08,487,487,0,455,0.0,True
2020-04-09,487,487,0,455,0.0,True
2020-04-13,487,487,0,455,0.0,True
2020-04-14,487,487,0,455,0.0,True
2020-04-15,487,487,0,455,0.0,True
2020-04-16,487,487,0,455,0.0,True
2020-04-17,487,487,0,455,0.0,True
2020-04-20,487,487,0,455,0.0,True
2020-04-21,487,487,0,455,0.0,True
2020-04-22,487,487,0,455,0.0,True
2020-04-23,487,487,0,455,0.0,True
2020-04-24,487,487,0,455,0.0,True
2020-04-27,487,487,0,455,0.0,True
2020-04-28,487,487,0,455,0.0,True
2020-04-29,487,487,0,455,0.0,True
2020-04-30,487,487,0,455,0.0,True
2020-05-01,487,487,0,455,0.0,True
2020-05-04,487,487,0,455,0.0,True
2020-05-05,487,487,0,456,0.0,True
2020-05-06,487,487,0,456,0.0,True
2020-05-07,487,487,0,456,0.0,True
2020-05-08,487,487,0,456,0.0,True
2020-05-11,487,487,0,456,0.0,True
2020-05-12,487,489,0,456,0.0,True
2020-05-13,489,488,1,455,0.002044989775051125,True
2020-05-14,488,488,0,455,0.0,True
2020-05-15,488,488,0,455,0.0,True
2020-05-18,488,488,0,455,0.0,True
2020-05-19,488,488,0,455,0.0,True
2020-05-20,488,488,0,455,0.0,True
2020-05-21,488,488,0,455,0.0,True
2020-05-22,488,489,0,455,0.0,True
2020-05-26,489,487,2,453,0.00408997955010225,True
2020-05-27,487,487,0,453,0.0,True
2020-05-28,487,487,0,453,0.0,True
2020-05-29,487,487,0,453,0.0,True
2020-06-01,487,487,0,453,0.0,True
2020-06-02,487,487,0,453,0.0,True
2020-06-03,487,487,0,453,0.0,True
2020-06-04,487,487,0,453,0.0,True
2020-06-05,487,487,0,453,0.0,True
2020-06-08,487,487,0,453,0.0,True
2020-06-09,487,487,0,453,0.0,True
2020-06-10,487,487,0,453,0.0,True
2020-06-11,487,487,0,453,0.0,True
2020-06-12,487,487,0,453,0.0,True
2020-06-15,487,487,0,453,0.0,True
2020-06-16,487,487,0,453,0.0,True
2020-06-17,487,487,0,453,0.0,True
2020-06-18,487,487,0,453,0.0,True
2020-06-19,487,487,0,453,0.0,True
2020-06-22,487,490,0,453,0.0,True
2020-06-23,490,489,1,452,0.0020408163265306124,True
2020-06-24,489,489,0,452,0.0,True
2020-06-25,489,489,0,452,0.0,True
2020-06-26,489,489,0,452,0.0,True
2020-06-29,489,489,0,452,0.0,True
2020-06-30,489,489,0,452,0.0,True
2020-07-01,489,489,0,452,0.0,True
2020-07-02,489,489,0,452,0.0,True
2020-07-06,489,489,0,455,0.0,True
2020-07-07,489,489,0,455,0.0,True
2020-07-08,489,489,0,455,0.0,True
2020-07-09,489,489,0,455,0.0,True
2020-07-10,489,489,0,456,0.0,True
2020-07-13,489,489,0,456,0.0,True
2020-07-14,489,489,0,456,0.0,True
2020-07-15,489,489,0,456,0.0,True
2020-07-16,489,489,0,456,0.0,True
2020-07-17,489,489,0,456,0.0,True
2020-07-20,489,489,0,456,0.0,True
2020-07-21,489,489,0,456,0.0,True
2020-07-22,489,489,0,456,0.0,True
2020-07-23,489,489,0,456,0.0,True
2020-07-24,489,489,0,456,0.0,True
2020-07-27,489,489,0,456,0.0,True
2020-07-28,489,489,0,456,0.0,True
2020-07-29,489,489,0,456,0.0,True
2020-07-30,489,489,0,456,0.0,True
2020-07-31,489,489,0,456,0.0,True
2020-08-03,489,489,0,457,0.0,True
2020-08-04,489,489,0,457,0.0,True
2020-08-05,489,489,0,457,0.0,True
2020-08-06,489,489,0,457,0.0,True
2020-08-07,489,489,0,457,0.0,True
2020-08-10,489,489,0,457,0.0,True
2020-08-11,489,489,0,457,0.0,True
2020-08-12,489,489,0,457,0.0,True
2020-08-13,489,489,0,457,0.0,True
2020-08-14,489,489,0,458,0.0,True
2020-08-17,489,489,0,458,0.0,True
2020-08-18,489,489,0,458,0.0,True
2020-08-19,489,489,0,458,0.0,True
2020-08-20,489,489,0,458,0.0,True
2020-08-21,489,489,0,458,0.0,True
2020-08-24,489,489,0,458,0.0,True
2020-08-25,489,489,0,458,0.0,True
2020-08-26,489,489,0,458,0.0,True
2020-08-27,489,489,0,458,0.0,True
2020-08-28,489,489,0,458,0.0,True
2020-08-31,489,489,0,458,0.0,True
2020-09-01,489,489,0,458,0.0,True
2020-09-02,489,489,0,458,0.0,True
2020-09-03,489,489,0,458,0.0,True
2020-09-04,489,489,0,458,0.0,True
2020-09-08,489,489,0,458,0.0,True
2020-09-09,489,489,0,458,0.0,True
2020-09-10,489,489,0,459,0.0,True
2020-09-11,489,489,0,461,0.0,True
2020-09-14,489,489,0,461,0.0,True
2020-09-15,489,489,0,461,0.0,True
2020-09-16,489,489,0,461,0.0,True
2020-09-17,489,489,0,461,0.0,True
2020-09-18,489,490,0,461,0.0,True
2020-09-21,490,490,3,458,0.006122448979591836,True
2020-09-22,490,489,1,457,0.0020408163265306124,True
2020-09-23,489,489,0,457,0.0,True
2020-09-24,489,489,0,457,0.0,True
2020-09-25,489,489,0,457,0.0,True
2020-09-28,489,489,0,457,0.0,True
2020-09-29,489,489,0,457,0.0,True
2020-09-30,489,489,0,457,0.0,True
2020-10-01,489,489,0,457,0.0,True
2020-10-02,489,489,0,457,0.0,True
2020-10-05,489,489,0,457,0.0,True
2020-10-06,489,489,0,457,0.0,True
2020-10-07,489,490,0,457,0.0,True
2020-10-08,490,489,1,456,0.0020408163265306124,True
2020-10-09,489,489,0,456,0.0,True
2020-10-12,489,490,0,456,0.0,True
2020-10-13,490,489,1,455,0.0020408163265306124,True
2020-10-14,489,489,0,455,0.0,True
2020-10-15,489,489,0,455,0.0,True
2020-10-16,489,489,0,455,0.0,True
2020-10-19,489,489,0,455,0.0,True
2020-10-20,489,489,0,455,0.0,True
2020-10-21,489,489,0,455,0.0,True
2020-10-22,489,489,0,455,0.0,True
2020-10-23,489,489,0,456,0.0,True
2020-10-26,489,489,0,456,0.0,True
2020-10-27,489,489,0,456,0.0,True
2020-10-28,489,489,0,457,0.0,True
2020-10-29,489,489,0,457,0.0,True
2020-10-30,489,489,0,457,0.0,True
2020-11-02,489,489,0,457,0.0,True
2020-11-03,489,489,0,457,0.0,True
2020-11-04,489,489,0,458,0.0,True
2020-11-05,489,489,0,458,0.0,True
2020-11-06,489,489,0,458,0.0,True
2020-11-09,489,489,0,458,0.0,True
2020-11-10,489,489,0,458,0.0,True
2020-11-11,489,489,0,458,0.0,True
2020-11-12,489,489,0,458,0.0,True
2020-11-13,489,489,0,458,0.0,True
2020-11-16,489,489,0,458,0.0,True
2020-11-17,489,490,0,458,0.0,True
2020-11-18,490,489,1,457,0.0020408163265306124,True
2020-11-19,489,489,0,458,0.0,True
2020-11-20,489,489,0,458,0.0,True
2020-11-23,489,489,0,458,0.0,True
2020-11-24,489,489,0,458,0.0,True
2020-11-25,489,489,0,458,0.0,True
2020-11-27,489,489,0,458,0.0,True
2020-11-30,489,489,0,458,0.0,True
2020-12-01,489,489,0,458,0.0,True
2020-12-02,489,489,0,458,0.0,True
2020-12-03,489,489,0,458,0.0,True
2020-12-04,489,489,0,458,0.0,True
2020-12-07,489,489,0,458,0.0,True
2020-12-08,489,489,0,459,0.0,True
2020-12-09,489,489,0,459,0.0,True
2020-12-10,489,489,0,459,0.0,True
2020-12-11,489,489,0,459,0.0,True
2020-12-14,489,489,0,459,0.0,True
2020-12-15,489,489,0,459,0.0,True
2020-12-16,489,489,0,459,0.0,True
2020-12-17,489,489,0,459,0.0,True
2020-12-18,489,489,0,459,0.0,True
2020-12-21,489,490,0,459,0.0,True
2021-01-08,491,489,2,457,0.004073319755600814,True
2021-01-11,489,489,0,457,0.0,True
2021-01-12,489,489,0,458,0.0,True
2021-01-13,489,489,0,458,0.0,True
2021-01-14,489,489,0,458,0.0,True
2021-01-15,489,489,0,458,0.0,True
2021-01-19,489,489,0,458,0.0,True
2021-01-20,489,489,0,458,0.0,True
2021-01-21,489,490,0,458,0.0,True
2021-01-22,490,489,1,457,0.0020408163265306124,True
2021-01-25,489,489,0,457,0.0,True
2021-01-26,489,489,0,459,0.0,True
2021-01-27,489,489,0,459,0.0,True
2021-01-28,489,489,0,461,0.0,True
2021-01-29,489,489,0,462,0.0,True
2021-02-01,489,489,0,462,0.0,True
2021-02-02,489,489,0,462,0.0,True
2021-02-03,489,489,0,462,0.0,True
2021-02-04,489,489,0,462,0.0,True
2021-02-05,489,489,0,462,0.0,True
2021-02-08,489,489,0,462,0.0,True
2021-02-09,489,489,0,462,0.0,True
2021-02-10,489,489,0,462,0.0,True
2021-02-11,489,489,0,468,0.0,True
2021-02-12,489,490,0,468,0.0,True
2021-02-16,490,486,4,465,0.00816326530612245,True
2021-02-17,486,486,0,465,0.0,True
2021-02-18,486,486,0,465,0.0,True
2021-02-19,486,486,0,465,0.0,True
2021-02-22,486,486,0,465,0.0,True
2021-02-23,486,486,0,465,0.0,True
2021-02-24,486,486,0,465,0.0,True
2021-02-25,486,486,0,465,0.0,True
2021-02-26,486,486,0,465,0.0,True
2021-03-01,486,486,0,465,0.0,True
2021-03-02,486,486,0,465,0.0,True
2021-03-03,486,486,0,465,0.0,True
2021-03-04,486,486,0,465,0.0,True
2021-03-05,486,486,0,465,0.0,True
2021-03-08,486,486,0,465,0.0,True
2021-03-09,486,486,0,465,0.0,True
2021-03-10,486,486,0,465,0.0,True
2021-03-11,486,486,0,465,0.0,True
2021-03-12,486,486,0,465,0.0,True
2021-03-15,486,486,0,465,0.0,True
2021-03-16,486,486,0,465,0.0,True
2021-03-17,486,486,0,465,0.0,True
2021-03-18,486,486,0,466,0.0,True
2021-03-19,486,486,0,466,0.0,True
2021-03-22,486,490,0,466,0.0,True
2021-03-23,490,489,1,465,0.0020408163265306124,True
2021-03-24,489,489,0,465,0.0,True
2021-03-25,489,489,0,465,0.0,True
2021-03-26,489,489,0,465,0.0,True
2021-03-29,489,489,0,465,0.0,True
2021-03-30,489,489,0,465,0.0,True
2021-03-31,489,489,0,465,0.0,True
2021-04-01,489,489,0,465,0.0,True
2021-04-05,489,489,0,465,0.0,True
2021-04-06,489,489,0,465,0.0,True
2021-04-07,489,489,0,465,0.0,True
2021-04-08,489,489,0,465,0.0,True
2021-04-09,489,489,0,465,0.0,True
2021-04-12,489,489,0,465,0.0,True
2021-04-13,489,489,0,465,0.0,True
2021-04-14,489,489,0,465,0.0,True
2021-04-15,489,489,0,465,0.0,True
2021-04-16,489,489,0,465,0.0,True
2021-04-19,489,489,0,465,0.0,True
2021-04-20,489,490,0,465,0.0,True
2021-04-21,490,489,1,467,0.0020408163265306124,True
2021-04-22,489,489,0,468,0.0,True
2021-04-23,489,489,0,468,0.0,True
2021-04-26,489,489,0,468,0.0,True
2021-04-27,489,489,0,468,0.0,True
2021-04-28,489,489,0,468,0.0,True
2021-04-29,489,489,0,468,0.0,True
2021-04-30,489,489,0,468,0.0,True
2021-05-03,489,489,0,468,0.0,True
2021-05-04,489,489,0,468,0.0,True
2021-05-05,489,489,0,468,0.0,True
2021-05-06,489,489,0,468,0.0,True
2021-05-07,489,489,0,468,0.0,True
2021-05-10,489,489,0,468,0.0,True
2021-05-11,489,489,0,468,0.0,True
2021-05-12,489,489,0,468,0.0,True
2021-05-13,489,489,0,468,0.0,True
2021-05-14,489,490,0,468,0.0,True
2021-05-17,490,489,1,467,0.0020408163265306124,True
2021-05-18,489,489,0,467,0.0,True
2021-05-19,489,489,0,467,0.0,True
2021-05-20,489,489,0,467,0.0,True
2021-05-21,489,489,0,467,0.0,True
2021-05-24,489,489,0,467,0.0,True
2021-05-25,489,489,0,467,0.0,True
2021-05-26,489,489,0,467,0.0,True
2021-05-27,489,489,0,469,0.0,True
2021-05-28,489,489,0,469,0.0,True
2021-06-01,489,489,0,469,0.0,True
2021-06-02,489,489,0,469,0.0,True
2021-06-03,489,489,0,469,0.0,True
2021-06-04,489,490,0,469,0.0,True
2021-06-07,490,489,1,468,0.0020408163265306124,True
2021-06-08,489,489,0,468,0.0,True
2021-06-09,489,489,0,469,0.0,True
2021-06-10,489,489,0,469,0.0,True
2021-06-11,489,489,0,469,0.0,True
2021-06-14,489,489,0,469,0.0,True
2021-06-15,489,489,0,469,0.0,True
2021-06-16,489,489,0,469,0.0,True
2021-06-17,489,489,0,469,0.0,True
2021-06-18,489,489,0,469,0.0,True
2021-06-21,489,489,0,469,0.0,True
2021-06-22,489,489,0,469,0.0,True
2021-06-23,489,489,0,469,0.0,True
2021-06-24,489,489,0,469,0.0,True
2021-06-25,489,489,0,469,0.0,True
2021-06-28,489,489,0,469,0.0,True
2021-06-29,489,489,0,469,0.0,True
2021-06-30,489,489,0,469,0.0,True
2021-07-01,489,489,0,469,0.0,True
2021-07-02,489,489,0,469,0.0,True
2021-07-06,489,489,0,469,0.0,True
2021-07-07,489,489,0,469,0.0,True
2021-07-08,489,489,0,472,0.0,True
2021-07-09,489,489,0,472,0.0,True
2021-07-12,489,489,0,472,0.0,True
2021-07-13,489,489,0,472,0.0,True
2021-07-14,489,489,0,472,0.0,True
2021-07-15,489,489,0,472,0.0,True
2021-07-16,489,489,0,472,0.0,True
2021-07-19,489,489,0,472,0.0,True
2021-07-20,489,489,0,472,0.0,True
2021-07-21,489,490,0,472,0.0,True
2021-07-22,490,490,0,472,0.0,True
2021-07-23,490,490,0,472,0.0,True
2021-07-26,490,490,0,472,0.0,True
2021-07-27,490,490,0,472,0.0,True
2021-07-28,490,490,0,472,0.0,True
2021-07-29,490,490,0,472,0.0,True
2021-07-30,490,490,0,472,0.0,True
2021-08-02,490,490,0,472,0.0,True
2021-08-03,490,491,0,472,0.0,True
2021-08-04,491,490,1,471,0.002036659877800407,True
2021-08-05,490,490,0,471,0.0,True
2021-08-06,490,490,0,471,0.0,True
2021-08-09,490,490,0,471,0.0,True
2021-08-10,490,490,0,471,0.0,True
2021-08-11,490,490,0,471,0.0,True
2021-08-12,490,490,0,471,0.0,True
2021-08-13,490,490,0,471,0.0,True
2021-08-16,490,490,0,471,0.0,True
2021-08-17,490,490,0,471,0.0,True
2021-08-18,490,490,0,471,0.0,True
2021-08-19,490,490,0,471,0.0,True
2021-08-20,490,490,0,471,0.0,True
2021-08-23,490,490,0,471,0.0,True
2021-08-24,490,490,0,471,0.0,True
2021-08-25,490,490,0,471,0.0,True
2021-08-26,490,490,0,471,0.0,True
2021-08-27,490,490,0,471,0.0,True
2021-08-30,490,491,0,471,0.0,True
2021-08-31,491,488,3,468,0.006109979633401222,True
2021-09-01,488,488,0,468,0.0,True
2021-09-02,488,488,0,468,0.0,True
2021-09-03,488,488,0,468,0.0,True
2021-09-07,488,488,0,468,0.0,True
2021-09-08,488,488,0,468,0.0,True
2021-09-09,488,488,0,468,0.0,True
2021-09-10,488,488,0,468,0.0,True
2021-09-13,488,488,0,468,0.0,True
2021-09-14,488,488,0,468,0.0,True
2021-09-15,488,488,0,468,0.0,True
2021-09-16,488,488,0,468,0.0,True
2021-09-17,488,488,0,468,0.0,True
2021-09-20,488,490,0,468,0.0,True
2021-09-21,490,490,0,468,0.0,True
2021-09-22,490,490,0,468,0.0,True
2021-09-23,490,490,0,468,0.0,True
2021-09-24,490,490,0,468,0.0,True
2021-09-27,490,490,0,468,0.0,True
2021-09-28,490,490,0,468,0.0,True
2021-09-29,490,490,0,468,0.0,True
2021-09-30,490,490,0,468,0.0,True
2021-10-01,490,490,0,468,0.0,True
2021-10-04,490,491,0,468,0.0,True
2021-10-05,491,490,1,468,0.002036659877800407,True
2021-10-06,490,490,0,471,0.0,True
2021-10-07,490,490,0,471,0.0,True
2021-10-08,490,490,0,471,0.0,True
2021-10-11,490,490,0,471,0.0,True
2021-10-12,490,490,0,471,0.0,True
2021-10-13,490,490,0,471,0.0,True
2021-10-14,490,490,0,471,0.0,True
2021-10-15,490,490,0,471,0.0,True
2021-10-18,490,490,0,471,0.0,True
2021-10-19,490,490,0,471,0.0,True
2021-10-20,490,490,0,471,0.0,True
2021-10-21,490,490,0,471,0.0,True
2021-10-22,490,490,0,472,0.0,True
2021-10-25,490,490,0,472,0.0,True
2021-10-26,490,490,0,472,0.0,True
2021-10-27,490,490,0,472,0.0,True
2021-10-28,490,490,0,472,0.0,True
2021-10-29,490,490,0,472,0.0,True
2021-11-01,490,490,0,472,0.0,True
2021-11-02,490,490,0,472,0.0,True
2021-11-03,490,490,0,472,0.0,True
2021-11-04,490,490,0,472,0.0,True
2021-11-05,490,490,0,472,0.0,True
2021-11-08,490,490,0,472,0.0,True
2021-11-09,490,490,0,472,0.0,True
2021-11-10,490,490,0,472,0.0,True
2021-11-11,490,490,0,472,0.0,True
2021-11-12,490,490,0,472,0.0,True
2021-11-15,490,490,0,472,0.0,True
2021-11-16,490,490,0,472,0.0,True
2021-11-17,490,490,0,472,0.0,True
2021-11-18,490,490,0,472,0.0,True
2021-11-19,490,490,0,472,0.0,True
2021-11-22,490,490,0,472,0.0,True
2021-11-23,490,490,0,472,0.0,True
2021-11-24,490,490,0,472,0.0,True
2021-11-26,490,490,0,472,0.0,True
2021-11-29,490,490,0,472,0.0,True
2021-11-30,490,490,0,472,0.0,True
2021-12-01,490,490,0,472,0.0,True
2021-12-02,490,490,0,472,0.0,True
2021-12-03,490,490,0,473,0.0,True
2021-12-06,490,490,0,473,0.0,True
2021-12-07,490,490,0,473,0.0,True
2021-12-08,490,490,0,473,0.0,True
2021-12-09,490,490,0,473,0.0,True
2021-12-10,490,490,0,473,0.0,True
2021-12-13,490,490,0,473,0.0,True
2021-12-14,490,491,0,473,0.0,True
2021-12-15,491,488,3,470,0.006109979633401222,True
2021-12-16,488,488,0,470,0.0,True
2021-12-17,488,488,0,470,0.0,True
2021-12-20,488,491,0,470,0.0,True
2022-01-11,492,490,2,468,0.0040650406504065045,True
2022-01-12,490,490,0,468,0.0,True
2022-01-13,490,490,0,468,0.0,True
2022-01-14,490,490,0,468,0.0,True
2022-01-18,490,490,0,468,0.0,True
2022-01-19,490,490,0,468,0.0,True
2022-01-20,490,490,0,468,0.0,True
2022-01-21,490,490,0,468,0.0,True
2022-01-24,490,490,0,468,0.0,True
2022-01-25,490,490,0,468,0.0,True
2022-01-26,490,490,0,468,0.0,True
2022-01-27,490,490,0,470,0.0,True
2022-01-28,490,490,0,470,0.0,True
2022-01-31,490,490,0,470,0.0,True
2022-02-01,490,490,0,470,0.0,True
2022-02-02,490,491,0,470,0.0,True
2022-02-03,491,490,1,469,0.002036659877800407,True
2022-02-04,490,490,0,469,0.0,True
2022-02-07,490,490,0,469,0.0,True
2022-02-08,490,490,0,469,0.0,True
2022-02-09,490,490,0,470,0.0,True
2022-02-10,490,490,0,470,0.0,True
2022-02-11,490,490,0,470,0.0,True
2022-02-14,490,490,0,470,0.0,True
2022-02-15,490,491,0,470,0.0,True
2022-02-16,491,490,1,469,0.002036659877800407,True
2022-02-17,490,490,0,469,0.0,True
2022-02-18,490,490,0,469,0.0,True
2022-02-22,490,490,0,469,0.0,True
2022-02-23,490,490,0,469,0.0,True
2022-02-24,490,490,0,469,0.0,True
2022-02-25,490,490,0,469,0.0,True
2022-02-28,490,490,0,469,0.0,True
2022-03-01,490,490,0,469,0.0,True
2022-03-02,490,491,0,469,0.0,True
2022-03-03,491,490,1,468,0.002036659877800407,True
2022-03-04,490,490,0,469,0.0,True
2022-03-07,490,490,0,469,0.0,True
2022-03-08,490,490,0,469,0.0,True
2022-03-09,490,490,0,469,0.0,True
2022-03-10,490,490,0,469,0.0,True
2022-03-11,490,490,0,469,0.0,True
2022-03-14,490,490,0,469,0.0,True
2022-03-15,490,490,0,469,0.0,True
2022-03-16,490,490,0,469,0.0,True
2022-03-17,490,490,0,469,0.0,True
2022-03-18,490,490,0,469,0.0,True
2022-03-21,490,490,0,469,0.0,True
2022-03-22,490,490,0,469,0.0,True
2022-03-23,490,490,0,469,0.0,True
2022-03-24,490,490,0,469,0.0,True
2022-03-25,490,490,0,469,0.0,True
2022-03-28,490,490,0,469,0.0,True
2022-03-29,490,490,0,469,0.0,True
2022-03-30,490,490,0,469,0.0,True
2022-03-31,490,490,0,469,0.0,True
2022-04-01,490,490,0,469,0.0,True
2022-04-04,490,491,0,469,0.0,True
2022-04-05,491,489,2,467,0.004073319755600814,True
2022-04-06,489,489,0,467,0.0,True
2022-04-07,489,489,0,467,0.0,True
2022-04-08,489,489,0,471,0.0,True
2022-04-11,489,490,0,471,0.0,True
2022-04-12,490,490,0,471,0.0,True
2022-04-13,490,490,0,471,0.0,True
2022-04-14,490,490,0,471,0.0,True
2022-04-18,490,490,0,471,0.0,True
2022-04-19,490,490,0,471,0.0,True
2022-04-20,490,490,0,471,0.0,True
2022-04-21,490,490,0,471,0.0,True
2022-04-22,490,490,0,471,0.0,True
2022-04-25,490,490,0,471,0.0,True
2022-04-26,490,490,0,471,0.0,True
2022-04-27,490,490,0,471,0.0,True
2022-04-28,490,490,0,471,0.0,True
2022-04-29,490,490,0,471,0.0,True
2022-05-02,490,490,0,471,0.0,True
2022-05-03,490,490,0,471,0.0,True
2022-05-04,490,490,0,471,0.0,True
2022-05-05,490,490,0,471,0.0,True
2022-05-06,490,490,0,471,0.0,True
2022-05-09,490,490,0,472,0.0,True
2022-05-10,490,491,0,472,0.0,True
2022-05-11,491,491,0,472,0.0,True
2022-05-12,491,491,0,472,0.0,True
2022-05-13,491,491,0,472,0.0,True
2022-05-16,491,491,0,472,0.0,True
2022-05-17,491,491,0,472,0.0,True
2022-05-18,491,491,0,472,0.0,True
2022-05-19,491,491,0,472,0.0,True
2022-05-20,491,491,0,472,0.0,True
2022-05-23,491,491,0,472,0.0,True
2022-05-24,491,491,0,472,0.0,True
2022-05-25,491,491,0,472,0.0,True
2022-05-26,491,491,0,472,0.0,True
2022-05-27,491,491,0,472,0.0,True
2022-05-31,491,491,0,472,0.0,True
2022-06-01,491,491,0,472,0.0,True
2022-06-02,491,491,0,472,0.0,True
2022-06-03,491,491,0,473,0.0,True
2022-06-06,491,491,0,473,0.0,True
2022-06-07,491,491,0,473,0.0,True
2022-06-08,491,492,0,473,0.0,True
2022-06-09,492,493,0,473,0.0,True
2022-06-10,493,490,3,470,0.006085192697768763,True
2022-06-13,490,490,0,470,0.0,True
2022-06-14,490,490,0,470,0.0,True
2022-06-15,490,490,0,470,0.0,True
2022-06-16,490,490,0,470,0.0,True
2022-06-17,490,490,0,470,0.0,True
2022-06-21,490,492,0,470,0.0,True
2022-06-22,492,491,1,469,0.0020325203252032522,True
2022-06-23,491,491,0,469,0.0,True
2022-06-24,491,491,0,470,0.0,True
2022-06-27,491,491,0,470,0.0,True
2022-06-28,491,492,0,470,0.0,True
2022-06-29,492,490,2,468,0.0040650406504065045,True
2022-06-30,490,490,0,468,0.0,True
2022-07-01,490,490,0,468,0.0,True
2022-07-05,490,490,0,468,0.0,True
2022-07-06,490,490,0,468,0.0,True
2022-07-07,490,490,0,468,0.0,True
2022-07-08,490,490,0,468,0.0,True
2022-07-11,490,490,0,468,0.0,True
2022-07-12,490,490,0,468,0.0,True
2022-07-13,490,490,0,468,0.0,True
2022-07-14,490,490,0,468,0.0,True
2022-07-15,490,490,0,468,0.0,True
2022-07-18,490,490,0,468,0.0,True
2022-07-19,490,490,0,468,0.0,True
2022-07-20,490,490,0,468,0.0,True
2022-07-21,490,490,0,468,0.0,True
2022-07-22,490,490,0,468,0.0,True
2022-07-25,490,490,0,468,0.0,True
2022-07-26,490,490,0,468,0.0,True
2022-07-27,490,490,0,468,0.0,True
2022-07-28,490,490,0,468,0.0,True
2022-07-29,490,490,0,468,0.0,True
2022-08-01,490,490,0,468,0.0,True
2022-08-02,490,490,0,468,0.0,True
2022-08-03,490,490,0,468,0.0,True
2022-08-04,490,490,0,468,0.0,True
2022-08-05,490,490,0,468,0.0,True
2022-08-08,490,490,0,468,0.0,True
2022-08-09,490,490,0,468,0.0,True
2022-08-10,490,490,0,469,0.0,True
2022-08-11,490,490,0,469,0.0,True
2022-08-12,490,490,0,469,0.0,True
2022-08-15,490,490,0,469,0.0,True
2022-08-16,490,490,0,469,0.0,True
2022-08-17,490,490,0,469,0.0,True
2022-08-18,490,490,0,469,0.0,True
2022-08-19,490,490,0,469,0.0,True
2022-08-22,490,490,0,469,0.0,True
2022-08-23,490,490,0,470,0.0,True
2022-08-24,490,490,0,470,0.0,True
2022-08-25,490,490,0,470,0.0,True
2022-08-26,490,490,0,470,0.0,True
2022-08-29,490,490,0,470,0.0,True
2022-08-30,490,490,0,470,0.0,True
2022-08-31,490,490,0,470,0.0,True
2022-09-01,490,490,0,470,0.0,True
2022-09-02,490,490,0,470,0.0,True
2022-09-06,490,490,0,470,0.0,True
2022-09-07,490,490,0,470,0.0,True
2022-09-08,490,490,0,470,0.0,True
2022-09-09,490,490,0,470,0.0,True
2022-09-12,490,490,0,470,0.0,True
2022-09-13,490,490,0,470,0.0,True
2022-09-14,490,490,0,470,0.0,True
2022-09-15,490,490,0,470,0.0,True
2022-09-16,490,490,0,470,0.0,True
2022-09-19,490,492,0,470,0.0,True
2022-09-20,492,490,2,469,0.0040650406504065045,True
2022-09-21,490,490,0,469,0.0,True
2022-09-22,490,490,0,469,0.0,True
2022-09-23,490,490,0,469,0.0,True
2022-09-26,490,490,0,469,0.0,True
2022-09-27,490,490,0,469,0.0,True
2022-09-28,490,490,0,469,0.0,True
2022-09-29,490,490,0,469,0.0,True
2022-09-30,490,490,0,469,0.0,True
2022-10-03,490,492,0,469,0.0,True
2022-10-04,492,491,1,468,0.0020325203252032522,True
2022-10-05,491,491,0,468,0.0,True
2022-10-06,491,491,0,468,0.0,True
2022-10-07,491,491,0,468,0.0,True
2022-10-10,491,491,0,470,0.0,True
2022-10-11,491,491,0,470,0.0,True
2022-10-12,491,492,0,470,0.0,True
2022-10-13,492,491,1,469,0.0020325203252032522,True
2022-10-14,491,491,0,469,0.0,True
2022-10-17,491,491,0,469,0.0,True
2022-10-18,491,491,0,469,0.0,True
2022-10-19,491,491,0,469,0.0,True
2022-10-20,491,491,0,469,0.0,True
2022-10-21,491,491,0,469,0.0,True
2022-10-24,491,491,0,470,0.0,True
2022-10-25,491,491,0,470,0.0,True
2022-10-26,491,491,0,470,0.0,True
2022-10-27,491,491,0,470,0.0,True
2022-10-28,491,491,0,470,0.0,True
2022-10-31,491,491,0,470,0.0,True
2022-11-01,491,492,0,470,0.0,True
2022-11-02,492,491,1,469,0.0020325203252032522,True
2022-11-03,491,491,0,469,0.0,True
2022-11-04,491,491,0,469,0.0,True
2022-11-07,491,491,0,469,0.0,True
2022-11-08,491,492,0,469,0.0,True
2022-11-09,492,491,1,468,0.0020325203252032522,True
2022-11-10,491,491,0,468,0.0,True
2022-11-11,491,491,0,468,0.0,True
2022-11-14,491,491,0,468,0.0,True
2022-11-15,491,491,0,468,0.0,True
2022-11-16,491,491,0,468,0.0,True
2022-11-17,491,491,0,468,0.0,True
2022-11-18,491,491,0,468,0.0,True
2022-11-21,491,491,0,468,0.0,True
2022-11-22,491,491,0,468,0.0,True
2022-11-23,491,491,0,468,0.0,True
2022-11-25,491,491,0,468,0.0,True
2022-11-28,491,491,0,468,0.0,True
2022-11-29,491,491,0,468,0.0,True
2022-11-30,491,491,0,468,0.0,True
2022-12-01,491,491,0,468,0.0,True
2022-12-02,491,491,0,468,0.0,True
2022-12-05,491,491,0,468,0.0,True
2022-12-06,491,491,0,468,0.0,True
2022-12-07,491,491,0,468,0.0,True
2022-12-08,491,491,0,468,0.0,True
2022-12-09,491,491,0,468,0.0,True
2022-12-12,491,491,0,468,0.0,True
2022-12-13,491,491,0,468,0.0,True
2022-12-14,491,491,0,468,0.0,True
2022-12-15,491,491,0,468,0.0,True
2022-12-16,491,491,0,468,0.0,True
2022-12-19,491,492,0,468,0.0,True
2022-12-20,492,491,1,467,0.0020325203252032522,True
2022-12-21,491,491,0,467,0.0,True
2022-12-22,491,492,0,467,0.0,True
2023-01-05,493,490,3,465,0.006085192697768763,True
2023-01-06,490,490,0,465,0.0,True
2023-01-09,490,490,0,465,0.0,True
2023-01-10,490,490,0,465,0.0,True
2023-01-11,490,490,0,465,0.0,True
2023-01-12,490,490,0,465,0.0,True
2023-01-13,490,490,0,465,0.0,True
2023-01-17,490,490,0,466,0.0,True
2023-01-18,490,490,0,466,0.0,True
2023-01-19,490,490,0,466,0.0,True
2023-01-20,490,490,0,466,0.0,True
2023-01-23,490,490,0,469,0.0,True
2023-01-24,490,490,0,469,0.0,True
2023-01-25,490,490,0,469,0.0,True
2023-01-26,490,490,0,469,0.0,True
2023-01-27,490,490,0,469,0.0,True
2023-01-30,490,490,0,469,0.0,True
2023-01-31,490,490,0,469,0.0,True
2023-02-01,490,490,0,469,0.0,True
2023-02-02,490,490,0,469,0.0,True
2023-02-03,490,490,0,469,0.0,True
2023-02-06,490,490,0,469,0.0,True
2023-02-07,490,490,0,469,0.0,True
2023-02-08,490,490,0,469,0.0,True
2023-02-09,490,490,0,469,0.0,True
2023-02-10,490,490,0,469,0.0,True
2023-02-13,490,490,0,469,0.0,True
2023-02-14,490,490,0,470,0.0,True
2023-02-15,490,490,0,470,0.0,True
2023-02-16,490,490,0,470,0.0,True
2023-02-17,490,490,0,470,0.0,True
2023-02-21,490,490,0,470,0.0,True
2023-02-22,490,490,0,470,0.0,True
2023-02-23,490,490,0,470,0.0,True
2023-02-24,490,490,0,470,0.0,True
2023-02-27,490,490,0,470,0.0,True
2023-02-28,490,490,0,471,0.0,True
2023-03-01,490,490,0,471,0.0,True
2023-03-02,490,490,0,471,0.0,True
2023-03-03,490,490,0,471,0.0,True
2023-03-06,490,490,0,471,0.0,True
2023-03-07,490,490,0,471,0.0,True
2023-03-08,490,490,0,471,0.0,True
2023-03-09,490,490,0,471,0.0,True
2023-03-10,490,490,0,471,0.0,True
2023-03-13,490,490,0,471,0.0,True
2023-03-14,490,490,0,472,0.0,True
2023-03-15,490,492,0,472,0.0,True
2023-03-16,492,491,1,471,0.0020325203252032522,True
2023-03-17,491,491,0,471,0.0,True
2023-03-20,491,492,0,471,0.0,True
2023-03-21,492,491,1,470,0.0020325203252032522,True
2023-03-22,491,491,0,470,0.0,True
2023-03-23,491,491,0,470,0.0,True
2023-03-24,491,491,0,470,0.0,True
2023-03-27,491,491,0,470,0.0,True
2023-03-28,491,491,0,470,0.0,True
2023-03-29,491,491,0,470,0.0,True
2023-03-30,491,491,0,470,0.0,True
2023-03-31,491,491,0,470,0.0,True
2023-04-03,491,491,0,470,0.0,True
2023-04-04,491,491,0,470,0.0,True
2023-04-05,491,491,0,470,0.0,True
2023-04-06,491,491,0,470,0.0,True
2023-04-10,491,491,0,470,0.0,True
2023-04-11,491,491,0,470,0.0,True
2023-04-12,491,491,0,470,0.0,True
2023-04-13,491,491,0,470,0.0,True
2023-04-14,491,491,0,470,0.0,True
2023-04-17,491,491,0,471,0.0,True
2023-04-18,491,491,0,471,0.0,True
2023-04-19,491,491,0,471,0.0,True
2023-04-20,491,491,0,471,0.0,True
2023-04-21,491,491,0,471,0.0,True
2023-04-24,491,491,0,472,0.0,True
2023-04-25,491,491,0,472,0.0,True
2023-04-26,491,491,0,472,0.0,True
2023-04-27,491,491,0,472,0.0,True
2023-04-28,491,491,0,472,0.0,True
2023-05-01,491,491,0,472,0.0,True
2023-05-02,491,491,0,472,0.0,True
2023-05-03,491,491,0,472,0.0,True
2023-05-04,491,492,0,472,0.0,True
2023-05-05,492,491,1,471,0.0020325203252032522,True
2023-05-08,491,491,0,471,0.0,True
2023-05-09,491,491,0,471,0.0,True
2023-05-10,491,491,0,471,0.0,True
2023-05-11,491,491,0,471,0.0,True
2023-05-12,491,491,0,471,0.0,True
2023-05-15,491,491,0,471,0.0,True
2023-05-16,491,492,0,471,0.0,True
2023-05-17,492,492,0,471,0.0,True
2023-05-18,492,492,0,471,0.0,True
2023-05-19,492,492,0,471,0.0,True
2023-05-22,492,492,0,472,0.0,True
2023-05-23,492,492,0,472,0.0,True
2023-05-24,492,492,0,472,0.0,True
2023-05-25,492,492,0,472,0.0,True
2023-05-26,492,492,0,472,0.0,True
2023-05-30,492,492,0,472,0.0,True
2023-05-31,492,492,0,472,0.0,True
2023-06-01,492,492,0,472,0.0,True
2023-06-02,492,492,0,472,0.0,True
2023-06-05,492,492,0,472,0.0,True
2023-06-06,492,492,0,472,0.0,True
2023-06-07,492,493,0,472,0.0,True
2023-06-08,493,492,1,471,0.002028397565922921,True
2023-06-09,492,492,0,471,0.0,True
2023-06-12,492,492,0,471,0.0,True
2023-06-13,492,492,0,471,0.0,True
2023-06-14,492,492,0,471,0.0,True
2023-06-15,492,492,0,471,0.0,True
2023-06-16,492,492,0,471,0.0,True
2023-06-20,492,493,0,471,0.0,True
2023-06-21,493,493,0,472,0.0,True
2023-06-22,493,493,0,473,0.0,True
2023-06-23,493,493,0,473,0.0,True
2023-06-26,493,493,0,473,0.0,True
2023-06-27,493,493,0,473,0.0,True
2023-06-28,493,493,0,473,0.0,True
2023-06-29,493,493,0,473,0.0,True
2023-06-30,493,493,0,473,0.0,True
2023-07-03,493,493,0,475,0.0,True
2023-07-05,493,493,0,475,0.0,True
2023-07-06,493,493,0,475,0.0,True
2023-07-07,493,493,0,475,0.0,True
2023-07-10,493,494,0,475,0.0,True
2023-07-11,494,493,1,475,0.0020242914979757085,True
2023-07-12,493,493,0,475,0.0,True
2023-07-13,493,493,0,475,0.0,True
2023-07-14,493,493,0,475,0.0,True
2023-07-17,493,493,0,475,0.0,True
2023-07-18,493,493,0,475,0.0,True
2023-07-19,493,493,0,475,0.0,True
2023-07-20,493,493,0,475,0.0,True
2023-07-21,493,493,0,475,0.0,True
2023-07-24,493,493,0,475,0.0,True
2023-07-25,493,493,0,475,0.0,True
2023-07-26,493,493,0,475,0.0,True
2023-07-27,493,493,0,475,0.0,True
2023-07-28,493,493,0,475,0.0,True
2023-07-31,493,493,0,475,0.0,True
2023-08-01,493,493,0,475,0.0,True
2023-08-02,493,493,0,475,0.0,True
2023-08-03,493,493,0,475,0.0,True
2023-08-04,493,493,0,475,0.0,True
2023-08-07,493,493,0,475,0.0,True
2023-08-08,493,493,0,475,0.0,True
2023-08-09,493,493,0,475,0.0,True
2023-08-10,493,493,0,475,0.0,True
2023-08-11,493,493,0,475,0.0,True
2023-08-14,493,493,0,475,0.0,True
2023-08-15,493,493,0,475,0.0,True
2023-08-16,493,493,0,475,0.0,True
2023-08-17,493,493,0,475,0.0,True
2023-08-18,493,493,0,475,0.0,True
2023-08-21,493,493,0,475,0.0,True
2023-08-22,493,493,0,475,0.0,True
2023-08-23,493,493,0,475,0.0,True
2023-08-24,493,493,0,475,0.0,True
2023-08-25,493,494,0,475,0.0,True
2023-08-28,494,493,1,474,0.0020242914979757085,True
2023-08-29,493,493,0,474,0.0,True
2023-08-30,493,494,0,474,0.0,True
2023-08-31,494,492,2,472,0.004048582995951417,True
2023-09-01,492,492,0,472,0.0,True
2023-09-05,492,492,0,472,0.0,True
2023-09-06,492,492,0,472,0.0,True
2023-09-07,492,492,0,472,0.0,True
2023-09-08,492,492,0,472,0.0,True
2023-09-11,492,492,0,472,0.0,True
2023-09-12,492,492,0,472,0.0,True
2023-09-13,492,492,0,472,0.0,True
2023-09-14,492,492,0,472,0.0,True
2023-09-15,492,492,0,472,0.0,True
2023-09-18,492,494,0,472,0.0,True
2023-09-19,494,493,1,471,0.0020242914979757085,True
2023-09-20,493,493,0,471,0.0,True
2023-09-21,493,493,0,471,0.0,True
2023-09-22,493,493,0,471,0.0,True
2023-09-25,493,493,0,471,0.0,True
2023-09-26,493,493,0,471,0.0,True
2023-09-27,493,493,0,471,0.0,True
2023-09-28,493,493,0,471,0.0,True
2023-09-29,493,493,0,473,0.0,True
2023-10-02,493,494,0,473,0.0,True
2023-10-03,494,492,2,471,0.004048582995951417,True
2023-10-04,492,492,0,471,0.0,True
2023-10-05,492,492,0,471,0.0,True
2023-10-06,492,492,0,471,0.0,True
2023-10-09,492,492,0,471,0.0,True
2023-10-10,492,492,0,471,0.0,True
2023-10-11,492,492,0,471,0.0,True
2023-10-12,492,492,0,471,0.0,True
2023-10-13,492,492,0,473,0.0,True
2023-10-16,492,492,0,473,0.0,True
2023-10-17,492,492,0,473,0.0,True
2023-10-18,492,494,0,473,0.0,True
2023-10-19,494,491,3,470,0.006072874493927126,True
2023-10-20,491,491,0,470,0.0,True
2023-10-23,491,491,0,470,0.0,True
2023-10-24,491,491,0,471,0.0,True
2023-10-25,491,491,0,471,0.0,True
2023-10-26,491,491,0,471,0.0,True
2023-10-27,491,491,0,471,0.0,True
2023-10-30,491,491,0,471,0.0,True
2023-10-31,491,491,0,471,0.0,True
2023-11-01,491,491,0,471,0.0,True
2023-11-02,491,491,0,471,0.0,True
2023-11-03,491,491,0,471,0.0,True
2023-11-06,491,491,0,471,0.0,True
2023-11-07,491,491,0,471,0.0,True
2023-11-08,491,491,0,471,0.0,True
2023-11-09,491,491,0,471,0.0,True
2023-11-10,491,491,0,471,0.0,True
2023-11-13,491,491,0,472,0.0,True
2023-11-14,491,491,0,472,0.0,True
2023-11-15,491,491,0,472,0.0,True
2023-11-16,491,491,0,472,0.0,True
2023-11-17,491,491,0,472,0.0,True
2023-11-20,491,491,0,473,0.0,True
2023-11-21,491,491,0,473,0.0,True
2023-11-22,491,491,0,473,0.0,True
2023-11-24,491,491,0,473,0.0,True
2023-11-27,491,491,0,473,0.0,True
2023-11-28,491,491,0,473,0.0,True
2023-11-29,491,491,0,473,0.0,True
2023-11-30,491,491,0,473,0.0,True
2023-12-01,491,491,0,473,0.0,True
2023-12-04,491,491,0,473,0.0,True
2023-12-05,491,491,0,473,0.0,True
2023-12-06,491,491,0,473,0.0,True
2023-12-07,491,491,0,473,0.0,True
2023-12-08,491,491,0,473,0.0,True
2023-12-11,491,491,0,473,0.0,True
2023-12-12,491,491,0,473,0.0,True
2023-12-13,491,491,0,473,0.0,True
2023-12-14,491,491,0,473,0.0,True
2023-12-15,491,491,0,473,0.0,True
2023-12-18,491,494,0,473,0.0,True
2024-02-02,495,495,0,473,0.0,True
2024-02-05,495,495,0,473,0.0,True
2024-02-06,495,495,0,473,0.0,True
2024-02-07,495,495,0,473,0.0,True
2024-02-08,495,495,0,473,0.0,True
2024-02-09,495,495,0,473,0.0,True
2024-02-12,495,495,0,473,0.0,True
2024-02-13,495,495,0,473,0.0,True
2024-02-14,495,495,0,474,0.0,True
2024-02-15,495,495,0,474,0.0,True
2024-02-16,495,495,0,474,0.0,True
2024-02-20,495,495,0,476,0.0,True
2024-02-21,495,495,0,476,0.0,True
2024-02-22,495,495,0,476,0.0,True
2024-02-23,495,495,0,476,0.0,True
2024-02-26,495,495,0,476,0.0,True
2024-02-27,495,495,0,476,0.0,True
2024-02-28,495,495,0,476,0.0,True
2024-02-29,495,495,0,476,0.0,True
2024-03-01,495,495,0,476,0.0,True
2024-03-04,495,496,0,476,0.0,True
2024-03-05,496,494,2,474,0.004032258064516129,True
2024-03-06,494,494,0,474,0.0,True
2024-03-07,494,494,0,474,0.0,True
2024-03-08,494,494,0,474,0.0,True
2024-03-11,494,494,0,474,0.0,True
2024-03-12,494,494,0,474,0.0,True
2024-03-13,494,494,0,474,0.0,True
2024-03-14,494,494,0,474,0.0,True
2024-03-15,494,494,0,474,0.0,True
2024-03-18,494,496,0,474,0.0,True
2024-03-19,496,495,1,473,0.0020161290322580645,True
2024-03-20,495,495,0,473,0.0,True
2024-03-21,495,495,0,473,0.0,True
2024-03-22,495,495,0,473,0.0,True
2024-03-25,495,496,0,473,0.0,True
2024-03-26,496,495,1,472,0.0020161290322580645,True
2024-03-27,495,495,0,472,0.0,True
2024-03-28,495,495,0,472,0.0,True
2024-04-01,495,496,0,472,0.0,True
2024-04-02,496,496,1,471,0.0020161290322580645,True
2024-04-03,496,495,1,470,0.0020161290322580645,True
2024-04-04,495,495,0,470,0.0,True
2024-04-05,495,495,0,470,0.0,True
2024-04-08,495,495,0,470,0.0,True
2024-04-09,495,495,0,470,0.0,True
2024-04-10,495,495,0,470,0.0,True
2024-04-11,495,495,0,470,0.0,True
2024-04-12,495,495,0,470,0.0,True
2024-04-15,495,495,0,470,0.0,True
2024-04-16,495,495,0,470,0.0,True
2024-04-17,495,495,0,470,0.0,True
2024-04-18,495,495,0,470,0.0,True
2024-04-19,495,495,0,470,0.0,True
2024-04-22,495,495,0,470,0.0,True
2024-04-23,495,495,0,470,0.0,True
2024-04-24,495,495,0,470,0.0,True
2024-04-25,495,495,0,470,0.0,True
2024-04-26,495,495,0,470,0.0,True
2024-04-29,495,495,0,472,0.0,True
2024-04-30,495,495,0,472,0.0,True
2024-05-01,495,495,0,472,0.0,True
2024-05-02,495,495,0,473,0.0,True
2024-05-03,495,495,0,473,0.0,True
2024-05-06,495,495,0,473,0.0,True
2024-05-07,495,495,0,473,0.0,True
2024-05-08,495,496,0,473,0.0,True
2024-05-09,496,493,3,470,0.006048387096774193,True
2024-05-10,493,493,0,470,0.0,True
2024-05-13,493,493,0,470,0.0,True
2024-05-14,493,493,0,470,0.0,True
2024-05-15,493,493,0,470,0.0,True
2024-05-16,493,493,0,470,0.0,True
2024-05-17,493,493,0,470,0.0,True
2024-05-20,493,493,0,470,0.0,True
2024-05-21,493,493,0,470,0.0,True
2024-05-22,493,493,0,470,0.0,True
2024-05-23,493,493,0,470,0.0,True
2024-05-24,493,493,0,470,0.0,True
2024-05-28,493,493,0,470,0.0,True
2024-05-29,493,493,0,470,0.0,True
2024-05-30,493,493,0,470,0.0,True
2024-05-31,493,493,0,470,0.0,True
2024-06-03,493,493,0,470,0.0,True
2024-06-04,493,493,0,470,0.0,True
2024-06-05,493,493,0,470,0.0,True
2024-06-06,493,493,0,470,0.0,True
2024-06-07,493,493,0,470,0.0,True
2024-06-10,493,493,0,470,0.0,True
2024-06-11,493,493,0,470,0.0,True
2024-06-12,493,493,0,470,0.0,True
2024-06-13,493,493,0,470,0.0,True
2024-06-14,493,493,0,470,0.0,True
2024-06-17,493,493,0,470,0.0,True
2024-06-18,493,493,0,471,0.0,True
2024-06-20,493,493,0,471,0.0,True
2024-06-21,493,493,0,471,0.0,True
2024-06-24,493,496,0,471,0.0,True
2024-06-25,496,495,1,470,0.0020161290322580645,True
2024-06-26,495,495,0,470,0.0,True
2024-06-27,495,495,0,470,0.0,True
2024-06-28,495,495,0,470,0.0,True
2024-07-01,495,495,0,471,0.0,True
2024-07-02,495,495,0,471,0.0,True
2024-07-03,495,495,0,471,0.0,True
2024-07-05,495,495,0,471,0.0,True
2024-07-08,495,496,0,471,0.0,True
2024-07-09,496,493,3,468,0.006048387096774193,True
2024-07-10,493,493,0,468,0.0,True
2024-07-11,493,493,0,468,0.0,True
2024-07-12,493,493,0,468,0.0,True
2024-07-15,493,493,0,468,0.0,True
2024-07-16,493,493,0,468,0.0,True
2024-07-17,493,493,0,468,0.0,True
2024-07-18,493,493,0,468,0.0,True
2024-07-19,493,493,0,468,0.0,True
2024-07-22,493,493,0,468,0.0,True
2024-07-23,493,493,0,469,0.0,True
2024-07-24,493,493,0,469,0.0,True
2024-07-25,493,493,0,469,0.0,True
2024-07-26,493,493,0,469,0.0,True
2024-07-29,493,493,0,469,0.0,True
2024-07-30,493,493,0,469,0.0,True
2024-07-31,493,493,0,469,0.0,True
2024-08-01,493,493,0,469,0.0,True
2024-08-02,493,493,0,470,0.0,True
2024-08-05,493,493,0,470,0.0,True
2024-08-06,493,493,0,470,0.0,True
2024-08-07,493,493,0,470,0.0,True
2024-08-08,493,493,0,470,0.0,True
2024-08-09,493,493,0,470,0.0,True
2024-08-12,493,493,0,470,0.0,True
2024-08-13,493,493,0,470,0.0,True
2024-08-14,493,493,0,470,0.0,True
2024-08-15,493,493,0,470,0.0,True
2024-08-16,493,493,0,470,0.0,True
2024-08-19,493,493,0,470,0.0,True
2024-08-20,493,493,0,470,0.0,True
2024-08-21,493,493,0,471,0.0,True
2024-08-22,493,493,0,471,0.0,True
2024-08-23,493,493,0,471,0.0,True
2024-08-26,493,493,0,471,0.0,True
2024-08-27,493,493,0,471,0.0,True
2024-08-28,493,493,0,471,0.0,True
2024-08-29,493,493,0,471,0.0,True
2024-08-30,493,493,0,471,0.0,True
2024-09-03,493,493,0,471,0.0,True
2024-09-04,493,493,0,471,0.0,True
2024-09-05,493,493,0,471,0.0,True
2024-09-06,493,493,0,471,0.0,True
2024-09-09,493,493,0,471,0.0,True
2024-09-10,493,493,0,471,0.0,True
2024-09-11,493,493,0,471,0.0,True
2024-09-12,493,493,0,471,0.0,True
2024-09-13,493,493,0,471,0.0,True
2024-09-16,493,493,0,471,0.0,True
2024-09-17,493,493,0,471,0.0,True
2024-09-18,493,493,0,471,0.0,True
2024-09-19,493,493,0,471,0.0,True
2024-09-20,493,493,0,471,0.0,True
2024-09-23,493,496,0,471,0.0,True
2024-09-24,496,496,0,471,0.0,True
2024-09-25,496,496,0,471,0.0,True
2024-09-26,496,496,0,471,0.0,True
2024-09-27,496,496,0,471,0.0,True
2024-09-30,496,497,0,471,0.0,True
2024-10-01,497,496,1,470,0.002012072434607646,True
2024-10-02,496,496,0,470,0.0,True
2024-10-03,496,496,0,470,0.0,True
2024-10-04,496,496,0,470,0.0,True
2024-10-07,496,496,0,470,0.0,True
2024-10-08,496,496,0,470,0.0,True
2024-10-09,496,496,0,471,0.0,True
2024-10-10,496,496,0,471,0.0,True
2024-10-11,496,496,0,471,0.0,True
2024-10-14,496,496,0,472,0.0,True
2024-10-15,496,496,0,472,0.0,True
2024-10-16,496,496,0,472,0.0,True
2024-10-17,496,496,0,472,0.0,True
2024-10-18,496,496,0,472,0.0,True
2024-10-21,496,496,0,472,0.0,True
2024-10-22,496,496,0,472,0.0,True
2024-10-23,496,496,0,472,0.0,True
2024-10-24,496,496,0,472,0.0,True
2024-10-25,496,496,0,472,0.0,True
2024-10-28,496,496,0,472,0.0,True
2024-10-29,496,496,0,472,0.0,True
2024-10-30,496,496,0,474,0.0,True
2024-10-31,496,496,0,474,0.0,True
2024-11-01,496,496,0,474,0.0,True
2024-11-04,496,496,0,474,0.0,True
2024-11-05,496,496,0,474,0.0,True
2024-11-06,496,496,0,474,0.0,True
2024-11-07,496,496,0,474,0.0,True
2024-11-08,496,496,0,474,0.0,True
2024-11-11,496,496,0,474,0.0,True
2024-11-12,496,496,0,474,0.0,True
2024-11-13,496,496,0,475,0.0,True
2024-11-14,496,496,0,475,0.0,True
2024-11-15,496,496,0,475,0.0,True
2024-11-18,496,496,0,475,0.0,True
2024-11-19,496,496,0,475,0.0,True
2024-11-20,496,496,0,475,0.0,True
2024-11-21,496,496,0,475,0.0,True
2024-11-22,496,496,0,475,0.0,True
2024-11-25,496,496,0,475,0.0,True
2024-11-26,496,497,0,475,0.0,True
2024-11-27,497,494,3,473,0.006036217303822937,True
2024-11-29,494,494,0,473,0.0,True
2024-12-02,494,494,0,475,0.0,True
2024-12-03,494,494,0,475,0.0,True
2024-12-04,494,494,0,475,0.0,True
2024-12-05,494,494,0,475,0.0,True
2024-12-06,494,494,0,475,0.0,True
2024-12-09,494,494,0,475,0.0,True
2024-12-10,494,494,0,475,0.0,True
2024-12-11,494,494,0,475,0.0,True
2024-12-12,494,494,0,475,0.0,True
2024-12-13,494,494,0,475,0.0,True
2024-12-16,494,494,0,475,0.0,True
2024-12-17,494,494,0,475,0.0,True
2024-12-18,494,494,0,475,0.0,True
2024-12-19,494,494,0,475,0.0,True
2024-12-20,494,494,0,475,0.0,True
2024-12-23,494,497,0,475,0.0,True
2025-03-25,501,496,5,470,0.00998003992015968,True
2025-03-26,496,496,0,470,0.0,True
2025-03-27,496,496,0,470,0.0,True
2025-03-28,496,496,0,470,0.0,True
2025-03-31,496,496,0,470,0.0,True
2025-04-01,496,496,0,470,0.0,True
2025-04-02,496,496,0,470,0.0,True
2025-04-03,496,496,0,470,0.0,True
2025-04-04,496,496,0,470,0.0,True
2025-04-07,496,496,0,470,0.0,True
2025-04-08,496,496,0,470,0.0,True
2025-04-09,496,496,0,470,0.0,True
2025-04-10,496,496,0,470,0.0,True
2025-04-11,496,496,0,470,0.0,True
2025-04-14,496,496,0,470,0.0,True
2025-04-15,496,496,0,470,0.0,True
2025-04-16,496,496,0,470,0.0,True
2025-04-17,496,496,0,470,0.0,True
2025-04-21,496,496,0,470,0.0,True
2025-04-22,496,496,0,470,0.0,True
2025-04-23,496,496,0,470,0.0,True
2025-04-24,496,496,0,470,0.0,True
2025-04-25,496,496,0,470,0.0,True
2025-04-28,496,496,0,470,0.0,True
2025-04-29,496,496,0,470,0.0,True
2025-04-30,496,496,0,470,0.0,True
2025-05-01,496,496,0,474,0.0,True
2025-05-02,496,496,0,474,0.0,True
2025-05-05,496,496,0,474,0.0,True
2025-05-06,496,496,0,474,0.0,True
2025-05-07,496,496,0,474,0.0,True
2025-05-08,496,496,0,474,0.0,True
2025-05-09,496,496,0,474,0.0,True
2025-05-12,496,496,0,474,0.0,True
2025-05-13,496,496,0,474,0.0,True
2025-05-14,496,496,0,474,0.0,True
2025-05-15,496,496,0,474,0.0,True
2025-05-16,496,496,0,474,0.0,True
2025-05-19,496,497,0,474,0.0,True
2025-05-20,497,496,1,473,0.002012072434607646,True
2025-05-21,496,496,0,473,0.0,True
2025-05-22,496,496,0,473,0.0,True
2025-05-23,496,496,0,473,0.0,True
2025-05-27,496,496,0,473,0.0,True
2025-05-28,496,496,0,473,0.0,True
2025-05-29,496,496,0,473,0.0,True
2025-05-30,496,496,0,473,0.0,True
2025-06-02,496,496,0,474,0.0,True
2025-06-03,496,496,0,474,0.0,True
2025-06-04,496,496,0,474,0.0,True
2025-06-05,496,496,0,474,0.0,True
2025-06-06,496,496,0,474,0.0,True
2025-06-09,496,496,0,474,0.0,True
2025-06-10,496,496,0,474,0.0,True
2025-06-11,496,496,0,474,0.0,True
2025-06-12,496,496,0,474,0.0,True
2025-06-13,496,496,0,474,0.0,True
2025-06-16,496,496,0,476,0.0,True
2025-06-17,496,496,0,476,0.0,True
2025-06-18,496,496,0,476,0.0,True
2025-06-20,496,496,0,476,0.0,True
2025-06-23,496,496,0,476,0.0,True
2025-06-24,496,496,0,477,0.0,True
2025-06-25,496,496,0,477,0.0,True
2025-06-26,496,496,0,477,0.0,True
2025-06-27,496,496,0,477,0.0,True
2025-06-30,496,496,0,478,0.0,True
2025-07-01,496,496,0,479,0.0,True
2025-07-02,496,496,0,479,0.0,True
2025-07-03,496,496,0,479,0.0,True
2025-07-07,496,496,0,479,0.0,True
2025-07-08,496,496,0,479,0.0,True
2025-07-09,496,497,0,479,0.0,True
2025-07-10,497,496,1,478,0.002012072434607646,True
2025-07-11,496,496,0,478,0.0,True
2025-07-14,496,496,0,478,0.0,True
2025-07-15,496,496,0,478,0.0,True
2025-07-16,496,496,0,478,0.0,True
2025-07-17,496,496,0,478,0.0,True
2025-07-18,496,497,0,478,0.0,True
2025-07-21,497,496,1,477,0.002012072434607646,True
2025-07-22,496,496,0,477,0.0,True
2025-07-23,496,497,0,477,0.0,True
2025-07-24,497,497,0,477,0.0,True
2025-07-25,497,497,0,477,0.0,True
2025-07-28,497,497,0,477,0.0,True
2025-07-29,497,497,0,477,0.0,True
2025-07-30,497,497,0,477,0.0,True
2025-07-31,497,497,0,477,0.0,True
2025-08-01,497,497,0,477,0.0,True
2025-08-04,497,497,0,477,0.0,True
2025-08-05,497,497,0,477,0.0,True
2025-08-06,497,497,0,477,0.0,True
2025-08-07,497,497,0,478,0.0,True
2025-08-08,497,498,0,478,0.0,True
2025-08-11,498,497,1,477,0.002008032128514056,True
2025-08-12,497,497,0,477,0.0,True
2025-08-13,497,497,0,477,0.0,True
2025-08-14,497,497,0,477,0.0,True
2025-08-15,497,497,0,477,0.0,True
2025-08-18,497,497,0,477,0.0,True
2025-08-19,497,497,0,477,0.0,True
2025-08-20,497,497,0,477,0.0,True
2025-08-21,497,497,0,477,0.0,True
2025-08-22,497,497,0,477,0.0,True
2025-08-25,497,497,0,477,0.0,True
2025-08-26,497,497,0,477,0.0,True
2025-08-27,497,497,0,477,0.0,True
2025-08-28,497,498,0,477,0.0,True
2025-08-29,498,495,3,474,0.006024096385542169,True
2025-09-02,495,495,0,474,0.0,True
2025-09-03,495,495,0,474,0.0,True
2025-09-04,495,495,0,474,0.0,True
2025-09-05,495,495,0,474,0.0,True
2025-09-08,495,495,0,474,0.0,True
2025-09-09,495,495,0,474,0.0,True
2025-09-10,495,495,0,474,0.0,True
2025-09-11,495,495,0,474,0.0,True
2025-09-12,495,495,0,474,0.0,True
2025-09-15,495,495,0,474,0.0,True
2025-09-16,495,495,0,474,0.0,True
2025-09-17,495,495,0,474,0.0,True
2025-09-18,495,495,0,474,0.0,True
2025-09-19,495,495,0,474,0.0,True
2025-09-22,495,498,0,477,0.0,True
2025-09-23,498,498,0,477,0.0,True
2025-09-24,498,498,0,477,0.0,True
2025-09-25,498,498,0,477,0.0,True
2025-09-26,498,498,0,477,0.0,True
2025-09-29,498,498,0,477,0.0,True
2025-09-30,498,498,0,477,0.0,True
2025-10-01,498,498,0,477,0.0,True
2025-10-02,498,498,0,477,0.0,True
2025-10-03,498,498,0,478,0.0,True
2025-10-06,498,498,0,478,0.0,True
2025-10-07,498,498,0,478,0.0,True
2025-10-08,498,498,0,478,0.0,True
2025-10-09,498,498,0,478,0.0,True
2025-10-10,498,498,0,478,0.0,True
2025-10-13,498,498,0,478,0.0,True
2025-10-14,498,498,0,478,0.0,True
2025-10-15,498,498,0,478,0.0,True
2025-10-16,498,498,0,478,0.0,True
2025-10-17,498,498,0,478,0.0,True
2025-10-20,498,498,0,478,0.0,True
2025-10-21,498,498,0,478,0.0,True
2025-10-22,498,498,0,478,0.0,True
2025-10-23,498,498,0,478,0.0,True
2025-10-24,498,498,0,478,0.0,True
2025-10-27,498,498,0,478,0.0,True
2025-10-28,498,498,0,478,0.0,True
2025-10-29,498,498,0,478,0.0,True
2025-10-30,498,499,0,478,0.0,True
2025-10-31,499,498,1,477,0.002004008016032064,True
2025-11-03,498,499,0,477,0.0,True
2025-11-04,499,498,1,476,0.002004008016032064,True
2025-11-05,498,497,1,475,0.002008032128514056,True
2025-11-06,497,497,0,475,0.0,True
2025-11-07,497,497,0,475,0.0,True
2025-11-10,497,497,0,475,0.0,True
2025-11-11,497,498,0,475,0.0,True
2025-11-12,498,497,1,474,0.002008032128514056,True
2025-11-13,497,497,0,474,0.0,True
2025-11-14,497,497,0,474,0.0,True
2025-11-17,497,497,0,474,0.0,True
2025-11-18,497,497,0,474,0.0,True
2025-11-19,497,497,0,474,0.0,True
2025-11-20,497,497,0,474,0.0,True
2025-11-21,497,497,0,474,0.0,True
2025-11-24,497,497,0,474,0.0,True
2025-11-25,497,497,0,474,0.0,True
2025-11-26,497,497,0,474,0.0,True
2025-11-28,497,498,0,474,0.0,True
2025-12-01,498,497,1,473,0.002008032128514056,True
2025-12-02,497,497,0,473,0.0,True
2025-12-03,497,497,0,473,0.0,True
2025-12-04,497,497,0,473,0.0,True
2025-12-05,497,497,0,473,0.0,True
2025-12-08,497,497,0,473,0.0,True
2025-12-09,497,497,0,473,0.0,True
2025-12-10,497,497,0,473,0.0,True
2025-12-11,497,498,0,473,0.0,True
2025-12-12,498,495,3,471,0.006024096385542169,True
2025-12-15,495,495,0,471,0.0,True
2025-12-16,495,495,0,471,0.0,True
2025-12-17,495,495,0,471,0.0,True
2025-12-18,495,495,0,471,0.0,True
2025-12-19,495,495,0,474,0.0,True
2025-12-22,495,498,0,474,0.0,True
2026-01-15,499,497,2,472,0.004008016032064128,True
2026-01-16,497,497,0,472,0.0,True
2026-01-20,497,497,0,472,0.0,True
2026-01-21,497,497,0,472,0.0,True
2026-01-22,497,497,0,472,0.0,True
2026-01-23,497,497,0,472,0.0,True
2026-01-26,497,497,0,472,0.0,True
2026-01-27,497,497,0,472,0.0,True
2026-01-28,497,497,0,472,0.0,True
2026-01-29,497,497,0,472,0.0,True
2026-01-30,497,497,0,472,0.0,True
2026-02-02,497,497,0,472,0.0,True
2026-02-03,497,497,0,472,0.0,True
2026-02-04,497,497,0,472,0.0,True
2026-02-05,497,497,0,472,0.0,True
2026-02-06,497,497,0,472,0.0,True
2026-02-09,497,498,0,472,0.0,True
2026-02-10,498,494,4,468,0.008032128514056224,True
2026-02-11,494,494,0,468,0.0,True
2026-02-12,494,494,0,468,0.0,True
2026-02-13,494,494,0,468,0.0,True
2026-02-17,494,494,0,468,0.0,True
2026-02-18,494,494,0,468,0.0,True
2026-02-19,494,494,0,468,0.0,True
2026-02-20,494,494,0,468,0.0,True
2026-02-23,494,494,0,468,0.0,True
2026-02-24,494,494,0,468,0.0,True
2026-02-25,494,494,0,468,0.0,True
2026-02-26,494,494,0,468,0.0,True
2026-02-27,494,494,0,468,0.0,True
2026-03-02,494,494,0,468,0.0,True
2026-03-03,494,494,0,468,0.0,True
2026-03-04,494,494,0,468,0.0,True
2026-03-05,494,494,0,468,0.0,True
2026-03-06,494,494,0,468,0.0,True
2026-03-09,494,494,0,468,0.0,True
2026-03-10,494,494,0,468,0.0,True
2026-03-11,494,494,0,468,0.0,True
2026-03-12,494,494,0,468,0.0,True
2026-03-13,494,494,0,468,0.0,True
2026-03-16,494,494,0,468,0.0,True
2026-03-17,494,494,0,468,0.0,True
2026-03-18,494,494,0,468,0.0,True
2026-03-19,494,494,0,468,0.0,True
2026-03-20,494,494,0,469,0.0,True
2026-03-23,494,498,0,469,0.0,True
2026-03-24,498,497,1,468,0.002008032128514056,True
2026-03-25,497,497,0,468,0.0,True
2026-03-26,497,497,0,468,0.0,True
2026-03-27,497,497,0,468,0.0,True
2026-03-30,497,497,0,468,0.0,True
2026-03-31,497,497,0,468,0.0,True
2026-04-01,497,497,0,468,0.0,True
2026-04-02,497,497,0,468,0.0,True
2026-04-06,497,497,0,468,0.0,True
2026-04-07,497,497,0,468,0.0,True
2026-04-08,497,497,0,468,0.0,True
2026-04-09,497,498,0,468,0.0,True
2026-04-10,498,497,1,467,0.002008032128514056,True
2026-04-13,497,497,0,467,0.0,True
2026-04-14,497,497,0,467,0.0,True
2026-04-15,497,497,0,467,0.0,True
2026-04-16,497,497,0,474,0.0,True
2026-04-17,497,497,0,474,0.0,True
2026-04-20,497,497,0,474,0.0,True
2026-04-21,497,497,0,474,0.0,True
2026-04-22,497,497,0,474,0.0,True
2026-04-23,497,497,0,474,0.0,True
2026-04-24,497,497,0,474,0.0,True
2026-04-27,497,497,0,474,0.0,True
2026-04-28,497,497,0,474,0.0,True
2026-04-29,497,497,0,474,0.0,True
2026-04-30,497,497,0,474,0.0,True
2026-05-01,497,497,0,474,0.0,True
2026-05-04,497,497,0,474,0.0,True
2026-05-05,497,497,0,474,0.0,True
2026-05-06,497,497,0,474,0.0,True
2026-05-07,497,498,0,474,0.0,True
2026-05-08,498,497,1,473,0.002008032128514056,True
2026-05-11,497,497,0,473,0.0,True
2026-05-12,497,497,0,473,0.0,True
2026-05-13,497,497,0,473,0.0,True
2026-05-14,497,497,0,473,0.0,True
2026-05-15,497,497,0,473,0.0,True
2026-05-18,497,497,0,473,0.0,True
2026-05-19,497,497,0,473,0.0,True
2026-05-20,497,497,0,473,0.0,True
2026-05-21,497,498,0,473,0.0,True
2026-05-22,498,498,0,473,0.0,True
2026-05-26,498,498,0,473,0.0,True
2026-05-27,498,498,0,473,0.0,True
2026-05-28,498,498,0,473,0.0,True
2026-05-29,498,498,0,473,0.0,True
2026-06-01,498,499,0,473,0.0,True
2026-06-02,499,498,1,472,0.002004008016032064,True
2026-06-03,498,496,2,470,0.004016064257028112,True
2026-06-04,496,496,0,470,0.0,True
2026-06-05,496,496,0,470,0.0,True
2026-06-08,496,496,0,470,0.0,True
2026-06-09,496,496,0,470,0.0,True
2026-06-10,496,496,0,470,0.0,True
2026-06-11,496,496,0,471,0.0,True
2026-06-12,496,496,0,471,0.0,True
2026-06-15,496,496,0,471,0.0,True
2026-06-16,496,496,0,471,0.0,True
2026-06-17,496,496,0,471,0.0,True
2026-06-18,496,496,0,471,0.0,True
2026-06-22,496,498,0,471,0.0,True
2026-06-23,498,497,1,471,0.002008032128514056,True
2026-06-24,497,498,0,471,0.0,True
2026-06-25,498,498,0,471,0.0,True
2026-06-26,498,498,0,471,0.0,True
2026-06-29,498,499,0,471,0.0,True
2026-06-30,499,498,1,470,0.002004008016032064,True
