date,return,turnover
2005-01-07,9.999999999998899e-05,0.0
2005-01-10,9.999999999998899e-05,0.0
2005-01-11,9.999999999998899e-05,0.0
2005-01-12,9.999999999998899e-05,0.0
2005-01-13,9.999999999998899e-05,0.0
2005-01-14,9.999999999998899e-05,0.0
2005-01-18,9.999999999998899e-05,0.0
2005-01-19,9.999999999998899e-05,0.0
2005-01-20,9.999999999998899e-05,0.0
2005-01-21,9.999999999998899e-05,0.0
2005-01-24,9.999999999998899e-05,0.0
2005-01-25,9.999999999998899e-05,0.0
2005-01-26,9.999999999998899e-05,0.0
2005-01-27,9.999999999998899e-05,0.0
2005-01-28,9.999999999998899e-05,0.0
2005-01-31,9.999999999998899e-05,0.0
2005-02-01,-0.0024002499999999927,0.9999999999999999
2005-02-02,0.004026646603458743,0.0
2005-02-03,-0.0022600486830839533,0.0
2005-02-04,0.011610683338886804,0.0
2005-02-07,-0.0015902075338566672,0.0
2005-02-08,0.0012406812272027711,0.0
2005-02-09,-0.009795136810350233,0.0
2005-02-10,0.00300292695138674,0.0
2005-02-11,0.010565985260342168,0.0
2005-02-14,0.00018597849049899822,0.0
2005-02-15,0.005292273388626971,0.0
2005-02-16,-0.0015875985656272835,0.0
2005-02-17,-0.008041565967672363,0.0
2005-02-18,2.0274093305090473e-05,0.0
2005-02-22,-0.015934584819750013,0.0
2005-02-23,0.0041942696008810555,0.0
2005-02-24,0.008936398551013962,0.0
2005-02-25,0.009905961664244938,0.0
2005-02-28,-0.006014744551858971,0.0
2005-03-01,0.008051417087348467,0.04959166866816596
2005-03-02,-0.0017229237392351808,0.0
2005-03-03,0.0005234877082351871,0.0
2005-03-04,0.009525575737411376,0.0
2005-03-07,0.004494856405199973,0.0
2005-03-08,-0.005683262850308223,0.0
2005-03-09,-0.010346435743255139,0.0
2005-03-10,0.0014958844652259574,0.0
2005-03-11,-0.006095065109100935,0.0
2005-03-14,0.006881449637989905,0.0
2005-03-15,-0.007536616318451773,0.0
2005-03-16,-0.009205796903659934,0.0
2005-03-17,0.0021072111702009457,0.0
2005-03-18,-0.0014053953381059458,0.0
2005-03-21,-0.0030297599421034334,0.0
2005-03-22,-0.008521149259404871,0.0
2005-03-23,-0.0018705684642147035,0.0
2005-03-24,0.0013656209357226592,0.0
2005-03-28,0.0008875489997330592,0.0
2005-03-29,-0.00895311671148798,0.0
2005-03-30,0.014143851722387971,0.0
2005-03-31,0.001889535854577901,0.0
2005-04-01,-0.005972179862362981,0.051035340778284366
2005-04-04,0.001708873767870107,0.0
2005-04-05,0.0035987759724550343,0.0
2005-04-06,0.002297376494610497,0.0
2005-04-07,0.006045145899690456,0.0
2005-04-08,-0.00855239452708876,0.0
2005-04-11,-0.0012055951978633566,0.0
2005-04-12,0.005423600738964151,0.0
2005-04-13,-0.0138060489458958,0.0
2005-04-14,-0.014080449213787354,0.0
2005-04-15,-0.01964575948561652,0.0
2005-04-18,0.0043262550994241184,0.0
2005-04-19,0.007577985599255201,0.0
2005-04-20,-0.013604332977908027,0.0
2005-04-21,0.020071404624361168,0.0
2005-04-22,-0.009310535098238292,0.0
2005-04-25,0.009699585843520007,0.0
2005-04-26,-0.009635136257736265,0.0
2005-04-27,0.002760240027538525,0.0
2005-04-28,-0.01211302735230288,0.0
2005-04-29,0.011749888560782951,0.0
2005-05-02,0.00412755262015474,0.06665695791463701
2005-05-03,-0.0008350777977216359,0.0
2005-05-04,0.014459150166270252,0.0
2005-05-05,-0.004413792364409374,0.0
2005-05-06,0.00101982255455245,0.0
2005-05-09,0.006866997446507606,0.0
2005-05-10,-0.010083352361374849,0.0
2005-05-11,0.003738437220179084,0.0
2005-05-12,-0.011189670060995726,0.0
2005-05-13,-0.004303242665994129,0.0
2005-05-16,0.011074508208481347,0.0
2005-05-17,0.008434005007590433,0.0
2005-05-18,0.013917165637315102,0.0
2005-05-19,0.005291235260093447,0.0
2005-05-20,0.0013182654142956315,0.0
2005-05-23,0.0030093907167056417,0.0
2005-05-24,-0.0011603646358838773,0.0
2005-05-25,-0.0030026022813517245,0.0
2005-05-26,0.00823638734885449,0.0
2005-05-27,0.0021532845889892386,0.0
2005-05-31,-0.003986149404222884,0.0
2005-06-01,0.008789656918396282,0.04922783866057817
2005-06-02,0.0028649721344481418,0.0
2005-06-03,-0.006191150059297307,0.0
2005-06-06,0.0016228029277509431,0.0
2005-06-07,0.000323666805521258,0.0
2005-06-08,-0.001950183342056469,0.0
2005-06-09,0.004525801529154763,0.0
2005-06-10,-0.0017280149835280532,0.0
2005-06-13,0.003499193518848533,0.0
2005-06-14,0.004222132311603854,0.0
2005-06-15,0.0017979721614117742,0.0
2005-06-16,0.004267729259229207,0.0
2005-06-17,0.0049114359354242645,0.0
2005-06-20,-0.0013266619743758155,0.0
2005-06-21,-0.0010586623790514772,0.0
2005-06-22,0.0007838053676804471,0.0
2005-06-23,-0.009649884396219121,0.0
2005-06-24,-0.008526752749216436,0.0
2005-06-27,-0.0019467346060982622,0.0
2005-06-28,0.012048251727832974,0.0
2005-06-29,-0.0010332279228809729,0.0
2005-06-30,-0.004369753933788226,0.0
2005-07-01,0.003264695704980225,0.049060913387693625
2005-07-05,0.009100227137892906,0.0
2005-07-06,-0.005825818519893854,0.0
2005-07-07,0.0018860550469363612,0.0
2005-07-08,0.01233130749412142,0.0
2005-07-11,0.00844753604905562,0.0
2005-07-12,0.0015048433814276697,0.0
2005-07-13,0.0004617719764627101,0.0
2005-07-14,0.0023311894067399156,0.0
2005-07-15,0.0011136847096160927,0.0
2005-07-18,-0.0024266004643402213,0.0
2005-07-19,0.008200106083132647,0.0
2005-07-20,0.008370164776698113,0.0
2005-07-21,-0.007994242086709515,0.0
2005-07-22,0.005593204766285442,0.002618997402128099
2005-07-25,-0.004210590810935773,0.0
2005-07-26,0.0035964854103808968,0.0
2005-07-27,0.0031244033619927717,0.0
2005-07-28,0.006806102655595184,0.0
2005-07-29,-0.008253248799232504,0.0
2005-08-01,-0.0005436091549834154,0.050276369745433896
2005-08-02,0.0057604488155330695,0.0
2005-08-03,0.002122361270770074,0.0
2005-08-04,-0.008881839202909582,0.0
2005-08-05,-0.009865552535189046,0.0
2005-08-08,-0.0030391626044430136,0.0
2005-08-09,0.004332421499994643,0.0
2005-08-10,-0.0007503016746816368,0.0
2005-08-11,0.008278660631393998,0.0
2005-08-12,-0.005209711473170346,0.0
2005-08-15,0.0046126788400835395,0.0026099045615909523
2005-08-16,-0.01346884243103157,0.0
2005-08-17,0.001498166602784158,0.0
2005-08-18,-0.0022315792740284866,0.0
2005-08-19,0.0021692026366184614,0.001430227122190815
2005-08-22,0.0022222779954193758,0.0
2005-08-23,-0.002858291890077802,0.002667464691979113
2005-08-24,-0.006425692686376546,0.0
2005-08-25,0.00327806721548585,0.0
2005-08-26,-0.004583843454463567,0.0
2005-08-29,0.00384164192751033,0.0
2005-08-30,-0.004140999204420061,0.0
2005-08-31,0.010782411283130282,0.0
2005-09-01,0.00010102458942129466,0.05443862373557201
2005-09-02,-0.002615224779625177,0.0
2005-09-06,0.011698432690883841,0.0
2005-09-07,0.0038490530960993185,0.0
2005-09-08,-0.004740917685952487,0.0
2005-09-09,0.008416887146242337,0.0
2005-09-12,0.0031132281988867348,0.0
2005-09-13,-0.0074515433221005786,0.0
2005-09-14,-0.003938198842349783,0.0
2005-09-15,-0.0010930828236939008,0.0
2005-09-16,0.007960537845668027,0.0
2005-09-19,-0.009089109586620701,0.0
2005-09-20,-0.008807018721253166,0.0
2005-09-21,-0.011530987079244923,0.0
2005-09-22,0.0033044091282821604,0.0
2005-09-23,0.00432250007002688,0.0
2005-09-26,-0.00024630772102007814,0.0
2005-09-27,0.000294307910982921,0.0
2005-09-28,0.0014615313564690087,0.0
2005-09-29,0.009522406825123841,0.0026188423604191513
2005-09-30,0.007225330738912826,0.0
2005-10-03,-7.120712701591536e-06,0.05217655279628007
2005-10-04,-0.008997655198778617,0.0
2005-10-05,-0.016097980975708644,0.0
2005-10-06,-0.00637163708703918,0.0
2005-10-07,0.003514529207916855,0.0
2005-10-10,-0.011728097707794882,0.0
2005-10-11,-0.005595880765570493,0.00033702406777784123
2005-10-12,-0.008415231274186554,0.0
2005-10-13,-7.527706286031911e-05,0.0
2005-10-14,0.008998680805413658,0.0
2005-10-17,0.0043973954545247895,0.0
2005-10-18,-0.009533616742744134,0.0
2005-10-19,0.012244717773575466,0.0
2005-10-20,-0.011430750072836159,0.0
2005-10-21,0.0026970969796408927,0.0
2005-10-24,0.016032322375982705,0.0
2005-10-25,-0.003968512549262268,0.0
2005-10-26,-0.003192906454292906,0.0
2005-10-27,-0.011846953320944006,0.0
2005-10-28,0.017043337100060486,0.0
2005-10-31,0.011075163043765074,0.0
2005-11-01,-0.0028983353263231093,0.06615240257539207
2005-11-02,0.012142947061491285,0.0
2005-11-03,0.0045678436028930335,0.0
2005-11-04,0.00020699416360545306,0.0
2005-11-07,0.0033461624056238103,0.0
2005-11-08,-0.006005768059012237,0.0
2005-11-09,0.003020144222889231,0.0
2005-11-10,0.010371049831283563,0.0
2005-11-11,0.001432911867816777,0.0
2005-11-14,-0.001153917839277785,0.0
2005-11-15,-0.0050264017426867175,0.0
2005-11-16,0.0014608586734362928,0.0
2005-11-17,0.012107072817577107,0.0
2005-11-18,0.004432125242562445,0.0
2005-11-21,0.003823659042127997,0.0
2005-11-22,0.004280534526232478,0.0
2005-11-23,0.0034428163221741173,0.0
2005-11-25,0.002549522179737928,0.0
2005-11-28,-0.008626547258033001,0.0
2005-11-29,0.0013353784488674414,0.0014062204838840482
2005-11-30,-0.002798026955440407,0.0
2005-12-01,0.013878586331740328,0.046149271307161524
2005-12-02,0.001513559995919306,0.0
2005-12-05,-0.003997116399028422,0.0
2005-12-06,0.0023580179292676845,0.0
2005-12-07,-0.005310111194840683,0.0
2005-12-08,-0.0006793930088103836,0.0
2005-12-09,0.005302662086614519,0.0
2005-12-12,4.670517473981254e-05,0.0
2005-12-13,0.004246517518885668,0.0
2005-12-14,0.00440124345353006,0.0
2005-12-15,-0.00394316436937798,0.0
2005-12-16,-0.0014101945966272721,0.0
2005-12-19,-0.010501330212922298,0.0
2005-12-20,0.0006156199048501141,0.0
2005-12-21,0.0045344604030139925,0.0
2005-12-22,0.0047677201184503516,0.0
2005-12-23,0.0012938293683575114,0.0
2005-12-27,-0.008702410115871667,0.0
2005-12-28,0.0028381462392895523,0.0
2005-12-29,-0.0009953624560624314,0.0
2005-12-30,-0.005345112823770037,0.005387158545909728
2006-01-03,0.01285196266610944,0.04496304720224696
2006-01-04,0.0069839874166246485,0.0027058793803627704
2006-01-05,0.0008397711290250817,0.0
2006-01-06,0.010986115688509705,0.0
2006-01-09,0.005947196597412228,0.0
2006-01-10,0.0012637160902514185,0.0
2006-01-11,0.00252724528126665,0.0
2006-01-12,-0.006831902982822701,0.0
2006-01-13,0.0005489852339443935,0.0
2006-01-17,-0.004531808349052038,0.0
2006-01-18,-0.0012353563818214557,0.0
2006-01-19,0.00811958252054579,0.0
2006-01-20,-0.015958830695718174,0.0
2006-01-23,0.0016650323279665293,0.0
2006-01-24,0.007990457940404363,0.0
2006-01-25,-0.0014381152388295531,0.0
2006-01-26,0.008452611999348306,0.0
2006-01-27,0.007307362994433899,0.0
2006-01-30,-0.0003123932465473973,0.0
2006-01-31,-0.0030070372195357686,0.0053423598461938195
2006-02-01,0.003065547843046801,0.060611916143335824
2006-02-02,-0.008542178065122061,0.0
2006-02-03,-0.005637012595418174,0.0
2006-02-06,0.0027758492684259502,0.0
2006-02-07,-0.007455859552913065,0.0
2006-02-08,0.00752502018058303,0.0
2006-02-09,-0.0007099870161648896,0.0
2006-02-10,0.0021035214741065207,0.0
2006-02-13,-0.002463314318104734,0.0
2006-02-14,0.010004626660836822,0.0
2006-02-15,0.0041931254792439525,0.0
2006-02-16,0.008211391510988854,0.0
2006-02-17,-0.0005780114603414043,0.0
2006-02-21,-0.003674338597016713,0.0027378141837377007
2006-02-22,0.010810730802233057,0.0
2006-02-23,-0.003456701400209503,0.0
2006-02-24,0.00012756909033615735,0.0
2006-02-27,0.005030835149582768,0.0
2006-02-28,-0.01121472934237361,0.0
2006-03-01,0.009540172449457485,0.044938675182408426
2006-03-02,-0.0030707521660359597,0.0
2006-03-03,-0.0025489772034397173,0.0015573899845697022
2006-03-06,-0.008892055596072203,0.0
2006-03-07,-0.004055701206558347,0.0
2006-03-08,0.0010534287931008143,0.0
2006-03-09,-0.003529263127626245,0.0
2006-03-10,0.00812637212176589,0.0
2006-03-13,0.0025032276704524906,0.0
2006-03-14,0.010854747193483618,0.0
2006-03-15,0.0065588089180855175,0.0
2006-03-16,0.0019105462730837836,0.0
2006-03-17,0.0026499040419567985,0.0
2006-03-20,-0.0027269694156060033,0.0
2006-03-21,-0.005922625773383204,0.0
2006-03-22,0.0053013021699725126,0.0
2006-03-23,-0.0010220853637187446,0.0
2006-03-24,0.0027337388864880153,0.0
2006-03-27,-0.0009288918940706474,0.0
2006-03-28,-0.005121691480921459,0.0
2006-03-29,0.008919373113224096,0.0
2006-03-30,-0.0035863677724613527,0.0
2006-03-31,-0.0032536419200660527,0.0025407522728255866
2006-04-03,0.0024042729829614196,0.04838111379597355
2006-04-04,0.005326115991022127,0.0
2006-04-05,0.00529678155967799,0.0
2006-04-06,-0.0007807584735411269,0.0
2006-04-07,-0.010157828265993415,0.0
2006-04-10,-0.0009427869873415507,0.0
2006-04-11,-0.009521920325492674,0.0
2006-04-12,0.0022450586152235,0.0
2006-04-13,0.0005004377388089254,0.0
2006-04-17,-0.002094351788432594,0.0
2006-04-18,0.018550540292112866,0.0
2006-04-19,0.0034471951506419656,0.0
2006-04-20,0.0020556394002604348,0.0
2006-04-21,-0.0013911372523108382,0.0
2006-04-24,-0.0021310827739410886,0.0
2006-04-25,-0.004869616600656998,0.0
2006-04-26,0.0023568509040514532,0.0
2006-04-27,0.0010735951586662111,0.0
2006-04-28,-0.00011931765165008141,0.0
2006-05-01,-0.004015788991881153,0.05009209391029924
2006-05-02,0.0054065647426066,0.0
2006-05-03,-0.0017363115224683825,0.0
2006-05-04,0.003912723131890644,0.0
2006-05-05,0.009627493660016318,0.0
2006-05-08,0.0005393133252680928,0.0
2006-05-09,-0.0010952712899133727,0.0
2006-05-10,-5.3650490175345744e-05,0.0
2006-05-11,-0.01257573714596616,0.002728605026782386
2006-05-12,-0.011992427303760557,0.0
2006-05-15,0.0006448487201325121,0.0
2006-05-16,-0.003498562939329529,0.0
2006-05-17,-0.015897406022135657,0.0
2006-05-18,-0.007114376530086278,0.0
2006-05-19,0.005297553498266611,0.0
2006-05-22,-0.004870276945464714,0.0
2006-05-23,-0.004771047209273476,0.0
2006-05-24,-0.00016646418111377376,0.0
2006-05-25,0.011040132017641079,0.0
2006-05-26,0.00714409470466995,0.0
2006-05-30,-0.015679508462137236,0.0
2006-05-31,0.01077613032399831,0.0
2006-06-01,0.012845370254231714,0.045793364069885184
2006-06-02,0.0006225888900694119,0.0
2006-06-05,-0.018458955382294053,0.0
2006-06-06,-0.0033812212858868778,0.0
2006-06-07,-0.00489702183276758,0.0
2006-06-08,0.00014876012965929557,0.0
2006-06-09,-0.0031447308893369254,0.0
2006-06-12,-0.014915900926901985,0.0
2006-06-13,-0.010956119885620105,0.0
2006-06-14,0.004341986981913659,0.0
2006-06-15,0.024357886534466574,0.0
2006-06-16,-0.004215545041208184,0.0
2006-06-19,-0.009461353378794139,0.0
2006-06-20,-0.0008547543617963707,0.0
2006-06-21,0.011509750874263425,0.0028240225235317607
2006-06-22,-0.004985304875503633,0.0
2006-06-23,-0.000274033582352087,0.0
2006-06-26,0.0047641784678011685,0.0
2006-06-27,-0.010775614447673883,0.0
2006-06-28,0.004602698632490629,0.0
2006-06-29,0.02249616638745261,0.0
2006-06-30,0.0012349026338413678,0.0
2006-07-03,0.006009756693990287,0.043164703017914974
2006-07-05,-0.009756701608790642,0.0
2006-07-06,0.00099695433363219,0.0
2006-07-07,-0.008879204154120485,0.0
2006-07-10,0.0006956000362399293,0.0
2006-07-11,0.0030598121302679443,0.0
2006-07-12,-0.010721827139698048,0.0028033365630301768
2006-07-13,-0.013714221278100841,0.0
2006-07-14,-0.007288566251694529,0.0
2006-07-17,-0.0011537118398056813,0.0
2006-07-18,-0.000488819310480643,0.0
2006-07-19,0.018839719631346955,0.0
2006-07-20,-0.011382723410253471,0.0
2006-07-21,-0.009745299009369083,0.0
2006-07-24,0.016973916756147907,0.0
2006-07-25,0.008098189112947685,0.0
2006-07-26,-0.001012985621444452,0.0
2006-07-27,-0.006455502246943337,0.0
2006-07-28,0.013118106665831849,0.0
2006-07-31,-0.001035186508144022,0.0
2006-08-01,-0.006757381635051574,0.08328665636838287
2006-08-02,0.007683384939052574,0.0
2006-08-03,0.005179493801780604,0.0
2006-08-04,-0.0007011912307465915,0.0
2006-08-07,-0.0026042003952920544,0.0
2006-08-08,-0.003950444560424168,0.0
2006-08-09,-0.006729460501748169,0.0
2006-08-10,0.006253017651578674,0.0
2006-08-11,-0.0032415041665326398,0.0
2006-08-14,0.0017727135621872555,0.0
2006-08-15,0.016098980299715585,0.0
2006-08-16,0.012929219534120889,0.0
2006-08-17,0.0032416344955096036,0.0
2006-08-18,0.0017687357387015414,0.0
2006-08-21,-0.006162372783034383,0.0
2006-08-22,0.0013088616275051665,0.0
2006-08-23,-0.00567348072378839,0.0
2006-08-24,0.0010494187287813379,0.0
2006-08-25,-0.0010011206094123056,0.0
2006-08-28,0.006790893075484335,0.0
2006-08-29,0.004087077388942057,0.0
2006-08-30,0.001457598125451793,0.0
2006-08-31,0.002132269700764922,0.0
2006-09-01,0.004720270257055903,0.06310574074238057
2006-09-05,0.0020892605762791974,0.0
2006-09-06,-0.011053132738046163,0.0
2006-09-07,-0.005604555098463544,0.0
2006-09-08,0.006668286096721824,0.0
2006-09-11,0.0012661649685811547,0.0
2006-09-12,0.01461726338698767,0.0
2006-09-13,0.0048033780139978294,0.0
2006-09-14,-0.0014994069673322935,0.0
2006-09-15,0.0030272686852622003,0.0
2006-09-18,0.00015714474967115096,0.0
2006-09-19,-0.0025196207780307832,0.0
2006-09-20,0.005706586816870826,0.0
2006-09-21,-0.0067175131343035115,0.0
2006-09-22,-0.0032779528289596472,0.0
2006-09-25,0.010523962825745897,0.0
2006-09-26,0.005574735958865491,0.0
2006-09-27,0.0008716408899992461,0.0
2006-09-28,0.003007487011444889,0.0
2006-09-29,-0.004038947874807852,0.006104701163622539
2006-10-02,-0.0029489077644491157,0.04060935003482334
2006-10-03,0.0004731052874997803,0.0
2006-10-04,0.012888008694094425,0.0
2006-10-05,0.003998171278648765,0.0
2006-10-06,-0.00422740720154069,0.0
2006-10-09,0.0021642020334892357,0.0
2006-10-10,0.002991512279255452,0.0
2006-10-11,-0.0011882033120291446,0.0
2006-10-12,0.010090399578418303,0.0
2006-10-13,0.002157419083280873,0.0
2006-10-16,0.005350537490520509,0.0
2006-10-17,-0.0050734348560954835,0.0
2006-10-18,-0.00015388612074245428,0.0
2006-10-19,-0.0006505559474538765,0.0
2006-10-20,-0.0015743516578141713,0.0
2006-10-23,0.007238339429039919,0.0
2006-10-24,0.0011379294198258698,0.0
2006-10-25,0.0019066834821994576,0.0
2006-10-26,0.0053852267362675295,0.0
2006-10-27,-0.008414156131747395,0.0
2006-10-30,0.0032103301434642335,0.0
2006-10-31,-0.00041123623074216137,0.0
2006-11-01,-0.00787437629396337,0.05579456006427955
2006-11-02,-5.182975153326892e-05,0.0
2006-11-03,-0.002735872590884915,0.0
2006-11-06,0.011462558108344038,0.0
2006-11-07,0.002583566525411787,0.0
2006-11-08,0.002702559076011468,0.005438782779922428
2006-11-09,-0.005539602526169682,0.0
2006-11-10,0.003946107182947788,0.0
2006-11-13,0.003742892108131725,0.0
2006-11-14,0.007625725911576571,0.0
2006-11-15,0.003940244486782385,0.0
2006-11-16,0.003198147660208069,0.0
2006-11-17,-0.0015878405830615392,0.0
2006-11-20,-0.0009446261648047824,0.0
2006-11-21,0.0026297848978843637,0.0
2006-11-22,0.004175819758206127,0.0
2006-11-24,-0.002523543450575594,0.002620425952012382
2006-11-27,-0.01503767569158007,0.0
2006-11-28,0.0020763641800475977,0.0
2006-11-29,0.010191335717200087,0.0
2006-11-30,0.0031003460748327267,0.0
2006-12-01,-0.0044252757442462265,0.04457375491742109
2006-12-04,0.012593161765938018,0.0
2006-12-05,0.004569229748425472,0.0
2006-12-06,-0.00010005597200597827,0.0
2006-12-07,-0.005054839526438915,0.0
2006-12-08,0.0009356433730103118,0.0
2006-12-11,0.0009587321726966702,0.0
2006-12-12,-0.0016271720231094688,0.0028806933141358247
2006-12-13,0.00029702123038684807,0.0
2006-12-14,0.008741046542430008,0.0
2006-12-15,-0.0007228370277409102,0.0
2006-12-18,-0.004836049749717289,0.0
2006-12-19,0.003466430723010704,0.0
2006-12-20,0.00011841514974461503,0.0
2006-12-21,-0.003614419544142831,0.0
2006-12-22,-0.004039677652754628,0.0
2006-12-26,0.0037723461623940615,0.0
2006-12-27,0.006816262998761035,0.0
2006-12-28,-0.0021612633862065993,0.0
2006-12-29,-0.00471144093886401,0.0
2007-01-03,-5.077038323619831e-05,0.0534947112500056
2007-01-04,0.001239293433210635,0.0
2007-01-05,-0.007558202176187562,0.0
2007-01-08,0.002066563179026648,0.0027533095698582715
2007-01-09,0.001296012525071096,0.0
2007-01-10,0.0029020613662005235,0.0
2007-01-11,0.0075627340090959555,0.0
2007-01-12,0.0031531138307179275,0.0
2007-01-16,0.0009355153473245901,0.0
2007-01-17,-5.577207882845612e-05,0.0
2007-01-18,-0.004054042660839213,0.0
2007-01-19,0.004459285040493852,0.0
2007-01-22,-0.005183629209118271,0.0
2007-01-23,0.005298929081658928,0.0
2007-01-24,0.007023546529221237,0.0
2007-01-25,-0.00946749037231065,0.0026085535137649477
2007-01-26,0.00032361040842455936,0.0
2007-01-29,0.0003893412624238987,0.0
2007-01-30,0.005465251346940999,0.0
2007-01-31,0.007919699278624865,0.0
2007-02-01,0.007557249912248487,0.05164196903105326
2007-02-02,0.0028934918110591944,0.0
2007-02-05,-0.001274230950755821,0.0
2007-02-06,0.003524125198365529,0.0
2007-02-07,0.0036774909540379652,0.0
2007-02-08,-0.00031665072304291886,0.0
2007-02-09,-0.0074061118586527235,0.0
2007-02-12,-0.003100794673231433,0.0027764805385037086
2007-02-13,0.007933771642075371,0.0
2007-02-14,0.00853536193042669,0.0
2007-02-15,0.0030914179712779877,0.0027265311552311616
2007-02-16,-9.439790210378937e-05,0.0
2007-02-20,0.003959063854825473,0.0028826072936176863
2007-02-21,-0.0005613982610289608,0.0
2007-02-22,0.0001567499105268962,0.0
2007-02-23,-0.0020574974848939164,0.0
2007-02-26,-0.0013481475373672807,0.0
2007-02-27,-0.033010389937064885,0.0
2007-02-28,0.004377968533229065,0.0
2007-03-01,-0.00399256931324754,0.047111863290205294
2007-03-02,-0.013350822339793966,0.0
2007-03-05,-0.011353887713639392,0.0
2007-03-06,0.015137171009155785,0.0
2007-03-07,-0.0015926808289220388,0.0
2007-03-08,0.008369120586369653,0.0
2007-03-09,0.002049129394423967,0.0
2007-03-12,0.0026771358685425553,0.0
2007-03-13,-0.020322753122862556,0.0
2007-03-14,0.005850487836784976,0.0
2007-03-15,0.005319018597087893,0.0
2007-03-16,-0.0034436665153226124,0.0
2007-03-19,0.010219532544186657,0.0
2007-03-20,0.006711772533925613,0.0
2007-03-21,0.015700739215481086,0.0
2007-03-22,-0.0013722438641492328,0.0
2007-03-23,0.002164119331154346,0.0032428439341533467
2007-03-26,-0.0005375994687178368,0.0
2007-03-27,-0.006022880056149522,0.0
2007-03-28,-0.007885198875181099,0.0
2007-03-29,0.0017552260236141542,0.0
2007-03-30,0.00018334357973432582,0.0
2007-04-02,0.0030469603040270687,0.041408516156693824
2007-04-03,0.009231248506075923,0.0
2007-04-04,-0.00024338656184360642,0.0
2007-04-05,0.0029899668608539534,0.0
2007-04-09,0.0009078378423666995,0.0
2007-04-10,0.002262713257713936,0.0
2007-04-11,-0.006248171425869845,0.0
2007-04-12,0.006288691416472598,0.0
2007-04-13,0.0026216721054136277,0.0
2007-04-16,0.011084254907411262,0.0
2007-04-17,0.002055279250837082,0.0
2007-04-18,0.002035640191509931,0.0
2007-04-19,-0.0019534545988572965,0.0
2007-04-20,0.008866380844306205,0.0
2007-04-23,5.7965014515322394e-05,0.0
2007-04-24,0.0006165462339254016,0.0
2007-04-25,0.009405597808942215,0.0
2007-04-26,7.635526638091798e-05,0.0
2007-04-27,-0.0014969189113908125,0.0
2007-04-30,-0.010212434381754173,0.0
2007-05-01,0.003658584699101297,0.054987133285717416
2007-05-02,0.007751186222337406,0.0
2007-05-03,0.003227466755438252,0.0
2007-05-04,0.0019284942987581744,0.0
2007-05-07,0.0014180252386816069,0.0
2007-05-08,-0.0016557069647392714,0.0
2007-05-09,0.005089521075719854,0.0
2007-05-10,-0.013894794438193782,0.0
2007-05-11,0.008892078478584786,0.0
2007-05-14,-0.0026239616843221547,0.0
2007-05-15,-0.00270808483663373,0.0
2007-05-16,0.007089978140074988,0.0
2007-05-17,-0.0015755023043488186,0.0
2007-05-18,0.006491498462751936,0.0
2007-05-21,0.0022084149130398617,0.0
2007-05-22,0.0003510959007174324,0.0
2007-05-23,-0.002510439643510276,0.0
2007-05-24,-0.010860841973537063,0.0
2007-05-25,0.0054393227312994,0.0
2007-05-29,0.002887550136116839,0.0
2007-05-30,0.007309006157733366,0.0
2007-05-31,0.002839497266192751,0.0
2007-06-01,0.004488399592991632,0.038830563359669994
2007-06-04,0.001662542979571169,0.0
2007-06-05,-0.006205554443808742,0.0
2007-06-06,-0.009646650172075165,0.0
2007-06-07,-0.01819179592735003,0.0
2007-06-08,0.01150363056106141,0.0
2007-06-11,6.539821299818299e-05,0.0
2007-06-12,-0.010473686890460434,0.0
2007-06-13,0.013724299367365043,0.0
2007-06-14,0.004556535325160908,0.0
2007-06-15,0.005844611479667845,0.0
2007-06-18,-0.0021223139079966946,0.0
2007-06-19,0.0007421028027422827,0.0
2007-06-20,-0.012068962839322126,0.0
2007-06-21,0.006467693687190848,0.0
2007-06-22,-0.010595434712651177,0.0
2007-06-25,-0.004935562784301199,0.0
2007-06-26,-0.004397114147874896,0.0
2007-06-27,0.009906741332990743,0.0052897681731755
2007-06-28,-0.00019476421501587836,0.0
2007-06-29,-0.0017927633822529341,0.0
2007-07-02,0.009729640803646245,0.046665088117646115
2007-07-03,0.0026121158918137643,0.0
2007-07-05,0.00044831292270363786,0.0
2007-07-06,0.004804729544813675,0.0
2007-07-09,-8.692508563051011e-05,0.0
2007-07-10,-0.015448282334813549,0.0
2007-07-11,0.005415887861096147,0.0027310301314214832
2007-07-12,0.016688696753015105,0.0
2007-07-13,0.003535559304243217,0.0
2007-07-16,-0.003615437272540413,0.0
2007-07-17,0.0005529336478601815,0.0
2007-07-18,-0.0017897100359777344,0.0
2007-07-19,0.005237800756716882,0.0
2007-07-20,-0.013985234237027768,0.0
2007-07-23,0.0024852007895538927,0.0
2007-07-24,-0.02021508721672064,0.0
2007-07-25,0.001971886408765216,0.0
2007-07-26,-0.02456956271587168,0.0
2007-07-27,-0.015921276524903324,0.0
2007-07-30,0.010709385829321358,0.0
2007-07-31,-0.01183457518736017,0.0
2007-08-01,0.005128508651776054,0.059791562966558624
2007-08-02,0.005627274568439665,0.0
2007-08-03,-0.029435749815754572,0.0
2007-08-06,0.022041422719750053,0.0
2007-08-07,0.004241508513393956,0.0
2007-08-08,0.01282478874180062,0.0
2007-08-09,-0.02772216880192324,0.0
2007-08-10,0.003101706765499488,0.0
2007-08-13,0.0004669052343531719,0.0
2007-08-14,-0.02125595157438468,0.0
2007-08-15,-0.015565531105901332,0.0
2007-08-16,0.003244951130321746,0.0
2007-08-17,0.023685770132228195,0.0
2007-08-20,0.0011755952928115174,0.0
2007-08-21,0.0026489928621126974,0.0
2007-08-22,0.012889944463513148,0.0
2007-08-23,-0.0033960599423932284,0.0
2007-08-24,0.011185250576470102,0.0
2007-08-27,-0.010675168794276768,0.002790737406201229
2007-08-28,-0.024357032823093972,0.0
2007-08-29,0.02268855307584696,0.0
2007-08-30,-0.00480581669799405,0.0
2007-08-31,0.012447638008959238,0.0
2007-09-04,0.0092118957784324,0.04602644096745416
2007-09-05,-0.013529363827290086,0.002769693712410936
2007-09-06,0.004646351808658558,0.0
2007-09-07,-0.017815369684020026,0.0
2007-09-10,-0.004259906918531785,0.0
2007-09-11,0.01218453816688552,0.0
2007-09-12,-0.0006647173197263141,0.0
2007-09-13,0.007127847998268823,0.0
2007-09-14,0.0010620683458816356,0.0
2007-09-17,-0.005460040748996097,0.0
2007-09-18,0.03137577099711993,0.0
2007-09-19,0.007418118775235771,0.0
2007-09-20,-0.01004929796394301,0.0
2007-09-21,0.003544693653505623,0.0
2007-09-24,-0.006794052540373022,0.0
2007-09-25,-0.001950545137736694,0.0
2007-09-26,0.005508767066029383,0.0
2007-09-27,0.0046775441607906955,0.0
2007-09-28,-0.003154911657500524,0.0
2007-10-01,0.014000784956674561,0.04756215173907137
2007-10-02,0.0020788962336879546,0.002741534552176876
2007-10-03,-0.002674223872369199,0.0
2007-10-04,0.0005646533339024625,0.0
2007-10-05,0.013508850535849826,0.002727813656842014
2007-10-08,-0.004533223568621273,0.0
2007-10-09,0.008292736279489468,0.0
2007-10-10,-0.0017768243273932338,0.002725532988041073
2007-10-11,-0.006270465849429718,0.0
2007-10-12,0.003951129637515293,0.0
2007-10-15,-0.010529913048588921,0.0
2007-10-16,-0.007620705894363005,0.0
2007-10-17,-0.0001803789497078036,0.0
2007-10-18,-0.0008835175221740934,0.0
2007-10-19,-0.02480617899797737,0.0
2007-10-22,0.007807745745946508,0.0
2007-10-23,0.006255932081369251,0.0
2007-10-24,-0.003768474597646799,0.0
2007-10-25,-0.0014350133626141906,0.0
2007-10-26,0.01088073201039055,0.0
2007-10-29,0.0022117745754259843,0.002798261750067273
2007-10-30,-0.00372391467919602,0.0
2007-10-31,0.011426991860390624,0.0
2007-11-01,-0.02612085486394844,0.06460049502761606
2007-11-02,-0.0006933576617426033,0.0
2007-11-05,-0.00565047704532926,0.0
2007-11-06,0.011080350101531349,0.0
2007-11-07,-0.028683962846250254,0.0
2007-11-08,0.003619280893107729,0.0
2007-11-09,-0.01111654490726098,0.0
2007-11-12,-0.008257506753898778,0.0
2007-11-13,0.02835210784797391,0.0
2007-11-14,-0.008331269142038222,0.0
2007-11-15,-0.013080976267820454,0.0
2007-11-16,0.0008516252843462798,0.0
2007-11-19,-0.018781786174775664,0.0
2007-11-20,0.0004582326892636117,0.0
2007-11-21,-0.0147154176191128,0.0
2007-11-23,0.018085742634486153,0.0
2007-11-26,-0.022722336099669473,0.0
2007-11-27,0.014577336358299987,0.0
2007-11-28,0.030096139978903907,0.0
2007-11-29,-0.00246933115592296,0.0
2007-11-30,0.010318265394585038,0.0
2007-12-03,-0.0064063827907065996,0.0794165628750898
2007-12-04,-0.006029563400329786,0.0
2007-12-05,0.01476197029241118,0.0
2007-12-06,0.01786899600318015,0.0
2007-12-07,-0.00044658102817367784,0.0
2007-12-10,0.008983262302938607,0.0
2007-12-11,-0.03204365800283431,0.0
2007-12-12,0.004137224999936631,0.0
2007-12-13,-0.0008889119847800275,0.002719543956200022
2007-12-14,-0.016881754468752133,0.0
2007-12-17,-0.014857227988089639,0.0
2007-12-18,0.007091932778853671,0.002949339677954396
2007-12-19,-0.002908689169030772,0.0
2007-12-20,0.00366233918697292,0.0
2007-12-21,0.015515176923452834,0.0
2007-12-24,0.008949930160292548,0.0
2007-12-26,-0.0014250293526334669,0.0
2007-12-27,-0.014587642280571252,0.0
2007-12-28,-0.0002075697189893614,0.0
2007-12-31,-0.004061242739426301,0.0
2008-01-02,-0.01728259047517433,0.06549854841856272
2008-01-03,-0.006819880088815074,0.0
2008-01-04,-0.02768859370168336,0.0
2008-01-07,0.003557198845910674,0.0
2008-01-08,-0.02212056086878784,0.0
2008-01-09,0.00881281784351939,0.0
2008-01-10,0.012468192797752723,0.0
2008-01-11,-0.013049913592226141,0.0
2008-01-14,0.009235076098915766,0.0
2008-01-15,-0.024459497885139125,0.0
2008-01-16,0.003894105832985204,0.0
2008-01-17,-0.02824843883208309,0.0
2008-01-18,-0.00311712776133866,0.0
2008-01-22,-0.0031529667215423086,0.0
2008-01-23,0.030828355995064758,0.0
2008-01-24,0.006380927324905865,0.0
2008-01-25,-0.011845949623722816,0.0
2008-01-28,0.021090056673463926,0.0
2008-01-29,0.01035924505143142,0.0
2008-01-30,-0.005543350752578119,0.0
2008-01-31,0.02080278854277389,0.0
2008-02-01,0.021213301289499942,0.08668234858152365
2008-02-04,-0.012510545234931558,0.0
2008-02-05,-0.03168046933930323,0.0
2008-02-06,-0.006951893656945771,0.0
2008-02-07,0.009367365998611253,0.0
2008-02-08,-0.005739242243869549,0.0
2008-02-11,0.007202658627849407,0.0
2008-02-12,0.005752061782214869,0.0
2008-02-13,0.014140179504927847,0.0
2008-02-14,-0.015600779425651903,0.0
2008-02-15,0.000846097039786776,0.0
2008-02-19,-0.0012340487802300184,0.0
2008-02-20,0.010928223038607684,0.0
2008-02-21,-0.014824949588844963,0.0
2008-02-22,0.00853544456662525,0.0
2008-02-25,0.01574921634092607,0.0
2008-02-26,0.008960002743120955,0.0
2008-02-27,-0.0024020156712120425,0.0
2008-02-28,-0.013215796023414803,0.0
2008-02-29,-0.028706869392830153,0.0
2008-03-03,-6.271194382634349e-05,0.08098104975446183
2008-03-04,-0.001168893387954937,0.0
2008-03-05,0.005246274586539543,0.0
2008-03-06,-0.026311455438019406,0.0
2008-03-07,-0.006354985384916941,0.0
2008-03-10,-0.017326830094314766,0.0
2008-03-11,0.03763298485156695,0.0
2008-03-12,-0.00951920561941731,0.0
2008-03-13,0.007587126864985401,0.0
2008-03-14,-0.020956268715210953,0.0
2008-03-17,-0.013123116459561305,0.0
2008-03-18,0.042112544679711636,0.0
2008-03-19,-0.01970156989952132,0.0026854962030678554
2008-03-20,0.024144071457917922,0.0
2008-03-24,0.0203312059775019,0.0
2008-03-25,0.003053500565429322,0.0
2008-03-26,-0.013660697817025556,0.0
2008-03-27,-0.011834433377987945,0.0
2008-03-28,-0.010872596160512926,0.0
2008-03-31,0.006829577617408548,0.0
2008-04-01,0.03997647304215568,0.07375153832799203
2008-04-02,0.000997376529692122,0.0
2008-04-03,0.0025898747638059467,0.0
2008-04-04,-0.00013457581891484878,0.0
2008-04-07,0.00011195401929898252,0.0
2008-04-08,-0.0061306746996529346,0.0
2008-04-09,-0.01243285141964726,0.0
2008-04-10,0.004428672089982255,0.0
2008-04-11,-0.018375583723827745,0.0
2008-04-14,-0.004110284347286634,0.0
2008-04-15,0.004913376677741301,0.0
2008-04-16,0.024172497035043095,0.0
2008-04-17,0.0019298287175656616,0.0
2008-04-18,0.017679089954882737,0.0
2008-04-21,-0.003007278321686988,0.0
2008-04-22,-0.014666223729034155,0.0
2008-04-23,0.0021574583310894663,0.0
2008-04-24,0.010346370162982968,0.0
2008-04-25,0.01034526683221614,0.0
2008-04-28,0.0010850291222488945,0.0
2008-04-29,-0.0021591739357133865,0.0
2008-04-30,-0.007115655818438496,0.0
2008-05-01,0.022104395889258388,0.0633586792593213
2008-05-02,0.0022666649955925783,0.0
2008-05-05,-0.006632728835966057,0.0
2008-05-06,0.008957223533941627,0.0
2008-05-07,-0.018350764485036614,0.0
2008-05-08,0.0010071028538768036,0.0
2008-05-09,-0.004776690618484782,0.0
2008-05-12,0.015001855877701569,0.0
2008-05-13,0.0008015734307848781,0.0
2008-05-14,0.007148023692279581,0.0
2008-05-15,0.011715442377982686,0.0
2008-05-16,-0.0015642809255510767,0.0
2008-05-19,-0.0005477948990373713,0.0
2008-05-20,-0.00957385716505289,0.0
2008-05-21,-0.016665711130046258,0.0
2008-05-22,0.003627226556243749,0.0
2008-05-23,-0.014210887700013424,0.0
2008-05-27,0.009540467441364572,0.0
2008-05-28,0.004714371278318258,0.0
2008-05-29,0.008070256475181621,0.0
2008-05-30,0.0004291211520136252,0.0
2008-06-02,-0.011401009699150033,0.061654952317359506
2008-06-03,-0.0033526348391983703,0.0
2008-06-04,0.0026396608983305756,0.0
2008-06-05,0.01601754684929289,0.0
2008-06-06,-0.03403369991077716,0.0
2008-06-09,-0.003231031510155249,0.0
2008-06-10,-0.0019600858872204177,0.0
2008-06-11,-0.022244950804073932,0.0
2008-06-12,0.007172541278127948,0.0
2008-06-13,0.017056812981993696,0.0
2008-06-16,0.00230112498483202,0.0
2008-06-17,-0.011432508928704892,0.0
2008-06-18,-0.012145351905841617,0.0
2008-06-19,0.00801120282779988,0.004611216257234417
2008-06-20,-0.0195963219881622,0.0
2008-06-23,-0.007690680953225073,0.0
2008-06-24,-0.0025099659264927296,0.0
2008-06-25,0.00911115021924409,0.0
2008-06-26,-0.030347249786516095,0.0
2008-06-27,-0.0042854521024310735,0.0
2008-06-30,-0.003078298781511481,0.0
2008-07-01,0.0034429363232828525,0.08290709372407669
2008-07-02,-0.01918574911695157,0.0
2008-07-03,-0.00239977329717028,0.0
2008-07-07,-0.00964757943616825,0.0
2008-07-08,0.02700330974903404,0.0
2008-07-09,-0.0271159849014807,0.0
2008-07-10,0.0007678206375723982,0.0
2008-07-11,-0.013831597761878825,0.0
2008-07-14,-0.014904255516097262,0.0
2008-07-15,-0.0064647200942511,0.0
2008-07-16,0.03620756674449831,0.0
2008-07-17,0.02303959819118618,0.0
2008-07-18,0.00037006719602627325,0.0
2008-07-21,-0.002520607967390566,0.0
2008-07-22,0.02176721502220656,0.0
2008-07-23,0.008565740220664864,0.0
2008-07-24,-0.03265026926419197,0.0
2008-07-25,0.0013766258224992632,0.0
2008-07-28,-0.01871922464418395,0.0
2008-07-29,0.03065092755703838,0.0
2008-07-30,0.010427442713418555,0.003102593134166802
2008-07-31,-0.00788253039222997,0.0
2008-08-01,-0.0041031149875968564,0.11032388706831184
2008-08-04,-0.006569709938946974,0.0
2008-08-05,0.03297900385700993,0.0
2008-08-06,0.002547314701763426,0.0
2008-08-07,-0.018935600169652705,0.0
2008-08-08,0.029329624789953386,0.0
2008-08-11,0.012522265474947804,0.0
2008-08-12,-0.015415876227697821,0.0
2008-08-13,-0.0052695421546088955,0.0
2008-08-14,0.011888090950285254,0.0
2008-08-15,0.007938463353371679,0.0
2008-08-18,-0.017686204225011708,0.0
2008-08-19,-0.01570542636971417,0.002704986709657504
2008-08-20,0.002103809200770145,0.0
2008-08-21,-6.387482715799376e-05,0.0
2008-08-22,0.013997240102789599,0.0
2008-08-25,-0.020387669318063018,0.0
2008-08-26,0.002456905294147438,0.0026242976746690635
2008-08-27,0.010658932020108763,0.0
2008-08-28,0.02095673314166524,0.0
2008-08-29,-0.010488798006216,0.0
2008-09-02,0.00323946740143799,0.0631917473299449
2008-09-03,0.0009750014684797507,0.0
2008-09-04,-0.03161279101070013,0.0
2008-09-05,0.006319784668844818,0.0
2008-09-08,0.020385215493362602,0.0
2008-09-09,-0.03552000235164787,0.0007428453103569599
2008-09-10,0.0044339300031625015,0.0
2008-09-11,0.01320144301408461,0.0
2008-09-12,0.003637299478227435,0.0
2008-09-15,-0.043792881893371896,0.0
2008-09-16,0.014790165590510804,0.0
2008-09-17,-0.049435930396852554,0.0
2008-09-18,0.05208264093572604,0.0
2008-09-19,0.0381050018979127,0.0
2008-09-22,-0.04820049343436033,0.0
2008-09-23,-0.015451072895938348,0.0
2008-09-24,-0.0027460184852491193,0.0
2008-09-25,0.01689902415782548,0.0
2008-09-26,0.00208731175265432,0.0
2008-09-29,-0.08573443946495551,0.00011669725583340952
2008-09-30,0.04783819292647057,0.0
2008-10-01,-0.004989585216189973,0.10799327973742172
2008-10-02,-0.048257432539240065,0.0
2008-10-03,-0.01711434486222915,0.0
2008-10-06,-0.03885499514372489,0.0
2008-10-07,-0.05929897151895447,0.003153863749724434
2008-10-08,-0.014008097396627164,0.0
2008-10-09,-0.07899716505239504,0.0
2008-10-10,-0.004290577919859048,0.0
2008-10-13,0.10765432493035218,0.0
2008-10-14,-0.005127806080028902,0.0
2008-10-15,-0.09513904835573991,0.0
2008-10-16,0.037957692896415325,0.0
2008-10-17,-0.00332843880734357,0.001803289831657805
2008-10-20,0.04219477592075202,0.0
2008-10-21,-0.032938914914447545,0.0
2008-10-22,-0.061764973739194345,0.0
2008-10-23,-0.007161685820579827,0.0
2008-10-24,-0.03431022260285477,0.0
2008-10-27,-0.03421806326241221,0.0
2008-10-28,0.1033301591195416,0.0
2008-10-29,-0.00702511652232829,0.0008855984900557268
2008-10-30,0.031196814579338143,0.0
2008-10-31,0.021285715587098897,0.0
2008-11-03,-0.0010532910400679052,0.1459990242230411
2008-11-04,0.044356786229784034,0.0
2008-11-05,-0.05565816567819686,0.0
2008-11-06,-0.0542052200176657,0.002884558991983642
2008-11-07,0.024394469173853614,0.0
2008-11-10,-0.025246062414017945,0.0018027014053923344
2008-11-11,-0.02831766261770828,0.0
2008-11-12,-0.05744374410584306,0.0
2008-11-13,0.07550137105353474,0.0
2008-11-14,-0.049503071290183276,0.002394324438071136
2008-11-17,-0.029358962407129277,0.0
2008-11-18,0.00124178083297425,0.0
2008-11-19,-0.07222559736939885,0.0
2008-11-20,-0.06706289891774664,0.0
2008-11-21,0.06277090929495502,0.0
2008-11-24,0.08000315302217686,0.0
2008-11-25,0.014084603700576013,0.0
2008-11-26,0.044264916198961335,0.0
2008-11-28,0.010954519554380815,0.0
2008-12-01,-0.09550649928989308,0.13792914577290138
2008-12-02,0.04453761018533091,0.0
2008-12-03,0.03100697802202018,0.0
2008-12-04,-0.028174533928336763,0.0
2008-12-05,0.04855737175499408,0.002453993997346966
2008-12-08,0.04238762083966581,0.0
2008-12-09,-0.022586746896460317,0.0
2008-12-10,0.020312296596074288,0.0
2008-12-11,-0.041213336168961764,0.0
2008-12-12,0.014486771227737255,0.0
2008-12-15,-0.019993142010583567,0.0
2008-12-16,0.06560379982699309,0.0
2008-12-17,-0.0009091024088999468,0.0
2008-12-18,-0.022917448493486085,0.0
2008-12-19,0.009434578654843763,0.0
2008-12-22,-0.029819465422215002,0.0
2008-12-23,-0.013440723261562204,0.002541281453034531
2008-12-24,0.004965389135394823,0.0
2008-12-26,0.007816518639667883,0.0
2008-12-29,-0.010141563013777857,0.0
2008-12-30,0.03261089289995045,0.0025618640246409087
2008-12-31,0.021810922856348502,0.0
2009-01-02,0.037400121269329345,0.1168905405651717
2009-01-05,0.003970443170433614,0.0
2009-01-06,0.02247069448235653,0.0
2009-01-07,-0.03502855326558398,0.0
2009-01-08,0.00755620988260816,0.0
2009-01-09,-0.025875716759467655,0.0
2009-01-12,-0.031103005913127247,0.0
2009-01-13,0.0013127650848192766,0.0
2009-01-14,-0.03989487382328976,0.0
2009-01-15,0.00596196330508547,0.0
2009-01-16,0.013426268220350035,0.0
2009-01-20,-0.06383240319630192,0.0
2009-01-21,0.046544615679692876,0.0
2009-01-22,-0.02282858371509876,0.0
2009-01-23,0.00931189984290344,0.0
2009-01-26,0.004005644758604266,0.0
2009-01-27,0.015039386750763235,0.0
2009-01-28,0.04338850453095726,0.0
2009-01-29,-0.04233475497220847,0.0
2009-01-30,-0.030364797502418578,0.0
2009-02-02,-0.0028304099400734417,0.12181478695963265
2009-02-03,0.015547950659303207,0.0
2009-02-04,-0.006686036164444305,0.0
2009-02-05,0.02124636836963332,0.0
2009-02-06,0.03666240255350002,0.0
2009-02-09,0.002108069166414843,0.0
2009-02-10,-0.060781775848179995,0.0
2009-02-11,0.010888778634918031,0.0
2009-02-12,0.0016815961778276027,0.0
2009-02-13,-0.012189806231061784,0.0
2009-02-17,-0.05344935353687867,0.0
2009-02-18,-0.004676362530430359,0.0
2009-02-19,-0.0204115785610613,0.0
2009-02-20,-0.008784326141489837,0.0
2009-02-23,-0.03887670589223532,0.0
2009-02-24,0.05134750637441338,0.0
2009-02-25,-0.014032778992851177,0.0
2009-02-26,-0.015436271201556662,0.0029400944757029916
2009-02-27,-0.02297584071542541,0.0
2009-03-02,-0.056153736606814886,0.12070342640777379
2009-03-03,-0.011053621545731085,0.005378529644330549
2009-03-04,0.03212241184199496,0.0
2009-03-05,-0.054812727207469,0.0
2009-03-06,-0.003511712977250117,0.0
2009-03-09,-0.007412474937413647,0.0
2009-03-10,0.08241188472787148,0.0
2009-03-11,0.006183602267650686,0.0
2009-03-12,0.05018783968385437,0.0
2009-03-13,0.009877479409401058,0.0
2009-03-16,-0.003805254661176624,0.0
2009-03-17,0.03872794643356368,0.0
2009-03-18,0.04178883901822286,0.0
2009-03-19,-0.017043909088585812,0.0
2009-03-20,-0.03110052767598231,0.0
2009-03-23,0.08788662810340811,0.0
2009-03-24,-0.02215707798713636,0.0
2009-03-25,0.01018196009141153,0.0
2009-03-26,0.034252867655907696,0.0
2009-03-27,-0.023731502626979796,0.0
2009-03-30,-0.04991656246921683,0.0024416765694480476
2009-03-31,0.018713416798683286,0.0
2009-04-01,0.01862214687873376,0.10892886272897372
2009-04-02,0.04359939658849865,0.002562074752070807
2009-04-03,0.017203249055359315,0.0
2009-04-06,-0.010987063697570028,0.0
2009-04-07,-0.030040287692595202,0.0
2009-04-08,0.017157053970564225,0.0
2009-04-09,0.05985593933274198,0.0
2009-04-13,0.0071410025974843125,0.0
2009-04-14,-0.025827418813915093,0.0
2009-04-15,0.020114010599979866,0.0
2009-04-16,0.024129079341854216,0.0
2009-04-17,0.014912979191006958,0.0
2009-04-20,-0.060199621385008555,0.0
2009-04-21,0.032525743810780494,0.0
2009-04-22,0.0007283421669555157,0.0
2009-04-23,0.011952204275831137,0.0
2009-04-24,0.02583390110213548,0.0
2009-04-27,-0.019712663020123013,0.0
2009-04-28,-0.0037343087991557875,0.0
2009-04-29,0.02760508750423683,0.0
2009-04-30,0.0029351204152991426,0.0
2009-05-01,0.003927574704799097,0.12758368389934738
2009-05-04,0.043698398405388264,0.0
2009-05-05,-0.0012865664644605079,0.0
2009-05-06,0.01998244406132452,0.0
2009-05-07,-0.01944924710204676,0.0
2009-05-08,0.03651028639715165,0.0
2009-05-11,-0.02801284394387306,0.0
2009-05-12,-0.009502517751493272,0.0
2009-05-13,-0.04103067814349626,0.0
2009-05-14,0.01755306693695212,0.0
2009-05-15,-0.014299944763114511,0.0
2009-05-18,0.03964382775402564,0.0
2009-05-19,0.0018138234985730513,0.0
2009-05-20,-0.005709487747160205,0.0
2009-05-21,-0.018848231907916825,0.0
2009-05-22,-0.0005304028118065015,0.0
2009-05-26,0.03251174629280181,0.0
2009-05-27,-0.02020465701175718,0.0
2009-05-28,0.014243582058291796,0.0
2009-05-29,0.017779146255084664,0.0
2009-06-01,0.035566083494718015,0.08914135642864031
2009-06-02,-0.00013241076616135714,0.0
2009-06-03,-0.018672448456806115,0.0
2009-06-04,0.015080200166706503,0.0
2009-06-05,-0.0031524581647764957,0.0
2009-06-08,-0.0027531948433292767,0.0
2009-06-09,0.006560564148094565,0.0
2009-06-10,-0.004622070790700094,0.0
2009-06-11,0.003432462402749549,0.0
2009-06-12,0.0005209881092610544,0.0
2009-06-15,-0.027251986025100792,0.0
2009-06-16,-0.015562627338436563,0.0
2009-06-17,-0.0037445426531011313,0.0
2009-06-18,0.007086865274477698,0.0
2009-06-19,0.0047328204407038384,0.0
2009-06-22,-0.035666265914919074,0.0
2009-06-23,0.0008663444735639055,0.0
2009-06-24,0.01039567475893328,0.0
2009-06-25,0.024243424198782143,0.0
2009-06-26,-0.0006944385423806196,0.0
2009-06-29,0.008541172500563758,0.0
2009-06-30,-0.007960329334058453,0.0
2009-07-01,0.005398743284270369,0.08210960653419322
2009-07-02,-0.03444036169730087,0.0
2009-07-06,0.0005972305360019648,0.0
2009-07-07,-0.023832066178196318,0.0
2009-07-08,-0.0036413067687393174,0.0
2009-07-09,0.006801016796604976,0.0
2009-07-10,-0.0024969059136652214,0.0
2009-07-13,0.02574112710335428,0.0
2009-07-14,0.008732255884435994,0.0
2009-07-15,0.03231999989674451,0.0
2009-07-16,0.00949624249132248,0.0
2009-07-17,-0.0018731571685921197,0.0
2009-07-20,0.017600120435975475,0.000840030860837547
2009-07-21,-0.0021721797160326136,0.0
2009-07-22,0.003625183839190303,0.0
2009-07-23,0.029688237494430825,0.0
2009-07-24,0.005943860605105981,0.0
2009-07-27,0.006387836870859446,0.0
2009-07-28,-0.0023137991776687817,0.0
2009-07-29,-0.007177645242089533,0.0
2009-07-30,0.014894791723771231,0.0
2009-07-31,0.0029976311621365626,0.0
2009-08-03,0.019607764894011614,0.08643035361590709
2009-08-04,0.007390326811350854,0.0
2009-08-05,0.00024750386059294916,0.0
2009-08-06,-0.004397909607544931,0.0
2009-08-07,0.023957592464678504,0.0
2009-08-10,-0.005817114035640504,0.0
2009-08-11,-0.013766120596662193,0.0
2009-08-12,0.014444779392307953,0.0
2009-08-13,0.008701791890067201,0.0
2009-08-14,-0.012086333634255387,0.0
2009-08-17,-0.028194894519368706,0.0
2009-08-18,0.013163410053867062,0.0
2009-08-19,0.005964770303047438,0.0
2009-08-20,0.013352722237489227,0.0
2009-08-21,0.02109343595394833,0.0
2009-08-24,-0.0028565634357248858,0.0
2009-08-25,0.005533146634703525,0.0
2009-08-26,0.0010449590258613292,0.0
2009-08-27,0.005907918831016349,0.0
2009-08-28,0.0016731151289692185,0.0
2009-08-31,-0.011021283485496969,0.0
2009-09-01,-0.02726437588627284,0.06231475446712564
2009-09-02,-0.004241852554086032,0.0
2009-09-03,0.011591700148023312,0.0
2009-09-04,0.013357496449128183,0.0
2009-09-08,0.011166318054736137,0.0
2009-09-09,0.012186539034735102,0.0
2009-09-10,0.012705762855296487,0.0
2009-09-11,-0.0005456901003441845,0.0
2009-09-14,0.008920166033648777,0.0
2009-09-15,0.007437143521651342,0.0
2009-09-16,0.019950332618709182,0.0
2009-09-17,-0.00677685723200523,0.0
2009-09-18,0.0026982206815653062,0.0
2009-09-21,-0.0040734566222389796,0.0
2009-09-22,0.00836216583995142,0.0
2009-09-23,-0.013138519543363671,0.0
2009-09-24,-0.01597129827458103,0.0
2009-09-25,-0.006948035649461026,0.0
2009-09-28,0.021040355284217483,0.0
2009-09-29,0.0003119213092510925,0.0
2009-09-30,-0.0026419793692417683,0.0
2009-10-01,-0.030290845397758948,0.06601699187785727
2009-10-02,-0.008483449665519168,0.0
2009-10-05,0.018914578524367114,0.0
2009-10-06,0.013832250140792052,0.0
2009-10-07,0.0022279711619742886,0.0
2009-10-08,0.012012596704967259,0.0
2009-10-09,0.006208633235854485,0.0
2009-10-12,0.0039728558416452795,0.0
2009-10-13,-0.0024531084163502237,0.0
2009-10-14,0.019570833646450916,0.0
2009-10-15,0.0040438683565971415,0.0
2009-10-16,-0.008923093390013292,0.0025600354256029145
2009-10-19,0.011946121636869776,0.0
2009-10-20,-0.0076376584236903,0.0
2009-10-21,-0.010017387718435111,0.0
2009-10-22,0.014199113589021532,0.0
2009-10-23,-0.015120748020297288,0.0
2009-10-26,-0.01362096312361111,0.0
2009-10-27,-0.009009187649536196,0.0
2009-10-28,-0.02815421109027125,0.0
2009-10-29,0.027445330875942104,0.0
2009-10-30,-0.029738582846780257,0.0
2009-11-02,0.0058741486680709,0.06563908088031359
2009-11-03,0.008626889426290682,0.0
2009-11-04,-0.001096267383499093,0.0
2009-11-05,0.021397219883562885,0.0
2009-11-06,0.002122924099213498,0.0
2009-11-09,0.025826763907955175,0.0
2009-11-10,-0.003912742495980175,0.0
2009-11-11,0.0063508413335241895,0.0
2009-11-12,-0.012462884534559756,0.0
2009-11-13,0.00742975931731257,0.0
2009-11-16,0.017252458377407975,0.0
2009-11-17,-0.0013996056147608303,0.0
2009-11-18,-0.0017939387545696625,0.0
2009-11-19,-0.01676500248778182,0.0
2009-11-20,-0.0047406049362258805,0.0
2009-11-23,0.012758242674565951,0.0
2009-11-24,-0.001514534020697914,0.0
2009-11-25,0.007813778743174946,0.0
2009-11-27,-0.020114181529872058,0.0
2009-11-30,0.003948876844040925,0.0
2009-12-01,0.013457402273673535,0.07249130031061124
2009-12-02,0.004647156523346784,0.0
2009-12-03,-0.010727190588720337,0.0
2009-12-04,0.01096398093490058,0.0
2009-12-07,-0.0011767485634505,0.0
2009-12-08,-0.008889211156416336,0.0
2009-12-09,0.002184011119747292,0.0
2009-12-10,0.0062527982174156015,0.0
2009-12-11,0.006283210898968683,0.0
2009-12-14,0.011955407494827357,0.0
2009-12-15,-0.005296522207714469,0.0
2009-12-16,0.004246217604620442,0.0
2009-12-17,-0.0117064340814862,0.0
2009-12-18,0.0058856446212893765,0.0069979894134259805
2009-12-21,0.011746292532297666,0.0
2009-12-22,0.006310357673331176,0.0
2009-12-23,0.004992501089043165,0.0
2009-12-24,0.005561721635024183,0.0
2009-12-28,-0.0008434530191798464,0.0
2009-12-29,-0.001736656761051668,0.0
2009-12-30,0.00024821614557653287,0.0
2009-12-31,-0.01081756415919515,0.0
2010-01-04,0.014853605049525154,0.059029864789722615
2010-01-05,0.004405346496574162,0.0
2010-01-06,0.00354839611670588,0.0
2010-01-07,0.006030753860245406,0.0
2010-01-08,0.0033434008751187416,0.0
2010-01-11,0.002227530962774802,0.0
2010-01-12,-0.01166532778396943,0.0
2010-01-13,0.010293498979725483,0.0
2010-01-14,0.0024173212775426946,0.0
2010-01-15,-0.011504692854520264,0.0
2010-01-19,0.013045203941000644,0.0
2010-01-20,-0.010114727071075347,0.0
2010-01-21,-0.017730266907887968,0.0
2010-01-22,-0.022219364582762552,0.0
2010-01-25,0.004532221838861527,0.0
2010-01-26,-0.0036687963459881585,0.0
2010-01-27,0.004727782308334814,0.0
2010-01-28,-0.010780307945126561,0.0
2010-01-29,-0.010532372491339998,0.0
2010-02-01,0.01589012865335615,0.06392171435057725
2010-02-02,0.01486768110152343,0.0
2010-02-03,-0.007324003054563151,0.0
2010-02-04,-0.03346653648982424,0.0
2010-02-05,0.002602409761001315,0.0
2010-02-08,-0.007516429251511514,0.0
2010-02-09,0.013960263346507455,0.0
2010-02-10,-0.0020828642845631892,0.0
2010-02-11,0.01095538074516833,0.0025573401122780852
2010-02-12,-0.0010152665731112702,0.0
2010-02-16,0.01978209027690315,0.0
2010-02-17,0.004635903607249919,0.0
2010-02-18,0.006157503649972674,0.0
2010-02-19,0.0042722192639657675,0.0
2010-02-22,-0.0016544711316884481,0.0
2010-02-23,-0.013267477657305609,0.0
2010-02-24,0.009798419786100647,0.0
2010-02-25,-0.00016478174429723162,0.0
2010-02-26,0.0019279437630847053,0.0
2010-03-01,0.013665257981129608,0.05050991057614093
2010-03-02,0.00398486317388733,0.0
2010-03-03,0.0014932182179597288,0.0
2010-03-04,0.0036835890710991684,0.0
2010-03-05,0.01636124067422648,0.0
2010-03-08,0.0008263177694855788,0.0
2010-03-09,0.001796027135253939,0.0
2010-03-10,0.005993384819666155,0.0
2010-03-11,0.003518268973796525,0.0
2010-03-12,-0.0001313858823587255,0.0024294096995045827
2010-03-15,-0.0008465675916500498,0.0
2010-03-16,0.010057614112488483,0.0
2010-03-17,0.007718898162895244,0.0
2010-03-18,-0.0016711368877420708,0.0
2010-03-19,-0.006774003457693965,0.0
2010-03-22,0.007295424525514432,0.0
2010-03-23,0.007308814031694931,0.0
2010-03-24,-0.006448510718034986,0.0
2010-03-25,-0.0035781861047607796,0.0
2010-03-26,0.0013373013138347528,0.0
2010-03-29,0.007957876289332127,0.0
2010-03-30,0.0003085368908479388,0.0
2010-03-31,-0.0040430182982328835,0.0
2010-04-01,0.00880167390097042,0.05505675263218657
2010-04-05,0.011830958818009392,0.0
2010-04-06,0.0026535709708929555,0.0
2010-04-07,-0.006177085607073962,0.0
2010-04-08,0.001974846457139576,0.0
2010-04-09,0.007275527177344779,0.0
2010-04-12,0.001676547842141809,0.0
2010-04-13,0.0015774358970703731,0.0
2010-04-14,0.012780189746320492,0.0
2010-04-15,0.00025284003422556086,0.0
2010-04-16,-0.0159240419767807,0.0
2010-04-19,0.0019068326407131676,0.0
2010-04-20,0.012373586339685196,0.0
2010-04-21,0.0018670831741910534,0.0
2010-04-22,0.008085463157134765,0.002515772978172045
2010-04-23,0.00833247144561178,0.0
2010-04-26,-0.003425737408229529,0.0
2010-04-27,-0.02636968140882081,0.0
2010-04-28,0.005626824230955151,0.0
2010-04-29,0.014852514830140108,0.0
2010-04-30,-0.019262726127000925,0.0
2010-05-03,0.014997843237027464,0.06020335834708701
2010-05-04,-0.026328771544642034,0.0
2010-05-05,-0.006495318894269952,0.0
2010-05-06,-0.03193628651657651,0.0
2010-05-07,-0.019538361590200257,0.0
2010-05-10,0.04957019009373737,0.0
2010-05-11,-0.002402511085469842,0.0
2010-05-12,0.017491311039063394,0.0
2010-05-13,-0.012770350872006486,0.0
2010-05-14,-0.020804393232374457,0.0
2010-05-17,0.0031703311019777502,0.0
2010-05-18,-0.015148975485652395,0.0
2010-05-19,-0.006622992759996381,0.0
2010-05-20,-0.04084464749177744,0.0
2010-05-21,0.01758814969552697,0.0
2010-05-24,-0.013047663426020135,0.0
2010-05-25,0.0010966086628393997,0.0
2010-05-26,-0.0023903749560188034,0.0
2010-05-27,0.0361192034904329,0.0
2010-05-28,-0.01191910255807224,0.0
2010-06-01,-0.022495979989025083,0.053988287810710855
2010-06-02,0.02800281239261991,0.0
2010-06-03,0.005386246529156135,0.0
2010-06-04,-0.039944661358730656,0.0
2010-06-07,-0.016193924662771884,0.0
2010-06-08,0.010095377367340192,0.0
2010-06-09,-0.0021620610930353414,0.0
2010-06-10,0.03362109994131115,0.0
2010-06-11,0.006300420857751878,0.0
2010-06-14,0.0003228275891243328,0.0
2010-06-15,0.025254262509577467,0.0
2010-06-16,-0.0024109578172476676,0.0
2010-06-17,0.00032826634451868747,0.0
2010-06-18,0.00038131943655342636,0.0
2010-06-21,-0.004422871116333299,0.0
2010-06-22,-0.01998540866989129,0.002635937786652524
2010-06-23,-0.0012755243691930022,0.0
2010-06-24,-0.01868569622744063,0.0
2010-06-25,0.007400516938393048,0.0
2010-06-28,-0.003292291777637029,0.0
2010-06-29,-0.0358775261285544,0.0
2010-06-30,-0.010891736298496976,0.0
2010-07-01,-0.0023439882662422695,0.05370450926669963
2010-07-02,-0.0068093928921000675,0.0
2010-07-06,0.0022855559601208187,0.0
2010-07-07,0.03405441789917764,0.0
2010-07-08,0.010044172435217468,0.0
2010-07-09,0.009102213256363859,0.0
2010-07-12,-0.002303701015261889,0.0
2010-07-13,0.01948684082259482,0.0
2010-07-14,-0.0016398414342927935,0.0
2010-07-15,0.0009707580242208334,0.0
2010-07-16,-0.03129508271851601,0.0
2010-07-19,0.00770136741890922,0.0
2010-07-20,0.014092644387494954,0.0
2010-07-21,-0.014727220204262254,0.0
2010-07-22,0.025537609027258497,0.0
2010-07-23,0.012008879785024212,0.0
2010-07-26,0.014595083298436555,0.0
2010-07-27,-0.0059283606057019145,0.0
2010-07-28,-0.0091469220972992,0.0
2010-07-29,-0.004187395360224768,0.0
2010-07-30,0.001161191311474696,0.0
2010-08-02,0.02207842531325288,0.05978174643978164
2010-08-03,-0.007792817011790256,0.0
2010-08-04,0.007924600776244765,0.0
2010-08-05,-0.0019027847578063461,0.0
2010-08-06,-0.004275881341103604,0.0
2010-08-09,0.00715413849186738,0.0
2010-08-10,-0.008063363089042437,0.0
2010-08-11,-0.03126100029403987,0.0
2010-08-12,-0.005422598459820552,0.0
2010-08-13,-0.0036189243649941178,0.0
2010-08-16,-0.00030688293359057916,0.0
2010-08-17,0.016029412712999874,0.0
2010-08-18,0.0021034225845296003,0.0
2010-08-19,-0.016832380153905445,0.0
2010-08-20,-0.001869435141003761,0.0
2010-08-23,-0.005466336633272444,0.0
2010-08-24,-0.015310251339384724,0.0
2010-08-25,0.005035038946032102,0.0
2010-08-26,-0.007441410706218077,0.0
2010-08-27,0.01934091624720231,0.0
2010-08-30,-0.01705381362513134,0.0
2010-08-31,-0.0007748480730145074,0.0
2010-09-01,0.03267126711091173,0.05601562771659641
2010-09-02,0.01294492415624306,0.0
2010-09-03,0.014656217618366428,0.0
2010-09-07,-0.014210256381251294,0.0
2010-09-08,0.006622410767210405,0.0
2010-09-09,0.004025982922659871,0.0
2010-09-10,0.0051375766265595955,0.0
2010-09-13,0.013638201486024229,0.0
2010-09-14,-0.0005610733621514381,0.0
2010-09-15,0.0032330402883005388,0.0
2010-09-16,-0.0019834859446160842,0.0
2010-09-17,0.0020281360791470056,0.0
2010-09-20,0.018317167223521807,0.0
2010-09-21,-0.004638591448941743,0.0
2010-09-22,-0.007559107283749816,0.0
2010-09-23,-0.008707617928016251,0.0
2010-09-24,0.025181765742847646,0.0
2010-09-27,-0.005699409696148201,0.0
2010-09-28,0.008149882072828343,0.0
2010-09-29,-0.0015169442679163342,0.0
2010-09-30,-0.001978585611604188,0.0
2010-10-01,0.003405701286899987,0.047591937465231715
2010-10-04,-0.008695783765343546,0.0
2010-10-05,0.02176889704743224,0.0
2010-10-06,-0.0038340402933215233,0.0
2010-10-07,-0.0011825360125772445,0.0
2010-10-08,0.00764428556417981,0.0
2010-10-11,0.0016575132977690189,0.0
2010-10-12,0.0028798799577273086,0.0
2010-10-13,0.008327737722821795,0.0
2010-10-14,-0.005443837548127837,0.0
2010-10-15,0.0015781533961804434,0.0
2010-10-18,0.0050885407057584715,0.0
2010-10-19,-0.016452715768942604,0.0
2010-10-20,0.010819880451971142,0.0
2010-10-21,0.0008464641397159358,0.0
2010-10-22,0.003222607856961215,0.0
2010-10-25,0.003387813260832653,0.0
2010-10-26,-0.0016979380016748855,0.0
2010-10-27,-0.0017224467783387828,0.0
2010-10-28,-0.0007478596248156948,0.0
2010-10-29,0.0027843142657395627,0.0
2010-11-01,-0.0006937812670707588,0.04898655132356573
2010-11-02,0.009548039250823606,0.0
2010-11-03,0.002365883917230028,0.0
2010-11-04,0.02087268307596659,0.0
2010-11-05,0.0059121452402866054,0.0
2010-11-08,-0.0016742691569230624,0.0
2010-11-09,-0.01075906686332817,0.002405205187591236
2010-11-10,0.005318505207818628,0.0
2010-11-11,-0.001127123631464757,0.0
2010-11-12,-0.013130145217249211,0.0
2010-11-15,-0.0010561655526599685,0.0
2010-11-16,-0.01755646558096703,0.0
2010-11-17,0.0021913373340389604,0.0
2010-11-18,0.014272787793350013,0.0
2010-11-19,0.0037565824831294566,0.0
2010-11-22,0.0012517943963220564,0.0
2010-11-23,-0.013761907597471479,0.0
2010-11-24,0.01727987169606731,0.0
2010-11-26,-0.007215648980522289,0.0
2010-11-29,-0.001540618366882278,0.0
2010-11-30,-0.00446043474573095,0.0
2010-12-01,0.02221876935932343,0.05154061497255009
2010-12-02,0.014819983586526293,0.0
2010-12-03,0.003466071060684565,0.0
2010-12-06,-0.0014561086597398754,0.0
2010-12-07,0.0009293356903123699,0.0
2010-12-08,0.003137048070909326,0.0
2010-12-09,0.004361424574633241,0.0
2010-12-10,0.007614671277665088,0.0
2010-12-13,-0.0013798533191327507,0.0
2010-12-14,1.6008830973890148e-05,0.0
2010-12-15,-0.005145383010989054,0.0
2010-12-16,0.00809349958274027,0.0
2010-12-17,0.0030775680072009934,0.0
2010-12-20,0.002996291733646128,0.00788149844634086
2010-12-21,0.0070168787783903026,0.0
2010-12-22,0.0031587760550242055,0.0
2010-12-23,-0.0030130322906433767,0.0
2010-12-27,0.0011269889112748613,0.0
2010-12-28,-0.0003895124370749465,0.0
2010-12-29,0.0014298211604308819,0.0
2010-12-30,-0.0008858448567090057,0.0
2010-12-31,-0.0011148989508270783,0.0
2011-01-03,0.011170950777936284,0.06482758401280368
2011-01-04,-0.0057174360286573874,0.0
2011-01-05,0.005796797125627972,0.0
2011-01-06,-0.001962714348519261,0.0
2011-01-07,-0.0018010224285575707,0.0
2011-01-10,-0.000394912939503219,0.0
2011-01-11,0.0039037838373958736,0.0
2011-01-12,0.009092101591950515,0.0
2011-01-13,-0.0013316067725545068,0.0
2011-01-14,0.007272973613265881,0.0
2011-01-18,0.0030177903588583855,0.0
2011-01-19,-0.012963163056414824,0.0
2011-01-20,-0.0014306675434003929,0.0
2011-01-21,0.0004318802149388824,0.0
2011-01-24,0.0062420994881509,0.0
2011-01-25,-0.0006896626102134926,0.0
2011-01-26,0.006710705049105,0.0
2011-01-27,0.0039935392190012615,0.0
2011-01-28,-0.019267143194351764,0.0
2011-01-31,0.007866693645674742,0.0
2011-02-01,0.015036957850424137,0.05400874218417509
2011-02-02,-0.0031465874904376984,0.0
2011-02-03,0.004490728469600783,0.0
2011-02-04,0.0058571127315527535,0.0
2011-02-07,0.006263480136607127,0.0
2011-02-08,0.004356095003373908,0.0
2011-02-09,-0.0024705725357737273,0.0
2011-02-10,0.00372131787620544,0.0
2011-02-11,0.006757370317067107,0.0
2011-02-14,0.0013117370974039834,0.0
2011-02-15,-0.003332795531775425,0.0
2011-02-16,0.008264709945245651,0.0
2011-02-17,0.004244013117568272,0.0
2011-02-18,0.00158519747707011,0.0
2011-02-22,-0.023759685311357564,0.0
2011-02-23,-0.010240047451912078,0.0
2011-02-24,0.0011999509216696353,0.0
2011-02-25,0.01344797808212548,0.0
2011-02-28,0.0045433460788671266,0.0
2011-03-01,-0.017120510487177,0.05386150501813107
2011-03-02,0.0029793645685110837,0.0
2011-03-03,0.018450812842794588,0.0
2011-03-04,-0.006881814420912289,0.0
2011-03-07,-0.00960646840339002,0.0
2011-03-08,0.010882339183588096,0.0
2011-03-09,-0.0011811347923402814,0.0
2011-03-10,-0.018527693745428692,0.0
2011-03-11,0.008759687386896947,0.0
2011-03-14,-0.007157686147181432,0.0
2011-03-15,-0.009788711500863231,0.0
2011-03-16,-0.015823783257452692,0.0
2011-03-17,0.010922831905523171,0.0
2011-03-18,0.005396856950130337,0.0
2011-03-21,0.01483353616890836,0.0
2011-03-22,-0.004666960022574148,0.0
2011-03-23,0.003555867714605985,0.0
2011-03-24,0.010683282923320301,0.0
2011-03-25,0.0036160545015585474,0.0
2011-03-28,-0.004142764250133556,0.0
2011-03-29,0.007914327573184046,0.0
2011-03-30,0.008738486142423247,0.0
2011-03-31,-0.0007711840260677093,0.0
2011-04-01,0.0061550299154395915,0.04375890800375622
2011-04-04,-0.00012388252214299615,0.0
2011-04-05,0.0006825753656488171,0.0
2011-04-06,0.0022545893257717143,0.0
2011-04-07,-0.0025217457274561467,0.0
2011-04-08,-0.0057865581001387955,0.0
2011-04-11,-0.003201977151556859,0.0
2011-04-12,-0.006561866031308372,0.0
2011-04-13,0.0010901442262033238,0.0
2011-04-14,0.001004372871140494,0.0
2011-04-15,0.006429793987150392,0.0
2011-04-18,-0.011456215291678938,0.0
2011-04-19,0.005207462567952178,0.0
2011-04-20,0.014513682889482729,0.0
2011-04-21,0.005249308277333572,0.0
2011-04-25,-0.001654945092341397,0.0
2011-04-26,0.008392300162370026,0.0024453835143153036
2011-04-27,0.0053180124165260155,0.0
2011-04-28,0.002938326652885043,0.0
2011-04-29,0.001139401877573281,0.0
2011-05-02,-0.0014713338543498322,0.042330051263556136
2011-05-03,-0.0050867242448696505,0.0
2011-05-04,-0.006837067816024271,0.0
2011-05-05,-0.004773863053680008,0.0
2011-05-06,0.004287511722026229,0.0
2011-05-09,0.004901744059394635,0.0
2011-05-10,0.010043278394888274,0.0
2011-05-11,-0.00993239737856165,0.0
2011-05-12,0.006689413619022136,0.0
2011-05-13,-0.008236846813160404,0.0
2011-05-16,-0.00536489199666585,0.0
2011-05-17,-0.001488824907684618,0.0
2011-05-18,0.010442930006964259,0.0
2011-05-19,0.0023319763781016922,0.0
2011-05-20,-0.007933684836627588,0.0
2011-05-23,-0.013098872075940203,0.0
2011-05-24,-0.0021794232046378204,0.0022640600061669364
2011-05-25,0.0027524261767329352,0.0
2011-05-26,0.005562532510523743,0.0
2011-05-27,0.004862328340285919,0.0
2011-05-31,0.00892673322094764,0.0
2011-06-01,-0.02444211111409733,0.043432534638340535
2011-06-02,-0.0011241657825053362,0.0
2011-06-03,-0.012570128455289932,0.0
2011-06-06,-0.012261292177077537,0.0
2011-06-07,0.0015892488342969897,0.0
2011-06-08,-0.007057666145541639,0.0
2011-06-09,0.007846954993565474,0.0
2011-06-10,-0.014879749934484177,0.0
2011-06-13,-0.0005872615902325402,0.0
2011-06-14,0.015189185270752234,0.0
2011-06-15,-0.017788681257161022,0.0
2011-06-16,0.0010576146764516244,0.0
2011-06-17,0.004381857948257233,0.0
2011-06-20,0.006984665716153397,0.0
2011-06-21,0.015308193623433046,0.0
2011-06-22,-0.00659615292179841,0.0
2011-06-23,-0.001924524382320903,0.0
2011-06-24,-0.010860417985526734,0.0
2011-06-27,0.00771078957006179,0.0
2011-06-28,0.014194706085245071,0.0
2011-06-29,0.008275331455310965,0.0
2011-06-30,0.009204720415505189,0.0
2011-07-01,0.015580842539610895,0.03942122103774526
2011-07-05,-0.0033823794594905043,0.0
2011-07-06,0.0011207148975211198,0.0
2011-07-07,0.011921272853026233,0.0
2011-07-08,-0.009098144529630963,0.0
2011-07-11,-0.020688003300908735,0.0
2011-07-12,-0.004213249062959217,0.0
2011-07-13,0.0020489391766308433,0.0
2011-07-14,-0.009900932326783456,0.0
2011-07-15,0.005306507865556598,0.0
2011-07-18,-0.011634597706507977,0.0
2011-07-19,0.01666818052462149,0.0
2011-07-20,-0.00014398449790698934,0.0
2011-07-21,0.013812822419039411,0.0
2011-07-22,0.0011153661959243829,0.0
2011-07-25,-0.0063078480698052705,0.0
2011-07-26,-0.004203582997603594,0.0
2011-07-27,-0.024023464768064717,0.0
2011-07-28,-0.005263465978740427,0.0
2011-07-29,-0.004966946411596661,0.0
2011-08-01,-0.00818576095372714,0.05601285326758937
2011-08-02,-0.029961300819864117,0.0
2011-08-03,0.006515494252103188,0.0
2011-08-04,-0.05129927859619006,0.0
2011-08-05,-0.002422082182001438,0.0
2011-08-08,-0.07316590025766506,0.0
2011-08-09,0.05046519984824986,0.0
2011-08-10,-0.04300455573697978,0.0
2011-08-11,0.049855995489035326,0.0
2011-08-12,0.00504154163061302,0.0
2011-08-15,0.02268136007234586,0.0
2011-08-16,-0.010910351458976883,0.0
2011-08-17,-0.0019169912915515818,0.0
2011-08-18,-0.04862439320389638,0.0
2011-08-19,-0.014440347229228516,0.0
2011-08-22,0.0017493243849583677,0.0
2011-08-23,0.03538087919227791,0.0
2011-08-24,0.015055413397406455,0.0
2011-08-25,-0.018811594167240563,0.0
2011-08-26,0.018237042470937017,0.0
2011-08-29,0.034000258258489305,0.0
2011-08-30,0.004439352364457549,0.0
2011-08-31,0.006544292891028859,0.0
2011-09-01,-0.01475568827207041,0.06911897492516642
2011-09-02,-0.0286482974081331,0.0
2011-09-06,-0.00880058740318928,0.0
2011-09-07,0.03521004868198423,0.0
2011-09-08,-0.013369203343861982,0.0
2011-09-09,-0.027395552730526913,0.0
2011-09-12,0.006280117959772321,0.0
2011-09-13,0.013010014827797099,0.0
2011-09-14,0.015808897707513342,0.0
2011-09-15,0.017303116943761812,0.0
2011-09-16,0.0039041367147883235,0.0
2011-09-19,-0.013008001789626899,0.0
2011-09-20,-0.004737936742000276,0.0
2011-09-21,-0.03353185761550573,0.0
2011-09-22,-0.03360876002005528,0.0
2011-09-23,0.008546714634960585,0.0
2011-09-26,0.02383978824596382,0.0
2011-09-27,0.012932485380095116,0.0
2011-09-28,-0.026320008203398436,0.0
2011-09-29,0.008593128388988788,0.0
2011-09-30,-0.02838406526450407,0.0
2011-10-03,-0.03511710530552348,0.07725304688591558
2011-10-04,0.0300772764663575,0.0
2011-10-05,0.021868666241622384,0.0
2011-10-06,0.02401535742936948,0.0
2011-10-07,-0.012918700506789862,0.0
2011-10-10,0.03651469147358889,0.0
2011-10-11,0.0011138581124060434,0.0
2011-10-12,0.012291564631273788,0.0022013762832875303
2011-10-13,-0.003724909729653012,0.0
2011-10-14,0.01664943757012156,0.0
2011-10-17,-0.024141215208735696,0.0
2011-10-18,0.025971520800866742,0.0
2011-10-19,-0.014183193460783998,0.0
2011-10-20,0.0068404733422857975,0.0
2011-10-21,0.024100999014732137,0.0
2011-10-24,0.020306529431135263,0.0
2011-10-25,-0.02428229186135139,0.0
2011-10-26,0.012395401744527017,0.0
2011-10-27,0.041468368110383624,0.0
2011-10-28,0.0021730785748529297,0.0
2011-10-31,-0.027627520702621224,0.0
2011-11-01,-0.031554981604948185,0.07155900798260745
2011-11-02,0.019236369788585287,0.0
2011-11-03,0.02050507167887846,0.0
2011-11-04,-0.0038956586912175218,0.0
2011-11-07,0.004463993517688714,0.0
2011-11-08,0.011934651279492461,0.0
2011-11-09,-0.04087959286905282,0.0
2011-11-10,0.009326725220603786,0.0
2011-11-11,0.022050329162221667,0.0
2011-11-14,-0.010960912623420499,0.0
2011-11-15,0.00545148959972345,0.0
2011-11-16,-0.016318774778424548,0.0
2011-11-17,-0.020116023076167597,0.0
2011-11-18,8.010084199682919e-05,0.0
2011-11-21,-0.018883424631788825,0.0024525220847145994
2011-11-22,-0.006351288587039222,0.0
2011-11-23,-0.024383865623326527,0.0
2011-11-25,-0.0012720599895337742,0.0
2011-11-28,0.030938993000357753,0.0
2011-11-29,0.0015352152577316602,0.0
2011-11-30,0.046978899442200475,0.0
2011-12-01,-0.0025100049094526344,0.043288151875193234
2011-12-02,-0.0011188682158792319,0.0
2011-12-05,0.01295814997923464,0.0
2011-12-06,-0.00074376437427697,0.0
2011-12-07,0.0012979923896770872,0.0
2011-12-08,-0.024624171982966743,0.0
2011-12-09,0.01901498600214466,0.0
2011-12-12,-0.01575164977348198,0.0
2011-12-13,-0.013383139019861046,0.0
2011-12-14,-0.01239540117260959,0.0
2011-12-15,0.005860615433847638,0.005002463309861817
2011-12-16,0.00416771763133649,0.0
2011-12-19,-0.014909745921074,0.0
2011-12-20,0.033236152713814776,0.0
2011-12-21,0.0035099093984027885,0.002446189672414168
2011-12-22,0.010798885043110175,0.0
2011-12-23,0.007682372639688967,0.0
2011-12-27,0.0001672518852672153,0.0
2011-12-28,-0.014176338970561008,0.0
2011-12-29,0.01188644207226646,0.0
2011-12-30,-0.004233218377818574,0.0
2012-01-03,0.014291204347450792,0.04982192619595111
2012-01-04,-0.00093748906815011,0.0
2012-01-05,0.004490159124605846,0.0
2012-01-06,-0.0014363083015348733,0.0
2012-01-09,0.0035261308516443602,0.0
2012-01-10,0.012205257606396458,0.0
2012-01-11,0.0010147914053436425,0.0
2012-01-12,0.0034315308589945833,0.0
2012-01-13,-0.006558930695934269,0.0
2012-01-17,0.0038115375425143948,0.0
2012-01-18,0.014434732031929022,0.0
2012-01-19,0.008013033755231904,0.0
2012-01-20,-0.0015493769848452274,0.0
2012-01-23,0.0007244044151888822,0.0
2012-01-24,0.0015381902572703101,0.0
2012-01-25,0.008831752515913631,0.0
2012-01-26,-0.006310340416304608,0.0
2012-01-27,7.666109205719515e-05,0.0
2012-01-30,-0.005587804144437735,0.0
2012-01-31,-0.0004052449758808821,0.0
2012-02-01,0.012749224037099438,0.0565670756086958
2012-02-02,0.0020554248151174784,0.0
2012-02-03,0.01778729182047973,0.0
2012-02-06,-0.0024098731660003826,0.0
2012-02-07,0.0014892285373577134,0.0
2012-02-08,0.0028170191720797095,0.0
2012-02-09,0.0030398938023513808,0.0
2012-02-10,-0.008589668232391587,0.0
2012-02-13,0.006341235518021062,0.0
2012-02-14,-0.0012626799565406731,0.0
2012-02-15,-0.002921177104789649,0.0
2012-02-16,0.01212590232115782,0.0
2012-02-17,0.0024143063292528773,0.0
2012-02-21,-0.0030924615768853146,0.0
2012-02-22,-0.004251181894929193,0.0
2012-02-23,0.005351930189071054,0.0
2012-02-24,0.0012295071146323179,0.0
2012-02-27,0.000967012976859904,0.0
2012-02-28,4.754070503253669e-05,0.0
2012-02-29,-0.005817197708501863,0.0
2012-03-01,0.006052019347714044,0.048715435855871736
2012-03-02,-0.0052216006322480645,0.0
2012-03-05,-0.004994948647638631,0.0
2012-03-06,-0.017382791071177704,0.0
2012-03-07,0.00823419508369894,0.0
2012-03-08,0.011820994540386305,0.0
2012-03-09,0.006004360128442861,0.0
2012-03-12,-0.0017924814018022406,0.0
2012-03-13,0.01870962732157609,0.0
2012-03-14,-0.0036379338468300795,0.0
2012-03-15,0.008631754672752604,0.0
2012-03-16,0.0006240757017310292,0.0
2012-03-19,0.0025591511126577204,0.0
2012-03-20,-0.0051654834376013165,0.0
2012-03-21,-0.0004499212641880659,0.0
2012-03-22,-0.008665292031102325,0.0
2012-03-23,0.0033349398850512912,0.0024876472557766338
2012-03-26,0.013724111050835042,0.0
2012-03-27,-0.00239909614888234,0.0
2012-03-28,-0.0072369658251924185,0.0
2012-03-29,-0.0013237012990843977,0.0
2012-03-30,0.003420098799011116,0.0
2012-04-02,0.007508735843540615,0.04007783184384412
2012-04-03,-0.005037726543941157,0.0
2012-04-04,-0.010362841013357252,0.0
2012-04-05,-0.0024448814907481325,0.0
2012-04-09,-0.013386955499255409,0.0
2012-04-10,-0.018667715594072418,0.0
2012-04-11,0.010450516910557997,0.0
2012-04-12,0.016334441546600877,0.0
2012-04-13,-0.011968386654161892,0.0
2012-04-16,-2.9165229966001424e-05,0.0
2012-04-17,0.01479900425227197,0.0
2012-04-18,-0.004951900034216211,0.0
2012-04-19,-0.0034053227115978476,0.0
2012-04-20,0.001667194910107723,0.0
2012-04-23,-0.010217443711651467,0.0
2012-04-24,0.003031381725050823,0.0
2012-04-25,0.012544948803069628,0.0
2012-04-26,0.007171081389976852,0.0
2012-04-27,0.003115022018049998,0.0
2012-04-30,-0.003534093875799455,0.0
2012-05-01,0.005691663126426771,0.057764308829915116
2012-05-02,-0.0028413778368836912,0.0
2012-05-03,-0.009764723178417332,0.0
2012-05-04,-0.016490628816405825,0.0
2012-05-07,-0.000545505903107794,0.0
2012-05-08,-0.005181206428608615,0.0
2012-05-09,-0.005134602893256306,0.0
2012-05-10,0.0009922384016375356,0.0
2012-05-11,-0.0018159832830106685,0.0
2012-05-14,-0.011460093648572787,0.0
2012-05-15,-0.007458077239000568,0.0
2012-05-16,-0.006834730855673286,0.0
2012-05-17,-0.018640446930039092,0.0
2012-05-18,-0.009054395968147933,0.0
2012-05-21,0.018506605870808948,0.0
2012-05-22,0.0008623358476529538,0.0
2012-05-23,0.003906295166586581,0.0
2012-05-24,0.0007185238188627897,0.0
2012-05-25,0.0008148544981833824,0.0
2012-05-29,0.012621036494059077,0.0
2012-05-30,-0.018247828299118175,0.0
2012-05-31,-0.0029620392023983703,0.0
2012-06-01,-0.028048080908949502,0.06504526596010345
2012-06-04,-0.0020152199088584026,0.0
2012-06-05,0.01023383506073805,0.002407850459773198
2012-06-06,0.02459834140764336,0.0
2012-06-07,-0.0019308200311767044,0.0
2012-06-08,0.008043623492435753,0.0
2012-06-11,-0.01596044157051529,0.0
2012-06-12,0.012744679283441003,0.0
2012-06-13,-0.01025398490608283,0.0
2012-06-14,0.010124160428651665,0.0
2012-06-15,0.012090601528751667,0.0
2012-06-18,0.0024398087247422305,0.0
2012-06-19,0.011782145878927362,0.0
2012-06-20,-0.0017735906099092653,0.0
2012-06-21,-0.025201509153469435,0.0
2012-06-22,0.006546636316333666,0.0
2012-06-25,-0.01795365575033386,0.0
2012-06-26,0.004947476889176981,0.0
2012-06-27,0.00993939876989239,0.0
2012-06-28,5.4682109714282434e-05,0.0
2012-06-29,0.027565785708307596,0.0
2012-07-02,0.0014900885255526575,0.044856190938088666
2012-07-03,0.00882816435645947,0.0
2012-07-05,-0.0037626113779003685,0.0
2012-07-06,-0.011366829748771713,0.0
2012-07-09,-0.005057382796292386,0.0
2012-07-10,-0.009897676153317454,0.0
2012-07-11,0.00027790662450044655,0.0
2012-07-12,-0.005725579122204741,0.0
2012-07-13,0.015884328083972856,0.0
2012-07-16,-0.0037441615091049416,0.0
2012-07-17,0.007302313661104195,0.0
2012-07-18,0.008774932155707267,0.0
2012-07-19,0.0042824468875031834,0.0
2012-07-20,-0.012699108915656432,0.0
2012-07-23,-0.011006424213277334,0.0
2012-07-24,-0.010627851684134862,0.0
2012-07-25,-0.00029260761963464444,0.0
2012-07-26,0.01733075075019399,0.0
2012-07-27,0.022184066799961415,0.0
2012-07-30,-0.0022568186072727246,0.0
2012-07-31,-0.006192691743818708,0.0
2012-08-01,-0.004532006741013284,0.05819246117518499
2012-08-02,-0.00757690261255144,0.0
2012-08-03,0.022116500865774307,0.0
2012-08-06,0.004150060344065967,0.0
2012-08-07,0.009483740091668351,0.0
2012-08-08,0.0026479118002446923,0.0
2012-08-09,0.0017471080260949598,0.0
2012-08-10,0.0020015441130137807,0.0
2012-08-13,-0.0017281647943945132,0.0
2012-08-14,-0.0018171082095155059,0.0
2012-08-15,0.003963486801468345,0.0
2012-08-16,0.009293951723571846,0.0
2012-08-17,0.0028804327285842854,0.0
2012-08-20,-0.0008393376793221778,0.0
2012-08-21,-0.0013141861383435453,0.0
2012-08-22,-0.0014426923501208526,0.0
2012-08-23,-0.008889016214657427,0.0
2012-08-24,0.005544183522269201,0.0
2012-08-27,-0.0016812019553789123,0.0
2012-08-28,-0.0005003470357001146,0.0
2012-08-29,0.0021343773560025224,0.0
2012-08-30,-0.008049173658483167,0.0
2012-08-31,0.005110718437899937,0.0
2012-09-04,-0.0015038824583194499,0.04706862468363576
2012-09-05,-0.00106628521626586,0.0
2012-09-06,0.022085751863592643,0.0
2012-09-07,0.006445868312601884,0.0
2012-09-10,-0.004764720684754306,0.0
2012-09-11,0.005169712027219539,0.0
2012-09-12,0.004040250468242676,0.0
2012-09-13,0.014694107006120501,0.0
2012-09-14,0.007618776980309126,0.0
2012-09-17,-0.00704373250354046,0.0
2012-09-18,-0.003365339919043278,0.0
2012-09-19,0.0022264893787076866,0.0
2012-09-20,-0.002821133194723943,0.0
2012-09-21,-0.00047150684217412623,0.0
2012-09-24,-0.0030695106276909406,0.0
2012-09-25,-0.01370177615395092,0.0
2012-09-26,-0.00563127185863288,0.0025220064821436165
2012-09-27,0.009971312059816467,0.0
2012-09-28,-0.003766116501533732,0.0
2012-10-01,0.0018286539305476524,0.03935623560047011
2012-10-02,0.0016480967843769932,0.0
2012-10-03,0.0025261528161828768,0.0
2012-10-04,0.008924332261596276,0.0
2012-10-05,0.00048774667083038365,0.0
2012-10-08,-0.0020457801445857484,0.0
2012-10-09,-0.009497500194221353,0.0
2012-10-10,-0.006150406895915962,0.0
2012-10-11,0.004178487656731076,0.0
2012-10-12,-0.0046652406663393355,0.0
2012-10-15,0.007744113628404121,0.0
2012-10-16,0.01119305305792899,0.0
2012-10-17,0.005437188304852412,0.0
2012-10-18,0.0007218338635880666,0.0
2012-10-19,-0.01635476260168747,0.0
2012-10-22,-5.522354937274323e-05,0.0
2012-10-23,-0.011366951638295805,0.0
2012-10-24,-0.005295542338093593,0.0
2012-10-25,0.0038752995120034245,0.0
2012-10-26,-0.0005884543840474938,0.0
2012-10-31,0.002534607309036505,0.0
2012-11-01,0.014338686720641203,0.05526719569580116
2012-11-02,-0.009623534104145409,0.0
2012-11-05,0.0031707112038022894,0.0
2012-11-06,0.010002289009046778,0.0
2012-11-07,-0.021412652958003632,0.0
2012-11-08,-0.012769898235405178,0.0
2012-11-09,0.000576403722769509,0.0
2012-11-12,0.0013448265514333852,0.0
2012-11-13,-0.003068043726651089,0.0
2012-11-14,-0.013290788616725396,0.0
2012-11-15,-0.00027808700126376144,0.0
2012-11-16,0.005738947841961605,0.0
2012-11-19,0.017817051316856295,0.0
2012-11-20,-0.00011891850417256794,0.0
2012-11-21,0.002703835894367836,0.0
2012-11-23,0.01257435547564368,0.0
2012-11-26,-0.002608739102631768,0.0
2012-11-27,-0.004396019050105877,0.0
2012-11-28,0.0084152695148044,0.0
2012-11-29,0.004236952590448154,0.0
2012-11-30,0.0007481868377003404,0.0
2012-12-03,-0.0048743611101106366,0.045925249128501294
2012-12-04,-1.9267859228373025e-05,0.0
2012-12-05,0.0036746036331921166,0.0
2012-12-06,0.003671619211554844,0.0
2012-12-07,0.004004811524228274,0.0
2012-12-10,0.0023412334189550172,0.0
2012-12-11,0.006051494336007816,0.0
2012-12-12,0.0010417757458973953,0.0
2012-12-13,-0.004849080071508493,0.0
2012-12-14,-0.0014139386926393942,0.0
2012-12-17,0.011919568342330692,0.0
2012-12-18,0.013319765666183769,0.0
2012-12-19,-0.005348072663355338,0.0
2012-12-20,0.005425466170935467,0.0
2012-12-21,-0.008770971305969499,0.0
2012-12-24,-0.002527230518503898,0.002356025908410482
2012-12-26,-0.005727775111949126,0.0
2012-12-27,-0.0011198293021869876,0.0
2012-12-28,-0.010314820790688463,0.0
2012-12-31,0.017885191622856844,0.002314199161819258
2013-01-02,0.023538581567883687,0.04985409986233881
2013-01-03,6.81357620117633e-05,0.0
2013-01-04,0.007886111258143598,0.0
2013-01-07,-0.003872374245075261,0.0
2013-01-08,-0.004468297347405062,0.0
2013-01-09,0.003945272092901249,0.0
2013-01-10,0.006670492000211277,0.0
2013-01-11,-0.0003529321231418897,0.0
2013-01-14,0.0005333634680447816,0.0
2013-01-15,0.0040913821669278875,0.0
2013-01-16,-0.0013923512818968364,0.0
2013-01-17,0.008601844789481346,0.0
2013-01-18,0.0037438544214422106,0.0
2013-01-22,0.0064057542008141375,0.0
2013-01-23,-0.0008160213109239907,0.0
2013-01-24,0.005068679869760348,0.0
2013-01-25,0.0072913692217077605,0.0
2013-01-28,-0.0025714424322896526,0.0
2013-01-29,0.0037320083327961736,0.0
2013-01-30,-0.0035559000339586582,0.0
2013-01-31,-0.00013963820999261881,0.0
2013-02-01,0.00892932673505209,0.043816965961826077
2013-02-04,-0.010750471951994082,0.0
2013-02-05,0.010147159494699196,0.0
2013-02-06,0.002029870832195143,0.0
2013-02-07,-0.0013064087023836324,0.0024536154816650895
2013-02-08,0.005645284696163946,0.0
2013-02-11,-0.00030122771531359616,0.0
2013-02-12,0.00388527645040077,0.0
2013-02-13,0.0006038674029485028,0.0
2013-02-14,0.0018101208473985202,0.0
2013-02-15,-0.0004668791149347807,0.0
2013-02-19,0.007134659018367677,0.0
2013-02-20,-0.015320091308561878,0.0
2013-02-21,-0.007820698676460642,0.0
2013-02-22,0.009757389053723826,0.0
2013-02-25,-0.019677162595171733,0.0
2013-02-26,0.005662740609863321,0.0
2013-02-27,0.014378669030045976,0.0
2013-02-28,-0.0002019955656158756,0.0
2013-03-01,0.0024832263745557803,0.04395336480625751
2013-03-04,0.0043978236296933985,0.0
2013-03-05,0.010075796522059428,0.0
2013-03-06,0.001962768159179934,0.0
2013-03-07,0.002605456629909652,0.0
2013-03-08,0.00631028062160751,0.0
2013-03-11,0.0032428822136642437,0.0
2013-03-12,-0.0012876985547577062,0.0
2013-03-13,0.0034873049515189262,0.0
2013-03-14,0.005160251062031732,0.0
2013-03-15,-0.001935196120968287,0.0
2013-03-18,-0.005681099094426183,0.0
2013-03-19,-0.004107449900002571,0.0
2013-03-20,0.008534195200824055,0.0
2013-03-21,-0.009643341574046206,0.0
2013-03-22,0.005484514758236057,0.0
2013-03-25,-0.003080510572078452,0.0
2013-03-26,0.007952587994053047,0.0
2013-03-27,0.0001700189668528087,0.0
2013-03-28,0.006568687947742993,0.0
2013-04-01,-0.007403168022997453,0.03931066368544016
2013-04-02,0.0013703555449469382,0.0
2013-04-03,-0.011623657173658451,0.0
2013-04-04,0.005278838190616891,0.0
2013-04-05,-0.0033648241443148975,0.0
2013-04-08,0.008394112462184099,0.0
2013-04-09,0.0037066893286320486,0.0
2013-04-10,0.01229602365911727,0.0
2013-04-11,0.0050808001800695226,0.0
2013-04-12,-0.003995680999122813,0.0
2013-04-15,-0.027431210844548172,0.0
2013-04-16,0.015210568852090257,0.0
2013-04-17,-0.01571262280414866,0.0
2013-04-18,-0.005666037150978123,0.0
2013-04-19,0.009814303803436336,0.0
2013-04-22,0.0037265375669581955,0.0
2013-04-23,0.011045121682128806,0.0
2013-04-24,0.0030527236564120395,0.0
2013-04-25,0.00618229585942167,0.0
2013-04-26,-0.004404154304178787,0.0
2013-04-29,0.007110668767239779,0.0
2013-04-30,0.0034862607746277427,0.0
2013-05-01,-0.009679095296766471,0.04985286898473684
2013-05-02,0.010395047721981394,0.0
2013-05-03,0.012522221767691466,0.0023529827059607174
2013-05-06,0.002288956291118753,0.0
2013-05-07,0.0062577149089022704,0.0
2013-05-08,0.006080375166359349,0.0
2013-05-09,-0.003005673422483708,0.0
2013-05-10,0.006489200022242379,0.0
2013-05-13,-0.0020162759227046897,0.0
2013-05-14,0.01239954971796555,0.0
2013-05-15,0.006276926275120954,0.0
2013-05-16,-0.006708072251469054,0.0
2013-05-17,0.012177561685424151,0.0
2013-05-20,8.40454489957562e-05,0.0
2013-05-21,0.0010049085464856678,0.0
2013-05-22,-0.012252747543092121,0.0
2013-05-23,-0.0019823939060776815,0.0
2013-05-24,-0.002428697484392264,0.0
2013-05-28,0.0069251613898991555,0.0
2013-05-29,-0.008665543788391747,0.0
2013-05-30,0.005314383104958621,0.0
2013-05-31,-0.013208221593059465,0.0
2013-06-03,0.0027901190553718536,0.0603662732469153
2013-06-04,-0.006098762291026544,0.0
2013-06-05,-0.014030773487246417,0.0
2013-06-06,0.009596280417633433,0.0
2013-06-07,0.013886963635670213,0.0023849388945088906
2013-06-10,-0.0007729822727419006,0.0
2013-06-11,-0.011050626309562961,0.0
2013-06-12,-0.009406801969365238,0.0
2013-06-13,0.018002802964412416,0.0
2013-06-14,-0.005566270561105768,0.0
2013-06-17,0.00842839517113149,0.0
2013-06-18,0.007703021900767909,0.0
2013-06-19,-0.014322573101373935,0.0
2013-06-20,-0.025638130859824138,0.002327860734365465
2013-06-21,0.002597688482233516,0.0
2013-06-24,-0.012200109838738017,0.0
2013-06-25,0.011183031279919889,0.0
2013-06-26,0.009062326388091723,0.0
2013-06-27,0.009255612652440248,0.0
2013-06-28,-0.0032390773208423873,0.002094799117639597
2013-07-01,0.00659025392188739,0.04098419189136598
2013-07-02,-0.0019214468131615444,0.0
2013-07-03,-0.0004560085152318583,0.0
2013-07-05,0.010571594070486683,0.0
2013-07-08,0.0050864592946077355,0.0
2013-07-09,0.0080737850937726,0.0
2013-07-10,0.001598991173445205,0.0
2013-07-11,0.015082412680154934,0.0
2013-07-12,0.0030656743182385583,0.0
2013-07-15,0.0016532008127465763,0.0
2013-07-16,-0.004720119325521155,0.0
2013-07-17,0.0022743395433243415,0.0
2013-07-18,0.006854730437356876,0.0
2013-07-19,0.002076533593907629,0.0
2013-07-22,0.0018970314624961412,0.0
2013-07-23,-0.0018413168888432386,0.0
2013-07-24,-0.006965264508810169,0.0
2013-07-25,0.005444849457268518,0.0
2013-07-26,0.0005508703300111861,0.0
2013-07-29,-0.003680994854037786,0.0
2013-07-30,0.002408694011895759,0.0
2013-07-31,0.0016303944317323192,0.0
2013-08-01,0.015339616403375445,0.049558520745257406
2013-08-02,0.0008553752933462608,0.0
2013-08-05,-0.0011990902332510037,0.0
2013-08-06,-0.0057131264679902635,0.0
2013-08-07,-0.005214412687397991,0.0
2013-08-08,0.005858465450644814,0.0
2013-08-09,-0.0009092081310508299,0.0
2013-08-12,-0.0012568421305941724,0.0
2013-08-13,0.001742044958965484,0.0
2013-08-14,-0.005046700318378626,0.0
2013-08-15,-0.014859107329281977,0.0
2013-08-16,-0.0036655845279864804,0.0
2013-08-19,-0.008171803883825504,0.0
2013-08-20,0.008049804625912238,0.0
2013-08-21,-0.0066438123285874,0.0
2013-08-22,0.010591631488167462,0.0
2013-08-23,0.003208477663464996,0.0
2013-08-26,-0.004023829166913646,0.0
2013-08-27,-0.018041600534293725,0.0
2013-08-28,0.0016575219330162935,0.0
2013-08-29,0.0029000478754269065,0.0
2013-08-30,-0.004103056011651465,0.0
2013-09-03,0.004681897767011334,0.037617403951003284
2013-09-04,0.009478382834821955,0.0
2013-09-05,0.0023553259331346487,0.0
2013-09-06,0.000967600072869025,0.0
2013-09-09,0.012144515001320341,0.0
2013-09-10,0.008176029960260234,0.0023167315762894166
2013-09-11,0.003436706653224402,0.0
2013-09-12,-0.004327864239392017,0.0
2013-09-13,0.0030197761139202227,0.0
2013-09-16,0.0070421379442057504,0.0
2013-09-17,0.004489160281895997,0.0
2013-09-18,0.012381442146008021,0.0
2013-09-19,-0.002009704022836173,0.0
2013-09-20,-0.008368239198213797,0.0
2013-09-23,-0.005357100327524496,0.0
2013-09-24,2.037194805867097e-05,0.0
2013-09-25,-0.002402061216355042,0.0
2013-09-26,0.003075314432980346,0.0
2013-09-27,-0.004847868080486834,0.0
2013-09-30,-0.004437065066240729,0.0
2013-10-01,0.008256691195615895,0.03966411682489325
2013-10-02,-0.00037007876159399726,0.0
2013-10-03,-0.009162683165005014,0.0
2013-10-04,0.0079694325415743,0.0
2013-10-07,-0.009433582714347875,0.0
2013-10-08,-0.012401521648508454,0.0
2013-10-09,0.0006014366968260369,0.0
2013-10-10,0.022185030594422298,0.0
2013-10-11,0.006619426721112789,0.0
2013-10-14,0.003257581963295869,0.0
2013-10-15,-0.008703921166185413,0.0
2013-10-16,0.013351499865846859,0.0
2013-10-17,0.008677969303348045,0.0
2013-10-18,0.005179210759049821,0.0
2013-10-21,-0.000607600843087605,0.0
2013-10-22,0.0063776188503351025,0.0
2013-10-23,-0.005104335825584571,0.0
2013-10-24,0.0027416446656191307,0.0
2013-10-25,0.005384275170095258,0.0
2013-10-28,0.0001660618771393843,0.0
2013-10-29,0.00638342508870212,0.0
2013-10-30,-0.006262081047650249,0.0
2013-10-31,-0.0028179987772405666,0.0
2013-11-01,0.0034681074799525202,0.0530959754149649
2013-11-04,0.00539001431425066,0.0
2013-11-05,-0.0036843063399634446,0.0
2013-11-06,0.0027844989805878976,0.0
2013-11-07,-0.014359085809694704,0.0
2013-11-08,0.013016777760448798,0.0
2013-11-11,0.00139590684718065,0.0
2013-11-12,-0.002304210810479869,0.0
2013-11-13,0.009279635419804623,0.0
2013-11-14,0.005251545332271816,0.0
2013-11-15,0.004004509393520437,0.0
2013-11-18,-0.005327489614383143,0.0
2013-11-19,-0.00369144215419927,0.0
2013-11-20,-0.003645457506854524,0.0
2013-11-21,0.00885942649544352,0.0
2013-11-22,0.00426676486456783,0.0
2013-11-25,-0.001899892017360934,0.0
2013-11-26,0.0006261749137372976,0.0
2013-11-27,0.0028682814558235402,0.0
2013-11-29,-0.001692779822182855,0.0028877634641044253
2013-12-02,-0.002580731280658166,0.041887628353667924
2013-12-03,-0.003232075353817506,0.0
2013-12-04,-0.0009780556038156973,0.0023973243074834664
2013-12-05,-0.00427986659206828,0.0
2013-12-06,0.011707549272601276,0.0
2013-12-09,0.0013826527751213428,0.0
2013-12-10,-0.0025915391297359003,0.0
2013-12-11,-0.012873696410205943,0.0
2013-12-12,-0.002598359572941372,0.0
2013-12-13,0.0015303226699976244,0.0
2013-12-16,0.006807877903310415,0.0
2013-12-17,-0.001242838858225896,0.0
2013-12-18,0.01496901363654434,0.0
2013-12-19,-0.00090960054715572,0.004641676447850712
2013-12-20,0.006585520453094228,0.0
2013-12-23,0.004605067778099615,0.0
2013-12-24,0.0037383331910074077,0.0
2013-12-26,0.0033773265666726857,0.0
2013-12-27,0.0005145580592270456,0.0
2013-12-30,0.0013078528959064649,0.0
2013-12-31,0.003227732600486371,0.0
2014-01-02,-0.009806112397160116,0.03939753092825021
2014-01-03,0.0007382226478177395,0.0
2014-01-06,-0.0037529827589302244,0.0
2014-01-07,0.006619590377405267,0.0
2014-01-08,0.0007829000414315354,0.0
2014-01-09,0.0018682896462986001,0.0
2014-01-10,0.004276299344577393,0.0
2014-01-13,-0.014216628154268638,0.0
2014-01-14,0.010879742387816756,0.0
2014-01-15,0.003920729174474337,0.0
2014-01-16,-0.0010677284323513596,0.0
2014-01-17,-0.003402654455482013,0.0
2014-01-21,0.0024459435380344285,0.0
2014-01-22,0.002554725347512018,0.0
2014-01-23,-0.009820240324713042,0.0
2014-01-24,-0.022146422885075515,0.0
2014-01-27,-0.004077946056177693,0.0
2014-01-28,0.00896955341485723,0.0
2014-01-29,-0.009368091040062296,0.0
2014-01-30,0.011843125577322988,0.0
2014-01-31,-0.005531485366612771,0.0
2014-02-03,-0.024412198003499364,0.060190386853489666
2014-02-04,0.00808648136426686,0.0
2014-02-05,-0.001993901194489206,0.0
2014-02-06,0.014428692066339899,0.0
2014-02-07,0.012132624039982554,0.0
2014-02-10,0.0018108469561399052,0.0
2014-02-11,0.010352390043089302,0.0
2014-02-12,0.0017079683201000591,0.0
2014-02-13,0.006467293370737768,0.0
2014-02-14,0.005059867264968952,0.0
2014-02-18,0.002701195016505599,0.0
2014-02-19,-0.004606641554754629,0.0
2014-02-20,0.007062460663860948,0.0
2014-02-21,0.00022193513418125393,0.0
2014-02-24,0.006058511302289671,0.0
2014-02-25,-0.0012122533238833873,0.0
2014-02-26,0.0005900753506916647,0.0
2014-02-27,0.004576988316627551,0.0
2014-02-28,0.003290282027335124,0.0
2014-03-03,-0.007079165105579488,0.04021024352306093
2014-03-04,0.01479623373051572,0.0
2014-03-05,-0.0005253179322090208,0.0
2014-03-06,0.0027038644480933405,0.0
2014-03-07,0.000889074896667773,0.0
2014-03-10,-0.00223576117503082,0.0
2014-03-11,-0.005291104309704834,0.0
2014-03-12,0.0010202309203145015,0.0
2014-03-13,-0.011212248891247056,0.002371124443636553
2014-03-14,-0.00019796708078142862,0.0
2014-03-17,0.008433558370002658,0.0
2014-03-18,0.006918299555144779,0.0
2014-03-19,-0.005586442980755305,0.0
2014-03-20,0.005145233456247683,0.0
2014-03-21,-0.0011778597870563043,0.0
2014-03-24,-0.006370067472684562,0.0
2014-03-25,0.002343658495688108,0.0
2014-03-26,-0.007018711734071234,0.0
2014-03-27,-0.0018030097950448517,0.0
2014-03-28,0.006459918074208147,0.0
2014-03-31,0.0093169864473478,0.0
2014-04-01,0.007605974997905385,0.03560442784329086
2014-04-02,0.003954112015953637,0.002365927719437692
2014-04-03,-0.0013117210221264837,0.0
2014-04-04,-0.011632480918514798,0.0
2014-04-07,-0.012825242552390438,0.0
2014-04-08,0.005363775081054073,0.0
2014-04-09,0.009418925718773683,0.0
2014-04-10,-0.020414554056625733,0.0
2014-04-11,-0.01098883264385247,0.0
2014-04-14,0.008468744738639726,0.0
2014-04-15,0.005638580219989224,0.0
2014-04-16,0.010518287224763796,0.0
2014-04-17,0.0018188656232752455,0.0
2014-04-21,0.002378775140099195,0.0
2014-04-22,0.00445550716803509,0.0
2014-04-23,-0.0009124902870326634,0.002505629341527438
2014-04-24,0.0011404864380513157,0.0
2014-04-25,-0.009136398009676605,0.0
2014-04-28,0.00033563885837945836,0.0
2014-04-29,0.003458301974828779,0.0
2014-04-30,0.004420544631348963,0.0
2014-05-01,-0.0001593329602711524,0.041531852389580355
2014-05-02,-0.0002053143958313479,0.0
2014-05-05,0.0008033113684580129,0.0
2014-05-06,-0.008377813708372168,0.0
2014-05-07,0.006070395454539801,0.0023965513478286207
2014-05-08,-0.0015399764290147376,0.0
2014-05-09,0.0015208325982424872,0.0
2014-05-12,0.011014418628146127,0.0
2014-05-13,-0.0006922696338373443,0.0
2014-05-14,-0.005659964762085723,0.0
2014-05-15,-0.008791171973413838,0.0
2014-05-16,0.003874376597467315,0.0
2014-05-19,0.0038374157836326946,0.0
2014-05-20,-0.008049119039477295,0.0
2014-05-21,0.006763228975107535,0.0
2014-05-22,0.0030856467647896813,0.0
2014-05-23,0.00500053005405769,0.0
2014-05-27,0.0061248688626414464,0.0
2014-05-28,-0.0001984403225768131,0.0
2014-05-29,0.005488525857430953,0.0
2014-05-30,0.0016937831041664796,0.0
2014-06-02,0.0014652033244633156,0.039379685441323906
2014-06-03,4.408815497584115e-05,0.0
2014-06-04,0.003172462886600339,0.0
2014-06-05,0.006837299899058553,0.0
2014-06-06,0.005512697398488799,0.0
2014-06-09,0.0011063982441918154,0.0
2014-06-10,-0.001960673972060795,0.0
2014-06-11,-0.003948682633088041,0.0
2014-06-12,-0.006257258531869694,0.0
2014-06-13,0.0036071869715473878,0.0
2014-06-16,0.0010702934467850841,0.0
2014-06-17,0.004072880372689706,0.0
2014-06-18,0.00787037725854665,0.0
2014-06-19,0.0014559277071913852,0.0
2014-06-20,0.0027494766037469086,0.0
2014-06-23,-0.0011222446508081041,0.0
2014-06-24,-0.0070262866787338335,0.0
2014-06-25,0.003624725972197765,0.0
2014-06-26,-2.0124011153687266e-05,0.0
2014-06-27,0.0023153743459383763,0.0
2014-06-30,0.0009662104717961877,0.0
2014-07-01,0.005414295376047429,0.03682461699716371
2014-07-02,-0.0008709613248118731,0.0
2014-07-03,0.005829942857302248,0.0
2014-07-07,-0.005584331821255104,0.0
2014-07-08,-0.006197271724302871,0.0
2014-07-09,0.004308642248461656,0.0
2014-07-10,-0.004717359681542159,0.0
2014-07-11,0.0007914516634787154,0.0
2014-07-14,0.002870878566358927,0.0
2014-07-15,-0.0021838396494717116,0.0
2014-07-16,0.0030992353548772995,0.0
2014-07-17,-0.011748774015157703,0.0
2014-07-18,0.010104848448591927,0.0
2014-07-21,-0.002914164468352805,0.0
2014-07-22,0.005196049349229645,0.0
2014-07-23,9.485351520089919e-05,0.0
2014-07-24,0.0018616736036311946,0.0
2014-07-25,-0.004299052502509989,0.0
2014-07-28,0.00044928239404708247,0.0
2014-07-29,-0.004818978024703581,0.0
2014-07-30,-0.00017275695092317715,0.0
2014-07-31,-0.01875426866752474,0.0
2014-08-01,-0.0021683658138920148,0.045509014975626774
2014-08-04,0.006892309207700877,0.0
2014-08-05,-0.008347474751197986,0.0
2014-08-06,8.433222639668759e-05,0.0
2014-08-07,-0.005627835614831904,0.0
2014-08-08,0.01312372301035331,0.0
2014-08-11,0.003154482717446199,0.0
2014-08-12,-0.0019725899266369125,0.0
2014-08-13,0.005900250501032352,0.0
2014-08-14,0.004998981849858586,0.0022196127718121764
2014-08-15,-0.00018990340965360374,0.0
2014-08-18,0.009110580159749984,0.0
2014-08-19,0.0052302937936992856,0.0
2014-08-20,0.0034137355786089956,0.0
2014-08-21,0.002284039149165737,0.0
2014-08-22,-0.001842042939602596,0.0
2014-08-25,0.004357574954610697,0.0
2014-08-26,0.0002479397986335788,0.0
2014-08-27,0.00012711967420748831,0.0
2014-08-28,-0.0008297363170284432,0.0
2014-08-29,0.0036372116161042726,0.0
2014-09-02,-0.000888378022593117,0.027919705594796798
2014-09-03,2.5159893913445863e-05,0.0
2014-09-04,-0.0010421500054046018,0.0
2014-09-05,0.004790841357435759,0.0
2014-09-08,-0.0028564595727230777,0.0
2014-09-09,-0.007208033233481411,0.0
2014-09-10,0.0018860025320131635,0.0
2014-09-11,0.0021191080980797394,0.0
2014-09-12,-0.006957932913284201,0.0
2014-09-15,-0.0015214844764330003,0.0
2014-09-16,0.006709239030343227,0.0
2014-09-17,0.0005880095033859804,0.0
2014-09-18,0.003698270000561481,0.0
2014-09-19,-0.002147589345775284,0.0
2014-09-22,-0.009915080631052064,0.004443537719373973
2014-09-23,-0.00700091006369451,0.0
2014-09-24,0.007041297270274916,0.0
2014-09-25,-0.01450078607661837,0.0
2014-09-26,0.0073080826653892554,0.0
2014-09-29,-0.0015607793840038751,0.0
2014-09-30,-0.004065633748518919,0.0
2014-10-01,-0.01290755723226078,0.04499702752672749
2014-10-02,0.0010315689247669684,0.0
2014-10-03,0.01028121811472979,0.0
2014-10-06,-0.0021363086750657008,0.0
2014-10-07,-0.01619213528327151,0.0
2014-10-08,0.01739605345551826,0.0
2014-10-09,-0.02231265985500818,0.0
2014-10-10,-0.012346717163671457,0.0
2014-10-13,-0.017088060559873906,0.0
2014-10-14,0.006048548238063859,0.0
2014-10-15,-0.004887139136276303,0.0
2014-10-16,0.002595795187969783,0.0
2014-10-17,0.011243056036032524,0.0
2014-10-20,0.010145272276956867,0.0
2014-10-21,0.021409048259158577,0.0
2014-10-22,-0.008703775765096147,0.0
2014-10-23,0.012401625448844662,0.0
2014-10-24,0.007484205790848199,0.0
2014-10-27,-0.0019439201595797307,0.0
2014-10-28,0.012986938936291366,0.0
2014-10-29,-0.0021228689194107255,0.0
2014-10-30,0.007513582796864881,0.0
2014-10-31,0.012190652472077708,0.0
2014-11-03,0.00030227170145669113,0.051018246584049715
2014-11-04,-0.004433281230260585,0.0
2014-11-05,0.007171087646398991,0.0
2014-11-06,0.004305228534029889,0.0
2014-11-07,0.0012211580387217374,0.0
2014-11-10,0.0027846354591230965,0.0
2014-11-11,0.0005003874141513338,0.0
2014-11-12,-0.00021201404510217515,0.0
2014-11-13,-0.0022276996501318777,0.0
2014-11-14,-9.23731447580406e-05,0.0
2014-11-17,0.0010938882854765308,0.0
2014-11-18,0.00540881639285876,0.0
2014-11-19,-0.001508813864394963,0.0
2014-11-20,0.003306170479929803,0.0
2014-11-21,0.006214605394522092,0.0
2014-11-24,0.003204610989859782,0.0
2014-11-25,-0.0010365056982667466,0.0
2014-11-26,0.0012579245691600048,0.0
2014-11-28,-0.0026397256679274424,0.0
2014-12-01,-0.008276268052674562,0.045259007807379285
2014-12-02,0.006102872896241569,0.0
2014-12-03,0.006859085237958257,0.0
2014-12-04,-0.0024802382468239836,0.0
2014-12-05,0.0015643186746849835,0.0023211425798843953
2014-12-08,-0.008594677701779086,0.0
2014-12-09,0.0019699112959551826,0.0
2014-12-10,-0.01799416053434543,0.0
2014-12-11,0.005023618001489734,0.0
2014-12-12,-0.016361213437859415,0.0
2014-12-15,-0.005319171624052439,0.0
2014-12-16,-0.0062227686158514185,0.0
2014-12-17,0.0215436327724041,0.0
2014-12-18,0.02204179935131023,0.0
2014-12-19,0.006489550919242111,0.0
2014-12-22,0.0035189311169627566,0.0
2014-12-23,0.0036646971690141475,0.0
2014-12-24,0.0002783024930647929,0.0
2015-01-08,0.018017896410237322,0.04190342569619626
2015-01-09,-0.008833780188499073,0.0
2015-01-12,-0.009151401073931417,0.0
2015-01-13,-0.0031237566274337435,0.0
2015-01-14,-0.005181826716309848,0.0
2015-01-15,-0.009227988498194823,0.0
2015-01-16,0.013897319286935161,0.0023784488595683657
2015-01-20,-0.0004412614571400341,0.0
2015-01-21,0.007270489633488862,0.0
2015-01-22,0.014043713588173277,0.0
2015-01-23,-0.0055143255739405535,0.0
2015-01-26,0.004711647350360799,0.0
2015-01-27,-0.008448364704210697,0.0
2015-01-28,-0.014661423498477965,0.0
2015-01-29,0.00962171614416149,0.0
2015-01-30,-0.012873026004587666,0.0
2015-02-02,0.0130937622323124,0.04175436865517048
2015-02-03,0.017495478630831816,0.0
2015-02-04,-0.004895611484307497,0.0
2015-02-05,0.010922574810735709,0.0
2015-02-06,-0.003683172212507814,0.0
2015-02-09,-0.003318037167581506,0.0
2015-02-10,0.009749841184201177,0.0
2015-02-11,-0.0013360726547830349,0.0
2015-02-12,0.010727906812472057,0.0
2015-02-13,0.004228970651742173,0.0
2015-02-17,0.0019222777230821133,0.0
2015-02-18,0.0006609010548040943,0.0
2015-02-19,-0.000647674167887624,0.0
2015-02-20,0.005891743510704725,0.0
2015-02-23,-0.0010930809164802066,0.0
2015-02-24,0.0024492112916046837,0.0
2015-02-25,-0.00031126555961764635,0.0
2015-02-26,-0.0037131669525053155,0.0
2015-02-27,-0.001699518058355292,0.0
2015-03-02,0.005498796336612655,0.05402016455515653
2015-03-03,-0.004366249715918044,0.0
2015-03-04,-0.005235267064591913,0.0
2015-03-05,0.002080764664105903,0.0
2015-03-06,-0.015316584317196315,0.0
2015-03-09,0.003268605846843416,0.0
2015-03-10,-0.015530691466570122,0.0
2015-03-11,1.7637567695100978e-05,0.0
2015-03-12,0.013126202636807749,0.0023847319343553285
2015-03-13,-0.006585874064205759,0.0
2015-03-16,0.013586707465215397,0.0023581635792635277
2015-03-17,-0.003305791478901048,0.0
2015-03-18,0.013585482619045281,0.0
2015-03-19,-0.005560080724785256,0.0
2015-03-20,0.010077628178923659,0.006414918862848803
2015-03-23,-0.0018308959472832155,0.0
2015-03-24,-0.005907866332861474,0.0
2015-03-25,-0.013301223805915233,0.0
2015-03-26,-0.0021549689284833693,0.0
2015-03-27,0.0035291269863121926,0.0
2015-03-30,0.012220564471114945,0.0
2015-03-31,-0.006573829962732083,0.0
2015-04-01,-0.003609247202426613,0.03910509669443769
2015-04-02,0.004608439364389639,0.0
2015-04-06,0.006853821431620822,0.0
2015-04-07,-0.003525409509098653,0.0
2015-04-08,0.003620814302824746,0.0
2015-04-09,0.0033385591585641796,0.0
2015-04-10,0.0031935301004879235,0.0
2015-04-13,-0.004760001860520474,0.0
2015-04-14,0.001846146537866147,0.0
2015-04-15,0.006036334826390944,0.0
2015-04-16,-0.0016593694841689132,0.0
2015-04-17,-0.010884248142724404,0.0
2015-04-20,0.007729535464003341,0.0
2015-04-21,-0.0008961535231454072,0.0
2015-04-22,0.004020945281431288,0.0
2015-04-23,0.0026137714113786637,0.0
2015-04-24,-0.0005304118596700791,0.0
2015-04-27,-0.005124276392931717,0.0
2015-04-28,0.002552980042823223,0.0
2015-04-29,-0.003527057820274704,0.0
2015-04-30,-0.008392039947296053,0.0
2015-05-01,0.010341082911968336,0.05235925638536743
2015-05-04,0.003486619153528194,0.0
2015-05-05,-0.011918026651791046,0.0
2015-05-06,-0.0035752582625101616,0.0
2015-05-07,0.003095954889517701,0.0
2015-05-08,0.011770677659329699,0.0
2015-05-11,-0.003153119885341643,0.0
2015-05-12,-0.0035374242202597713,0.0
2015-05-13,-0.00040534656736647564,0.0
2015-05-14,0.009117587364124092,0.0
2015-05-15,0.0012572621045505155,0.0
2015-05-18,0.003737142899286239,0.0
2015-05-19,-0.0018414354267396965,0.0
2015-05-20,0.00010862015652716392,0.0
2015-05-21,0.0022698160060301413,0.0
2015-05-22,-0.001695213429901056,0.0
2015-05-26,-0.011126559187613043,0.0
2015-05-27,0.007999896574545657,0.0
2015-05-28,-0.001469860724480129,0.0
2015-05-29,-0.006167093240961724,0.0
2015-06-01,0.0014333181262651262,0.04504588878997307
2015-06-02,7.513483914084072e-05,0.0
2015-06-03,0.001723025953356756,0.0
2015-06-04,-0.008949002122211357,0.0
2015-06-05,0.00022613536421421958,0.0
2015-06-08,-0.006557926819909821,0.0
2015-06-09,-0.00029530457654742073,0.0
2015-06-10,0.010986779374445046,0.0
2015-06-11,0.002459815677593851,0.0
2015-06-12,-0.006170748689628858,0.0023237539415876776
2015-06-15,-0.0049841240005828406,0.0
2015-06-16,0.005783115551186907,0.0
2015-06-17,0.0026147713487968327,0.0
2015-06-18,0.009312210864898994,0.0
2015-06-19,-0.004365012070999164,0.0
2015-06-22,0.0046911802731984635,0.0
2015-06-23,-0.0003079131832061209,0.0
2015-06-24,-0.007427934140801918,0.0
2015-06-25,-0.0036323227486207976,0.0022801127844067886
2015-06-26,0.0008224614567555308,0.0
2015-06-29,-0.02155402322112833,0.0
2015-06-30,0.0027087876179933967,0.0
2015-07-01,0.006328469785296775,0.0439725945429147
2015-07-02,-0.0002541952119727853,0.004684976788869469
2015-07-06,-0.005402701006127164,0.0023522643471865353
2015-07-07,0.007572299054135145,0.002343684562119478
2015-07-08,-0.017222944305741016,0.0
2015-07-09,0.002417324005235106,0.0
2015-07-10,0.010358908787495166,0.0
2015-07-13,0.010289494232508307,0.0
2015-07-14,0.003343377588629579,0.0
2015-07-15,-0.003596545264004302,0.0
2015-07-16,0.006012764454594466,0.0
2015-07-17,-0.0042406245652677615,0.0
2015-07-20,-0.0020610166344460683,0.0
2015-07-21,-0.003784811981331448,0.0
2015-07-22,0.0008619363525553825,0.0
2015-07-23,-0.004741455733063872,0.0
2015-07-24,-0.010844597463962291,0.0
2015-07-27,-0.006275668961531776,0.0
2015-07-28,0.012613256555497698,0.0
2015-07-29,0.008479005901184021,0.0
2015-07-30,0.001042413434508138,0.0
2015-07-31,-0.00021392601423738918,0.0
2015-08-03,-0.0035997296806149492,0.06540468989697651
2015-08-04,-0.0010392131643665358,0.0
2015-08-05,0.003947795456394715,0.0
2015-08-06,-0.005969728192221185,0.0
2015-08-07,-0.002074800991712917,0.0
2015-08-10,0.01542228660353972,0.0
2015-08-11,-0.009043604761124239,0.0
2015-08-12,0.0017356281637856453,0.0
2015-08-13,-0.002554755270106789,0.0
2015-08-14,0.004237888729978784,0.0
2015-08-17,0.005449091479790557,0.0
2015-08-18,-0.002121602132711696,0.0
2015-08-19,-0.008150475422595836,0.0
2015-08-20,-0.02051435747187544,0.0
2015-08-21,-0.027668608982694794,0.0
2015-08-24,-0.03978716586440871,0.0
2015-08-25,-0.014248150024824262,0.0
2015-08-26,0.032280999572767394,0.0
2015-08-27,0.026009349726093138,0.0
2015-08-28,0.00222805421441227,0.0
2015-08-31,-0.0066824377278649014,0.0
2015-09-01,-0.029270611337092745,0.04566899859846644
2015-09-02,0.015280950919938086,0.0023120735888343476
2015-09-03,0.003838559429232784,0.0
2015-09-04,-0.0153129238292643,0.0
2015-09-08,0.025244810917568788,0.0
2015-09-09,-0.013009886513548619,0.0
2015-09-10,0.0037172137466435643,0.0
2015-09-11,0.003823131314745703,0.0
2015-09-14,-0.004685765104362354,0.0
2015-09-15,0.012380311970024292,0.0
2015-09-16,0.010589943066861314,0.0
2015-09-17,-0.0022134504574080572,0.0
2015-09-18,-0.017980242105237514,0.0
2015-09-21,0.0036401811012218527,0.0
2015-09-22,-0.01477501157077724,0.0
2015-09-23,-0.0038887599164312368,0.0
2015-09-24,-0.0029402218253902312,0.0
2015-09-25,0.0011737130472044398,0.0
2015-09-28,-0.026446112017909657,0.0
2015-09-29,0.001873827519351777,0.0
2015-09-30,0.018487699524192176,0.0
2015-10-01,-0.0009505205544100281,0.05153298013649668
2015-10-02,0.01695763895578176,0.0
2015-10-05,0.021303412017563056,0.0
2015-10-06,-0.003099578592136276,0.0025501749218743443
2015-10-07,0.010507738762137696,0.0
2015-10-08,0.012003557558752835,0.0
2015-10-09,-0.0011433384921888047,0.0
2015-10-12,-0.0013279922627277732,0.0
2015-10-13,-0.008453226610043215,0.0
2015-10-14,-0.0037351714442161615,0.0
2015-10-15,0.012690465873248348,0.0
2015-10-16,0.0012097943425075945,0.0
2015-10-19,-0.0014915323976099114,0.0
2015-10-20,0.001171683543964531,0.0
2015-10-21,-0.0071312128074576655,0.0
2015-10-22,0.015413997573106429,0.0
2015-10-23,0.004540673389629261,0.0
2015-10-26,-0.0036802374608278583,0.0
2015-10-27,-0.005817563161896284,0.0
2015-10-28,0.01299764416732985,0.0
2015-10-29,-0.0014916115910267314,0.002318466732752422
2015-10-30,-0.0009267392635232095,0.0
2015-11-02,0.01325848728481871,0.06008149733241075
2015-11-03,0.002766675510656385,0.0
2015-11-04,-0.0034595564878658787,0.0
2015-11-05,-0.00047228651005420605,0.0
2015-11-06,-0.0018837619633713476,0.0
2015-11-09,-0.009433548088349515,0.0
2015-11-10,0.002515380577361179,0.0
2015-11-11,-0.005427523313489126,0.0
2015-11-12,-0.015337223227967496,0.0
2015-11-13,-0.010569563040526241,0.0
2015-11-16,0.0157758736952721,0.0
2015-11-17,-0.0022791975099676017,0.0
2015-11-18,0.016100268894432945,0.004646590273667964
2015-11-19,-0.0007812746760052327,0.0
2015-11-20,0.0035272643923763766,0.0
2015-11-23,0.00020651104101103155,0.0
2015-11-24,0.0030018405288908152,0.0
2015-11-25,0.001048759686906659,0.0
2015-11-27,-0.0001996861197843608,0.0
2015-11-30,-0.003073404530226991,0.0
2015-12-01,0.009317210321696523,0.0458467102623111
2015-12-02,-0.013430755420540987,0.0
2015-12-03,-0.013925226346683008,0.0
2015-12-04,0.015687955990820575,0.0
2015-12-07,-0.006845799987014223,0.0
2015-12-08,-0.007514254297914342,0.0
2015-12-09,-0.007493392663478472,0.0
2015-12-10,0.001536177165046942,0.0
2015-12-11,-0.019225517427626345,0.0
2015-12-14,-0.0002007122247090333,0.0
2015-12-15,0.01177797301147478,0.0
2015-12-16,0.014841431007815993,0.0
2015-12-17,-0.016370671194460732,0.0
2015-12-18,-0.01532969645099436,0.0
2015-12-21,0.007851061439946315,0.0
2015-12-22,0.010633104576789886,0.0
2015-12-23,0.015723558290543907,0.0
2015-12-24,-0.0012832835558599977,0.0
2015-12-28,-0.0036301088359835336,0.0
2015-12-29,0.009849233825458882,0.0
2015-12-30,-0.007799888446642957,0.0
2015-12-31,-0.007604829372449857,0.0
2016-01-04,-0.012543075173357732,0.052514006806292354
2016-01-05,0.0023905576368188353,0.0023528520646178643
2016-01-06,-0.01750623137998968,0.0
2016-01-07,-0.022692977942608328,0.0
2016-01-08,-0.011796239364675921,0.0
2016-01-11,-0.003444332668095929,0.0
2016-01-12,0.00548890452659314,0.0
2016-01-13,-0.0246472227160884,0.0
2016-01-14,0.013730850280628171,0.0
2016-01-15,-0.018856752563925362,0.0
2016-01-19,-0.0026024732392054156,0.0
2016-01-20,-0.010027581750668466,0.0
2016-01-21,0.007867021047013773,0.0
2016-01-22,0.018896431431380905,0.0
2016-01-25,-0.018272351198258284,0.0
2016-01-26,0.018023058029674948,0.0
2016-01-27,-0.007321340223949813,0.004967652646103259
2016-01-28,0.0012440735416703794,0.0
2016-01-29,0.027303808564563263,0.0
2016-02-01,0.00027617252226641575,0.07686286009224594
2016-02-02,-0.02224120102061942,0.0
2016-02-03,0.009484948246987084,0.0
2016-02-04,0.00638049579366335,0.0
2016-02-05,-0.01654462723064594,0.0
2016-02-08,-0.02061287248267083,0.0
2016-02-09,-0.002409679500519506,0.0
2016-02-10,0.001419985992711785,0.0
2016-02-11,-0.015462583995195352,0.0
2016-02-12,0.023200708193880624,0.0
2016-02-16,0.01975690874242131,0.0
2016-02-17,0.019820469881841933,0.0
2016-02-18,-0.0032065813039089054,0.0
2016-02-19,-0.002521273321690297,0.0
2016-02-22,0.018062674024168335,0.0
2016-02-23,-0.012137389016396273,0.0
2016-02-24,0.005222867436451633,0.0
2016-02-25,0.011159208403374258,0.0
2016-02-26,0.001835870541860985,0.0
2016-02-29,-0.006987350446183482,0.00239203925375596
2016-03-01,0.02259113178545702,0.0519417999621712
2016-03-02,0.007622366731208389,0.0
2016-03-03,0.009980655290110144,0.0
2016-03-04,0.004979599044973471,0.0026307492621783276
2016-03-07,0.005469566452448428,0.0
2016-03-08,-0.01734196626928888,0.0
2016-03-09,0.005050340207386539,0.0
2016-03-10,0.0008112316823418026,0.0
2016-03-11,0.020672717953072392,0.0
2016-03-14,-0.0020447214881343274,0.0
2016-03-15,-0.006233034191579043,0.0
2016-03-16,0.009743517913538429,0.0
2016-03-17,0.009304814296879085,0.0
2016-03-18,0.00540466462724226,0.0
2016-03-21,-0.000151575731893856,0.0
2016-03-22,-0.0008965693011256831,0.0
2016-03-23,-0.010712795244859394,0.0
2016-03-24,-0.0009371706431457294,0.0
2016-03-28,0.0014083978728397482,0.0
2016-03-29,0.00993910375469164,0.0
2016-03-30,0.0032993932087983513,0.002664976768961786
2016-03-31,0.00032896218756108334,0.0
2016-04-01,0.0034779859605671426,0.05564868906529269
2016-04-04,-0.005653272095865738,0.0
2016-04-05,-0.011324994252029558,0.0
2016-04-06,0.010224220994813545,0.0
2016-04-07,-0.01291077418558062,0.0
2016-04-08,0.004357804198751718,0.0
2016-04-11,-0.001635017150715224,0.0
2016-04-12,0.010227361477960368,0.0
2016-04-13,0.013152351232816818,0.0
2016-04-14,-0.001853521853889083,0.0
2016-04-15,0.00012348651948893295,0.0
2016-04-18,0.006755678144714672,0.002533375976586558
2016-04-19,0.005125741820213269,0.0
2016-04-20,0.0012557823358662877,0.0
2016-04-21,-0.0058536623051996806,0.002429449009990659
2016-04-22,0.005940131684914968,0.0
2016-04-25,-0.004568258821126846,0.0
2016-04-26,0.006508200196598355,0.0
2016-04-27,0.006001223413178167,0.0
2016-04-28,-0.012048141112998706,0.0
2016-04-29,-0.006572791445786019,0.0
2016-05-02,0.006766338398623839,0.05969640839009135
2016-05-03,-0.010682417130071271,0.0
2016-05-04,-0.006689202263366217,0.0
2016-05-05,-0.0002680891922815383,0.0
2016-05-06,0.002692613328055534,0.0
2016-05-09,6.427431893734291e-05,0.0
2016-05-10,0.01261698351953636,0.0
2016-05-11,-0.0100923687990123,0.0
2016-05-12,-0.0016376395773025818,0.0
2016-05-13,-0.008815443197005066,0.0
2016-05-16,0.009674804033501582,0.0
2016-05-17,-0.006736199339064141,0.0
2016-05-18,-0.0017027845880636105,0.0023380180048529764
2016-05-19,-0.003845089874372253,0.0
2016-05-20,0.008059270724225234,0.0
2016-05-23,-0.0018661563021047378,0.002401060552216759
2016-05-24,0.014043498731824266,0.0
2016-05-25,0.006979454670671266,0.0
2016-05-26,-3.7535002253011226e-05,0.0
2016-05-27,0.005161358618132416,0.0
2016-05-31,0.00104987855085855,0.0
2016-06-01,0.0017375866803757134,0.04175800083600014
2016-06-02,0.004534586088436179,0.0
2016-06-03,-0.0030975425788891072,0.0
2016-06-06,0.00656679765477093,0.0
2016-06-07,0.002973583125835423,0.0
2016-06-08,0.003323729129443622,0.0
2016-06-09,-0.0028859454332802446,0.0
2016-06-10,-0.013167360309065158,0.0
2016-06-13,-0.00834128818911618,0.0
2016-06-14,-0.002816781826835279,0.0
2016-06-15,-4.477014769924299e-05,0.0
2016-06-16,0.0014557989723078474,0.0
2016-06-17,0.0010691311848338393,0.0
2016-06-20,0.007874212973328258,0.0
2016-06-21,0.0014918188054271475,0.002371686998048261
2016-06-22,-0.0015700466155023874,0.0
2016-06-23,0.014725502361658607,0.0
2016-06-24,-0.0412593905499956,0.0
2016-06-27,-0.025468163076780306,0.0
2016-06-28,0.019666392873045613,0.0024633823064769615
2016-06-29,0.019045946175257754,0.0
2016-06-30,0.015607388025622126,0.0
2016-07-01,0.002973044297327476,0.05745458528102343
2016-07-05,-0.01238752574413029,0.0
2016-07-06,0.006057551735043242,0.0
2016-07-07,0.0005355585479826048,0.0
2016-07-08,0.018727182388905337,0.0
2016-07-11,0.003960052341212357,0.0
2016-07-12,0.011685152578203222,0.0
2016-07-13,-0.00012004319978065119,0.0
2016-07-14,0.004419212288195508,0.0
2016-07-15,-0.0007971384659265976,0.0
2016-07-18,0.002174653060080671,0.0
2016-07-19,-0.0031102882870273916,0.0
2016-07-20,0.005251061649767906,0.0
2016-07-21,-0.003247300285710109,0.0
2016-07-22,0.006018967173170077,0.0
2016-07-25,-0.002009758291504672,0.0
2016-07-26,0.00510646710162777,0.0
2016-07-27,-0.005213427846990933,0.0
2016-07-28,0.0018232368235962856,0.0
2016-07-29,0.0008687484579237923,0.0
2016-08-01,-0.004193857133212631,0.0621541018837757
2016-08-02,-0.009756448258210518,0.0
2016-08-03,0.005868521332222678,0.0
2016-08-04,-0.0007596449916747062,0.0
2016-08-05,0.00971628343279185,0.0
2016-08-08,-5.53729070345179e-05,0.0
2016-08-09,-0.0012607497679633958,0.0
2016-08-10,-0.0029601876390120078,0.0
2016-08-11,0.007076110941715067,0.0
2016-08-12,-0.0009643769230572222,0.0
2016-08-15,0.004698097187252824,0.0
2016-08-16,-0.006017559050069085,0.0
2016-08-17,0.001616940403192413,0.0
2016-08-18,0.004738096584836768,0.0
2016-08-19,8.159537708432436e-05,0.0
2016-08-22,-0.0008871183425631908,0.0
2016-08-23,0.0036861597994163548,0.0
2016-08-24,-0.006557678253646731,0.0
2016-08-25,-0.0007519711742472488,0.0
2016-08-26,-0.0023635629135159812,0.0
2016-08-29,0.005735959154693099,0.0
2016-08-30,-0.0018103620198429865,0.0
2016-08-31,-0.003508583408804414,0.0
2016-09-01,-0.0013658169492279937,0.05038911529735617
2016-09-02,0.0052549657950384035,0.0
2016-09-06,0.0013049909411446555,0.0
2016-09-07,0.0020975572700807363,0.0
2016-09-08,-0.0020753289656098408,0.0
2016-09-09,-0.02742872155260343,0.0
2016-09-12,0.01590846443408752,0.0
2016-09-13,-0.01669741088177399,0.0
2016-09-14,-0.0019923214027294666,0.0
2016-09-15,0.010330606527665669,0.0
2016-09-16,-0.004165364019005706,0.0
2016-09-19,0.002161254718078931,0.002303623388845307
2016-09-20,-0.002199030207059725,0.0
2016-09-21,0.012912527240157304,0.0
2016-09-22,0.007760001944866199,0.0
2016-09-23,-0.005325534089345926,0.0
2016-09-26,-0.007555275312042862,0.0
2016-09-27,0.005102175318031377,0.0
2016-09-28,0.0069465975990966565,0.0
2016-09-29,-0.008888945993581808,0.0
2016-09-30,0.008531708316375862,0.0
2016-10-03,-0.0040255677561864545,0.038194336997356484
2016-10-04,-0.006383410814359101,0.0
2016-10-05,0.005924409798429679,0.0
2016-10-06,0.00044326921040711815,0.0
2016-10-07,-0.005297169832758365,0.0
2016-10-10,0.004368915861642371,0.0
2016-10-11,-0.014033463698441322,0.0
2016-10-12,0.0011347737477153726,0.0
2016-10-13,-0.003754443816773874,0.0
2016-10-14,-0.0007772907033178173,0.0
2016-10-17,-0.0035094009298488353,0.0
2016-10-18,0.007208684740426642,0.0
2016-10-19,0.0047614395728125,0.0
2016-10-20,-0.0012571250782038384,0.0
2016-10-21,-0.001065194561872945,0.0
2016-10-24,0.003310475664656084,0.0
2016-10-25,-0.0063339090487703744,0.0
2016-10-26,-0.0003444060437350518,0.0
2016-10-27,-0.0054701203350387174,0.0
2016-10-28,-0.00026879637346789384,0.0
2016-10-31,0.002048188573288632,0.0
2016-11-01,-0.008093303257298623,0.05249146259521725
2016-11-02,-0.00717766384482212,0.0
2016-11-03,-0.0033341301289793682,0.0
2016-11-04,5.937724828385387e-05,0.0
2016-11-07,0.02193775560855071,0.0
2016-11-08,0.003245848967697394,0.0
2016-11-09,0.01347460869438912,0.0
2016-11-10,0.00722568192151769,0.0
2016-11-11,7.819949046648149e-05,0.0
2016-11-14,0.009127504756291243,0.0
2016-11-15,0.006836358955796535,0.0
2016-11-16,-0.004028072956142377,0.0
2016-11-17,0.005180991842698186,0.0
2016-11-18,-0.003163548096629152,0.0
2016-11-21,0.0076228493596675415,0.0
2016-11-22,0.0027217081502572535,0.0
2016-11-23,0.0024735512135097134,0.0
2016-11-25,0.0036767557401216643,0.0
2016-11-28,-0.0063042309713720445,0.0
2016-11-29,0.00019688866229395567,0.0
2016-11-30,-0.0005558837850820897,0.00447345036684902
2016-12-01,-0.0029820479590833004,0.0901607171808318
2016-12-02,0.0008325603763807298,0.0
2016-12-05,0.007867589206964632,0.0
2016-12-06,0.0042601129689446,0.0
2016-12-07,0.014670997227851916,0.0
2016-12-08,0.004463945316617327,0.0
2016-12-09,0.002612998974776887,0.0
2016-12-12,-0.004257469532814689,0.0
2016-12-13,0.004224683095732173,0.0
2016-12-14,-0.010786198183114288,0.0
2016-12-15,0.003200001257327212,0.0
2016-12-16,-0.002327961529229203,0.0
2016-12-19,0.001300481489568535,0.0
2016-12-20,0.004110524793436021,0.0
2016-12-21,-0.002394939819995179,0.0
2016-12-22,-0.003387237874756182,0.0
2016-12-23,0.0018826168921390377,0.0
2016-12-27,0.0032495831098489905,0.0
2016-12-28,-0.00994339149628761,0.0
2016-12-29,0.0006177292391942556,0.0
2016-12-30,-0.0039267194244380545,0.0
2017-01-03,0.009465385613670163,0.04034385451726567
2017-01-04,0.010245653053070874,0.0
2017-01-05,-0.003193953819413113,0.0
2017-01-06,0.0025546524188107904,0.0
2017-01-09,-0.005563882020443773,0.0
2017-01-10,0.0015928815562491797,0.0
2017-01-11,0.0031481194000231383,0.0
2017-01-12,-0.0020590538675815152,0.0
2017-01-13,0.002187664289365835,0.0
2017-01-17,-0.0025343216642551287,0.0
2017-01-18,0.0030754914801752273,0.0
2017-01-19,-0.005073717362429234,0.0
2017-01-20,0.003975776669748602,0.0
2017-01-23,-0.0029796597596642776,0.0
2017-01-24,0.009826476200773808,0.0
2017-01-25,0.007723297391468377,0.0
2017-01-26,-0.0034576992444463025,0.0
2017-01-27,-0.002333341329373979,0.0
2017-01-30,-0.005786077375240166,0.0
2017-01-31,0.000762848211747215,0.0
2017-02-01,-0.002400539389591616,0.06097882279962344
2017-02-02,0.0014276546451002787,0.0
2017-02-03,0.0072985141469795,0.0
2017-02-06,-0.003211565150935561,0.0
2017-02-07,-0.0013113248917618735,0.0
2017-02-08,0.001968929292923905,0.0
2017-02-09,0.007449881540855183,0.0
2017-02-10,0.005655363249344067,0.0
2017-02-13,0.00446343277036296,0.0
2017-02-14,0.0029297857219264586,0.0
2017-02-15,0.00485045036167025,0.0
2017-02-16,-0.0023097133033768346,0.0
2017-02-17,0.0019955993389306173,0.0
2017-02-21,0.007082003557320963,0.0
2017-02-22,-0.002709853965230785,0.0
2017-02-23,-0.001197774150075972,0.0
2017-02-24,0.002517858175714334,0.0
2017-02-27,0.0017436205096100534,0.0
2017-02-28,-0.0050563892693748285,0.0
2017-03-01,0.012254154485529467,0.04333181358933763
2017-03-02,-0.006402371534654172,0.0022821720721737907
2017-03-03,-0.0005526931905858833,0.0
2017-03-06,-0.004568085221282133,0.0
2017-03-07,-0.004556728882168308,0.0
2017-03-08,-0.002165129308359895,0.0
2017-03-09,-0.0010147870571919901,0.0
2017-03-10,0.003928423327847128,0.0
2017-03-13,0.0015473622407109477,0.004597375846728813
2017-03-14,-0.004180938149001424,0.0
2017-03-15,0.01111888577346189,0.0
2017-03-16,-0.002069137905144995,0.0
2017-03-17,-0.0004827749670669093,0.0
2017-03-20,-0.003018533189494077,0.004149413219372051
2017-03-21,-0.012834022371243415,0.0
2017-03-22,0.0023786246076627337,0.0
2017-03-23,0.0002383591630164165,0.0
2017-03-24,-0.0006020562601087775,0.0
2017-03-27,-0.0012436181165273608,0.0
2017-03-28,0.00807043939224735,0.0
2017-03-29,0.0028610916020972155,0.0
2017-03-30,0.0023766803233530214,0.0
2017-03-31,-0.0009351318478708626,0.002405732076335008
2017-04-03,-0.004271267964902625,0.04475080196596331
2017-04-04,-0.0009646189930540357,0.0
2017-04-05,-0.0028926796421514553,0.0
2017-04-06,0.004964110621382653,0.0
2017-04-07,-0.0011475565915029925,0.0
2017-04-10,0.0025241204437808033,0.0
2017-04-11,-8.9146542044339e-05,0.0
2017-04-12,-0.006285580903527344,0.0
2017-04-13,-0.006861463576262234,0.0
2017-04-17,0.008986533317391686,0.0
2017-04-18,-0.0031577058638479066,0.0
2017-04-19,0.0002708673982535163,0.0
2017-04-20,0.008410994361078037,0.0
2017-04-21,-0.0034667881180512044,0.0
2017-04-24,0.010097182206019429,0.0
2017-04-25,0.00475304799504199,0.0
2017-04-26,-4.8315120104824145e-05,0.0
2017-04-27,-0.0001251804648467365,0.0
2017-04-28,-0.005427673188490248,0.0
2017-05-01,-0.0006870497474509296,0.04783512535551995
2017-05-02,0.0017428704421685978,0.0
2017-05-03,-0.0030468405462156147,0.0
2017-05-04,0.0011255297566826407,0.0
2017-05-05,0.0059949905469948855,0.0
2017-05-08,-0.001462671784623401,0.0
2017-05-09,-0.00021102919082679843,0.0
2017-05-10,0.0026609796559308695,0.0
2017-05-11,-0.0042327957258600085,0.0
2017-05-12,-0.004333293935932704,0.0
2017-05-15,0.006250177100506,0.0
2017-05-16,-0.00273775062567998,0.0
2017-05-17,-0.016345744962091523,0.0
2017-05-18,0.0027284686821028347,0.0
2017-05-19,0.008228745920243023,0.0
2017-05-22,0.005468237009399005,0.0
2017-05-23,-5.332843580109503e-06,0.0
2017-05-24,0.0018833957962247627,0.002034477805567409
2017-05-25,0.004121504043791821,0.0
2017-05-26,-8.56559617181469e-05,0.0
2017-05-30,-0.001741428680134738,0.0
2017-05-31,0.00035105863333726573,0.0
2017-06-01,0.010869449911553586,0.05875855122231788
2017-06-02,0.0009263428714643255,0.0
2017-06-05,-0.0021568860204848484,0.0
2017-06-06,-0.00392739107281701,0.0
2017-06-07,0.0010741337472666445,0.0
2017-06-08,0.0009484422369678835,0.002259030642053981
2017-06-09,0.004271489772795938,0.0
2017-06-12,0.001963884461603332,0.0
2017-06-13,0.005117335753247338,0.0
2017-06-14,-0.001893376551186326,0.0
2017-06-15,-0.0020884853371032274,0.0
2017-06-16,-4.1093788416311804e-05,0.0
2017-06-19,0.006357097135914591,0.0068224732685709605
2017-06-20,-0.008709084208625702,0.0
2017-06-21,-0.0031548113043276043,0.0
2017-06-22,0.0002657811779798761,0.0
2017-06-23,0.00267246374281892,0.0
2017-06-26,0.0030963058974867964,0.0
2017-06-27,-0.006450585225570602,0.0
2017-06-28,0.007846908158868023,0.0
2017-06-29,-0.006948105823681019,0.0
2017-06-30,0.003087009902635442,0.0
2017-07-03,0.004460807852075588,0.0485953542693994
2017-07-05,-0.0021124208196070288,0.0
2017-07-06,-0.010904318961976824,0.0
2017-07-07,0.006659853856784598,0.0
2017-07-10,0.00011160868854601582,0.0
2017-07-11,-0.0013090693778316108,0.0
2017-07-12,0.0071954950217619235,0.0
2017-07-13,0.0031379095486835287,0.0
2017-07-14,0.004799005028539539,0.0
2017-07-17,0.00113096548655937,0.0
2017-07-18,-0.0018827132617450703,0.0
2017-07-19,0.006928485536161235,0.0
2017-07-20,-0.0009687274981838885,0.0
2017-07-21,0.0007760499065355435,0.0
2017-07-24,-0.0020870619080851074,0.0
2017-07-25,0.004258459307949521,0.0
2017-07-26,-0.0017570517434304378,0.004433430979734846
2017-07-27,-0.001162417765696742,0.0
2017-07-28,-0.0014452904431937802,0.0
2017-07-31,-0.000697871616497918,0.0
2017-08-01,0.0011763127848432031,0.04967097817440476
2017-08-02,-0.0019784647982749224,0.0
2017-08-03,-0.002437332480120142,0.0
2017-08-04,0.001306006215294463,0.0
2017-08-07,0.0013373046087175296,0.0
2017-08-08,-0.0020118911465604183,0.002172995920154413
2017-08-09,-0.001683643601949498,0.0
2017-08-10,-0.014656322934707948,0.0
2017-08-11,0.0006407489810070011,0.0
2017-08-14,0.009338967390964136,0.0
2017-08-15,-0.002675172294569688,0.0
2017-08-16,0.0027606997950883443,0.0
2017-08-17,-0.015094790111283719,0.0
2017-08-18,-0.0025674486723186174,0.0023095605245547772
2017-08-21,0.0006530300492388915,0.0
2017-08-22,0.009426503996565739,0.0
2017-08-23,-0.002933681957218324,0.0
2017-08-24,-0.001159989168380489,0.0
2017-08-25,0.003505425719401808,0.0
2017-08-28,-0.0005560767594551571,0.0
2017-08-29,-0.0010512628808152617,0.0
2017-08-30,0.0042410567004773836,0.0
2017-08-31,0.005274049821369866,0.0
2017-09-01,0.003920271795756047,0.04535447956815094
2017-09-05,-0.0067166255715833,0.0
2017-09-06,0.0039039899748621394,0.0
2017-09-07,-0.00034873461659288294,0.0
2017-09-08,0.0007189108616700223,0.0
2017-09-11,0.010417809733180378,0.0
2017-09-12,0.003977679122047901,0.0
2017-09-13,0.0002571736456843562,0.0
2017-09-14,-0.00016434607788036595,0.0
2017-09-15,0.0025697701260177525,0.0
2017-09-18,0.0008251510726186768,0.0
2017-09-19,-0.0010918377295710796,0.0
2017-09-20,0.0011696345716337752,0.0
2017-09-21,-0.0020683706216538663,0.0
2017-09-22,0.0022121602679735317,0.0
2017-09-25,0.0014333529907246281,0.0
2017-09-26,0.0012123075284247043,0.0
2017-09-27,0.004002941736726854,0.0
2017-09-28,0.0008388932448294829,0.0
2017-09-29,0.0035439688424301714,0.0
2017-10-02,0.00419065112389827,0.05234430182855851
2017-10-03,0.0016536624349232276,0.0
2017-10-04,0.0029941697668277078,0.0
2017-10-05,0.0034068890713384137,0.0
2017-10-06,-0.001999461517638781,0.0
2017-10-09,-0.0036900023052344887,0.0
2017-10-10,0.0027874827076050084,0.0
2017-10-11,0.0003280364729185692,0.0022991727092890987
2017-10-12,3.9971270849309425e-05,0.0
2017-10-13,0.000907571944597842,0.0
2017-10-16,0.000488979438924501,0.0
2017-10-17,-0.00017296618587129365,0.0
2017-10-18,0.0011349478550245922,0.0
2017-10-19,0.001582154618023226,0.0
2017-10-20,0.0067354576061248944,0.0
2017-10-23,-0.003143294656887584,0.0
2017-10-24,0.001095835873944067,0.0
2017-10-25,-0.0062620828747803545,0.0
2017-10-26,0.0019758891668260614,0.0
2017-10-27,-6.812973579381127e-05,0.0
2017-10-30,-0.00445041446984246,0.0
2017-10-31,0.0007046788263441514,0.0
2017-11-01,0.0008753075944687438,0.05029057298184306
2017-11-02,-0.0007681634986443366,0.0
2017-11-03,0.0013960462141704075,0.0
2017-11-06,0.0031488240149668374,0.0
2017-11-07,-0.001192694014374345,0.0
2017-11-08,0.0019179947918504968,0.0
2017-11-09,-0.002221625237262742,0.0
2017-11-10,0.00041680189140440044,0.0
2017-11-13,0.002169206232360806,0.0
2017-11-14,5.882313434605154e-05,0.0
2017-11-15,-0.0054135949376266125,0.0
2017-11-16,0.008879617120162542,0.0
2017-11-17,0.0016580512593351235,0.0
2017-11-20,0.0016047718402541966,0.0
2017-11-21,0.0031793996382926517,0.0
2017-11-22,-0.00018822863179955086,0.0
2017-11-24,0.0005725813257295176,0.0
2017-11-27,-0.001151167243082995,0.0
2017-11-28,0.012021523874764002,0.0
2017-11-29,0.005761918594504918,0.0
2017-11-30,0.007414683109337099,0.0
2017-12-01,-0.002175601497424462,0.043680799220351854
2017-12-04,0.003079582813369031,0.0
2017-12-05,-0.006796696321212588,0.0
2017-12-06,-0.001977256835735512,0.0
2017-12-07,0.004292580343739786,0.0
2017-12-08,0.00690873080751548,0.0
2017-12-11,0.0009409742653139152,0.0
2017-12-12,-0.00011284042345424377,0.0
2017-12-13,-0.0005332196360282428,0.0
2017-12-14,-0.005600618162515343,0.0
2017-12-15,0.009910155702264705,0.0
2017-12-18,0.007198229602297241,0.0
2017-12-19,-0.002953493732561969,0.0
2017-12-20,-4.4741449157156696e-05,0.0
2017-12-21,0.0021458044679461864,0.0
2017-12-22,0.0007792194474129308,0.0
2017-12-26,0.0013947900208862232,0.0
2017-12-27,-9.875491682686802e-05,0.0
2017-12-28,0.002474418492928304,0.0
2017-12-29,-0.005081779949827514,0.0
2018-01-02,0.007826864799886701,0.046039296387012665
2018-01-03,0.005220573593313946,0.0
2018-01-04,0.0030331586112324,0.0
2018-01-05,0.005555623638697964,0.0
2018-01-08,0.00308729070875542,0.0
2018-01-09,-0.00028493292185428096,0.0
2018-01-10,-0.0027637201705630935,0.0
2018-01-11,0.00900633296306288,0.0
2018-01-12,0.006447923627253041,0.0
2018-01-16,-0.00649305383062263,0.0
2018-01-17,0.008313251632972854,0.0
2018-01-18,-0.002373110625844879,0.0
2018-01-19,0.0063193922464397,0.0
2018-01-22,0.006819326860245968,0.0
2018-01-23,0.0027230115006236424,0.0
2018-01-24,8.696674780800243e-05,0.0
2018-01-25,-0.0003617758546793804,0.0
2018-01-26,0.009582056271524994,0.0
2018-01-29,-0.007134634316794362,0.0
2018-01-30,-0.011321535210184327,0.0
2018-01-31,-0.00032729870896516306,0.0
2018-02-01,-0.0025741876983174095,0.0552130405983222
2018-02-02,-0.01997034641582516,0.0
2018-02-05,-0.03650815565838566,0.0
2018-02-06,0.01403046105632441,0.0
2018-02-07,-0.002721074469125238,0.0
2018-02-08,-0.03433092054516267,0.0
2018-02-09,0.013088375316463926,0.0
2018-02-12,0.012647241559564997,0.0
2018-02-13,0.002981459220910609,0.0
2018-02-14,0.014305279200501165,0.0
2018-02-15,0.010851715121313027,0.0
2018-02-16,0.0005234456640509893,0.0
2018-02-20,-0.006771551410418389,0.0
2018-02-21,-0.005766695384376561,0.0
2018-02-22,9.021893530325486e-05,0.0
2018-02-23,0.015540922019655946,0.0
2018-02-26,0.007835589699904846,0.0
2018-02-27,-0.013234621941367191,0.0
2018-02-28,-0.010462168812794107,0.0
2018-03-01,-0.010438573558950281,0.04915226016514037
2018-03-02,0.0059880595511316555,0.0
2018-03-05,0.01144885333830356,0.0
2018-03-06,0.004312599366487674,0.0
2018-03-07,-0.0012423534661447453,0.0
2018-03-08,0.00334238582203764,0.0
2018-03-09,0.015464697589212588,0.0
2018-03-12,-0.0014848891731040195,0.0
2018-03-13,-0.0039135808833693575,0.0
2018-03-14,-0.006050035976609207,0.0
2018-03-15,-0.0022613844708338233,0.0
2018-03-16,0.004573034706044149,0.0
2018-03-19,-0.011438524507480952,0.0038078588076144977
2018-03-20,0.0006535903349438546,0.0
2018-03-21,0.00013887802258612106,0.0
2018-03-22,-0.022033386822591327,0.0
2018-03-23,-0.018412316608354257,0.0
2018-03-26,0.022912818471555556,0.0
2018-03-27,-0.011746280842587812,0.0
2018-03-28,-0.0007750807275554419,0.0
2018-03-29,0.012592803206310265,0.0
2018-04-02,-0.021675015941458597,0.05422533177732944
2018-04-03,0.012277011742920951,0.0021807207496298358
2018-04-04,0.01198348998092656,0.0
2018-04-05,0.0062985521982535115,0.0
2018-04-06,-0.021270847916706977,0.0
2018-04-09,0.0014348399307448731,0.0
2018-04-10,0.014469206509352676,0.0
2018-04-11,-0.004251080837922874,0.0
2018-04-12,0.005593202281629488,0.0
2018-04-13,-0.0025128328911845194,0.0
2018-04-16,0.009863264932710914,0.0
2018-04-17,0.008060243396636505,0.0
2018-04-18,0.002540669600739421,0.0
2018-04-19,-0.0070243213730975685,0.0
2018-04-20,-0.0075007179201354935,0.0
2018-04-23,0.002122463253597869,0.0
2018-04-24,-0.009997602454482805,0.0
2018-04-25,0.002584797948302473,0.0
2018-04-26,0.007549889432556595,0.0
2018-04-27,0.002908417988065922,0.0
2018-04-30,-0.008918008815417234,0.0
2018-05-01,0.00019697972615828618,0.05176146709616163
2018-05-02,-0.008301239435192991,0.0
2018-05-03,-0.003631606148127556,0.0
2018-05-04,0.011770762319393892,0.0
2018-05-07,0.001527603744534001,0.0
2018-05-08,-0.0011446568027771607,0.0
2018-05-09,0.007866919937955854,0.0
2018-05-10,0.008912029385528313,0.0
2018-05-11,0.0010278408077403704,0.0
2018-05-14,0.00027546950188524287,0.0
2018-05-15,-0.004838464860260263,0.0
2018-05-16,0.005655554166945758,0.0
2018-05-17,0.001227512854678052,0.0
2018-05-18,-0.001960389519590953,0.0
2018-05-21,0.006283819300314578,0.0
2018-05-22,-0.0036319109213031396,0.0
2018-05-23,0.0020050079100259297,0.0
2018-05-24,-0.0002961940911422289,0.0
2018-05-25,-0.0013739830819459679,0.0
2018-05-29,-0.011151515937596394,0.0
2018-05-30,0.01254889864554361,0.0
2018-05-31,-0.009439954823278529,0.0
2018-06-01,0.008961893183311531,0.05414647457996103
2018-06-04,0.004486831397876312,0.002192792407136745
2018-06-05,0.0018823096677371065,0.0
2018-06-06,0.007872892793277542,0.0
2018-06-07,0.0010288915395953834,0.0
2018-06-08,0.004887474604452002,0.0
2018-06-11,0.0023523227090290234,0.0
2018-06-12,0.0029937360432957215,0.0
2018-06-13,-0.00567189715739935,0.0
2018-06-14,0.0028798291670717306,0.0
2018-06-15,0.0009635995151802229,0.0
2018-06-18,-0.0020258717470548193,0.004326917834039634
2018-06-19,-0.003893564150739698,0.0
2018-06-20,0.0023598863169763374,0.0
2018-06-21,-0.005238148744587449,0.0
2018-06-22,0.002624855125453552,0.0
2018-06-25,-0.01010525945076735,0.0
2018-06-26,0.0005110945245358705,0.0
2018-06-27,-0.008131920671792591,0.0
2018-06-28,0.003880814263582011,0.0
2018-06-29,0.0006550252544951907,0.0
2018-07-02,0.00015654129607067802,0.053081775255931135
2018-07-03,-0.0015309186424613938,0.0
2018-07-05,0.00800638603125722,0.0
2018-07-06,0.007660654932824217,0.0
2018-07-09,0.008062830935429635,0.0
2018-07-10,0.002847885338979399,0.0
2018-07-11,-0.008352415182088268,0.0
2018-07-12,0.005415883894426708,0.0
2018-07-13,0.0013427040190397116,0.0
2018-07-16,-0.003478483916467422,0.0
2018-07-17,0.0034494769606040372,0.0
2018-07-18,0.002395031307100134,0.0
2018-07-19,-0.0004451969196472113,0.0
2018-07-20,-0.003323400613170142,0.0
2018-07-23,0.00038150339057718913,0.0
2018-07-24,-0.0007188198375628727,0.0
2018-07-25,0.007987569599052675,0.0
2018-07-26,0.004489464425698371,0.0
2018-07-27,-0.005152961346053705,0.0
2018-07-30,-0.0038626795118016613,0.0
2018-07-31,0.007685377276718554,0.0
2018-08-01,-0.007065940006053872,0.05401044185518525
2018-08-02,0.0037992829283995536,0.0
2018-08-03,0.005082944656845972,0.0
2018-08-06,0.0021541706570082984,0.0
2018-08-07,0.0021793329524000694,0.0
2018-08-08,-0.001539293484995985,0.0
2018-08-09,-0.001316352684722302,0.0
2018-08-10,-0.007647932608144432,0.0
2018-08-13,-0.004676178972094631,0.0
2018-08-14,0.008429571463205793,0.0
2018-08-15,-0.006739789444881214,0.0
2018-08-16,0.008255551944155969,0.0
2018-08-17,0.005214544767677699,0.0
2018-08-20,0.00478549654564709,0.0
2018-08-21,0.0028480544446625178,0.0021852617337710313
2018-08-22,-0.0025642995811606035,0.0
2018-08-23,-0.0025107828498111746,0.0
2018-08-24,0.005222692440909144,0.0
2018-08-27,0.00590435874024187,0.0
2018-08-28,0.0006461408363532153,0.0
2018-08-29,0.0038354224184966434,0.0
2018-08-30,-0.0068658652962205035,0.0
2018-08-31,0.0006512780888984954,0.0
2018-09-04,-0.0016542307616019825,0.05225437959561756
2018-09-05,0.0012894572737677684,0.0
2018-09-06,-0.0023768145476632746,0.0
2018-09-07,-0.0036504879147951437,0.0
2018-09-10,0.004010344215213853,0.0
2018-09-11,0.0007203848244888436,0.0
2018-09-12,0.0021759557552195156,0.0
2018-09-13,0.004310379460421839,0.0
2018-09-14,0.0015507357440736357,0.0
2018-09-17,-0.002895077336479453,0.0
2018-09-18,0.0043115468935273765,0.0
2018-09-19,0.0006611997791479141,0.002189748770516395
2018-09-20,0.006745129182901508,0.0
2018-09-21,0.0010938775172293273,0.0
2018-09-24,-0.007871339280682703,0.0
2018-09-25,-0.003371429358325906,0.0022052450505884343
2018-09-26,-0.003628985523648983,0.0
2018-09-27,8.300196623854569e-05,0.0
2018-09-28,0.0018091003991237233,0.0
2018-10-01,0.0005674287293575553,0.047020342063982284
2018-10-02,-0.0014277142065321881,0.0
2018-10-03,-0.00026792249165481785,0.0
2018-10-04,-0.006871849459415781,0.0
2018-10-05,-0.004755763558028209,0.0
2018-10-08,0.0014525674651706343,0.0
2018-10-09,-0.005216633061477365,0.0
2018-10-10,-0.028140252913195975,0.0
2018-10-11,-0.02174937099050711,0.0023332054138245763
2018-10-12,0.008633895170739697,0.0
2018-10-15,-0.000783473790918153,0.0
2018-10-16,0.019802408294491355,0.0
2018-10-17,-0.0023880224985803463,0.0
2018-10-18,-0.013040255741431552,0.0
2018-10-19,-0.0018481269367528052,0.0
2018-10-22,-0.006602604745360546,0.0
2018-10-23,-0.005651367429492319,0.0
2018-10-24,-0.026105261461032772,0.0
2018-10-25,0.012891729545893559,0.0
2018-10-26,-0.015662324829637083,0.0
2018-10-29,0.0008486125677120889,0.0
2018-10-30,0.020063437858499577,0.0
2018-10-31,0.005344317500634641,0.0
2018-11-01,0.014523062664755448,0.06663894955379532
2018-11-02,-0.0033467320762768393,0.0
2018-11-05,0.006947540579324504,0.0
2018-11-06,0.007648383801704489,0.0
2018-11-07,0.015505563527420725,0.0
2018-11-08,-0.0012518334815376764,0.0
2018-11-09,-0.008536981162630627,0.0
2018-11-12,-0.01537626614206164,0.0
2018-11-13,-0.0001342962877037963,0.0
2018-11-14,-0.006165523205464424,0.0
2018-11-15,0.008391787530711715,0.0
2018-11-16,0.0034892196455247326,0.002213283639688652
2018-11-19,-0.013167457461950128,0.0
2018-11-20,-0.016259694334234586,0.0
2018-11-21,0.0056695852597206465,0.0
2018-11-23,-0.003157507205378465,0.0
2018-11-26,0.013755006239641723,0.0
2018-11-27,0.0005458972137118792,0.0
2018-11-28,0.018155562994921486,0.0
2018-11-29,-0.003273121148584468,0.002290666860577648
2018-11-30,0.005937102046857268,0.0020342285167614395
2018-12-03,0.010639997927565314,0.050675118986756945
2018-12-04,-0.03189292144656243,0.0
2018-12-06,-0.0023243428973361464,0.0
2018-12-07,-0.02180892402310595,0.0
2018-12-10,-0.0023948600754087543,0.0
2018-12-11,-0.0015823125443788718,0.0
2018-12-12,0.0052193975598432436,0.0
2018-12-13,-0.004739665631707951,0.0
2018-12-14,-0.014523647192073314,0.0
2018-12-17,-0.021499999103296585,0.0
2018-12-18,-0.0013775941961053613,0.0
2018-12-19,-0.015093240053472953,0.0
2018-12-20,-0.016070039185499096,0.0023760459928449
2018-12-21,-0.018302480587244045,0.0
2018-12-24,-0.026642718544035673,0.0
2018-12-26,0.04438717368694789,0.0025034889354050363
2018-12-27,0.00825353197321241,0.0
2018-12-28,-0.0019163859315074522,0.0
2018-12-31,0.008113858924251805,0.0
2019-01-02,-0.00030048615192912465,0.0491240690664696
2019-01-03,-0.018730637998656888,0.0
2019-01-04,0.03341983527549734,0.0
2019-01-07,0.010176888875981688,0.0
2019-01-08,0.010661614903623575,0.0
2019-01-09,0.006662243317376405,0.0
2019-01-10,0.006465476343370828,0.0
2019-01-11,0.0014802699772495217,0.0
2019-01-14,-0.004524181216362805,0.0
2019-01-15,0.006766121564590886,0.0
2019-01-16,0.002780403480817667,0.0
2019-01-17,0.009218419757223815,0.0
2019-01-18,0.014984781358997265,0.0
2019-01-22,-0.013568272899835011,0.0
2019-01-23,-0.0001546335332913163,0.0
2019-01-24,0.004600254978498784,0.0
2019-01-25,0.010622176274373472,0.0
2019-01-28,-0.0037957621158434983,0.0
2019-01-29,0.0017857471898182825,0.0
2019-01-30,0.010831179302111475,0.0
2019-01-31,0.006882163007342186,0.0
2019-02-01,0.0022319436347333355,0.05412342004808714
2019-02-04,0.005482170099050405,0.0
2019-02-05,0.004054705780119648,0.0
2019-02-06,-0.0007599461609088833,0.0
2019-02-07,-0.006755498768284264,0.0
2019-02-08,0.001951297418999204,0.0
2019-02-11,0.0024966288367127016,0.0
2019-02-12,0.012848059985663343,0.0
2019-02-13,0.004328944286411094,0.0
2019-02-14,-0.0024883203026401664,0.0
2019-02-15,0.010585762135829364,0.0
2019-02-19,0.002038427252364805,0.001895583811282007
2019-02-20,0.0032393462264611846,0.0
2019-02-21,-0.0035252722689173154,0.0
2019-02-22,0.005521044274780554,0.0
2019-02-25,-0.0005661524450110675,0.0
2019-02-26,-0.0025010880549986704,0.0
2019-02-27,7.324386624257076e-05,0.0
2019-02-28,-0.0017269359877625234,0.0023188459552882104
2019-03-01,0.006495427500365025,0.040561269085527166
2019-03-04,-0.0050930252247205045,0.0
2019-03-05,-0.003109025016694051,0.0
2019-03-06,-0.008344689445943226,0.0
2019-03-07,-0.007598009524565772,0.0
2019-03-08,-0.0029042857658665676,0.0
2019-03-11,0.013226041101032995,0.0
2019-03-12,0.0026472957236671688,0.0
2019-03-13,0.005692070456927959,0.0
2019-03-14,-0.001173277143896823,0.0
2019-03-15,0.003404437162495888,0.0
2019-03-18,0.004568736135894944,0.0
2019-03-19,-0.0018358226651866015,0.0
2019-03-20,-0.006796884264208091,0.0
2019-03-21,0.012803649966792986,0.0
2019-03-22,-0.019742214329663478,0.0
2019-03-25,0.0003059384021322836,0.0
2019-03-26,0.008589061289426658,0.0
2019-03-27,-0.003222451118054153,0.0
2019-03-28,0.005107704842882987,0.0
2019-03-29,0.006562819578496741,0.0
2019-04-01,0.012149246245023226,0.048253909205025064
2019-04-02,-0.0009265808715523178,0.0
2019-04-03,0.0028667650119909016,0.0021604893433703307
2019-04-04,0.003690715923132092,0.0
2019-04-05,0.006731211376083327,0.0
2019-04-08,0.00022661948820859224,0.0
2019-04-09,-0.008785982516685024,0.0
2019-04-10,0.005639549251777796,0.0
2019-04-11,0.0014088395443596024,0.0
2019-04-12,0.007252631619669174,0.0
2019-04-15,-0.002685176631806744,0.0
2019-04-16,-0.0001925522980367083,0.0
2019-04-17,-0.005432214825749791,0.0
2019-04-18,0.0022792174318434647,0.0
2019-04-22,-0.003198429997298999,0.0
2019-04-23,0.009140272029442509,0.0
2019-04-24,-0.0002572310202637332,0.0
2019-04-25,-0.005593112992168038,0.0
2019-04-26,0.006218710301685078,0.0
2019-04-29,0.0003693481830017929,0.0
2019-04-30,0.002932201311621432,0.0
2019-05-01,-0.010130273210424257,0.04726285168616567
2019-05-02,0.00024368396602255786,0.0
2019-05-03,0.009273220238698584,0.0
2019-05-06,-0.004982338816646811,0.0
2019-05-07,-0.01606085964172187,0.0
2019-05-08,-0.0022388199020958047,0.0
2019-05-09,-0.0011787379144891728,0.0
2019-05-10,0.0037088194809766425,0.0
2019-05-13,-0.02439152969929438,0.0
2019-05-14,0.009414256377575087,0.0
2019-05-15,0.0030971647284793917,0.0
2019-05-16,0.006496294728243041,0.0
2019-05-17,-0.0062814234155836954,0.0
2019-05-20,-0.0059495026453495695,0.0
2019-05-21,0.010758475771632622,0.0
2019-05-22,-0.004819102362876722,0.0
2019-05-23,-0.012542962862509447,0.0
2019-05-24,0.0015188260307116871,0.0
2019-05-28,-0.010523977878768565,0.0
2019-05-29,-0.0071193716168929475,0.0
2019-05-30,0.0009296794427508623,0.0
2019-05-31,-0.010933562579802956,0.0
2019-06-03,0.005921813073871407,0.07101751130688144
2019-06-04,0.02255774795379195,0.0021352285117674516
2019-06-05,0.0067671284421104635,0.0
2019-06-06,0.004596577424029652,0.0
2019-06-07,0.006959473831379583,0.0
2019-06-10,0.0037471490111775038,0.0
2019-06-11,-0.00042059435943204006,0.0
2019-06-12,-0.002152699897959924,0.0
2019-06-13,0.006962743054720397,0.0
2019-06-14,-0.00332333931102781,0.0
2019-06-17,-0.0007891713968397294,0.0
2019-06-18,0.01018485733425945,0.0
2019-06-19,0.0038271354549639217,0.0
2019-06-20,0.009171460543454319,0.0
2019-06-21,-0.00242575462353656,0.0
2019-06-24,-0.0044101083433884586,0.0
2019-06-25,-0.0066624708705836045,0.0
2019-06-26,-0.00197268357200632,0.0
2019-06-27,0.006605204703825124,0.0
2019-06-28,0.009135813078327773,0.0
2019-07-01,0.006481744777494525,0.05749409889844454
2019-07-02,-4.081144863077313e-05,0.0021692741642245672
2019-07-03,0.009171494562897616,0.0
2019-07-05,-0.0014734812595362968,0.0
2019-07-08,-0.005406539625875706,0.0
2019-07-09,-0.000315388292121149,0.0
2019-07-10,0.0011649164848367,0.0
2019-07-11,0.0016666422512289897,0.0
2019-07-12,0.0070019764828913745,0.0
2019-07-15,-0.0009577118125885641,0.0
2019-07-16,-0.0011805344323828626,0.002179362794493516
2019-07-17,-0.00874706890592813,0.0
2019-07-18,0.00391861030857066,0.0
2019-07-19,-0.004860857769383991,0.0
2019-07-22,0.0001450838108081624,0.0
2019-07-23,0.009307168939334098,0.0
2019-07-24,0.007001389370516918,0.0
2019-07-25,-0.00685959144889334,0.0
2019-07-26,0.005399748264231784,0.0
2019-07-29,-0.0022245034466005717,0.0
2019-07-30,-0.00045235839931728164,0.0
2019-07-31,-0.009832071217338527,0.0
2019-08-01,-0.013283266169672014,0.05027306127927669
2019-08-02,-0.007794758287069586,0.0
2019-08-05,-0.028488312284441167,0.0
2019-08-06,0.01095232586740976,0.0
2019-08-07,0.0011553233665885746,0.0
2019-08-08,0.01849886678923576,0.0
2019-08-09,-0.00924480775662484,0.002274962443735975
2019-08-12,-0.013284633914356303,0.0021676797146423627
2019-08-13,0.012534323592240704,0.0
2019-08-14,-0.030441780128309073,0.0
2019-08-15,0.0004476697273247164,0.0
2019-08-16,0.015413721997201618,0.0
2019-08-19,0.012167330779464297,0.0
2019-08-20,-0.00841072838756841,0.0
2019-08-21,0.008209646828069532,0.0
2019-08-22,0.0003760881196828642,0.0
2019-08-23,-0.026623909456731244,0.0
2019-08-26,0.008910103235424568,0.0
2019-08-27,-0.005555534743227584,0.0
2019-08-28,0.008643110573615876,0.0
2019-08-29,0.013485425563662914,0.0
2019-08-30,0.0016155803169167697,0.0
2019-09-03,-0.00707350015505781,0.0690273525398737
2019-09-04,0.011642177768038466,0.0
2019-09-05,0.015822083492999107,0.0
2019-09-06,0.0026199303098037325,0.0
2019-09-09,0.007247160285188411,0.0
2019-09-10,0.007236208824343501,0.0
2019-09-11,0.008015750096715148,0.0
2019-09-12,0.00028578650011026646,0.0
2019-09-13,0.001125650634677973,0.0
2019-09-16,0.0007625878191406334,0.0
2019-09-17,-0.001238310858220896,0.0
2019-09-18,-0.0015926882731096897,0.0
2019-09-19,-0.00289580116688764,0.0
2019-09-20,-0.004074078788880483,0.0
2019-09-23,0.0007039675506539196,0.0
2019-09-24,-0.008345792816108588,0.0022683186455922746
2019-09-25,0.006080747632384641,0.0
2019-09-26,-0.002512620870217353,0.0
2019-09-27,-0.0033063351781927874,0.002179713053340716
2019-09-30,0.004529482960333206,0.0
2019-10-01,-0.016133881994013666,0.044844531791245
2019-10-02,-0.018629577608826574,0.0
2019-10-03,0.0067442655676366835,0.0
2019-10-04,0.011690290707053963,0.002186328483385955
2019-10-07,-0.005039798473121557,0.0
2019-10-08,-0.017748018429442382,0.0
2019-10-09,0.008878560013061526,0.0
2019-10-10,0.007765257705834867,0.0
2019-10-11,0.014792367878695197,0.0
2019-10-14,-0.0025010787369766077,0.0
2019-10-15,0.008738020552964383,0.0
2019-10-16,-0.0017916404973396356,0.0
2019-10-17,0.003446320888268887,0.0
2019-10-18,-0.0007206363906929515,0.0
2019-10-21,0.007728918209636504,0.0020890631951879326
2019-10-22,0.0010183055118856107,0.0
2019-10-23,0.002951029238457139,0.0
2019-10-24,0.0003043384512365311,0.0
2019-10-25,0.003596327756793698,0.0
2019-10-28,0.0034462880051189058,0.0
2019-10-29,0.0015645083509715277,0.0
2019-10-30,0.00014318120314980534,0.0
2019-10-31,-0.005862950966386952,0.0
2019-11-01,0.012530661788878072,0.06132307719368549
2019-11-04,0.005874338807980259,0.0
2019-11-05,-3.65322742482936e-05,0.0
2019-11-06,-0.00073066963180346,0.0021554965625808246
2019-11-07,0.0023981575991307985,0.0
2019-11-08,0.002151658105311893,0.0
2019-11-11,-0.002556985086879228,0.0
2019-11-12,0.0003367467196623625,0.0
2019-11-13,-0.0012446101227219688,0.0
2019-11-14,0.0019376702166826795,0.0
2019-11-15,0.0076263150872241765,0.0
2019-11-18,-0.0009255876415942991,0.0
2019-11-19,-0.0010211360429021525,0.0
2019-11-20,-0.003581294715775098,0.0
2019-11-21,-0.0026168452699263708,0.0
2019-11-22,0.0034391504502782055,0.004576438482784117
2019-11-25,0.008554945556890415,0.0
2019-11-26,0.0014406474687040601,0.0
2019-11-27,0.0042019353624509,0.0
2019-11-29,-0.004767739553355334,0.0
2019-12-02,-0.00815103530128014,0.0483421322957161
2019-12-03,-0.008039367769984634,0.0
2019-12-04,0.007514808947509945,0.0
2019-12-05,0.0019997797854888325,0.0
2019-12-06,0.009473219527459654,0.0
2019-12-09,-0.0026237240721775097,0.0
2019-12-10,-0.0014381994667835851,0.002083226655753125
2019-12-11,0.0026086427163238834,0.006566966664335348
2019-12-12,0.01061949533801476,0.0
2019-12-13,-0.0027620687166508328,0.0
2019-12-16,0.0062487241667049335,0.0
2019-12-17,0.000478369999787784,0.0
2019-12-18,0.0012342994742310825,0.0
2019-12-19,0.003313328829574345,0.0
2019-12-20,0.00567242673150402,0.0
2019-12-23,0.00038041716463528097,0.0
2020-01-29,-0.003956708034849821,0.04882071987809256
2020-01-30,0.0020293789616346,0.0
2020-01-31,-0.01899929352613209,0.0
2020-02-03,0.005865118228783217,0.022183493896309206
2020-02-04,0.014473912139006891,0.0
2020-02-05,0.01571635663576408,0.0
2020-02-06,-0.0009031842029581671,0.0
2020-02-07,-0.008846852697863143,0.0
2020-02-10,0.0043072125185936415,0.0
2020-02-11,0.005918539581430601,0.0
2020-02-12,0.007590481493651966,0.0
2020-02-13,-0.0018332104685691284,0.0
2020-02-14,0.00017985120669659183,0.0
2020-02-18,-0.004017353567825478,0.0
2020-02-19,0.003579270430938338,0.0
2020-02-20,0.0008240396736781159,0.0
2020-02-21,-0.00887610979438511,0.0
2020-02-24,-0.03160496972161175,0.0
2020-02-25,-0.033755446917254295,0.0
2020-02-26,-0.010542650947275483,0.0
2020-02-27,-0.03975665227293734,0.0
2020-02-28,-0.011940279335327004,0.0
2020-03-02,0.03821432048834694,0.05766793259179888
2020-03-03,-0.02593273985170673,0.0
2020-03-04,0.03774137691806523,0.002139863079212969
2020-03-05,-0.03679798012493376,0.0
2020-03-06,-0.020903475553241027,0.0
2020-03-09,-0.08668878560581925,0.0
2020-03-10,0.04719873510906956,0.0
2020-03-11,-0.0550732559898648,0.0
2020-03-12,-0.10154172766017229,0.0
2020-03-13,0.08167197993925071,0.0
2020-03-16,-0.12266137820558395,0.0
2020-03-17,0.055724953101272026,0.0
2020-03-18,-0.07066099612950477,0.0
2020-03-19,0.007528831022144768,0.0
2020-03-20,-0.045348052350141076,0.0
2020-03-23,-0.03581012647970311,0.0
2020-03-24,0.1063685474768776,0.0
2020-03-25,0.025761108971959996,0.0
2020-03-26,0.06045234361645751,0.0
2020-03-27,-0.033880031059617566,0.0
2020-03-30,0.024891094900469153,0.0
2020-03-31,-0.017983370422075255,0.0
2020-04-01,-0.050549989657021954,0.17092218615260768
2020-04-02,0.013839234409279715,0.0
2020-04-03,-0.016014473894458425,0.0
2020-04-06,0.08267480660997428,0.00219491236178915
2020-04-07,0.012141461016512478,0.004441800215167076
2020-04-08,0.047238900122956576,0.0
2020-04-09,0.025438069383612802,0.0
2020-04-13,-0.02469198937930773,0.0
2020-04-14,0.023332977866174005,0.0
2020-04-15,-0.03610194737710591,0.0
2020-04-16,-0.0059605882516055265,0.0
2020-04-17,0.04374807157407877,0.0
2020-04-20,-0.02293009200856215,0.0
2020-04-21,-0.027676459843603795,0.0
2020-04-22,0.019598692445013645,0.0
2020-04-23,0.003727241695587208,0.0
2020-04-24,0.01421318634829747,0.0
2020-04-27,0.02749224665572962,0.0
2020-04-28,0.01325774628157747,0.0
2020-04-29,0.035052269048948384,0.0
2020-04-30,-0.025255346154920283,0.0
2020-05-01,-0.037040247315776154,0.08194746875741199
2020-05-04,0.0009716024692910989,0.0
2020-05-05,0.004671886795529399,0.0
2020-05-06,-0.013795032333316996,0.0
2020-05-07,0.016579427680194506,0.0
2020-05-08,0.02731837895043456,0.0
2020-05-11,-0.010833490731953239,0.0
2020-05-12,-0.026086015080186552,0.0
2020-05-13,-0.02827082619484489,0.002596689316892774
2020-05-14,0.014940345371832319,0.0
2020-05-15,0.0016665322498172963,0.0
2020-05-18,0.052673609750759805,0.0
2020-05-19,-0.014142742008769237,0.0
2020-05-20,0.018901135350011006,0.0
2020-05-21,-0.005365784837982753,0.0
2020-05-22,0.0010848919750564927,0.0
2020-05-26,0.031626124544746226,0.004329790773081299
2020-05-27,0.024975156815916305,0.0
2020-05-28,-0.00949242132432223,0.0
2020-05-29,-0.0021845803227176683,0.0
2020-06-01,0.011020582405102397,0.05643437526175925
2020-06-02,0.012573365485006111,0.0
2020-06-03,0.02746678570234829,0.0
2020-06-04,0.005258079724178084,0.0
2020-06-05,0.03530852007992668,0.0
2020-06-08,0.02436094948487672,0.0
2020-06-09,-0.02524174729519983,0.0
2020-06-10,-0.023729550580282595,0.0
2020-06-11,-0.06909631034501401,0.0
2020-06-12,0.02116387979474562,0.0
2020-06-15,0.009940650994531307,0.0
2020-06-16,0.02089402900089333,0.0
2020-06-17,-0.010427359558184364,0.0
2020-06-18,-0.0009052212051439748,0.0
2020-06-19,-0.01029781911109511,0.0
2020-06-22,0.0013816141296066902,0.0
2020-06-23,0.0016536532364290757,0.002176259277037381
2020-06-24,-0.034162258326995903,0.0
2020-06-25,0.011001392283325574,0.0
2020-06-26,-0.021003791573487016,0.0
2020-06-29,0.02076811754129463,0.0
2020-06-30,0.013796173681146991,0.0
2020-07-01,-0.0032236845195535713,0.04953671667468991
2020-07-02,0.006466951402738461,0.0
2020-07-06,0.01157166531420371,0.0
2020-07-07,-0.017367797666648293,0.0
2020-07-08,0.003116342410111302,0.0
2020-07-09,-0.016862333864616465,0.0
2020-07-10,0.017274738616954166,0.0
2020-07-13,-0.00318249705445542,0.0
2020-07-14,0.015911474745430396,0.0
2020-07-15,0.02380934049194692,0.0
2020-07-16,-0.00205780297373817,0.0
2020-07-17,0.0024281729686986874,0.0
2020-07-20,-0.0057891536852870745,0.0
2020-07-21,0.011199682428446552,0.0
2020-07-22,0.006977153639507908,0.0
2020-07-23,-0.0015812656620339785,0.0
2020-07-24,-0.007185179207897948,0.0
2020-07-27,0.00493267137254817,0.0
2020-07-28,-0.0067158620343791865,0.0
2020-07-29,0.016279670145432933,0.0
2020-07-30,-0.00810356133730956,0.0
2020-07-31,-0.002313042517900321,0.0
2020-08-03,0.0024661087445452257,0.07104386340864852
2020-08-04,0.005359820645414563,0.0
2020-08-05,0.008481729156834511,0.0
2020-08-06,-0.0009675002899597327,0.0
2020-08-07,0.010111522531069114,0.0
2020-08-10,0.01304311015655141,0.0
2020-08-11,-0.0008589854621598762,0.0
2020-08-12,0.005873152133257509,0.0
2020-08-13,-0.005596713840513561,0.0
2020-08-14,0.0026205078448726994,0.0
2020-08-17,-0.001019083372976562,0.0
2020-08-18,-0.00514828578001016,0.0
2020-08-19,-0.004479374368273002,0.0
2020-08-20,-0.005811258863265534,0.0
2020-08-21,-0.0013298615805264894,0.0
2020-08-24,0.01732753887162565,0.0
2020-08-25,-0.0002124032013464333,0.0
2020-08-26,-0.0023917070185191912,0.0
2020-08-27,0.006202239813949252,0.0
2020-08-28,0.00951255896943641,0.0
2020-08-31,-0.00897140508294477,0.0
2020-09-01,0.00346387952738203,0.06433418013102668
2020-09-02,0.018467932075036747,0.0
2020-09-03,-0.021822420528445047,0.0
2020-09-04,-0.001476173789470435,0.0
2020-09-08,-0.021372949017539562,0.0
2020-09-09,0.011970906059125375,0.0
2020-09-10,-0.015002834067273815,0.0
2020-09-11,0.004528235073923959,0.0
2020-09-14,0.017264046261047845,0.0
2020-09-15,0.00044545260887887596,0.0
2020-09-16,0.007606123250927554,0.0
2020-09-17,-0.0048404326225606545,0.0
2020-09-18,-0.01207549534024491,0.0
2020-09-21,-0.026109106647987712,0.006688577298959533
2020-09-22,0.004607938865346606,0.0020879621114497215
2020-09-23,-0.021113704161095252,0.0
2020-09-24,0.0016327364706359515,0.0
2020-09-25,0.013004385264303421,0.0
2020-09-28,0.018414344597115717,0.0
2020-09-29,-0.007944312217361003,0.0
2020-09-30,0.006686870199294393,0.0
2020-10-01,0.002561045030919251,0.05348310866928112
2020-10-02,0.0047605506398291034,0.0
2020-10-05,0.018254216010810717,0.0
2020-10-06,-0.011415983841502202,0.0
2020-10-07,0.01799535279685832,0.0
2020-10-08,0.01475724420294866,0.0010496694538345364
2020-10-09,0.0015461742786710558,0.0
2020-10-12,0.007085342425822327,0.0
2020-10-13,-0.01034899772452269,0.002265351549067116
2020-10-14,-0.0022261365979919854,0.0
2020-10-15,0.003929042248922481,0.0
2020-10-16,-0.0009331751026191438,0.0
2020-10-19,-0.013466830774905065,0.0
2020-10-20,0.005930129956652486,0.0
2020-10-21,-0.003751058004370877,0.0
2020-10-22,0.012593298615902214,0.0
2020-10-23,0.0047278458700516866,0.0
2020-10-26,-0.0231398189671979,0.0
2020-10-27,-0.011865823996121856,0.0
2020-10-28,-0.03185498946635439,0.0
2020-10-29,0.010672558879303864,0.0
2020-10-30,-0.00208190513906661,0.0
2020-11-02,0.023109239232700363,0.06857304278604828
2020-11-03,0.01956612856582232,0.0
2020-11-04,0.00016382374532086493,0.0
2020-11-05,0.019154876459461147,0.0
2020-11-06,-0.004191497391516668,0.0
2020-11-09,0.046235075332035566,0.0
2020-11-10,0.006615267225190083,0.0
2020-11-11,-0.003096751970738354,0.0
2020-11-12,-0.016106716348944696,0.0
2020-11-13,0.023574309602066447,0.0
2020-11-16,0.0214069701382259,0.0
2020-11-17,-0.0030989011977201383,0.0
2020-11-18,-0.010995942208240073,0.0019962507626199028
2020-11-19,0.004015189565826003,0.0
2020-11-20,-0.0058524451596868796,0.0
2020-11-23,0.016359671261860942,0.0
2020-11-24,0.022723708282672624,0.0
2020-11-25,-0.0071779781469291145,0.0
2020-11-27,-0.0009081060519222005,0.0
2020-11-30,-0.012002703302865144,0.0
2020-12-01,0.009709888269993305,0.08510710340800348
2020-12-02,0.0027714349507031943,0.0
2020-12-03,0.005493166776283063,0.0
2020-12-04,0.01600837673476201,0.0
2020-12-07,-0.005450268919160001,0.0
2020-12-08,0.0025869360520130048,0.0
2020-12-09,-0.0023671103559280973,0.0
2020-12-10,-0.0004192806347857666,0.0
2020-12-11,-0.00509314318344982,0.0
2020-12-14,-0.007369269161696959,0.0
2020-12-15,0.01579524237670945,0.0
2020-12-16,-0.0021919321027234102,0.0
2020-12-17,0.006606226956005701,0.0
2020-12-18,-0.0034701458833582663,0.0
2020-12-21,-0.007041514858114566,0.0
2021-01-08,0.0013302388254414765,0.04809894475848066
2021-01-11,-0.0009232892080677272,0.0
2021-01-12,0.007737952345790567,0.0
2021-01-13,-0.003186435203636786,0.0
2021-01-14,0.0037759491409092138,0.0
2021-01-15,-0.00724472761260484,0.0
2021-01-19,0.004815198734046811,0.0
2021-01-20,0.006810509876002088,0.0
2021-01-21,-0.005325352782934204,0.0
2021-01-22,-0.004134914271833212,0.002092088763134311
2021-01-25,-0.000640931678076942,0.0
2021-01-26,-0.0047818362887926125,0.0
2021-01-27,-0.022821732531026193,0.0
2021-01-28,0.010681642174582718,0.0
2021-01-29,-0.01801705567416654,0.0
2021-02-01,0.012317245706594093,0.06352624447446673
2021-02-02,0.01290839804301528,0.0
2021-02-03,0.003145428634760478,0.0
2021-02-04,0.012541629777615238,0.0
2021-02-05,0.005900747032105014,0.0
2021-02-08,0.01130997757131129,0.0
2021-02-09,0.0001365938134226241,0.0
2021-02-10,0.003223856466507766,0.0
2021-02-11,0.0003369653211305134,0.0
2021-02-12,0.005365503782840739,0.0
2021-02-16,0.0015081689921176977,0.006427296673657504
2021-02-17,-0.0002548926476287189,0.0
2021-02-18,-0.005080759160531072,0.0
2021-02-19,0.0077257709453453245,0.0
2021-02-22,0.003431790183047862,0.0
2021-02-23,0.0032667922873096484,0.0
2021-02-24,0.014769088758364685,0.0
2021-02-25,-0.022482107414497236,0.0
2021-02-26,-0.007555349837395945,0.0
2021-03-01,0.021599510128647914,0.09701447768936158
2021-03-02,-0.003617469138633732,0.0
2021-03-03,-0.0049734299679808705,0.0
2021-03-04,-0.01338331565567526,0.0
2021-03-05,0.02365871693731105,0.0
2021-03-08,0.007472548546702927,0.0
2021-03-09,0.0007494640903299749,0.0
2021-03-10,0.010512208488301932,0.0
2021-03-11,0.00583706219866963,0.0
2021-03-12,0.007533683556306808,0.0
2021-03-15,0.009301712857652905,0.0
2021-03-16,-0.008484007462614688,0.0
2021-03-17,0.004248716530529248,0.0
2021-03-18,-0.00891532657927306,0.0
2021-03-19,-0.0014552633919133699,0.0
2021-03-22,0.0005224226627868012,0.0
2021-03-23,-0.014891209002717565,0.002126686173097294
2021-03-24,-0.0012983911699619983,0.0
2021-03-25,0.01223028698681846,0.0
2021-03-26,0.017254883818820517,0.0
2021-03-29,-0.004627287741541076,0.0
2021-03-30,0.001301004052443066,0.0
2021-03-31,-0.0019383486273570744,0.0
2021-04-01,0.010077749832961835,0.04985136728692346
2021-04-05,0.009958159495361822,0.0
2021-04-06,0.0008323217421747184,0.0
2021-04-07,-0.0032122847271568037,0.0
2021-04-08,0.0010030417088771715,0.0
2021-04-09,0.006056601101011673,0.0
2021-04-12,0.0016642823525142038,0.0
2021-04-13,-0.002347343000924972,0.0
2021-04-14,0.0019615693395059744,0.0
2021-04-15,0.0077766539074690805,0.0
2021-04-16,0.004475018878918635,0.0
2021-04-19,-0.004417007711255267,0.0
2021-04-20,-0.007553265420791473,0.0
2021-04-21,0.012891688120515443,0.002139337775663534
2021-04-22,-0.006801885319685758,0.0
2021-04-23,0.010773791748486179,0.0
2021-04-26,0.00139707353811682,0.0
2021-04-27,0.00150715489734894,0.0
2021-04-28,0.0002785438545703333,0.0
2021-04-29,0.007607927585782938,0.0
2021-04-30,-0.007529109860817274,0.0
2021-05-03,0.006490291181605379,0.05089767898411246
2021-05-04,-0.0009201301475316094,0.0
2021-05-05,0.0028542577806505965,0.0
2021-05-06,0.0060712363277387014,0.0
2021-05-07,0.010293731441438816,0.0
2021-05-10,-0.003424974437577633,0.0
2021-05-11,-0.011690397978050554,0.0
2021-05-12,-0.02213412441824148,0.0
2021-05-13,0.01456754196182517,0.0
2021-05-14,0.014682206404389178,0.0
2021-05-17,-0.00028087181843461373,0.002049226867812269
2021-05-18,-0.009094415268887707,0.0
2021-05-19,-0.005765534047474103,0.0
2021-05-20,0.006685124393248212,0.0
2021-05-21,0.0016787411696831012,0.0
2021-05-24,0.005990110143616649,0.0
2021-05-25,-0.004965312344320287,0.0
2021-05-26,0.004241187705264854,0.0
2021-05-27,0.0052524668489624705,0.0
2021-05-28,0.0007969244927373612,0.0
2021-06-01,0.004200616658541767,0.04907375997976024
2021-06-02,0.0009755802132840037,0.0
2021-06-03,-0.001230886327240371,0.0
2021-06-04,0.004859048183375363,0.0
2021-06-07,-0.0020195263060940327,0.00214195128217969
2021-06-08,0.0016051034410826278,0.0
2021-06-09,-0.004572079837330967,0.0
2021-06-10,0.0008129274301859941,0.0
2021-06-11,0.0033969241668813733,0.0
2021-06-14,-0.004000833658237869,0.0
2021-06-15,0.000641943462995101,0.0
2021-06-16,-0.007043257775906749,0.0
2021-06-17,-0.010328357636557149,0.0
2021-06-18,-0.016726843280077355,0.0
2021-06-21,0.01939557924077983,0.0
2021-06-22,0.0011685082612472412,0.0
2021-06-23,-0.0017062447353796242,0.0
2021-06-24,0.006155630742019472,0.0
2021-06-25,0.00734155769005182,0.0
2021-06-28,-0.004626966120311009,0.0
2021-06-29,-0.000999514105739883,0.0
2021-06-30,0.002322201685541275,0.0
2021-07-01,0.006826490597476642,0.05176799011529296
2021-07-02,0.0024904511760091533,0.0
2021-07-06,-0.008877753786286935,0.0
2021-07-07,0.002609129138276785,0.0
2021-07-08,-0.010748663711185772,0.0
2021-07-09,0.016148458708915955,0.0
2021-07-12,0.0024926848039280797,0.0
2021-07-13,-0.009373175980388105,0.0
2021-07-14,-0.0007017726243646206,0.0
2021-07-15,-0.0023715762648380163,0.0
2021-07-16,-0.008021023811737865,0.0
2021-07-19,-0.018968190199047177,0.0
2021-07-20,0.01933567623746821,0.0
2021-07-21,0.009833402424126066,0.0
2021-07-22,-0.0031410015149132293,0.0
2021-07-23,0.008300528887379185,0.0
2021-07-26,0.0032710888542463617,0.0
2021-07-27,-0.0014769647401436388,0.0
2021-07-28,-0.0005254047413123745,0.0
2021-07-29,0.007951071509692303,0.0
2021-07-30,-0.003142968183474442,0.0
2021-08-02,-0.0017757576788680618,0.05939992528894063
2021-08-03,0.00779263612049531,0.0
2021-08-04,-0.01001868284019336,0.0021030806455744505
2021-08-05,0.008047569907963653,0.0
2021-08-06,0.005092607616011638,0.0
2021-08-09,-0.003114707710227209,0.0
2021-08-10,0.005335502074022632,0.0
2021-08-11,0.007595855189778374,0.0
2021-08-12,-0.0009018790475024659,0.0
2021-08-13,-0.0004923194835385747,0.0
2021-08-16,0.0003709757072854689,0.0
2021-08-17,-0.008275825449649781,0.0
2021-08-18,-0.010479521894083254,0.0
2021-08-19,-0.002991245451686668,0.0
2021-08-20,0.007059338775251234,0.0
2021-08-23,0.007080850805700043,0.0
2021-08-24,0.004672603927931949,0.0
2021-08-25,0.00534238570059019,0.0
2021-08-26,-0.00804993452255211,0.0
2021-08-27,0.011055653008397627,0.0
2021-08-30,-0.0026596674097372477,0.0
2021-08-31,0.0006584959332118778,0.005765865223219429
2021-09-01,-0.000276947495819746,0.04326208684893465
2021-09-02,0.00656378714551687,0.0
2021-09-03,-0.004028681185182714,0.0
2021-09-07,-0.009010585003341488,0.0
2021-09-08,-0.0007992069016673402,0.0
2021-09-09,-0.0027905468201138944,0.0
2021-09-10,-0.007068628799886066,0.0
2021-09-13,0.004618279219900856,0.0
2021-09-14,-0.008294112309083237,0.0
2021-09-15,0.00921875294389664,0.0
2021-09-16,-0.0022143847311105894,0.0
2021-09-17,-0.008026521054573032,0.0
2021-09-20,-0.015328417062590562,0.0
2021-09-21,-0.0035449911117566204,0.0
2021-09-22,0.01157028008396383,0.0
2021-09-23,0.014674706137017013,0.0
2021-09-24,0.001580062901512024,0.0
2021-09-27,0.0029691904502049116,0.0
2021-09-28,-0.014211188322682488,0.0
2021-09-29,0.002099789707661639,0.0
2021-09-30,-0.01642534282677961,0.0
2021-10-01,0.013367102070597658,0.05714578249402641
2021-10-04,-0.006102482301272561,0.0
2021-10-05,0.007862921889130847,0.002129468100008127
2021-10-06,0.0008809330963626345,0.0
2021-10-07,0.00827195853809616,0.0
2021-10-08,-0.0023465196821540247,0.0
2021-10-11,-0.005659149763990736,0.0
2021-10-12,-2.5578556931112723e-05,0.0
2021-10-13,0.0015380873210104544,0.0
2021-10-14,0.01726750613874375,0.0
2021-10-15,0.0032407343488343437,0.0
2021-10-18,5.602226464813183e-05,0.0
2021-10-19,0.005436104666075218,0.0
2021-10-20,0.007952067565020812,0.0
2021-10-21,0.0009473340372369099,0.0
2021-10-22,0.0031791526382293454,0.0
2021-10-25,0.001428454134906021,0.0
2021-10-26,-0.001692711738212842,0.0
2021-10-27,-0.013611663629043966,0.0
2021-10-28,0.010259977308144591,0.0
2021-10-29,-0.002244434466796349,0.0
2021-11-01,0.007159549056058534,0.06056288256251974
2021-11-02,0.0034534618187848,0.0
2021-11-03,0.006529048708999352,0.0
2021-11-04,-0.001051412204988812,0.0
2021-11-05,0.007893057920281658,0.0
2021-11-08,0.001245371554097075,0.0
2021-11-09,0.0005377388073692818,0.0
2021-11-10,-0.0058968414509334,0.0
2021-11-11,0.002080909495526557,0.0
2021-11-12,0.005147910692270059,0.0
2021-11-15,0.001913277164753671,0.0
2021-11-16,0.0010054830625784053,0.0
2021-11-17,-0.005220377102020486,0.0
2021-11-18,-0.003524588635236419,0.0
2021-11-19,-0.00649088666672632,0.0
2021-11-22,0.001541634851994505,0.0
2021-11-23,0.004103243808823452,0.0
2021-11-24,-0.0001680144236010018,0.0
2021-11-26,-0.025754573383126075,0.0
2021-11-29,0.00759457209821135,0.0
2021-11-30,-0.02589966335836038,0.0
2021-12-01,-0.012599733804790625,0.06270568949382407
2021-12-02,0.02475793280657412,0.0
2021-12-03,-0.00392413358739237,0.0
2021-12-06,0.015936479021235468,0.0
2021-12-07,0.015805684728729834,0.0
2021-12-08,0.003336682958787366,0.0
2021-12-09,-0.006783538964634091,0.0
2021-12-10,0.006314851635971718,0.0
2021-12-13,-0.007468251180990373,0.0
2021-12-14,-0.005475835950743799,0.0
2021-12-15,0.011052453809956342,0.006397873960209634
2021-12-16,-0.0006578970439986645,0.0
2021-12-17,-0.01019557327834379,0.0
2021-12-20,-0.013181310332337257,0.0
2022-01-11,0.008666434498224795,0.04535058620834042
2022-01-12,0.000903368509714309,0.0
2022-01-13,-0.004229835239265292,0.0
2022-01-14,-0.0016523141877042003,0.0
2022-01-18,-0.015844780292284748,0.0
2022-01-19,-0.01000669241701148,0.0
2022-01-20,-0.012364425833130481,0.0
2022-01-21,-0.01389415181117985,0.0
2022-01-24,0.006819436908303085,0.0
2022-01-25,-0.010122525167130886,0.0
2022-01-26,-0.007148390728507315,0.0
2022-01-27,-0.005987957470854814,0.0
2022-01-28,0.016787365985612417,0.0
2022-01-31,0.015373012149453177,0.0
2022-02-01,0.006756089631934081,0.04461339758499258
2022-02-02,0.007304288594063752,0.0
2022-02-03,-0.013196022876867608,0.0022446173144758655
2022-02-04,-0.001542656435041649,0.0
2022-02-07,0.0010184020924157583,0.0
2022-02-08,0.009914161625497851,0.0
2022-02-09,0.016979944099874432,0.0
2022-02-10,-0.016329326880785783,0.0
2022-02-11,-0.014002125111142355,0.0
2022-02-14,-0.0076252158097647755,0.0
2022-02-15,0.015579337458551657,0.0
2022-02-16,0.0028083096224931214,0.002271722691309619
2022-02-17,-0.017780631146353948,0.0
2022-02-18,-0.004314414232278884,0.0
2022-02-22,-0.009598379349079825,0.0
2022-02-23,-0.016306270496365988,0.0
2022-02-24,0.009351857949339955,0.0
2022-02-25,0.027608831556571515,0.0
2022-02-28,-0.005509833426656554,0.0
2022-03-01,-0.019034024565405594,0.06230202912833023
2022-03-02,0.022302816049211454,0.0
2022-03-03,-0.002270237279179188,0.0022098353264168482
2022-03-04,-0.0075346854328675345,0.0
2022-03-07,-0.029723470367385516,0.0
2022-03-08,-0.005715659903817661,0.0
2022-03-09,0.021979305076059795,0.0
2022-03-10,-0.0024648926234835168,0.0
2022-03-11,-0.010461630607813091,0.0
2022-03-14,-0.0030318092896343,0.0
2022-03-15,0.016512357794631824,0.0
2022-03-16,0.019776228991741814,0.0
2022-03-17,0.012234978584791258,0.0
2022-03-18,0.0075929125402836705,0.0
2022-03-21,-0.002162427863397345,0.0
2022-03-22,0.007007233893773385,0.0
2022-03-23,-0.013415145988058975,0.0
2022-03-24,0.011728062822695272,0.0
2022-03-25,0.007675566170356661,0.0
2022-03-28,0.0019659796193777232,0.0
2022-03-29,0.015720022504895566,0.0
2022-03-30,-0.006862375661796502,0.0
2022-03-31,-0.013812139784010767,0.0
2022-04-01,0.003771453280886128,0.06220365943220099
2022-04-04,0.0018907213184361585,0.0
2022-04-05,-0.010205095421615962,0.004432442856283147
2022-04-06,-0.004462762124040177,0.0
2022-04-07,0.003050315661237133,0.0
2022-04-08,0.0019296202711722886,0.0
2022-04-11,-0.009446886501577226,0.0
2022-04-12,-0.002650079017855648,0.0
2022-04-13,0.010842841760199434,0.0
2022-04-14,-0.006299514096369835,0.0
2022-04-18,-0.0019776094653836626,0.0
2022-04-19,0.01757078793024542,0.0
2022-04-20,0.007274051189454306,0.0
2022-04-21,-0.013507452219241574,0.0
2022-04-22,-0.027298476219963137,0.0
2022-04-25,0.0027601881178288008,0.0
2022-04-26,-0.0233618031896424,0.0
2022-04-27,0.0016513736704300472,0.0
2022-04-28,0.017332384936727355,0.0
2022-04-29,-0.030400150503615053,0.0
2022-05-02,0.0018711327015965562,0.06663995847199042
2022-05-03,0.008168090483344999,0.0
2022-05-04,0.028002294516985386,0.0
2022-05-05,-0.03120321462760492,0.0
2022-05-06,-0.00949665354652425,0.0
2022-05-09,-0.02899401782007275,0.0
2022-05-10,-0.0028138648267165512,0.0
2022-05-11,-0.012385463592521143,0.0
2022-05-12,0.004439460407240489,0.0
2022-05-13,0.022737564774371784,0.0
2022-05-16,-0.003972324935137596,0.0
2022-05-17,0.021465436068338027,0.0
2022-05-18,-0.03852853118588995,0.0
2022-05-19,-0.002427695312063211,0.0
2022-05-20,0.0004765080358923341,0.0
2022-05-23,0.013991424619300951,0.0
2022-05-24,-0.0061483995871254,0.0
2022-05-25,0.011631258780897193,0.0
2022-05-26,0.02122736622994121,0.0
2022-05-27,0.022583200251944165,0.0
2022-05-31,-0.008727164762350538,0.0
2022-06-01,-0.010546596450072498,0.06233174256734304
2022-06-02,0.01860628003548785,0.0
2022-06-03,-0.012234939332891395,0.0
2022-06-06,0.003293374585283038,0.0
2022-06-07,0.009377347037645823,0.0
2022-06-08,-0.014476494453962534,0.0
2022-06-09,-0.021859384492827316,0.0
2022-06-10,-0.027201773313215605,0.006738262625937101
2022-06-13,-0.04025091220441997,0.0
2022-06-14,-0.0052708406321559185,0.0
2022-06-15,0.010601703556366703,0.0
2022-06-16,-0.03555939750375517,0.0
2022-06-17,0.0031480542435222392,0.0
2022-06-21,0.01811722425339811,0.0
2022-06-22,-0.00082688950666443,0.002160827419851268
2022-06-23,0.007905832587018553,0.0
2022-06-24,0.0320039760684255,0.0
2022-06-27,-0.0008736627715161822,0.0
2022-06-28,-0.014863369846845269,0.0
2022-06-29,-0.005077725990309867,0.0042472511351815765
2022-06-30,-0.006483836348467186,0.0
2022-07-01,0.012023851221511839,0.06907172277253606
2022-07-05,-0.0029678949316134856,0.0
2022-07-06,2.5855763903166447e-05,0.0
2022-07-07,0.014591559720798276,0.0
2022-07-08,-0.0038803632018995977,0.0
2022-07-11,-0.00933556480293817,0.0
2022-07-12,-0.00443908045487118,0.0
2022-07-13,-0.005720307351016836,0.0
2022-07-14,-0.007546357311100102,0.0
2022-07-15,0.019618816794214386,0.0
2022-07-18,-0.004384045192397431,0.0
2022-07-19,0.030069561484722215,0.0
2022-07-20,0.006468216738183235,0.0
2022-07-21,0.006917991972680155,0.0
2022-07-22,-0.006120813346570173,0.0
2022-07-25,0.0031306695198324627,0.0
2022-07-26,-0.008327512703369788,0.0
2022-07-27,0.01999225169914942,0.0
2022-07-28,0.015243428894095188,0.0
2022-07-29,0.009011887743642581,0.0
2022-08-01,-0.0021407459641679116,0.0591940050741272
2022-08-02,-0.007367469391706173,0.0
2022-08-03,0.009970693717964045,0.0
2022-08-04,-0.0028095078422685485,0.0
2022-08-05,0.00178711931820845,0.0
2022-08-08,0.0030708036134309276,0.0
2022-08-09,-0.005289550737106388,0.0
2022-08-10,0.02168225059492975,0.0
2022-08-11,0.004479090375424745,0.0
2022-08-12,0.015877618665533083,0.0
2022-08-15,0.0017183976731013936,0.0
2022-08-16,0.003435497674637749,0.0
2022-08-17,-0.009642207546632989,0.0
2022-08-18,0.0034767689174973635,0.0
2022-08-19,-0.012823952724015361,0.0
2022-08-22,-0.021383284265529146,0.0
2022-08-23,-0.001040121486023588,0.0
2022-08-24,0.00467853751125117,0.0
2022-08-25,0.01495806168334142,0.0
2022-08-26,-0.032273537178695265,0.0
2022-08-29,-0.005428504776705164,0.0
2022-08-30,-0.0107420400302306,0.0
2022-08-31,-0.007503782410128853,0.0
2022-09-01,0.0010103681486084426,0.05442685642797915
2022-09-02,-0.0075439061236757966,0.0
2022-09-06,-0.0033826153247196256,0.0
2022-09-07,0.02217646336348863,0.0
2022-09-08,0.008668418433978368,0.0
2022-09-09,0.01443299402195701,0.0
2022-09-12,0.0089054478168358,0.0
2022-09-13,-0.039721167121351486,0.0
2022-09-14,-0.00023224836221888813,0.0
2022-09-15,-0.007870989276409893,0.0
2022-09-16,-0.010429437904986471,0.0
2022-09-19,0.0077853996188930385,0.0
2022-09-20,-0.016325120792113568,0.004191909403036498
2022-09-21,-0.016226557763424927,0.0
2022-09-22,-0.014170770001366155,0.0
2022-09-23,-0.016947514784348812,0.0
2022-09-26,-0.014596319895681161,0.0
2022-09-27,-0.0031190410113976596,0.0
2022-09-28,0.02375529926660725,0.0
2022-09-29,-0.019665172976696538,0.0
2022-09-30,-0.012033316121944474,0.0
2022-10-03,0.028826221458988277,0.0515669170030488
2022-10-04,0.03482551811038381,0.0020604296488937147
2022-10-05,-0.004265997764256129,0.0
2022-10-06,-0.01154991281194162,0.0
2022-10-07,-0.024190455674113934,0.0
2022-10-10,-0.0067268722464497045,0.0
2022-10-11,-0.004496393832975693,0.0
2022-10-12,-0.004944761452754694,0.0
2022-10-13,0.024082635349420123,0.0024994777189609307
2022-10-14,-0.02238209200288591,0.0
2022-10-17,0.022798631190846373,0.0
2022-10-18,0.014324325479611478,0.0
2022-10-19,-0.011916938694533797,0.0
2022-10-20,-0.010885830274868358,0.0
2022-10-21,0.023747883359840325,0.0
2022-10-24,0.010699710052168857,0.0
2022-10-25,0.020026306268571006,0.0
2022-10-26,0.001623326274302116,0.0
2022-10-27,0.001146221883575545,0.0
2022-10-28,0.021237428123622577,0.0
2022-10-31,-0.004851597533990798,0.0
2022-11-01,0.0021708761283449896,0.07373504633971881
2022-11-02,-0.024545477231412094,0.002181186229343494
2022-11-03,-0.006396943302794319,0.0
2022-11-04,0.016895473450992644,0.0
2022-11-07,0.007883832343342261,0.0
2022-11-08,0.006499018314594191,0.0
2022-11-09,-0.01814839906950605,0.0021027450635762632
2022-11-10,0.05610026774400626,0.0
2022-11-11,0.011002207329607293,0.0
2022-11-14,-0.01196011835918913,0.0
2022-11-15,0.009955066018813843,0.0
2022-11-16,-0.011479178635923046,0.0
2022-11-17,-0.00583327476695766,0.0
2022-11-18,0.007304473729676407,0.0
2022-11-21,-0.00047308364182428676,0.0
2022-11-22,0.013012754914966264,0.0
2022-11-23,0.004387687736528792,0.0
2022-11-25,0.0023512549216901995,0.0
2022-11-28,-0.016742075013319545,0.0
2022-11-29,0.0033932648741434412,0.0
2022-11-30,0.024809321277594554,0.0
2022-12-01,0.0009343120473181976,0.05301923167743114
2022-12-02,-0.0006929209425739674,0.0
2022-12-05,-0.01946809418317536,0.0
2022-12-06,-0.01129603218472084,0.0
2022-12-07,-0.0014917684691607247,0.0
2022-12-08,0.006355062627052155,0.0
2022-12-09,-0.007370604010847085,0.0
2022-12-12,0.014903173930266602,0.0
2022-12-13,0.007383710896112578,0.0
2022-12-14,-0.006775016919142233,0.0
2022-12-15,-0.022164430161388048,0.0
2022-12-16,-0.011644978336608715,0.0
2022-12-19,-0.008705297539529118,0.0
2022-12-20,0.0010462449776478255,0.0022937741251340123
2022-12-21,0.01508033062815608,0.0
2022-12-22,-0.010587291620285407,0.0
2023-01-05,-0.009939300966941289,0.04909742826342495
2023-01-06,0.023798944098325493,0.0
2023-01-09,-2.4321357828300715e-06,0.0
2023-01-10,0.007527010831955592,0.0
2023-01-11,0.011958373630941805,0.0
2023-01-12,0.0034683385386937745,0.0
2023-01-13,0.0022804086925459605,0.0
2023-01-17,-0.002384284394161965,0.0
2023-01-18,-0.015240582783025668,0.0
2023-01-19,-0.010503908056916762,0.0
2023-01-20,0.017892670985602016,0.0
2023-01-23,0.012376653879894452,0.0
2023-01-24,-0.0019264407735686338,0.0
2023-01-25,0.0018776073005798562,0.0
2023-01-26,0.008101714294430276,0.0
2023-01-27,0.0015343878525989406,0.0
2023-01-30,-0.010337996731668759,0.0
2023-01-31,0.016730417447035646,0.0
2023-02-01,0.01023128624528069,0.07191991301987181
2023-02-02,0.010132710214090894,0.0
2023-02-03,-0.01140436820612362,0.0
2023-02-06,-0.007237469441310323,0.0
2023-02-07,0.008984765406990817,0.0
2023-02-08,-0.009847867380523522,0.0
2023-02-09,-0.009289670371927194,0.0
2023-02-10,0.0033444688309610033,0.0
2023-02-13,0.010933953801967423,0.0
2023-02-14,-0.0020373819510656225,0.0
2023-02-15,0.004371865859606368,0.0
2023-02-16,-0.011217851075262032,0.0
2023-02-17,-0.0016344702519175047,0.0
2023-02-21,-0.021156185619752396,0.0
2023-02-22,-0.001667266519024884,0.0
2023-02-23,0.0036537948695527242,0.0
2023-02-24,-0.00864649366877066,0.0
2023-02-27,0.0012942322594408611,0.0
2023-02-28,-0.002771653197285779,0.0
2023-03-01,-0.0029033203861718038,0.051332921902272684
2023-03-02,0.008064877647737431,0.0
2023-03-03,0.013150576235276264,0.0
2023-03-06,-0.004620422383545849,0.0
2023-03-07,-0.0161982374629773,0.0
2023-03-08,0.0022564393779742663,0.0
2023-03-09,-0.020212991800962185,0.0
2023-03-10,-0.019982368245184474,0.0
2023-03-13,-0.009320025962420674,0.0
2023-03-14,0.013303732470483725,0.0
2023-03-15,-0.013797719936005575,0.0
2023-03-16,0.012917701656349978,0.0017638352078913374
2023-03-17,-0.016362179771821257,0.0
2023-03-20,0.012536869456319377,0.0
2023-03-21,0.012137789719125935,0.00021696317345340995
2023-03-22,-0.021481778881834196,0.0
2023-03-23,-0.0026618889854583333,0.0
2023-03-24,0.007949339836732074,0.0
2023-03-27,0.006400999027428473,0.0
2023-03-28,0.0020141626567772917,0.0
2023-03-29,0.014867755487618912,0.0
2023-03-30,0.004870560254121522,0.0
2023-03-31,0.01509844946423363,0.0
2023-04-03,0.0006409656342949432,0.0646391245689231
2023-04-04,-0.010414622698113402,0.0
2023-04-05,-0.0020616016920196483,0.0
2023-04-06,0.0007394527844382106,0.0
2023-04-10,0.006246318894580674,0.0
2023-04-11,0.006585137143181643,0.0
2023-04-12,-0.005206286692155887,0.0
2023-04-13,0.008279296784680035,0.0
2023-04-14,-0.004627966524716647,0.0
2023-04-17,0.006688055761985671,0.0
2023-04-18,0.00015924419992979219,0.0
2023-04-19,0.00033013408597960705,0.0
2023-04-20,-0.005418844029688305,0.0
2023-04-21,-0.00016399429265237498,0.0
2023-04-24,0.001926963805283795,0.0
2023-04-25,-0.01729141835516236,0.0
2023-04-26,-0.010448199576342031,0.0
2023-04-27,0.016001781557914974,0.0
2023-04-28,0.011443011802128903,0.0
2023-05-01,-0.0010732119111457328,0.05054307155418522
2023-05-02,-0.01540695424538068,0.0
2023-05-03,-0.006257032050720554,0.0
2023-05-04,-0.009374572368228667,0.0
2023-05-05,0.01748009337809653,0.0021626209991259405
2023-05-08,-0.001920032862854998,0.0
2023-05-09,-0.004158643082961842,0.0
2023-05-10,-0.00031539648325855585,0.0
2023-05-11,-0.005120124291695317,0.0
2023-05-12,-0.00018690150596090228,0.0
2023-05-15,0.006385909738542008,0.0
2023-05-16,-0.014224845180474822,0.0
2023-05-17,0.013927211308292676,0.0
2023-05-18,0.00812061655018577,0.0
2023-05-19,-0.002984712514458313,0.0
2023-05-22,0.002233227077912414,0.0
2023-05-23,-0.010593703084589434,0.0
2023-05-24,-0.011615891752195425,0.0
2023-05-25,-6.577175900380164e-05,0.0
2023-05-26,0.008709065961623927,0.0
2023-05-30,-0.0016725242193283904,0.0
2023-05-31,-0.009658329091343508,0.0
2023-06-01,0.007839545201989706,0.06802445706132085
2023-06-02,0.02299995633753371,0.0
2023-06-05,-0.003760050375477692,0.0
2023-06-06,0.007487813647093712,0.0
2023-06-07,0.008676745243244887,0.0
2023-06-08,0.00028314920316718784,0.0025334997906521326
2023-06-09,-0.0015666811589751942,0.0
2023-06-12,0.006400907678900213,0.0
2023-06-13,0.01022835387621073,0.0
2023-06-14,-0.0023104719198563627,0.0
2023-06-15,0.011981545460386782,0.0
2023-06-16,-0.0011287073926528565,0.0
2023-06-20,-0.009034091614668756,0.0
2023-06-21,-0.0012388579243439114,0.0
2023-06-22,-0.004579047007044201,0.0
2023-06-23,-0.008320225403638191,0.0
2023-06-26,0.006013826321278164,0.0
2023-06-27,0.012457641778070381,0.0
2023-06-28,-0.0019076433152073477,0.0
2023-06-29,0.007778336253515456,0.0
2023-06-30,0.009314603186090257,0.0
2023-07-03,0.0031197681568255753,0.05074760155085292
2023-07-05,-0.004881946989306201,0.0
2023-07-06,-0.008311984418639357,0.0
2023-07-07,0.0023366243336869013,0.0
2023-07-10,0.008661631132229466,0.0
2023-07-11,0.011224910821806544,0.0020319663349052217
2023-07-12,0.004948399801356796,0.0
2023-07-13,0.0050560556053002,0.0
2023-07-14,-0.006123259107974287,0.0
2023-07-17,0.0017378714808913012,0.0
2023-07-18,0.006214614836323443,0.0
2023-07-19,0.005002134679048863,0.0
2023-07-20,-0.0009272861468235315,0.0
2023-07-21,0.0016411964490086277,0.0
2023-07-24,0.00259963066074038,0.0
2023-07-25,0.0007960967440628594,0.0
2023-07-26,0.002333674835622455,0.0
2023-07-27,-0.008770370689163188,0.0
2023-07-28,0.005101878157133855,0.0
2023-07-31,0.0026185788101008565,0.0
2023-08-01,-0.00381797567637876,0.05382152272011595
2023-08-02,-0.009280679253594402,0.0
2023-08-03,-0.005141843832362413,0.0
2023-08-04,-0.00489213720502609,0.0
2023-08-07,0.008380225856702304,0.0
2023-08-08,-0.004741599793108928,0.0
2023-08-09,-0.0029635252651662937,0.0
2023-08-10,-0.0011689519170842446,0.0
2023-08-11,0.00019046005646127537,0.0
2023-08-14,-0.00022966453893626901,0.0
2023-08-15,-0.013438167881150577,0.0
2023-08-16,-0.006844662902810986,0.0
2023-08-17,-0.0072925626513277685,0.0
2023-08-18,0.0010647077534353816,0.0
2023-08-21,-0.0001756112553742894,0.0
2023-08-22,-0.0034849734126551676,0.0
2023-08-23,0.008439478398120561,0.0
2023-08-24,-0.009680042381910434,0.0
2023-08-25,0.005295370621643144,0.0
2023-08-28,0.007245941532694644,0.0020832875489213915
2023-08-29,0.011238331363030131,0.0
2023-08-30,0.002714005243481845,0.0
2023-08-31,-0.0034226921824768164,0.004108547455279705
2023-09-01,0.003205281280324046,0.050202984560476525
2023-09-05,-0.011819067838521028,0.0
2023-09-06,-0.003387241682182619,0.0
2023-09-07,-0.004472789460042763,0.0
2023-09-08,0.0005773622430287344,0.0
2023-09-11,0.0019449644809530953,0.0
2023-09-12,-0.00160611605941763,0.0
2023-09-13,-0.003544654297492244,0.0
2023-09-14,0.011618692783870267,0.0
2023-09-15,-0.00818832897577217,0.0
2023-09-18,-0.002140400575612254,0.0
2023-09-19,-0.0018979115243179523,0.0020819028131499116
2023-09-20,-0.004151530767209879,0.0
2023-09-21,-0.01657697006506909,0.0
2023-09-22,-0.003987499654541708,0.0
2023-09-25,0.002481184452789494,0.0
2023-09-26,-0.01424760640249408,0.0
2023-09-27,0.00023707783738405569,0.0
2023-09-28,0.006988202295011289,0.0
2023-09-29,-0.002520054400124114,0.0
2023-10-02,-0.011102752042515429,0.0468641525338317
2023-10-03,-0.011870618154752655,0.004279079899867415
2023-10-04,0.006308518020882075,0.0
2023-10-05,-0.0034650760758703244,0.0
2023-10-06,0.008461910603525916,0.0
2023-10-09,0.0073216211119540115,0.0
2023-10-10,0.0077407851977124775,0.0
2023-10-11,0.0023603510459700057,0.0
2023-10-12,-0.012817439120334147,0.0
2023-10-13,-0.0024378320345428764,0.0
2023-10-16,0.012639329919386696,0.0
2023-10-17,0.004935569251244752,0.0
2023-10-18,-0.01631819518938369,0.0
2023-10-19,-0.011795895867253714,0.005906717677752693
2023-10-20,-0.012102969663646289,0.0
2023-10-23,-0.006474492874813821,0.0
2023-10-24,0.006534892082467778,0.0
2023-10-25,-0.011429186927506737,0.0
2023-10-26,-0.0014084434089044508,0.0
2023-10-27,-0.011803539288932323,0.0
2023-10-30,0.008211595215299898,0.0
2023-10-31,0.008758296420655549,0.0
2023-11-01,0.0026576285846520165,0.06843759602311096
2023-11-02,0.02254521215226423,0.0
2023-11-03,0.016454468671101626,0.0
2023-11-06,-0.004987189168039218,0.0
2023-11-07,-0.0021389499058241243,0.0
2023-11-08,-0.0013125142206218568,0.0
2023-11-09,-0.009058799027050781,0.0
2023-11-10,0.011961445380440886,0.0
2023-11-13,-0.00216213928526871,0.0
2023-11-14,0.029616878061818046,0.0
2023-11-15,0.005447056320416467,0.0
2023-11-16,-0.0032580782975993694,0.0
2023-11-17,0.00454699966240797,0.0
2023-11-20,0.003848085852425889,0.0
2023-11-21,-0.0022759050607860107,0.0
2023-11-22,0.004647432086445701,0.0
2023-11-24,0.003304341100344786,0.0
2023-11-27,-0.002935837189526164,0.0
2023-11-28,-0.00023380950279788657,0.0
2023-11-29,0.003966822843174655,0.0
2023-11-30,0.007785249209945665,0.0
2023-12-01,0.015666648904576697,0.06120398076048098
2023-12-04,0.0007164000807324658,0.0
2023-12-05,-0.009104704417107782,0.0
2023-12-06,0.001663014965485513,0.0
2023-12-07,0.0050682656320688154,0.0
2023-12-08,0.002664182186490418,0.0
2023-12-11,0.00887149001545463,0.0
2023-12-12,0.001871891402926172,0.0
2023-12-13,0.02151864358583625,0.0
2023-12-14,0.013892807580787843,0.0
2023-12-15,-0.006977507561588662,0.0
2023-12-18,0.0007801468470356985,0.0
2024-02-02,-0.0012616235602415093,0.04475137824704617
2024-02-05,-0.009026165911999747,0.0
2024-02-06,0.005847642740917622,0.0
2024-02-07,0.003481290077553441,0.0
2024-02-08,0.0025538498929694627,0.0
2024-02-09,0.0015912922996095488,0.0
2024-02-12,0.00649670177736326,0.0
2024-02-13,-0.017198471845240315,0.0
2024-02-14,0.009404082769451701,0.0
2024-02-15,0.011801741042206559,0.0
2024-02-16,-0.004056914181721487,0.0
2024-02-20,-0.00277742428330059,0.0
2024-02-21,0.0038921644209759867,0.0
2024-02-22,0.009488577781408833,0.0
2024-02-23,0.002511485949746015,0.0
2024-02-26,-0.004895202093172545,0.0
2024-02-27,0.004293310824036592,0.0
2024-02-28,-6.330757110435778e-05,0.0
2024-02-29,0.005522595024456515,0.0
2024-03-01,0.005358054517821786,0.054744365652177704
2024-03-04,0.002612146319744219,0.0
2024-03-05,-0.0050860680543418635,0.00422871002575715
2024-03-06,0.006088012567002017,0.0
2024-03-07,0.007683837048739455,0.0
2024-03-08,-0.0010235948379210234,0.0
2024-03-11,0.002410068167966594,0.0
2024-03-12,0.0019132003455136907,0.0
2024-03-13,0.0005193676127100772,0.0
2024-03-14,-0.009129890200873425,0.0
2024-03-15,-0.001133527959222321,0.0
2024-03-18,0.0030261185626929634,0.0
2024-03-19,0.005833483452287069,0.0022434539804579755
2024-03-20,0.008298424343954669,0.0
2024-03-21,0.006857047828306611,0.0
2024-03-22,-0.005864623129187001,0.0
2024-03-25,-0.002265229359905853,0.0
2024-03-26,-0.0015901748234028457,0.0018470553335005952
2024-03-27,0.016234390042535626,0.0
2024-03-28,0.004593936093794817,0.0
2024-04-01,-0.006148380170680201,0.04467552609868308
2024-04-02,-0.009086183322185692,0.0021380595443019615
2024-04-03,0.0006687101761304604,0.002181057805946389
2024-04-04,-0.01003077789656705,0.0
2024-04-05,0.0064815303914942625,0.0
2024-04-08,0.0029174781141938434,0.0
2024-04-09,0.004484728702320462,0.0
2024-04-10,-0.016915350815332093,0.0
2024-04-11,-0.001307794513384198,0.0
2024-04-12,-0.015526267794123074,0.0
2024-04-15,-0.008850644818736923,0.0
2024-04-16,-0.005569099227219301,0.0
2024-04-17,-0.0023059961297145245,0.0
2024-04-18,-0.0005218954001298666,0.0
2024-04-19,0.003717936540827057,0.0
2024-04-22,0.007917436429690972,0.0
2024-04-23,0.00799005490213011,0.0
2024-04-24,0.0018833270098906295,0.0
2024-04-25,-0.002730873829770292,0.0
2024-04-26,0.0013769756018422387,0.0
2024-04-29,0.006903494532299143,0.0
2024-04-30,-0.014367718349054918,0.0
2024-05-01,-0.0031417629577200623,0.05984539048083043
2024-05-02,0.0059311885140605125,0.0
2024-05-03,0.007048649735711356,0.0
2024-05-06,0.00739864875350987,0.0
2024-05-07,0.003399931943269999,0.0
2024-05-08,-0.0006071895193553739,0.0
2024-05-09,0.008616809787237889,0.006059002525788813
2024-05-10,0.00178646795098751,0.0
2024-05-13,-7.155901503233857e-05,0.0
2024-05-14,0.004287547871600496,0.0
2024-05-15,0.007884134572185071,0.0
2024-05-16,-0.0014732586741101684,0.0
2024-05-17,0.0015706652618228672,0.0
2024-05-20,-0.0007494078709974282,0.0
2024-05-21,-0.0007066063490283848,0.0
2024-05-22,-0.0030061389700504863,0.0
2024-05-23,-0.014389511981246743,0.0
2024-05-24,0.006121191036657305,0.0
2024-05-28,-0.007417115161566341,0.0
2024-05-29,-0.01171213467604885,0.0
2024-05-30,0.004628342402699639,0.0
2024-05-31,0.013620281558429084,0.0
2024-06-03,-0.0043723299301936525,0.055171457293391436
2024-06-04,-0.0021478272146268807,0.0
2024-06-05,0.005994773317423757,0.0
2024-06-06,-0.0018890982739762146,0.0
2024-06-07,-0.0033007771355068835,0.0
2024-06-10,0.0021896790204769512,0.0
2024-06-11,-0.003776436068990253,0.0
2024-06-12,0.005071261683872574,0.0
2024-06-13,-0.0025974904568906317,0.0
2024-06-14,-0.006285020818225285,0.0
2024-06-17,0.006879048007974982,0.0
2024-06-18,0.0024712690640395782,0.0
2024-06-20,0.0011773481125088936,0.0
2024-06-21,0.0018901248444038237,0.0
2024-06-24,0.004939965075954199,0.0
2024-06-25,-0.007185064422143395,0.001979254308733892
2024-06-26,-0.003356618670759102,0.0
2024-06-27,0.000740599016777973,0.0
2024-06-28,0.0014193945687847318,0.0
2024-07-01,-0.0077591713497083825,0.04774906509970042
2024-07-02,0.004166147643363799,0.0
2024-07-03,0.0005173083195649189,0.0
2024-07-05,-0.0008633063999868613,0.0
2024-07-08,0.001894787378866962,0.0
2024-07-09,-0.0016055443351801202,0.00636276951472305
2024-07-10,0.009242239621689883,0.0
2024-07-11,0.01180600949423463,0.0
2024-07-12,0.007756398211836252,0.0
2024-07-15,0.0009277856108864574,0.0
2024-07-16,0.017271517622667248,0.0
2024-07-17,-0.0028836961868717093,0.0
2024-07-18,-0.00846632803363927,0.0
2024-07-19,-0.006868230808983467,0.0
2024-07-22,0.00849158021096609,0.0
2024-07-23,-0.003739569686114754,0.0
2024-07-24,-0.011274322011818242,0.0
2024-07-25,0.0016355547293275183,0.0
2024-07-26,0.014056052603260302,0.0
2024-07-29,0.0013748061282004777,0.0
2024-07-30,0.004912677709683555,0.0
2024-07-31,0.004350296217050437,0.0
2024-08-01,-0.009812462262977828,0.07414362249504641
2024-08-02,-0.0174877162941034,0.0
2024-08-05,-0.02369050828475243,0.0
2024-08-06,0.010044296285464613,0.0
2024-08-07,-0.007279446113182373,0.0
2024-08-08,0.018778088385269967,0.0
2024-08-09,0.001916012476095678,0.0
2024-08-12,-0.004680750913011882,0.0
2024-08-13,0.011500315812718582,0.0
2024-08-14,0.002068393414655187,0.0
2024-08-15,0.013492032012532271,0.0
2024-08-16,0.002864122061361422,0.0
2024-08-19,0.007705426655309874,0.0
2024-08-20,-0.0042112932941313005,0.0
2024-08-21,0.007362322593898492,0.0
2024-08-22,-0.0033913447222495554,0.0
2024-08-23,0.012610252301422029,0.0
2024-08-26,-0.0004470460474978442,0.0
2024-08-27,0.00025741836705807765,0.0
2024-08-28,-0.0028250678342284126,0.0
2024-08-29,0.003138209396139806,0.0
2024-08-30,0.007957203821237106,0.0
2024-09-03,-0.013553771515907087,0.049632766065359636
2024-09-04,-0.0010920155763099314,0.0
2024-09-05,-0.00600062990507366,0.0
2024-09-06,-0.01175936409561347,0.0
2024-09-09,0.009976572182206574,0.0
2024-09-10,0.0002562002357065339,0.0
2024-09-11,0.0016035160456224734,0.0
2024-09-12,0.005293740824925853,0.0
2024-09-13,0.009411540524634221,0.0
2024-09-16,0.006617506409007071,0.0
2024-09-17,0.0017233256941782036,0.0
2024-09-18,-0.0020943022850718786,0.0
2024-09-19,0.011484201587666954,0.0
2024-09-20,-0.004266659425259802,0.0
2024-09-23,0.005066258763067412,0.0
2024-09-24,0.0017632076294746015,0.0
2024-09-25,-0.006637357474730635,0.0
2024-09-26,0.009334743356604606,0.0
2024-09-27,0.0034536715661348926,0.0
2024-09-30,0.0015882887231335558,0.0
2024-10-01,-0.005308220357085114,0.047290076063209
2024-10-02,-0.0013926915164809387,0.0
2024-10-03,-0.005019569139018462,0.0
2024-10-04,0.006773169811990484,0.0
2024-10-07,-0.00821017460463244,0.0
2024-10-08,0.0026487579968561253,0.0
2024-10-09,0.007021943425412122,0.0
2024-10-10,-0.003975284775549952,0.0
2024-10-11,0.00953128271288933,0.0
2024-10-14,0.006776846205482871,0.0
2024-10-15,-0.0038545171810888306,0.0
2024-10-16,0.006282235703357854,0.0
2024-10-17,-0.0015405603348298113,0.0
2024-10-18,0.0028697204417452017,0.0
2024-10-21,-0.008801028891566408,0.0
2024-10-22,-0.004085897395558847,0.0
2024-10-23,-0.0033917232064384056,0.0
2024-10-24,-0.00015659128399742053,0.0
2024-10-25,-0.004665006360376975,0.0
2024-10-28,0.005358353314584729,0.0
2024-10-29,-0.0032223973383141593,0.0
2024-10-30,-0.0013346970519349877,0.0
2024-10-31,-0.010702795876728408,0.0
2024-11-01,0.0004520240183529811,0.06774017546078012
2024-11-04,0.0016291740788124192,0.0
2024-11-05,0.010632280335562294,0.0
2024-11-06,0.02150157028416829,0.0
2024-11-07,0.0006118581096302688,0.0
2024-11-08,0.004908221789143787,0.0
2024-11-11,0.004506217322613769,0.0
2024-11-12,-0.007200246748967066,0.0
2024-11-13,0.0006634792716200756,0.0
2024-11-14,-0.007155375299579664,0.0
2024-11-15,-0.008033186152065924,0.0
2024-11-18,0.0045669075046458635,0.0
2024-11-19,-0.0035834273819005877,0.0
2024-11-20,0.003037600752480882,0.0
2024-11-21,0.012216300727035175,0.0
2024-11-22,0.007470500215143965,0.0
2024-11-25,0.009376574312337434,0.0
2024-11-26,-0.00012100451884902866,0.0
2024-11-27,-0.0002717258753497376,0.003962338890935685
2024-11-29,0.002705788267130122,0.0
2024-12-02,-0.0028222800029665818,0.05582791630308155
2024-12-03,-0.004642929998575132,0.0
2024-12-04,-0.0007518174312225761,0.0
2024-12-05,-0.005252415465484831,0.0
2024-12-06,-0.00149992949673242,0.0
2024-12-09,-0.0026718929679289544,0.0
2024-12-10,-0.0054852131583876555,0.0
2024-12-11,-9.949510924197463e-05,0.0
2024-12-12,-0.0035090006583307527,0.0
2024-12-13,-0.0037339568612085755,0.0
2024-12-16,-0.004097530696817474,0.0
2024-12-17,-0.006687703843284265,0.0
2024-12-18,-0.028628814325214996,0.0
2024-12-19,-0.00449126638378546,0.0
2024-12-20,0.013298124856793466,0.0
2024-12-23,0.00192833964852,0.0
2025-03-25,-0.002772503142099536,0.06017349746629238
2025-03-26,-0.0007485044140681556,0.0
2025-03-27,-0.0020064418228925595,0.0
2025-03-28,-0.014355784494512719,0.0
2025-03-31,0.008038655683171131,0.0
2025-04-01,0.0005790848563882456,0.03463552844846547
2025-04-02,0.008142026351700079,0.0
2025-04-03,-0.04692835721667603,0.0
2025-04-04,-0.05573330366926264,0.0
2025-04-07,-0.008983744458340734,0.0
2025-04-08,-0.01945135389347429,0.0
2025-04-09,0.07856759318554568,0.0
2025-04-10,-0.03307259455832244,0.0
2025-04-11,0.015664904584612182,0.0
2025-04-14,0.01253302787577619,0.0
2025-04-15,-0.003738785092587295,0.0
2025-04-16,-0.013581812733462189,0.0
2025-04-17,0.007501921408442995,0.0
2025-04-21,-0.019540250774812216,0.0
2025-04-22,0.02483926075882166,0.0
2025-04-23,0.009118881030568186,0.0
2025-04-24,0.016152326149630587,0.0
2025-04-25,-0.001439253885253182,0.0
2025-04-28,0.002941788841872504,0.0
2025-04-29,0.005423672111366331,0.0
2025-04-30,0.0021517171503368715,0.0
2025-05-01,-0.0016549183625182984,0.05774137507850492
2025-05-02,0.01747747762483616,0.0
2025-05-05,-0.004052093114701322,0.0
2025-05-06,-0.007100931585782813,0.0
2025-05-07,0.006703281489555237,0.0
2025-05-08,0.008845849612597776,0.0
2025-05-09,0.0002929146977493649,0.0
2025-05-12,0.028284451989001078,0.0
2025-05-13,0.0009114461254143807,0.0
2025-05-14,-0.006732383512993401,0.0
2025-05-15,0.009201370003392186,0.0
2025-05-16,0.009649638556654502,0.0
2025-05-19,-0.0001407031882271184,0.0
2025-05-20,-0.0029037172384371868,0.0019922527307345826
2025-05-21,-0.021641210380140587,0.0
2025-05-22,-0.0033209926197988217,0.0
2025-05-23,-0.003518583674484046,0.0
2025-05-27,0.01851042229356634,0.0
2025-05-28,-0.009004303608337923,0.0
2025-05-29,0.003665663494647109,0.0
2025-05-30,-0.00033467873319944764,0.0
2025-06-02,-0.00012882369104028069,0.062019766225686127
2025-06-03,0.008067375811734378,0.0
2025-06-04,-0.002060713474853065,0.0
2025-06-05,-0.0018187963891964482,0.0
2025-06-06,0.008715419228596826,0.0
2025-06-09,0.0007951952842172657,0.0
2025-06-10,0.006586547644059944,0.0
2025-06-11,-0.003604722721447528,0.0
2025-06-12,0.002317345577996557,0.0
2025-06-13,-0.012343894207086887,0.0
2025-06-16,0.009056064032278183,0.0
2025-06-17,-0.010721824529246906,0.0
2025-06-18,-0.0001649416982226736,0.0
2025-06-20,0.001583953513908064,0.0
2025-06-23,0.008658499930335068,0.0
2025-06-24,0.009249556502476278,0.0
2025-06-25,-0.007373314743328905,0.0
2025-06-26,0.007387208277878532,0.0
2025-06-27,0.004144047866608949,0.0
2025-06-30,0.004585744595769423,0.0
2025-07-01,0.012380494888275528,0.06017228498473131
2025-07-02,0.0022725858264286613,0.0
2025-07-03,0.004872177996754327,0.0
2025-07-07,-0.008767638485768404,0.0
2025-07-08,0.0030337273753089688,0.0
2025-07-09,0.002865436588794384,0.0
2025-07-10,0.005959541139722635,0.0021514150087792844
2025-07-11,-0.00761967426024731,0.0
2025-07-14,0.00046536541388913827,0.0
2025-07-15,-0.013674662426059064,0.0
2025-07-16,0.004034121292245806,0.0
2025-07-17,0.007260096658369138,0.0
2025-07-18,-0.00016852432840517082,0.0
2025-07-21,-0.0029399689309819177,0.0022137869919077306
2025-07-22,0.013507073191967303,0.0
2025-07-23,0.006933127459241752,0.0
2025-07-24,-0.0035484935180137623,0.0
2025-07-25,0.0049036365614963376,0.0
2025-07-28,-0.005885146623205957,0.0
2025-07-29,-0.0007808102754301487,0.0
2025-07-30,-0.007045609761120295,0.0
2025-07-31,-0.00929230039072271,0.0
2025-08-01,-0.010096072313500626,0.06931732468502917
2025-08-04,0.011845692552750526,0.0
2025-08-05,-0.00292464105849725,0.0
2025-08-06,-0.002271549602251579,0.0
2025-08-07,-0.0005557523585377807,0.0
2025-08-08,0.003245438861412286,0.0
2025-08-11,-0.003336431846370669,0.002137773401205612
2025-08-12,0.013400148388967949,0.0
2025-08-13,0.014146398134093543,0.0
2025-08-14,-0.005822718396190387,0.0
2025-08-15,-0.0018521892835850842,0.0
2025-08-18,-0.00021937890078050753,0.0
2025-08-19,0.0060069661868136235,0.0
2025-08-20,-0.00041326725666351166,0.0
2025-08-21,-0.003736599848928384,0.0
2025-08-22,0.01968539708234511,0.0
2025-08-25,-0.007746654548771017,0.0
2025-08-26,0.0004001812292685721,0.0
2025-08-27,0.0038052322990573197,0.0
2025-08-28,-0.0011136880756319992,0.0
2025-08-29,-0.00023485330711014996,0.006311633925642207
2025-09-02,-0.0070160633741617184,0.056708984094359725
2025-09-03,-0.0016247785417431064,0.0
2025-09-04,0.007000634073243859,0.0
2025-09-05,0.0012870769897265315,0.0
2025-09-08,-0.0007065119445353034,0.0
2025-09-09,-0.003213283563443247,0.0
2025-09-10,-0.0020307055428330496,0.0
2025-09-11,0.015422068549933474,0.0
2025-09-12,-0.0078076515507655,0.0
2025-09-15,-0.002442534190808477,0.0
2025-09-16,-0.0021605084221717253,0.0
2025-09-17,0.0011055973411396266,0.0
2025-09-18,0.0056313475995031816,0.0
2025-09-19,-0.0023208202302564644,0.0
2025-09-22,0.0008360800171068497,0.0
2025-09-23,0.0007248019664430319,0.0
2025-09-24,-0.0018191393186618265,0.0
2025-09-25,-0.008621529956335371,0.0
2025-09-26,0.010278844679090493,0.0
2025-09-29,0.002386190324357252,0.0
2025-09-30,0.003214188542553743,0.0
2025-10-01,0.0019024822236404226,0.06583211252404955
2025-10-02,0.0020986464492914487,0.0
2025-10-03,0.0038568862100236585,0.0
2025-10-06,-0.0006456898210719025,0.0
2025-10-07,-0.00465573040065672,0.0
2025-10-08,0.002287247041481132,0.0
2025-10-09,-0.007797107874572665,0.0
2025-10-10,-0.02156761529221815,0.0
2025-10-13,0.009822265197764073,0.0
2025-10-14,0.009195843195123468,0.0
2025-10-15,0.0013251241463022817,0.0
2025-10-16,-0.008721144269719231,0.0
2025-10-17,0.005020555113711679,0.0
2025-10-20,0.009735612949084047,0.0
2025-10-21,0.005061543484476162,0.0
2025-10-22,-0.004384283977693778,0.0
2025-10-23,0.004235286521244903,0.0
2025-10-24,0.0018290023757423885,0.0
2025-10-27,0.004374772424791052,0.0
2025-10-28,-0.009122380628357445,0.0
2025-10-29,-0.011720285455511601,0.0
2025-10-30,-0.003186307109392845,0.0
2025-10-31,0.0013998241620303276,0.0019299405148962526
2025-11-03,-0.003095016933323036,0.06743457662038921
2025-11-04,-0.0050260585406068925,0.002107014996362327
2025-11-05,0.005105440675176709,0.0020740963075343718
2025-11-06,-0.006644527998137105,0.0
2025-11-07,0.009721605186741745,0.0
2025-11-10,0.0041116951178995186,0.0
2025-11-11,0.006855550134372749,0.0
2025-11-12,0.00274886449684697,0.0020896235005187043
2025-11-13,-0.01025073226234352,0.0
2025-11-14,-0.0034316115629607524,0.0
2025-11-17,-0.012630919977745004,0.0
2025-11-18,0.0004911976128567199,0.0
2025-11-19,-0.003109595086347099,0.0
2025-11-20,-0.009759190339165141,0.0
2025-11-21,0.02003829288915548,0.0
2025-11-24,0.002846321905847306,0.0
2025-11-25,0.014798505809849382,0.0
2025-11-26,0.005819426152199676,0.0
2025-11-28,0.004639843349201667,0.0
2025-12-01,-0.006473698205207823,0.05439598162434571
2025-12-02,-0.0008287143591549188,0.0
2025-12-03,0.007593633678738612,0.0
2025-12-04,2.4401794379144e-05,0.0
2025-12-05,0.0021012105589966476,0.0
2025-12-08,-0.0064904783562074,0.0
2025-12-09,-0.002219561894508468,0.0
2025-12-10,0.013846888531256298,0.0
2025-12-11,0.009023592695188574,0.0
2025-12-12,-0.005047201207228236,0.0042052537247654455
2025-12-15,0.0015411885583607261,0.0
2025-12-16,-0.007270878423106716,0.0
2025-12-17,-0.0019416470106740794,0.0
2025-12-18,0.0013141450242860181,0.0
2025-12-19,0.0027721718818808174,0.0
2025-12-22,0.007689770660238141,0.0
2026-01-15,0.004914845386013056,0.06377208581794516
2026-01-16,-0.0029958773988002963,0.0
2026-01-20,-0.015271967116097516,0.0
2026-01-21,0.015698147263359483,0.0
2026-01-22,0.0017986765756986614,0.0
2026-01-23,-0.004086790148231332,0.0
2026-01-26,0.002802572984564681,0.0
2026-01-27,-0.0015717364127518954,0.0
2026-01-28,-0.0034020894220650956,0.0
2026-01-29,0.0011172088233490788,0.0
2026-01-30,-0.0022275494141797913,0.0
2026-02-02,0.004517133532710993,0.048462835853851825
2026-02-03,-0.003460699829372159,0.0
2026-02-04,0.011106328207632646,0.0
2026-02-05,-0.008474632282874971,0.0
2026-02-06,0.017321525920473382,0.0
2026-02-09,0.0003312273041690979,0.0
2026-02-10,0.003584485664220427,0.007959170379705772
2026-02-11,0.0015783629890627083,0.0
2026-02-12,-0.013427874180876315,0.0
2026-02-13,0.010260210827022448,0.0
2026-02-17,-0.0021123900506337815,0.0
2026-02-18,0.005304897416722898,0.0
2026-02-19,-0.0030877783421670974,0.0
2026-02-20,0.004415189780669511,0.0
2026-02-23,-0.010965112043114102,0.0
2026-02-24,0.008041721588938918,0.0
2026-02-25,5.680611026140643e-05,0.0
2026-02-26,0.006202270916878928,0.0
2026-02-27,0.0010025715820265793,0.0
2026-03-02,-0.0019736218970337616,0.07945249175826802
2026-03-03,-0.010215592644201047,0.0
2026-03-04,0.003418406682223868,0.0
2026-03-05,-0.009254179694307061,0.0
2026-03-06,-0.011727949146423453,0.0
2026-03-09,0.0015152060175128807,0.0
2026-03-10,-0.008841632367791057,0.0
2026-03-11,-0.003802748528344735,0.0
2026-03-12,-0.014859164555072475,0.0
2026-03-13,-0.0006225375799988302,0.0
2026-03-16,0.0066326359710970825,0.0
2026-03-17,0.00514193587234317,0.0
2026-03-18,-0.013710102477569583,0.0
2026-03-19,-0.0008115718553654233,0.0
2026-03-20,-0.013881179363251324,0.0
2026-03-23,0.010209904050145251,0.0
2026-03-24,0.0012856018628066845,0.0022748852135603473
2026-03-25,0.004543894164535917,0.0
2026-03-26,-0.007199407128064872,0.0
2026-03-27,-0.013105887863609375,0.0
2026-03-30,-0.0011416817060730582,0.0
2026-03-31,0.018979571730838436,0.0
2026-04-01,0.002335514659598692,0.0601277145278781
2026-04-02,0.0025337220373611853,0.0
2026-04-06,0.004690206296143907,0.0
2026-04-07,-0.002891341099340178,0.0
2026-04-08,0.023107770256058598,0.0
2026-04-09,0.0002895253052690094,0.0
2026-04-10,-0.00809577159019792,0.0020686690392268743
2026-04-13,0.010949107099500768,0.0
2026-04-14,0.0037602664988060836,0.0
2026-04-15,-0.0006332753364972495,0.0
2026-04-16,0.004656002280158431,0.0
2026-04-17,0.012114325523264163,0.0
2026-04-20,0.002004068688960271,0.0
2026-04-21,-0.005510190573691473,0.0
2026-04-22,-0.0007736121375051079,0.0
2026-04-23,8.003344295562494e-05,0.0
2026-04-24,-0.002116966045618181,0.0
2026-04-27,-0.0020224599133753904,0.0
2026-04-28,-0.0037176773697445466,0.0
2026-04-29,-0.0019608658916984868,0.0
2026-04-30,0.013728599598177762,0.0
2026-05-01,-0.004018488666470366,0.09270121360497849
2026-05-04,-0.00719033380064622,0.0
2026-05-05,0.0066923898219754495,0.0
2026-05-06,0.007778968733733491,0.0
2026-05-07,-0.005317829691215867,0.0
2026-05-08,0.0003185403993568592,0.002056458108385729
2026-05-11,-0.0035298405882436034,0.0
2026-05-12,0.00013586197635110788,0.0
2026-05-13,-0.0050145591307606706,0.0
2026-05-14,0.0034526583928020924,0.0
2026-05-15,-0.009829684402507713,0.0
2026-05-18,0.0090673283879756,0.0
2026-05-19,-0.005309284212411833,0.0
2026-05-20,0.01120502112195957,0.0
2026-05-21,0.00306439897914547,0.0
2026-05-22,0.00919303036049417,0.0
2026-05-26,0.0030284970395686867,0.0
2026-05-27,-4.8676725278085304e-05,0.0
2026-05-28,0.0037464533448189016,0.0
2026-05-29,0.001462785378356637,0.0
2026-06-01,0.0013111415195188325,0.08820906650391944
2026-06-02,0.0018817765024907729,0.002110182859155902
2026-06-03,-0.0035637995057293814,0.0041976452984384995
2026-06-04,0.009595553759736773,0.0
2026-06-05,-0.00771526551011531,0.0
2026-06-08,-0.0033927200530018383,0.0
2026-06-09,0.01093722488974677,0.0
2026-06-10,-0.011893290743211604,0.0
2026-06-11,0.012439017070995692,0.0
2026-06-12,0.008143659126261443,0.0
2026-06-15,0.0018685573538161139,0.0
2026-06-16,-0.0003466893421506459,0.0
2026-06-17,-0.01621093176343772,0.0
2026-06-18,0.0030025353111592114,0.0
2026-06-22,0.0002693163525833069,0.0
2026-06-23,-0.0011570685511411915,0.0
2026-06-24,0.007970251813448917,0.0
2026-06-25,0.006785651104942245,0.0
2026-06-26,0.005550660291547796,0.0
2026-06-29,0.0011308787131254223,0.0
2026-06-30,-0.002136792074512117,0.002204006090220272
