date,return,turnover
2005-01-07,9.999999999998899e-05,0.0
2005-01-10,9.999999999998899e-05,0.0
2005-01-11,9.999999999998899e-05,0.0
2005-01-12,9.999999999998899e-05,0.0
2005-01-13,9.999999999998899e-05,0.0
2005-01-14,9.999999999998899e-05,0.0
2005-01-18,9.999999999998899e-05,0.0
2005-01-19,9.999999999998899e-05,0.0
2005-01-20,9.999999999998899e-05,0.0
2005-01-21,9.999999999998899e-05,0.0
2005-01-24,9.999999999998899e-05,0.0
2005-01-25,9.999999999998899e-05,0.0
2005-01-26,9.999999999998899e-05,0.0
2005-01-27,9.999999999998899e-05,0.0
2005-01-28,9.999999999998899e-05,0.0
2005-01-31,9.999999999998899e-05,0.0
2005-02-01,-0.0024002499999999927,1.0
2005-02-02,0.004748681556184098,0.0
2005-02-03,-0.0004334096256723614,0.0
2005-02-04,0.01068541496412334,0.0
2005-02-07,-0.0028470620077022456,0.0
2005-02-08,0.001357647284840952,0.0
2005-02-09,-0.009708651609808678,0.0
2005-02-10,0.0047181811034223906,0.0
2005-02-11,0.010981942561179854,0.0
2005-02-14,0.00204707345017601,0.0
2005-02-15,0.009517850167145821,0.0
2005-02-16,0.0007761877719554321,0.0
2005-02-17,-0.00674576500507915,0.0
2005-02-18,0.002201441310285906,0.0
2005-02-22,-0.017849989739223242,0.0
2005-02-23,0.004957417425125677,0.0
2005-02-24,0.013551470884475898,0.0
2005-02-25,0.013515611666544993,0.0
2005-02-28,-0.008204533410871788,0.0
2005-03-01,0.0036594857752465515,0.4474054842126215
2005-03-02,0.001717366298666995,0.0
2005-03-03,0.0031372924385734955,0.0
2005-03-04,0.014502952139908196,0.0
2005-03-07,0.0009279122194025228,0.0
2005-03-08,-0.006099021221732835,0.0
2005-03-09,-0.012172560939770665,0.0
2005-03-10,-0.0018448550248379252,0.0
2005-03-11,-0.0008892465362795804,0.0
2005-03-14,0.0049700037221079175,0.0
2005-03-15,-0.005397553805405752,0.0
2005-03-16,-0.00877156828510454,0.0
2005-03-17,0.0050975143040653485,0.0
2005-03-18,0.00033364241075075685,0.0
2005-03-21,-0.002960792098989834,0.0
2005-03-22,-0.007463550209879608,0.0
2005-03-23,-0.0069414759069677725,0.0
2005-03-24,0.004834703371486669,0.0
2005-03-28,0.0014703758944928297,0.0
2005-03-29,-0.011888108181515065,0.0
2005-03-30,0.01374472066379398,0.0
2005-03-31,0.0044176740740143605,0.0
2005-04-01,-0.0009024763413503223,0.39042370777234514
2005-04-04,0.002174822054999011,0.0
2005-04-05,0.0032599791314104165,0.0
2005-04-06,0.0017901903909569089,0.0
2005-04-07,0.00326865987366354,0.0
2005-04-08,-0.010893511988864079,0.0
2005-04-11,0.0008837294196026466,0.0
2005-04-12,0.004309076040440372,0.0
2005-04-13,-0.015875536377818654,0.0
2005-04-14,-0.01711102888404875,0.0
2005-04-15,-0.02351968967159683,0.0
2005-04-18,0.003736036389643352,0.0
2005-04-19,0.01063770392193581,0.0
2005-04-20,-0.01540525883662508,0.0
2005-04-21,0.02159155022722561,0.0
2005-04-22,-0.007699909469341839,0.0
2005-04-25,0.012829101959569513,0.0
2005-04-26,-0.012060474786840716,0.0
2005-04-27,-0.0012372697673093593,0.0
2005-04-28,-0.009389754387138925,0.0
2005-04-29,0.010907811429708123,0.0
2005-05-02,0.006314701181355575,0.4114611981203815
2005-05-03,-0.00585111996064857,0.0
2005-05-04,0.012919921695751898,0.0
2005-05-05,-0.001071831877858373,0.0
2005-05-06,0.001189248303559632,0.0
2005-05-09,0.008357295732758892,0.0
2005-05-10,-0.01061191570031408,0.0
2005-05-11,0.005295548922393361,0.0
2005-05-12,-0.019440215027092436,0.0
2005-05-13,-0.008822840179088777,0.0
2005-05-16,0.010300808852901007,0.0
2005-05-17,0.011305274572224834,0.0
2005-05-18,0.011960868484902036,0.0
2005-05-19,0.006321151116573673,0.0
2005-05-20,-0.0017953414209444787,0.0
2005-05-23,0.006244549136133883,0.0
2005-05-24,-0.001754555981117175,0.0
2005-05-25,-0.004095308187767654,0.0
2005-05-26,0.00808478825423628,0.0
2005-05-27,0.00426573798685401,0.0
2005-05-31,-0.004633456373868026,0.0
2005-06-01,0.009938353989507043,0.391566257148534
2005-06-02,0.0028791387014003335,0.0
2005-06-03,-0.001996016759051174,0.0
2005-06-06,0.003828850787051097,0.0
2005-06-07,0.00018255854138899888,0.0
2005-06-08,-0.003147075885713217,0.0
2005-06-09,0.007186068832991829,0.0
2005-06-10,-0.0018051912324435703,0.0
2005-06-13,0.0027443945862537563,0.0
2005-06-14,0.004815995706167373,0.0
2005-06-15,0.0022689198241125827,0.0
2005-06-16,0.003909567120399766,0.0
2005-06-17,0.008481685913927128,0.0
2005-06-20,-0.001465712633103028,0.0
2005-06-21,-0.004614573254396117,0.0
2005-06-22,0.00220604942207477,0.0
2005-06-23,-0.007312747696021681,0.0
2005-06-24,-0.007359037928524808,0.0
2005-06-27,0.004020876003593974,0.0
2005-06-28,0.009643544441355897,0.0
2005-06-29,-0.0016184583846279394,0.0
2005-06-30,-0.0021034188407454708,0.0
2005-07-01,0.0046031748265513706,0.3310506638913395
2005-07-05,0.010676164877255246,0.0
2005-07-06,-0.006544699393879904,0.0
2005-07-07,0.004015407281998949,0.0
2005-07-08,0.008889793507233094,0.0
2005-07-11,0.0070579794172735836,0.0
2005-07-12,0.0022599962724859693,0.0
2005-07-13,-0.0025705001155630863,0.0
2005-07-14,-0.00561026909858857,0.0
2005-07-15,0.0024353228485062997,0.0
2005-07-18,-0.0007617942498291653,0.0
2005-07-19,0.008065517919849823,0.0
2005-07-20,0.008962055977803354,0.0
2005-07-21,-0.012150464391038701,0.0
2005-07-22,0.008306730886287639,0.008794851756401396
2005-07-25,-0.00418565299953857,0.0
2005-07-26,0.003553429714071807,0.0
2005-07-27,0.003091754973054621,0.0
2005-07-28,0.011437835603171683,0.0
2005-07-29,-0.005346979991014173,0.0
2005-08-01,1.9071416512472794e-05,0.3702002466552995
2005-08-02,0.007466481061821399,0.0
2005-08-03,0.0037574248366014223,0.0
2005-08-04,-0.007495286625386819,0.0
2005-08-05,-0.013327842592304736,0.0
2005-08-08,-0.0056389655353160095,0.0
2005-08-09,0.00437707546104234,0.0
2005-08-10,0.003511752572489489,0.0
2005-08-11,0.011106889512274759,0.0
2005-08-12,-0.0037536483238305727,0.0
2005-08-15,0.002797481268048463,0.008606231284274036
2005-08-16,-0.012857065540217285,0.0
2005-08-17,-0.0024777775709102674,0.0
2005-08-18,-0.001075150245546163,0.0
2005-08-19,0.0025237211043921356,0.0
2005-08-22,0.005743686643231415,0.0
2005-08-23,-0.0005156801633998676,0.008760750534078095
2005-08-24,-0.010093553232820436,0.0
2005-08-25,0.004188917338598928,0.0
2005-08-26,0.00023238508182186414,0.0
2005-08-29,-0.001399216878291119,0.0
2005-08-30,-0.0012589795302795793,0.0
2005-08-31,0.013592113278694057,0.0
2005-09-01,0.002629423014961718,0.42037296982831374
2005-09-02,-0.00410321228631085,0.0
2005-09-06,0.013456014922872003,0.0
2005-09-07,0.005948733319659713,0.0
2005-09-08,-0.0033861557763926005,0.0
2005-09-09,0.01253395573542213,0.0
2005-09-12,-0.0012929886714880673,0.0
2005-09-13,-0.00744455488296378,0.0
2005-09-14,-0.003127686303190421,0.0
2005-09-15,0.0024264376851407176,0.0
2005-09-16,0.008533012387371874,0.0
2005-09-19,-0.007561187208194079,0.0
2005-09-20,-0.008886432756324895,0.0
2005-09-21,-0.008955844569018642,0.0
2005-09-22,0.002675481250643244,0.0
2005-09-23,0.004026078703605298,0.0
2005-09-26,0.0035330004631739255,0.0
2005-09-27,0.000759816724903123,0.0
2005-09-28,0.0017108317740702132,0.0
2005-09-29,0.01177416414442387,0.0
2005-09-30,0.012693466522897004,0.0
2005-10-03,0.0017550569543232086,0.305426866395386
2005-10-04,-0.013767799131068386,0.0
2005-10-05,-0.022773347459802477,0.0
2005-10-06,-0.011225858501238799,0.0
2005-10-07,0.006474805799304906,0.0
2005-10-10,-0.014022395870129503,0.0
2005-10-11,-0.0008652004389012555,0.0
2005-10-12,-0.01347463833061586,0.0
2005-10-13,-0.0050901718522251204,0.0
2005-10-14,0.012670019342515767,0.0
2005-10-17,0.007339431107992088,0.0
2005-10-18,-0.013289057607632018,0.0
2005-10-19,0.01704286658948592,0.0
2005-10-20,-0.01610299897808889,0.0
2005-10-21,0.006975830163715901,0.0
2005-10-24,0.020542648977684742,0.0
2005-10-25,-0.002963699068254529,0.0
2005-10-26,-0.008235455003792748,0.0
2005-10-27,-0.0111668855185717,0.0
2005-10-28,0.018893682665577366,0.0
2005-10-31,0.015211238044117469,0.0
2005-11-01,-0.005062468234894868,0.40555667901674963
2005-11-02,0.016256721971075177,0.0
2005-11-03,0.006893346847315565,0.0
2005-11-04,-0.005699916395356567,0.0
2005-11-07,0.0010281790779236414,0.0
2005-11-08,-0.0065714026387557,0.0
2005-11-09,0.0009177700307927355,0.0
2005-11-10,0.007631276522410725,0.0
2005-11-11,0.0007728399336363395,0.0
2005-11-14,0.0008772694178673224,0.0
2005-11-15,-0.00322170963941209,0.0
2005-11-16,0.007242283460436271,0.0
2005-11-17,0.013681345917945245,0.0
2005-11-18,0.0014441094609901626,0.0
2005-11-21,0.006967612352049978,0.0
2005-11-22,0.006816254457510329,0.0
2005-11-23,0.002093914994379466,0.0
2005-11-25,0.004287304721840844,0.0
2005-11-28,-0.01354127801232662,0.0
2005-11-29,0.0011637187599236292,0.0
2005-11-30,0.0007737787368151815,0.0
2005-12-01,0.013817382810252354,0.3152674058034825
2005-12-02,0.0014419738612315369,0.0
2005-12-05,0.001088176540012919,0.0
2005-12-06,0.004633355932905226,0.0
2005-12-07,-0.01049306785252325,0.0
2005-12-08,0.004564785891366891,0.0
2005-12-09,0.005258747634816955,0.0
2005-12-12,-0.0014311085112861822,0.0
2005-12-13,0.003261783171992284,0.0
2005-12-14,0.004699648060806244,0.0
2005-12-15,-0.006191136464510251,0.0
2005-12-16,-0.0020399556729978003,0.0
2005-12-19,-0.017062366497039856,0.0
2005-12-20,0.0063069591916979865,0.0
2005-12-21,0.0036610668918309816,0.0
2005-12-22,0.0043350571266622916,0.0
2005-12-23,0.0010081578129551118,0.0
2005-12-27,-0.01146996823469875,0.0
2005-12-28,0.0055629439495853625,0.0
2005-12-29,0.000992994443137615,0.0
2005-12-30,-0.004901001867213875,0.0
2006-01-03,0.016346603712767527,0.3019135315095167
2006-01-04,0.00753683467138889,0.0
2006-01-05,-0.0011189723418745736,0.0
2006-01-06,0.013331739334190634,0.0
2006-01-09,0.0056751853924342415,0.0
2006-01-10,0.005239464224301816,0.0
2006-01-11,0.0015211596580129957,0.0
2006-01-12,-0.0073124144500977,0.0
2006-01-13,0.0015312490869773179,0.0
2006-01-17,0.001453038242156934,0.0
2006-01-18,-0.0016934381990048606,0.0
2006-01-19,0.010331089826067869,0.0
2006-01-20,-0.012258110081051966,0.0
2006-01-23,0.0012726997729068951,0.0
2006-01-24,0.006917146772094481,0.0
2006-01-25,-0.0030038305034341037,0.0
2006-01-26,0.011476918997153647,0.0
2006-01-27,0.009123925516613838,0.0
2006-01-30,0.0023140053561463815,0.0
2006-01-31,-0.0017771701782792748,0.008675859821623014
2006-02-01,0.0028000373899053077,0.3485690518173152
2006-02-02,-0.0129828648187905,0.0
2006-02-03,-0.0034622744421549025,0.0
2006-02-06,0.005914939809171146,0.0
2006-02-07,-0.014705705974906646,0.0
2006-02-08,0.0044261821435389315,0.0
2006-02-09,-0.003499314700837129,0.0
2006-02-10,0.0003979192490627199,0.0
2006-02-13,-0.002462312287180971,0.0
2006-02-14,0.010014604886663326,0.0
2006-02-15,0.003365935173714074,0.0
2006-02-16,0.012044488844635968,0.0
2006-02-17,-0.0027789249684527584,0.0
2006-02-21,0.0010847514250680312,0.009137293976322807
2006-02-22,0.01449797695360825,0.0
2006-02-23,-0.0037788769128492333,0.0
2006-02-24,0.000984616916913841,0.0
2006-02-27,0.0047588730338211675,0.0
2006-02-28,-0.013097728355847467,0.0
2006-03-01,0.013020748853117325,0.3079239744025818
2006-03-02,0.0022212318684141008,0.0
2006-03-03,-0.004354819201993616,0.0
2006-03-06,-0.01469206653469413,0.0
2006-03-07,-0.009699717666988222,0.0
2006-03-08,0.0014762321032264656,0.0
2006-03-09,-0.004855036365038862,0.0
2006-03-10,0.008238127340742495,0.0
2006-03-13,0.004038543089265683,0.0
2006-03-14,0.015201807043476154,0.0
2006-03-15,0.012510906773427699,0.0
2006-03-16,0.002701336727883947,0.0
2006-03-17,0.002802365151727067,0.0
2006-03-20,-0.0055894296461260935,0.0
2006-03-21,-0.009386646247456484,0.0
2006-03-22,0.004342292155893223,0.0
2006-03-23,0.0015956795643579827,0.0
2006-03-24,0.005245022118753233,0.0
2006-03-27,0.00047411769031875683,0.0
2006-03-28,-0.0029597831820131135,0.0
2006-03-29,0.01312425141275244,0.0
2006-03-30,-0.003556531323494182,0.0
2006-03-31,-0.0029441855501500308,0.0
2006-04-03,0.0013860291661271784,0.46340226895036507
2006-04-04,0.00559761822302395,0.0
2006-04-05,0.008038552855957018,0.0
2006-04-06,-3.866768656209411e-05,0.0
2006-04-07,-0.01257880776857455,0.0
2006-04-10,-0.001069149840068455,0.0
2006-04-11,-0.01033058443344224,0.0
2006-04-12,0.005304015650806049,0.0
2006-04-13,-0.0010241892146532474,0.0
2006-04-17,-0.0017161653395527643,0.0
2006-04-18,0.0243394851713398,0.0
2006-04-19,0.005111717942857307,0.0
2006-04-20,0.00043269317029591355,0.0
2006-04-21,0.0008296514864664213,0.0
2006-04-24,-0.0035594113202302657,0.0
2006-04-25,-0.007634988888336009,0.0
2006-04-26,-0.0008827849005574085,0.0
2006-04-27,-0.007266289326026829,0.0
2006-04-28,0.0012633566851315732,0.0
2006-05-01,-0.002580820681719942,0.4103317465110664
2006-05-02,0.00916714196041756,0.0
2006-05-03,-0.0039815432446996205,0.0
2006-05-04,0.005472587361290872,0.0
2006-05-05,0.009447312315882531,0.0
2006-05-08,-0.0007464623280398606,0.0
2006-05-09,0.0018823382116148874,0.0
2006-05-10,-0.00032208687200875396,0.0
2006-05-11,-0.014935040944964895,0.009044758312040152
2006-05-12,-0.019888450362578993,0.0
2006-05-15,-0.006969237121360468,0.0
2006-05-16,-0.0012587014495975836,0.0
2006-05-17,-0.020487993968464707,0.0
2006-05-18,-0.013521244726509743,0.0
2006-05-19,0.006870597290364323,0.0
2006-05-22,-0.009437263182390054,0.0
2006-05-23,-0.0006270324993731732,0.0
2006-05-24,-0.005006892425983345,0.0
2006-05-25,0.017409276673138938,0.0
2006-05-26,0.009700654433734473,0.0
2006-05-30,-0.021600575851789823,0.0
2006-05-31,0.014345710412548977,0.0
2006-06-01,0.014640617258290023,0.36712213666555316
2006-06-02,0.001697979580725054,0.0
2006-06-05,-0.0240023907772295,0.0
2006-06-06,-0.004970281478554465,0.0
2006-06-07,-0.013354915776740023,0.0
2006-06-08,-0.0031868301694841137,0.0
2006-06-09,-0.005795424043232214,0.0
2006-06-12,-0.02336949579991586,0.0
2006-06-13,-0.018933511412306196,0.0
2006-06-14,0.01173018987632692,0.0
2006-06-15,0.037451015583234396,0.0
2006-06-16,-0.006361628289538396,0.0
2006-06-19,-0.014064208160030622,0.0
2006-06-20,-0.0007661706226824367,0.0
2006-06-21,0.017800593262116405,0.0
2006-06-22,-0.004489492272243668,0.0
2006-06-23,0.003473311672332345,0.0
2006-06-26,0.006374010055540762,0.0
2006-06-27,-0.012606793340791253,0.0
2006-06-28,0.006273131685832947,0.0
2006-06-29,0.031019211268872193,0.0
2006-06-30,0.0012832505477657634,0.0
2006-07-03,0.007331774991379492,0.4248389615542131
2006-07-05,-0.011014618622638066,0.0
2006-07-06,-0.0005997652909050347,0.0
2006-07-07,-0.014418430649527577,0.0
2006-07-10,-0.002339477223735562,0.0
2006-07-11,0.0032106249580105754,0.0
2006-07-12,-0.011901579306374378,0.0
2006-07-13,-0.018094133742891993,0.0
2006-07-14,-0.007935336528802807,0.0
2006-07-17,-0.009417962725622937,0.0
2006-07-18,0.00041732663316823164,0.0
2006-07-19,0.02254050060352753,0.0
2006-07-20,-0.018915727054635987,0.0
2006-07-21,-0.017313961464653818,0.0
2006-07-24,0.020261872487773645,0.0
2006-07-25,0.01170671287578886,0.0
2006-07-26,-0.004615427575220893,0.0
2006-07-27,-0.0045733740160979995,0.0
2006-07-28,0.015941905443686462,0.0
2006-07-31,0.0026654015679249245,0.0
2006-08-01,-0.011162173037653211,0.42802775589927466
2006-08-02,0.010144321587778494,0.0
2006-08-03,0.007443819813232405,0.0
2006-08-04,-0.0025775581524027525,0.0
2006-08-07,-0.0036328971481593957,0.0
2006-08-08,-0.004669178510933597,0.0
2006-08-09,-0.008138156880738257,0.0
2006-08-10,0.005538483260069487,0.0
2006-08-11,-0.0005688415402144197,0.0
2006-08-14,-0.0018601488591613003,0.0
2006-08-15,0.021276671691982777,0.0
2006-08-16,0.017709210650095262,0.0
2006-08-17,0.0009767519701170569,0.0
2006-08-18,0.002918355078690241,0.0
2006-08-21,-0.007245830546532494,0.0
2006-08-22,0.0023640166403310708,0.0
2006-08-23,-0.007173123011163984,0.0
2006-08-24,-0.0013765603094744588,0.0
2006-08-25,-0.00014916525994761564,0.0
2006-08-28,0.002753783687546874,0.0
2006-08-29,0.0021091697168718502,0.0
2006-08-30,7.544363856376494e-05,0.0
2006-08-31,0.002568392770352257,0.0
2006-09-01,0.0048788637997996265,0.44774326102789624
2006-09-05,0.0040428537944212865,0.0
2006-09-06,-0.01401929260098541,0.0
2006-09-07,-0.008901752714018642,0.0
2006-09-08,0.0037465204259137324,0.0
2006-09-11,-0.003032533836507039,0.0
2006-09-12,0.014992435726232854,0.0
2006-09-13,0.007991744907146506,0.0
2006-09-14,-0.0024950590478848055,0.0
2006-09-15,0.0024079602739678135,0.0
2006-09-18,0.003553978316154699,0.0
2006-09-19,-0.0032765081865985804,0.0
2006-09-20,0.003278790934852743,0.0
2006-09-21,-0.008132556443993301,0.0
2006-09-22,-0.004034470037691162,0.0
2006-09-25,0.010029256660215077,0.0
2006-09-26,0.0076190269477907436,0.0
2006-09-27,0.0038175076344196136,0.0
2006-09-28,0.0038574847440973545,0.0
2006-09-29,-0.001231151720243684,0.011023784496853211
2006-10-02,-0.004698699116538418,0.5009972184224338
2006-10-03,0.0009276824713347663,0.0
2006-10-04,0.01408027916696887,0.0
2006-10-05,0.0054432665144441865,0.0
2006-10-06,-0.005775374159670294,0.0
2006-10-09,0.0044616408622181625,0.0
2006-10-10,0.0014957582092691075,0.0
2006-10-11,-0.0007489859799640012,0.0
2006-10-12,0.0106693633126415,0.0
2006-10-13,0.0035459466172045343,0.0
2006-10-16,0.007009243127681354,0.0
2006-10-17,-0.006722184698390847,0.0
2006-10-18,0.0003394454475939967,0.0
2006-10-19,-0.00205683094945133,0.0
2006-10-20,-0.0022226766536250966,0.0
2006-10-23,0.00788153455963888,0.0
2006-10-24,0.002110363148315712,0.0
2006-10-25,-0.004511571450780276,0.0
2006-10-26,0.007067189811184477,0.0
2006-10-27,-0.01041295075416959,0.0
2006-10-30,0.005111226711074293,0.0
2006-10-31,-0.001686744832006813,0.0
2006-11-01,-0.012825407044173343,0.4699071415433219
2006-11-02,-0.0027642144663916754,0.0
2006-11-03,-0.00480392478208177,0.0
2006-11-06,0.014690504753833825,0.0
2006-11-07,0.0022718343983347514,0.0
2006-11-08,0.0028919759446213167,0.009344296559327364
2006-11-09,-0.004266277006071924,0.0
2006-11-10,0.004158481152225068,0.0
2006-11-13,0.003195999658582099,0.0
2006-11-14,0.009781534104429737,0.0
2006-11-15,0.001796397331145168,0.0
2006-11-16,0.005712605316300444,0.0
2006-11-17,-0.002049647176347282,0.0
2006-11-20,0.002754298903284045,0.0
2006-11-21,0.003950248235618074,0.0
2006-11-22,0.004020076995133368,0.0
2006-11-24,-0.0022488995759282087,0.0
2006-11-27,-0.01852318568705488,0.0
2006-11-28,0.00202226907152694,0.0
2006-11-29,0.010953307711156806,0.0
2006-11-30,0.0027963957222094287,0.0
2006-12-01,-0.0064221018619784465,0.4815454070256849
2006-12-04,0.01582340586614514,0.0
2006-12-05,0.004366328762149663,0.0
2006-12-06,-0.0018994707512269763,0.0
2006-12-07,-0.004131856797743252,0.0
2006-12-08,0.002221019127679454,0.0
2006-12-11,0.0005032679374016623,0.0
2006-12-12,-0.003491479706619525,0.0
2006-12-13,-0.00011632875413621145,0.0
2006-12-14,0.007488804947212847,0.0
2006-12-15,-0.002356001342880187,0.0
2006-12-18,-0.003415154244006506,0.0
2006-12-19,0.0003909041055012239,0.0
2006-12-20,-0.0011541588793201533,0.0
2006-12-21,-0.004443275026627579,0.0
2006-12-22,-0.004088211601911147,0.0
2006-12-26,0.0031956390535673963,0.0
2006-12-27,0.00780255745442146,0.0
2006-12-28,-0.0024805264346676893,0.0
2006-12-29,-0.005029161723525069,0.0
2007-01-03,-0.0007114809346711048,0.43353798599871246
2007-01-04,0.00041169255993326107,0.0
2007-01-05,-0.00913078750148446,0.0
2007-01-08,0.0036638967485814163,0.0
2007-01-09,0.004304364838044673,0.0
2007-01-10,0.004726054014233763,0.0
2007-01-11,0.00887019465522809,0.0
2007-01-12,0.0020424842282915786,0.0
2007-01-16,0.0007521618384288485,0.0
2007-01-17,-0.00016021371168662007,0.0
2007-01-18,-0.004864561802555285,0.0
2007-01-19,0.0047664495677280675,0.0
2007-01-22,-0.0058011431252045905,0.0
2007-01-23,0.006906182253186857,0.0
2007-01-24,0.0075923504198443185,0.0
2007-01-25,-0.011203741505473569,0.0
2007-01-26,0.0003163581272458624,0.0
2007-01-29,0.0010052738969947288,0.0
2007-01-30,0.0026910038943212303,0.0
2007-01-31,0.008455188255812585,0.0
2007-02-01,0.00825674238914309,0.48484835663579956
2007-02-02,0.001973839625586879,0.0
2007-02-05,0.0007791666549249716,0.0
2007-02-06,0.004485233141751058,0.0
2007-02-07,0.0035256239350358373,0.0
2007-02-08,2.397878861390716e-05,0.0
2007-02-09,-0.008812734293145304,0.0
2007-02-12,-0.002775560798789045,0.009235287536334581
2007-02-13,0.008372222040116574,0.0
2007-02-14,0.007812704632967179,0.0
2007-02-15,0.0046472194336169,0.009057508111133815
2007-02-16,0.0008801746864040186,0.0
2007-02-20,0.004756931710661938,0.009558910778150293
2007-02-21,0.0005921239341888458,0.0
2007-02-22,-0.003598537862482857,0.0
2007-02-23,-0.0038246732406170473,0.0
2007-02-26,-0.0019665656377658527,0.0
2007-02-27,-0.03381444078311906,0.0
2007-02-28,0.0053982002948139984,0.0
2007-03-01,-0.005915525377788944,0.48137958043239565
2007-03-02,-0.01341354355726997,0.0
2007-03-05,-0.012236995628225713,0.0
2007-03-06,0.018048682316814838,0.0
2007-03-07,-0.001958128546471058,0.0
2007-03-08,0.011541733195305548,0.0
2007-03-09,0.004625240337719738,0.0
2007-03-12,0.006292732814749952,0.0
2007-03-13,-0.021597241937972682,0.0
2007-03-14,0.005505644402374,0.0
2007-03-15,0.006409498468818289,0.0
2007-03-16,-0.0033519795829205106,0.0
2007-03-19,0.011613596190094567,0.0
2007-03-20,0.008181596576871815,0.0
2007-03-21,0.016135880014637963,0.0
2007-03-22,-0.000907557396541984,0.0
2007-03-23,0.0022168862440604107,0.0
2007-03-26,-2.3963019665798786e-05,0.0
2007-03-27,-0.0068894637884094195,0.0
2007-03-28,-0.007867936329270095,0.0
2007-03-29,0.004220723793997321,0.0
2007-03-30,0.0006730410309633256,0.0
2007-04-02,0.00210688805382242,0.46812495712842306
2007-04-03,0.009433995363243283,0.0
2007-04-04,0.0007579389014195355,0.0
2007-04-05,0.003023264526905601,0.0
2007-04-09,0.0023550016834119813,0.0
2007-04-10,0.0015911359838628703,0.0
2007-04-11,-0.0061543358511514925,0.0
2007-04-12,0.0036549727878254687,0.0
2007-04-13,0.0011456924465287396,0.0
2007-04-16,0.00863101955129183,0.0
2007-04-17,0.0022109338603477392,0.0
2007-04-18,-0.00027120434080692894,0.0
2007-04-19,-0.00291870242646763,0.0
2007-04-20,0.0103852453391125,0.0
2007-04-23,0.003605760480473286,0.0
2007-04-24,-0.0018584136304572736,0.0
2007-04-25,0.006025483419577642,0.0
2007-04-26,-0.0031870955955863507,0.0
2007-04-27,-0.0005501507766687077,0.0
2007-04-30,-0.009784283277398931,0.0
2007-05-01,-0.00038995093268989756,0.40673333640011156
2007-05-02,0.006932784320555584,0.0
2007-05-03,0.0028918545689236705,0.0
2007-05-04,0.0025628925411464087,0.0
2007-05-07,0.0022347947928007166,0.0
2007-05-08,-0.0024011604870401836,0.0
2007-05-09,0.0036541163111406113,0.0
2007-05-10,-0.013173241479203759,0.0
2007-05-11,0.0076335979466588925,0.0
2007-05-14,-0.0010672141294255648,0.0
2007-05-15,-0.0026171790505614195,0.0
2007-05-16,0.005091273483524726,0.0
2007-05-17,-0.0025706147330736046,0.0
2007-05-18,0.005510183909894768,0.0
2007-05-21,0.0028154024160520572,0.0
2007-05-22,0.00023964901035741516,0.0
2007-05-23,-0.005756673729227879,0.0
2007-05-24,-0.013946012863643172,0.0
2007-05-25,0.0059159369801070946,0.0
2007-05-29,0.0046767905434223125,0.0
2007-05-30,0.008950150020571741,0.0
2007-05-31,0.0013699085647553625,0.0
2007-06-01,0.0015657759217913014,0.48340244422581324
2007-06-04,0.000614844454394474,0.0
2007-06-05,-0.005551558275699811,0.0
2007-06-06,-0.011048451775247839,0.0
2007-06-07,-0.020670694551222356,0.0
2007-06-08,0.010290806079368255,0.0
2007-06-11,0.0013121649094736082,0.0
2007-06-12,-0.011606574113281209,0.0
2007-06-13,0.015873739949478473,0.0
2007-06-14,0.004752739670790012,0.0
2007-06-15,0.0070535993890172444,0.0
2007-06-18,-0.0026652893986653546,0.0
2007-06-19,0.00195947435415044,0.0
2007-06-20,-0.015399652155982692,0.0
2007-06-21,0.006682949545498495,0.0
2007-06-22,-0.014127284643233918,0.0
2007-06-25,-0.0033815024560927905,0.0
2007-06-26,-0.006685296213649484,0.0
2007-06-27,0.012443134868832362,0.0
2007-06-28,-0.00044617727761271447,0.0
2007-06-29,-0.001308118204542258,0.0
2007-07-02,0.013035762291187636,0.4105089896786439
2007-07-03,0.004202367654832706,0.0
2007-07-05,0.0003300647264412817,0.0
2007-07-06,0.0038268605673797153,0.0
2007-07-09,0.0002699893747097695,0.0
2007-07-10,-0.01743847628699743,0.0
2007-07-11,0.006872614046775638,0.009084246247668518
2007-07-12,0.019259854121623815,0.0
2007-07-13,0.0039726297189749135,0.0
2007-07-16,-0.003688477991710428,0.0
2007-07-17,0.0008842941224091682,0.0
2007-07-18,-0.0002546193305393481,0.0
2007-07-19,0.007146966096758792,0.0
2007-07-20,-0.01554086556773143,0.0
2007-07-23,0.004981835901333373,0.0
2007-07-24,-0.02233574022138284,0.0
2007-07-25,0.002088913405683273,0.0
2007-07-26,-0.025392920322318317,0.0
2007-07-27,-0.0176149144572858,0.0
2007-07-30,0.013467741991262524,0.0
2007-07-31,-0.008885248417816613,0.0
2007-08-01,0.004105801558765831,0.5453523188234375
2007-08-02,0.007904143717744005,0.0
2007-08-03,-0.027137572756038023,0.0
2007-08-06,0.01889896303682361,0.0
2007-08-07,0.0038538463965062044,0.0
2007-08-08,0.006315609037666638,0.0
2007-08-09,-0.03155317506193789,0.0
2007-08-10,0.007858883846225859,0.0
2007-08-13,0.006502166250471156,0.0
2007-08-14,-0.023563869656092702,0.0
2007-08-15,-0.018633645822310495,0.0
2007-08-16,-0.0053931417728300375,0.0
2007-08-17,0.024495293104467613,0.0
2007-08-20,0.006214309444334872,0.0
2007-08-21,0.00499570366016728,0.0
2007-08-22,0.01819109498872986,0.0
2007-08-23,-0.0030125022777726727,0.0
2007-08-24,0.013269233488364653,0.0
2007-08-27,-0.010249416870869908,0.0
2007-08-28,-0.02529465778473652,0.0
2007-08-29,0.027833715494542353,0.0
2007-08-30,-0.004810605265611952,0.0
2007-08-31,0.014722037298379127,0.0
2007-09-04,0.008883771817375097,0.5761589282792652
2007-09-05,-0.013142097512858672,0.0
2007-09-06,0.005147819411677995,0.0
2007-09-07,-0.020132157364691712,0.0
2007-09-10,-0.0030449216181720256,0.0
2007-09-11,0.014618971348503611,0.0
2007-09-12,0.0006156493421456633,0.0
2007-09-13,0.006971323004729442,0.0
2007-09-14,0.00022915462528459824,0.0
2007-09-17,-0.0056722730913891135,0.0
2007-09-18,0.033516352912020916,0.0
2007-09-19,0.008194026241368663,0.0
2007-09-20,-0.00505073048848924,0.0
2007-09-21,0.0050651432851763455,0.0
2007-09-24,-0.006512584282895324,0.0
2007-09-25,-0.0013403789351538126,0.0
2007-09-26,0.007168625788122985,0.0
2007-09-27,0.004375710709231451,0.0
2007-09-28,-0.0034361611642923407,0.0
2007-10-01,0.015527935193216713,0.3996471731034791
2007-10-02,-0.002692710483637395,0.009115246646418333
2007-10-03,-0.006832018035021617,0.0
2007-10-04,0.0029784660955732354,0.0
2007-10-05,0.013023860210503354,0.0
2007-10-08,-0.0016719511712820411,0.0
2007-10-09,0.012294710651867014,0.0
2007-10-10,0.0006781117242187189,0.0
2007-10-11,-0.00834104930962563,0.0
2007-10-12,0.00799316253688141,0.0
2007-10-15,-0.0056023229037987276,0.0
2007-10-16,-0.0036139917793510125,0.0
2007-10-17,0.003665064677890156,0.0
2007-10-18,0.0033027821433702985,0.0
2007-10-19,-0.02858718644997038,0.0
2007-10-22,0.003932043151636762,0.0
2007-10-23,0.008683416735462383,0.0
2007-10-24,-0.00294902433060618,0.0
2007-10-25,-0.0005866233868195078,0.0
2007-10-26,0.009960396827334345,0.0
2007-10-29,0.0036558511039608277,0.009093543440433775
2007-10-30,-0.008757793773824742,0.0
2007-10-31,0.013509527806359311,0.0
2007-11-01,-0.02260709582089171,0.47174133627248754
2007-11-02,0.0065517828879729356,0.0
2007-11-05,-0.0030669990152917583,0.0
2007-11-06,0.015818441737549857,0.0
2007-11-07,-0.026764131232410213,0.0
2007-11-08,-0.00031847950667971857,0.0
2007-11-09,-0.017270064490260893,0.0
2007-11-12,-0.02002037528638324,0.0
2007-11-13,0.024981631819089953,0.0
2007-11-14,-0.0019631993766517073,0.0
2007-11-15,-0.013660570955635795,0.0
2007-11-16,0.006543928210958335,0.0
2007-11-19,-0.015647153721130104,0.0
2007-11-20,0.009883640949876813,0.0
2007-11-21,-0.01495848490485081,0.0
2007-11-23,0.016798088994181202,0.0
2007-11-26,-0.01915100987970242,0.0
2007-11-27,0.017875445978510325,0.0
2007-11-28,0.028515509415005958,0.0
2007-11-29,0.0004763895061992078,0.0
2007-11-30,0.003291292319942481,0.0
2007-12-03,-0.003373203657596968,0.3731835414112725
2007-12-04,-0.0027904546725984803,0.0
2007-12-05,0.016642851533268437,0.0
2007-12-06,0.01670620028538898,0.0
2007-12-07,-0.0002957745296974819,0.0
2007-12-10,0.004946610039045231,0.0
2007-12-11,-0.026460397845449807,0.0
2007-12-12,0.012613188481644947,0.0
2007-12-13,0.0005541856650899124,0.008907528998390745
2007-12-14,-0.011855167592531052,0.0
2007-12-17,-0.02094130721163065,0.0
2007-12-18,0.007932651406195581,0.0
2007-12-19,0.0013819330683045269,0.0
2007-12-20,0.006524357886057794,0.0
2007-12-21,0.019842695146212338,0.0
2007-12-24,0.008210020077982088,0.0
2007-12-26,0.003696050181732482,0.0
2007-12-27,-0.014273697950792873,0.0
2007-12-28,0.0037410999107766302,0.0
2007-12-31,-0.007776674025233768,0.0
2008-01-02,-0.014184022427359277,0.32965078300252976
2008-01-03,0.00280264614696904,0.0
2008-01-04,-0.0241629924442782,0.0
2008-01-07,0.0018471433385839231,0.0
2008-01-08,-0.015556021239573326,0.0
2008-01-09,0.014192558339184674,0.0
2008-01-10,0.004140358471151422,0.0
2008-01-11,-0.01829495523214382,0.0
2008-01-14,0.013179317053770869,0.0
2008-01-15,-0.025042723936316538,0.0
2008-01-16,-0.010466532014581791,0.0
2008-01-17,-0.03173320533504849,0.0
2008-01-18,-0.003914470464980183,0.0
2008-01-22,-0.01906383620004836,0.0
2008-01-23,0.012016160721454417,0.0
2008-01-24,0.01203094021601217,0.0
2008-01-25,-0.008717442982077033,0.0
2008-01-28,0.011363989759179077,0.0
2008-01-29,0.00493205822645954,0.0
2008-01-30,-0.005556177818222126,0.0
2008-01-31,0.013209138147677093,0.0
2008-02-01,0.014557974528178974,0.30895922244468266
2008-02-04,-0.004896714490584372,0.0
2008-02-05,-0.03352055499264506,0.0
2008-02-06,-0.008743976645743468,0.0
2008-02-07,0.008840650418896482,0.0
2008-02-08,0.0025600091630774754,0.0
2008-02-11,0.01211221964092667,0.0
2008-02-12,0.006722194076047457,0.0
2008-02-13,0.017741201816960185,0.0
2008-02-14,-0.013297697301488765,0.0
2008-02-15,-0.001215115485674067,0.0
2008-02-19,0.0034780956886540622,0.0
2008-02-20,0.010219155358487955,0.0
2008-02-21,-0.014700253985118247,0.0
2008-02-22,0.006947712587318668,0.0
2008-02-25,0.01590818051323284,0.0
2008-02-26,0.00840086356016246,0.0
2008-02-27,-0.005068985813919502,0.0
2008-02-28,0.00010435935517491776,0.0
2008-02-29,-0.028782552850978915,0.0
2008-03-03,0.003141610455485333,0.4078076049628053
2008-03-04,-0.0027797378561794372,0.0
2008-03-05,0.009969862870718733,0.0
2008-03-06,-0.02007273694914192,0.0
2008-03-07,-0.012502317521545564,0.0
2008-03-10,-0.016629116612540636,0.0
2008-03-11,0.034908432932160255,0.0
2008-03-12,-0.007081030513115902,0.0
2008-03-13,0.008737959401026816,0.0
2008-03-14,-0.018344297083157893,0.0
2008-03-17,-0.013407452576128208,0.0
2008-03-18,0.03695255026861359,0.0
2008-03-19,-0.028526309920568045,0.0
2008-03-20,0.012125998055920389,0.0
2008-03-24,0.014509909848471888,0.0
2008-03-25,0.009996289560512307,0.0
2008-03-26,-0.0036830553268354512,0.0
2008-03-27,-0.01128469182305232,0.0
2008-03-28,-0.007167231412262105,0.0
2008-03-31,0.00634805879173643,0.0
2008-04-01,0.030169161286173862,0.37891264012408965
2008-04-02,-0.00042677489580332214,0.0
2008-04-03,0.0022005969879272318,0.0
2008-04-04,0.005252102159122959,0.0
2008-04-07,-0.001540140042329982,0.0
2008-04-08,0.0023731682603604673,0.0
2008-04-09,-0.005397397990169664,0.0
2008-04-10,0.0055211546223928425,0.0
2008-04-11,-0.018144031014239254,0.0
2008-04-14,0.0031092913631605426,0.0
2008-04-15,0.003705322933026274,0.0
2008-04-16,0.025071707981278123,0.0
2008-04-17,-0.0026844169886176376,0.0
2008-04-18,0.018152796591787604,0.0
2008-04-21,0.0007758437615118232,0.0
2008-04-22,-0.006841781752399692,0.0
2008-04-23,0.0030196528858455096,0.0
2008-04-24,-0.0014300382001356748,0.0
2008-04-25,0.01151951667191528,0.0
2008-04-28,0.0016382068368230793,0.0
2008-04-29,-0.008735060694762424,0.0
2008-04-30,-0.0013348665905545249,0.0
2008-05-01,0.008251026980978349,0.32798027987716244
2008-05-02,0.002573362660536818,0.0
2008-05-05,0.0010167982589624795,0.0
2008-05-06,0.010607142726155875,0.0
2008-05-07,-0.017024829608464825,0.0
2008-05-08,0.010204189348605815,0.0
2008-05-09,-0.005987948329817311,0.0
2008-05-12,0.009438578492936112,0.0
2008-05-13,0.005773978489441054,0.0
2008-05-14,0.0004691469977200295,0.0
2008-05-15,0.010412521967668143,0.0
2008-05-16,0.005524368139107616,0.0
2008-05-19,0.0015849533533866507,0.0
2008-05-20,-0.003775919054556026,0.0
2008-05-21,-0.01457811062644343,0.0
2008-05-22,0.0009603361616336893,0.0
2008-05-23,-0.012147930234254777,0.0
2008-05-27,0.00650937715801481,0.0
2008-05-28,0.0075693467427157555,0.0
2008-05-29,0.0013339094428975657,0.0
2008-05-30,0.004188518496823511,0.0
2008-06-02,-0.007445574701749336,0.29152463185111094
2008-06-03,-0.005494560360452808,0.0
2008-06-04,0.00046888310442611393,0.0
2008-06-05,0.021676385454700846,0.0
2008-06-06,-0.02631842742734842,0.0
2008-06-09,0.0058681576633303895,0.0
2008-06-10,-0.004901416875529217,0.0
2008-06-11,-0.013665927307084876,0.0
2008-06-12,0.0029912274550058376,0.0
2008-06-13,0.01586904357322414,0.0
2008-06-16,0.0008507928326548182,0.0
2008-06-17,-0.005659249851306624,0.0
2008-06-18,-0.004873018349973669,0.0
2008-06-19,0.006571828486116026,0.0
2008-06-20,-0.013780827402016024,0.0
2008-06-23,0.006256736465864732,0.0
2008-06-24,-0.00958713291043706,0.0
2008-06-25,0.003415917219349695,0.0
2008-06-26,-0.02472922174706351,0.0
2008-06-27,0.0007511569591610292,0.0
2008-06-30,0.0027397010422590307,0.0
2008-07-01,0.004043012379588262,0.2964982721047549
2008-07-02,-0.023874816980335792,0.0
2008-07-03,-0.0010093829944634114,0.0
2008-07-07,-0.006725977810335229,0.0
2008-07-08,0.01411835123297783,0.0
2008-07-09,-0.018983154822555495,0.0
2008-07-10,0.013201612315990145,0.0
2008-07-11,-0.005705431993758279,0.0
2008-07-14,-0.004919862835829387,0.0
2008-07-15,-0.011139597820623109,0.0
2008-07-16,0.01410516601720591,0.0
2008-07-17,-0.0012123026056599512,0.0
2008-07-18,-0.0011312823819443702,0.0
2008-07-21,0.00576279831183979,0.0
2008-07-22,0.010068307009117324,0.0
2008-07-23,-0.00885922121379453,0.0
2008-07-24,-0.013858685888368628,0.0
2008-07-25,0.007420029144057589,0.0
2008-07-28,-0.013180759209321229,0.0
2008-07-29,0.017659373398477587,0.0
2008-07-30,0.019740519071306983,0.0
2008-07-31,-0.016864759654479575,0.0
2008-08-01,-0.012204390549571453,0.45575854927539594
2008-08-04,-0.015127951971469461,0.0
2008-08-05,0.01944819107946899,0.0
2008-08-06,0.00530243613796283,0.0
2008-08-07,-0.014338461920309107,0.0
2008-08-08,0.01686534618828507,0.0
2008-08-11,0.0024633234464249048,0.0
2008-08-12,-0.00783701618190671,0.0
2008-08-13,0.007006119987330062,0.0
2008-08-14,0.0020447680988200977,0.0
2008-08-15,-0.0013433200551060305,0.0
2008-08-18,-0.00988558314629253,0.0
2008-08-19,-0.0010838179692514481,0.0
2008-08-20,0.008507185610517193,0.0
2008-08-21,0.006039596314716,0.0
2008-08-22,0.004540939357207161,0.0
2008-08-25,-0.016549854514172412,0.0
2008-08-26,0.004955238910408605,0.0
2008-08-27,0.008514570512544718,0.0
2008-08-28,0.008325272395591969,0.0
2008-08-29,-0.013283354039139047,0.0
2008-09-02,-0.013782120440415158,0.3898897681233703
2008-09-03,-0.0046381084823460764,0.0
2008-09-04,-0.02605792154440656,0.0
2008-09-05,0.0018065959812147707,0.0
2008-09-08,0.010098022478428555,0.0
2008-09-09,-0.03601927719940398,0.0
2008-09-10,0.012740917200297297,0.0
2008-09-11,0.016873222379128246,0.0
2008-09-12,0.008483716270645885,0.0
2008-09-15,-0.0399478736047426,0.0
2008-09-16,0.019404301781707593,0.0
2008-09-17,-0.04075298047540815,0.0
2008-09-18,0.03300690915517776,0.0
2008-09-19,0.030830331545942505,0.0
2008-09-22,-0.031054475512033254,0.0
2008-09-23,-0.01727214395730072,0.0
2008-09-24,-0.001312278895729297,0.0
2008-09-25,0.013896018590182153,0.0
2008-09-26,-0.0009349547663047475,0.0
2008-09-29,-0.0769454434080277,0.0
2008-09-30,0.044769330316577066,0.0
2008-10-01,-0.014569106578503521,0.41083004504329257
2008-10-02,-0.04685003820801713,0.0
2008-10-03,-0.010807076005113592,0.0
2008-10-06,-0.0383504642239363,0.0
2008-10-07,-0.05409854822708893,0.010285602856954427
2008-10-08,-0.00017533399928108904,0.0
2008-10-09,-0.07010045259492495,0.0
2008-10-10,-0.011106493265930377,0.0
2008-10-13,0.10406384745004302,0.0
2008-10-14,-0.014209720220777267,0.0
2008-10-15,-0.09163279665900495,0.0
2008-10-16,0.04574165767892586,0.0
2008-10-17,-0.002999710196543487,0.0
2008-10-20,0.04742760416879356,0.0
2008-10-21,-0.02857106557127114,0.0
2008-10-22,-0.05902940798707432,0.0
2008-10-23,-0.0018564269854019113,0.0
2008-10-24,-0.028204789432582995,0.0
2008-10-27,-0.036221082347699246,0.0
2008-10-28,0.0952338285126922,0.0
2008-10-29,-0.00158715240618238,0.0
2008-10-30,0.03402740940577922,0.0
2008-10-31,0.01615227220445472,0.0
2008-11-03,-0.010167558656805742,0.6923141684652805
2008-11-04,0.02857664128199909,0.0
2008-11-05,-0.04303889667350021,0.0
2008-11-06,-0.038233922309398156,0.0
2008-11-07,0.02286084231476354,0.0
2008-11-10,-0.016244614930157303,0.0
2008-11-11,-0.01806608329104092,0.0
2008-11-12,-0.043042888784378175,0.0
2008-11-13,0.0689926555278573,0.0
2008-11-14,-0.04098917995693696,0.0
2008-11-17,-0.02139248835871518,0.0
2008-11-18,0.002367017730928282,0.0
2008-11-19,-0.061465736791328204,0.0
2008-11-20,-0.05875251056987786,0.0
2008-11-21,0.05932558049180179,0.0
2008-11-24,0.054627688313077336,0.0
2008-11-25,0.008148477846505535,0.0
2008-11-26,0.028085681613072483,0.0
2008-11-28,0.005818255996131136,0.0
2008-12-01,-0.08400928892875514,0.4673518403118795
2008-12-02,0.033849132561045034,0.0
2008-12-03,0.02780816376264442,0.0
2008-12-04,-0.022832063635767084,0.0
2008-12-05,0.03498140041780062,0.008287028599791331
2008-12-08,0.020938418702826832,0.0
2008-12-09,-0.027313959844333602,0.0
2008-12-10,0.013016489842318804,0.0
2008-12-11,-0.032019857003750284,0.0
2008-12-12,0.010774727744640663,0.0
2008-12-15,-0.011242579047964968,0.0
2008-12-16,0.051043337072492846,0.0
2008-12-17,-0.004295409141241579,0.0
2008-12-18,-0.01478728184588341,0.0
2008-12-19,-0.00047493455208483205,0.0
2008-12-22,-0.013682455818508577,0.0
2008-12-23,-0.010553273731884305,0.008731966754642138
2008-12-24,0.005062581871908537,0.0
2008-12-26,0.00517149336097853,0.0
2008-12-29,-0.007371850548680399,0.0
2008-12-30,0.02511562037894955,0.0
2008-12-31,0.015918581573998593,0.0
2009-01-02,0.02046336062613774,0.42118342144414855
2009-01-05,-0.006121183152588231,0.0
2009-01-06,-0.004831452990734316,0.0
2009-01-07,-0.01917471577829964,0.0
2009-01-08,-0.0012364356445989703,0.0
2009-01-09,-0.01786457291405049,0.0
2009-01-12,-0.01274936289660639,0.0
2009-01-13,-0.0010691333475854954,0.0
2009-01-14,-0.025841434000745095,0.0
2009-01-15,0.008772249457383554,0.0
2009-01-16,0.00988305064137095,0.0
2009-01-20,-0.040863352574129194,0.0
2009-01-21,0.02730969325166039,0.0
2009-01-22,-0.010164113769223371,0.0
2009-01-23,-0.003694312528589863,0.0
2009-01-26,0.006898991568275602,0.0
2009-01-27,0.010018222066714471,0.0
2009-01-28,0.02229877321185535,0.0
2009-01-29,-0.01978040235609181,0.0
2009-01-30,-0.01834232960276309,0.0
2009-02-02,-0.0027185595436541865,0.4970709962890999
2009-02-03,0.0204367074552531,0.0
2009-02-04,-0.008779206114505129,0.0
2009-02-05,0.009718426838853097,0.0
2009-02-06,0.020050871721165577,0.0
2009-02-09,-0.0019360886883935092,0.0
2009-02-10,-0.04059474049507363,0.0
2009-02-11,0.0063433903844182585,0.0
2009-02-12,0.005026775951865541,0.0
2009-02-13,-0.010330944663774384,0.0
2009-02-17,-0.036987844943590364,0.0
2009-02-18,-0.0021865636068967484,0.0
2009-02-19,-0.008134924772842897,0.0
2009-02-20,-0.007688750731723084,0.0
2009-02-23,-0.03163178171220232,0.0
2009-02-24,0.03216273662172602,0.0
2009-02-25,-0.011710220961916639,0.0
2009-02-26,-0.022539393726727086,0.009620063605677267
2009-02-27,-0.015098874236923753,0.0
2009-03-02,-0.03768450740148788,0.3682783013200879
2009-03-03,-0.011659670289397923,0.0
2009-03-04,0.021365829972629074,0.0
2009-03-05,-0.03255736655444999,0.0
2009-03-06,0.0037825358448729,0.0
2009-03-09,-0.016350916642984548,0.0
2009-03-10,0.04793868459336229,0.0
2009-03-11,-0.001749543841864627,0.0
2009-03-12,0.03382883015103465,0.0
2009-03-13,0.010883223400188926,0.0
2009-03-16,-0.005229102866073034,0.0
2009-03-17,0.028903278606195154,0.0
2009-03-18,0.01588046186364115,0.0
2009-03-19,-0.01070477073965427,0.0
2009-03-20,-0.011213158754172031,0.0
2009-03-23,0.04925794442910307,0.0
2009-03-24,-0.018030226200983844,0.0
2009-03-25,0.007118085410145677,0.0
2009-03-26,0.023411320923325412,0.0
2009-03-27,-0.014760795993238339,0.0
2009-03-30,-0.018322489444932637,0.0
2009-03-31,0.010653203962613062,0.0
2009-04-01,0.0053288646569347176,0.4483715210043306
2009-04-02,0.01894812552206049,0.008684804612496768
2009-04-03,0.0014951312165096184,0.0
2009-04-06,-0.006263743629799113,0.0
2009-04-07,-0.016925373797887878,0.0
2009-04-08,0.012444153210978918,0.0
2009-04-09,0.014701049294944826,0.0
2009-04-13,-0.003935929636948769,0.0
2009-04-14,-0.010761211625057922,0.0
2009-04-15,0.009086079143914254,0.0
2009-04-16,0.013945870793396056,0.0
2009-04-17,0.0035639991029754346,0.0
2009-04-20,-0.020296349656994575,0.0
2009-04-21,0.007766082944975105,0.0
2009-04-22,-0.004272017322393343,0.0
2009-04-23,-6.860707731054419e-05,0.0
2009-04-24,0.005801325695291166,0.0
2009-04-27,-0.00161206507272996,0.0
2009-04-28,0.00107100392324518,0.0
2009-04-29,0.0093041017395247,0.0
2009-04-30,-0.0022862399060864314,0.0
2009-05-01,-0.002054228812756076,0.34638681252274367
2009-05-04,0.019558522681870798,0.0
2009-05-05,0.0003666365745891172,0.0
2009-05-06,0.00046817815676225474,0.0
2009-05-07,-0.007081495812667011,0.0
2009-05-08,0.00525669701603235,0.0
2009-05-11,-0.008471863096487887,0.0
2009-05-12,0.001363165210207861,0.0
2009-05-13,-0.01798918266039221,0.0
2009-05-14,0.0037471180949386253,0.0
2009-05-15,-0.008206876793671838,0.0
2009-05-18,0.01916857289544162,0.0
2009-05-19,0.000462567150760277,0.0
2009-05-20,-0.0067327315182145525,0.0
2009-05-21,-0.010634069458013016,0.0
2009-05-22,0.0018865283191109826,0.0
2009-05-26,0.026757496964258033,0.0
2009-05-27,-0.01836278639649449,0.0
2009-05-28,0.0075735604393817775,0.0
2009-05-29,0.013823750919425488,0.0
2009-06-01,0.022729428333678303,0.44346450262061177
2009-06-02,0.004998269687957546,0.0
2009-06-03,-0.008057915585423847,0.0
2009-06-04,0.0007941967922990211,0.0
2009-06-05,-0.0009454880788622292,0.0
2009-06-08,0.0028378747207662494,0.0
2009-06-09,0.0034105504779932657,0.0
2009-06-10,-0.004349101219727229,0.0
2009-06-11,0.00011761911192497619,0.0
2009-06-12,0.002378697735120693,0.0
2009-06-15,-0.019702505724956174,0.0
2009-06-16,-0.012525689762541169,0.0
2009-06-17,0.008744092580645187,0.0
2009-06-18,0.006945974765469532,0.0
2009-06-19,0.0016305423004028016,0.0
2009-06-22,-0.016577031991371324,0.0
2009-06-23,-0.004676494004729857,0.0
2009-06-24,0.0067714600805205095,0.0
2009-06-25,0.020399685051083603,0.0
2009-06-26,-0.0036139124688224014,0.0
2009-06-29,0.008205931531782748,0.0
2009-06-30,-0.005900454027986704,0.0
2009-07-01,0.005561808319182182,0.5304612451705542
2009-07-02,-0.029102329598821558,0.0
2009-07-06,0.005246980822989635,0.0
2009-07-07,-0.01988030328970648,0.0
2009-07-08,0.001142713783818569,0.0
2009-07-09,0.004635153839360157,0.0
2009-07-10,-0.0034067173023807295,0.0
2009-07-13,0.021105064807225196,0.0
2009-07-14,0.006728182554803801,0.0
2009-07-15,0.023442235197987896,0.0
2009-07-16,0.0056945526714600545,0.0
2009-07-17,0.0007663150445665942,0.0
2009-07-20,0.009792694666389323,0.0
2009-07-21,0.0007900056231247433,0.0
2009-07-22,0.004608197189371147,0.0
2009-07-23,0.021752682577245348,0.0
2009-07-24,0.0029960680619253123,0.0
2009-07-27,0.001159288713136684,0.0
2009-07-28,0.0009389945075271666,0.0
2009-07-29,-0.0021021907453270022,0.0
2009-07-30,0.00948990154014945,0.0
2009-07-31,0.0004953508985389061,0.0
2009-08-03,0.011121780091991829,0.547051745999721
2009-08-04,4.166403819924288e-05,0.0
2009-08-05,-0.004606011105592835,0.0
2009-08-06,-0.003797600306549905,0.0
2009-08-07,0.015237651888796739,0.0
2009-08-10,-0.006257137963097938,0.0
2009-08-11,-0.004073876558615199,0.0
2009-08-12,0.0071954616541212825,0.0
2009-08-13,0.0050974770957376014,0.0
2009-08-14,-0.010307400280457256,0.0
2009-08-17,-0.018208140093727745,0.0
2009-08-18,0.008891852657138644,0.0
2009-08-19,0.006290563202551102,0.0
2009-08-20,0.008279693901659894,0.0
2009-08-21,0.01508044411372017,0.0
2009-08-24,-0.004254872957813491,0.0
2009-08-25,0.006505865797888227,0.0
2009-08-26,0.0013695294559626825,0.0
2009-08-27,0.002009350070762532,0.0
2009-08-28,-0.0014075800960520496,0.0
2009-08-31,-0.008118928747035792,0.0
2009-09-01,-0.01778203163230596,0.3858441281415379
2009-09-02,-0.002718440571800135,0.0
2009-09-03,0.006455436802990053,0.0
2009-09-04,0.011256318089397555,0.0
2009-09-08,0.005818906499456565,0.0
2009-09-09,0.008078299645574716,0.0
2009-09-10,0.008602480016881114,0.0
2009-09-11,-0.002386075966351885,0.0
2009-09-14,0.004618952082050603,0.0
2009-09-15,0.0020958521734705682,0.0
2009-09-16,0.01403649433649437,0.0
2009-09-17,-0.004803559266296583,0.0
2009-09-18,0.002835609076687654,0.0
2009-09-21,-0.000817577121429292,0.0
2009-09-22,0.0013013370642087187,0.0
2009-09-23,-0.007656808464017881,0.0
2009-09-24,-0.00861163548918479,0.0
2009-09-25,-0.0043139014547368335,0.0
2009-09-28,0.01527249219786958,0.0
2009-09-29,-0.00072132331251408,0.0
2009-09-30,-0.0006935518009892098,0.0
2009-10-01,-0.024668517038414772,0.627763877929904
2009-10-02,-0.007151970591141691,0.0
2009-10-05,0.017412681759265625,0.0
2009-10-06,0.01574057970282896,0.0
2009-10-07,0.002532265038409991,0.0
2009-10-08,0.009252147021443568,0.0
2009-10-09,0.008631114184793504,0.0
2009-10-12,0.0038083150489682284,0.0
2009-10-13,-0.000996798313995303,0.0
2009-10-14,0.017761352846678943,0.0
2009-10-15,0.0018262637458002033,0.0
2009-10-16,-0.007901878088540037,0.008473953105552035
2009-10-19,0.012675813326816643,0.0
2009-10-20,-0.0062864132912452434,0.0
2009-10-21,-0.009642837294949944,0.0
2009-10-22,0.010208177258640778,0.0
2009-10-23,-0.013006773620792795,0.0
2009-10-26,-0.011006584646079079,0.0
2009-10-27,-0.009452093584960452,0.0
2009-10-28,-0.027939677757526586,0.0
2009-10-29,0.024243442123746142,0.0
2009-10-30,-0.028704815179345408,0.0
2009-11-02,0.004768670954439447,0.888460930546939
2009-11-03,0.011280130521284256,0.0
2009-11-04,-0.0015715826237333273,0.0
2009-11-05,0.02345838523970158,0.0
2009-11-06,0.004280184986792345,0.0
2009-11-09,0.02742170243265948,0.0
2009-11-10,-0.0032550576593193734,0.0
2009-11-11,0.006092631787432518,0.0
2009-11-12,-0.012555216129811678,0.0
2009-11-13,0.01058790116612024,0.0
2009-11-16,0.018833540440706648,0.0
2009-11-17,-0.0013915934749334435,0.0
2009-11-18,-0.004930816032752103,0.0
2009-11-19,-0.019445493902425604,0.0
2009-11-20,-0.007943660617531927,0.0
2009-11-23,0.011860696296564631,0.0
2009-11-24,-0.0026886880212995123,0.0
2009-11-25,0.010452643208531752,0.0
2009-11-27,-0.02229906174364657,0.0
2009-11-30,0.002331824204538537,0.0
2009-12-01,0.01387913485516501,0.37841735907605434
2009-12-02,0.004835588972949003,0.0
2009-12-03,-0.013180644815976158,0.0
2009-12-04,0.011993189364645433,0.0
2009-12-07,-0.00020550709595573138,0.0
2009-12-08,-0.008163961625935724,0.0
2009-12-09,0.00402528661907835,0.0
2009-12-10,0.006772681258989612,0.0
2009-12-11,0.0031453202020544514,0.0
2009-12-14,0.013784106148969213,0.0
2009-12-15,-0.00547457635410171,0.0
2009-12-16,0.009977429912859014,0.0
2009-12-17,-0.014396359665606928,0.0
2009-12-18,0.0060298443195325735,0.00767543341570918
2009-12-21,0.014422801370524091,0.0
2009-12-22,0.009040634415752898,0.0
2009-12-23,0.007746221061850086,0.0
2009-12-24,0.004983074080300538,0.0
2009-12-28,-0.0019377380110079724,0.0
2009-12-29,-0.002695404565236376,0.0
2009-12-30,-0.0007152664648349796,0.0
2009-12-31,-0.009925021753937717,0.0
2010-01-04,0.01661061419059018,0.3804916862073474
2010-01-05,0.00963734359487586,0.0
2010-01-06,0.003921583048460371,0.0
2010-01-07,0.0037245386789911674,0.0
2010-01-08,0.007052749990117751,0.0
2010-01-11,-0.0013923072125287738,0.0
2010-01-12,-0.016420795073613728,0.0
2010-01-13,0.010327097973975982,0.0
2010-01-14,0.0002678688010613506,0.0
2010-01-15,-0.013518072287838846,0.0
2010-01-19,0.013464186433420563,0.0
2010-01-20,-0.015646185521051778,0.0
2010-01-21,-0.023564072289964107,0.0
2010-01-22,-0.02921566010561583,0.0
2010-01-25,0.005959001552925777,0.0
2010-01-26,-0.003607681471460151,0.0
2010-01-27,0.004003748011704091,0.0
2010-01-28,-0.01706829439114218,0.0
2010-01-29,-0.016962392621958054,0.0
2010-02-01,0.022512075882132887,0.4760610759678961
2010-02-02,0.01676361550672547,0.0
2010-02-03,-0.005028434473143297,0.0
2010-02-04,-0.04200817025927157,0.0
2010-02-05,0.004603927153230816,0.0
2010-02-08,-0.008375311417264749,0.0
2010-02-09,0.01942270360162034,0.0
2010-02-10,-0.002286168470118286,0.0
2010-02-11,0.016423620521314138,0.0
2010-02-12,0.0020099827488675617,0.0
2010-02-16,0.02444605383273426,0.0
2010-02-17,0.004203767223890251,0.0
2010-02-18,0.005496110920179638,0.0
2010-02-19,0.0031834852654971674,0.0
2010-02-22,-0.0022301151383576326,0.0
2010-02-23,-0.017307049209396512,0.0
2010-02-24,0.012380298384168884,0.0
2010-02-25,0.0003007528203344278,0.0
2010-02-26,0.006983321235206662,0.0
2010-03-01,0.02045096530607582,0.4813062389868766
2010-03-02,0.003940500101484893,0.0
2010-03-03,0.0019751522703737407,0.0
2010-03-04,0.004694290845426575,0.0
2010-03-05,0.021993748082944162,0.0
2010-03-08,0.0004877265309164243,0.0
2010-03-09,0.004409880585168675,0.0
2010-03-10,0.009046503396344122,0.0
2010-03-11,0.0029952193219404725,0.0
2010-03-12,0.002064763970970107,0.007952262065428576
2010-03-15,-0.0021585527881560007,0.0
2010-03-16,0.015269200763277176,0.0
2010-03-17,0.00947332223135269,0.0
2010-03-18,-0.00498127648515643,0.0
2010-03-19,-0.010547933924445207,0.0
2010-03-22,0.011618938624024716,0.0
2010-03-23,0.009448846001756462,0.0
2010-03-24,-0.0054154764202649286,0.0
2010-03-25,-0.003038920814047428,0.0
2010-03-26,0.0034306886638760907,0.0
2010-03-29,0.009167404405605775,0.0
2010-03-30,-0.0008732309219382406,0.0
2010-03-31,-0.004788201269721518,0.0
2010-04-01,0.010279004085120391,0.37878930673627287
2010-04-05,0.018196934524185766,0.0
2010-04-06,0.004724611223454546,0.0
2010-04-07,-0.010263046733019743,0.0
2010-04-08,0.00428785320070654,0.0
2010-04-09,0.00819568483294588,0.0
2010-04-12,0.0020648468888901754,0.0
2010-04-13,0.0021403645323198337,0.0
2010-04-14,0.01697295213567837,0.0
2010-04-15,-0.0016550719156243994,0.0
2010-04-16,-0.02181562463598935,0.0
2010-04-19,0.00022167778335905003,0.0
2010-04-20,0.016552581327743992,0.0
2010-04-21,0.007238291222670948,0.0
2010-04-22,0.013644505587195876,0.00817538112125571
2010-04-23,0.01103600988060993,0.0
2010-04-26,-0.003153511171479788,0.0
2010-04-27,-0.03643319484748693,0.0
2010-04-28,0.005605510257410967,0.0
2010-04-29,0.02095261291864559,0.0
2010-04-30,-0.028423128667401865,0.0
2010-05-03,0.02124213016226406,0.4152211660767814
2010-05-04,-0.030001120701142532,0.0
2010-05-05,-0.009166747601688612,0.0
2010-05-06,-0.03665159417591195,0.0
2010-05-07,-0.026026121275633626,0.0
2010-05-10,0.06483226952716091,0.0
2010-05-11,-0.0023005382513766317,0.0
2010-05-12,0.02403938211534449,0.0
2010-05-13,-0.014350115593290861,0.0
2010-05-14,-0.027900107190764484,0.0
2010-05-17,-0.0007859190501409323,0.0
2010-05-18,-0.019370017180541117,0.0
2010-05-19,-0.009741697334578109,0.0
2010-05-20,-0.048009853929100926,0.0
2010-05-21,0.026077038719619135,0.0
2010-05-24,-0.014615828944171665,0.0
2010-05-25,0.004769866355971188,0.0
2010-05-26,0.0006019804684710101,0.0
2010-05-27,0.04803888575463525,0.0
2010-05-28,-0.015827264999519714,0.0
2010-06-01,-0.028666983787413725,0.5138679512262493
2010-06-02,0.030612229360619046,0.0
2010-06-03,0.003749933787474505,0.0
2010-06-04,-0.05069743635597512,0.0
2010-06-07,-0.023258427500046672,0.0
2010-06-08,0.010871918066422027,0.0
2010-06-09,0.00217063436458007,0.0
2010-06-10,0.04159111566845049,0.0
2010-06-11,0.009097241560789277,0.0
2010-06-14,0.002183441252220061,0.0
2010-06-15,0.0301162051350705,0.0
2010-06-16,-0.004289159980086167,0.0
2010-06-17,0.0004903737915439403,0.0
2010-06-18,0.00033985506152513104,0.0
2010-06-21,-0.002584417051708865,0.0
2010-06-22,-0.02604808085950979,0.0
2010-06-23,0.0010312930359194822,0.0
2010-06-24,-0.024350591044682512,0.0
2010-06-25,0.01220177125776313,0.0
2010-06-28,-0.005740877488417964,0.0
2010-06-29,-0.04652107232525883,0.0
2010-06-30,-0.013089208468827083,0.0
2010-07-01,-0.00402842714602436,0.40861734614033296
2010-07-02,-0.012329941001506752,0.0
2010-07-06,-0.00011639235422699053,0.0
2010-07-07,0.04189265924111227,0.0
2010-07-08,0.011443669848090029,0.0
2010-07-09,0.012080941015634235,0.0
2010-07-12,-0.003906722832312331,0.0
2010-07-13,0.024900512696293876,0.0
2010-07-14,-0.0035446776284449744,0.0
2010-07-15,-0.0019958311070866924,0.0
2010-07-16,-0.038596938300133,0.0
2010-07-19,0.007022783799246542,0.0
2010-07-20,0.015836785403870415,0.0
2010-07-21,-0.014432108040415236,0.0
2010-07-22,0.030844221122318154,0.0
2010-07-23,0.01745261991437954,0.0
2010-07-26,0.01903723348303841,0.0
2010-07-27,-0.008279971881352108,0.0
2010-07-28,-0.010774743476317288,0.0
2010-07-29,-0.0014696457133357905,0.0
2010-07-30,7.600743247112933e-05,0.0
2010-08-02,0.025350997465998004,0.4536102483606963
2010-08-03,-0.00747112402044132,0.0
2010-08-04,0.007653058390138468,0.0
2010-08-05,-0.00380733353744015,0.0
2010-08-06,-0.006033090377309586,0.0
2010-08-09,0.00829579367698598,0.0
2010-08-10,-0.008930832264701075,0.0
2010-08-11,-0.033868027095382836,0.0
2010-08-12,-0.00673108928726629,0.0
2010-08-13,-0.0033091289615978666,0.0
2010-08-16,3.8604395579335156e-05,0.0
2010-08-17,0.018667532189733316,0.0
2010-08-18,0.0030837824791035717,0.0
2010-08-19,-0.0210930867264955,0.0
2010-08-20,-0.0011608195983912484,0.0
2010-08-23,-0.008644191948077229,0.0
2010-08-24,-0.019470136497548782,0.0
2010-08-25,0.007501026644206962,0.0
2010-08-26,-0.006657541667833196,0.0
2010-08-27,0.02106377759010155,0.0
2010-08-30,-0.018928370963345077,0.0
2010-08-31,0.0012811757654344886,0.0
2010-09-01,0.03548773705397967,0.508784220997699
2010-09-02,0.015798268294347686,0.0
2010-09-03,0.015268362013388413,0.0
2010-09-07,-0.014601116286762614,0.0
2010-09-08,0.00919464422287121,0.0
2010-09-09,0.00021187683681692614,0.0
2010-09-10,0.006029775482228094,0.0
2010-09-13,0.01751234100212426,0.0
2010-09-14,-0.0015786868519634917,0.0
2010-09-15,0.0037778439580407035,0.0
2010-09-16,-0.0027937437146288895,0.0
2010-09-17,0.003940396043652742,0.0
2010-09-20,0.019735304476724974,0.0
2010-09-21,-0.006346152003832034,0.0
2010-09-22,-0.01037410304706535,0.0
2010-09-23,-0.010300027449377098,0.0
2010-09-24,0.028276860317503934,0.0
2010-09-27,-0.007235422452330092,0.0
2010-09-28,0.007595605628105627,0.0
2010-09-29,-0.0009992250945478518,0.0
2010-09-30,-0.0047306823532967755,0.0
2010-10-01,0.001478750131194806,0.68599410504887
2010-10-04,-0.005926449773918945,0.0
2010-10-05,0.020260856685824877,0.0
2010-10-06,-0.007724148227211109,0.0
2010-10-07,-0.001358469366336405,0.0
2010-10-08,0.005887949073847692,0.0
2010-10-11,-0.000313559911524854,0.0
2010-10-12,0.003325059383547736,0.0
2010-10-13,0.00855286035560983,0.0
2010-10-14,-0.0010769237003916596,0.0
2010-10-15,0.0007379252701734983,0.0
2010-10-18,0.003243167649937779,0.0
2010-10-19,-0.014426664294658643,0.0
2010-10-20,0.01343801515884251,0.0
2010-10-21,0.0017889325215286517,0.0
2010-10-22,0.004412349525497041,0.0
2010-10-25,0.004542654014534649,0.0
2010-10-26,-0.002794546575134313,0.0
2010-10-27,-0.00362520188311812,0.0
2010-10-28,-0.0004953268346522952,0.0
2010-10-29,0.0035410247823965215,0.0
2010-11-01,-0.0007583435360923874,0.5205052603429849
2010-11-02,0.009072960153573189,0.0
2010-11-03,0.0031489484365916434,0.0
2010-11-04,0.01916511964602102,0.0
2010-11-05,0.003077976566544188,0.0
2010-11-08,-0.002058848180021516,0.0
2010-11-09,-0.012955783213797423,0.00803880833369065
2010-11-10,0.006840530285803871,0.0
2010-11-11,-0.0007793225722279883,0.0
2010-11-12,-0.013102021703248107,0.0
2010-11-15,-0.0006504155562256271,0.0
2010-11-16,-0.01924081357843521,0.0
2010-11-17,0.0016292151809627368,0.0
2010-11-18,0.014303948990765838,0.0
2010-11-19,0.005177091458095518,0.0
2010-11-22,0.004789742101626018,0.0
2010-11-23,-0.01277545605579252,0.0
2010-11-24,0.01826908311719388,0.0
2010-11-26,-0.004498321603240535,0.0
2010-11-29,-0.0028258513472312168,0.0
2010-11-30,-0.003374271772489407,0.0
2010-12-01,0.020001106405930003,0.40725932692951106
2010-12-02,0.013475480503033942,0.0
2010-12-03,0.0031332011463141496,0.0
2010-12-06,-0.001203834624360938,0.0
2010-12-07,0.0012709967758797339,0.0
2010-12-08,0.0002294262684380543,0.0
2010-12-09,0.002448397193476527,0.0
2010-12-10,0.0065938831642332685,0.0
2010-12-13,-0.003931612558073475,0.0
2010-12-14,-0.0019874335065225945,0.0
2010-12-15,-0.005227658951151378,0.0
2010-12-16,0.008731141845605049,0.0
2010-12-17,0.0032239218715915505,0.0
2010-12-20,0.0035145310862453325,0.0
2010-12-21,0.00851887724235678,0.0
2010-12-22,-0.0006818397146295383,0.0
2010-12-23,-0.0033468757380245486,0.0
2010-12-27,0.0014007408074581612,0.0
2010-12-28,-0.0013159370193438578,0.0
2010-12-29,0.0023319064483923744,0.0
2010-12-30,-0.000841278605944156,0.0
2010-12-31,-0.002895641605872238,0.0
2011-01-03,0.011010572344151814,0.5633655381396949
2011-01-04,-0.01154383771968077,0.0
2011-01-05,0.007175038461476952,0.0
2011-01-06,-0.006515512175264939,0.0
2011-01-07,-0.0018755981908742962,0.0
2011-01-10,0.00176998644345888,0.0
2011-01-11,0.0018861305371677428,0.0
2011-01-12,0.007541182484054379,0.0
2011-01-13,-0.0011465936901367576,0.0
2011-01-14,0.00800099625993991,0.0
2011-01-18,0.002570516388399703,0.0
2011-01-19,-0.014167445178659305,0.0
2011-01-20,-0.008636875816153345,0.0
2011-01-21,-0.0015201562300206856,0.0
2011-01-24,0.005126269151735998,0.0
2011-01-25,-0.0032891557675289573,0.0
2011-01-26,0.012533611283441945,0.0
2011-01-27,0.002044307726304519,0.0
2011-01-28,-0.021138155788462974,0.0
2011-01-31,0.011362557201653956,0.0
2011-02-01,0.01510356284567771,0.3726489230915838
2011-02-02,-0.003297881034131811,0.0
2011-02-03,0.006218735158748592,0.0
2011-02-04,0.008626072759244775,0.0
2011-02-07,0.007513719844233633,0.0
2011-02-08,0.004581682539289774,0.0
2011-02-09,-0.0011915001263723853,0.0
2011-02-10,0.006963497544299721,0.0
2011-02-11,0.011172473872494652,0.0
2011-02-14,0.003965699647530581,0.0
2011-02-15,-0.006185272282801589,0.0
2011-02-16,0.011965943899440432,0.0
2011-02-17,0.0028734695828112546,0.0
2011-02-18,-0.0006424039038064899,0.0
2011-02-22,-0.029588847984419776,0.0
2011-02-23,-0.013881057933805209,0.0
2011-02-24,0.002312709371514668,0.0
2011-02-25,0.01781969073061253,0.0
2011-02-28,0.0041266424400423305,0.0
2011-03-01,-0.0210502798248422,0.4441336590247773
2011-03-02,0.005700359501102746,0.0
2011-03-03,0.02251604470145048,0.0
2011-03-04,-0.007342227494763852,0.0
2011-03-07,-0.013877319499288134,0.0
2011-03-08,0.011002050605393929,0.0
2011-03-09,-0.006951480716603375,0.0
2011-03-10,-0.02173819570233302,0.0
2011-03-11,0.01105122463707233,0.0
2011-03-14,-0.0049049694766885085,0.0
2011-03-15,-0.009601993267205192,0.0
2011-03-16,-0.01647311545945027,0.0
2011-03-17,0.014136724080753617,0.0
2011-03-18,0.0030040943640094976,0.0
2011-03-21,0.020520170382184795,0.0
2011-03-22,-0.007400531888285761,0.0
2011-03-23,0.0056935236514444746,0.0
2011-03-24,0.014610756579163903,0.0
2011-03-25,0.004261127057408511,0.0
2011-03-28,-0.004406647762889463,0.0
2011-03-29,0.01116362033898961,0.0
2011-03-30,0.008236249238052828,0.0
2011-03-31,-0.0001046014897950092,0.0
2011-04-01,0.004648274210759418,0.5296046905940389
2011-04-04,-0.0004866491073386381,0.0
2011-04-05,0.001458986226986713,0.0
2011-04-06,-0.004190563472512706,0.0
2011-04-07,-0.002910742342749385,0.0
2011-04-08,-0.006142853138198436,0.0
2011-04-11,-0.005558987839699839,0.0
2011-04-12,-0.01152111287512795,0.0
2011-04-13,0.005727304707060338,0.0
2011-04-14,0.0014023719219485125,0.0
2011-04-15,0.006290712720651081,0.0
2011-04-18,-0.013310377745343747,0.0
2011-04-19,0.00611764157641305,0.0
2011-04-20,0.02152675189143209,0.0
2011-04-21,0.007942272069359277,0.0
2011-04-25,-0.0024620594385945304,0.0
2011-04-26,0.006645404747399944,0.0
2011-04-27,0.0021159035127381576,0.0
2011-04-28,-0.00022688962819477796,0.0
2011-04-29,0.0032339794488259396,0.0
2011-05-02,-0.0070272886455439165,0.41984411432208396
2011-05-03,-0.011064769281407528,0.0
2011-05-04,-0.009748013890898273,0.0
2011-05-05,-0.001912531120513789,0.0
2011-05-06,0.00642521915306553,0.0
2011-05-09,0.009127615734088351,0.0
2011-05-10,0.011333809444008415,0.0
2011-05-11,-0.015326395948340107,0.0
2011-05-12,0.005633517883522391,0.0
2011-05-13,-0.008313810103142572,0.0
2011-05-16,-0.009168248065453313,0.0
2011-05-17,-0.0035500565713862927,0.0
2011-05-18,0.018475997554218408,0.0
2011-05-19,0.0016363318645286795,0.0
2011-05-20,-0.006957351851311021,0.0
2011-05-23,-0.014573243314185497,0.0
2011-05-24,-0.0015159301546975312,0.007573994910026424
2011-05-25,0.007120005136502772,0.0
2011-05-26,0.009986970681588951,0.0
2011-05-27,0.0046878966707896656,0.0
2011-05-31,0.008097338560028927,0.0
2011-06-01,-0.02562250698200863,0.3442632103157362
2011-06-02,0.0026325341355153283,0.0
2011-06-03,-0.013438156838647568,0.0
2011-06-06,-0.015798129394929562,0.0
2011-06-07,0.002702645738048413,0.0
2011-06-08,-0.00931860834602526,0.0
2011-06-09,0.011155763761192174,0.0
2011-06-10,-0.018544818003945217,0.0
2011-06-13,-0.006455548575680832,0.0
2011-06-14,0.021439962217008543,0.0
2011-06-15,-0.02188008025020563,0.0
2011-06-16,-0.0037629998202267207,0.0
2011-06-17,0.0023394845036964667,0.0
2011-06-20,0.00896190238430412,0.0
2011-06-21,0.022550132378606078,0.0
2011-06-22,-0.006137095805181814,0.0
2011-06-23,0.0001853434416952797,0.0
2011-06-24,-0.011461129098582302,0.0
2011-06-27,0.009221521701409708,0.0
2011-06-28,0.02039584904355235,0.0
2011-06-29,0.00817330817401506,0.0
2011-06-30,0.011021360874447337,0.0
2011-07-01,0.01383561261818178,0.35002079235346206
2011-07-05,0.0007798179302400327,0.0
2011-07-06,0.0024152098661573192,0.0
2011-07-07,0.011597652702979851,0.0
2011-07-08,-0.00722252999070942,0.0
2011-07-11,-0.023093816833323653,0.0
2011-07-12,-0.007593360381091983,0.0
2011-07-13,0.004884200743460804,0.0
2011-07-14,-0.010324469096310759,0.0
2011-07-15,0.010533132425886334,0.0
2011-07-18,-0.009036474056884316,0.0
2011-07-19,0.020725705154215714,0.0
2011-07-20,-0.004577542009498946,0.0
2011-07-21,0.012715315565275696,0.0
2011-07-22,0.0022476478371554792,0.0
2011-07-25,-0.006027032580990608,0.0
2011-07-26,-0.00530371441734052,0.0
2011-07-27,-0.029367023743774753,0.0
2011-07-28,-0.005434958414308804,0.0
2011-07-29,-0.006171881887879319,0.0
2011-08-01,-0.007094325100752696,0.45361470314714725
2011-08-02,-0.03509545052311812,0.0
2011-08-03,0.007322984743792698,0.0
2011-08-04,-0.0568411660882468,0.0
2011-08-05,-0.0030291095982724866,0.0
2011-08-08,-0.0800455304451193,0.0
2011-08-09,0.058827363336595856,0.0
2011-08-10,-0.038762110511718365,0.0
2011-08-11,0.051430593864309246,0.0
2011-08-12,0.012068317988570377,0.0
2011-08-15,0.021886097950286308,0.0
2011-08-16,-0.014019178930555987,0.0
2011-08-17,-0.004201876832697251,0.0
2011-08-18,-0.059248438275371525,0.0
2011-08-19,-0.01651792459503014,0.0
2011-08-22,0.0025821755329030714,0.0
2011-08-23,0.04404522077303162,0.0
2011-08-24,0.013359760579183293,0.0
2011-08-25,-0.020339544817299667,0.0
2011-08-26,0.02510692858736496,0.0
2011-08-29,0.03434989233890756,0.0
2011-08-30,0.0071817309982898075,0.0
2011-08-31,0.005666042673288275,0.0
2011-09-01,-0.012618043556210545,0.4949599066689767
2011-09-02,-0.027484876552049058,0.0
2011-09-06,-0.005403501393878955,0.0
2011-09-07,0.03467528801791836,0.0
2011-09-08,-0.011860944430325973,0.0
2011-09-09,-0.029577554338386998,0.0
2011-09-12,0.008013497213222396,0.0
2011-09-13,0.01616961845473196,0.0
2011-09-14,0.01716651008410717,0.0
2011-09-15,0.016897124555209267,0.0
2011-09-16,0.005251573683288989,0.0
2011-09-19,-0.007683075463787445,0.0
2011-09-20,-0.009051536544239005,0.0
2011-09-21,-0.03456755651217018,0.0
2011-09-22,-0.04032363010841725,0.0
2011-09-23,0.0055340527026621344,0.0
2011-09-26,0.023146649027121075,0.0
2011-09-27,0.01357354219095047,0.0
2011-09-28,-0.027480222529680513,0.0
2011-09-29,-0.0026667740812474686,0.0
2011-09-30,-0.028868031354833373,0.0
2011-10-03,-0.03626758716608991,0.6248394094376128
2011-10-04,0.027700570771585945,0.0
2011-10-05,0.020243989482262307,0.0
2011-10-06,0.02272071068964733,0.0
2011-10-07,-0.008060415259475151,0.0
2011-10-10,0.037955711721054976,0.0
2011-10-11,0.0012361566686790821,0.0
2011-10-12,0.00835483255010483,0.007315702850312989
2011-10-13,-0.0006702225186970242,0.0
2011-10-14,0.019741498577436407,0.0
2011-10-17,-0.02139928490220682,0.0
2011-10-18,0.018541873424492497,0.0
2011-10-19,-0.0132887877451906,0.0
2011-10-20,0.005522712808617896,0.0
2011-10-21,0.022114539506109487,0.0
2011-10-24,0.018264829894996382,0.0
2011-10-25,-0.020955647498097217,0.0
2011-10-26,0.01242353228085206,0.0
2011-10-27,0.034652732034516694,0.0
2011-10-28,-0.0001705666296630071,0.0
2011-10-31,-0.023222956411792874,0.0
2011-11-01,-0.026863012668008834,0.5825781168577381
2011-11-02,0.014975748608392424,0.0
2011-11-03,0.014764638713897858,0.0
2011-11-04,-0.003833810951487401,0.0
2011-11-07,0.004469474977251146,0.0
2011-11-08,0.00738404339051399,0.0
2011-11-09,-0.03043718475027241,0.0
2011-11-10,0.008034601861619552,0.0
2011-11-11,0.018743216946181612,0.0
2011-11-14,-0.00929178148623079,0.0
2011-11-15,0.005044141691604428,0.0
2011-11-16,-0.02006457840557166,0.0
2011-11-17,-0.0125633194109196,0.0
2011-11-18,0.00026333178104433506,0.0
2011-11-21,-0.013604484457432016,0.0
2011-11-22,-0.0023097506357939368,0.0
2011-11-23,-0.02010004934952947,0.0
2011-11-25,-0.0007129448423502156,0.0
2011-11-28,0.024230285935664175,0.0
2011-11-29,0.003993930335504382,0.0
2011-11-30,0.036456869513354875,0.0
2011-12-01,-0.0014048681169914756,0.40370886532271416
2011-12-02,-0.005250136070493339,0.0
2011-12-05,0.008010370480014514,0.0
2011-12-06,-0.0006050620743315898,0.0
2011-12-07,0.0002907738339014793,0.0
2011-12-08,-0.017710569500839626,0.0
2011-12-09,0.016172013970979976,0.0
2011-12-12,-0.011711329872351567,0.0
2011-12-13,-0.011071451680757006,0.0
2011-12-14,-0.009930923409723878,0.0
2011-12-15,0.005729265130034212,0.0
2011-12-16,0.0028885575170836983,0.0
2011-12-19,-0.00950008730142361,0.0
2011-12-20,0.029804629417118134,0.0
2011-12-21,0.0037346828271983775,0.0
2011-12-22,0.004675799843249628,0.0
2011-12-23,0.008862550147991565,0.0
2011-12-27,0.004044420276315387,0.0
2011-12-28,-0.011533724180154834,0.0
2011-12-29,0.009141540565875243,0.0
2011-12-30,-0.006541221978846146,0.0
2012-01-03,0.003636072790661027,0.4187719610128108
2012-01-04,-0.00042485464751447965,0.0
2012-01-05,0.0039229767357830195,0.0
2012-01-06,-0.003417571546881457,0.0
2012-01-09,0.0008323721912591688,0.0
2012-01-10,0.00666165041270814,0.0
2012-01-11,-0.003025789887248776,0.0
2012-01-12,0.0006499017250473109,0.0
2012-01-13,-0.0030189348784207476,0.0
2012-01-17,0.005979547114151252,0.0
2012-01-18,0.007937539822039534,0.0
2012-01-19,0.0006079563927627008,0.0
2012-01-20,-0.0026084419664151987,0.0
2012-01-23,0.0021089757526189233,0.0
2012-01-24,-0.0001235849392050632,0.0
2012-01-25,0.008171125714385972,0.0
2012-01-26,-0.006690533234300341,0.0
2012-01-27,-0.002249846612115303,0.0
2012-01-30,-0.0031430498118390484,0.0
2012-01-31,0.002152934306997664,0.0
2012-02-01,0.0074698983879613046,0.41134131094848236
2012-02-02,0.0010500661072990664,0.0
2012-02-03,0.009801850780671998,0.0
2012-02-06,-0.0029380122431431795,0.0
2012-02-07,0.003971473001685943,0.0
2012-02-08,0.0010074340165243771,0.0
2012-02-09,0.0037658209193932356,0.0
2012-02-10,-0.005836326257536202,0.0
2012-02-13,0.004577464198867389,0.0
2012-02-14,0.000650392807750778,0.0
2012-02-15,-0.005236504485608645,0.0
2012-02-16,0.006941920500761827,0.0
2012-02-17,0.0031120466818866086,0.0
2012-02-21,-0.002927067833968372,0.0
2012-02-22,0.00013461464719200718,0.0
2012-02-23,0.002626252500245646,0.0
2012-02-24,0.0021697412237611895,0.0
2012-02-27,0.0005731888887913083,0.0
2012-02-28,-0.00092911507414603,0.0
2012-02-29,-0.002418235630487795,0.0
2012-03-01,0.005281480542247197,0.4391903533816626
2012-03-02,-0.0027215150754125875,0.0
2012-03-05,-0.00048161051006919613,0.0
2012-03-06,-0.01305209318044688,0.0
2012-03-07,0.007077831437822395,0.0
2012-03-08,0.010351873270574461,0.0
2012-03-09,0.004159374314313376,0.0
2012-03-12,0.0028116384569716654,0.0
2012-03-13,0.012013257360632325,0.0
2012-03-14,-0.004612698993757275,0.0
2012-03-15,0.0034816193571630552,0.0
2012-03-16,-0.001000325275767128,0.0
2012-03-19,0.0017071358660982728,0.0
2012-03-20,-0.0013446507969432089,0.0
2012-03-21,0.000769997582412923,0.0
2012-03-22,-0.003730395658732808,0.0
2012-03-23,0.00187499941110287,0.0
2012-03-26,0.013123068064612692,0.0
2012-03-27,0.00045050716499302077,0.0
2012-03-28,-0.006061351412396044,0.0
2012-03-29,0.0021306276630711878,0.0
2012-03-30,0.0025600169631016666,0.0
2012-04-02,0.005499630598553296,0.4230598928497389
2012-04-03,-0.0007376441048365044,0.0
2012-04-04,-0.00801503084288005,0.0
2012-04-05,0.0017414814637922386,0.0
2012-04-09,-0.009102645009625859,0.0
2012-04-10,-0.018957441221142596,0.0
2012-04-11,0.010305761706635786,0.0
2012-04-12,0.011273902807415926,0.0
2012-04-13,-0.004836052321696094,0.0
2012-04-16,2.8128940902083716e-05,0.0
2012-04-17,0.011193564593553371,0.0
2012-04-18,-0.0018786084990077949,0.0
2012-04-19,-0.0037632092033522335,0.0
2012-04-20,0.008180397594528292,0.0
2012-04-23,-0.011284636736010354,0.0
2012-04-24,0.001234188838282834,0.0
2012-04-25,0.014603439459426656,0.0
2012-04-26,0.009967610190391402,0.0
2012-04-27,0.007815827856169428,0.0
2012-04-30,-0.004583137236666124,0.0
2012-05-01,0.002578147747448689,0.3284646819626534
2012-05-02,0.002973220942728076,0.0
2012-05-03,-0.005881456103519294,0.0
2012-05-04,-0.014073433747785295,0.0
2012-05-07,0.00027004234449308495,0.0
2012-05-08,-0.005917726348532531,0.0
2012-05-09,-0.00438692469524327,0.0
2012-05-10,0.0015889633318231355,0.0
2012-05-11,0.0002868944839542127,0.0
2012-05-14,-0.01013337451142878,0.0
2012-05-15,-0.0012744560356328597,0.0
2012-05-16,-0.0031787463127574086,0.0
2012-05-17,-0.02218438375393081,0.0
2012-05-18,-0.005866681112223311,0.0
2012-05-21,0.01678993251609682,0.0
2012-05-22,0.0034322815880169838,0.0
2012-05-23,0.003156807267896708,0.0
2012-05-24,0.002794039873890282,0.0
2012-05-25,-0.0007931861141477761,0.0
2012-05-29,0.010570914389867648,0.0
2012-05-30,-0.012681046840318974,0.0
2012-05-31,-0.0007991403190235409,0.0
2012-06-01,-0.028456785803475326,0.33062167082597427
2012-06-04,0.0011694233178545079,0.0
2012-06-05,0.006702926238256746,0.008028586182603726
2012-06-06,0.02153057401841325,0.0
2012-06-07,-0.0005316357546167588,0.0
2012-06-08,0.00941816478319334,0.0
2012-06-11,-0.01303575911113739,0.0
2012-06-12,0.010748485599569228,0.0
2012-06-13,-0.009095659348899925,0.0
2012-06-14,0.011667206957649674,0.0
2012-06-15,0.009707734344469499,0.0
2012-06-18,0.007251990171893539,0.0
2012-06-19,0.0076087949486417505,0.0
2012-06-20,-0.0029512809028247166,0.0
2012-06-21,-0.021042741943781435,0.0
2012-06-22,0.008344630136052886,0.0
2012-06-25,-0.013936072753651014,0.0
2012-06-26,0.006228358086002908,0.0
2012-06-27,0.0032486833929540196,0.0
2012-06-28,-0.004275455347596781,0.0
2012-06-29,0.022858241799266106,0.0
2012-07-02,0.0038613142883565654,0.32068381200584734
2012-07-03,0.0016482902746974522,0.0
2012-07-05,0.00048353784679334175,0.0
2012-07-06,-0.006782454675802374,0.0
2012-07-09,-0.0022300681863481574,0.0
2012-07-10,-0.006649283758952223,0.0
2012-07-11,-0.0032108225535970804,0.0
2012-07-12,0.0006255364451762337,0.0
2012-07-13,0.01427774854853427,0.0
2012-07-16,-0.0029413262128651445,0.0
2012-07-17,0.0076554535386565625,0.0
2012-07-18,0.0055048135886999125,0.0
2012-07-19,0.0032776226456324112,0.0
2012-07-20,-0.009130522572827638,0.0
2012-07-23,-0.010102567922417652,0.0
2012-07-24,-0.008697230122481928,0.0
2012-07-25,-0.0023815757414863458,0.0
2012-07-26,0.017191835854507814,0.0
2012-07-27,0.018338440578501893,0.0
2012-07-30,-0.000799629153274613,0.0
2012-07-31,-0.008830103653813785,0.0
2012-08-01,-0.007752326809503329,0.3338644331749897
2012-08-02,4.0060642532478144e-05,0.0
2012-08-03,0.017232434360192048,0.0
2012-08-06,-0.0008389165129636699,0.0
2012-08-07,0.0028046124080793287,0.0
2012-08-08,-0.000681422467166281,0.0
2012-08-09,-0.0011960687785882206,0.0
2012-08-10,-0.0006074909206350376,0.0
2012-08-13,-0.0011410222135693798,0.0
2012-08-14,-0.00013576888863389938,0.0
2012-08-15,0.003293758250921659,0.0
2012-08-16,0.007721843718447751,0.0
2012-08-17,0.002217381155730839,0.0
2012-08-20,-0.0038532813292803,0.0
2012-08-21,-0.0045029430155529215,0.0
2012-08-22,0.0024517368217983173,0.0
2012-08-23,-0.008019725182015937,0.0
2012-08-24,0.006641399823625484,0.0
2012-08-27,-0.0010496137681529926,0.0
2012-08-28,-0.0006450365159162837,0.0
2012-08-29,0.0020151708649820375,0.0
2012-08-30,-0.005829718490204552,0.0
2012-08-31,0.003856614267824522,0.0
2012-09-04,0.0017075987987433816,0.4961672047846415
2012-09-05,-0.001992574280882989,0.0
2012-09-06,0.019538658330213787,0.0
2012-09-07,0.0005519580940649106,0.0
2012-09-10,-0.004843118163395966,0.0
2012-09-11,0.002408478245556718,0.0
2012-09-12,0.0031789025866430275,0.0
2012-09-13,0.014138818494451585,0.0
2012-09-14,0.0031809175120832453,0.0
2012-09-17,-0.004660919435116503,0.0
2012-09-18,-0.0037371697640131867,0.0
2012-09-19,0.004295721157222513,0.0
2012-09-20,0.00031590052411126825,0.0
2012-09-21,0.001872826881911959,0.0
2012-09-24,-0.001582223103218916,0.0
2012-09-25,-0.010073869532993406,0.0
2012-09-26,-0.007168798173254718,0.0
2012-09-27,0.00909718221253393,0.0
2012-09-28,-0.0024493335314008467,0.0
2012-10-01,-2.1561234341938018e-05,0.506928106932088
2012-10-02,0.0018623891379519707,0.0
2012-10-03,0.007390409653220664,0.0
2012-10-04,0.007636378839825819,0.0
2012-10-05,0.0014659562780852033,0.0
2012-10-08,-0.004856760312463097,0.0
2012-10-09,-0.014440131388062586,0.0
2012-10-10,-0.004792514972143731,0.0
2012-10-11,-0.0004882214414021495,0.0
2012-10-12,-0.0049234646407826845,0.0
2012-10-15,0.009672821986338669,0.0
2012-10-16,0.009728243722204568,0.0
2012-10-17,0.004628730696864968,0.0
2012-10-18,0.001086840669044387,0.0
2012-10-19,-0.013980361720221463,0.0
2012-10-22,-0.0002395755210367077,0.0
2012-10-23,-0.012395692817997727,0.0
2012-10-24,-0.001947324549398636,0.0
2012-10-25,-0.00023983203264173528,0.0
2012-10-26,0.00017236930705096356,0.0
2012-10-31,0.0014695773211680096,0.0
2012-11-01,0.011298220629654354,0.44316693873632407
2012-11-02,-0.008416417894159027,0.0
2012-11-05,0.0031882723249805284,0.0
2012-11-06,0.007518268257569205,0.0
2012-11-07,-0.01804469892467698,0.0
2012-11-08,-0.01150803846287975,0.0
2012-11-09,0.0009209163103897292,0.0
2012-11-12,0.0007897372682194842,0.0
2012-11-13,-0.0017169142889769812,0.0
2012-11-14,-0.01622602898130885,0.0
2012-11-15,-0.0022135366216723285,0.0
2012-11-16,0.008958005965342526,0.0
2012-11-19,0.019877117504740492,0.0
2012-11-20,0.006118340539813391,0.0
2012-11-21,0.0009912109085500223,0.0
2012-11-23,0.013101954490292915,0.0
2012-11-26,-0.003602103349346543,0.0
2012-11-27,-0.005323216413737468,0.0
2012-11-28,0.00687405887565852,0.0
2012-11-29,0.004197496596950139,0.0
2012-11-30,0.00101989023874693,0.0
2012-12-03,-0.005944614732343312,0.4952715256632608
2012-12-04,-0.00316605852587759,0.0
2012-12-05,0.0008286887809593171,0.0
2012-12-06,0.00408094784263288,0.0
2012-12-07,0.003416659949103772,0.0
2012-12-10,0.001854436644498489,0.0
2012-12-11,0.006255581024165987,0.0
2012-12-12,0.001533119081501195,0.0
2012-12-13,-0.006379837032136136,0.0
2012-12-14,-0.0003810791349890342,0.0
2012-12-17,0.016250914365732748,0.0
2012-12-18,0.01172443352078793,0.0
2012-12-19,-0.007110299149686354,0.0
2012-12-20,0.006938166707837147,0.0
2012-12-21,-0.010334181359305005,0.0
2012-12-24,-0.0006520896594201092,0.0
2012-12-26,-0.00642028003851859,0.0
2012-12-27,-0.0004289162353226253,0.0
2012-12-28,-0.00972853716492239,0.0
2012-12-31,0.01861179714886574,0.007726557403490221
2013-01-02,0.02327789672490921,0.44726628764803267
2013-01-03,-0.0038957066698087376,0.0
2013-01-04,0.008483582576040807,0.0
2013-01-07,-0.0037915861816060037,0.0
2013-01-08,-0.002155651217966123,0.0
2013-01-09,0.004684120253270247,0.0
2013-01-10,0.005636788393224471,0.0
2013-01-11,-0.0007843461228522463,0.0
2013-01-14,-0.0011655955528594771,0.0
2013-01-15,0.003150795152119083,0.0
2013-01-16,-0.001254872212180717,0.0
2013-01-17,0.008684961827733878,0.0
2013-01-18,0.0019293567908482887,0.0
2013-01-22,0.004972111599625094,0.0
2013-01-23,0.001063462377697301,0.0
2013-01-24,0.00445966205394214,0.0
2013-01-25,0.006402757681097212,0.0
2013-01-28,-0.004614977640163155,0.0
2013-01-29,0.004941416661061703,0.0
2013-01-30,-0.0025592821356444167,0.0
2013-01-31,-0.002767541854878442,0.0
2013-02-01,0.008434865155724891,0.4747530705934824
2013-02-04,-0.01355438745274059,0.0
2013-02-05,0.01069117452463884,0.0
2013-02-06,0.001606256798908437,0.0
2013-02-07,-0.003647519312115988,0.0
2013-02-08,0.0051992433225097005,0.0
2013-02-11,-0.001111436753805194,0.0
2013-02-12,0.004967151184717229,0.0
2013-02-13,0.0009823406174553806,0.0
2013-02-14,0.0030256414773266378,0.0
2013-02-15,-8.959984990691426e-05,0.0
2013-02-19,0.004978117323922357,0.0
2013-02-20,-0.017500063207830673,0.0
2013-02-21,-0.006371111408702443,0.0
2013-02-22,0.010721039023642149,0.0
2013-02-25,-0.020303061888563904,0.0
2013-02-26,0.009119892335864549,0.0
2013-02-27,0.015727695383083135,0.0
2013-02-28,0.0010587505890403408,0.0
2013-03-01,0.00525511609419782,0.4650856039779836
2013-03-04,0.009382585596538732,0.0
2013-03-05,0.010434176181362864,0.0
2013-03-06,0.0005313011029489008,0.0
2013-03-07,0.0015667132270928879,0.0
2013-03-08,0.006542111923282832,0.0
2013-03-11,0.0020923830967220984,0.0
2013-03-12,-0.0020633200331615226,0.0
2013-03-13,0.003733468359126485,0.0
2013-03-14,0.003863739451218582,0.0
2013-03-15,-0.00504626885691882,0.0
2013-03-18,-0.004691575446000193,0.0
2013-03-19,-0.002011204609521526,0.0
2013-03-20,0.010512474058582586,0.0
2013-03-21,-0.011064011007026562,0.0
2013-03-22,0.005239414085529034,0.0
2013-03-25,-0.0029796316560385928,0.0
2013-03-26,0.008074259046019324,0.0
2013-03-27,0.0003179191714819266,0.0
2013-03-28,0.007450510802441805,0.0
2013-04-01,-0.008033793842341486,0.5032711959664308
2013-04-02,0.003071972061175046,0.0
2013-04-03,-0.015205369532991255,0.0
2013-04-04,0.004739461404497555,0.0
2013-04-05,-0.0018270051877589042,0.0
2013-04-08,0.009114309273197129,0.0
2013-04-09,0.0016116562316429357,0.0
2013-04-10,0.011639460315784717,0.0
2013-04-11,0.0065212680268874335,0.0
2013-04-12,-0.001509526235128061,0.0
2013-04-15,-0.026392739907335004,0.0
2013-04-16,0.016880922665115827,0.0
2013-04-17,-0.013277317100100976,0.0
2013-04-18,-0.005786385137936022,0.0
2013-04-19,0.013545234751290465,0.0
2013-04-22,0.005562729974633631,0.0
2013-04-23,0.011748697902710421,0.0
2013-04-24,-0.0028989810791254563,0.0
2013-04-25,0.004188444788266339,0.0
2013-04-26,-0.00589951852403428,0.0
2013-04-29,0.003426527915259839,0.0
2013-04-30,0.0010136051684870447,0.0
2013-05-01,-0.010392346857833856,0.4540191227256648
2013-05-02,0.01316533707442414,0.0
2013-05-03,0.012863451544640414,0.007806577591966122
2013-05-06,0.0016111671721767676,0.0
2013-05-07,0.005406194625100361,0.0
2013-05-08,0.00262960858926582,0.0
2013-05-09,-0.0035673567751148324,0.0
2013-05-10,0.00782163882509715,0.0
2013-05-13,0.0013638752814327994,0.0
2013-05-14,0.01512353049400441,0.0
2013-05-15,0.0073723553618315766,0.0
2013-05-16,-0.01010065314507307,0.0
2013-05-17,0.013072573857160739,0.0
2013-05-20,-0.0031314854252224005,0.0
2013-05-21,0.0007355038057395204,0.0
2013-05-22,-0.011459604615508934,0.0
2013-05-23,-0.0031608248200131004,0.0
2013-05-24,-0.002040047633952104,0.0
2013-05-28,0.007228662684037472,0.0
2013-05-29,-0.010385738089669727,0.0
2013-05-30,0.006088649417640195,0.0
2013-05-31,-0.012706884907099982,0.0
2013-06-03,-0.0021403594567342976,0.5517907310695833
2013-06-04,-0.00818986338883751,0.0
2013-06-05,-0.016436124669065133,0.0
2013-06-06,0.012684954639400881,0.0
2013-06-07,0.015841708814684274,0.007908413308090114
2013-06-10,-0.001714959351918388,0.0
2013-06-11,-0.010732923212726054,0.0
2013-06-12,-0.01223306599766431,0.0
2013-06-13,0.020449062410125594,0.0
2013-06-14,-0.005674550384819952,0.0
2013-06-17,0.008983299398688159,0.0
2013-06-18,0.007054397442581522,0.0
2013-06-19,-0.015322661619992396,0.0
2013-06-20,-0.02953263811932922,0.0
2013-06-21,-0.0003466332010521943,0.0
2013-06-24,-0.013907566988496035,0.0
2013-06-25,0.012707016236607804,0.0
2013-06-26,0.0109127742209921,0.0
2013-06-27,0.010858895903180756,0.0
2013-06-28,-0.005955565632374689,0.0
2013-07-01,0.006538122267881086,0.5477228425730821
2013-07-02,-0.002817947147413114,0.0
2013-07-03,-0.0002151631493149491,0.0
2013-07-05,0.01344393203086456,0.0
2013-07-08,0.004849562468925041,0.0
2013-07-09,0.009806684219667487,0.0
2013-07-10,-0.0016596869835236376,0.0
2013-07-11,0.014947250154700503,0.0
2013-07-12,0.006168927983897617,0.0
2013-07-15,0.0005006520813143225,0.0
2013-07-16,-0.007550671535187528,0.0
2013-07-17,0.004791670880127758,0.0
2013-07-18,0.007137124171834908,0.0
2013-07-19,0.003552628121627278,0.0
2013-07-22,0.003514556712504015,0.0
2013-07-23,-0.002917088779180553,0.0
2013-07-24,-0.005934037655089031,0.0
2013-07-25,0.005590521270289283,0.0
2013-07-26,0.0004972903486716689,0.0
2013-07-29,-0.005625640444716072,0.0
2013-07-30,0.004206378176312571,0.0
2013-07-31,0.005419241337884334,0.0
2013-08-01,0.018148381673735337,0.48456556407611096
2013-08-02,0.0003716674857380031,0.0
2013-08-05,-0.001425715572359452,0.0
2013-08-06,-0.006686848795321908,0.0
2013-08-07,-0.007430788703862717,0.0
2013-08-08,0.006729586456022599,0.0
2013-08-09,-0.0010136632591298683,0.0
2013-08-12,-0.0012093083707535354,0.0
2013-08-13,0.004011424843440356,0.0
2013-08-14,-0.006004583010470644,0.0
2013-08-15,-0.01948246803341265,0.0
2013-08-16,9.041053194061566e-05,0.0
2013-08-19,-0.009745051496813617,0.0
2013-08-20,0.009796402879345897,0.0
2013-08-21,-0.00534249881029316,0.0
2013-08-22,0.012569061180075839,0.0
2013-08-23,0.001031234402245806,0.0
2013-08-26,-0.004233035094074154,0.0
2013-08-27,-0.024275601452803344,0.0
2013-08-28,0.003742515419500711,0.0
2013-08-29,0.006027439604679642,0.0
2013-08-30,-0.007013888271181598,0.0
2013-09-03,0.008804203700942148,0.4443154721233204
2013-09-04,0.011253689216046844,0.0
2013-09-05,0.003262035056046604,0.0
2013-09-06,-0.0014153070030440943,0.0
2013-09-09,0.0107437086839672,0.0
2013-09-10,0.011483253980263584,0.0
2013-09-11,0.0029926929424728696,0.0
2013-09-12,-0.004880881303897166,0.0
2013-09-13,0.00440424952997228,0.0
2013-09-16,0.007725525156737799,0.0
2013-09-17,0.004578043039691549,0.0
2013-09-18,0.0069284058999160795,0.0
2013-09-19,-0.0024506742830852626,0.0
2013-09-20,-0.006814398034268364,0.0
2013-09-23,-0.008944797439133383,0.0
2013-09-24,0.003697414206115875,0.0
2013-09-25,-6.248494101093559e-05,0.0
2013-09-26,0.004089857073694413,0.0
2013-09-27,-0.0032600371264715476,0.0
2013-09-30,-0.004431103464379921,0.0
2013-10-01,0.009619448561392518,0.35951207400469287
2013-10-02,-0.0014831358022757638,0.0
2013-10-03,-0.008031545266237365,0.0
2013-10-04,0.012106130283719159,0.0
2013-10-07,-0.012432562517165022,0.0
2013-10-08,-0.01646207832063374,0.0
2013-10-09,0.0006382730948023681,0.0
2013-10-10,0.02785145941787736,0.0
2013-10-11,0.00813437505649231,0.0
2013-10-14,0.0049056620670208575,0.0
2013-10-15,-0.008783794923999388,0.0
2013-10-16,0.01623687010612934,0.0
2013-10-17,0.008402114603275581,0.0
2013-10-18,0.005757577204240407,0.0
2013-10-21,-0.0014984579784197262,0.0
2013-10-22,0.004820746040038532,0.0
2013-10-23,-0.007067821543071441,0.0
2013-10-24,0.0020773516267256964,0.0
2013-10-25,0.004647912488344378,0.0
2013-10-28,-0.0030350815845979276,0.0
2013-10-29,0.008029888900179426,0.0
2013-10-30,-0.005847660038793347,0.0
2013-10-31,-1.2672208720555843e-05,0.0
2013-11-01,0.004268245913294999,0.4196095123229905
2013-11-04,0.005705370146850141,0.0
2013-11-05,-0.00044397632890789664,0.0
2013-11-06,-0.002206664129946621,0.0
2013-11-07,-0.01679900784831366,0.0
2013-11-08,0.018483431188049633,0.0
2013-11-11,0.002916998437618722,0.0
2013-11-12,-0.0010228196914061087,0.0
2013-11-13,0.011543603887220134,0.0
2013-11-14,0.004423448419358569,0.0
2013-11-15,0.0027245027819303375,0.0
2013-11-18,-0.00660669558329108,0.0
2013-11-19,-0.00532907386498886,0.0
2013-11-20,-0.0017424630151251824,0.0
2013-11-21,0.012881557721843061,0.0
2013-11-22,0.006589005016015429,0.0
2013-11-25,-0.003063616859277324,0.0
2013-11-26,0.0022053108823786496,0.0
2013-11-27,0.0032445831088786436,0.0
2013-11-29,-0.0021136716156026428,0.0
2013-12-02,-0.002240374190705774,0.4303563525077643
2013-12-03,-0.006935813759389369,0.0
2013-12-04,-0.002171062199822993,0.008011241783514743
2013-12-05,-0.005761909824271888,0.0
2013-12-06,0.013222337841402818,0.0
2013-12-09,0.00065568340411231,0.0
2013-12-10,0.0004748434770260212,0.0
2013-12-11,-0.014348105240789503,0.0
2013-12-12,-0.0003955892281921633,0.0
2013-12-13,0.0031354907538276707,0.0
2013-12-16,0.006574059611040841,0.0
2013-12-17,-0.0004819447027746154,0.0
2013-12-18,0.015263075323077014,0.0
2013-12-19,-0.00022600864181129447,0.0
2013-12-20,0.007667440767375727,0.0
2013-12-23,0.004310853513583434,0.0
2013-12-24,0.003256991744582614,0.0
2013-12-26,0.004391418803296788,0.0
2013-12-27,-0.0029050350648165604,0.0
2013-12-30,-6.0213739935326106e-06,0.0
2013-12-31,0.004361005263653201,0.0
2014-01-02,-0.010170106163094217,0.41408258099398443
2014-01-03,0.0019771353201850366,0.0
2014-01-06,-0.005180230145996575,0.0
2014-01-07,0.007833289194056825,0.0
2014-01-08,0.005990263075577056,0.0
2014-01-09,0.0028621831301873036,0.0
2014-01-10,0.0025730387893430507,0.0
2014-01-13,-0.017494437460923322,0.0
2014-01-14,0.011498461745058215,0.0
2014-01-15,0.0022479885417345446,0.0
2014-01-16,-0.004605780185868611,0.0
2014-01-17,-0.0033159154663127454,0.0
2014-01-21,0.002120989491754184,0.0
2014-01-22,0.004539085236732422,0.0
2014-01-23,-0.012848202023169612,0.0
2014-01-24,-0.02724395282086811,0.0
2014-01-27,-0.007164018705352643,0.0
2014-01-28,0.010859552654330362,0.0
2014-01-29,-0.010797673152666849,0.0
2014-01-30,0.01706083410677956,0.0
2014-01-31,-0.005355929440906222,0.0
2014-02-03,-0.030676060365625313,0.39203188029166713
2014-02-04,0.010094188928975324,0.0
2014-02-05,0.000533115427988297,0.0
2014-02-06,0.014104156187463586,0.0
2014-02-07,0.01633605349210635,0.0
2014-02-10,0.0010176283399943912,0.0
2014-02-11,0.01092053528009378,0.0
2014-02-12,0.0037622367130390887,0.0
2014-02-13,0.008744254435596599,0.0
2014-02-14,0.00420373980632822,0.0
2014-02-18,0.005884529732842086,0.0
2014-02-19,-0.0061909584974594815,0.0
2014-02-20,0.007823604322070767,0.0
2014-02-21,0.0013360256565131186,0.0
2014-02-24,0.008270216208818343,0.0
2014-02-25,-0.0010559991087957135,0.0
2014-02-26,-0.0007506257084300571,0.0
2014-02-27,0.0065684282630908974,0.0
2014-02-28,0.004509211548091667,0.0
2014-03-03,-0.00871946158815251,0.3930729808529302
2014-03-04,0.019362142525240895,0.0
2014-03-05,0.0005919905021052326,0.0
2014-03-06,0.0018401982625630992,0.0
2014-03-07,6.864635153991199e-05,0.0
2014-03-10,-0.0008329584626213088,0.0
2014-03-11,-0.007277109560840988,0.0
2014-03-12,0.0004657695642458143,0.0
2014-03-13,-0.01456433451356165,0.007883622280824648
2014-03-14,-0.0013066821531063392,0.0
2014-03-17,0.010923627443138462,0.0
2014-03-18,0.008572466350000477,0.0
2014-03-19,-0.002598620396094969,0.0
2014-03-20,0.007068741245099633,0.0
2014-03-21,-0.006977914702803148,0.0
2014-03-24,-0.009949762681604114,0.0
2014-03-25,-0.0008966142778080648,0.0
2014-03-26,-0.009734695108793058,0.0
2014-03-27,-0.006134859828041251,0.0
2014-03-28,0.006116330008520032,0.0
2014-03-31,0.012169009498340082,0.0
2014-04-01,0.010014658294538625,0.4084284793398265
2014-04-02,0.00368203601847463,0.0
2014-04-03,-0.00502799215499736,0.0
2014-04-04,-0.020229665126434683,0.0
2014-04-07,-0.017676648730250683,0.0
2014-04-08,0.00445736768165093,0.0
2014-04-09,0.01675357037623771,0.0
2014-04-10,-0.02998354190760908,0.0
2014-04-11,-0.013659381754408138,0.0
2014-04-14,0.00918296961542539,0.0
2014-04-15,0.0062981893936984775,0.0
2014-04-16,0.015094222360258116,0.0
2014-04-17,0.004369053613200331,0.0
2014-04-21,0.004545529790683244,0.0
2014-04-22,0.0073065588047789435,0.0
2014-04-23,-0.0020511336627180863,0.0
2014-04-24,-0.0027443694635113083,0.0
2014-04-25,-0.015584374161590898,0.0
2014-04-28,-0.006853809531374437,0.0
2014-04-29,0.00781242181683656,0.0
2014-04-30,0.007795945876145376,0.0
2014-05-01,-0.0015173284714485868,0.3909088160509116
2014-05-02,0.002174537874677004,0.0
2014-05-05,0.002119418010091729,0.0
2014-05-06,-0.01061626032201999,0.0
2014-05-07,0.005716465330009158,0.0
2014-05-08,-0.0018480373069372984,0.0
2014-05-09,0.001095969404002368,0.0
2014-05-12,0.018145110127925874,0.0
2014-05-13,-0.0019262241819052504,0.0
2014-05-14,-0.009056943760844167,0.0
2014-05-15,-0.012870884621939332,0.0
2014-05-16,0.003375092517947845,0.0
2014-05-19,0.00900372983455688,0.0
2014-05-20,-0.009491271802299023,0.0
2014-05-21,0.008710297834764423,0.0
2014-05-22,0.004830069798466042,0.0
2014-05-23,0.008531204904641928,0.0
2014-05-27,0.008509171478633448,0.0
2014-05-28,-0.00015526182802488766,0.0
2014-05-29,0.005890924694165598,0.0
2014-05-30,-0.0009421940082468846,0.0
2014-06-02,0.002001396663904087,0.5505362682858481
2014-06-03,-0.00034168543422290415,0.0
2014-06-04,0.0029251365286289983,0.0
2014-06-05,0.00688689768230299,0.0
2014-06-06,0.00638464235185102,0.0
2014-06-09,-0.0006920711559788549,0.0
2014-06-10,-0.0025935754625013574,0.0
2014-06-11,-0.0023219249731832783,0.0
2014-06-12,-0.009218841304579558,0.0
2014-06-13,0.004733286615857904,0.0
2014-06-16,0.00045063306316315383,0.0
2014-06-17,0.004280792261429378,0.0
2014-06-18,0.008570701089896864,0.0
2014-06-19,0.0011937741798176053,0.0
2014-06-20,0.0035914325253417396,0.0
2014-06-23,-0.0027922020007585544,0.0
2014-06-24,-0.008456430015565224,0.0
2014-06-25,0.005448646423146097,0.0
2014-06-26,0.0005572005239567576,0.0
2014-06-27,0.002714361316921017,0.0
2014-06-30,0.0009288026608364894,0.0
2014-07-01,0.007217143784073565,0.4229897742009083
2014-07-02,-0.00032015442844109094,0.0
2014-07-03,0.006066212679090755,0.0
2014-07-07,-0.008362882307520903,0.0
2014-07-08,-0.008965471645244753,0.0
2014-07-09,0.005117863646690285,0.0
2014-07-10,-0.00467470131095437,0.0
2014-07-11,0.0023117322033121075,0.0
2014-07-14,0.004748369493115913,0.0
2014-07-15,-0.005429071487283842,0.0
2014-07-16,0.002063307733120347,0.0
2014-07-17,-0.012304574248365454,0.0
2014-07-18,0.012276251437776236,0.0
2014-07-21,-0.0021559710328756306,0.0
2014-07-22,0.007851392185083614,0.0
2014-07-23,0.0006192981222163477,0.0
2014-07-24,0.0015083389385962304,0.0
2014-07-25,-0.004603803538009895,0.0
2014-07-28,-0.0016685579722324482,0.0
2014-07-29,-0.003942757390800836,0.0
2014-07-30,-0.0012211597055236073,0.0
2014-07-31,-0.021383797188686833,0.0
2014-08-01,-0.0032484622908899308,0.47120771045907883
2014-08-04,0.00855288959146818,0.0
2014-08-05,-0.010117024937260318,0.0
2014-08-06,-0.002595245167725807,0.0
2014-08-07,-0.00637755615316405,0.0
2014-08-08,0.011875522657980284,0.0
2014-08-11,0.005101606589505299,0.0
2014-08-12,-0.002653461770170053,0.0
2014-08-13,0.00898867686813534,0.0
2014-08-14,0.0022516149934561818,0.0
2014-08-15,0.0011630428896087304,0.0
2014-08-18,0.009193615218337498,0.0
2014-08-19,0.004702339666763785,0.0
2014-08-20,0.0034615867432275893,0.0
2014-08-21,0.0012472138993037812,0.0
2014-08-22,-0.0014037324982036383,0.0
2014-08-25,0.0044194641894645245,0.0
2014-08-26,0.00044009962038920746,0.0
2014-08-27,-0.000884895260102425,0.0
2014-08-28,-0.0010693111331534545,0.0
2014-08-29,0.004339622554783664,0.0
2014-09-02,-0.0004902711795289338,0.43397202473287244
2014-09-03,-0.00031585869018809724,0.0
2014-09-04,-0.0034225152789913397,0.0
2014-09-05,0.005525593509560743,0.0
2014-09-08,-0.0010987356330752016,0.0
2014-09-09,-0.007548438916294793,0.0
2014-09-10,0.0028997143942064464,0.0
2014-09-11,0.0015317005703862608,0.0
2014-09-12,-0.007658477550818934,0.0
2014-09-15,-0.003162526168612623,0.0
2014-09-16,0.00993365053087251,0.0
2014-09-17,0.0008395340513361348,0.0
2014-09-18,0.004695551380799931,0.0
2014-09-19,-0.003213413228135166,0.0
2014-09-22,-0.011769785120323006,0.0
2014-09-23,-0.005869410058281811,0.0
2014-09-24,0.009328514829405237,0.0
2014-09-25,-0.016574835389405497,0.0
2014-09-26,0.009233427145849175,0.0
2014-09-29,-7.137679120696795e-05,0.0
2014-09-30,-0.004571050523432081,0.0
2014-10-01,-0.017787164402693678,0.5007067999697437
2014-10-02,-0.001364891293497577,0.0
2014-10-03,0.01306142706541629,0.0
2014-10-06,-0.0047968686326515745,0.0
2014-10-07,-0.0179592793432801,0.0
2014-10-08,0.01882454293254176,0.0
2014-10-09,-0.025975762356220098,0.0
2014-10-10,-0.01810344617595256,0.0
2014-10-13,-0.02425897251889001,0.0
2014-10-14,0.003494392132645813,0.0
2014-10-15,-0.005668239296253872,0.0
2014-10-16,0.004627843485413507,0.0
2014-10-17,0.014361845146666037,0.0
2014-10-20,0.012313205947517107,0.0
2014-10-21,0.025475054099681704,0.0
2014-10-22,-0.011583414287482652,0.0
2014-10-23,0.014586017791215707,0.0
2014-10-24,0.009780913517261743,0.0
2014-10-27,-0.0024782571916797955,0.0
2014-10-28,0.013428860822832732,0.0
2014-10-29,-5.612546337822839e-05,0.0
2014-10-30,0.007021342936007753,0.0
2014-10-31,0.014654094105137478,0.0
2014-11-03,-0.0011143737785783703,0.5153794768699738
2014-11-04,-0.0032935978636637235,0.0
2014-11-05,0.0038171352839422292,0.0
2014-11-06,0.005648796299671899,0.0
2014-11-07,-0.0026695015667127005,0.0
2014-11-10,0.006225741114613942,0.0
2014-11-11,0.0012424544303041268,0.0
2014-11-12,0.0010305644673525211,0.0
2014-11-13,-0.0010534453276775187,0.0
2014-11-14,-0.0014821177032878585,0.0
2014-11-17,0.002115111553871948,0.0
2014-11-18,0.007104661009836914,0.0
2014-11-19,-0.003147720319905143,0.0
2014-11-20,0.0019445960877845464,0.0
2014-11-21,0.005341094234693375,0.0
2014-11-24,0.0058111239631005555,0.0
2014-11-25,-0.0001469437088870689,0.0
2014-11-26,0.0037803999352572946,0.0
2014-11-28,0.0004326328046161305,0.0
2014-12-01,-0.011975114449303437,0.5974338726709808
2014-12-02,0.006715952539095213,0.0
2014-12-03,0.002887603944405984,0.0
2014-12-04,-0.000687672991486469,0.0
2014-12-05,0.0019348195234078712,0.0
2014-12-08,-0.0034394059358308585,0.0
2014-12-09,0.0012558945445558683,0.0
2014-12-10,-0.015101250547076835,0.0
2014-12-11,0.007042207554438915,0.0
2014-12-12,-0.015280733443298083,0.0
2014-12-15,-0.005539091345700428,0.0
2014-12-16,-0.007624992952923218,0.0
2014-12-17,0.02093281416018958,0.0
2014-12-18,0.022682085334316503,0.0
2014-12-19,0.00328225151691535,0.0
2014-12-22,0.005466144913755931,0.0
2014-12-23,-0.0013700806869570172,0.0
2014-12-24,0.0037027068853875975,0.0
2015-01-08,0.017345469503570854,0.3634864824448476
2015-01-09,-0.006338651614787946,0.0
2015-01-12,-0.006266383389497386,0.0
2015-01-13,-0.0015130139295691863,0.0
2015-01-14,-0.0007063410588543998,0.0
2015-01-15,-0.005287642518466877,0.0
2015-01-16,0.013685669741901808,0.0
2015-01-20,0.0021864091155655856,0.0
2015-01-21,0.004291979856578384,0.0
2015-01-22,0.01307393026410997,0.0
2015-01-23,-0.0019855439989702297,0.0
2015-01-26,0.0038694081182504766,0.0
2015-01-27,-0.009850120898708837,0.0
2015-01-28,-0.009314396845513703,0.0
2015-01-29,0.010997030406703981,0.0
2015-01-30,-0.01948653563372088,0.0
2015-02-02,0.0060326497297713555,0.4353658619799088
2015-02-03,0.011959383765534494,0.0
2015-02-04,-0.0025777512055798722,0.0
2015-02-05,0.01243456473195067,0.0
2015-02-06,-0.013653202680515187,0.0
2015-02-09,-0.007396473338095523,0.0
2015-02-10,0.015510361568842494,0.0
2015-02-11,-0.0014815510377053942,0.0
2015-02-12,0.008481725163173503,0.0
2015-02-13,-0.0020088363073240537,0.0
2015-02-17,0.001714599624970317,0.0
2015-02-18,0.005653258524260988,0.0
2015-02-19,-0.0029557224297037696,0.0
2015-02-20,0.00744534064800832,0.0
2015-02-23,0.002834884887677964,0.0
2015-02-24,-0.00029571120652249175,0.0
2015-02-25,-0.004815246583578939,0.0
2015-02-26,-0.003086153702448036,0.0
2015-02-27,-0.0006998546124832026,0.0
2015-03-02,0.003394608122607279,0.47669659314033963
2015-03-03,-0.004975775530870881,0.0
2015-03-04,-0.006088301888330407,0.0
2015-03-05,0.0036484803824288824,0.0
2015-03-06,-0.01948043131874219,0.0
2015-03-09,0.006309222216397341,0.0
2015-03-10,-0.011749708860213825,0.0
2015-03-11,-0.0018727851217309093,0.0
2015-03-12,0.014812219901734647,0.007910824645073993
2015-03-13,-0.0038431984007216576,0.0
2015-03-16,0.016272426659467154,0.007780430385393226
2015-03-17,-0.0037304909303377464,0.0
2015-03-18,0.013972680558325946,0.0
2015-03-19,-0.002539368894258723,0.0
2015-03-20,0.009003834903214403,0.0
2015-03-23,-0.002758402049143167,0.0
2015-03-24,-0.00597716170512089,0.0
2015-03-25,-0.015664116566292643,0.0
2015-03-26,-0.00433302553069281,0.0
2015-03-27,0.0072545892591231115,0.0
2015-03-30,0.01138133993127052,0.0
2015-03-31,-0.008150331827448834,0.0
2015-04-01,-0.005096365300827799,0.6044981506427197
2015-04-02,0.004435403916124272,0.0
2015-04-06,0.0029641310172092883,0.0
2015-04-07,-0.0035993508050697585,0.0
2015-04-08,0.005808640996806037,0.0
2015-04-09,0.0021208969137549,0.0
2015-04-10,0.004604729728096126,0.0
2015-04-13,-0.006546964874338842,0.0
2015-04-14,-0.001198912358582981,0.0
2015-04-15,0.0006015411655630133,0.0
2015-04-16,-0.001367099718962808,0.0
2015-04-17,-0.01207407585862366,0.0
2015-04-20,0.0091925150047668,0.0
2015-04-21,0.002438974191976554,0.0
2015-04-22,0.0032766907497734864,0.0
2015-04-23,0.0019227758423124965,0.0
2015-04-24,-0.0019258159175091756,0.0
2015-04-27,-0.008700808034856056,0.0
2015-04-28,0.0006827024578576436,0.0
2015-04-29,-0.0110857297920678,0.0
2015-04-30,-0.010762613884690514,0.0
2015-05-01,0.013830643642802842,0.5158797747711242
2015-05-04,0.003695150720846526,0.0
2015-05-05,-0.014237905582733048,0.0
2015-05-06,-0.0006955273240248961,0.0
2015-05-07,0.00841328588233287,0.0
2015-05-08,0.013360410531058537,0.0
2015-05-11,-0.0013402927539287446,0.0
2015-05-12,-0.0035135436624565003,0.0
2015-05-13,-0.0011795424517284966,0.0
2015-05-14,0.010547834646736901,0.0
2015-05-15,0.002122680616679134,0.0
2015-05-18,0.0054969458416585775,0.0
2015-05-19,-7.845264369024099e-05,0.0
2015-05-20,-0.0023795767444757003,0.0
2015-05-21,0.0016331138693814842,0.0
2015-05-22,-0.0012670754424437256,0.0
2015-05-26,-0.010742405668459971,0.0
2015-05-27,0.011876374878759791,0.0
2015-05-28,-0.0017975702379544806,0.0
2015-05-29,-0.004719469637740117,0.0
2015-06-01,0.0019762386854025316,0.5166915309244289
2015-06-02,-0.0021793112759776597,0.0
2015-06-03,0.0033287825631787837,0.0
2015-06-04,-0.00956144225042193,0.0
2015-06-05,0.0017285892522302506,0.0
2015-06-08,-0.00691342370751433,0.0
2015-06-09,-0.00020827808123886964,0.0
2015-06-10,0.012653029963338561,0.0
2015-06-11,0.002526851946770119,0.0
2015-06-12,-0.00617413219687949,0.0
2015-06-15,-0.003609862665925577,0.0
2015-06-16,0.0062965361957284935,0.0
2015-06-17,0.0017578889720546319,0.0
2015-06-18,0.011653017889835734,0.0
2015-06-19,-0.0034803962669099422,0.0
2015-06-22,0.00594840098160565,0.0
2015-06-23,0.00016892090031050353,0.0
2015-06-24,-0.008445030615141484,0.0
2015-06-25,0.0014691830374660153,0.007494322283748386
2015-06-26,-0.0010376646687135956,0.0
2015-06-29,-0.02396440013954334,0.0
2015-06-30,0.003268601827229588,0.0
2015-07-01,0.008894188720441454,0.36381668848708437
2015-07-02,-0.0028057416816231486,0.0
2015-07-06,-0.002984063902386591,0.0077871487952735985
2015-07-07,0.0054869222132228595,0.0
2015-07-08,-0.01679680818236948,0.0
2015-07-09,0.0037151371958152953,0.0
2015-07-10,0.01521445017579832,0.0
2015-07-13,0.010605652424919551,0.0
2015-07-14,0.0033170861858488453,0.0
2015-07-15,-0.0012302603276740129,0.0
2015-07-16,0.007131887515229449,0.0
2015-07-17,-0.0017869955836529688,0.0
2015-07-20,0.0018583058211053879,0.0
2015-07-21,-0.0043020899492601326,0.0
2015-07-22,0.004438533145896984,0.0
2015-07-23,-0.003320570673709107,0.0
2015-07-24,-0.00920499889658312,0.0
2015-07-27,-0.010193416842959572,0.0
2015-07-28,0.012053504606950347,0.0
2015-07-29,0.006890814623557593,0.0
2015-07-30,0.0011211920454769395,0.0
2015-07-31,0.001079679704712166,0.0
2015-08-03,-0.0018890452395533552,0.36543064952368476
2015-08-04,0.002893210865187946,0.0
2015-08-05,0.007015202100793812,0.0
2015-08-06,-0.012305516099785519,0.0
2015-08-07,-0.0008780990816478397,0.0
2015-08-10,0.011125392537401115,0.0
2015-08-11,-0.008461299232609423,0.0
2015-08-12,-0.002352971913278083,0.0
2015-08-13,0.0026530530528178107,0.0
2015-08-14,0.003653541426571761,0.0
2015-08-17,0.00734156260583097,0.0
2015-08-18,0.00031527393633428433,0.0
2015-08-19,-0.005594888065209913,0.0
2015-08-20,-0.024121820874413807,0.0
2015-08-21,-0.03384988708338179,0.0
2015-08-24,-0.03988527287500038,0.0
2015-08-25,-0.009308967480636124,0.0
2015-08-26,0.03757672967592644,0.0
2015-08-27,0.02162766921284875,0.0
2015-08-28,-0.0002760769014638298,0.0
2015-08-31,-0.009660600897032022,0.0
2015-09-01,-0.0293761593946551,0.37098126378172264
2015-09-02,0.01941908416135263,0.007663531557363644
2015-09-03,0.003585840024168895,0.0
2015-09-04,-0.013493522311078362,0.0
2015-09-08,0.027772924044100207,0.0
2015-09-09,-0.013394929239323033,0.0
2015-09-10,0.004505795941120608,0.0
2015-09-11,0.006967117897108522,0.0
2015-09-14,-0.0045297073941948825,0.0
2015-09-15,0.012427792199964087,0.0
2015-09-16,0.005978580213145214,0.0
2015-09-17,0.0006304556887628662,0.0
2015-09-18,-0.01585315991686151,0.0
2015-09-21,0.00456041624124341,0.0
2015-09-22,-0.013205140970800201,0.0
2015-09-23,0.0018427491268748711,0.0
2015-09-24,-0.005798141065614371,0.0
2015-09-25,-0.0003915804838568208,0.0
2015-09-28,-0.030530341060926384,0.0
2015-09-29,-0.0007036148112003365,0.0
2015-09-30,0.019675344052395807,0.0
2015-10-01,0.005165028859739795,0.4707013130117387
2015-10-02,0.012500067174254826,0.0
2015-10-05,0.014066868869677333,0.0
2015-10-06,-0.013369874510783194,0.0
2015-10-07,0.008090936095358933,0.0
2015-10-08,0.007969569803409151,0.0
2015-10-09,0.002502716260121771,0.0
2015-10-12,0.005729470908763343,0.0
2015-10-13,-0.00874373310122328,0.0
2015-10-14,-0.007773954908331453,0.0
2015-10-15,0.012768675140924658,0.0
2015-10-16,0.006762726346721521,0.0
2015-10-19,0.003427243661915078,0.0
2015-10-20,-0.0016720608791564854,0.0
2015-10-21,-0.006088097088751809,0.0
2015-10-22,0.014061702640768298,0.0
2015-10-23,0.0053863219854165395,0.0
2015-10-26,0.0012995302786338327,0.0
2015-10-27,-0.0001425712906746974,0.0
2015-10-28,0.00913020247109831,0.0
2015-10-29,-0.0019705651411116606,0.0
2015-10-30,-0.0022036734977604238,0.0
2015-11-02,0.008993708967544256,0.36466730794455
2015-11-03,-0.0021812153730126687,0.0
2015-11-04,-0.002869597560353758,0.0
2015-11-05,0.002138686234025935,0.0
2015-11-06,0.0014121003041086648,0.0
2015-11-09,-0.009989395745103203,0.0
2015-11-10,0.004640073474894306,0.0
2015-11-11,-0.001003025378193312,0.0
2015-11-12,-0.013288070844998386,0.0
2015-11-13,-0.014401608824382043,0.0
2015-11-16,0.013304106539534653,0.0
2015-11-17,0.00151110670943113,0.0
2015-11-18,0.014933146457023514,0.0
2015-11-19,-0.00031514149269527597,0.0
2015-11-20,0.007813583122757883,0.0
2015-11-23,0.0006962065439190485,0.0
2015-11-24,-0.0003950003533196835,0.0
2015-11-25,0.0032578498032285906,0.0
2015-11-27,0.0025731256536024125,0.0
2015-11-30,-0.007078653758686224,0.0
2015-12-01,0.010384668446396184,0.3759940181645361
2015-12-02,-0.00853147044639696,0.0
2015-12-03,-0.013695974440548398,0.0
2015-12-04,0.02261329681898169,0.0
2015-12-07,-0.006020379898992037,0.0
2015-12-08,-0.002553527949022673,0.0
2015-12-09,-0.013067113811417307,0.0
2015-12-10,0.0027467239529893077,0.0
2015-12-11,-0.017624495060597704,0.0
2015-12-14,0.004867666954329078,0.0
2015-12-15,0.009930667614363578,0.0
2015-12-16,0.014524016518495714,0.0
2015-12-17,-0.01418391452219971,0.0
2015-12-18,-0.016542881050395992,0.0
2015-12-21,0.007708048269815788,0.0
2015-12-22,0.007091306301771645,0.0
2015-12-23,0.008249537117360102,0.0
2015-12-24,-0.0007999595933650915,0.0
2015-12-28,0.0004914183439210571,0.0
2015-12-29,0.009915461326205298,0.0
2015-12-30,-0.0063598184545083005,0.0
2015-12-31,-0.009781329425402526,0.0
2016-01-04,-0.018345624434981778,0.302345024673857
2016-01-05,0.002614706907945498,0.0
2016-01-06,-0.011525065880154211,0.0
2016-01-07,-0.022306433159269154,0.0
2016-01-08,-0.012755248178190601,0.0
2016-01-11,0.002520558107852176,0.0
2016-01-12,0.011500316965206535,0.0
2016-01-13,-0.030257981662450854,0.0
2016-01-14,0.012796840122432557,0.0
2016-01-15,-0.01904213641185657,0.0
2016-01-19,0.0014195366921579363,0.0
2016-01-20,-0.00982404159912309,0.0
2016-01-21,0.002979726078728505,0.0
2016-01-22,0.01996723443894491,0.0
2016-01-25,-0.014797715623057083,0.0
2016-01-26,0.011740813050737688,0.0
2016-01-27,-0.012679237999170145,0.007933616138090602
2016-01-28,0.003285485607798744,0.0
2016-01-29,0.025297366510861792,0.0
2016-02-01,0.0019319387860448067,0.3471165711758948
2016-02-02,-0.022359752153931392,0.0
2016-02-03,-0.0015073851191691535,0.0
2016-02-04,-0.0017571159550468065,0.0
2016-02-05,-0.024707708015805033,0.0
2016-02-08,-0.022181974267489454,0.0
2016-02-09,0.007945548990385794,0.0
2016-02-10,0.004347287893755755,0.0
2016-02-11,-0.013358510277444516,0.0
2016-02-12,0.020453091011469256,0.0
2016-02-16,0.019574646989814613,0.0
2016-02-17,0.016438496870589243,0.0
2016-02-18,-0.007895502001640235,0.0
2016-02-19,0.0053093326333328705,0.0
2016-02-22,0.01439616649090061,0.0
2016-02-23,-0.008998960740555057,0.0
2016-02-24,0.006040765302055844,0.0
2016-02-25,0.01428781425917933,0.0
2016-02-26,-7.705794774563637e-05,0.0
2016-02-29,-0.009060723026960487,0.0
2016-03-01,0.022420940553050883,0.653173989143031
2016-03-02,0.0022663668198415277,0.0
2016-03-03,0.002559732511405963,0.0
2016-03-04,0.0012804496916972233,0.0
2016-03-07,-0.003828545071269355,0.0
2016-03-08,-0.002647691334183391,0.0
2016-03-09,0.005335283349373322,0.0
2016-03-10,0.0022185190583474896,0.0
2016-03-11,0.011678015284913766,0.0
2016-03-14,0.0002469221520864766,0.0
2016-03-15,0.0003124559975033112,0.0
2016-03-16,0.005759310682867797,0.0
2016-03-17,0.003780277696863654,0.0
2016-03-18,0.0006844649531190689,0.0
2016-03-21,-0.0006117106348238009,0.0
2016-03-22,-0.0009844763452755004,0.0
2016-03-23,-0.0008428666132261108,0.0
2016-03-24,-0.000861640165921482,0.0
2016-03-28,0.002702812697926514,0.0
2016-03-29,0.011032033474734805,0.0
2016-03-30,0.003728693906120614,0.0
2016-03-31,-0.0010175446082424703,0.0
2016-04-01,0.0082007938447608,0.38560795511026924
2016-04-04,-0.0028218807277242794,0.0
2016-04-05,-0.010150483704612327,0.0
2016-04-06,0.007716381386851542,0.0
2016-04-07,-0.008958413276560889,0.0
2016-04-08,0.002788376055053549,0.0
2016-04-11,-0.004217736041173426,0.0
2016-04-12,0.00480572915380293,0.0
2016-04-13,0.0033445801312063186,0.0
2016-04-14,-0.0029543098266748757,0.0
2016-04-15,0.003576106604494713,0.0
2016-04-18,0.005954211601164731,0.0
2016-04-19,-0.001792870450947983,0.0
2016-04-20,-0.005450831919475178,0.0
2016-04-21,-0.010817974482626192,0.0
2016-04-22,0.0007451715332576993,0.0
2016-04-25,0.0019422258514363,0.0
2016-04-26,0.0017866079671272131,0.0
2016-04-27,0.004136711488056296,0.0
2016-04-28,-0.007253546586300022,0.0
2016-04-29,-0.001657765747346193,0.0
2016-05-02,0.009224617019048864,0.3690119664234989
2016-05-03,-0.005195608273386541,0.0
2016-05-04,5.472981465461587e-05,0.0
2016-05-05,-2.693013797982772e-05,0.0
2016-05-06,0.004611796666609233,0.0
2016-05-09,0.005495256031359498,0.0
2016-05-10,0.008947550559413962,0.0
2016-05-11,-0.007154994309419961,0.0
2016-05-12,0.004070923900545352,0.0
2016-05-13,-0.005753063171423958,0.0
2016-05-16,0.006246854504116741,0.0
2016-05-17,-0.013597670166179748,0.0
2016-05-18,-0.004017416391324025,0.007662726509941167
2016-05-19,-0.0015190390773805712,0.0
2016-05-20,0.003083649965855351,0.0
2016-05-23,-0.00234491647506474,0.007893634132738966
2016-05-24,0.0154249236374129,0.0
2016-05-25,-0.0010143339460299576,0.0
2016-05-26,0.002842999848554557,0.0
2016-05-27,0.004219852296927311,0.0
2016-05-31,-0.0013230941943133774,0.0
2016-06-01,0.001674159190576896,0.3232341261119783
2016-06-02,0.0020891173794242174,0.0
2016-06-03,0.00275514894420573,0.0
2016-06-06,5.944111898488979e-05,0.0
2016-06-07,0.002118557128180599,0.0
2016-06-08,0.005698646300189077,0.0
2016-06-09,0.004217457291330807,0.0
2016-06-10,-0.006399094425612989,0.0
2016-06-13,-0.005851433759580152,0.0
2016-06-14,0.0011054981802378697,0.0
2016-06-15,-0.0013906841965396657,0.0
2016-06-16,0.004818333812410573,0.0
2016-06-17,-0.0034190437398560203,0.0
2016-06-20,0.005387933740893067,0.0
2016-06-21,0.0029351276259095282,0.00773689474595786
2016-06-22,-0.0014854204134356697,0.0
2016-06-23,0.00789011653852777,0.0
2016-06-24,-0.021494240611758565,0.0
2016-06-27,-0.008383427683409016,0.0
2016-06-28,0.012061407843518612,0.007848291051740168
2016-06-29,0.013411122554517981,0.0
2016-06-30,0.01594720663263225,0.0
2016-07-01,0.00030056275107726016,0.3160042381344203
2016-07-05,0.00033128145474723043,0.0
2016-07-06,0.0040788860718559,0.0
2016-07-07,-0.00358994017037808,0.0
2016-07-08,0.014261317280844617,0.0
2016-07-11,0.001262059880733695,0.0
2016-07-12,0.00041785709842856174,0.0
2016-07-13,0.0017689157983287324,0.0
2016-07-14,0.0008163422456532391,0.0
2016-07-15,-0.0007243396259710216,0.0
2016-07-18,0.00044836030252635013,0.0
2016-07-19,0.0004017236704811751,0.0
2016-07-20,0.001966799702017776,0.0
2016-07-21,-0.005519505382997062,0.0
2016-07-22,0.00698445185832041,0.0
2016-07-25,-0.00139655488876412,0.0
2016-07-26,0.0020990569328013407,0.0
2016-07-27,-0.006006167050607572,0.0
2016-07-28,0.004797395612814144,0.0
2016-07-29,0.0029478295461503774,0.0
2016-08-01,-0.0016289122586982119,0.44582687917506836
2016-08-02,-0.006685470236112058,0.0
2016-08-03,-0.0013414276777080816,0.0
2016-08-04,0.0004201141756037098,0.0
2016-08-05,0.0004873264112927005,0.0
2016-08-08,-0.0013343819338557184,0.0
2016-08-09,0.0020603070876127195,0.0
2016-08-10,-0.0008588479528869603,0.0
2016-08-11,0.0017676443827079303,0.0
2016-08-12,0.0006804635037962926,0.0
2016-08-15,-0.0016355455602487588,0.0
2016-08-16,-0.009123329298108584,0.0
2016-08-17,0.003681081771397828,0.0
2016-08-18,0.005507728139331306,0.0
2016-08-19,-0.0014303134421955915,0.0
2016-08-22,0.0011215875409800815,0.0
2016-08-23,-0.0003598367025784099,0.0
2016-08-24,-0.004989325074269404,0.0
2016-08-25,-0.0011747747128671325,0.0
2016-08-26,-0.006502142008714366,0.0
2016-08-29,0.007568742519342998,0.0
2016-08-30,-0.005492464732885867,0.0
2016-08-31,-0.0013873793804944287,0.0
2016-09-01,-0.0006382021488455791,0.504926240229045
2016-09-02,0.006692986021445195,0.0
2016-09-06,0.0041628228250275645,0.0
2016-09-07,-0.001418327475897132,0.0
2016-09-08,-0.0037207397799327705,0.0
2016-09-09,-0.03056904549137561,0.0
2016-09-12,0.016349162932667256,0.0
2016-09-13,-0.016115883122349652,0.0
2016-09-14,0.0008969173500114867,0.0
2016-09-15,0.010480718754291811,0.0
2016-09-16,-0.001625157763037243,0.0
2016-09-19,0.0038929743687560205,0.0
2016-09-20,-0.0003788849228806093,0.0
2016-09-21,0.01487820442881907,0.0
2016-09-22,0.007680196044353523,0.0
2016-09-23,-0.004833534707108757,0.0
2016-09-26,-0.0046341270347848885,0.0
2016-09-27,0.00227608886147561,0.0
2016-09-28,0.003844109228280485,0.0
2016-09-29,-0.010385486360136984,0.0
2016-09-30,0.003712664956280384,0.0
2016-10-03,-0.008138312505415746,0.5826127977306906
2016-10-04,-0.009696607989149751,0.0
2016-10-05,0.0042430324293553714,0.0
2016-10-06,0.0013832761855843009,0.0
2016-10-07,-0.005515396193099026,0.0
2016-10-10,0.003440473121762575,0.0
2016-10-11,-0.014548293349449836,0.0
2016-10-12,0.0031661331050534857,0.0
2016-10-13,-0.003064307608078045,0.0
2016-10-14,-0.0010176938359885486,0.0
2016-10-17,-0.0023437503714743143,0.0
2016-10-18,0.005120221938055038,0.0
2016-10-19,0.002405374945836902,0.0
2016-10-20,-0.0025249478880607634,0.0
2016-10-21,-0.0022027049320642194,0.0
2016-10-24,0.00497788380061539,0.0
2016-10-25,-0.0076770664299871325,0.0
2016-10-26,-0.00514278817538113,0.0
2016-10-27,-0.00853356548594078,0.0
2016-10-28,0.001579883721529873,0.0
2016-10-31,0.0031368897432105924,0.0
2016-11-01,-0.009230626564135314,0.5541631079527403
2016-11-02,-0.007387767400059015,0.0
2016-11-03,-0.0010066126898416333,0.0
2016-11-04,-0.0004909610831461456,0.0
2016-11-07,0.02130143115460699,0.0
2016-11-08,0.005196723358690996,0.0
2016-11-09,0.0007301654536622164,0.0
2016-11-10,-0.003952802054951257,0.0
2016-11-11,-0.001786083279059244,0.0
2016-11-14,0.0011003964287244177,0.0
2016-11-15,0.012263352048353219,0.0
2016-11-16,-0.0016262150557632936,0.0
2016-11-17,0.0021772020889034476,0.0
2016-11-18,-0.0023713550924994824,0.0
2016-11-21,0.00770588541255575,0.0
2016-11-22,0.0029750835897623313,0.0
2016-11-23,0.00021299789640303902,0.0
2016-11-25,0.005545317210169145,0.0
2016-11-28,-0.0038528011589315423,0.0
2016-11-29,0.0016699290186554042,0.0
2016-11-30,-0.005900962548210787,0.0
2016-12-01,-0.011882014900036597,0.543642675019401
2016-12-02,0.003938155561908019,0.0
2016-12-05,0.0072566343996255936,0.0
2016-12-06,0.0020649733948921514,0.0
2016-12-07,0.014074473499610633,0.0
2016-12-08,0.0019086141693139818,0.0
2016-12-09,0.002209397625771212,0.0
2016-12-12,-0.0017215809335599194,0.0
2016-12-13,0.004032160234162172,0.0
2016-12-14,-0.01067155466561534,0.0
2016-12-15,0.0009466899327973629,0.0
2016-12-16,-0.0015694948558808964,0.0
2016-12-19,0.002676808479260476,0.0
2016-12-20,0.0030361389822861585,0.0
2016-12-21,-0.0010479044960079859,0.0
2016-12-22,-0.0018081140997780768,0.0
2016-12-23,0.0012865609514976241,0.0
2016-12-27,0.0027610283643064704,0.0
2016-12-28,-0.009553351055135061,0.0
2016-12-29,0.0038378384101039964,0.0
2016-12-30,-0.005441957406937804,0.0
2017-01-03,0.002434395858112337,0.8631454043092132
2017-01-04,0.010188436821136087,0.0
2017-01-05,-0.0038844913558410757,0.0
2017-01-06,0.0026826948859282117,0.0
2017-01-09,-0.008010847272987122,0.0
2017-01-10,0.003526035360387844,0.0
2017-01-11,0.005437496358108899,0.0
2017-01-12,-0.005022180662688032,0.0
2017-01-13,0.0034177250867757857,0.0
2017-01-17,-0.00850806227115751,0.0
2017-01-18,0.006006613544183885,0.0
2017-01-19,-0.0029407260947076257,0.0
2017-01-20,0.004385224231919652,0.0
2017-01-23,-0.00419002662442142,0.0
2017-01-24,0.014546784859673378,0.0
2017-01-25,0.009936371408945217,0.0
2017-01-26,-0.003698720126574443,0.0
2017-01-27,-0.0007446933169084555,0.0
2017-01-30,-0.009327254188974527,0.0
2017-01-31,-0.0028867635528714818,0.0
2017-02-01,-0.00319490236553277,0.5414720054033771
2017-02-02,-0.0021462978661123586,0.0
2017-02-03,0.011398161265450938,0.0
2017-02-06,-0.004240013909158494,0.0
2017-02-07,-0.0028751212932730014,0.0
2017-02-08,-0.002292692934093934,0.0
2017-02-09,0.008184110228245537,0.0
2017-02-10,0.004950526650587123,0.0
2017-02-13,0.007091441380238089,0.0
2017-02-14,0.004307570756901498,0.0
2017-02-15,0.004644824808818282,0.0
2017-02-16,-0.0023211155448362867,0.0
2017-02-17,-0.0013050547788712788,0.0
2017-02-21,0.006686048797475018,0.0
2017-02-22,-0.003529339805898311,0.0
2017-02-23,-0.004123253078708018,0.0
2017-02-24,-0.001126279289500765,0.0
2017-02-27,0.005408262590567101,0.0
2017-02-28,-0.004173017233087789,0.0
2017-03-01,0.021026984383134106,0.404168115361069
2017-03-02,-0.0135052260872561,0.0
2017-03-03,0.0029369008205669313,0.0
2017-03-06,-0.0033529568982181195,0.0
2017-03-07,-0.004736073218212037,0.0
2017-03-08,-0.006392563192856115,0.0
2017-03-09,-0.0011772229723994022,0.0
2017-03-10,0.0032237133892892337,0.0
2017-03-13,0.0034234963619708125,0.01533362754962888
2017-03-14,-0.006430237537553808,0.0
2017-03-15,0.010761597398107874,0.0
2017-03-16,-0.0017303303120193235,0.0
2017-03-17,-0.002106211885093013,0.0
2017-03-20,-0.0024902293671483873,0.0
2017-03-21,-0.022783621383455605,0.0
2017-03-22,0.003979761178249182,0.0
2017-03-23,0.00036618103864881693,0.0
2017-03-24,-0.0007424721519584765,0.0
2017-03-27,-0.0028282965938111002,0.0
2017-03-28,0.01196872093991565,0.0
2017-03-29,0.004192446533114366,0.0
2017-03-30,0.007070206509653132,0.0
2017-03-31,-0.000553457408405178,0.008050056680865444
2017-04-03,-0.005433740535117693,0.37223323424877863
2017-04-04,0.00032082276079260915,0.0
2017-04-05,-0.006592634839626849,0.0
2017-04-06,0.006529336680678314,0.0
2017-04-07,-0.0009156056010480198,0.0
2017-04-10,-0.00019364581254977821,0.0
2017-04-11,-0.0005219941629611491,0.0
2017-04-12,-0.011269714439938459,0.0
2017-04-13,-0.00979663783938544,0.0
2017-04-17,0.011918130315176145,0.0
2017-04-18,-0.004554457839232757,0.0
2017-04-19,-0.00013482267555232224,0.0
2017-04-20,0.012498805290853806,0.0
2017-04-21,-0.003813734413395302,0.0
2017-04-24,0.016391377378883642,0.0
2017-04-25,0.007503106255547919,0.0
2017-04-26,-0.002111477198939554,0.0
2017-04-27,-0.001800498791569727,0.0
2017-04-28,-0.007383666904061682,0.0
2017-05-01,0.0016389854652714142,0.5154334684488473
2017-05-02,0.0005280540025431184,0.0
2017-05-03,-0.0002992571782974309,0.0
2017-05-04,-0.0006732811476855314,0.0
2017-05-05,0.004701283416358638,0.0
2017-05-08,-0.0014542495757174725,0.0
2017-05-09,0.0016892100537920789,0.0
2017-05-10,0.004987491005171792,0.0
2017-05-11,-0.0033956540338214054,0.0
2017-05-12,-0.004156443336195375,0.0
2017-05-15,0.008269466910724829,0.0
2017-05-16,0.00239457697413084,0.0
2017-05-17,-0.028215300432141655,0.0
2017-05-18,0.005420905416629371,0.0
2017-05-19,0.008820627252974776,0.0
2017-05-22,0.00766331746341585,0.0
2017-05-23,0.0029251912699390053,0.0
2017-05-24,0.0016567739489680934,0.0
2017-05-25,0.007166965449878373,0.0
2017-05-26,0.0003397828432985516,0.0
2017-05-30,-0.001425736115414245,0.0
2017-05-31,-0.0003487190186270946,0.0
2017-06-01,0.008499137279378122,0.37369867004522117
2017-06-02,0.0019030207910809287,0.0
2017-06-05,-0.0026383511012799893,0.0
2017-06-06,-0.0044969467247249735,0.0
2017-06-07,0.004609214021154858,0.0
2017-06-08,0.006419071754850224,0.0
2017-06-09,-0.005497124564600149,0.0
2017-06-12,-0.0022048524131905705,0.0
2017-06-13,0.00636724612453555,0.0
2017-06-14,-0.0038400664773082195,0.0
2017-06-15,-0.0022603019241739805,0.0
2017-06-16,0.0010178055446347601,0.0
2017-06-19,0.012064985052723687,0.007660032391787462
2017-06-20,-0.009892406346939442,0.0
2017-06-21,-0.0007718030451438602,0.0
2017-06-22,-0.0011486129446520964,0.0
2017-06-23,0.001724220659254118,0.0
2017-06-26,-0.00038297147987848576,0.0
2017-06-27,-0.00801826592789165,0.0
2017-06-28,0.01216874167151589,0.0
2017-06-29,-0.008874278622717642,0.0
2017-06-30,0.002044911974650246,0.0
2017-07-03,0.0013185676159506166,0.3407183685732843
2017-07-05,0.007842739987024457,0.0
2017-07-06,-0.007578953064353357,0.0
2017-07-07,0.011403547696830703,0.0
2017-07-10,0.004011101925567311,0.0
2017-07-11,-0.00031249713380234324,0.0
2017-07-12,0.009134658646676843,0.0
2017-07-13,0.0020624452604504177,0.0
2017-07-14,0.0034159716564014803,0.0
2017-07-17,-0.0004113356807968703,0.0
2017-07-18,-0.0002068264320713259,0.0
2017-07-19,0.005280550903520694,0.0
2017-07-20,-0.000768984901592313,0.0
2017-07-21,-0.0004329808556823805,0.0
2017-07-24,0.0010921626794682512,0.0
2017-07-25,0.002449537514460521,0.0
2017-07-26,-0.0019899975572809305,0.0
2017-07-27,-0.007656250602784813,0.0
2017-07-28,-0.0016082682356692256,0.0
2017-07-31,-0.0029833554207625386,0.0
2017-08-01,0.002222335597453551,0.376173315438313
2017-08-02,-8.752947910916362e-05,0.0
2017-08-03,-0.000817844740436251,0.0
2017-08-04,0.003177386526996966,0.0
2017-08-07,0.0028953200244233026,0.0
2017-08-08,-0.003155745714559778,0.0
2017-08-09,-0.0028302179640961747,0.0
2017-08-10,-0.02010411112045885,0.0
2017-08-11,0.0023351910012564133,0.0
2017-08-14,0.013584457497441728,0.0
2017-08-15,0.0008117467260475948,0.0
2017-08-16,0.0018096254600749558,0.0
2017-08-17,-0.019904582543089352,0.0
2017-08-18,-0.0001970744993630147,0.007614304364987584
2017-08-21,-0.001176250105500785,0.0
2017-08-22,0.013055729449245383,0.0
2017-08-23,-0.004285081443100196,0.0
2017-08-24,-0.00030360664574147656,0.0
2017-08-25,0.001995056109377323,0.0
2017-08-28,-0.00015858790010761514,0.0
2017-08-29,-0.001510706075589648,0.0
2017-08-30,0.006072151126434045,0.0
2017-08-31,0.005200486967660512,0.0
2017-09-01,0.004156840279345042,0.33433477868076555
2017-09-05,-0.013080300536776501,0.0
2017-09-06,0.00047404238992824024,0.0
2017-09-07,-0.0019620460035132507,0.0
2017-09-08,0.0013760461940332317,0.0
2017-09-11,0.015283459126947854,0.0
2017-09-12,0.005848427768272618,0.0
2017-09-13,-0.0004315101084879535,0.0
2017-09-14,-0.002025840653967906,0.0
2017-09-15,0.0029003906590864322,0.0
2017-09-18,0.004894044529047763,0.0
2017-09-19,0.0035353681118587854,0.0
2017-09-20,0.0007427850976462116,0.0
2017-09-21,-0.0007047579796540474,0.0
2017-09-22,0.0018954372532076719,0.0
2017-09-25,-0.007387194673935201,0.0
2017-09-26,0.001752257272403226,0.0
2017-09-27,0.009157181327390995,0.0
2017-09-28,0.0028640829351759983,0.0
2017-09-29,0.006341570878194935,0.0
2017-10-02,0.003210765587119635,0.35584749216029976
2017-10-03,0.0033954786984839312,0.0
2017-10-04,0.001632761157494188,0.0
2017-10-05,0.004881106367990478,0.0
2017-10-06,0.0016662043734560344,0.0
2017-10-09,-0.0017180595830505933,0.0
2017-10-10,0.0014969540100663696,0.0
2017-10-11,0.0018952466975228708,0.0
2017-10-12,-4.9941329701870665e-05,0.0
2017-10-13,0.0005764117511296156,0.0
2017-10-16,0.002810183859377311,0.0
2017-10-17,-0.0020642256130772056,0.0
2017-10-18,0.0024777192180210966,0.0
2017-10-19,0.0010067658627850953,0.0
2017-10-20,0.007370276258220828,0.0
2017-10-23,-0.003049388133825447,0.0
2017-10-24,0.005362173716365411,0.0
2017-10-25,-0.005586168739212936,0.0
2017-10-26,0.004218363944645198,0.0
2017-10-27,0.004990633746573243,0.0
2017-10-30,-0.0037170618168007167,0.0
2017-10-31,0.002485251636306459,0.0
2017-11-01,-0.002515248791897351,0.5237789639040579
2017-11-02,0.0038360577330702724,0.0
2017-11-03,0.0030855932597195473,0.0
2017-11-06,0.0016632252943369335,0.0
2017-11-07,-0.0035950798759334336,0.0
2017-11-08,0.00023781127880757,0.0
2017-11-09,-0.008793116614098364,0.0
2017-11-10,0.00065278601696789,0.0
2017-11-13,0.003141346405560727,0.0
2017-11-14,0.0006546851731841032,0.0
2017-11-15,-0.004752070989847923,0.0
2017-11-16,0.010167592608715711,0.0
2017-11-17,-0.002166081422559351,0.0
2017-11-20,0.005029806210282513,0.0
2017-11-21,0.006289166916005739,0.0
2017-11-22,-0.0027268769017560353,0.0
2017-11-24,0.0022336979645177987,0.0
2017-11-27,-0.0020209735480972877,0.0
2017-11-28,0.01178132252924323,0.0
2017-11-29,-0.0037227127578692188,0.0
2017-11-30,0.009960336886178055,0.0
2017-12-01,-0.005311149098358392,0.6618106692754826
2017-12-04,-0.012092060510456418,0.0
2017-12-05,-0.0017449610089528872,0.0
2017-12-06,0.0008248820263996052,0.0
2017-12-07,0.0065717225009707956,0.0
2017-12-08,0.005951787003611413,0.0
2017-12-11,0.0008111798885420834,0.0
2017-12-12,-0.0022449016810320794,0.0
2017-12-13,-0.0001645821734519966,0.0
2017-12-14,-0.004411287345435139,0.0
2017-12-15,0.009132910764853277,0.0
2017-12-18,0.006753710505153925,0.0
2017-12-19,-0.0026355253602295503,0.0
2017-12-20,-0.00019829172845685556,0.0
2017-12-21,-0.0032816718707916063,0.0
2017-12-22,-0.0005331677889571956,0.0
2017-12-26,-0.001092775832301796,0.0
2017-12-27,0.002350458733546254,0.0
2017-12-28,0.002914013295034084,0.0
2017-12-29,-0.005936551546173477,0.0
2018-01-02,0.0062726352899684645,0.38770044558963934
2018-01-03,0.009185791455178711,0.0
2018-01-04,0.0034931134468821606,0.0
2018-01-05,0.0085450287585757,0.0
2018-01-08,0.005033908291463324,0.0
2018-01-09,0.0027101824046493203,0.0
2018-01-10,-0.005077426348666852,0.0
2018-01-11,0.007940657520398672,0.0
2018-01-12,0.009151095926620507,0.0
2018-01-16,-0.006104798398245659,0.0
2018-01-17,0.013758860415176953,0.0
2018-01-18,-0.001880401853680524,0.0
2018-01-19,0.006390425427553386,0.0
2018-01-22,0.005473344914265224,0.0
2018-01-23,0.0025214955290990535,0.0
2018-01-24,-0.001094141413531002,0.0
2018-01-25,0.0008808245885292438,0.0
2018-01-26,0.012663091012968041,0.0
2018-01-29,-0.009082239495215097,0.0
2018-01-30,-0.009533976351848517,0.0
2018-01-31,0.0019289423690080495,0.0
2018-02-01,-0.00184808229883493,0.35269656977803276
2018-02-02,-0.021053111372375907,0.0
2018-02-05,-0.038049164339400685,0.0
2018-02-06,0.019144093374791768,0.0
2018-02-07,-0.0022262296443373254,0.0
2018-02-08,-0.0410727072295755,0.0
2018-02-09,0.016674295524052866,0.0
2018-02-12,0.0147265557464024,0.0
2018-02-13,0.004165740880309974,0.0
2018-02-14,0.016850598183872842,0.0
2018-02-15,0.011391590398516272,0.0
2018-02-16,0.0004205345466303798,0.0
2018-02-20,-0.004350199215347586,0.0
2018-02-21,-0.0036066495813030677,0.0
2018-02-22,0.001484319755677,0.0
2018-02-23,0.0154040773685566,0.0
2018-02-26,0.009089501223871869,0.0
2018-02-27,-0.011043638079447022,0.0
2018-02-28,-0.010948005491612053,0.0
2018-03-01,-0.015295308737582558,0.31671449791400114
2018-03-02,0.005944399631979633,0.0
2018-03-05,0.010132741444087946,0.0
2018-03-06,0.006860320885353579,0.0
2018-03-07,0.0022009206864437763,0.0
2018-03-08,0.0021958584347215033,0.0
2018-03-09,0.020113629005357573,0.0
2018-03-12,-0.003926262851054969,0.0
2018-03-13,-0.004192855207966785,0.0
2018-03-14,-0.0044829328136224604,0.0
2018-03-15,-0.0004553281975246948,0.0
2018-03-16,0.003999410122395175,0.0
2018-03-19,-0.010612751036719407,0.0
2018-03-20,0.007816434419271524,0.0
2018-03-21,-0.0006102609187049284,0.0
2018-03-22,-0.028424004680246258,0.0
2018-03-23,-0.019970020571849195,0.0
2018-03-26,0.029138164578073507,0.0
2018-03-27,-0.020459814462002422,0.0
2018-03-28,-0.00768425606931907,0.0
2018-03-29,0.0175027262953052,0.0
2018-04-02,-0.02305467942713002,0.37958600743436643
2018-04-03,0.01161344470992387,0.00726839644598653
2018-04-04,0.011293679967856818,0.0
2018-04-05,0.007502726050993095,0.0
2018-04-06,-0.02477150392760034,0.0
2018-04-09,0.003491667729843203,0.0
2018-04-10,0.018183902588444222,0.0
2018-04-11,-0.006915592165076466,0.0
2018-04-12,0.012339794138801076,0.0
2018-04-13,-0.006820131950769979,0.0
2018-04-16,0.010041185586879225,0.0
2018-04-17,0.012360691129159674,0.0
2018-04-18,0.004089630082824059,0.0
2018-04-19,-0.0047832807915705634,0.0
2018-04-20,-0.0061458789296067245,0.0
2018-04-23,-0.00013923385822670804,0.0
2018-04-24,-0.017332419227648575,0.0
2018-04-25,-5.919573760757853e-05,0.0
2018-04-26,0.006913849724698861,0.0
2018-04-27,-0.0006212512652602483,0.0
2018-04-30,-0.009901420361801933,0.0
2018-05-01,-0.000966228181058959,0.37344909945894966
2018-05-02,-0.0075104112997554096,0.0
2018-05-03,0.0013085780709817967,0.0
2018-05-04,0.010687640627127992,0.0
2018-05-07,0.004023524642154997,0.0
2018-05-08,0.0036908320541194695,0.0
2018-05-09,0.01064607864329261,0.0
2018-05-10,0.008821162495507053,0.0
2018-05-11,0.0009509123383714623,0.0
2018-05-14,-2.7825761120894638e-05,0.0
2018-05-15,-0.004955446133669151,0.0
2018-05-16,0.005447145940578865,0.0
2018-05-17,0.0017624904462286675,0.0
2018-05-18,6.736088488361323e-05,0.0
2018-05-21,0.007667100481616264,0.0
2018-05-22,-0.005775855603775693,0.0
2018-05-23,0.003006176795476919,0.0
2018-05-24,0.0024842897177889283,0.0
2018-05-25,-0.005754638251330928,0.0
2018-05-29,-0.012163399726663325,0.0
2018-05-30,0.01139077505153701,0.0
2018-05-31,-0.011098887032483122,0.0
2018-06-01,0.013849027138649772,0.47541912745244197
2018-06-04,0.005805912677886971,0.0
2018-06-05,0.00488137054479367,0.0
2018-06-06,0.009340631709026617,0.0
2018-06-07,-0.0021307407002989806,0.0
2018-06-08,0.004859294079674263,0.0
2018-06-11,0.0008460777123421454,0.0
2018-06-12,0.002870809451782974,0.0
2018-06-13,-0.00474812313763207,0.0
2018-06-14,-0.0005789953350831699,0.0
2018-06-15,-0.0014104038823822688,0.0
2018-06-18,0.0011591476631478779,0.0
2018-06-19,-0.0068872252442174296,0.0
2018-06-20,0.00236645885037401,0.0
2018-06-21,-0.007094903378111406,0.0
2018-06-22,-0.003910523554003897,0.0
2018-06-25,-0.017234779409220066,0.0
2018-06-26,0.0027199465319223686,0.0
2018-06-27,-0.010021795110093372,0.0
2018-06-28,0.005441885799335712,0.0
2018-06-29,0.001960031206992252,0.0
2018-07-02,-0.0007528640037854917,0.57961365971913
2018-07-03,-0.005470181631251169,0.0
2018-07-05,0.0061100031990141395,0.0
2018-07-06,0.007099368148193893,0.0
2018-07-09,0.010882491227628438,0.0
2018-07-10,0.0038507142561774663,0.0
2018-07-11,-0.009729758174224291,0.0
2018-07-12,0.00981900466653687,0.0
2018-07-13,0.0015076302960677717,0.0
2018-07-16,-0.003055615176137807,0.0
2018-07-17,0.0065927866848908175,0.0
2018-07-18,0.005393245279977199,0.0
2018-07-19,-0.0026909497227087216,0.0
2018-07-20,-0.0014880305922561285,0.0
2018-07-23,0.00024515143212791894,0.0
2018-07-24,-0.0029811623105331455,0.0
2018-07-25,0.011167406063523918,0.0
2018-07-26,0.003730270611486508,0.0
2018-07-27,-0.009422422397574345,0.0
2018-07-30,-0.00999990210543878,0.0
2018-07-31,0.010110657679053645,0.0
2018-08-01,-0.007013844931978541,0.38228289985819863
2018-08-02,0.007861705304633327,0.0
2018-08-03,0.0009448869624564506,0.0
2018-08-06,0.005500927493516095,0.0
2018-08-07,0.00407203752051297,0.0
2018-08-08,0.0022265316489696874,0.0
2018-08-09,-0.0008773791351158275,0.0
2018-08-10,-0.004138900790787525,0.0
2018-08-13,-0.00597265060855862,0.0
2018-08-14,0.010842873094230708,0.0
2018-08-15,-0.013141375730408331,0.0
2018-08-16,0.005965239974180782,0.0
2018-08-17,0.004265250622028023,0.0
2018-08-20,0.00683259909955198,0.0
2018-08-21,0.0029352157429602213,0.0
2018-08-22,0.002266841492556552,0.0
2018-08-23,0.0007118063972165351,0.0
2018-08-24,0.006311953593462954,0.0
2018-08-27,0.004860246503586928,0.0
2018-08-28,0.0003352833116015516,0.0
2018-08-29,0.005243193868242464,0.0
2018-08-30,-0.00695053894895563,0.0
2018-08-31,0.002389816019479276,0.0
2018-09-04,0.00013246094818275544,0.4362628709186853
2018-09-05,-0.00661695675099514,0.0
2018-09-06,-0.0037052252603133723,0.0
2018-09-07,-0.003808220233059004,0.0
2018-09-10,0.004962773297092892,0.0
2018-09-11,0.003692498398445435,0.0
2018-09-12,0.00043579178504515214,0.0
2018-09-13,0.0021806325992087096,0.0
2018-09-14,0.002399444182060782,0.0
2018-09-17,-0.007829905469657186,0.0
2018-09-18,0.007716645005765022,0.0
2018-09-19,-0.001973004069511064,0.007376515255795865
2018-09-20,0.004482589492058132,0.0
2018-09-21,0.0009213428863190312,0.0
2018-09-24,-0.0005946065412084126,0.0
2018-09-25,0.0019666353882201726,0.007353034087650248
2018-09-26,-0.001881504389571613,0.0
2018-09-27,0.0010914886141523436,0.0
2018-09-28,0.0012381821297626147,0.0
2018-10-01,0.001861485424065945,0.3515852985775646
2018-10-02,-0.007304397876003939,0.0
2018-10-03,0.0018626958372578578,0.0
2018-10-04,-0.012844291493164902,0.0
2018-10-05,-0.005783839790354762,0.0
2018-10-08,-0.004909519969679419,0.0
2018-10-09,-0.0031727532228569364,0.0
2018-10-10,-0.038930245884504555,0.0
2018-10-11,-0.01847745328253651,0.0
2018-10-12,0.018251354812151902,0.0
2018-10-15,-0.005079867663273206,0.0
2018-10-16,0.02438409326308563,0.0
2018-10-17,-0.005577970145491496,0.0
2018-10-18,-0.013753059710151437,0.0
2018-10-19,-0.009696352492556341,0.0
2018-10-22,0.003486448014161399,0.0
2018-10-23,-0.010169200887891788,0.0
2018-10-24,-0.03570441815872279,0.0
2018-10-25,0.016631207098996105,0.0
2018-10-26,-0.015990820876330355,0.0
2018-10-29,-0.0014925464902084313,0.0
2018-10-30,0.023193561050215222,0.0
2018-10-31,0.011018909186215465,0.0
2018-11-01,0.012712096824187613,0.3783926154832288
2018-11-02,-0.0013652089338315383,0.0
2018-11-05,0.004357294859103343,0.0
2018-11-06,0.007279202981220859,0.0
2018-11-07,0.019308110060136066,0.0
2018-11-08,0.00022148369589782723,0.0
2018-11-09,-0.011781948525883459,0.0
2018-11-12,-0.01936055147800899,0.0
2018-11-13,-0.0032012021421509275,0.0
2018-11-14,-0.008602526308394259,0.0
2018-11-15,0.009907784522357785,0.0
2018-11-16,0.001434554104024483,0.0
2018-11-19,-0.02363879612536899,0.0
2018-11-20,-0.022232232103376118,0.0
2018-11-21,0.010040026345018821,0.0
2018-11-23,-0.00457539322450793,0.0
2018-11-26,0.015159190116239393,0.0
2018-11-27,0.0019224741523040751,0.0
2018-11-28,0.025604303424157128,0.0
2018-11-29,-0.0014724124009793992,0.0
2018-11-30,0.0035261639859962613,0.0
2018-12-03,0.011877189899490492,0.41862383542513104
2018-12-04,-0.02917814622925463,0.0
2018-12-06,0.00024042300326368807,0.0
2018-12-07,-0.025715676093692904,0.0
2018-12-10,0.001675076198780403,0.0
2018-12-11,0.0009619768565863003,0.0
2018-12-12,0.006693633118991725,0.0
2018-12-13,-0.004022482456150457,0.0
2018-12-14,-0.018960274752604332,0.0
2018-12-17,-0.025316656606841684,0.0
2018-12-18,0.0008848174598739759,0.0
2018-12-19,-0.01506825053615387,0.0
2018-12-20,-0.01913696955938793,0.007901254062330084
2018-12-21,-0.017557303890044354,0.0
2018-12-24,-0.02583803409627085,0.0
2018-12-26,0.04915052431514114,0.0
2018-12-27,0.008035650302408366,0.0
2018-12-28,-0.001840734521751828,0.0
2018-12-31,0.011262053294465389,0.0
2019-01-02,-0.0055377696810134935,0.3657240612805136
2019-01-03,-0.020562836638829126,0.0
2019-01-04,0.029329981832516703,0.0
2019-01-07,0.009770390860456772,0.0
2019-01-08,0.012571855448111218,0.0
2019-01-09,0.005869279121168088,0.0
2019-01-10,0.004981812226639844,0.0
2019-01-11,0.00016790113169393072,0.0
2019-01-14,-0.00705171870072594,0.0
2019-01-15,0.012385192120385097,0.0
2019-01-16,0.0005807992433338937,0.0
2019-01-17,0.007736447587580207,0.0
2019-01-18,0.012826528970234934,0.0
2019-01-22,-0.010765318165888887,0.0
2019-01-23,0.0015166848439819064,0.0
2019-01-24,-0.00021577602726001682,0.0
2019-01-25,0.006221054127814318,0.0
2019-01-28,-0.006052009190578512,0.0
2019-01-29,-6.156284794664219e-05,0.0
2019-01-30,0.015069891468895879,0.0
2019-01-31,0.0075587877720800015,0.0
2019-02-01,0.0003178707892332877,0.5270397658289507
2019-02-04,0.005958881247660801,0.0
2019-02-05,0.002911615617411078,0.0
2019-02-06,-0.00037018464019738015,0.0
2019-02-07,0.0006550874554460322,0.0
2019-02-08,0.004614496241617143,0.0
2019-02-11,0.002713358670394285,0.0
2019-02-12,0.007930954858093416,0.0
2019-02-13,0.0015769750229256804,0.0
2019-02-14,0.00020443456754823232,0.0
2019-02-15,0.006805548081256591,0.0
2019-02-19,0.001066401362373356,0.0
2019-02-20,0.0006837427268246444,0.0
2019-02-21,0.0005172415553623488,0.0
2019-02-22,0.00679150288916791,0.0
2019-02-25,-0.0034904586719268493,0.0
2019-02-26,-0.0009083295765636907,0.0
2019-02-27,0.0008585315408678398,0.0
2019-02-28,0.002106027645242859,0.0
2019-03-01,0.003065986596214154,0.41028994807972863
2019-03-04,-0.0060839400753116245,0.0
2019-03-05,-0.000588654120262053,0.0
2019-03-06,-0.00663847493719417,0.0
2019-03-07,-0.004256764582361702,0.0
2019-03-08,-0.0027691132739274212,0.0
2019-03-11,0.012108568823675236,0.0
2019-03-12,0.00453479460356865,0.0
2019-03-13,0.005410220515502629,0.0
2019-03-14,-0.00086755119114436,0.0
2019-03-15,0.0031622001763900974,0.0
2019-03-18,0.00122011917034166,0.0
2019-03-19,-0.0014269542653503188,0.0
2019-03-20,-0.0018256390385975544,0.0
2019-03-21,0.012874882011372438,0.0
2019-03-22,-0.011780421187442946,0.0
2019-03-25,0.0031967177575682754,0.0
2019-03-26,0.0060898473967903625,0.0
2019-03-27,-0.004712046479237557,0.0
2019-03-28,0.003554135671133105,0.0
2019-03-29,0.005251796376166993,0.0
2019-04-01,0.003294276248045236,0.45678196392084813
2019-04-02,-0.0003005168864456868,0.0
2019-04-03,0.0015791833556677577,0.0
2019-04-04,-0.0005010397482180368,0.0
2019-04-05,0.00613070207013309,0.0
2019-04-08,-0.0022170225214423653,0.0
2019-04-09,-0.0044861265110362055,0.0
2019-04-10,0.005826968848247811,0.0
2019-04-11,4.4190532385748275e-05,0.0
2019-04-12,0.0029023951631994742,0.0
2019-04-15,-0.0006853180405373758,0.0
2019-04-16,-0.007984099045109671,0.0
2019-04-17,-0.009456108895123896,0.0
2019-04-18,0.002755405779840966,0.0
2019-04-22,-0.002871807729129733,0.0
2019-04-23,0.00865582016597358,0.0
2019-04-24,0.002162098694188876,0.0
2019-04-25,-0.0004904007077092341,0.0
2019-04-26,0.005789169900505438,0.0
2019-04-29,-0.0036737412903156794,0.0
2019-04-30,0.006053662941593163,0.0
2019-05-01,-0.01368746322707226,0.3816684617171073
2019-05-02,0.004683796884076963,0.0
2019-05-03,0.0069453695786426016,0.0
2019-05-06,-0.003479050651703936,0.0
2019-05-07,-0.01544182190035215,0.0
2019-05-08,-0.0015543686980477715,0.0
2019-05-09,0.0002905337173795448,0.0
2019-05-10,0.006721030856763637,0.0
2019-05-13,-0.016576384985389336,0.0
2019-05-14,0.0065085160193990126,0.0
2019-05-15,0.003026757410037586,0.0
2019-05-16,0.008945781105426327,0.0
2019-05-17,-0.002716352603749623,0.0
2019-05-20,-0.006043560887114536,0.0
2019-05-21,0.008369666138122732,0.0
2019-05-22,0.0017294862671788358,0.0
2019-05-23,-0.00784760892463381,0.0
2019-05-24,-0.0004518186886968325,0.0
2019-05-28,-0.009162427503134254,0.0
2019-05-29,-0.008743265965175537,0.0
2019-05-30,0.006941498353322797,0.0
2019-05-31,-0.003923855918642329,0.0
2019-06-03,0.0010704335659115216,0.42130230646444855
2019-06-04,0.015236408047460216,0.0
2019-06-05,0.015542008691139907,0.0
2019-06-06,0.0074743066854225295,0.0
2019-06-07,0.007297925815134464,0.0
2019-06-10,0.001258076688651355,0.0
2019-06-11,-0.002414790631462065,0.0
2019-06-12,0.003998094056458128,0.0
2019-06-13,0.0015926832129547132,0.0
2019-06-14,0.00020798398393184842,0.0
2019-06-17,-0.0016427195491649416,0.0
2019-06-18,0.005941601640226016,0.0
2019-06-19,0.007626124645060161,0.0
2019-06-20,0.007344781086835274,0.0
2019-06-21,-0.004053793926332653,0.0
2019-06-24,-0.0011757798285161258,0.0
2019-06-25,-0.007931088003422505,0.0
2019-06-26,-0.009828703896154947,0.0
2019-06-27,0.0052266566045300646,0.0
2019-06-28,0.006452467543711397,0.0
2019-07-01,0.005337039248680897,0.37646223389984645
2019-07-02,0.0061755985299964955,0.007149960720982669
2019-07-03,0.009589520263038281,0.0
2019-07-05,-0.0029733124682480598,0.0
2019-07-08,-0.0026937561631672946,0.0
2019-07-09,0.0011905218094752457,0.0
2019-07-10,0.003051802827613648,0.0
2019-07-11,-0.0005866021140915938,0.0
2019-07-12,0.002520852193147005,0.0
2019-07-15,0.0016492857471523035,0.0
2019-07-16,-0.0016926046847972527,0.0
2019-07-17,-0.004769404936440232,0.0
2019-07-18,0.005034992566475268,0.0
2019-07-19,-0.010437088356960542,0.0
2019-07-22,0.0007925881433163556,0.0
2019-07-23,0.002702348198969137,0.0
2019-07-24,0.002218705844050046,0.0
2019-07-25,-0.0035608741007609503,0.0
2019-07-26,0.005435063299546658,0.0
2019-07-29,-0.0002722068707381303,0.0
2019-07-30,-0.005216096053364288,0.0
2019-07-31,-0.010565862828343835,0.0
2019-08-01,-0.0052630821737502664,0.33248710927328773
2019-08-02,-0.0062536645148188125,0.0
2019-08-05,-0.026177368769423948,0.0
2019-08-06,0.01661972610038119,0.0
2019-08-07,0.0041087021877070345,0.0
2019-08-08,0.019671248470195975,0.0
2019-08-09,-0.003760437047843067,0.0
2019-08-12,-0.010756908606896487,0.007070495281857813
2019-08-13,0.011045674991679438,0.0
2019-08-14,-0.02443632523079676,0.0
2019-08-15,0.008156207788642886,0.0
2019-08-16,0.011944885020112544,0.0
2019-08-19,0.009922283004744688,0.0
2019-08-20,-0.007086538302694576,0.0
2019-08-21,0.007234224551679662,0.0
2019-08-22,-0.0003557699576228718,0.0
2019-08-23,-0.022473341901392472,0.0
2019-08-26,0.011778640133855208,0.0
2019-08-27,-1.9242581259042153e-05,0.0
2019-08-28,0.004752816088676234,0.0
2019-08-29,0.01108729687086223,0.0
2019-08-30,-0.0020909349982447542,0.0
2019-09-03,-0.004393068708404169,0.4344704275804458
2019-09-04,0.00737665006129,0.0
2019-09-05,0.005401703530017123,0.0
2019-09-06,0.001379124184762885,0.0
2019-09-09,-0.01263682073791725,0.0
2019-09-10,-0.010893143132476888,0.0
2019-09-11,0.0035037489153856866,0.0
2019-09-12,0.0059482696504758945,0.0
2019-09-13,-0.0037621281436414967,0.0
2019-09-16,-0.0011741091910233144,0.0
2019-09-17,0.010483289505707503,0.0
2019-09-18,8.72826665518605e-05,0.0
2019-09-19,0.00035664945781463864,0.0
2019-09-20,-0.00341897165470098,0.0
2019-09-23,0.0011822208000738682,0.0
2019-09-24,-0.0028804428732506163,0.0
2019-09-25,0.0029575479898615396,0.0
2019-09-26,0.0029423158778855664,0.0
2019-09-27,-0.00879625959539284,0.0
2019-09-30,0.005361990064461178,0.0
2019-10-01,-0.01130893212286499,0.3783893515537454
2019-10-02,-0.013619922638729324,0.0
2019-10-03,0.008699279177097124,0.0
2019-10-04,0.01467024300291917,0.0
2019-10-07,-0.005299814568103606,0.0
2019-10-08,-0.012361166987160953,0.0
2019-10-09,0.008688634482628181,0.0
2019-10-10,0.003275129723623575,0.0
2019-10-11,0.0022330282180636056,0.0
2019-10-14,-0.002678306623561207,0.0
2019-10-15,0.003335478481687123,0.0
2019-10-16,-0.0013898064714551197,0.0
2019-10-17,0.0026715383173368666,0.0
2019-10-18,8.441537144246978e-06,0.0
2019-10-21,0.002768540124324819,0.0
2019-10-22,-0.010254757733976504,0.0
2019-10-23,-0.00019195343977873225,0.0
2019-10-24,0.004304406835270488,0.0
2019-10-25,-0.002717107598216903,0.0
2019-10-28,-0.0014986085237608721,0.0
2019-10-29,0.0025688092195167893,0.0
2019-10-30,0.006918273922103,0.0
2019-10-31,-0.0029559058462017623,0.0
2019-11-01,-0.00012693644954564487,0.5196643880485614
2019-11-04,-0.0060816449386727625,0.0
2019-11-05,-0.006746605836324044,0.0
2019-11-06,0.0028582938198180585,0.007262535411227961
2019-11-07,-0.0033285090862803525,0.0
2019-11-08,7.803109129697905e-05,0.0
2019-11-11,-0.0005289072549954175,0.0
2019-11-12,0.0010617252515909609,0.0
2019-11-13,0.005953172116256519,0.0
2019-11-14,0.004084005991175469,0.0
2019-11-15,0.005074354581499378,0.0
2019-11-18,0.002213059059228793,0.0
2019-11-19,0.0017276642300034634,0.0
2019-11-20,-0.0009598015323240869,0.0
2019-11-21,-0.006673095918764557,0.0
2019-11-22,-0.0014341719141332825,0.0
2019-11-25,0.005649429267463713,0.0
2019-11-26,0.007131174245643069,0.0
2019-11-27,0.0023761597205851095,0.0
2019-11-29,-0.004721344958986854,0.0
2019-12-02,-0.011718121741013943,0.4563062039623614
2019-12-03,-0.0036974602961327646,0.0
2019-12-04,0.0053462709149030814,0.0
2019-12-05,0.0029594791249581936,0.0
2019-12-06,0.005757587101571014,0.0
2019-12-09,-0.003428791958746757,0.0
2019-12-10,-0.0014347442252484743,0.006922955587507828
2019-12-11,0.004099743610091777,0.0
2019-12-12,0.005040470103382067,0.0
2019-12-13,-6.285206000049352e-05,0.0
2019-12-16,0.0060989625236601425,0.0
2019-12-17,-0.0010842291820210691,0.0
2019-12-18,0.00040947973059101344,0.0
2019-12-19,0.003874797500006639,0.0
2019-12-20,0.006916262379690492,0.0
2019-12-23,-0.00323080163017362,0.0
2020-01-29,-0.004232692128992466,0.5285064014499399
2020-01-30,0.003060986947278137,0.0
2020-01-31,-0.02229448241944596,0.0
2020-02-03,0.007698776665605145,0.1998790160490414
2020-02-04,0.015092062995011328,0.0
2020-02-05,0.010734980530670157,0.0
2020-02-06,0.0004943818699159469,0.0
2020-02-07,-0.007573870213427573,0.0
2020-02-10,0.008433134565336713,0.0
2020-02-11,0.006868187280474674,0.0
2020-02-12,0.006165089726811506,0.0
2020-02-13,0.00164343415792071,0.0
2020-02-14,0.00215397841527882,0.0
2020-02-18,-0.004218278972805351,0.0
2020-02-19,0.004953957853661196,0.0
2020-02-20,-0.002362964535400914,0.0
2020-02-21,-0.011288691626208693,0.0
2020-02-24,-0.03029619049665489,0.0
2020-02-25,-0.031204539942220597,0.0
2020-02-26,-0.006574984958944263,0.0
2020-02-27,-0.039352673932324035,0.0
2020-02-28,-0.010659317626475963,0.0
2020-03-02,0.040802349867265164,0.437052264831973
2020-03-03,-0.022643773564488674,0.0
2020-03-04,0.04331653580000716,0.007024685743684505
2020-03-05,-0.035799162568078656,0.0
2020-03-06,-0.019310202231758476,0.0
2020-03-09,-0.07601417914492202,0.0
2020-03-10,0.04836058692781884,0.0
2020-03-11,-0.050377095334773025,0.0
2020-03-12,-0.09450209940384703,0.0
2020-03-13,0.07642085876431161,0.0
2020-03-16,-0.12233948879281098,0.0
2020-03-17,0.05617276137866678,0.0
2020-03-18,-0.07114451497965732,0.0
2020-03-19,0.007344134834278191,0.0
2020-03-20,-0.04578008934991874,0.0
2020-03-23,-0.02989637727696867,0.0
2020-03-24,0.10945257784990788,0.0
2020-03-25,0.024954003558204936,0.0
2020-03-26,0.06102425705965997,0.0
2020-03-27,-0.031304709241403036,0.0
2020-03-30,0.02851145115194082,0.0
2020-03-31,-0.022661969112976743,0.0
2020-04-01,-0.049611357684179125,0.587981302195814
2020-04-02,0.0178306643364926,0.0
2020-04-03,-0.01758669954231148,0.0
2020-04-06,0.07567304925970408,0.0
2020-04-07,-0.0010193256111790117,0.006869138660012979
2020-04-08,0.037913237552999524,0.0
2020-04-09,0.019032289153357196,0.0
2020-04-13,-0.017522601263990648,0.0
2020-04-14,0.032116551561744006,0.0
2020-04-15,-0.027097660510121625,0.0
2020-04-16,0.008279798630230081,0.0
2020-04-17,0.03165240926264431,0.0
2020-04-20,-0.021380420991134668,0.0
2020-04-21,-0.027216792336755356,0.0
2020-04-22,0.02299055723272578,0.0
2020-04-23,-0.005935200213854643,0.0
2020-04-24,0.014609103284636275,0.0
2020-04-27,0.020528911731469854,0.0
2020-04-28,0.0003035835611175076,0.0
2020-04-29,0.01969503656224795,0.0
2020-04-30,-0.018847371989847685,0.0
2020-05-01,-0.025181458452170347,0.6425220606198847
2020-05-04,0.0036687000116289474,0.0
2020-05-05,0.015509665706264431,0.0
2020-05-06,-0.006109315638426973,0.0
2020-05-07,0.008922910639095451,0.0
2020-05-08,0.01378305177418292,0.0
2020-05-11,0.0066749744616878505,0.0
2020-05-12,-0.01952069365591856,0.0
2020-05-13,-0.011573187777375184,0.0
2020-05-14,0.008886682074929283,0.0
2020-05-15,0.004809965359613309,0.0
2020-05-18,0.022396142627888874,0.0
2020-05-19,-0.010312407808601078,0.0
2020-05-20,0.01241840284322893,0.0
2020-05-21,-0.010340975767144343,0.0
2020-05-22,0.005222315751602535,0.0
2020-05-26,0.003078893557121087,0.0
2020-05-27,0.013430379403195386,0.0
2020-05-28,0.008151923878545396,0.0
2020-05-29,0.012146611645483918,0.0
2020-06-01,0.0009855370894726878,0.42764492840030865
2020-06-02,0.005904852162565038,0.0
2020-06-03,0.0044663207818875315,0.0
2020-06-04,-0.007430031600951023,0.0
2020-06-05,0.01740868766940547,0.0
2020-06-08,0.0069500329369244634,0.0
2020-06-09,-0.0065958019268368,0.0
2020-06-10,-0.0009846363706795553,0.0
2020-06-11,-0.04878616255808192,0.0
2020-06-12,0.0069607789509521225,0.0
2020-06-15,0.009812332495353434,0.0
2020-06-16,0.01773819668557708,0.0
2020-06-17,0.0014598267545298958,0.0
2020-06-18,-0.0022772361917711603,0.0
2020-06-19,0.0007134644519836519,0.0
2020-06-22,0.004345858295301682,0.0
2020-06-23,-0.0007578025869839854,0.0
2020-06-24,-0.021896042040089467,0.0
2020-06-25,0.009968136646524217,0.0
2020-06-26,-0.013510440064250303,0.0
2020-06-29,0.010398158443491652,0.0
2020-06-30,0.017398073028388604,0.0
2020-07-01,0.0027834507615283055,0.5110615056892054
2020-07-02,0.007486800369827973,0.0
2020-07-06,0.012106810668680607,0.0
2020-07-07,-0.006950990073891239,0.0
2020-07-08,0.003841616868722822,0.0
2020-07-09,-4.535243925114779e-05,0.0
2020-07-10,0.0033386589688826135,0.0
2020-07-13,-0.010636678085527217,0.0
2020-07-14,0.020234564761628153,0.0
2020-07-15,0.00849889258411424,0.0
2020-07-16,-0.0009526677674985665,0.0
2020-07-17,0.008824530937915555,0.0
2020-07-20,0.007870981469890806,0.0
2020-07-21,0.0012332997958805754,0.0
2020-07-22,0.007005282461962595,0.0
2020-07-23,-0.00795513687149825,0.0
2020-07-24,-0.007483611881472976,0.0
2020-07-27,0.013313490919428812,0.0
2020-07-28,-0.01021914440066465,0.0
2020-07-29,0.013121458171785153,0.0
2020-07-30,-0.0019325497404279368,0.0
2020-07-31,0.0006264607841355201,0.0
2020-08-03,0.008546187802833893,0.31986233974326894
2020-08-04,0.0027318453359148347,0.0
2020-08-05,0.002159263916184929,0.0
2020-08-06,0.0001245481364893773,0.0
2020-08-07,0.0008627584759280911,0.0
2020-08-10,-0.0021361920979521398,0.0
2020-08-11,-0.010875423674264216,0.0
2020-08-12,0.017060371783123304,0.0
2020-08-13,0.0005211813702952577,0.0
2020-08-14,-0.0010498651008740692,0.0
2020-08-17,0.00867886672054207,0.0
2020-08-18,0.0009559417107798785,0.0
2020-08-19,-0.004276766308902617,0.0
2020-08-20,-0.0004665547726565364,0.0
2020-08-21,0.0009488757535038085,0.0
2020-08-24,0.0027141874463714882,0.0
2020-08-25,0.003625710604632491,0.0
2020-08-26,0.007620469659770895,0.0
2020-08-27,-0.0028370308850983305,0.0
2020-08-28,0.004606385569716647,0.0
2020-08-31,0.0005052689052830313,0.0
2020-09-01,0.005305989225102836,0.4212009074440224
2020-09-02,0.018674376714129057,0.0
2020-09-03,-0.03701978282891491,0.0
2020-09-04,-0.011067070453574836,0.0
2020-09-08,-0.023483940049025424,0.0
2020-09-09,0.022112514258514585,0.0
2020-09-10,-0.015162713820271486,0.0
2020-09-11,0.0026618112427757488,0.0
2020-09-14,0.01206427806166062,0.0
2020-09-15,0.006397242618078231,0.0
2020-09-16,-0.005575415322130482,0.0
2020-09-17,-0.006282020155184647,0.0
2020-09-18,-0.007527122582185528,0.0
2020-09-21,-0.009864385824996052,0.0
2020-09-22,0.009946190951037,0.0
2020-09-23,-0.02071428205443057,0.0
2020-09-24,0.00402399410201891,0.0
2020-09-25,0.01409326658362706,0.0
2020-09-28,0.01646368158839247,0.0
2020-09-29,-0.0023938625407134394,0.0
2020-09-30,0.006837053328800624,0.0
2020-10-01,0.0037130556943583137,0.40821090999699605
2020-10-02,-0.0059236744551285254,0.0
2020-10-05,0.02179966624012921,0.0
2020-10-06,-0.012826771450931806,0.0
2020-10-07,0.019914615920236647,0.0
2020-10-08,0.008325433315531013,0.0
2020-10-09,0.009159271077430052,0.0
2020-10-12,0.011019987589760758,0.0
2020-10-13,-0.0012048543743341802,0.0
2020-10-14,-0.004316286739599077,0.0
2020-10-15,0.0011087206538706637,0.0
2020-10-16,0.0006877813276493325,0.0
2020-10-19,-0.013320100949947428,0.0
2020-10-20,0.004598975014808973,0.0
2020-10-21,-0.004698961796988946,0.0
2020-10-22,0.002188224126073172,0.0
2020-10-23,0.0059625993781364526,0.0
2020-10-26,-0.01851922536989748,0.0
2020-10-27,-0.004533012309671487,0.0
2020-10-28,-0.02906844945403038,0.0
2020-10-29,0.006767091131203641,0.0
2020-10-30,-0.007815952561037192,0.0
2020-11-02,0.019652463287727517,0.30991386886216343
2020-11-03,0.01864222306287786,0.0
2020-11-04,0.022162839038926414,0.0
2020-11-05,0.021378411373788448,0.0
2020-11-06,0.003438098226737614,0.0
2020-11-09,-0.015664487751411754,0.0
2020-11-10,-0.003886911203376333,0.0
2020-11-11,0.012040685488627183,0.0
2020-11-12,-0.009479381182282193,0.0
2020-11-13,0.012064915755550508,0.0
2020-11-16,0.008472461422759724,0.0
2020-11-17,-0.00449926836077261,0.0
2020-11-18,-0.009294352830138403,0.0
2020-11-19,0.006767834661783982,0.0
2020-11-20,-0.003622823676816746,0.0
2020-11-23,0.00497308746529695,0.0
2020-11-24,0.006677390117741508,0.0
2020-11-25,-0.0026140539850216357,0.0
2020-11-27,0.006716328787464282,0.0
2020-11-30,0.0018190362089691259,0.0
2020-12-01,0.00477225899641609,0.3716468287917832
2020-12-02,-0.00651468273042649,0.0
2020-12-03,-0.0017976031147242718,0.0
2020-12-04,0.010264466597951499,0.0
2020-12-07,0.0009252430852361921,0.0
2020-12-08,0.004440697154699323,0.0
2020-12-09,-0.00910322233934336,0.0
2020-12-10,-0.0020947891178427023,0.0
2020-12-11,-0.0023490980819738765,0.0
2020-12-14,0.0031884327455065547,0.0
2020-12-15,0.012082996076947045,0.0
2020-12-16,0.0006686957000572588,0.0
2020-12-17,0.010398559245338413,0.0
2020-12-18,0.0021627786537317647,0.0
2020-12-21,-0.004208786708575298,0.0
2021-01-08,0.0032325336136231897,0.38112178455112
2021-01-11,-0.0005278726914360399,0.0
2021-01-12,0.0029804090641635775,0.0
2021-01-13,-0.005203915042832401,0.0
2021-01-14,-0.0007916941682198421,0.0
2021-01-15,-0.006783727815382241,0.0
2021-01-19,0.010053510802682408,0.0
2021-01-20,0.009323599927193976,0.0
2021-01-21,-0.0015587917492277095,0.0
2021-01-22,-0.004346299834458878,0.0
2021-01-25,-0.0009988468004250627,0.0
2021-01-26,-0.007641387025058028,0.0
2021-01-27,-0.031305102904135726,0.0
2021-01-28,0.014469738728927373,0.0
2021-01-29,-0.015097946418290467,0.0
2021-02-01,0.015839924686648965,0.2782004965415561
2021-02-02,0.013704906912077583,0.0
2021-02-03,-0.005703756819703549,0.0
2021-02-04,0.009809529791920655,0.0
2021-02-05,0.008585808142161476,0.0
2021-02-08,0.01227464582043553,0.0
2021-02-09,0.0004221833421177531,0.0
2021-02-10,0.0007154636745746799,0.0
2021-02-11,0.005616320856511315,0.0
2021-02-12,0.008817658963930858,0.0
2021-02-16,-0.000996543941736765,0.0
2021-02-17,-0.005470223450752226,0.0
2021-02-18,-0.008042074447234166,0.0
2021-02-19,0.0062982900776085305,0.0
2021-02-22,-0.011202008128407256,0.0
2021-02-23,-0.0021094109691175574,0.0
2021-02-24,0.01255978548563681,0.0
2021-02-25,-0.0262998978486389,0.0
2021-02-26,-3.8683061713490514e-05,0.0
2021-03-01,0.023491786090001465,0.5571154982760826
2021-03-02,-0.0092488317473383,0.0
2021-03-03,-0.020088755852467534,0.0
2021-03-04,-0.020756421555034262,0.0
2021-03-05,0.022706201085629388,0.0
2021-03-08,-0.009480470043068671,0.0
2021-03-09,0.018312644513625388,0.0
2021-03-10,0.005466523254265575,0.0
2021-03-11,0.015308039158814455,0.0
2021-03-12,0.00028297444762957465,0.0
2021-03-15,0.010831709803966987,0.0
2021-03-16,-0.0032181335890010326,0.0
2021-03-17,0.00380451161898962,0.0
2021-03-18,-0.015021393940358226,0.0
2021-03-19,0.005550583470080997,0.0
2021-03-22,0.009323338641693837,0.0
2021-03-23,-0.013704546224895364,0.007168104315455734
2021-03-24,-0.010365476755668842,0.0
2021-03-25,0.007266359008706239,0.0
2021-03-26,0.024186227218510714,0.0
2021-03-29,-0.004380087459953039,0.0
2021-03-30,-0.001666243485654804,0.0
2021-03-31,0.005144311816272593,0.0
2021-04-01,0.009968031269870226,1.1046221828772578
2021-04-05,0.008398114240593633,0.0
2021-04-06,0.003180453413398388,0.0
2021-04-07,-0.005135366327277711,0.0
2021-04-08,0.0028822193211574454,0.0
2021-04-09,0.007194124416210783,0.0
2021-04-12,-0.0004980475945937574,0.0
2021-04-13,-0.005346883040233593,0.0
2021-04-14,0.003289051093620252,0.0
2021-04-15,0.004402227930101607,0.0
2021-04-16,0.0027408561450449026,0.0
2021-04-19,-0.0075436932109102855,0.0
2021-04-20,-0.020117508986831845,0.0
2021-04-21,0.01970264567575532,0.0
2021-04-22,-0.009167647928588643,0.0
2021-04-23,0.01733659461405007,0.0
2021-04-26,0.008079611067283044,0.0
2021-04-27,0.003855625910651953,0.0
2021-04-28,0.0018930457678949253,0.0
2021-04-29,0.004383089373150887,0.0
2021-04-30,-0.01321876754256379,0.0
2021-05-03,0.0041172757709135865,0.52814786901534
2021-05-04,-0.0026533953550136324,0.0
2021-05-05,0.00933062056760377,0.0
2021-05-06,0.003921637740528227,0.0
2021-05-07,0.016384376680481823,0.0
2021-05-10,-0.010054398067579986,0.0
2021-05-11,-0.013650978748222126,0.0
2021-05-12,-0.031226528746446196,0.0
2021-05-13,0.01650887792285323,0.0
2021-05-14,0.02479312257660659,0.0
2021-05-17,0.002205882178083909,0.0
2021-05-18,-0.01259108949506852,0.0
2021-05-19,-0.008493732979418158,0.0
2021-05-20,0.004191499570454263,0.0
2021-05-21,0.002174117627018694,0.0
2021-05-24,0.009768919281705769,0.0
2021-05-25,-0.0054630281548271745,0.0
2021-05-26,0.010927550291038358,0.0
2021-05-27,0.013779011063389489,0.0
2021-05-28,-0.0028954219978581256,0.0
2021-06-01,0.010543889915154425,0.418686817411548
2021-06-02,-0.004271938139187305,0.0
2021-06-03,-0.0035089535168971783,0.0
2021-06-04,0.0025863581952452175,0.0
2021-06-07,-0.002729276761109806,0.0
2021-06-08,0.005099053865557485,0.0
2021-06-09,-0.012294319429571494,0.0
2021-06-10,-0.010173723387715931,0.0
2021-06-11,0.007019335759627718,0.0
2021-06-14,-0.011921894147867252,0.0
2021-06-15,0.002257022563861792,0.0
2021-06-16,-0.0051326950455458445,0.0
2021-06-17,-0.023893252581290693,0.0
2021-06-18,-0.018762414421183815,0.0
2021-06-21,0.025252418021268798,0.0
2021-06-22,0.0007807782848801804,0.0
2021-06-23,0.0038760767129740062,0.0
2021-06-24,0.009005474226471728,0.0
2021-06-25,0.006592520123674301,0.0
2021-06-28,-0.010851357630826591,0.0
2021-06-29,-0.0005791743129668857,0.0
2021-06-30,0.0060572145765549,0.0
2021-07-01,0.006667015676716348,0.39259048194179896
2021-07-02,-0.00024232063276093108,0.0
2021-07-06,-0.0157294918231799,0.0
2021-07-07,0.0018756986607967219,0.0
2021-07-08,-0.015100099980019687,0.0
2021-07-09,0.024952742781894563,0.0
2021-07-12,0.00548792338367585,0.0
2021-07-13,-0.01466610956597416,0.0
2021-07-14,-0.004325054125180944,0.0
2021-07-15,-0.0051050176172685304,0.0
2021-07-16,-0.018666970455643254,0.0
2021-07-19,-0.023567328362246107,0.0
2021-07-20,0.028563181957465537,0.0
2021-07-21,0.018675538936224104,0.0
2021-07-22,-0.007619807898970504,0.0
2021-07-23,0.007789435254450767,0.0
2021-07-26,0.006969695726320698,0.0
2021-07-27,-0.00604582622650582,0.0
2021-07-28,0.0018270261635160547,0.0
2021-07-29,0.012562151506135794,0.0
2021-07-30,-0.0046142281588094185,0.0
2021-08-02,-0.003981186667883274,0.4246636134464466
2021-08-03,0.013171485902659883,0.0
2021-08-04,-0.012284350678008905,0.0
2021-08-05,0.014394086803197176,0.0
2021-08-06,0.008033646416291835,0.0
2021-08-09,-0.004719140384429936,0.0
2021-08-10,0.009892255629669762,0.0
2021-08-11,0.010514644824568896,0.0
2021-08-12,-0.0018516264486294887,0.0
2021-08-13,-0.005403721464383419,0.0
2021-08-16,-0.005440763339401198,0.0
2021-08-17,-0.018215711066286566,0.0
2021-08-18,-0.0100418878279598,0.0
2021-08-19,-0.010002345617976716,0.0
2021-08-20,0.008546152113060493,0.0
2021-08-23,0.013958960830052955,0.0
2021-08-24,0.011015892970249075,0.0
2021-08-25,0.01118523971240642,0.0
2021-08-26,-0.010847095953288095,0.0
2021-08-27,0.017943289694897023,0.0
2021-08-30,-0.008031723442951302,0.0
2021-08-31,-0.0003292503689044102,0.00665885300185332
2021-09-01,-0.0044235744475412675,0.488588307641034
2021-09-02,0.0060194966983297005,0.0
2021-09-03,-0.0035961625148368034,0.0
2021-09-07,-0.008771006881757517,0.0
2021-09-08,-0.0051292552557972776,0.0
2021-09-09,0.0014954889738484274,0.0
2021-09-10,-0.006025273907557421,0.0
2021-09-13,0.004113837580342233,0.0
2021-09-14,-0.008562955698923368,0.0
2021-09-15,0.01101435829113068,0.0
2021-09-16,-0.0007047277898823259,0.0
2021-09-17,-0.009581521969948624,0.0
2021-09-20,-0.018611158159090566,0.0
2021-09-21,-0.0032413474098061616,0.0
2021-09-22,0.016660816242075886,0.0
2021-09-23,0.021728110992613132,0.0
2021-09-24,0.0012868719610090698,0.0
2021-09-27,0.003340158943465561,0.0
2021-09-28,-0.01749758920283699,0.0
2021-09-29,-0.0024645767701695735,0.0
2021-09-30,-0.0173942050859498,0.0
2021-10-01,0.01753024518978963,0.516955660135924
2021-10-04,-0.008269960442304745,0.0
2021-10-05,0.011724076035820454,0.0
2021-10-06,-0.0034305171563296308,0.0
2021-10-07,0.009853428754211944,0.0
2021-10-08,-0.0022774000997880847,0.0
2021-10-11,-0.005854596801246228,0.0
2021-10-12,0.0005079761309475452,0.0
2021-10-13,0.000988362188467907,0.0
2021-10-14,0.019184678123506063,0.0
2021-10-15,0.003961664811643314,0.0
2021-10-18,0.004549806215405634,0.0
2021-10-19,0.0028796975619021703,0.0
2021-10-20,0.0072106120978484255,0.0
2021-10-21,-0.0004190370556443855,0.0
2021-10-22,0.005292201581865309,0.0
2021-10-25,0.003190363459375847,0.0
2021-10-26,-0.0020444154541220884,0.0
2021-10-27,-0.014560682888140301,0.0
2021-10-28,0.015835814152395343,0.0
2021-10-29,-0.002746414413252396,0.0
2021-11-01,0.0075753445699746624,0.4817107131618661
2021-11-02,0.00396419463456009,0.0
2021-11-03,0.008576644658502334,0.0
2021-11-04,-0.0011364889729101441,0.0
2021-11-05,0.013407088130277257,0.0
2021-11-08,0.0031093120859231648,0.0
2021-11-09,-0.0013932832739150804,0.0
2021-11-10,-0.012460637009511576,0.0
2021-11-11,0.005663682612300881,0.0
2021-11-12,0.002882192662803606,0.0
2021-11-15,0.002009953407324403,0.0
2021-11-16,-0.00032846480406189,0.0
2021-11-17,-0.007419969612442183,0.0
2021-11-18,-0.0009438616017985946,0.0
2021-11-19,-0.012134833561979846,0.0
2021-11-22,0.0034199219923666366,0.0
2021-11-23,0.008766422020859428,0.0
2021-11-24,0.0026372480712734602,0.0
2021-11-26,-0.039087006172976065,0.0
2021-11-29,0.010874880534387309,0.0
2021-11-30,-0.027900204498411053,0.0
2021-12-01,-0.018334372436875745,0.5885194530975322
2021-12-02,0.02781173325214092,0.0
2021-12-03,-0.013903034276415264,0.0
2021-12-06,0.012337752507359828,0.0
2021-12-07,0.0257267801751737,0.0
2021-12-08,0.0014056062281812144,0.0
2021-12-09,-0.010556379743709774,0.0
2021-12-10,0.009171939648592444,0.0
2021-12-13,-0.015278254128154816,0.0
2021-12-14,-0.008158970421079045,0.0
2021-12-15,0.013129551558037113,0.0
2021-12-16,-0.005780265650068271,0.0
2021-12-17,-0.010751484994778893,0.0
2021-12-20,-0.016673913031589806,0.0
2022-01-11,0.012140425277572975,0.4490466412183647
2022-01-12,0.0023774793571420833,0.0
2022-01-13,-0.013590044903411256,0.0
2022-01-14,-0.004586324481959287,0.0
2022-01-18,-0.01963146234830882,0.0
2022-01-19,-0.012458115793314059,0.0
2022-01-20,-0.01438042454793052,0.0
2022-01-21,-0.01773658606992439,0.0
2022-01-24,0.01108495300281052,0.0
2022-01-25,-0.013141977853755206,0.0
2022-01-26,-0.007523275488615005,0.0
2022-01-27,-0.006805903547297609,0.0
2022-01-28,0.021289502811476853,0.0
2022-01-31,0.02090148215173899,0.0
2022-02-01,0.010122826788416583,0.3166707283864938
2022-02-02,0.013038739847911103,0.0
2022-02-03,-0.018178657862406578,0.0074773623124511565
2022-02-04,0.0006961878803522153,0.0
2022-02-07,-0.0017131299959807463,0.0
2022-02-08,0.0078033090241637695,0.0
2022-02-09,0.019177997480646296,0.0
2022-02-10,-0.018636047442436146,0.0
2022-02-11,-0.017783727531408597,0.0
2022-02-14,-0.010800832760220154,0.0
2022-02-15,0.016337354309531787,0.0
2022-02-16,0.0025220822677372713,0.0
2022-02-17,-0.022037584212592734,0.0
2022-02-18,-0.004600767158565919,0.0
2022-02-22,-0.012446316722477448,0.0
2022-02-23,-0.017534483213079242,0.0
2022-02-24,0.017127548934880978,0.0
2022-02-25,0.027416673040433624,0.0
2022-02-28,-0.001745465556390013,0.0
2022-03-01,-0.019469796063261713,0.5301665224431499
2022-03-02,0.023927645047620974,0.0
2022-03-03,0.0018723572599210199,0.0
2022-03-04,0.00013045734635021983,0.0
2022-03-07,-0.023609808708342252,0.0
2022-03-08,-0.006903320034004717,0.0
2022-03-09,0.018563505796474138,0.0
2022-03-10,0.0024283082555522327,0.0
2022-03-11,-0.009449206941363721,0.0
2022-03-14,-0.0034856552491956097,0.0
2022-03-15,0.013156107432852289,0.0
2022-03-16,0.013397123946952378,0.0
2022-03-17,0.014733307963755143,0.0
2022-03-18,0.006791066195093392,0.0
2022-03-21,0.0028220197853539228,0.0
2022-03-22,0.005156760095312001,0.0
2022-03-23,-0.009118505626853221,0.0
2022-03-24,0.011089918343129421,0.0
2022-03-25,0.009554280386666884,0.0
2022-03-28,-0.0002635691497868741,0.0
2022-03-29,0.011576101014013573,0.0
2022-03-30,-0.005236378977361726,0.0
2022-03-31,-0.013602054574882389,0.0
2022-04-01,0.0018794119576996948,0.6619485620852607
2022-04-04,0.0008321818755237365,0.0
2022-04-05,-0.008227335753518968,0.0
2022-04-06,0.0011061557929239177,0.0
2022-04-07,0.010942300448545491,0.0
2022-04-08,0.0023065126751914814,0.0
2022-04-11,-0.017295147135369587,0.0
2022-04-12,-0.002102424433373424,0.0
2022-04-13,0.00916699256852658,0.0
2022-04-14,-0.008263830081303887,0.0
2022-04-18,-0.0021462529320964287,0.0
2022-04-19,0.012346757716999217,0.0
2022-04-20,0.009529746729315947,0.0
2022-04-21,-0.0202379831017337,0.0
2022-04-22,-0.03032853474585697,0.0
2022-04-25,-0.0003623486238310056,0.0
2022-04-26,-0.020817760255858707,0.0
2022-04-27,0.0014141697001699366,0.0
2022-04-28,0.01838618338429065,0.0
2022-04-29,-0.034007737036522184,0.0
2022-05-02,-0.0032015198098421793,0.4881356376315424
2022-05-03,0.009314713646226155,0.0
2022-05-04,0.02714997204159929,0.0
2022-05-05,-0.027394265429491714,0.0
2022-05-06,-0.0016178647131544466,0.0
2022-05-09,-0.04199543213214889,0.0
2022-05-10,0.00284032560792328,0.0
2022-05-11,-0.007154740256345756,0.0
2022-05-12,0.0006680331352683461,0.0
2022-05-13,0.026051970244311017,0.0
2022-05-16,-0.000352535054503245,0.0
2022-05-17,0.014898865648080717,0.0
2022-05-18,-0.037484550059523725,0.0
2022-05-19,0.0005826270650856999,0.0
2022-05-20,0.002176716871639695,0.0
2022-05-23,0.016334992199789913,0.0
2022-05-24,-0.0006168706956616384,0.0
2022-05-25,0.007614564785523331,0.0
2022-05-26,0.01713885260969854,0.0
2022-05-27,0.025026795532122156,0.0
2022-05-31,-0.012695045602151976,0.0
2022-06-01,-0.008247273508669606,0.4731328873660083
2022-06-02,0.014447588208186243,0.0
2022-06-03,-0.009395743911542727,0.0
2022-06-06,0.0014576716420138408,0.0
2022-06-07,0.011759110983242619,0.0
2022-06-08,-0.015092079891886118,0.0
2022-06-09,-0.021487383278360805,0.0
2022-06-10,-0.017813451831586884,0.0
2022-06-13,-0.039261252484737275,0.0
2022-06-14,-0.004226837687043574,0.0
2022-06-15,0.006045464382084567,0.0
2022-06-16,-0.030604831684739042,0.0
2022-06-17,-0.003977738659061439,0.0
2022-06-21,0.025178883160771732,0.0
2022-06-22,-0.0017693279446404642,0.007109687426500173
2022-06-23,0.008548620483815283,0.0
2022-06-24,0.02487249764487591,0.0
2022-06-27,0.005319855528911907,0.0
2022-06-28,-0.011526526187981887,0.0
2022-06-29,-0.003356053274495951,0.0
2022-06-30,-0.002520405106911842,0.0
2022-07-01,0.010055115329945297,0.45446687292588583
2022-07-05,-0.017130654029621103,0.0
2022-07-06,0.004706434741314892,0.0
2022-07-07,0.011427257259891533,0.0
2022-07-08,0.0003606587981281717,0.0
2022-07-11,-0.00486962855798596,0.0
2022-07-12,-0.011510350597115734,0.0
2022-07-13,-0.003926176698467904,0.0
2022-07-14,-0.005856190933434317,0.0
2022-07-15,0.014892018215634836,0.0
2022-07-18,-0.006678968202786385,0.0
2022-07-19,0.022689422279416494,0.0
2022-07-20,-0.0006095966744757992,0.0
2022-07-21,0.00609792553550542,0.0
2022-07-22,-0.003178276329497993,0.0
2022-07-25,0.010400464861928409,0.0
2022-07-26,-0.0020386595651738317,0.0
2022-07-27,0.017740175742439003,0.0
2022-07-28,0.01601964556675233,0.0
2022-07-29,0.011754063174858456,0.0
2022-08-01,-0.005107871564544064,0.4114000435307622
2022-08-02,-0.002700857463106841,0.0
2022-08-03,0.0020543387493032993,0.0
2022-08-04,-0.006221200512510855,0.0
2022-08-05,0.005619425528492661,0.0
2022-08-08,0.0025051421015900525,0.0
2022-08-09,0.005959196210160112,0.0
2022-08-10,0.009877823565590433,0.0
2022-08-11,0.0025276962008146165,0.0
2022-08-12,0.014722391826985912,0.0
2022-08-15,0.0035268621548581523,0.0
2022-08-16,0.001890639662913753,0.0
2022-08-17,-0.0011844209108765496,0.0
2022-08-18,0.005786033491343247,0.0
2022-08-19,-0.0035882129087785727,0.0
2022-08-22,-0.011784872292605737,0.0
2022-08-23,-0.0004024278822200397,0.0
2022-08-24,0.005383766545536111,0.0
2022-08-25,0.00875411297086463,0.0
2022-08-26,-0.022384674970142862,0.0
2022-08-29,-0.0008939885451454148,0.0
2022-08-30,-0.014667473547018278,0.0
2022-08-31,-0.007937964069248637,0.0
2022-09-01,0.001017156728775337,0.40045482356662376
2022-09-02,-0.004762771149503517,0.0
2022-09-06,-0.0029601212066310773,0.0
2022-09-07,0.01727307532179418,0.0
2022-09-08,0.002813324943821124,0.0
2022-09-09,0.010695960868427829,0.0
2022-09-12,0.006696538696680344,0.0
2022-09-13,-0.03171270787985123,0.0
2022-09-14,0.004628838550456512,0.0
2022-09-15,-0.013777924414120773,0.0
2022-09-16,-0.004908015499311172,0.0
2022-09-19,0.006243491962894853,0.0
2022-09-20,-0.011454505228238543,0.006627522132316013
2022-09-21,-0.01262207786289075,0.0
2022-09-22,-0.006175244402465578,0.0
2022-09-23,-0.021377893751156275,0.0
2022-09-26,-0.015005412543723983,0.0
2022-09-27,-0.0027818170327090276,0.0
2022-09-28,0.02106342809623407,0.0
2022-09-29,-0.018390754139080506,0.0
2022-09-30,-0.010546514185577322,0.0
2022-10-03,0.028290061943964107,0.33015911349876637
2022-10-04,0.025484073715136946,0.006915832378288977
2022-10-05,-0.0053307911055465295,0.0
2022-10-06,-0.012669559273526821,0.0
2022-10-07,-0.016143465505821988,0.0
2022-10-10,-0.0012594691334379224,0.0
2022-10-11,-0.00034254148498409815,0.0
2022-10-12,-0.009196287354384684,0.0
2022-10-13,0.024260015369862838,0.0
2022-10-14,-0.024515436558087588,0.0
2022-10-17,0.017893305544600037,0.0
2022-10-18,0.015598036843695743,0.0
2022-10-19,-0.003988720353769082,0.0
2022-10-20,-0.010635114985699159,0.0
2022-10-21,0.022918520344107903,0.0
2022-10-24,0.01104014578719584,0.0
2022-10-25,0.011504263743782012,0.0
2022-10-26,0.005102178385471434,0.0
2022-10-27,0.00660337872993548,0.0
2022-10-28,0.019966322473780804,0.0
2022-10-31,-0.0023820203128777306,0.0
2022-11-01,0.00039937237014830984,0.41597067331059856
2022-11-02,-0.017910638373855696,0.0
2022-11-03,0.0030225439787040353,0.0
2022-11-04,0.006392897885159929,0.0
2022-11-07,0.0032668023741782735,0.0
2022-11-08,0.0066136010488353865,0.0
2022-11-09,-0.016888863393930992,0.0
2022-11-10,0.031157185082202117,0.0
2022-11-11,-0.010599610712717387,0.0
2022-11-14,-0.003933609961692849,0.0
2022-11-15,0.0059343735411464356,0.0
2022-11-16,0.000711216755075812,0.0
2022-11-17,-0.002127183418782465,0.0
2022-11-18,0.009913192922979482,0.0
2022-11-21,0.0037804296882846715,0.0
2022-11-22,0.010450834900783072,0.0
2022-11-23,0.0015546403069310712,0.0
2022-11-25,0.003938619356289368,0.0
2022-11-28,-0.011760575317010392,0.0
2022-11-29,-0.0008822216778497753,0.0
2022-11-30,0.020260014866937546,0.0
2022-12-01,-0.0033406974484128105,0.3391913983970479
2022-12-02,0.003942495896047537,0.0
2022-12-05,-0.014117009015862807,0.0
2022-12-06,-0.008778508444043005,0.0
2022-12-07,0.0013200532123035951,0.0
2022-12-08,0.0013288443342277503,0.0
2022-12-09,-0.012599938674746156,0.0
2022-12-12,0.01412490954410998,0.0
2022-12-13,-0.00015937850098087756,0.0
2022-12-14,-0.0022222487617672817,0.0
2022-12-15,-0.014376343479117412,0.0
2022-12-16,-0.00873037739584369,0.0
2022-12-19,-0.003996958180351961,0.0
2022-12-20,0.003067714433258671,0.0
2022-12-21,0.013603752858451628,0.0
2022-12-22,-0.0094400861941383,0.0
2023-01-05,-0.005680717742572061,0.2897980907477981
2023-01-06,0.021189903729569914,0.0
2023-01-09,-0.0056213088064807504,0.0
2023-01-10,0.004819766881857396,0.0
2023-01-11,0.005907322702074559,0.0
2023-01-12,0.0016532384841780052,0.0
2023-01-13,0.0012865927441707294,0.0
2023-01-17,-0.0035883398415624147,0.0
2023-01-18,-0.017808405749354578,0.0
2023-01-19,-0.005875851569466576,0.0
2023-01-20,0.00951045909499039,0.0
2023-01-23,0.004217902093791206,0.0
2023-01-24,0.0034046581937369445,0.0
2023-01-25,0.0029386688192999458,0.0
2023-01-26,0.008401742115555973,0.0
2023-01-27,-0.005200998393251512,0.0
2023-01-30,-0.0060446953265242236,0.0
2023-01-31,0.010788185008818986,0.0
2023-02-01,-0.0018655412386296977,0.32784800163681377
2023-02-02,-0.008437717964008133,0.0
2023-02-03,-0.005822879188113852,0.0
2023-02-06,0.0013737235888572187,0.0
2023-02-07,0.007015345046682554,0.0
2023-02-08,-0.005997267968425101,0.0
2023-02-09,-0.007202501146652067,0.0
2023-02-10,0.014208372451047457,0.0
2023-02-13,0.006495648220706457,0.0
2023-02-14,-0.004229601737656413,0.0
2023-02-15,0.0007800881309828643,0.0
2023-02-16,-0.00866394796212834,0.0
2023-02-17,-0.0009647368155927061,0.0
2023-02-21,-0.011826776394855623,0.0
2023-02-22,-0.0016312936864147924,0.0
2023-02-23,0.0028256015182551953,0.0
2023-02-24,-0.004493451353318887,0.0
2023-02-27,0.0016259274381985513,0.0
2023-02-28,-0.007785739745332916,0.0
2023-03-01,6.415229722644966e-05,0.3086053231101788
2023-03-02,0.008889916539867112,0.0
2023-03-03,0.01081305063042855,0.0
2023-03-06,-0.000490671169503139,0.0
2023-03-07,-0.013056693198739915,0.0
2023-03-08,-0.0009676625501975477,0.0
2023-03-09,-0.015623074397557736,0.0
2023-03-10,-0.014661710735826016,0.0
2023-03-13,-0.005030829429589159,0.0
2023-03-14,0.011017399049587765,0.0
2023-03-15,-0.01783081406786902,0.0
2023-03-16,0.009873407395500026,0.0
2023-03-17,-0.016402786527575902,0.0
2023-03-20,0.015943098768024556,0.0
2023-03-21,0.009908131582607461,0.0
2023-03-22,-0.01687353605716441,0.0
2023-03-23,-0.004571316554303115,0.0
2023-03-24,0.009387932189137818,0.0
2023-03-27,0.00795429406375132,0.0
2023-03-28,0.004520000473290207,0.0
2023-03-29,0.010501925405023392,0.0
2023-03-30,0.003143523877550185,0.0
2023-03-31,0.012090160880730928,0.0
2023-04-03,0.008116188973147143,0.6031552764738219
2023-04-04,-0.014752886093148624,0.0
2023-04-05,-0.0020655441642562535,0.0
2023-04-06,-0.0024486317450498505,0.0
2023-04-10,0.006899494589717854,0.0
2023-04-11,0.005759609787048991,0.0
2023-04-12,1.6619541683073503e-05,0.0
2023-04-13,0.006911113802523752,0.0
2023-04-14,-0.0015893969875321473,0.0
2023-04-17,0.0044602886775550014,0.0
2023-04-18,0.003214034032639728,0.0
2023-04-19,-0.004290963040827793,0.0
2023-04-20,-0.0005944199844655484,0.0
2023-04-21,-0.0016470359763280636,0.0
2023-04-24,0.004656335466624894,0.0
2023-04-25,-0.012808037996370907,0.0
2023-04-26,-0.012731135156532012,0.0
2023-04-27,0.01565495338106674,0.0
2023-04-28,0.00774206160091389,0.0
2023-05-01,0.0006281286030376254,0.4678204490974518
2023-05-02,-0.009222249282678448,0.0
2023-05-03,-0.007180597223455579,0.0
2023-05-04,-0.008430152242731683,0.0
2023-05-05,0.014209813106459402,0.0
2023-05-08,-0.00031935430154467843,0.0
2023-05-09,-0.001794452047459701,0.0
2023-05-10,0.001289579934687373,0.0
2023-05-11,-0.0033192408010881717,0.0
2023-05-12,0.0015341098801234505,0.0
2023-05-15,0.005194048976669257,0.0
2023-05-16,-0.010526724760480846,0.0
2023-05-17,0.011776731533075383,0.0
2023-05-18,0.008293591273467951,0.0
2023-05-19,-0.0020403856452565275,0.0
2023-05-22,-0.0029755567444542876,0.0
2023-05-23,-0.014405417775376158,0.0
2023-05-24,-0.00878438943950427,0.0
2023-05-25,0.007926481609385245,0.0
2023-05-26,0.008125339857944287,0.0
2023-05-30,-0.0023919435329321274,0.0
2023-05-31,-0.010875877273997945,0.0
2023-06-01,0.0073590882723899576,0.5329286564260156
2023-06-02,0.019540448920446877,0.0
2023-06-05,-0.0023055633725875715,0.0
2023-06-06,0.0014762361523667261,0.0
2023-06-07,0.00042972839229792216,0.0
2023-06-08,0.005669718168442537,0.0
2023-06-09,0.00023453035855684095,0.0
2023-06-12,0.006742247702131924,0.0
2023-06-13,0.00890651230344067,0.0
2023-06-14,0.0010733868276161006,0.0
2023-06-15,0.011117023264173315,0.0
2023-06-16,-0.0033626168257077844,0.0
2023-06-20,-0.00636275239991531,0.0
2023-06-21,0.001183676133335291,0.0
2023-06-22,-0.001086439504733934,0.0
2023-06-23,-0.005900192035976787,0.0
2023-06-26,0.0020470529085483313,0.0
2023-06-27,0.012655591491158462,0.0
2023-06-28,-0.0018198163003542778,0.0
2023-06-29,0.005983353191091091,0.0
2023-06-30,0.011156387767191776,0.0
2023-07-03,-0.00341081671896426,0.4275814175590914
2023-07-05,-0.0061481676822293906,0.0
2023-07-06,-0.008986521603362111,0.0
2023-07-07,-0.00126883008177463,0.0
2023-07-10,0.014866458688551087,0.0
2023-07-11,0.0055540915724257,0.0
2023-07-12,0.005067732970148302,0.0
2023-07-13,0.005167024018359795,0.0
2023-07-14,-0.001639913871112765,0.0
2023-07-17,0.005709751809794205,0.0
2023-07-18,0.004678793475399429,0.0
2023-07-19,-0.002370869664317255,0.0
2023-07-20,-0.005169239114816668,0.0
2023-07-21,0.0003230810950494506,0.0
2023-07-24,-0.0005740091619422182,0.0
2023-07-25,0.004415296789378686,0.0
2023-07-26,-0.0029262945841652534,0.0
2023-07-27,-0.0058619819524341945,0.0
2023-07-28,0.006148524019520353,0.0
2023-07-31,0.0027711539922211223,0.0
2023-08-01,-0.003269518770847246,0.3821272834882059
2023-08-02,-0.01220263677130585,0.0
2023-08-03,-0.003903535899589809,0.0
2023-08-04,-0.005674818402109177,0.0
2023-08-07,0.011740545357094515,0.0
2023-08-08,-0.004814817576624329,0.0
2023-08-09,-0.005349153019862364,0.0
2023-08-10,-0.0033636672801236854,0.0
2023-08-11,-0.002229884903820794,0.0
2023-08-14,0.0056648208557747905,0.0
2023-08-15,-0.00992137591408828,0.0
2023-08-16,-0.00867932524902994,0.0
2023-08-17,-0.012142814354351793,0.0
2023-08-18,0.001990785704755386,0.0
2023-08-21,0.0040101606500140075,0.0
2023-08-22,-0.0011912417610337764,0.0
2023-08-23,0.011091650076075765,0.0
2023-08-24,-0.014327458244347285,0.0
2023-08-25,0.00725375908490533,0.0
2023-08-28,0.007116002428649626,0.006895268148260237
2023-08-29,0.013056436076397105,0.0
2023-08-30,0.004181538143097079,0.0
2023-08-31,-0.001986670757057784,0.0
2023-09-01,0.0047102512135568375,0.3737097018016801
2023-09-05,-0.01182587521719864,0.0
2023-09-06,0.001381523584600027,0.0
2023-09-07,-0.004193529245444831,0.0
2023-09-08,3.243671676937134e-05,0.0
2023-09-11,0.00298174888822069,0.0
2023-09-12,-0.006179212910661857,0.0
2023-09-13,-0.0056259460494767245,0.0
2023-09-14,0.009461332955090513,0.0
2023-09-15,-0.013122985271518969,0.0
2023-09-18,0.0021221113119648536,0.0
2023-09-19,-0.00327004904775973,0.0
2023-09-20,-0.0060573938866603505,0.0
2023-09-21,-0.018357947040696168,0.0
2023-09-22,-0.000597507864306034,0.0
2023-09-25,0.003793492487579057,0.0
2023-09-26,-0.01233752471904609,0.0
2023-09-27,0.0050281842640162114,0.0
2023-09-28,0.010091548825879138,0.0
2023-09-29,-0.007787741250149355,0.0
2023-10-02,-0.006771068273161762,0.41415192888567987
2023-10-03,-0.014504509553332934,0.007145773657534167
2023-10-04,0.008508147794381792,0.0
2023-10-05,-0.003510600683874789,0.0
2023-10-06,0.01283467539936193,0.0
2023-10-09,0.00576515903292299,0.0
2023-10-10,0.007861187835053752,0.0
2023-10-11,0.003444879703247964,0.0
2023-10-12,-0.009502582115837047,0.0
2023-10-13,-0.008514979168897875,0.0
2023-10-16,0.011750895466831808,0.0
2023-10-17,0.003616419305112324,0.0
2023-10-18,-0.01868939507897281,0.0
2023-10-19,-0.00972076539409283,0.0
2023-10-20,-0.01294985634150076,0.0
2023-10-23,-0.0014947556728056267,0.0
2023-10-24,0.0060588419426941004,0.0
2023-10-25,-0.017036137744075846,0.0
2023-10-26,-0.006160908531273966,0.0
2023-10-27,-0.005835021099062303,0.0
2023-10-30,0.008354422025493401,0.0
2023-10-31,0.0072142051862038765,0.0
2023-11-01,0.009581107343282325,0.38910132763569905
2023-11-02,0.019924272164556,0.0
2023-11-03,0.014347743583371722,0.0
2023-11-06,7.871714374705095e-06,0.0
2023-11-07,-0.0008605719892721588,0.0
2023-11-08,0.003130248315980415,0.0
2023-11-09,-0.005671983592218056,0.0
2023-11-10,0.017922085688786307,0.0
2023-11-13,0.0008844548369765825,0.0
2023-11-14,0.024135206152758087,0.0
2023-11-15,-0.0002718403503695813,0.0
2023-11-16,-0.0012799628685320192,0.0
2023-11-17,0.004598379237366953,0.0
2023-11-20,0.006425580729333765,0.0
2023-11-21,-0.0019290689478645034,0.0
2023-11-22,0.003728850031039806,0.0
2023-11-24,0.0017452612912959645,0.0
2023-11-27,-0.0008838022410111871,0.0
2023-11-28,-0.004344129300017223,0.0
2023-11-29,0.0026992902389888704,0.0
2023-11-30,0.007888217385091267,0.0
2023-12-01,0.008789129496800996,0.5736873380748395
2023-12-04,-0.004449584072032166,0.0
2023-12-05,-0.0056563233659355765,0.0
2023-12-06,-0.003941894896472424,0.0
2023-12-07,0.005743026668130535,0.0
2023-12-08,0.00481068721343993,0.0
2023-12-11,0.010829905403788437,0.0
2023-12-12,0.005508822102895034,0.0
2023-12-13,0.01192876227539488,0.0
2023-12-14,0.00016507255817008355,0.0
2023-12-15,-0.001724354350563458,0.0
2023-12-18,0.004503936223192615,0.0
2024-02-02,0.00456638937722631,0.31838597879210195
2024-02-05,-0.002608524791285284,0.0
2024-02-06,0.0006657397290421065,0.0
2024-02-07,0.008612748527331859,0.0
2024-02-08,0.0025136495361161794,0.0
2024-02-09,0.0038474226960782602,0.0
2024-02-12,-0.0011464000940984243,0.0
2024-02-13,-0.013541797109974985,0.0
2024-02-14,0.011778972457036276,0.0
2024-02-15,0.006883543455716537,0.0
2024-02-16,-0.006164880997980274,0.0
2024-02-20,-0.004791370108870939,0.0
2024-02-21,0.0033992707450493796,0.0
2024-02-22,0.020851455464456395,0.0
2024-02-23,0.0025826322677204826,0.0
2024-02-26,0.0002758229666274614,0.0
2024-02-27,0.0025001367770461735,0.0
2024-02-28,0.0016125250414292885,0.0
2024-02-29,0.006898812927934558,0.0
2024-03-01,0.010789057175835115,0.38577370852644843
2024-03-04,0.002031912553698799,0.0
2024-03-05,-0.010639931166231189,0.0
2024-03-06,0.0063722854623439774,0.0
2024-03-07,0.010481508365098627,0.0
2024-03-08,-0.007445142677361802,0.0
2024-03-11,-0.00248067779892012,0.0
2024-03-12,0.010108110868493333,0.0
2024-03-13,-0.0027768344262568707,0.0
2024-03-14,-0.007155878273629572,0.0
2024-03-15,-0.00464436453164881,0.0
2024-03-18,0.004529967662006423,0.0
2024-03-19,0.0062632618452842515,0.0075368786711182455
2024-03-20,0.010880564046575909,0.0
2024-03-21,0.00836241739091225,0.0
2024-03-22,-0.003576777787834875,0.0
2024-03-25,-0.004048774732725886,0.0
2024-03-26,-4.212629073859162e-05,0.0
2024-03-27,0.009844992006413873,0.0
2024-03-28,0.002253350890934855,0.0
2024-04-01,-0.005523061140541019,0.3197598830483802
2024-04-02,-0.00987097398238701,0.0
2024-04-03,0.005113105948126436,0.0
2024-04-04,-0.013394971993490294,0.0
2024-04-05,0.012470441621165115,0.0
2024-04-08,0.001227473590425326,0.0
2024-04-09,-0.00270358036582933,0.0
2024-04-10,-0.013002096014811391,0.0
2024-04-11,0.004411172223747302,0.0
2024-04-12,-0.014879861938385822,0.0
2024-04-15,-0.011970374782188264,0.0
2024-04-16,-0.0017105463995360228,0.0
2024-04-17,-0.007264086641470267,0.0
2024-04-18,-0.005967499248479569,0.0
2024-04-19,-0.005605182589624,0.0
2024-04-22,0.007410822167503368,0.0
2024-04-23,0.013762278804985893,0.0
2024-04-24,0.0021370916345440313,0.0
2024-04-25,0.00027443206337727605,0.0
2024-04-26,0.004742290793519145,0.0
2024-04-29,0.0045878079990266845,0.0
2024-04-30,-0.01690950730395954,0.0
2024-05-01,-0.005539579759287316,0.5498026803103091
2024-05-02,0.006998314806958793,0.0
2024-05-03,0.008705663752935093,0.0
2024-05-06,0.013297183402120081,0.0
2024-05-07,0.0002707558862869971,0.0
2024-05-08,0.0007391452716992134,0.0
2024-05-09,0.007747769491206154,0.0
2024-05-10,0.0024353096240893003,0.0
2024-05-13,-0.00328381876055356,0.0
2024-05-14,0.005357702866774534,0.0
2024-05-15,0.013278546138985464,0.0
2024-05-16,-0.00705992033615195,0.0
2024-05-17,0.002340635713450232,0.0
2024-05-20,0.0035785507745274107,0.0
2024-05-21,0.0010070383209611268,0.0
2024-05-22,-0.006848502527613562,0.0
2024-05-23,-0.00961453532159331,0.0
2024-05-24,0.009644601258555489,0.0
2024-05-28,-0.003843531855382246,0.0
2024-05-29,-0.010790068964123392,0.0
2024-05-30,-0.0006635818711808025,0.0
2024-05-31,0.00803389274905414,0.0
2024-06-03,-0.007676539188238962,0.41737645641414667
2024-06-04,-0.005127493720321933,0.0
2024-06-05,0.013766702389792974,0.0
2024-06-06,-0.004702074463871307,0.0
2024-06-07,-0.0016720811218527184,0.0
2024-06-10,0.005299581689911695,0.0
2024-06-11,-0.004523011390201387,0.0
2024-06-12,0.011834417020703994,0.0
2024-06-13,-0.0006817847565642226,0.0
2024-06-14,-0.008260701330826889,0.0
2024-06-17,0.012413949232041609,0.0
2024-06-18,0.00545780155000097,0.0
2024-06-20,-0.003337583212458275,0.0
2024-06-21,-0.0005102233821302867,0.0
2024-06-24,0.003371208022891862,0.0
2024-06-25,-0.0018293029678604356,0.006480683834042984
2024-06-26,-0.002976327459487426,0.0
2024-06-27,0.0007021797135030232,0.0
2024-06-28,0.0029963674073942887,0.0
2024-07-01,-0.005826555075133633,0.4285041029829736
2024-07-02,0.006264606066634485,0.0
2024-07-03,0.0036096515238957408,0.0
2024-07-05,-0.0036863263775975485,0.0
2024-07-08,0.004007291314738859,0.0
2024-07-09,0.0002473845102198976,0.0
2024-07-10,0.01065080200030969,0.0
2024-07-11,0.004070031005833173,0.0
2024-07-12,0.006513969478158157,0.0
2024-07-15,0.0046008579766136535,0.0
2024-07-16,0.015139621653104994,0.0
2024-07-17,-0.018870228032719323,0.0
2024-07-18,-0.0065781001799793525,0.0
2024-07-19,-0.00736345980052063,0.0
2024-07-22,0.015012419609673328,0.0
2024-07-23,-0.0011653106802429639,0.0
2024-07-24,-0.02418450245639649,0.0
2024-07-25,-0.0005117530077571031,0.0
2024-07-26,0.014791211019017972,0.0
2024-07-29,-9.770212477439586e-07,0.0
2024-07-30,-0.001815326196373578,0.0
2024-07-31,0.012533386368758842,0.0
2024-08-01,-0.025120611998883824,0.4034433668060784
2024-08-02,-0.02897484029634541,0.0
2024-08-05,-0.021848894629062077,0.0
2024-08-06,0.015203295115449782,0.0
2024-08-07,-0.008104682785405045,0.0
2024-08-08,0.027045839797081278,0.0
2024-08-09,0.00555066636887563,0.0
2024-08-12,-0.0020125509402587538,0.0
2024-08-13,0.011746939422647951,0.0
2024-08-14,0.004779112712086593,0.0
2024-08-15,0.015856783599575017,0.0
2024-08-16,0.0012041904158149618,0.0
2024-08-19,0.007915742078812387,0.0
2024-08-20,-0.006211216379586228,0.0
2024-08-21,0.008014603870826423,0.0
2024-08-22,-0.004470075670330395,0.0
2024-08-23,0.01351848971050353,0.0
2024-08-26,-0.0028681316089437386,0.0
2024-08-27,0.002091030335784857,0.0
2024-08-28,-0.003957255552162491,0.0
2024-08-29,0.0031083166983524564,0.0
2024-08-30,0.011611350735557286,0.0
2024-09-03,-0.027231868695862915,0.5622805558493622
2024-09-04,-0.00014626857015605016,0.0
2024-09-05,-0.0071382496750866786,0.0
2024-09-06,-0.014911261231499228,0.0
2024-09-09,0.011538922079542907,0.0
2024-09-10,-0.00032083475002354933,0.0
2024-09-11,0.005159440563669685,0.0
2024-09-12,0.008170128478409876,0.0
2024-09-13,0.010084486373158657,0.0
2024-09-16,0.006098315090782262,0.0
2024-09-17,0.002273728921276339,0.0
2024-09-18,-0.0017753664040566818,0.0
2024-09-19,0.014823025549857842,0.0
2024-09-20,-0.0007152275754626431,0.0
2024-09-23,0.004988075585747366,0.0
2024-09-24,-0.0005017398068975467,0.0
2024-09-25,-0.0038177364096720306,0.0
2024-09-26,0.006037791749146919,0.0
2024-09-27,-0.0007538828230464523,0.0
2024-09-30,0.004031637374260058,0.0
2024-10-01,-0.005972291949297492,0.5835924804598476
2024-10-02,0.0020141305288588836,0.0
2024-10-03,-0.003714916784197691,0.0
2024-10-04,0.008088035418274839,0.0
2024-10-07,-0.006239754645390177,0.0
2024-10-08,0.006414589123176073,0.0
2024-10-09,0.007766879877124827,0.0
2024-10-10,-0.005155741100550027,0.0
2024-10-11,0.012644407030884777,0.0
2024-10-14,0.00933949903155339,0.0
2024-10-15,-0.004809585182316352,0.0
2024-10-16,0.007522491275808596,0.0
2024-10-17,-0.002043525562942343,0.0
2024-10-18,0.0028567820037930427,0.0
2024-10-21,-0.008187924944107878,0.0
2024-10-22,-0.0030527000131469954,0.0
2024-10-23,-0.0014182360296702986,0.0
2024-10-24,-5.2309450411881115e-05,0.0
2024-10-25,-0.00770962374679924,0.0
2024-10-28,0.006628636726457854,0.0
2024-10-29,-0.0009308172985550931,0.0
2024-10-30,-0.0024618170480376353,0.0
2024-10-31,-0.012868307924513777,0.0
2024-11-01,-0.004059794103874026,0.43751670320720437
2024-11-04,0.001750145862468098,0.0
2024-11-05,0.016594164501589733,0.0
2024-11-06,0.02398369576004513,0.0
2024-11-07,0.003138090215313326,0.0
2024-11-08,0.010679370937969074,0.0
2024-11-11,0.0033961993299702394,0.0
2024-11-12,-0.00834298621950894,0.0
2024-11-13,-0.0018720946656820834,0.0
2024-11-14,-0.006728892045956529,0.0
2024-11-15,-0.00558618965101052,0.0
2024-11-18,0.003075772202218668,0.0
2024-11-19,0.00016172876701177753,0.0
2024-11-20,0.0015552332606027061,0.0
2024-11-21,0.0127422972312933,0.0
2024-11-22,0.007874637583749771,0.0
2024-11-25,0.005526673533394861,0.0
2024-11-26,0.003936454379282963,0.0
2024-11-27,-0.00449676621210399,0.0
2024-11-29,0.003907720561073611,0.0
2024-12-02,-0.006660249118245143,0.39674689033762256
2024-12-03,-0.0024572396820046836,0.0
2024-12-04,0.0021833414420419904,0.0
2024-12-05,-0.001341542429524529,0.0
2024-12-06,0.0004131686542635555,0.0
2024-12-09,-0.012232728737255439,0.0
2024-12-10,-0.007199090448199542,0.0
2024-12-11,0.0037895256420778095,0.0
2024-12-12,-0.004407309591709322,0.0
2024-12-13,-0.0017067384559609354,0.0
2024-12-16,0.0011293804574448176,0.0
2024-12-17,-0.01059597772232101,0.0
2024-12-18,-0.03463229590546446,0.0
2024-12-19,-0.0039954227047537,0.0
2024-12-20,0.016539791048300032,0.0
2024-12-23,0.0024056878731379995,0.0
2025-03-25,-0.0013882717355790941,0.4120412272930483
2025-03-26,-0.0095945065688506,0.0
2025-03-27,-0.009429614520948726,0.0
2025-03-28,-0.01914381012682775,0.0
2025-03-31,0.007336717240749937,0.0
2025-04-01,0.003536310845706714,0.165274072738912
2025-04-02,0.013711649523236674,0.0
2025-04-03,-0.06662243700084429,0.0
2025-04-04,-0.061265471481344314,0.0
2025-04-07,-0.00022005046444869287,0.0
2025-04-08,-0.015572591250106335,0.0
2025-04-09,0.09307489101871269,0.0
2025-04-10,-0.038111318232390896,0.0
2025-04-11,0.012096916770964292,0.0
2025-04-14,0.012111288686323154,0.0
2025-04-15,0.0015178467941502289,0.0
2025-04-16,-0.01560453949619172,0.0
2025-04-17,0.0067130776998766024,0.0
2025-04-21,-0.02489514907076739,0.0
2025-04-22,0.03018397796082891,0.0
2025-04-23,0.01588014642747849,0.0
2025-04-24,0.02218659225920954,0.0
2025-04-25,-0.0003025477037177523,0.0
2025-04-28,0.003457412034948643,0.0
2025-04-29,0.004875079642446562,0.0
2025-04-30,6.638208579999843e-07,0.0
2025-05-01,0.0041424263180074306,0.4882694907185715
2025-05-02,0.020064203005278853,0.0
2025-05-05,-0.0020670621716408176,0.0
2025-05-06,-0.0036459355473797057,0.0
2025-05-07,0.004833369073628005,0.0
2025-05-08,0.006327203185857292,0.0
2025-05-09,0.0011401553778456104,0.0
2025-05-12,0.027320514686047417,0.0
2025-05-13,0.006505215035746121,0.0
2025-05-14,-0.002700481881584507,0.0
2025-05-15,0.006722672223989716,0.0
2025-05-16,0.01004567258034817,0.0
2025-05-19,0.0017671379276061247,0.0
2025-05-20,-0.0043310061176913646,0.0
2025-05-21,-0.020496050113496336,0.0
2025-05-22,-0.0020977381403678007,0.0
2025-05-23,-0.0018556612552831334,0.0
2025-05-27,0.01855271557351745,0.0
2025-05-28,-0.007479608687272906,0.0
2025-05-29,0.0021311425187236846,0.0
2025-05-30,0.0033241037988192414,0.0
2025-06-02,0.0014413922124478784,0.4148518866344563
2025-06-03,0.003773650527125098,0.0
2025-06-04,-0.004075411935065882,0.0
2025-06-05,-0.00082242737461463,0.0
2025-06-06,0.008698175285817641,0.0
2025-06-09,-0.003552549603003387,0.0
2025-06-10,-0.00010539517545714879,0.0
2025-06-11,-0.002282282867206304,0.0
2025-06-12,0.0038416851318214635,0.0
2025-06-13,-0.01125052157066122,0.0
2025-06-16,0.008263885539719792,0.0
2025-06-17,-0.008493357436933423,0.0
2025-06-18,0.00204148029355581,0.0
2025-06-20,0.0025213222002678937,0.0
2025-06-23,0.013563923579118094,0.0
2025-06-24,0.007979581442639811,0.0
2025-06-25,-0.006734650312150507,0.0
2025-06-26,0.008139815318005877,0.0
2025-06-27,0.00597475695132514,0.0
2025-06-30,0.008125141075079733,0.0
2025-07-01,-0.000608847896831799,0.4388873409729117
2025-07-02,0.002994876001789903,0.0
2025-07-03,0.010049221979327148,0.0
2025-07-07,-0.00543364088713371,0.0
2025-07-08,-0.006625721558938559,0.0
2025-07-09,0.0030176285681244837,0.0
2025-07-10,0.0036721248752887682,0.0
2025-07-11,-0.006107392350234244,0.0
2025-07-14,0.008245446034656519,0.0
2025-07-15,-0.011566534800469036,0.0
2025-07-16,0.004247267584955616,0.0
2025-07-17,0.008808790862472448,0.0
2025-07-18,0.003279091803600972,0.0
2025-07-21,-0.0013685476712870888,0.0
2025-07-22,0.0030924653482147894,0.0
2025-07-23,0.0073964175523954555,0.0
2025-07-24,-0.0005963235755697399,0.0
2025-07-25,0.004042317138471117,0.0
2025-07-28,-0.004212726310005529,0.0
2025-07-29,0.002147786816542275,0.0
2025-07-30,-0.0035520889185046323,0.0
2025-07-31,-0.00348139327973556,0.0
2025-08-01,-0.014296168809059928,0.48117188203674777
2025-08-04,0.01415145913584626,0.0
2025-08-05,-0.005997445582249045,0.0
2025-08-06,0.0016822500844547717,0.0
2025-08-07,-0.00630252186936596,0.0
2025-08-08,0.0036562836990241695,0.0
2025-08-11,-0.002702711652125304,0.0
2025-08-12,0.016510579005467433,0.0
2025-08-13,0.006784933362590517,0.0
2025-08-14,-0.005599257482968261,0.0
2025-08-15,-0.005622506823244229,0.0
2025-08-18,0.0028843114842353385,0.0
2025-08-19,-0.0013152260490211594,0.0
2025-08-20,-0.0003883190390295805,0.0
2025-08-21,-0.003433886060965784,0.0
2025-08-22,0.018718858734246405,0.0
2025-08-25,-0.004233314037358084,0.0
2025-08-26,0.0042590715756828015,0.0
2025-08-27,0.0038218173229480745,0.0
2025-08-28,0.004640760778627702,0.0
2025-08-29,-0.0054032063155096816,0.0
2025-09-02,-0.0070432414842160895,0.47351628824125014
2025-09-03,0.0016724972430367145,0.0
2025-09-04,0.009576207356025736,0.0
2025-09-05,-0.00213070871663346,0.0
2025-09-08,0.003301134158542643,0.0
2025-09-09,0.000584575212003851,0.0
2025-09-10,0.006733828081166259,0.0
2025-09-11,0.013945664911652098,0.0
2025-09-12,-0.004902747350815704,0.0
2025-09-15,0.004730991546208215,0.0
2025-09-16,-0.006567910785878265,0.0
2025-09-17,0.0015174091063962151,0.0
2025-09-18,0.008477852139193831,0.0
2025-09-19,0.003151928590429236,0.0
2025-09-22,0.002645623661670685,0.0
2025-09-23,-0.002582903836243657,0.0
2025-09-24,-0.005843557063935047,0.0
2025-09-25,-0.0063035254809911,0.0
2025-09-26,0.007842096319420979,0.0
2025-09-29,0.0031030213481836343,0.0
2025-09-30,7.045814695163888e-05,0.0
2025-10-01,-0.003646524743347923,0.3941480555069531
2025-10-02,0.002802769609970203,0.0
2025-10-03,5.303704130488559e-05,0.0
2025-10-06,0.0010029435649887319,0.0
2025-10-07,-0.00608232924880211,0.0
2025-10-08,0.002729046966187509,0.0
2025-10-09,-0.005738816084752371,0.0
2025-10-10,-0.025284808834151365,0.0
2025-10-13,0.013980135764785954,0.0
2025-10-14,0.010023022955893442,0.0
2025-10-15,0.0035750408378315665,0.0
2025-10-16,-0.013174531890108476,0.0
2025-10-17,0.002339173515346708,0.0
2025-10-20,0.008759796467869802,0.0
2025-10-21,0.004414211013812787,0.0
2025-10-22,-0.006794434386605211,0.0
2025-10-23,0.005933152908256212,0.0
2025-10-24,0.0052892448376738455,0.0
2025-10-27,0.004638248004041024,0.0
2025-10-28,-0.00897825227069348,0.0
2025-10-29,-0.003448123554937105,0.0
2025-10-30,-0.0015474109412316637,0.0
2025-10-31,0.001876030609837796,0.0
2025-11-03,-0.00025353684303508484,0.4967290095687254
2025-11-04,-0.01491118955067016,0.0
2025-11-05,0.010163704582978873,0.0
2025-11-06,-0.0072812094594773245,0.0
2025-11-07,0.007360870428081401,0.0
2025-11-10,0.011516129393727228,0.0
2025-11-11,-0.0029760708667443854,0.0
2025-11-12,0.005379344655112788,0.0
2025-11-13,-0.022872363483559352,0.0
2025-11-14,-0.0036117264257268925,0.0
2025-11-17,-0.016238062980413814,0.0
2025-11-18,-0.002609744891858363,0.0
2025-11-19,0.004571116365546449,0.0
2025-11-20,-0.021126130971796712,0.0
2025-11-21,0.016094942613004856,0.0
2025-11-24,0.013038114131006086,0.0
2025-11-25,0.013388549487313736,0.0
2025-11-26,0.009733298772791284,0.0
2025-11-28,0.006459866588348308,0.0
2025-12-01,-0.006775723854260174,0.33906277666502593
2025-12-02,0.002777487786672774,0.0
2025-12-03,0.007268634794716273,0.0
2025-12-04,0.0032932258599548065,0.0
2025-12-05,0.00446009043270711,0.0
2025-12-08,-0.0025521603177162304,0.0
2025-12-09,-4.438770837629818e-05,0.0
2025-12-10,0.014654441776313778,0.0
2025-12-11,0.0075419703120306525,0.0
2025-12-12,-0.015544039163016048,0.0
2025-12-15,0.0006870695226536181,0.0
2025-12-16,-0.004241147718534299,0.0
2025-12-17,-0.012626813701256897,0.0
2025-12-18,0.009128150864176504,0.0
2025-12-19,0.011256082155853789,0.0
2025-12-22,0.009748914656325158,0.0
2026-01-15,0.009128597933900862,0.3336081322936871
2026-01-16,-0.0020416701219559603,0.0
2026-01-20,-0.019086718448544683,0.0
2026-01-21,0.01592068422377879,0.0
2026-01-22,0.0017189377307664407,0.0
2026-01-23,-0.006494754027039332,0.0
2026-01-26,0.004286440754098573,0.0
2026-01-27,0.005626449992156667,0.0
2026-01-28,9.512438074052283e-05,0.0
2026-01-29,0.0009472215794533385,0.0
2026-01-30,-0.011868707076204662,0.0
2026-02-02,0.009385990762646346,0.2787425856083243
2026-02-03,-0.0037884645861485547,0.0
2026-02-04,-0.008248151061902097,0.0
2026-02-05,-0.011879012827875264,0.0
2026-02-06,0.029948532088062228,0.0
2026-02-09,0.007915951327712962,0.0
2026-02-10,-0.002058793365723068,0.0
2026-02-11,-0.0025657619992793994,0.0
2026-02-12,-0.021043027231376854,0.0
2026-02-13,0.012384135570629834,0.0
2026-02-17,0.0015821866706548365,0.0
2026-02-18,0.008645287444754854,0.0
2026-02-19,-0.006216762377149955,0.0
2026-02-20,0.007698966686074883,0.0
2026-02-23,-0.01997874019750253,0.0
2026-02-24,0.015012779445347096,0.0
2026-02-25,0.009897711646150468,0.0
2026-02-26,0.00294605643404903,0.0
2026-02-27,-0.009121673203671205,0.0
2026-03-02,-0.0031440664248465477,0.3572049131318682
2026-03-03,-0.01723747400647629,0.0
2026-03-04,0.0069281302432972315,0.0
2026-03-05,-0.013591081937999173,0.0
2026-03-06,-0.021256270103339754,0.0
2026-03-09,0.011904052224682885,0.0
2026-03-10,-0.0018450968835321674,0.0
2026-03-11,-0.003108089296129882,0.0
2026-03-12,-0.020804706320473557,0.0
2026-03-13,-0.0048862399579779,0.0
2026-03-16,0.01081289072668349,0.0
2026-03-17,0.0075140594354037105,0.0
2026-03-18,-0.010561917067337452,0.0
2026-03-19,0.0018580033978460608,0.0
2026-03-20,-0.017587622351370208,0.0
2026-03-23,0.014717343196799433,0.0
2026-03-24,0.005255588808442362,0.0
2026-03-25,0.006247252901820516,0.0
2026-03-26,-0.02160553807009957,0.0
2026-03-27,-0.016217720210865462,0.0
2026-03-30,-0.011156991636367755,0.0
2026-03-31,0.03463022969271373,0.0
2026-04-01,0.011637560255548962,0.5099987295708557
2026-04-02,-0.00046257659679248926,0.0
2026-04-06,0.00545529787876005,0.0
2026-04-07,-0.00047156228317520813,0.0
2026-04-08,0.03586689036949238,0.0
2026-04-09,0.005204261886243083,0.0
2026-04-10,-0.003003472606374636,0.0
2026-04-13,0.007678840592936794,0.0
2026-04-14,0.007152235127844209,0.0
2026-04-15,-0.005210010799189184,0.0
2026-04-16,0.005075072764615411,0.0
2026-04-17,0.014775359012869894,0.0
2026-04-20,0.0008926807336147409,0.0
2026-04-21,-0.006385436115247477,0.0
2026-04-22,0.0013021626449401733,0.0
2026-04-23,0.0065613242284055726,0.0
2026-04-24,0.0032904991711136247,0.0
2026-04-27,-0.0013663306053764983,0.0
2026-04-28,-0.0100522609653129,0.0
2026-04-29,0.0010438001851124734,0.0
2026-04-30,0.01909357778225554,0.0
2026-05-01,-0.002719757829246494,0.4887709762605468
2026-05-04,-0.005230150959486078,0.0
2026-05-05,0.013518489088008998,0.0
2026-05-06,0.012963417099015741,0.0
2026-05-07,-0.016917748177627874,0.0
2026-05-08,0.009879415167393324,0.00673752496945208
2026-05-11,0.004847106142631011,0.0
2026-05-12,-0.0040721358850607904,0.0
2026-05-13,0.0015077676329210373,0.0
2026-05-14,0.004901670815745567,0.0
2026-05-15,-0.014870615562812335,0.0
2026-05-18,-0.0053095925898283425,0.0
2026-05-19,-0.008831506634587203,0.0
2026-05-20,0.015952488367849536,0.0
2026-05-21,0.004869044643899775,0.0
2026-05-22,0.012106859441873402,0.0
2026-05-26,0.015314965905306758,0.0
2026-05-27,-0.0014428885221273997,0.0
2026-05-28,0.002430818304782879,0.0
2026-05-29,0.003591667759814564,0.0
2026-06-01,0.0008956040704697354,0.37846489191046595
2026-06-02,0.012461068652651161,0.0
2026-06-03,0.003966920403173859,0.0
2026-06-04,0.007228920644057304,0.0
2026-06-05,-0.025206978876926335,0.0
2026-06-08,0.006686418206916945,0.0
2026-06-09,0.0037003369028978583,0.0
2026-06-10,-0.018793736484185565,0.0
2026-06-11,0.026932436356236766,0.0
2026-06-12,0.012078343315129891,0.0
2026-06-15,0.005446267185748362,0.0
2026-06-16,-0.00543659052770207,0.0
2026-06-17,-0.0068427263095112946,0.0
2026-06-18,0.007128498565707743,0.0
2026-06-22,0.010748732819369614,0.0
2026-06-23,-0.01742515756486036,0.0
2026-06-24,8.905351159046003e-05,0.0
2026-06-25,0.014293678703965907,0.0
2026-06-26,-0.013287836085317561,0.0
2026-06-29,0.011683457242050839,0.0
2026-06-30,0.005156391321900003,0.0
