date,return,turnover
2005-01-07,9.999999999998899e-05,0.0
2005-01-10,9.999999999998899e-05,0.0
2005-01-11,9.999999999998899e-05,0.0
2005-01-12,9.999999999998899e-05,0.0
2005-01-13,9.999999999998899e-05,0.0
2005-01-14,9.999999999998899e-05,0.0
2005-01-18,9.999999999998899e-05,0.0
2005-01-19,9.999999999998899e-05,0.0
2005-01-20,9.999999999998899e-05,0.0
2005-01-21,9.999999999998899e-05,0.0
2005-01-24,9.999999999998899e-05,0.0
2005-01-25,9.999999999998899e-05,0.0
2005-01-26,9.999999999998899e-05,0.0
2005-01-27,9.999999999998899e-05,0.0
2005-01-28,9.999999999998899e-05,0.0
2005-01-31,9.999999999998899e-05,0.0
2005-02-01,-0.0009000999999999593,1.0
2005-02-02,0.0026672429316488143,0.0
2005-02-03,-0.006599384507420176,0.0
2005-02-04,0.015069141348690033,0.0
2005-02-07,0.0004968673870238654,0.0
2005-02-08,0.0037015691640885965,0.0
2005-02-09,-0.01026536400526599,0.0
2005-02-10,-0.00047618522725182875,0.0
2005-02-11,0.014180208201265514,0.0
2005-02-14,-0.0003412867302449872,0.0
2005-02-15,0.0030931343770659835,0.0
2005-02-16,-0.004962205330198751,0.0
2005-02-17,-0.011706649513139131,0.0
2005-02-18,0.0006764588264446764,0.0
2005-02-22,-0.012934424069184247,0.0
2005-02-23,0.0011567565591497735,0.0
2005-02-24,0.006412951018913036,0.0
2005-02-25,0.007004515945830693,0.0
2005-02-28,-0.005141057115700502,0.0
2005-03-01,0.012293074880654675,0.6899851530460677
2005-03-02,-0.004317820727783158,0.0
2005-03-03,-0.0009771316631974703,0.0
2005-03-04,0.004405017149573101,0.0
2005-03-07,0.007705073893907624,0.0
2005-03-08,-0.0067260198705127415,0.0
2005-03-09,-0.007296248285370105,0.0
2005-03-10,0.001990277834831692,0.0
2005-03-11,-0.0069744344097946685,0.0
2005-03-14,0.00671130606717374,0.0
2005-03-15,-0.010818876396851737,0.0
2005-03-16,-0.009612107078795673,0.0
2005-03-17,-0.0004458603127714001,0.0
2005-03-18,-0.003804089896795091,0.0
2005-03-21,-0.0021362024543994003,0.0
2005-03-22,-0.009802316560146683,0.0
2005-03-23,0.0007645760315969865,0.0
2005-03-24,-0.0012321401280994348,0.0
2005-03-28,0.00019250271365441401,0.0
2005-03-29,-0.007066861565796449,0.0
2005-03-30,0.014883950976684665,0.0
2005-03-31,-0.0004942470982869864,0.0
2005-04-01,-0.00991808461167043,0.7041338598170668
2005-04-04,0.0012198387752375027,0.0
2005-04-05,0.0035262499601130624,0.0
2005-04-06,0.003114962643632966,0.0
2005-04-07,0.007627988008127754,0.0
2005-04-08,-0.008063823573043031,0.0
2005-04-11,-0.003653296257052115,0.0
2005-04-12,0.003949832056643362,0.0
2005-04-13,-0.014042321412035621,0.0
2005-04-14,-0.0142452294117584,0.0
2005-04-15,-0.01945515753898619,0.0
2005-04-18,0.005227275596438067,0.0
2005-04-19,0.0048641382063666005,0.0
2005-04-20,-0.01179627723166526,0.0
2005-04-21,0.022963898274909078,0.0
2005-04-22,-0.012737151410095389,0.0
2005-04-25,0.007609629618978403,0.0
2005-04-26,-0.006805212553412546,0.0
2005-04-27,0.0028260885680201353,0.0
2005-04-28,-0.012341741369375058,0.0
2005-04-29,0.01162498023472007,0.0
2005-05-02,0.0020230544391133254,0.859583857795073
2005-05-03,0.002821138112982328,0.0
2005-05-04,0.016851359319721405,0.0
2005-05-05,-0.006887809611979642,0.0
2005-05-06,0.0029773554828192326,0.0
2005-05-09,0.00622455438740455,0.0
2005-05-10,-0.009593123644812365,0.0
2005-05-11,0.0006904755780979461,0.0
2005-05-12,-0.007632119893413869,0.0
2005-05-13,0.0018611559409736698,0.0
2005-05-16,0.0105468048859141,0.0
2005-05-17,0.005370560591190851,0.0
2005-05-18,0.0226998699398401,0.0
2005-05-19,0.007999881607322696,0.0
2005-05-20,0.007734871016091688,0.0
2005-05-23,0.0008014349593995201,0.0
2005-05-24,0.0007054215060674125,0.0
2005-05-25,9.461729682028186e-05,0.0
2005-05-26,0.010817388299089013,0.0
2005-05-27,0.0013552287307286972,0.0
2005-05-31,-0.005363850952263631,0.0
2005-06-01,0.005814434834450877,0.8725922915494064
2005-06-02,0.0025483731271538235,0.0
2005-06-03,-0.00758423562368871,0.0
2005-06-06,-1.0252674874292609e-05,0.0
2005-06-07,0.0013127535574444175,0.0
2005-06-08,-0.00022039550256549998,0.0
2005-06-09,0.0026237653755731357,0.0
2005-06-10,-0.0017519006451120417,0.0
2005-06-13,0.003381083381205234,0.0
2005-06-14,0.002410722381883469,0.0
2005-06-15,0.0011489544395195473,0.0
2005-06-16,0.005038447966889572,0.0
2005-06-17,0.0023428309093331445,0.0
2005-06-20,-0.0016122169399320567,0.0
2005-06-21,-0.0015723294444767257,0.0
2005-06-22,-0.0007372337778189743,0.0
2005-06-23,-0.010552035608123117,0.0
2005-06-24,-0.009986605744526391,0.0
2005-06-27,-0.005672695222625271,0.0
2005-06-28,0.012167482573706721,0.0
2005-06-29,-0.0007344292283450304,0.0
2005-06-30,-0.00628741979713804,0.0
2005-07-01,0.0013402939806197445,0.6768255495860629
2005-07-05,0.008385733669362088,0.0
2005-07-06,-0.0031302565463750126,0.0
2005-07-07,0.00021138417437162305,0.0
2005-07-08,0.017976615541596748,0.0
2005-07-11,0.010600744879864094,0.0
2005-07-12,0.00046022798910710255,0.0
2005-07-13,0.003966872476575227,0.0
2005-07-14,0.009108111051956533,0.0
2005-07-15,0.0004455677861350026,0.0
2005-07-18,-0.0031803614974928356,0.0
2005-07-19,0.008359886691567373,0.0
2005-07-20,0.010539757193276133,0.0
2005-07-21,-0.005866659155387293,0.0
2005-07-22,0.0030503376646459574,0.0
2005-07-25,-0.00550821337643872,0.0
2005-07-26,0.0031882129680128072,0.0
2005-07-27,0.003495788195677065,0.0
2005-07-28,0.0023878767701885784,0.0
2005-07-29,-0.006469159948313244,0.0
2005-08-01,-0.0033689451248090085,0.81346851078106
2005-08-02,0.00016048693386303827,0.0
2005-08-03,0.004840940237281985,0.0
2005-08-04,-0.008849883457207022,0.0
2005-08-05,-0.008894718598810093,0.0
2005-08-08,-0.0013607815238647952,0.0
2005-08-09,0.0020012217654315064,0.0
2005-08-10,-0.001932839634653368,0.0
2005-08-11,0.00984560902066552,0.0
2005-08-12,-0.007264693446484934,0.0
2005-08-15,0.005060065388957573,0.0
2005-08-16,-0.012072477122332965,0.0
2005-08-17,0.0012961385087786807,0.0
2005-08-18,-0.0023594565988435583,0.0
2005-08-19,0.0018300216223123833,0.004755981172141738
2005-08-22,0.0033327164552739586,0.0
2005-08-23,-0.0036288439289120975,0.0
2005-08-24,-0.010294163899766982,0.0
2005-08-25,0.001323215032324105,0.0
2005-08-26,0.00031947474428640555,0.0
2005-08-29,-0.0013043895442990394,0.0
2005-08-30,-0.006345607694943077,0.0
2005-08-31,0.007080542849470783,0.0
2005-09-01,-0.0030839950916242698,0.6852240693239541
2005-09-02,-0.0024531555022573896,0.0
2005-09-06,0.011026270397670006,0.0
2005-09-07,0.0066745522121977735,0.0
2005-09-08,-0.0051355497703049705,0.0
2005-09-09,0.005322916260459472,0.0
2005-09-12,0.006991403418041488,0.0
2005-09-13,-0.007705718726897756,0.0
2005-09-14,-0.005307682855628149,0.0
2005-09-15,-0.005723449236142788,0.0
2005-09-16,0.007254796563998872,0.0
2005-09-19,-0.010519046473985934,0.0
2005-09-20,-0.0108814907664718,0.0
2005-09-21,-0.013620541803286423,0.0
2005-09-22,0.004647382900483036,0.0
2005-09-23,0.005885252450925476,0.0
2005-09-26,-0.00329281875548745,0.0
2005-09-27,-0.000734792720044759,0.0
2005-09-28,-0.00022394612676674428,0.0
2005-09-29,0.008565472810453632,0.0
2005-09-30,0.006873876487695501,0.0
2005-10-03,-0.0023399512459261196,0.7045522381125531
2005-10-04,-0.007256331981905099,0.0
2005-10-05,-0.015494648536080277,0.0
2005-10-06,-0.003386603848957951,0.0
2005-10-07,-0.0008732626131422257,0.0
2005-10-10,-0.013477575783194662,0.0
2005-10-11,-0.0077947779963304376,0.0011247390052730015
2005-10-12,-0.0058907128808905395,0.0
2005-10-13,0.0049829949807341295,0.0
2005-10-14,0.0075554097073539436,0.0
2005-10-17,0.0019844333765174985,0.0
2005-10-18,-0.009175470639473937,0.0
2005-10-19,0.00813649128765565,0.0
2005-10-20,-0.01059311672857841,0.0
2005-10-21,-0.0009797177708652592,0.0
2005-10-24,0.014443037898059065,0.0
2005-10-25,-0.003086806086254361,0.0
2005-10-26,-0.00034340211233578084,0.0
2005-10-27,-0.013941102690521517,0.0
2005-10-28,0.020282435207527635,0.0
2005-10-31,0.012874912001088649,0.0
2005-11-01,-0.000773915177103679,0.916975479105552
2005-11-02,0.012978735045490013,0.0
2005-11-03,0.011182686054770755,0.0
2005-11-04,0.004526632890940015,0.0
2005-11-07,0.005660114547441181,0.0
2005-11-08,-0.00775404301843837,0.0
2005-11-09,0.003645703040215145,0.0
2005-11-10,0.007186339510317314,0.0
2005-11-11,0.0014417763613050203,0.0
2005-11-14,-0.0021356905614283595,0.0
2005-11-15,-0.007384207767507201,0.0
2005-11-16,-0.000905964990618863,0.0
2005-11-17,0.01119892941642548,0.0
2005-11-18,0.007855915664607277,0.0
2005-11-21,0.0017902210001847119,0.0
2005-11-22,0.0040053512304197856,0.0
2005-11-23,0.005209598725821157,0.0
2005-11-25,0.0012293054006348569,0.0
2005-11-28,-0.008579548890128873,0.0
2005-11-29,0.0015843038976676113,0.0
2005-11-30,0.00024920339718265784,0.0
2005-12-01,0.015215343452185115,0.9383739679773568
2005-12-02,0.0024358304233811075,0.0
2005-12-05,-0.00654770559638841,0.0
2005-12-06,-0.0002588393740439595,0.0
2005-12-07,-0.0012196497243313485,0.0
2005-12-08,-0.0017906984131591075,0.0
2005-12-09,0.006054083374078536,0.0
2005-12-12,0.0012782019218343047,0.0
2005-12-13,0.005105471856496414,0.0
2005-12-14,0.0051898965988473236,0.0
2005-12-15,-0.00226320167631957,0.0
2005-12-16,-0.00033037135022209637,0.0
2005-12-19,-0.006902122925906631,0.0
2005-12-20,-0.004450907962976062,0.0
2005-12-21,0.0044031107174893275,0.0
2005-12-22,0.0060239633424099505,0.0
2005-12-23,0.0010239940466048405,0.0
2005-12-27,-0.005548113533003645,0.0
2005-12-28,0.0006993174289218258,0.0
2005-12-29,-0.0021415178980963307,0.0
2005-12-30,-0.004376818458116438,0.017828154283265542
2006-01-03,0.010911378298602115,0.8173982330060439
2006-01-04,0.007811172131109156,0.008939103599629622
2006-01-05,0.0061243634431886575,0.0
2006-01-06,0.010354206521277907,0.0
2006-01-09,0.007595306635250367,0.0
2006-01-10,0.0005526600740494114,0.0
2006-01-11,0.002614350583338442,0.0
2006-01-12,-0.00822410312991576,0.0
2006-01-13,-0.001297898451992731,0.0
2006-01-17,-0.009390462303017013,0.0
2006-01-18,-0.0019544197007539186,0.0
2006-01-19,0.008753242365075558,0.0
2006-01-20,-0.019457058626833248,0.0
2006-01-23,0.0020720063306120216,0.0
2006-01-24,0.009608874899807593,0.0
2006-01-25,-0.0007459618083555913,0.0
2006-01-26,0.006490154664531886,0.0
2006-01-27,0.0076013262727875125,0.0
2006-01-30,0.0004476113810692812,0.0
2006-01-31,-0.006533294069512419,0.008864063755602097
2006-02-01,0.0008680200487101164,0.9521066949344776
2006-02-02,-0.006788363505944821,0.0
2006-02-03,-0.007585294523569862,0.0
2006-02-06,-0.00022086899378034774,0.0
2006-02-07,-0.002757289152815551,0.0
2006-02-08,0.008972414879281413,0.0
2006-02-09,0.0014097869730942613,0.0
2006-02-10,0.004488641809512834,0.0
2006-02-13,-0.002267112388108198,0.0
2006-02-14,0.008694269597936809,0.0
2006-02-15,0.005020566267622206,0.0
2006-02-16,0.006130694577953759,0.0
2006-02-17,0.0019971808918493746,0.0
2006-02-21,-0.005734796283487557,0.0
2006-02-22,0.008633718494539056,0.0
2006-02-23,-0.004001728098369331,0.0
2006-02-24,-0.001351543149858858,0.0
2006-02-27,0.005423206000053439,0.0
2006-02-28,-0.01131189389498432,0.0
2006-03-01,0.003838862640910712,0.8552391293426049
2006-03-02,-0.009883314166718858,0.0
2006-03-03,-0.0036692366920519914,0.005228088406886374
2006-03-06,-0.005392790636066321,0.0
2006-03-07,-0.00199902842552726,0.0
2006-03-08,0.0013830469917080139,0.0
2006-03-09,-0.0031231789238992044,0.0
2006-03-10,0.007926196010708056,0.0
2006-03-13,0.002787433875882638,0.0
2006-03-14,0.00925945255476741,0.0
2006-03-15,0.003516450947882911,0.0
2006-03-16,0.001362882670218949,0.0
2006-03-17,0.0015400039406169793,0.0
2006-03-20,-0.0007677865630510532,0.0
2006-03-21,-0.00258692084780524,0.0
2006-03-22,0.006324334673709585,0.0
2006-03-23,-0.0015870812208336057,0.0
2006-03-24,0.0015386480343199359,0.0
2006-03-27,-0.001996081834235101,0.0
2006-03-28,-0.005147709639219306,0.0
2006-03-29,0.007127068602341678,0.0
2006-03-30,-0.003277915920106446,0.0
2006-03-31,-0.00430971582829395,0.0
2006-04-03,-0.0016120596181378177,1.0561518673940928
2006-04-04,0.004947996871645748,0.0
2006-04-05,0.004704605636708655,0.0
2006-04-06,-0.002355157773678358,0.0
2006-04-07,-0.010362021453911838,0.0
2006-04-10,0.00043833065276748537,0.0
2006-04-11,-0.009737874966713009,0.0
2006-04-12,0.0006380682140180649,0.0
2006-04-13,0.001020582705867926,0.0
2006-04-17,-0.003832098459704286,0.0
2006-04-18,0.014455800736870623,0.0
2006-04-19,0.002337541670983033,0.0
2006-04-20,0.003755009113002614,0.0
2006-04-21,-0.0014370576211643494,0.0
2006-04-24,0.0008299339366941815,0.0
2006-04-25,-0.0024086326165184066,0.0
2006-04-26,0.002462664307189855,0.0
2006-04-27,0.006439400335937348,0.0
2006-04-28,-0.0013425013257770111,0.0
2006-05-01,-0.006504190407721433,1.02496149414379
2006-05-02,0.0018567538203473572,0.0
2006-05-03,-0.00150201485165718,0.0
2006-05-04,0.0028579852064531566,0.0
2006-05-05,0.008333012022179148,0.0
2006-05-08,0.002864921892528078,0.0
2006-05-09,-0.003058029742873604,0.0
2006-05-10,-0.000269995722263341,0.0
2006-05-11,-0.011678518111272225,0.0
2006-05-12,-0.006072750784255463,0.0
2006-05-15,0.00636080948010859,0.0
2006-05-16,-0.004165362297554912,0.0
2006-05-17,-0.012678972575540771,0.0
2006-05-18,-0.0030352128266640296,0.0
2006-05-19,0.003761668909620586,0.0
2006-05-22,-0.00261893291230987,0.0
2006-05-23,-0.006072495805148567,0.0
2006-05-24,0.003976546632918075,0.0
2006-05-25,0.008866432712756946,0.0
2006-05-26,0.007316253434468869,0.0
2006-05-30,-0.01261829869213789,0.0
2006-05-31,0.008931895838880419,0.0
2006-06-01,0.010879564576744771,1.175568142421769
2006-06-02,-0.001181541649013524,0.0
2006-06-05,-0.01797438972670807,0.0
2006-06-06,-0.004351001360952323,0.0
2006-06-07,-0.0013402522530852573,0.0
2006-06-08,0.0004365204092713453,0.0
2006-06-09,-0.0025552460614335125,0.0
2006-06-12,-0.014949413462759662,0.0
2006-06-13,-0.00866287565861619,0.0
2006-06-14,0.0030287577699166747,0.0
2006-06-15,0.022835683781032467,0.0
2006-06-16,-0.003835098781045031,0.0
2006-06-19,-0.005832726237480953,0.0
2006-06-20,-0.003250466179892257,0.0
2006-06-21,0.011168816550992444,0.0093253895000317
2006-06-22,-0.0054006470599560815,0.0
2006-06-23,-0.0027354874893473313,0.0
2006-06-26,0.0023699308682481536,0.0
2006-06-27,-0.014603140138509106,0.0
2006-06-28,0.003314971844581501,0.0
2006-06-29,0.021134415477589173,0.0
2006-06-30,0.00110592109409933,0.0
2006-07-03,0.0034402811709135506,0.8364252161945565
2006-07-05,-0.011045219404225015,0.0
2006-07-06,0.0007747840029053163,0.0
2006-07-07,-0.00774251654703487,0.0
2006-07-10,0.001735777728657029,0.0
2006-07-11,0.0003763981189216773,0.0
2006-07-12,-0.01084616116086723,0.009364483610095
2006-07-13,-0.011531316188143341,0.0
2006-07-14,-0.010256577207967613,0.0
2006-07-17,0.001935948059171948,0.0
2006-07-18,-0.0028333720201339924,0.0
2006-07-19,0.017498671763254006,0.0
2006-07-20,-0.011171416550032455,0.0
2006-07-21,-0.007379029201830496,0.0
2006-07-24,0.017168590041208544,0.0
2006-07-25,0.00824347702959548,0.0
2006-07-26,0.0012739352749499902,0.0
2006-07-27,-0.010040662980639721,0.0
2006-07-28,0.013394981557778402,0.0
2006-07-31,-0.005449722541757854,0.0
2006-08-01,-0.010461908394703068,0.8192646752622009
2006-08-02,0.008978755988161958,0.0
2006-08-03,0.008559354914504018,0.0
2006-08-04,0.002138705271052197,0.0
2006-08-07,-0.0018662170755732468,0.0
2006-08-08,-0.005345077539352508,0.0
2006-08-09,-0.007765229928329651,0.0
2006-08-10,0.008634807066239399,0.0
2006-08-11,0.0024552404110452495,0.0
2006-08-14,0.00216221730867479,0.0
2006-08-15,0.01529136636922238,0.0
2006-08-16,0.02028227440919612,0.0
2006-08-17,0.008815304269821383,0.0
2006-08-18,0.0003382965498001538,0.0
2006-08-21,-0.00925113433940883,0.0
2006-08-22,-0.00013665077761884604,0.0
2006-08-23,-0.005059315176193049,0.0
2006-08-24,0.0007393091277262083,0.0
2006-08-25,-0.0008608654916538064,0.0
2006-08-28,0.007356935544937035,0.0
2006-08-29,0.007506227107853053,0.0
2006-08-30,0.00473816328605972,0.0
2006-08-31,0.0030972199695064972,0.0
2006-09-01,0.006383949306685288,0.8983893265160523
2006-09-05,0.0006279729692683349,0.0
2006-09-06,-0.009391807075488935,0.0
2006-09-07,-0.005040065189183435,0.0
2006-09-08,0.007499393978476735,0.0
2006-09-11,0.0025380278454138596,0.0
2006-09-12,0.015403460679120504,0.0
2006-09-13,0.006113794340339049,0.0
2006-09-14,-0.0014024956320322591,0.0
2006-09-15,0.006316555610937913,0.0
2006-09-18,-0.0005807770122495229,0.0
2006-09-19,-0.00461536706139537,0.0
2006-09-20,0.004353322940682695,0.0
2006-09-21,-0.004077402642399343,0.0
2006-09-22,-0.004401497098059311,0.0
2006-09-25,0.009444812296467668,0.0
2006-09-26,0.003677056849385005,0.0
2006-09-27,0.0017025087018540512,0.0
2006-09-28,0.0034073342706455925,0.0
2006-09-29,-0.00452267147909613,0.009239103587155698
2006-10-02,-0.003728877283149634,0.9191755323011804
2006-10-03,-0.0034024245205514607,0.0
2006-10-04,0.013071321308508358,0.0
2006-10-05,0.005397391617797323,0.0
2006-10-06,-0.002825149250415537,0.0
2006-10-09,5.928702776247189e-05,0.0
2006-10-10,0.0025161820684840236,0.0
2006-10-11,-0.00013503661229100896,0.0
2006-10-12,0.011094840076570432,0.0
2006-10-13,0.0032247470617767994,0.0
2006-10-16,0.005398192303575653,0.0
2006-10-17,-0.004354044425735997,0.0
2006-10-18,-0.002484035193048404,0.0
2006-10-19,0.006204687700360562,0.0
2006-10-20,0.0011562712237734292,0.0
2006-10-23,0.006136679235063801,0.0
2006-10-24,0.0016545900585952338,0.0
2006-10-25,0.0038893723220791753,0.0
2006-10-26,0.0034507805627728293,0.0
2006-10-27,-0.005860606333110748,0.0
2006-10-30,-0.0009443279071538935,0.0
2006-10-31,0.0017272230432253898,0.0
2006-11-01,-0.007048816366627575,0.9951481075893073
2006-11-02,0.004624467435644642,0.0
2006-11-03,-0.0018346898249447783,0.0
2006-11-06,0.01160625513312879,0.0
2006-11-07,0.0028883736561048927,0.0
2006-11-08,-0.0030264738227300247,0.008765602301217446
2006-11-09,-0.009336471083016211,0.0
2006-11-10,0.004428266865695121,0.0
2006-11-13,0.0057862958872974355,0.0
2006-11-14,0.008353282347597853,0.0
2006-11-15,0.004254944739165647,0.0
2006-11-16,0.003919325231576412,0.0
2006-11-17,-0.003019229315688514,0.0
2006-11-20,-0.0032227123891641475,0.0
2006-11-21,-0.0012808966314477265,0.0
2006-11-22,0.0073289136141895025,0.0
2006-11-24,-0.0024846966657529057,0.008751426848532015
2006-11-27,-0.013581833080060543,0.0
2006-11-28,0.002530521319383592,0.0
2006-11-29,0.0067254800937276695,0.0
2006-11-30,0.0053367655855097,0.0
2006-12-01,-0.006240829403153292,0.9260011069021743
2006-12-04,0.012537781888597938,0.0
2006-12-05,0.005594698931734305,0.0
2006-12-06,0.00039449569961531666,0.0
2006-12-07,-0.002772080825350891,0.0
2006-12-08,0.0012983611992570742,0.0
2006-12-11,0.0017682267173697477,0.0
2006-12-12,0.0010843565766592907,0.0
2006-12-13,-7.19722289881482e-05,0.0
2006-12-14,0.007780131816105979,0.0
2006-12-15,0.0014610622038502626,0.0
2006-12-18,-0.0010995473156758554,0.0
2006-12-19,0.00954049343898012,0.0
2006-12-20,0.0008002907731304534,0.0
2006-12-21,-0.0022655519358743123,0.0
2006-12-22,-0.003740175440651114,0.0
2006-12-26,0.003544876690767446,0.0
2006-12-27,0.004789952859156066,0.0
2006-12-28,-0.0015787882825277523,0.0
2006-12-29,-0.004559172997511211,0.0
2007-01-03,0.0009733904316522324,1.04537030745114
2007-01-04,0.0051113755203997125,0.0
2007-01-05,-0.006964280103326213,0.0
2007-01-08,0.00012759168989595615,0.009112956357382053
2007-01-09,-0.00019878367926958043,0.0
2007-01-10,0.0023256266565586533,0.0
2007-01-11,0.0060079645481653345,0.0
2007-01-12,0.004878840562168251,0.0
2007-01-16,0.0003327627514168199,0.0
2007-01-17,-0.0021927084528279867,0.0
2007-01-18,-0.003737736053414675,0.0
2007-01-19,0.005618320496770095,0.0
2007-01-22,-0.004463161782040633,0.0
2007-01-23,0.005578462365510154,0.0
2007-01-24,0.0077466933422986805,0.0
2007-01-25,-0.008643940762121938,0.008639128135648098
2007-01-26,0.0003259198524935904,0.0
2007-01-29,0.00037111430907127755,0.0
2007-01-30,0.006068501510290909,0.0
2007-01-31,0.008155313532554808,0.0
2007-02-01,0.0058088120137165244,1.6128759282228469
2007-02-02,0.00317566527277023,0.0
2007-02-05,-0.00010100452690249215,0.0
2007-02-06,0.0027991687878326996,0.0
2007-02-07,0.003897557979969886,0.0
2007-02-08,-0.0012854907884537075,0.0
2007-02-09,-0.007622113185646179,0.0
2007-02-12,-0.002691941322919049,0.0
2007-02-13,0.007863749192136409,0.0
2007-02-14,0.008147970379269995,0.0
2007-02-15,0.0037433515705356246,0.009076775750663488
2007-02-16,0.00011798110586915742,0.0
2007-02-20,0.0035653903364105677,0.009598064836975409
2007-02-21,-0.002114338445613963,0.0
2007-02-22,0.0013218899003424218,0.0
2007-02-23,-0.0039041728137206573,0.0
2007-02-26,0.00028502009818032306,0.0
2007-02-27,-0.032449265085719305,0.0
2007-02-28,0.003556660771221979,0.0
2007-03-01,-0.007006219592751051,1.1867237000859763
2007-03-02,-0.013238199900919817,0.0
2007-03-05,-0.013764878818104356,0.0
2007-03-06,0.017259115003166126,0.0
2007-03-07,-0.0032061669599257403,0.0
2007-03-08,0.009475467473064639,0.0
2007-03-09,0.0031685343411324736,0.0
2007-03-12,0.002567020057002615,0.0
2007-03-13,-0.022890528657607132,0.0
2007-03-14,0.0064332025934426326,0.0
2007-03-15,0.006467112756573084,0.0
2007-03-16,-0.003339008819400005,0.0
2007-03-19,0.010720180414042477,0.0
2007-03-20,0.006415194769874175,0.0
2007-03-21,0.017974145671873873,0.0
2007-03-22,-0.0018728465865248463,0.0
2007-03-23,0.001278679414891911,0.0
2007-03-26,-0.0022825669908421798,0.0
2007-03-27,-0.006902585778483527,0.0
2007-03-28,-0.007727805611154746,0.0
2007-03-29,0.003363934077464605,0.0
2007-03-30,0.0009633444531802841,0.0
2007-04-02,-0.0002529620667587329,1.18913645288273
2007-04-03,0.010271449059086522,0.0
2007-04-04,-0.0020786469785280376,0.0
2007-04-05,0.004148542342850464,0.0
2007-04-09,-0.00019268384691196192,0.0
2007-04-10,0.0006132562537358718,0.0
2007-04-11,-0.006879548993113029,0.0
2007-04-12,0.005982336681829969,0.0
2007-04-13,0.0016668597744451455,0.0
2007-04-16,0.01265689560473395,0.0
2007-04-17,0.0040679755286834665,0.0
2007-04-18,0.004319113484644036,0.0
2007-04-19,-0.002739226538437417,0.0
2007-04-20,0.01042025788325091,0.0
2007-04-23,-0.0007831201047305737,0.0
2007-04-24,-0.00047647326617131144,0.0
2007-04-25,0.008465989871308909,0.0
2007-04-26,-0.0008822848691923755,0.0
2007-04-27,-0.002967682966892286,0.0
2007-04-30,-0.010372359582373062,0.0
2007-05-01,0.001659695928869498,1.2812003944179136
2007-05-02,0.006419806740786318,0.0
2007-05-03,0.0015572325167287823,0.0
2007-05-04,0.002518162614202644,0.0
2007-05-07,0.001553630676525238,0.0
2007-05-08,-0.0036748495855529273,0.0
2007-05-09,0.005373102223308074,0.0
2007-05-10,-0.01402263986831906,0.0
2007-05-11,0.0071206197890177,0.0
2007-05-14,-0.0030516906026839454,0.0
2007-05-15,-0.0025886123724854367,0.0
2007-05-16,0.006286504471273149,0.0
2007-05-17,-0.0023131428922175475,0.0
2007-05-18,0.0062409292660349155,0.0
2007-05-21,0.0009052251496090406,0.0
2007-05-22,-0.0006321265713536465,0.0
2007-05-23,-0.004401830760609418,0.0
2007-05-24,-0.011663669756079447,0.0
2007-05-25,0.0064101376160332485,0.0
2007-05-29,0.005808323882543485,0.0
2007-05-30,0.0095019176943384,0.0
2007-05-31,0.0013850731833519323,0.0
2007-06-01,0.003062349191051972,1.0368022461432518
2007-06-04,-0.0003910925382449494,0.0
2007-06-05,-0.006776298495412245,0.0
2007-06-06,-0.010115059116482812,0.0
2007-06-07,-0.019164922030512357,0.0
2007-06-08,0.010410472305966503,0.0
2007-06-11,-0.0003158362586495899,0.0
2007-06-12,-0.01036746033813753,0.0
2007-06-13,0.013336873506209865,0.0
2007-06-14,0.0012331085515043699,0.0
2007-06-15,0.005717161641486144,0.0
2007-06-18,-0.003607876495444566,0.0
2007-06-19,4.524904866164733e-05,0.0
2007-06-20,-0.01370945293490617,0.0
2007-06-21,0.004844723680976363,0.0
2007-06-22,-0.010504718675623144,0.0
2007-06-25,-0.00521057486892381,0.0
2007-06-26,-0.004605405457372906,0.0
2007-06-27,0.0103435147861955,0.0
2007-06-28,-0.0006811068120499649,0.0
2007-06-29,-0.0030453365657464003,0.0
2007-07-02,0.011462823523041399,0.9041294550668946
2007-07-03,0.002536212806176808,0.0
2007-07-05,-1.3092926298824761e-05,0.0
2007-07-06,0.0045238101042297165,0.0
2007-07-09,-0.0018102184510252837,0.0
2007-07-10,-0.017974439832453955,0.0
2007-07-11,0.0047065854141631,0.0
2007-07-12,0.01645938256781804,0.0
2007-07-13,0.006231419993955753,0.0
2007-07-16,-0.005321231373610481,0.0
2007-07-17,-0.0004793713660311645,0.0
2007-07-18,-0.003201779344574385,0.0
2007-07-19,0.0046931298645112255,0.0
2007-07-20,-0.01691578359594488,0.0
2007-07-23,1.7857757518741123e-06,0.0
2007-07-24,-0.023698584821806812,0.0
2007-07-25,0.002065874967259218,0.0
2007-07-26,-0.0280473797129112,0.0
2007-07-27,-0.01818291476720245,0.0
2007-07-30,0.009350163001902157,0.0
2007-07-31,-0.012409920609091962,0.0
2007-08-01,0.005924624168652803,1.1451770802302867
2007-08-02,0.00825947057901617,0.0
2007-08-03,-0.03483523084372209,0.0
2007-08-06,0.020247281989436986,0.0
2007-08-07,0.002136252914363912,0.0
2007-08-08,0.014726741076015137,0.0
2007-08-09,-0.026612007903318555,0.0
2007-08-10,0.0025826993981002493,0.0
2007-08-13,-0.0004452486224534348,0.0
2007-08-14,-0.025141983284315616,0.0
2007-08-15,-0.0182310791084246,0.0
2007-08-16,0.002752665449338072,0.0
2007-08-17,0.02686974424363843,0.0
2007-08-20,0.0013866889687798648,0.0
2007-08-21,0.0033648020718197442,0.0
2007-08-22,0.015780596111928676,0.0
2007-08-23,-0.004175379035786617,0.0
2007-08-24,0.011022855977066592,0.0
2007-08-27,-0.013384698001560828,0.0
2007-08-28,-0.02754549418162047,0.0
2007-08-29,0.02291064645641443,0.0
2007-08-30,-0.005805254139215562,0.0
2007-08-31,0.015768988746754975,0.0
2007-09-04,0.004819158742131346,1.1958742609600232
2007-09-05,-0.015214699296493328,0.009231276262675255
2007-09-06,0.0034250680843129675,0.0
2007-09-07,-0.019707428768824538,0.0
2007-09-10,-0.007191683890465468,0.0
2007-09-11,0.012393339417467713,0.0
2007-09-12,0.00016550237217022684,0.0
2007-09-13,0.007163141307726796,0.0
2007-09-14,0.0019723686349792866,0.0
2007-09-17,-0.006441806989278771,0.0
2007-09-18,0.03757202884662071,0.0
2007-09-19,0.008631594135491442,0.0
2007-09-20,-0.014774975715662502,0.0
2007-09-21,0.00191619021774441,0.0
2007-09-24,-0.010506446169905492,0.0
2007-09-25,-0.0038998393968451665,0.0
2007-09-26,0.004638957153196153,0.0
2007-09-27,0.006420818553104523,0.0
2007-09-28,-0.0030420178130197047,0.0
2007-10-01,0.016729557323609923,0.9922953146719788
2007-10-02,0.00701628843126989,0.009027487566265684
2007-10-03,0.0020523250254990385,0.0
2007-10-04,-0.0025118701899837365,0.0
2007-10-05,0.0175436159356916,0.0
2007-10-08,-0.006433162701355956,0.0
2007-10-09,0.006839082650509618,0.0
2007-10-10,-0.0016815584851350275,0.0
2007-10-11,-0.006989595119644819,0.0
2007-10-12,-1.6953266061283213e-06,0.0
2007-10-15,-0.01124485200027947,0.0
2007-10-16,-0.010986209105328128,0.0
2007-10-17,-0.0019837517303384913,0.0
2007-10-18,-0.005802837975647046,0.0
2007-10-19,-0.023587744183743622,0.0
2007-10-22,0.009232217178936273,0.0
2007-10-23,0.003960342246741692,0.0
2007-10-24,-0.004134966796453997,0.0
2007-10-25,-0.004552176731350057,0.0
2007-10-26,0.012590174988677587,0.0
2007-10-29,0.00010517927085307299,0.009369539916164793
2007-10-30,-0.00230182221393269,0.0
2007-10-31,0.007845794286715353,0.0
2007-11-01,-0.02962467296830007,1.2170504099571398
2007-11-02,-0.0009409810035917621,0.0
2007-11-05,-0.007926376197769992,0.0
2007-11-06,0.012211523774238493,0.0
2007-11-07,-0.032094033070623196,0.0
2007-11-08,0.0022247163181122777,0.0
2007-11-09,-0.007477771299408145,0.0
2007-11-12,-0.00757655652818756,0.0
2007-11-13,0.029642423446786192,0.0
2007-11-14,-0.010109423260279379,0.0
2007-11-15,-0.018855405276743578,0.0
2007-11-16,-0.00040264008128025055,0.0
2007-11-19,-0.01877533555658507,0.0
2007-11-20,-0.0019257008963432063,0.0
2007-11-21,-0.011976037197167156,0.0
2007-11-23,0.020507190364833235,0.0
2007-11-26,-0.02462210792316922,0.0
2007-11-27,0.013488987971415324,0.0
2007-11-28,0.03245502292242654,0.0
2007-11-29,-0.001745187194550808,0.0
2007-11-30,0.012078408669741462,0.0
2007-12-03,-0.007858151394824486,1.3397560160397881
2007-12-04,-0.00718387644715077,0.0
2007-12-05,0.016596319493057204,0.0
2007-12-06,0.024996886544286757,0.0
2007-12-07,-0.0015852997245857105,0.0
2007-12-10,0.008596864005190136,0.0
2007-12-11,-0.03404008111061263,0.0
2007-12-12,0.005199924668165851,0.0
2007-12-13,-0.0035319011237868736,0.009026558565871519
2007-12-14,-0.01856474830223934,0.0
2007-12-17,-0.019167683307657772,0.0
2007-12-18,0.006956354177167433,0.0
2007-12-19,-0.0022473332163778785,0.0
2007-12-20,0.004856856361335987,0.0
2007-12-21,0.013295888104118738,0.0
2007-12-24,0.009854509728757673,0.0
2007-12-26,0.0006696357696201621,0.0
2007-12-27,-0.014481967906321728,0.0
2007-12-28,-0.0017767074223394312,0.0
2007-12-31,-0.00440596723495886,0.0
2008-01-02,-0.015655626814980672,1.1751882902983897
2008-01-03,-0.008453526956463779,0.0
2008-01-04,-0.030626456959973566,0.0
2008-01-07,0.001028796373968463,0.0
2008-01-08,-0.024514154933542136,0.0
2008-01-09,0.007650232795060389,0.0
2008-01-10,0.017843746278025756,0.0
2008-01-11,-0.009522016216221783,0.0
2008-01-14,0.005344688845462887,0.0
2008-01-15,-0.02538961783191484,0.0
2008-01-16,0.007961739382186087,0.0
2008-01-17,-0.02884988951612818,0.0
2008-01-18,0.0006017319384193759,0.0
2008-01-22,0.001280189476981485,0.0
2008-01-23,0.035057528649195285,0.0
2008-01-24,0.010260256267316744,0.0
2008-01-25,-0.012095717444399776,0.0
2008-01-28,0.020464758807271156,0.0
2008-01-29,0.014770456665198741,0.0
2008-01-30,-0.005845793181532087,0.0
2008-01-31,0.025977408985788097,0.0
2008-02-01,0.023861964411169057,1.3760905914952617
2008-02-04,-0.011228250173566195,0.0
2008-02-05,-0.03898097805930507,0.0
2008-02-06,-0.011543473387356087,0.0
2008-02-07,0.0106853829760542,0.0
2008-02-08,-0.0006073553143960098,0.0
2008-02-11,0.012130286801598838,0.0
2008-02-12,0.0035332652690127074,0.0
2008-02-13,0.022629721736282596,0.0
2008-02-14,-0.015178656450500469,0.0
2008-02-15,-0.003660089596387361,0.0
2008-02-19,0.00346554539527833,0.0
2008-02-20,0.011927192889202456,0.0
2008-02-21,-0.013695827725283539,0.0
2008-02-22,0.00926445744996934,0.0
2008-02-25,0.018715526163153418,0.0
2008-02-26,0.010180166783448876,0.0
2008-02-27,-0.002139584952728345,0.0
2008-02-28,-0.011068792371129458,0.0
2008-02-29,-0.032491749214024424,0.0
2008-03-03,-0.002048123793289891,1.1582221151688565
2008-03-04,-0.0028029980051025986,0.0
2008-03-05,0.004942505671238271,0.0
2008-03-06,-0.03640104257640762,0.0
2008-03-07,-0.004410248636282411,0.0
2008-03-10,-0.023787005017704185,0.0
2008-03-11,0.057230351008044626,0.0
2008-03-12,-0.017296370849866186,0.0
2008-03-13,0.013980025865454953,0.0
2008-03-14,-0.029873609546806422,0.0
2008-03-17,-0.0236819611135113,0.0
2008-03-18,0.06035580234810495,0.0
2008-03-19,-0.024153130606271556,0.008957706555678643
2008-03-20,0.04126541705589127,0.0
2008-03-24,0.02774670756360993,0.0
2008-03-25,0.0007898606677059756,0.0
2008-03-26,-0.02579164534067005,0.0
2008-03-27,-0.020741628529170712,0.0
2008-03-28,-0.02054201912835094,0.0
2008-03-31,0.010480054698611234,0.0
2008-04-01,0.05864425184575217,0.7881490254250098
2008-04-02,0.002244096740224101,0.0
2008-04-03,0.007361098124279488,0.0
2008-04-04,-0.0037551175526920515,0.0
2008-04-07,0.0037703314176180235,0.0
2008-04-08,-0.009172526853995444,0.0
2008-04-09,-0.020201358391792667,0.0
2008-04-10,0.004483590900619866,0.0
2008-04-11,-0.02378226873513625,0.0
2008-04-14,-0.012093313071379376,0.0
2008-04-15,0.006058318492112845,0.0
2008-04-16,0.02668201855253818,0.0
2008-04-17,0.009458208177375336,0.0
2008-04-18,0.022629160096136948,0.0
2008-04-21,-0.002071646260190063,0.0
2008-04-22,-0.018584557934528997,0.0
2008-04-23,-0.004644682440948039,0.0
2008-04-24,0.020639559726429054,0.0
2008-04-25,0.017867191682386808,0.0
2008-04-28,0.0012835337648289464,0.0
2008-04-29,-0.003589364496227744,0.0
2008-04-30,-0.00942220148137091,0.0
2008-05-01,0.026513316087148908,0.9938329062756724
2008-05-02,0.004122223648875279,0.0
2008-05-05,-0.009494525101784035,0.0
2008-05-06,0.013137008053839874,0.0
2008-05-07,-0.02139796388562598,0.0
2008-05-08,-0.003943921220502698,0.0
2008-05-09,-0.007353908424391501,0.0
2008-05-12,0.016051685453380187,0.0
2008-05-13,-0.0013621534305971554,0.0
2008-05-14,0.008040899773806532,0.0
2008-05-15,0.016782279572752547,0.0
2008-05-16,-0.003618852446392163,0.0
2008-05-19,-0.0036096671906969448,0.0
2008-05-20,-0.01188878817821505,0.0
2008-05-21,-0.02118961097489243,0.0
2008-05-22,0.0037001984811913325,0.0
2008-05-23,-0.015391193922910511,0.0
2008-05-27,0.00824351730716174,0.0
2008-05-28,0.004051124782684397,0.0
2008-05-29,0.008574814351995193,0.0
2008-05-30,9.571369108895631e-05,0.0
2008-06-02,-0.01697601858767983,1.062179066483939
2008-06-03,-0.002896822287650749,0.0
2008-06-04,-0.0027689863528661193,0.0
2008-06-05,0.019053705268468436,0.0
2008-06-06,-0.04230935994098979,0.0
2008-06-09,-0.013248158017735712,0.0
2008-06-10,0.000655736944560408,0.0
2008-06-11,-0.029983245772368515,0.0
2008-06-12,0.008538424433303963,0.0
2008-06-13,0.02061150701417927,0.0
2008-06-16,0.007439049233850045,0.0
2008-06-17,-0.01857622225744475,0.0
2008-06-18,-0.014791141978344118,0.0
2008-06-19,0.00569139807612995,0.00849154910266856
2008-06-20,-0.022393386398394433,0.0
2008-06-23,-0.018524170440614832,0.0
2008-06-24,0.0032571418122242135,0.0
2008-06-25,0.008151387512351399,0.0
2008-06-26,-0.037383899887133636,0.0
2008-06-27,-0.0069152667921139254,0.0
2008-06-30,-0.012698815781993292,0.0
2008-07-01,0.004357161992398995,0.9244455474335411
2008-07-02,-0.02525422711356221,0.0
2008-07-03,-0.008394865271238807,0.0
2008-07-07,-0.016244659542878438,0.0
2008-07-08,0.04185659368741734,0.0
2008-07-09,-0.04469474211279305,0.0
2008-07-10,-0.014391473805484674,0.0
2008-07-11,-0.024894795104520986,0.0
2008-07-14,-0.031130487425544938,0.0
2008-07-15,-0.007421323197476334,0.0
2008-07-16,0.07045631723671916,0.0
2008-07-17,0.0528689200930902,0.0
2008-07-18,0.0006569359729407922,0.0
2008-07-21,-0.003925809337400003,0.0
2008-07-22,0.03917360915403467,0.0
2008-07-23,0.01751566035739727,0.0
2008-07-24,-0.0607917946105482,0.0
2008-07-25,0.0009389627157538771,0.0
2008-07-28,-0.034612540904539406,0.0
2008-07-29,0.05150379258579737,0.0
2008-07-30,0.008586785578503566,0.0
2008-07-31,-0.007055578608668708,0.0
2008-08-01,0.0036905668300462047,1.0690633496138537
2008-08-04,-0.021199866575118884,0.0
2008-08-05,0.0375028588729983,0.0
2008-08-06,0.0091736445142119,0.0
2008-08-07,-0.026670371561838137,0.0
2008-08-08,0.024248052285945475,0.0
2008-08-11,0.013549542022650803,0.0
2008-08-12,-0.022323428708432347,0.0
2008-08-13,-0.0021363163418568355,0.0
2008-08-14,0.016485055660864684,0.0
2008-08-15,0.003961553578648466,0.0
2008-08-18,-0.026498032519183284,0.0
2008-08-19,-0.01467870534631699,0.009214736910820783
2008-08-20,0.006703407103469107,0.0
2008-08-21,0.000729199505444505,0.0
2008-08-22,0.010828655631416315,0.0
2008-08-25,-0.023893557107516318,0.0
2008-08-26,0.005880297593711337,0.008921388210771925
2008-08-27,0.017352809013360067,0.0
2008-08-28,0.02327663137098429,0.0
2008-08-29,-0.00877680899675019,0.0
2008-09-02,-0.0049906569563179515,0.9016009418004278
2008-09-03,0.00311319839913007,0.0
2008-09-04,-0.040172375593063483,0.0
2008-09-05,0.017687627759988764,0.0
2008-09-08,0.007454854931779289,0.0
2008-09-09,-0.052836214930529035,0.0025378432747284723
2008-09-10,0.00508133667481046,0.0
2008-09-11,0.01484583876706793,0.0
2008-09-12,0.01053110149906257,0.0
2008-09-15,-0.0663071897713579,0.0
2008-09-16,0.027561202597405274,0.0
2008-09-17,-0.059332602657302766,0.0
2008-09-18,0.07259782424439783,0.0
2008-09-19,0.0761782036219732,0.0
2008-09-22,-0.06009196676651559,0.0
2008-09-23,-0.023609142301912914,0.0
2008-09-24,-0.007678118707093418,0.0
2008-09-25,0.017231213006507307,0.0
2008-09-26,-0.0008411471680557465,0.0
2008-09-29,-0.12687148206703802,0.0004115779848501405
2008-09-30,0.08196730821612175,0.0
2008-10-01,0.0008274693948435718,1.061098132259484
2008-10-02,-0.07233565135295149,0.0
2008-10-03,-0.01450199146179705,0.0
2008-10-06,-0.046040472619206074,0.0
2008-10-07,-0.07851182383639405,0.0
2008-10-08,-0.008001015541568172,0.0
2008-10-09,-0.10424108509578689,0.0
2008-10-10,0.0007472562317916735,0.0
2008-10-13,0.1448129348688396,0.0
2008-10-14,0.01115184460827072,0.0
2008-10-15,-0.12330551150839159,0.0
2008-10-16,0.04467222943980245,0.0
2008-10-17,0.005666824055256647,0.0061743796402401055
2008-10-20,0.052103169865419734,0.0
2008-10-21,-0.04001780717665466,0.0
2008-10-22,-0.07697600417785891,0.0
2008-10-23,-0.019046312680302428,0.0
2008-10-24,-0.042415774306945084,0.0
2008-10-27,-0.043844533588675724,0.0
2008-10-28,0.12332869140309828,0.0
2008-10-29,0.011608832110229672,0.003057100885145027
2008-10-30,0.04649655818336073,0.0
2008-10-31,0.02013702730944906,0.0
2008-11-03,-0.012175677865392531,1.2154303919587766
2008-11-04,0.06489720027474385,0.0
2008-11-05,-0.07480578709582794,0.0
2008-11-06,-0.06931077932264529,0.009755340608114327
2008-11-07,0.024313031624314665,0.0
2008-11-10,-0.044589467072432165,0.006220503885677243
2008-11-11,-0.04544036943699932,0.0
2008-11-12,-0.08283133241946453,0.0
2008-11-13,0.09016371012577452,0.0
2008-11-14,-0.06213207066278184,0.0
2008-11-17,-0.04473369576324903,0.0
2008-11-18,-0.00589908886112302,0.0
2008-11-19,-0.10080923563864388,0.0
2008-11-20,-0.09929477287982102,0.0
2008-11-21,0.06620616552359085,0.0
2008-11-24,0.1363675477843752,0.0
2008-11-25,0.031174027257555807,0.0
2008-11-26,0.06642537012293956,0.0
2008-11-28,0.014008380223396453,0.0
2008-12-01,-0.1287596367613647,0.9133296038651728
2008-12-02,0.06570943493916562,0.0
2008-12-03,0.04371902230592478,0.0
2008-12-04,-0.025947239165742528,0.0
2008-12-05,0.07470688191706447,0.0
2008-12-08,0.06264770089414448,0.0
2008-12-09,-0.031759723797899514,0.0
2008-12-10,0.02481640892239989,0.0
2008-12-11,-0.06389687981723781,0.0
2008-12-12,0.02341070000166,0.0
2008-12-15,-0.030417173800462785,0.0
2008-12-16,0.09410211936082799,0.0
2008-12-17,0.0026040908891351187,0.0
2008-12-18,-0.034171168952124534,0.0
2008-12-19,0.019361989965787717,0.0
2008-12-22,-0.04730466463762213,0.0
2008-12-23,-0.01561892442272662,0.0
2008-12-24,0.005160639407986126,0.0
2008-12-26,0.012090735313066907,0.0
2008-12-29,-0.017834286088152417,0.0
2008-12-30,0.04319257013718625,0.007961968551545136
2008-12-31,0.03271099355892421,0.0
2009-01-02,0.04516967534005145,1.269717205700866
2009-01-05,0.014268159999463107,0.0
2009-01-06,0.04041756567477614,0.0
2009-01-07,-0.03902250336536575,0.0
2009-01-08,0.012320630998260071,0.0
2009-01-09,-0.030088184341265735,0.0
2009-01-12,-0.044971150494023795,0.0
2009-01-13,0.004559169558520539,0.0
2009-01-14,-0.05065680572197007,0.0
2009-01-15,-0.004666686928070577,0.0
2009-01-16,0.010456713983132141,0.0
2009-01-20,-0.08388922563927986,0.0
2009-01-21,0.06684088076422424,0.0
2009-01-22,-0.03576693907407871,0.0
2009-01-23,0.022217736624591228,0.0
2009-01-26,-0.00044563522761437613,0.0
2009-01-27,0.01699626233668114,0.0
2009-01-28,0.059336747796325764,0.0
2009-01-29,-0.05651729489673145,0.0
2009-01-30,-0.03700429446231889,0.0
2009-02-02,-0.01023400629333937,1.3612665351262963
2009-02-03,0.015164084369496704,0.0
2009-02-04,-0.011183689168639089,0.0
2009-02-05,0.013935548074893002,0.0
2009-02-06,0.033846754214793134,0.0
2009-02-09,0.004120602838341937,0.0
2009-02-10,-0.06576147337624308,0.0
2009-02-11,0.015329807614975132,0.0
2009-02-12,0.0015987702992662552,0.0
2009-02-13,-0.02066403671865194,0.0
2009-02-17,-0.058278751615654434,0.0
2009-02-18,-0.0027870956388658494,0.0
2009-02-19,-0.028420630693705547,0.0
2009-02-20,-0.002028130029117912,0.0
2009-02-23,-0.04135749177524599,0.0
2009-02-24,0.06296455565982939,0.0
2009-02-25,-0.019102730476552324,0.0
2009-02-26,-0.01866434336841495,0.0
2009-02-27,-0.025284228172594153,0.0
2009-03-02,-0.05269946959550831,0.7479855474512185
2009-03-03,-0.011341494745597092,0.0089509959836869
2009-03-04,0.02349791706998435,0.0
2009-03-05,-0.05358219187161499,0.0
2009-03-06,-0.0041141403097898505,0.0
2009-03-09,0.002364113705081137,0.0
2009-03-10,0.0978759043509903,0.0
2009-03-11,0.004120435211160107,0.0
2009-03-12,0.06119000953008418,0.0
2009-03-13,0.00541484233875184,0.0
2009-03-16,-0.018319110669495736,0.0
2009-03-17,0.04539067253518063,0.0
2009-03-18,0.05228032249884045,0.0
2009-03-19,-0.039454426175004734,0.0
2009-03-20,-0.035061902182660226,0.0
2009-03-23,0.09969270057137804,0.0
2009-03-24,-0.03139223741030312,0.0
2009-03-25,0.01783627149522911,0.0
2009-03-26,0.023003722745232498,0.0
2009-03-27,-0.021293400686038303,0.0
2009-03-30,-0.05299160350112972,0.0
2009-03-31,0.031561707186154725,0.0
2009-04-01,0.01327636716667735,0.6301286825074337
2009-04-02,0.041384578496975966,0.008497804272354963
2009-04-03,0.027049637431794418,0.0
2009-04-06,-0.01610510561695143,0.0
2009-04-07,-0.03624412631788296,0.0
2009-04-08,0.01794372418742415,0.0
2009-04-09,0.09398596441095486,0.0
2009-04-13,0.02358528800315552,0.0
2009-04-14,-0.0461787466820953,0.0
2009-04-15,0.03801716272005494,0.0
2009-04-16,0.024123845602845986,0.0
2009-04-17,0.01952111430489297,0.0
2009-04-20,-0.08627024959416515,0.0
2009-04-21,0.05124668271275003,0.0
2009-04-22,-0.012995320857448218,0.0
2009-04-23,0.018548884991468492,0.0
2009-04-24,0.024679993443034752,0.0
2009-04-27,-0.02925731971079898,0.0
2009-04-28,-0.006084073831889615,0.0
2009-04-29,0.028657225843522788,0.0
2009-04-30,-0.003967485568778211,0.0
2009-05-01,-0.007386107762972216,0.5551855589352388
2009-05-04,0.0669965410302045,0.0
2009-05-05,-0.0009934900928154908,0.0
2009-05-06,0.04025467297323353,0.0
2009-05-07,-0.02791431225492833,0.0
2009-05-08,0.06442930931923749,0.0
2009-05-11,-0.042239380360791626,0.0
2009-05-12,-0.021380229256877943,0.0
2009-05-13,-0.0572638025764879,0.0
2009-05-14,0.032745416338800105,0.0
2009-05-15,-0.019945883178085516,0.0
2009-05-18,0.060613390454953155,0.0
2009-05-19,-0.004473962676436067,0.0
2009-05-20,-0.017748746145961274,0.0
2009-05-21,-0.013800568429406718,0.0
2009-05-22,-0.00867716898337248,0.0
2009-05-26,0.040053250987237554,0.0
2009-05-27,-0.02752620327388245,0.0
2009-05-28,0.016792651616260347,0.0
2009-05-29,0.02562224702336203,0.0
2009-06-01,0.030833315400643047,0.5066172347246511
2009-06-02,-0.002583172488545818,0.0
2009-06-03,-0.021672111317834766,0.0
2009-06-04,0.022432653227932958,0.0
2009-06-05,-0.007482138834063113,0.0
2009-06-08,0.0028770503363517792,0.0
2009-06-09,0.00702693410426735,0.0
2009-06-10,-0.010720828068483332,0.0
2009-06-11,-0.0006664918812120434,0.0
2009-06-12,0.0009459753777566484,0.0
2009-06-15,-0.02884914979633571,0.0
2009-06-16,-0.020515648006126465,0.0
2009-06-17,-0.012253976311557686,0.0
2009-06-18,0.01122199866078515,0.0
2009-06-19,0.010586444172113758,0.0
2009-06-22,-0.04967457516342143,0.0
2009-06-23,0.005546523801131904,0.0
2009-06-24,0.013307793529629106,0.0
2009-06-25,0.027174392073882586,0.0
2009-06-26,-0.0018310981661326814,0.0
2009-06-29,0.012764831082949665,0.0
2009-06-30,-0.008176153610347753,0.0
2009-07-01,0.0005162715393014494,0.5387233759041078
2009-07-02,-0.03771667100895295,0.0
2009-07-06,0.0025019981698856395,0.0
2009-07-07,-0.02410948128875748,0.0
2009-07-08,-0.0069541533551908214,0.0
2009-07-09,0.011563432908633256,0.0
2009-07-10,-0.007598744704251998,0.0
2009-07-13,0.03185563501904255,0.0
2009-07-14,0.009682110050968336,0.0
2009-07-15,0.03423333226727457,0.0
2009-07-16,0.002800704020170686,0.0
2009-07-17,-0.00324519576816297,0.0
2009-07-20,0.019660996304833533,0.0027955031256043103
2009-07-21,-0.0076502144729735785,0.0
2009-07-22,0.006414419543227266,0.0
2009-07-23,0.029971100312841788,0.0
2009-07-24,0.0024529209567500042,0.0
2009-07-27,0.01089170034115947,0.0
2009-07-28,-0.0012479428780984604,0.0
2009-07-29,-0.009358767211956122,0.0
2009-07-30,0.02374112355954125,0.0
2009-07-31,0.0039053868871474066,0.0
2009-08-03,0.020516575877990162,0.6321529459098425
2009-08-04,0.010173311875573226,0.0
2009-08-05,0.0026320682688674877,0.0
2009-08-06,-0.0071622178913133255,0.0
2009-08-07,0.03280635671489572,0.0
2009-08-10,-0.009940156337913064,0.0
2009-08-11,-0.017796931314345198,0.0
2009-08-12,0.01868659768870722,0.0
2009-08-13,0.011913724056736814,0.0
2009-08-14,-0.017249617651288164,0.0
2009-08-17,-0.036399942700055685,0.0
2009-08-18,0.019277967399383533,0.0
2009-08-19,0.0046521137193073145,0.0
2009-08-20,0.016129516372384224,0.0
2009-08-21,0.023239805706385952,0.0
2009-08-24,-0.00859743831540295,0.0
2009-08-25,0.01074360539299802,0.0
2009-08-26,0.0001675576036308065,0.0
2009-08-27,0.007625343682319237,0.0
2009-08-28,0.004956268824922689,0.0
2009-08-31,-0.012329252994592279,0.0
2009-09-01,-0.039299957525689155,0.5154347133487948
2009-09-02,-0.009389440711226155,0.0
2009-09-03,0.016249906409186984,0.0
2009-09-04,0.01643857441832277,0.0
2009-09-08,0.012370481934720668,0.0
2009-09-09,0.019322614273661304,0.0
2009-09-10,0.017611603375701928,0.0
2009-09-11,-0.003332500628704826,0.0
2009-09-14,0.010057412283320698,0.0
2009-09-15,0.013474511727172948,0.0
2009-09-16,0.026459710519764208,0.0
2009-09-17,-0.012038119292910422,0.0
2009-09-18,0.0014600438796381152,0.0
2009-09-21,-0.003378381279426067,0.0
2009-09-22,0.013926796811703262,0.0
2009-09-23,-0.018399037220752083,0.0
2009-09-24,-0.021516557485482396,0.0
2009-09-25,-0.010357794254060491,0.0
2009-09-28,0.027122219429693895,0.0
2009-09-29,0.0014324441597995748,0.0
2009-09-30,-0.0029713499189777206,0.0
2009-10-01,-0.0416904540730938,0.6157055618353429
2009-10-02,-0.009551373032570972,0.0
2009-10-05,0.02601953231038058,0.0
2009-10-06,0.0170986888548466,0.0
2009-10-07,0.003728365806189823,0.0
2009-10-08,0.01528015991199891,0.0
2009-10-09,0.005533614161358686,0.0
2009-10-12,0.002945938593239293,0.0
2009-10-13,-0.0019618655619909582,0.0
2009-10-14,0.024236566544367295,0.0
2009-10-15,0.0009717363343982671,0.0
2009-10-16,-0.015733415343510276,0.0
2009-10-19,0.015502821071835324,0.0
2009-10-20,-0.008414356040097088,0.0
2009-10-21,-0.012172846885000258,0.0
2009-10-22,0.015127686677246297,0.0
2009-10-23,-0.01944826138372121,0.0
2009-10-26,-0.016650994072710396,0.0
2009-10-27,-0.016875188242827986,0.0
2009-10-28,-0.041637499668335146,0.0
2009-10-29,0.03752714791265895,0.0
2009-10-30,-0.036648751887761295,0.0
2009-11-02,0.006191669411028444,0.658123363415537
2009-11-03,0.014830148670065043,0.0
2009-11-04,-0.004970227973733338,0.0
2009-11-05,0.026279179226478214,0.0
2009-11-06,0.001514380371206183,0.0
2009-11-09,0.035775070163785186,0.0
2009-11-10,-0.008188964295616172,0.0
2009-11-11,0.008720025767397803,0.0
2009-11-12,-0.01710309130901233,0.0
2009-11-13,0.010622017829086786,0.0
2009-11-16,0.02320914820096602,0.0
2009-11-17,-0.0011758637450210488,0.0
2009-11-18,-0.0019016296166627093,0.0
2009-11-19,-0.024441598034592858,0.0
2009-11-20,-0.0106639004113695,0.0
2009-11-23,0.012382182283044984,0.0
2009-11-24,-0.0033323008865445147,0.0
2009-11-25,0.012317817694984185,0.0
2009-11-27,-0.027764752853260074,0.0
2009-11-30,0.004131755695903459,0.0
2009-12-01,0.01522663857946327,0.40503314660650175
2009-12-02,0.006651480921071876,0.0
2009-12-03,-0.015031566047329654,0.0
2009-12-04,0.015306654500338836,0.0
2009-12-07,-0.0019735887683057004,0.0
2009-12-08,-0.008045885039712306,0.0
2009-12-09,0.0045993210928533135,0.0
2009-12-10,0.005465614156118821,0.0
2009-12-11,0.006608259529067179,0.0
2009-12-14,0.01686123069879635,0.0
2009-12-15,-0.007779502329327196,0.0
2009-12-16,0.0118026267663318,0.0
2009-12-17,-0.014506282913470463,0.0
2009-12-18,0.005980272379930707,0.023051556856745863
2009-12-21,0.016405634974695847,0.0
2009-12-22,0.01062148716115641,0.0
2009-12-23,0.010065355296263626,0.0
2009-12-24,0.006600511867547496,0.0
2009-12-28,-0.0038453825724741883,0.0
2009-12-29,-0.004903599241892694,0.0
2009-12-30,-0.0006829222450697724,0.0
2009-12-31,-0.011312741268326775,0.0
2010-01-04,0.019840342491328933,0.32545756738899323
2010-01-05,0.013049674023307476,0.0
2010-01-06,0.006357280498072157,0.0
2010-01-07,0.009158484142060542,0.0
2010-01-08,0.005198154175041086,0.0
2010-01-11,-0.0006806541853443344,0.0
2010-01-12,-0.01965052976643493,0.0
2010-01-13,0.012368626947326718,0.0
2010-01-14,0.00013197765788516136,0.0
2010-01-15,-0.0153156273130431,0.0
2010-01-19,0.014707166660005468,0.0
2010-01-20,-0.01522396434247602,0.0
2010-01-21,-0.026752370455032957,0.0
2010-01-22,-0.031255064861930304,0.0
2010-01-25,0.006136401698082816,0.0
2010-01-26,-0.003782815457478147,0.0
2010-01-27,0.00572846354068977,0.0
2010-01-28,-0.016315255208498722,0.0
2010-01-29,-0.015256496015383349,0.0
2010-02-01,0.022536047890669764,1.355005655221274
2010-02-02,0.015540602471380546,0.0
2010-02-03,-0.005357793578751729,0.0
2010-02-04,-0.032561109385802936,0.0
2010-02-05,-0.0013647342837836381,0.0
2010-02-08,-0.004512248352042597,0.0
2010-02-09,0.01469313045601502,0.0
2010-02-10,-0.0032799527240818848,0.0
2010-02-11,0.009067213935083362,0.008486184741342757
2010-02-12,-0.0020405397671993597,0.0
2010-02-16,0.017893073465461116,0.0
2010-02-17,0.006072277051386474,0.0
2010-02-18,0.0065936598728689455,0.0
2010-02-19,0.0015629940521915192,0.0
2010-02-22,-0.0015753934326630664,0.0
2010-02-23,-0.010511754358778014,0.0
2010-02-24,0.007700675566409423,0.0
2010-02-25,-0.0009487987897309395,0.0
2010-02-26,0.0019388290077598023,0.0
2010-03-01,0.014235357134215976,0.8837925394319179
2010-03-02,0.0053657837490037,0.0
2010-03-03,0.0005917216920122133,0.0
2010-03-04,0.003586496643784477,0.0
2010-03-05,0.014157016045072229,0.0
2010-03-08,-0.0004998303568213497,0.0
2010-03-09,0.0019403934740812355,0.0
2010-03-10,0.003831342370716916,0.0
2010-03-11,0.0029786899727880524,0.0
2010-03-12,0.0008727784002497962,0.008101666641231322
2010-03-15,0.000657723266307497,0.0
2010-03-16,0.007310640017134473,0.0
2010-03-17,0.007043613359418898,0.0
2010-03-18,-0.00015127716708167793,0.0
2010-03-19,-0.005695424905817293,0.0
2010-03-22,0.007349265749554197,0.0
2010-03-23,0.006312814342790434,0.0
2010-03-24,-0.006999837130421324,0.0
2010-03-25,-0.0036235500937594374,0.0
2010-03-26,0.0011127886906000825,0.0
2010-03-29,0.006308199144552408,0.0
2010-03-30,0.0019386583292909237,0.0
2010-03-31,-0.006536120462329205,0.0
2010-04-01,0.007765261195050499,0.8246628685783035
2010-04-05,0.01099256829998464,0.0
2010-04-06,0.003559344531075188,0.0
2010-04-07,-0.005725147137572967,0.0
2010-04-08,0.0027871171735567306,0.0
2010-04-09,0.007749098650801782,0.0
2010-04-12,0.0010788378746664452,0.0
2010-04-13,0.005000197323753388,0.0
2010-04-14,0.010223210187433078,0.0
2010-04-15,-0.00011078031794123556,0.0
2010-04-16,-0.013713348261684657,0.0
2010-04-19,0.0028850106493865423,0.0
2010-04-20,0.011643571633349377,0.0
2010-04-21,0.0025061574517930407,0.0
2010-04-22,0.009480358627035978,0.0
2010-04-23,0.0077266491866194815,0.0
2010-04-26,-0.001108254040391253,0.0
2010-04-27,-0.023157851292430927,0.0
2010-04-28,0.004041447549336073,0.0
2010-04-29,0.01556656936735077,0.0
2010-04-30,-0.017303519672587787,0.0
2010-05-03,0.017009466054666023,0.8787285948129092
2010-05-04,-0.023963434150494636,0.0
2010-05-05,-0.004556906394164983,0.0
2010-05-06,-0.03333922411232669,0.0
2010-05-07,-0.019072073482580297,0.0
2010-05-10,0.04967236166548564,0.0
2010-05-11,-0.0014692821221275604,0.0
2010-05-12,0.017348060751244163,0.0
2010-05-13,-0.012390472072340283,0.0
2010-05-14,-0.022209836349987883,0.0
2010-05-17,0.004217523441795085,0.0
2010-05-18,-0.014234437937044197,0.0
2010-05-19,-0.007264333391485579,0.0
2010-05-20,-0.040415787005900976,0.0
2010-05-21,0.017541406199707857,0.0
2010-05-24,-0.011292868671167508,0.0
2010-05-25,-0.0008982738993383388,0.0
2010-05-26,-0.0012725321658856887,0.0
2010-05-27,0.03302005909964089,0.0
2010-05-28,-0.012384443198047435,0.0
2010-06-01,-0.017495909407774124,0.8560213368925941
2010-06-02,0.023954430443650716,0.0
2010-06-03,0.005441914418033155,0.0
2010-06-04,-0.039417750969659444,0.0
2010-06-07,-0.013301426854020817,0.0
2010-06-08,0.0103559225361054,0.0
2010-06-09,-0.0007235300523153448,0.0
2010-06-10,0.02982106434680502,0.0
2010-06-11,0.004634107375906546,0.0
2010-06-14,0.0014952900461887863,0.0
2010-06-15,0.02162228471221085,0.0
2010-06-16,-0.00043809870704669793,0.0
2010-06-17,0.004382689354501667,0.0
2010-06-18,-0.000255182912385773,0.0
2010-06-21,-0.0034000707922083595,0.0
2010-06-22,-0.019747740914618877,0.0
2010-06-23,-0.0023204715252597404,0.0
2010-06-24,-0.014971281818519333,0.0
2010-06-25,0.005071674894673682,0.0
2010-06-28,0.0007771990862206763,0.0
2010-06-29,-0.03179416259817043,0.0
2010-06-30,-0.010908894260639311,0.0
2010-07-01,-0.0019888601588096133,0.6827897899685258
2010-07-02,-0.008596050679890041,0.0
2010-07-06,0.00034969786543391783,0.0
2010-07-07,0.03422783483121417,0.0
2010-07-08,0.011268279384022396,0.0
2010-07-09,0.007442140946649836,0.0
2010-07-12,-0.0037576008033289024,0.0
2010-07-13,0.01947685981744883,0.0
2010-07-14,-0.001352675122275359,0.0
2010-07-15,-0.0008396162733600778,0.0
2010-07-16,-0.032117671694747885,0.0
2010-07-19,0.005409041017651989,0.0
2010-07-20,0.013286407000245717,0.0
2010-07-21,-0.011322188557938583,0.0
2010-07-22,0.02533075629399823,0.0
2010-07-23,0.015084079694010802,0.0
2010-07-26,0.013925728225720187,0.0
2010-07-27,-0.0064150798823502594,0.0
2010-07-28,-0.006923059759802694,0.0
2010-07-29,-0.005068544627249798,0.0
2010-07-30,0.0016348170828388389,0.0
2010-08-02,0.01909582863139092,1.1487943445443298
2010-08-03,-0.002532430976747974,0.0
2010-08-04,0.004076880942861078,0.0
2010-08-05,-0.0017928482528644142,0.0
2010-08-06,-0.0019100240135114179,0.0
2010-08-09,0.005028705565070304,0.0
2010-08-10,-0.003311964391823929,0.0
2010-08-11,-0.024050568573264187,0.0
2010-08-12,-0.001894374820767298,0.0
2010-08-13,-0.0018640287236599564,0.0
2010-08-16,-0.00023819028794020493,0.0
2010-08-17,0.014128192805011094,0.0
2010-08-18,0.0006072857594936235,0.0
2010-08-19,-0.013459696689824042,0.0
2010-08-20,0.002679064626485623,0.0
2010-08-23,-0.003779680406238003,0.0
2010-08-24,-0.009615534687740129,0.0
2010-08-25,0.004963698381475492,0.0
2010-08-26,-0.005624359728761308,0.0
2010-08-27,0.015306329583414236,0.0
2010-08-30,-0.013696005981053569,0.0
2010-08-31,0.00047807828468448145,0.0
2010-09-01,0.023599670367091985,0.6508242164328757
2010-09-02,0.009224186574885732,0.0
2010-09-03,0.00958046509945211,0.0
2010-09-07,-0.008357975572357085,0.0
2010-09-08,0.0047603663204422815,0.0
2010-09-09,0.0030981998872279377,0.0
2010-09-10,0.004082603496631649,0.0
2010-09-13,0.008662927427347481,0.0
2010-09-14,0.00011453789722999766,0.0
2010-09-15,0.0062049004061529274,0.0
2010-09-16,-0.0009974862992167069,0.0
2010-09-17,0.003104900673474626,0.0
2010-09-20,0.016394487488860996,0.0
2010-09-21,-0.0039737561825591,0.0
2010-09-22,-0.0032992410881742644,0.0
2010-09-23,-0.00947125130788773,0.0
2010-09-24,0.018735265832259866,0.0
2010-09-27,-0.005399889160347153,0.0
2010-09-28,0.006606242286217368,0.0
2010-09-29,-0.0009561853065490427,0.0
2010-09-30,-0.004589617083362533,0.0
2010-10-01,0.002714024103549484,0.6632672784995471
2010-10-04,-0.004676872285319003,0.0
2010-10-05,0.015338516241616187,0.0
2010-10-06,-0.004003004666668021,0.0
2010-10-07,-0.0010242876517113464,0.0
2010-10-08,0.003349811312863963,0.0
2010-10-11,-0.0001447798178941613,0.0
2010-10-12,0.00325650285037739,0.0
2010-10-13,0.006312253384822662,0.0
2010-10-14,8.376390516858558e-05,0.0
2010-10-15,0.0015712807973873764,0.0
2010-10-18,0.0038027012415369414,0.0
2010-10-19,-0.011839958565713297,0.0
2010-10-20,0.010109680987450775,0.0
2010-10-21,0.0010317771214119588,0.0
2010-10-22,0.002741739589366036,0.0
2010-10-25,0.0029870857218865492,0.0
2010-10-26,-0.002519964452974353,0.0
2010-10-27,-0.005262340703705129,0.0
2010-10-28,0.001947247796380607,0.0
2010-10-29,0.002973674059914268,0.0
2010-11-01,-0.0014311288190544946,0.5811430856739997
2010-11-02,0.00843960773952147,0.0
2010-11-03,0.0008374862736468034,0.0
2010-11-04,0.013884875800062816,0.0
2010-11-05,0.001803907706125296,0.0
2010-11-08,-0.0038858617509490196,0.0
2010-11-09,-0.009458123738695035,0.008101004861565762
2010-11-10,0.0021117417523329432,0.0
2010-11-11,-0.0001526062343676664,0.0
2010-11-12,-0.008778686947578569,0.0
2010-11-15,-6.427753049555982e-05,0.0
2010-11-16,-0.014747598998478405,0.0
2010-11-17,0.0036020393260027474,0.0
2010-11-18,0.01038762278472694,0.0
2010-11-19,0.0017568410256574968,0.0
2010-11-22,0.0031140046938938153,0.0
2010-11-23,-0.01042633675971764,0.0
2010-11-24,0.01259681910484435,0.0
2010-11-26,-0.004205047578414485,0.0
2010-11-29,-0.003643410438770169,0.0
2010-11-30,-0.0020075130212787126,0.0
2010-12-01,0.01582226749294957,0.7231307955053512
2010-12-02,0.008292743046264373,0.0
2010-12-03,0.002526968678645614,0.0
2010-12-06,-0.004230840561534086,0.0
2010-12-07,0.0007338911771710016,0.0
2010-12-08,0.0005998486705467178,0.0
2010-12-09,0.0019639272199592117,0.0
2010-12-10,0.00520443033724726,0.0
2010-12-13,-0.00035208170210508676,0.0
2010-12-14,0.00319067832907871,0.0
2010-12-15,-0.003914605494792863,0.0
2010-12-16,0.007886468348610053,0.0
2010-12-17,0.0017064312305007526,0.0
2010-12-20,0.001309397179993022,0.0
2010-12-21,0.001939201405850854,0.0
2010-12-22,0.0003761462966121265,0.0
2010-12-23,-0.001580928437615774,0.0
2010-12-27,-0.00048296268217422626,0.0
2010-12-28,-0.0007914334193478319,0.0
2010-12-29,0.000647859189470863,0.0
2010-12-30,-0.0010948003253884453,0.0
2010-12-31,-0.00201198737776013,0.0
2011-01-03,0.006189542057639663,0.7219176520647568
2011-01-04,-0.0073034624883395825,0.0
2011-01-05,0.0021784679909422717,0.0
2011-01-06,-0.0038870278397591636,0.0
2011-01-07,-0.0021599538436240773,0.0
2011-01-10,0.00030808048498301254,0.0
2011-01-11,0.0015388737215853367,0.0
2011-01-12,0.0051126665444135525,0.0
2011-01-13,5.797556267703448e-05,0.0
2011-01-14,0.003715965147283518,0.0
2011-01-18,0.0034072555681891985,0.0
2011-01-19,-0.007326692269182836,0.0
2011-01-20,-0.003414826328766308,0.0
2011-01-21,-0.001355924124469054,0.0
2011-01-24,0.004577332907198072,0.0
2011-01-25,-0.001603354892786141,0.0
2011-01-26,0.00410890019699749,0.0
2011-01-27,0.0029784966738092226,0.0
2011-01-28,-0.017086765383215696,0.0
2011-01-31,0.005998436596220514,0.0
2011-02-01,0.010063098603194653,1.6268931057170595
2011-02-02,-0.0020321004713631,0.0
2011-02-03,0.007051783770443993,0.0
2011-02-04,0.006284879587004994,0.0
2011-02-07,0.0070548373369365555,0.0
2011-02-08,0.003922380350846279,0.0
2011-02-09,-0.004112324908681295,0.0
2011-02-10,0.0022802460623455372,0.0
2011-02-11,0.0076112739001467054,0.0
2011-02-14,-0.0005317247797126983,0.0
2011-02-15,-0.002276479680759299,0.0
2011-02-16,0.009988791787656662,0.0
2011-02-17,0.005200267266436761,0.0
2011-02-18,0.0030991625732185416,0.0
2011-02-22,-0.025991301814466163,0.0
2011-02-23,-0.012553718003730542,0.0
2011-02-24,0.0010511111024707302,0.0
2011-02-25,0.013139859608066098,0.0
2011-02-28,0.0010428335135011398,0.0
2011-03-01,-0.01748340841001894,0.6478179297001603
2011-03-02,0.0017782912126165793,0.0
2011-03-03,0.014390779433235808,0.0
2011-03-04,-0.0060202135792916745,0.0
2011-03-07,-0.009896929758761793,0.0
2011-03-08,0.011593323035074255,0.0
2011-03-09,-0.0003153519976363229,0.0
2011-03-10,-0.016099630556565776,0.0
2011-03-11,0.009338328802639835,0.0
2011-03-14,-0.00849172725884034,0.0
2011-03-15,-0.006573286274899923,0.0
2011-03-16,-0.014968290622715067,0.0
2011-03-17,0.007686547080486508,0.0
2011-03-18,0.00662352173192158,0.0
2011-03-21,0.012903783371895117,0.0
2011-03-22,-0.005056650757907271,0.0
2011-03-23,0.0043686306658429685,0.0
2011-03-24,0.013293062312079537,0.0
2011-03-25,0.0025053868970471623,0.0
2011-03-28,-0.004294912363007214,0.0
2011-03-29,0.006519858561778051,0.0
2011-03-30,0.011230758964806693,0.0
2011-03-31,-0.001799914253961865,0.0
2011-04-01,0.006484220651706396,0.5612983858120605
2011-04-04,-0.0005336061318672108,0.0
2011-04-05,0.003686236211340134,0.0
2011-04-06,0.005461055499967863,0.0
2011-04-07,-0.0016373175876543077,0.0
2011-04-08,-0.006032090708313293,0.0
2011-04-11,-0.004112336670224292,0.0
2011-04-12,-0.004074957396049603,0.0
2011-04-13,0.0003176643350138069,0.0
2011-04-14,0.00017427333912315227,0.0
2011-04-15,0.005097705721743784,0.0
2011-04-18,-0.009529749972940916,0.0
2011-04-19,0.0050203206066946875,0.0
2011-04-20,0.01339077570214033,0.0
2011-04-21,0.0031559092390804613,0.0
2011-04-25,-0.0010155001676982198,0.0
2011-04-26,0.006423920541986261,0.00808633379728812
2011-04-27,0.004293229769969266,0.0
2011-04-28,0.0005724625826560661,0.0
2011-04-29,-0.0005137733721944635,0.0
2011-05-02,-0.0006204999575556425,0.57806020118612
2011-05-03,-0.005940706350830183,0.0
2011-05-04,-0.0059508133962923645,0.0
2011-05-05,-0.0030333011655958027,0.0
2011-05-06,0.003230378291102089,0.0
2011-05-09,0.0036526203269800143,0.0
2011-05-10,0.01043266402161221,0.0
2011-05-11,-0.01058490954390781,0.0
2011-05-12,0.005923906552818265,0.0
2011-05-13,-0.009127689331430554,0.0
2011-05-16,-0.007711272419139149,0.0
2011-05-17,-0.001620674503488738,0.0
2011-05-18,0.010228542227890358,0.0
2011-05-19,0.0009189419379944008,0.0
2011-05-20,-0.009585250288032391,0.0
2011-05-23,-0.013382366043498259,0.0
2011-05-24,-0.0028780894015444968,0.0
2011-05-25,0.0010740289874206501,0.0
2011-05-26,0.005060795098522024,0.0
2011-05-27,0.0075692976118641245,0.0
2011-05-31,0.009070048730941105,0.0
2011-06-01,-0.026993500806710924,0.613376561572553
2011-06-02,-0.0020481149027271888,0.0
2011-06-03,-0.014434841493016994,0.0
2011-06-06,-0.015519548461803796,0.0
2011-06-07,0.0013378579423256498,0.0
2011-06-08,-0.010723120021297314,0.0
2011-06-09,0.00868573092856563,0.0
2011-06-10,-0.014024194309483333,0.0
2011-06-13,0.0011757718720860197,0.0
2011-06-14,0.01737884906577212,0.0
2011-06-15,-0.01873713948580786,0.0
2011-06-16,0.001059531666769285,0.0
2011-06-17,0.005067794570788122,0.0
2011-06-20,0.006205154984971157,0.0
2011-06-21,0.0164504078219897,0.0
2011-06-22,-0.00864915970507352,0.0
2011-06-23,0.0006059199169425447,0.0
2011-06-24,-0.01358572252106523,0.0
2011-06-27,0.007430913478132722,0.0
2011-06-28,0.013947185634085675,0.0
2011-06-29,0.00813331670697567,0.0
2011-06-30,0.00867937153584775,0.0
2011-07-01,0.017173012973823454,0.6226871170789484
2011-07-05,-0.0071467396659916395,0.0
2011-07-06,-0.0017043500872854036,0.0
2011-07-07,0.016303543444039864,0.0
2011-07-08,-0.01263128483765684,0.0
2011-07-11,-0.023626742751132107,0.0
2011-07-12,-0.003876590450486465,0.0
2011-07-13,0.0030997346855686047,0.0
2011-07-14,-0.012500579602480345,0.0
2011-07-15,0.002953634082041518,0.0
2011-07-18,-0.014652912090255085,0.0
2011-07-19,0.018755357818707807,0.0
2011-07-20,0.003293595891382366,0.0
2011-07-21,0.015609613666670845,0.0
2011-07-22,0.0044445512968818435,0.0
2011-07-25,-0.008512716521862272,0.0
2011-07-26,0.0013337501016348736,0.0
2011-07-27,-0.02771524925956356,0.0
2011-07-28,-0.006884102658706472,0.0
2011-07-29,-0.0038522779572890565,0.0
2011-08-01,-0.009687106273018276,0.6375821767988232
2011-08-02,-0.03513694461153703,0.0
2011-08-03,0.011856653573555262,0.0
2011-08-04,-0.05769378443127788,0.0
2011-08-05,-0.008903016453829245,0.0
2011-08-08,-0.08091719223509089,0.0
2011-08-09,0.052832080294625446,0.0
2011-08-10,-0.050034609918793806,0.0
2011-08-11,0.055431176117621314,0.0
2011-08-12,0.003964972183285915,0.0
2011-08-15,0.025352338356577263,0.0
2011-08-16,-0.014865051495733004,0.0
2011-08-17,-0.006221435092438929,0.0
2011-08-18,-0.057741923925820296,0.0
2011-08-19,-0.01764248025494549,0.0
2011-08-22,0.0014808237481400326,0.0
2011-08-23,0.0381082844538396,0.0
2011-08-24,0.016011448109540992,0.0
2011-08-25,-0.0190977702401843,0.0
2011-08-26,0.02108364167891978,0.0
2011-08-29,0.04086573833544588,0.0
2011-08-30,0.004312088045523192,0.0
2011-08-31,0.003784977603631576,0.0
2011-09-01,-0.020394558117869943,0.8514692186486548
2011-09-02,-0.038029253219905565,0.0
2011-09-06,-0.014123383963738174,0.0
2011-09-07,0.04796806460908564,0.0
2011-09-08,-0.019178939650843795,0.0
2011-09-09,-0.028743931278697486,0.0
2011-09-12,0.0069240020878304385,0.0
2011-09-13,0.014591628200105221,0.0
2011-09-14,0.017950814569495807,0.0
2011-09-15,0.021399101333421627,0.0
2011-09-16,0.002520072819584798,0.0
2011-09-19,-0.022483749982239225,0.0
2011-09-20,-0.007096171827353746,0.0
2011-09-21,-0.04132775672730356,0.0
2011-09-22,-0.03471011798282814,0.0
2011-09-23,0.012272281666436385,0.0
2011-09-26,0.02898419933992267,0.0
2011-09-27,0.013864619142470497,0.0
2011-09-28,-0.032235637440130166,0.0
2011-09-29,0.019306046908206705,0.0
2011-09-30,-0.03766309600811006,0.0
2011-10-03,-0.04631151994156624,0.601427500169454
2011-10-04,0.04508556653687627,0.0
2011-10-05,0.030209211582026538,0.0
2011-10-06,0.03414244242328216,0.0
2011-10-07,-0.025101558622776743,0.0
2011-10-10,0.04606583028567143,0.0
2011-10-11,0.0060439763497561905,0.0
2011-10-12,0.021054567941966473,0.0
2011-10-13,-0.0070985513224746215,0.0
2011-10-14,0.019770737619988828,0.0
2011-10-17,-0.03546168738336887,0.0
2011-10-18,0.03906811272936062,0.0
2011-10-19,-0.023128696857462598,0.0
2011-10-20,0.011607856341310233,0.0
2011-10-21,0.02775100354543903,0.0
2011-10-24,0.03186731703847967,0.0
2011-10-25,-0.03638148880488648,0.0
2011-10-26,0.020357883660574578,0.0
2011-10-27,0.06066072940629285,0.0
2011-10-28,0.007458867085736064,0.0
2011-10-31,-0.03994151137719014,0.0
2011-11-01,-0.04311124440116554,0.47510517105870487
2011-11-02,0.028028973859869,0.0
2011-11-03,0.02652835614902569,0.0
2011-11-04,-0.0031026648026373444,0.0
2011-11-07,0.0033730055118071393,0.0
2011-11-08,0.016468687173617387,0.0
2011-11-09,-0.05278857385901253,0.0
2011-11-10,0.008357452462981734,0.0
2011-11-11,0.02558307491544548,0.0
2011-11-14,-0.014422401567146706,0.0
2011-11-15,0.004808919925996108,0.0
2011-11-16,-0.015622377949332661,0.0
2011-11-17,-0.028251942076219026,0.0
2011-11-18,-0.0005371613403797903,0.0
2011-11-21,-0.023068982017618755,0.008240868772603356
2011-11-22,-0.010546521740602628,0.0
2011-11-23,-0.0315336717530256,0.0
2011-11-25,-0.0036903283167373313,0.0
2011-11-28,0.0399224521017082,0.0
2011-11-29,-0.0018371567308313435,0.0
2011-11-30,0.05875384756451226,0.0
2011-12-01,-0.0034883523209831013,0.5289797906922848
2011-12-02,0.0017586358879148603,0.0
2011-12-05,0.01833639377577906,0.0
2011-12-06,-0.003134368716344727,0.0
2011-12-07,0.00204501881331063,0.0
2011-12-08,-0.03270798764381851,0.0
2011-12-09,0.021595413182236692,0.0
2011-12-12,-0.018541941182453007,0.0
2011-12-13,-0.021167657445676488,0.0
2011-12-14,-0.016524469113059083,0.0
2011-12-15,0.0036019996117901965,0.016869002538195642
2011-12-16,0.0035531942351590667,0.0
2011-12-19,-0.021437007178875582,0.0
2011-12-20,0.03787442734953189,0.0
2011-12-21,0.0011755384681331194,0.008291134974247907
2011-12-22,0.019875566606304483,0.0
2011-12-23,0.006903821275758746,0.0
2011-12-27,-0.004405223676754918,0.0
2011-12-28,-0.01836153270675267,0.0
2011-12-29,0.013507617052571011,0.0
2011-12-30,-0.000826267122762073,0.0
2012-01-03,0.02377796123234477,0.5798196787938774
2012-01-04,-0.0007877147188087997,0.0
2012-01-05,0.007303900301381873,0.0
2012-01-06,0.00033669643224781815,0.0
2012-01-09,0.006784011105672271,0.0
2012-01-10,0.018119963743498554,0.0
2012-01-11,0.004444195571485508,0.0
2012-01-12,0.0036212675925044987,0.0
2012-01-13,-0.011008504103308264,0.0
2012-01-17,0.001830387309502165,0.0
2012-01-18,0.021164642298848138,0.0
2012-01-19,0.01254026162426234,0.0
2012-01-20,0.0016311619726837381,0.0
2012-01-23,0.0015784968608356627,0.0
2012-01-24,0.0032641069011937088,0.0
2012-01-25,0.007894357119021951,0.0
2012-01-26,-0.010331756607940027,0.0
2012-01-27,0.003627958207585891,0.0
2012-01-30,-0.00844317514058953,0.0
2012-01-31,-0.0018113669237423708,0.0
2012-02-01,0.01869277850012918,0.4752884876258659
2012-02-02,0.004606317568177334,0.0
2012-02-03,0.02801473159561502,0.0
2012-02-06,-0.0007320318140834132,0.0
2012-02-07,-4.392595075462086e-05,0.0
2012-02-08,0.006068653090217403,0.0
2012-02-09,0.004421436428758878,0.0
2012-02-10,-0.014209220134019438,0.0
2012-02-13,0.005944748622571169,0.0
2012-02-14,-0.002834811330506626,0.0
2012-02-15,0.0018161189646332824,0.0
2012-02-16,0.01898829327029279,0.0
2012-02-17,0.002276155466739616,0.0
2012-02-21,-0.002717881904940325,0.0
2012-02-22,-0.00967643897368518,0.0
2012-02-23,0.010024978831165696,0.0
2012-02-24,0.0011273164669807082,0.0
2012-02-27,0.0009029189441456849,0.0
2012-02-28,-0.0014296468399480127,0.0
2012-02-29,-0.010641832614523491,0.0
2012-03-01,0.008197556503525272,0.43728044125040283
2012-03-02,-0.007298995686890858,0.0
2012-03-05,-0.013105412081622157,0.0
2012-03-06,-0.023819385786817533,0.0
2012-03-07,0.010624511424677935,0.0
2012-03-08,0.014090930702792989,0.0
2012-03-09,0.008052473744027908,0.0
2012-03-12,-0.007589922498950185,0.0
2012-03-13,0.02561004119453134,0.0
2012-03-14,-0.004941465134615932,0.0
2012-03-15,0.01681611993323632,0.0
2012-03-16,0.0038220737867295856,0.0
2012-03-19,0.003807413782744344,0.0
2012-03-20,-0.007888103513130115,0.0
2012-03-21,-0.002205224109842448,0.0
2012-03-22,-0.015305415999021684,0.0
2012-03-23,0.004962780595059045,0.0
2012-03-26,0.01382002489314036,0.0
2012-03-27,-0.00659159092710407,0.0
2012-03-28,-0.01076561670865643,0.0
2012-03-29,-0.005472748523792709,0.0
2012-03-30,0.002345573315966343,0.0
2012-04-02,0.009899693329756598,0.44869760316315
2012-04-03,-0.010165146073088448,0.0
2012-04-04,-0.013524133491875551,0.0
2012-04-05,-0.0056501146718901255,0.0
2012-04-09,-0.017574535070693162,0.0
2012-04-10,-0.0199626854143519,0.0
2012-04-11,0.011201993407220178,0.0
2012-04-12,0.023604633358221185,0.0
2012-04-13,-0.020262152631391084,0.0
2012-04-16,-0.0029267451082517918,0.0
2012-04-17,0.019474628760796895,0.0
2012-04-18,-0.009523426285723485,0.0
2012-04-19,-0.0019175814377225364,0.0
2012-04-20,-0.005616377385505545,0.0
2012-04-23,-0.010059431690863554,0.0
2012-04-24,0.0026110793641315466,0.0
2012-04-25,0.013650189607472517,0.0
2012-04-26,0.004675099533995094,0.0
2012-04-27,0.0020316305910312105,0.0
2012-04-30,-0.002490094742726127,0.0
2012-05-01,0.008060901849187063,0.4240625335567312
2012-05-02,-0.0070001105685876695,0.0
2012-05-03,-0.017207087831698317,0.0
2012-05-04,-0.020860657577692763,0.0
2012-05-07,-0.0015498404579932796,0.0
2012-05-08,-0.009328430401214772,0.0
2012-05-09,-0.0037295384637743394,0.0
2012-05-10,-0.0018825229353910263,0.0
2012-05-11,-0.004584135337711091,0.0
2012-05-14,-0.013387458119452684,0.0
2012-05-15,-0.015018343598106169,0.0
2012-05-16,-0.012251349806932448,0.0
2012-05-17,-0.016967529278652606,0.0
2012-05-18,-0.01205002546669525,0.0
2012-05-21,0.022742436808548667,0.0
2012-05-22,-0.0028280677793532747,0.0
2012-05-23,0.006374412204615418,0.0
2012-05-24,-0.0060312207894880595,0.0
2012-05-25,0.0041007641439239646,0.0
2012-05-29,0.016401439204496285,0.0
2012-05-30,-0.02431421974570471,0.0
2012-05-31,-0.006896840615748031,0.0
2012-06-01,-0.028414861392697333,0.4749650253177369
2012-06-04,-0.003778424248192014,0.0
2012-06-05,0.014443324500655521,0.0
2012-06-06,0.028150324922260793,0.0
2012-06-07,-0.007247176816686789,0.0
2012-06-08,0.006325274834720956,0.0
2012-06-11,-0.022359133510045127,0.0
2012-06-12,0.015365241768692146,0.0
2012-06-13,-0.013113861375001682,0.0
2012-06-14,0.009200311633815699,0.0
2012-06-15,0.0159987969529921,0.0
2012-06-18,-0.001958301840097334,0.0
2012-06-19,0.018103675424603078,0.0
2012-06-20,0.0007411209112038824,0.0
2012-06-21,-0.034582575965583964,0.0
2012-06-22,0.00807647809378419,0.0
2012-06-25,-0.023564433033367676,0.0
2012-06-26,0.005288069917849711,0.0
2012-06-27,0.016452649025685242,0.0
2012-06-28,0.002857130556733415,0.0
2012-06-29,0.03509287983315579,0.0
2012-07-02,-0.001474247809939988,0.34132682966784533
2012-07-03,0.01607882537317032,0.0
2012-07-05,-0.006125641380281346,0.0
2012-07-06,-0.01774849085210485,0.0
2012-07-09,-0.009996089355160737,0.0
2012-07-10,-0.015150758231915001,0.0
2012-07-11,0.0013974488966774928,0.0
2012-07-12,-0.010316979012914996,0.0
2012-07-13,0.01621024739854026,0.0
2012-07-16,-0.005375678132406947,0.0
2012-07-17,0.0063339263358256626,0.0
2012-07-18,0.011632452416702393,0.0
2012-07-19,0.0075516341977189235,0.0
2012-07-20,-0.017714391994605554,0.0
2012-07-23,-0.011166194018509414,0.0
2012-07-24,-0.012954045368506693,0.0
2012-07-25,-0.0026235733366205324,0.0
2012-07-26,0.02007385067368351,0.0
2012-07-27,0.030465552427699646,0.0
2012-07-30,-0.004634494306239784,0.0
2012-07-31,-0.004368710129797813,0.0
2012-08-01,-0.0034158421656204085,0.3900525665238148
2012-08-02,-0.014705733637279436,0.0
2012-08-03,0.028480635023577408,0.0
2012-08-06,0.012604757941603496,0.0
2012-08-07,0.01812136199692914,0.0
2012-08-08,0.006342762966539807,0.0
2012-08-09,0.006381359219897111,0.0
2012-08-10,0.001673716524663895,0.0
2012-08-13,-0.004720929213286767,0.0
2012-08-14,-0.004283537958173059,0.0
2012-08-15,0.006599907634660035,0.0
2012-08-16,0.012770689176346984,0.0
2012-08-17,0.002796243586744994,0.0
2012-08-20,0.0013244116615567618,0.0
2012-08-21,0.0029674343847521135,0.0
2012-08-22,-0.004256641561914392,0.0
2012-08-23,-0.013581019346065135,0.0
2012-08-24,0.003800398491259636,0.0
2012-08-27,-0.003967526276893722,0.0
2012-08-28,-0.0007830059411429408,0.0
2012-08-29,0.003114228947732876,0.0
2012-08-30,-0.013089389089401,0.0
2012-08-31,0.006643952001880138,0.0
2012-09-04,-0.006116215052268448,0.3440047663878195
2012-09-05,0.0008672108153873928,0.0
2012-09-06,0.02829746246843006,0.0
2012-09-07,0.015945947050548734,0.0
2012-09-10,-0.004879283758924726,0.0
2012-09-11,0.012161157057074939,0.0
2012-09-12,0.006825050613463167,0.0
2012-09-13,0.015653137698773564,0.0
2012-09-14,0.016306252124897426,0.0
2012-09-17,-0.01299125744853006,0.0
2012-09-18,-0.005061363777321845,0.0
2012-09-19,0.0025514763351133295,0.0
2012-09-20,-0.005593251712331002,0.0
2012-09-21,-0.003471685150877506,0.0
2012-09-24,-0.0074442869957067025,0.0
2012-09-25,-0.02097188318655542,0.0
2012-09-26,-0.00671561788365882,0.008272404475108606
2012-09-27,0.014348953091989528,0.0
2012-09-28,-0.007388849729967286,0.0
2012-10-01,0.0014159082979146032,0.39114066064624803
2012-10-02,0.0016076767257914737,0.0
2012-10-03,-0.003123482095089266,0.0
2012-10-04,0.012858768399733276,0.0
2012-10-05,-0.001058600725978279,0.0
2012-10-08,-0.0013249629412877004,0.0
2012-10-09,-0.006404444577310172,0.0
2012-10-10,-0.008702426842711972,0.0
2012-10-11,0.010335812890690289,0.0
2012-10-12,-0.0063742680152307175,0.0
2012-10-15,0.0075271761928536966,0.0
2012-10-16,0.01548705080720787,0.0
2012-10-17,0.005500849149367771,0.0
2012-10-18,0.000490723941570905,0.0
2012-10-19,-0.02298382279556009,0.0
2012-10-22,0.0024846935566452876,0.0
2012-10-23,-0.012530266195182375,0.0
2012-10-24,-0.011459780166949774,0.0
2012-10-25,0.005322238272189864,0.0
2012-10-26,-0.0023084847643080166,0.0
2012-10-31,0.001701891074363037,0.0
2012-11-01,0.02026857718459185,0.5217488834549487
2012-11-02,-0.012174819850897004,0.0
2012-11-05,0.0070713509202540575,0.0
2012-11-06,0.013818352585444633,0.0
2012-11-07,-0.026408486644008664,0.0
2012-11-08,-0.01713443464020773,0.0
2012-11-09,0.00048803132082294795,0.0
2012-11-12,0.004083432502713845,0.0
2012-11-13,-0.006191946380959754,0.0
2012-11-14,-0.011494682899634257,0.0
2012-11-15,0.001022488328237506,0.0
2012-11-16,0.002683930294696532,0.0
2012-11-19,0.02175788630029305,0.0
2012-11-20,-0.0065458678051929075,0.0
2012-11-21,0.005830276847450857,0.0
2012-11-23,0.014566180713677905,0.0
2012-11-26,-0.0023035292304288482,0.0
2012-11-27,-0.004748807057651296,0.0
2012-11-28,0.011117104385488024,0.0
2012-11-29,0.004068304857094415,0.0
2012-11-30,-0.0012815125667503765,0.0
2012-12-03,-0.004777975631563014,0.42912988651495065
2012-12-04,0.004877107334012433,0.0
2012-12-05,0.004882431604538686,0.0
2012-12-06,0.005280249402554666,0.0
2012-12-07,0.005353195121064179,0.0
2012-12-10,0.003895189925406276,0.0
2012-12-11,0.008209441539124937,0.0
2012-12-12,0.0007809928696231725,0.0
2012-12-13,-0.002362870950378429,0.0
2012-12-14,-0.0013920746761538257,0.0
2012-12-17,0.00922811388713667,0.0
2012-12-18,0.018393141815255788,0.0
2012-12-19,-0.0038322537784499606,0.0
2012-12-20,0.003104569986413218,0.0
2012-12-21,-0.007930071084724674,0.0
2012-12-24,-0.004543006291737983,0.00772756344472112
2012-12-26,-0.0046540087752976024,0.0
2012-12-27,-0.001803970175615161,0.0
2012-12-28,-0.011292717503440842,0.0
2012-12-31,0.02235038847855806,0.0
2013-01-02,0.022104624985136878,0.4565069936737583
2013-01-03,0.0015711506719793054,0.0
2013-01-04,0.008938801277899306,0.0
2013-01-07,-0.0043905066463586365,0.0
2013-01-08,-0.007316851748336347,0.0
2013-01-09,0.0021952503807095565,0.0
2013-01-10,0.007625619118656381,0.0
2013-01-11,0.0007582286557583338,0.0
2013-01-14,0.0004923299142762317,0.0
2013-01-15,0.006324705890381247,0.0
2013-01-16,-0.0022480238733508773,0.0
2013-01-17,0.008090821778109606,0.0
2013-01-18,0.0038499341210340675,0.0
2013-01-22,0.008286461205943615,0.0
2013-01-23,-0.0020474402218876643,0.0
2013-01-24,0.00840800739306541,0.0
2013-01-25,0.012021218105939663,0.0
2013-01-28,-0.001312846381354947,0.0
2013-01-29,0.002792429140593987,0.0
2013-01-30,-0.0053807632039320555,0.0
2013-01-31,0.005164621529139791,0.0
2013-02-01,0.007013960265629393,0.5917100439726733
2013-02-04,-0.009748172554576079,0.0
2013-02-05,0.009948671583441824,0.0
2013-02-06,0.002422568044596002,0.0
2013-02-07,-0.0009108038068028623,0.008152528412070625
2013-02-08,0.006152612004811939,0.0
2013-02-11,0.0010038419339798445,0.0
2013-02-12,0.003946674886301526,0.0
2013-02-13,-5.6254085547908323e-05,0.0
2013-02-14,0.00256104012510749,0.0
2013-02-15,-0.0024041950659178975,0.0
2013-02-19,0.008193017970230032,0.0
2013-02-20,-0.018466513909266992,0.0
2013-02-21,-0.009822964878429444,0.0
2013-02-22,0.008335327173373515,0.0
2013-02-25,-0.02073231367770611,0.0
2013-02-26,0.0021135671333011945,0.0
2013-02-27,0.013679059027831175,0.0
2013-02-28,-0.003914164597928197,0.0
2013-03-01,-0.0014435706501495504,0.5721777539100947
2013-03-04,-0.0004525051753705995,0.0
2013-03-05,0.010439532130634312,0.0
2013-03-06,0.0043947632732407715,0.0
2013-03-07,0.004486567552178269,0.0
2013-03-08,0.0061390002703198806,0.0
2013-03-11,0.00328355631252857,0.0
2013-03-12,0.00014346670617371545,0.0
2013-03-13,0.0022914234144077675,0.0
2013-03-14,0.0057745335488989325,0.0
2013-03-15,-5.8824370844579726e-05,0.0
2013-03-18,-0.0046390420249877926,0.0
2013-03-19,-0.008310318064049436,0.0
2013-03-20,0.009008902592304783,0.0
2013-03-21,-0.009277950388628477,0.0
2013-03-22,0.004142610820743682,0.0
2013-03-25,-0.0015846607435782251,0.0
2013-03-26,0.0065026900813362045,0.0
2013-03-27,0.0003006159785309241,0.0
2013-03-28,0.004790330331694191,0.0
2013-04-01,-0.00885751091168896,0.5542976691592593
2013-04-02,-0.0017618042638339205,0.0
2013-04-03,-0.008622715205020549,0.0
2013-04-04,0.006359968889431438,0.0
2013-04-05,-0.0031568594167523884,0.0
2013-04-08,0.0072842076778618075,0.0
2013-04-09,0.008472737858124281,0.0
2013-04-10,0.012050089473407006,0.0
2013-04-11,0.0032620772425974317,0.0
2013-04-12,-0.005528092308775311,0.0
2013-04-15,-0.029010250117346557,0.0
2013-04-16,0.013513040813457658,0.0
2013-04-17,-0.01869452799714796,0.0
2013-04-18,-0.005241635813781126,0.0
2013-04-19,0.004460236835109652,0.0
2013-04-22,0.0032669344149783,0.0
2013-04-23,0.012700654398422002,0.0
2013-04-24,0.007003828487120833,0.0
2013-04-25,0.009498317265315004,0.0
2013-04-26,-0.003684628966714242,0.0
2013-04-29,0.010957490894442024,0.0
2013-04-30,0.003383694563998207,0.0
2013-05-01,-0.00918609091162137,0.7025677679552788
2013-05-02,0.009162985680804462,0.0
2013-05-03,0.013938633508559352,0.0
2013-05-06,0.0036213713051750055,0.0
2013-05-07,0.006251367582373896,0.0
2013-05-08,0.011710709236035635,0.0
2013-05-09,-0.0010109049317727865,0.0
2013-05-10,0.008564502868454725,0.0
2013-05-13,-0.005266973689527709,0.0
2013-05-14,0.010773321648876129,0.0
2013-05-15,0.005564442133181635,0.0
2013-05-16,-0.004426407418624886,0.0
2013-05-17,0.01097540031993243,0.0
2013-05-20,0.0022811059031339915,0.0
2013-05-21,0.0009010618154207597,0.0
2013-05-22,-0.012558932231552574,0.0
2013-05-23,0.0008330074779311658,0.0
2013-05-24,-0.0038057386868829346,0.0
2013-05-28,0.004890055470487664,0.0
2013-05-29,-0.005172787426848871,0.0
2013-05-30,0.004073645321683947,0.0
2013-05-31,-0.013685347877906885,0.0
2013-06-03,0.00315634305634771,0.6400465988620405
2013-06-04,-0.005489286923744846,0.0
2013-06-05,-0.01098467949686366,0.0
2013-06-06,0.009030359905151279,0.0
2013-06-07,0.011226575482178758,0.007907893785004762
2013-06-10,-0.0018593538165717583,0.0
2013-06-11,-0.012539312259599818,0.0
2013-06-12,-0.00824232308258447,0.0
2013-06-13,0.019199943223994362,0.0
2013-06-14,-0.0056027092533083,0.0
2013-06-17,0.00840810061559142,0.0
2013-06-18,0.00797578529400957,0.0
2013-06-19,-0.015132389264460087,0.0
2013-06-20,-0.028117309315244074,0.0
2013-06-21,0.0012347868276731178,0.0
2013-06-24,-0.012080215003582855,0.0
2013-06-25,0.010801618710081883,0.0
2013-06-26,0.006099981154927001,0.0
2013-06-27,0.01034218671726954,0.0
2013-06-28,-0.0007410420971567522,0.0069763562400456565
2013-07-01,0.004693924685236439,0.6538491464386504
2013-07-02,-0.002876190589689475,0.0
2013-07-03,-0.0009360252952284418,0.0
2013-07-05,0.00745145089434221,0.0
2013-07-08,0.0034084614950192294,0.0
2013-07-09,0.008717125932056981,0.0
2013-07-10,0.0039829295748788785,0.0
2013-07-11,0.018593279556393828,0.0
2013-07-12,0.0005554535566385697,0.0
2013-07-15,0.0016811850108721213,0.0
2013-07-16,-0.002991209977367102,0.0
2013-07-17,0.0012045995215396446,0.0
2013-07-18,0.006459856002612211,0.0
2013-07-19,0.0011257536386087867,0.0
2013-07-22,0.0003449732763104279,0.0
2013-07-23,-0.001754245722235342,0.0
2013-07-24,-0.008213080535822818,0.0
2013-07-25,0.006685883563675627,0.0
2013-07-26,0.0004904414021189747,0.0
2013-07-29,-0.00296319067806009,0.0
2013-07-30,0.0011891154807012452,0.0
2013-07-31,-0.0008733752587844123,0.0
2013-08-01,0.01245102980941093,0.6485058342317163
2013-08-02,0.0005549131847077965,0.0
2013-08-05,-0.0007187165993313733,0.0
2013-08-06,-0.007679976239579474,0.0
2013-08-07,-0.003519747286876628,0.0
2013-08-08,0.006944684615061118,0.0
2013-08-09,0.000517281205790529,0.0
2013-08-12,-0.0009304431867711986,0.0
2013-08-13,-0.0017080746313914226,0.0
2013-08-14,-0.001607105070809705,0.0
2013-08-15,-0.01097572772967827,0.0
2013-08-16,-0.009047007814042322,0.0
2013-08-19,-0.010492317760661259,0.0
2013-08-20,0.008735068772608465,0.0
2013-08-21,-0.006729631697938201,0.0
2013-08-22,0.010885532837006669,0.0
2013-08-23,0.006156379363713398,0.0
2013-08-26,-0.002562300343034912,0.0
2013-08-27,-0.014501855533746845,0.0
2013-08-28,0.0003494470215405301,0.0
2013-08-29,0.0006584875804352421,0.0
2013-08-30,-0.0019682765693124675,0.0
2013-09-03,0.00037407892383622965,0.6794401512943952
2013-09-04,0.010356011413427416,0.0
2013-09-05,0.0024697391087519986,0.0
2013-09-06,0.003645375482734654,0.0
2013-09-09,0.017443210771429095,0.0
2013-09-10,0.005126191632219102,0.0
2013-09-11,0.003576471102806381,0.0
2013-09-12,-0.005870140642829644,0.0
2013-09-13,0.0017832428831195844,0.0
2013-09-16,0.006502442800726277,0.0
2013-09-17,0.004786193576678007,0.0
2013-09-18,0.017393865038644166,0.0
2013-09-19,-0.003097647438977489,0.0
2013-09-20,-0.011409094821115622,0.0
2013-09-23,-0.0049197158642855275,0.0
2013-09-24,-0.0028681345472338477,0.0
2013-09-25,-0.002971387617269979,0.0
2013-09-26,0.0013136921509201939,0.0
2013-09-27,-0.00687399232206895,0.0
2013-09-30,-0.005441402311652674,0.0
2013-10-01,0.007677149334991196,0.6343970114905367
2013-10-02,0.0015583281264002515,0.0
2013-10-03,-0.010696861760953224,0.0
2013-10-04,0.005020985127389106,0.0
2013-10-07,-0.006234937821103119,0.0
2013-10-08,-0.009806817617942339,0.0
2013-10-09,0.0032840316267053397,0.0
2013-10-10,0.016468532820797174,0.0
2013-10-11,0.004201130557602687,0.0
2013-10-14,0.001041019850404899,0.0
2013-10-15,-0.008711259093018212,0.0
2013-10-16,0.012728595228223926,0.0
2013-10-17,0.00932234107736631,0.0
2013-10-18,0.0021975889990177074,0.0
2013-10-21,-0.00034241962198498137,0.0
2013-10-22,0.008674055155157444,0.0
2013-10-23,-0.0031623861403086255,0.0
2013-10-24,0.003633767218951808,0.0
2013-10-25,0.0055749159696487985,0.0
2013-10-28,0.0020844558907193813,0.0
2013-10-29,0.004123587714088651,0.0
2013-10-30,-0.0058229462127230795,0.0
2013-10-31,-0.0048481760507390025,0.0
2013-11-01,0.003670281091962657,0.505483568992442
2013-11-04,0.007764999093360105,0.0
2013-11-05,-0.0063340419418812,0.0
2013-11-06,0.003240741459954268,0.0
2013-11-07,-0.01220298984968694,0.0
2013-11-08,0.007127550995076166,0.0
2013-11-11,0.002040233426964493,0.0
2013-11-12,-0.002931898693207052,0.0
2013-11-13,0.008044319011995996,0.0
2013-11-14,0.004413259165675797,0.0
2013-11-15,0.005280756885557276,0.0
2013-11-18,-0.005278382221989458,0.0
2013-11-19,-0.003164211726916795,0.0
2013-11-20,-0.005169768524515444,0.0
2013-11-21,0.00487311664285629,0.0
2013-11-22,0.0007207720004401643,0.0
2013-11-25,-0.0019492786425602633,0.0
2013-11-26,-0.0011869590614831537,0.0
2013-11-27,0.004648043584297268,0.0
2013-11-29,-0.0012699014738581926,0.009745804951459117
2013-12-02,-0.0042300384432930604,0.4955327579131672
2013-12-03,6.21879715476557e-05,0.0
2013-12-04,0.0013614722985195726,0.007927214764058008
2013-12-05,-0.0035035402620446484,0.0
2013-12-06,0.007162144740828505,0.0
2013-12-09,0.001690308963027245,0.0
2013-12-10,-0.004079227655690909,0.0
2013-12-11,-0.015017430359046412,0.0
2013-12-12,-0.002802534108612125,0.0
2013-12-13,0.0010616446148964912,0.0
2013-12-16,0.0067849056691491934,0.0
2013-12-17,0.000505615872445276,0.0
2013-12-18,0.010414001358860527,0.0
2013-12-19,-0.0011543628652088689,0.01551477455257633
2013-12-20,0.006505314192252025,0.0
2013-12-23,0.004948158609567686,0.0
2013-12-24,0.004158109568905063,0.0
2013-12-26,0.0020624824314922885,0.0
2013-12-27,0.003620887881838512,0.0
2013-12-30,0.0012866194701299052,0.0
2013-12-31,0.0021634513498794087,0.0
2014-01-02,-0.010201447154929877,0.4994035323995847
2014-01-03,-0.000570970153937024,0.0
2014-01-06,-0.0042619929624409,0.0
2014-01-07,0.007210143006412656,0.0
2014-01-08,-0.0017126119019481617,0.0
2014-01-09,-0.0009591159096052719,0.0
2014-01-10,0.007333304023938412,0.0
2014-01-13,-0.012803848257329898,0.0
2014-01-14,0.011654507357630345,0.0
2014-01-15,0.004289088074350045,0.0
2014-01-16,0.0023283441255225186,0.0
2014-01-17,-0.002890525458587385,0.0
2014-01-21,0.0037461580934315844,0.0
2014-01-22,0.0012422097989430176,0.0
2014-01-23,-0.005702979504607582,0.0
2014-01-24,-0.018897918919303577,0.0
2014-01-27,-0.002661929201349968,0.0
2014-01-28,0.006635936112639445,0.0
2014-01-29,-0.008095614753225504,0.0
2014-01-30,0.012993312665500025,0.0
2014-01-31,-0.0033178788398687724,0.0
2014-02-03,-0.02132736952694092,0.7087958829735073
2014-02-04,0.008904210495360495,0.0
2014-02-05,-0.0025541975685997374,0.0
2014-02-06,0.016851934736337146,0.0
2014-02-07,0.010820633262727156,0.0
2014-02-10,0.003406827452651071,0.0
2014-02-11,0.009095050273226882,0.0
2014-02-12,0.0005247788574698721,0.0
2014-02-13,0.004199564784498229,0.0
2014-02-14,0.005591203475898695,0.0
2014-02-18,0.0013290019766769253,0.0
2014-02-19,-0.003033254755054798,0.0
2014-02-20,0.005847873329386587,0.0
2014-02-21,-0.0007540362194613723,0.0
2014-02-24,0.006715408804738714,0.0
2014-02-25,-0.0013334863041410013,0.0
2014-02-26,0.002335520036401454,0.0
2014-02-27,0.00448445843450042,0.0
2014-02-28,0.0031903208238163077,0.0
2014-03-03,-0.006997371647635253,0.5250320135362028
2014-03-04,0.010900796043524135,0.0
2014-03-05,0.000281291149324732,0.0
2014-03-06,0.0027825929105850934,0.0
2014-03-07,-0.00038239501516559296,0.0
2014-03-10,-0.003151000285749424,0.0
2014-03-11,-0.003970789677113541,0.0
2014-03-12,0.0015978564307494816,0.0
2014-03-13,-0.01057727090964733,0.007899385032126461
2014-03-14,0.0005766548212815658,0.0
2014-03-17,0.006337584067337582,0.0
2014-03-18,0.006205238597577578,0.0
2014-03-19,-0.006581229347968386,0.0
2014-03-20,0.004404901769300343,0.0
2014-03-21,0.002248628321446406,0.0
2014-03-24,-0.0038504542545714053,0.0
2014-03-25,0.003577149165623474,0.0
2014-03-26,-0.004648008907693467,0.0
2014-03-27,4.9487646325285876e-05,0.0
2014-03-28,0.007991487905893276,0.0
2014-03-31,0.007364076820415657,0.0
2014-04-01,0.006746633415057213,0.5443349948424494
2014-04-02,0.005034743533361308,0.00783450931387668
2014-04-03,-0.0016929579320949606,0.0
2014-04-04,-0.009056396804368837,0.0
2014-04-07,-0.01123398661324872,0.0
2014-04-08,0.0076079726411018705,0.0
2014-04-09,0.005785627131898332,0.0
2014-04-10,-0.01771790758762149,0.0
2014-04-11,-0.012335630154059498,0.0
2014-04-14,0.009774293626173164,0.0
2014-04-15,0.004104547451409601,0.0
2014-04-16,0.009059914632752788,0.0
2014-04-17,0.000706169676123411,0.0
2014-04-21,0.002507579707028681,0.0
2014-04-22,0.005120422786922808,0.0
2014-04-23,-0.0018017384907765832,0.008289191894392691
2014-04-24,0.0030248511487481378,0.0
2014-04-25,-0.008601419892386202,0.0
2014-04-28,0.0020269694682332803,0.0
2014-04-29,0.0024392787524586054,0.0
2014-04-30,0.002388379513795131,0.0
2014-05-01,0.00043463759659623236,0.6198123199735761
2014-05-02,0.00044972979559562655,0.0
2014-05-05,-0.0004965951435331394,0.0
2014-05-06,-0.011819346051491271,0.0
2014-05-07,-0.0017138869733993437,0.0
2014-05-08,0.0002665879056534939,0.0
2014-05-09,0.00432041124549448,0.0
2014-05-12,0.013508102729067675,0.0
2014-05-13,-0.0005962475975846401,0.0
2014-05-14,-0.006528902811567421,0.0
2014-05-15,-0.00660717060824979,0.0
2014-05-16,0.00414267803265348,0.0
2014-05-19,0.004131308569041877,0.0
2014-05-20,-0.00982911578249893,0.0
2014-05-21,0.006870363574381204,0.0
2014-05-22,0.005450460238149721,0.0
2014-05-23,0.006167782513026961,0.0
2014-05-27,0.006466998230555183,0.0
2014-05-28,-0.001642749168740393,0.0
2014-05-29,0.0062735311463174015,0.0
2014-05-30,0.00016071736736322252,0.0
2014-06-02,0.00022844377884778666,0.5023478865834234
2014-06-03,0.0001432701868168139,0.0
2014-06-04,0.003934318867011198,0.0
2014-06-05,0.007514184626708108,0.0
2014-06-06,0.007214388834542839,0.0
2014-06-09,0.003961254597876093,0.0
2014-06-10,-0.0020980353658389657,0.0
2014-06-11,-0.003707544030712279,0.0
2014-06-12,-0.0059855512890337,0.0
2014-06-13,0.0032394425509753274,0.0
2014-06-16,0.0014836410699606965,0.0
2014-06-17,0.0064305083871815496,0.0
2014-06-18,0.006002909756409313,0.0
2014-06-19,-0.001785582382349309,0.0
2014-06-20,0.0018763448132394045,0.0
2014-06-23,0.0009626973629588064,0.0
2014-06-24,-0.007386862402130551,0.0
2014-06-25,0.0026296713218817553,0.0
2014-06-26,0.0008493729428079149,0.0
2014-06-27,0.0014445873721470243,0.0
2014-06-30,0.0011327292498884021,0.0
2014-07-01,0.004729834102888297,0.5449168115304843
2014-07-02,0.00224812675172189,0.0
2014-07-03,0.008175275098467341,0.0
2014-07-07,-0.005845127233317812,0.0
2014-07-08,-0.007809429324677403,0.0
2014-07-09,0.004726936551904699,0.0
2014-07-10,-0.005734846649094655,0.0
2014-07-11,0.0017004920171872155,0.0
2014-07-14,0.0026302736046582833,0.0
2014-07-15,-0.002651477526122605,0.0
2014-07-16,0.001985565409080521,0.0
2014-07-17,-0.011455194850223158,0.0
2014-07-18,0.009992126159319867,0.0
2014-07-21,-0.0030685119105792443,0.0
2014-07-22,0.006021085974715479,0.0
2014-07-23,0.0006307522465422272,0.0
2014-07-24,0.0037817299825361984,0.0
2014-07-25,-0.0031661332297932237,0.0
2014-07-28,0.0009031138969310491,0.0
2014-07-29,-0.0006590577873837495,0.0
2014-07-30,0.002920250875480938,0.0
2014-07-31,-0.016334216917457595,0.0
2014-08-01,-0.0035665775040497616,0.6734897793523594
2014-08-04,0.006723654639068828,0.0
2014-08-05,-0.0054254367929837165,0.0
2014-08-06,0.0013062520836973311,0.0
2014-08-07,-0.006878258244094522,0.0
2014-08-08,0.015252378166330682,0.0
2014-08-11,0.0026690603097836193,0.0
2014-08-12,-0.0035049058675929085,0.0
2014-08-13,0.0040291035897025386,0.0
2014-08-14,0.007492322202752089,0.0073445459744746365
2014-08-15,-0.00042161038033184436,0.0
2014-08-18,0.009489585692037054,0.0
2014-08-19,0.007234377008286515,0.0
2014-08-20,0.0039596281659064,0.0
2014-08-21,0.001784115227727104,0.0
2014-08-22,0.0003937676876574598,0.0
2014-08-25,0.003158842217715983,0.0
2014-08-26,0.000705769823283915,0.0
2014-08-27,0.0009648600181543017,0.0
2014-08-28,-0.0012147025618239138,0.0
2014-08-29,0.003128479494869072,0.0
2014-09-02,-0.002425233256726056,0.42348905236715667
2014-09-03,-0.0012244697446914306,0.0
2014-09-04,0.0009552498492481786,0.0
2014-09-05,0.004339625277024998,0.0
2014-09-08,-0.003566852096744525,0.0
2014-09-09,-0.007240831920932125,0.0
2014-09-10,0.0032026043227364074,0.0
2014-09-11,0.0023936790895312914,0.0
2014-09-12,-0.0052946780604498575,0.0
2014-09-15,-0.0020757217414951097,0.0
2014-09-16,0.004756059211421558,0.0
2014-09-17,0.00011720993668838903,0.0
2014-09-18,0.003871181921470642,0.0
2014-09-19,-0.0031167712908817887,0.0
2014-09-22,-0.010043446619028007,0.006879872108155693
2014-09-23,-0.007114253366382148,0.0
2014-09-24,0.006531302284366993,0.0
2014-09-25,-0.01456773311323874,0.0
2014-09-26,0.005599468936567988,0.0
2014-09-29,-0.0019034440564211345,0.0
2014-09-30,-0.0036984517809789696,0.0
2014-10-01,-0.013608656007856768,0.5966761017670199
2014-10-02,0.0026909766665715743,0.0
2014-10-03,0.006614531497825829,0.0
2014-10-06,-0.0015038522098248825,0.0
2014-10-07,-0.01812935486920459,0.0
2014-10-08,0.015959436853735652,0.0
2014-10-09,-0.02566520484345889,0.0
2014-10-10,-0.014432658529946095,0.0
2014-10-13,-0.017939833150620903,0.0
2014-10-14,0.008867037927524645,0.0
2014-10-15,0.0011033864001548082,0.0
2014-10-16,0.005316717504112447,0.0
2014-10-17,0.008774678868108447,0.0
2014-10-20,0.00917961755173443,0.0
2014-10-21,0.02346367987175104,0.0
2014-10-22,-0.011546084655706234,0.0
2014-10-23,0.015045932585796219,0.0
2014-10-24,0.0037990715369427787,0.0
2014-10-27,-0.005301091758658111,0.0
2014-10-28,0.01781672159120354,0.0
2014-10-29,-0.0039004861249267147,0.0
2014-10-30,0.004735575426356353,0.0
2014-10-31,0.013732112819755525,0.0
2014-11-03,-0.001897441906236419,0.5940957809734873
2014-11-04,-0.01215041212184963,0.0
2014-11-05,0.010071018712768085,0.0
2014-11-06,0.008961915435614415,0.0
2014-11-07,0.0045180227831797,0.0
2014-11-10,-0.0027901395995348697,0.0
2014-11-11,0.00021492072441962775,0.0
2014-11-12,0.0006259534612793065,0.0
2014-11-13,-0.007236706752059224,0.0
2014-11-14,0.005497919127724684,0.0
2014-11-17,-0.0037186576282659603,0.0
2014-11-18,0.004766554009605046,0.0
2014-11-19,-0.0018227515119418614,0.0
2014-11-20,0.008544755839089604,0.0
2014-11-21,0.008169301950608422,0.0
2014-11-24,0.0009015586305350864,0.0
2014-11-25,-0.004036914494378501,0.0
2014-11-26,-0.004768417283891482,0.0
2014-11-28,-0.017732696751011936,0.0
2014-12-01,-0.010418827653250862,0.47569480967350786
2014-12-02,0.005989042832886301,0.0
2014-12-03,0.013457123512060104,0.0
2014-12-04,-0.005301978012897755,0.0
2014-12-05,-0.0005683835766962641,0.0
2014-12-08,-0.022704092511345655,0.0
2014-12-09,0.0071812883124818035,0.0
2014-12-10,-0.026643086912209235,0.0
2014-12-11,0.0029992409210059016,0.0
2014-12-12,-0.01799145177242833,0.0
2014-12-15,-0.007698357828425113,0.0
2014-12-16,-0.003494655992590294,0.0
2014-12-17,0.027196361029723295,0.0
2014-12-18,0.02243460741387962,0.0
2014-12-19,0.014796650232493878,0.0
2014-12-22,-0.0012476530853215656,0.0
2014-12-23,0.007676451912705068,0.0
2014-12-24,-0.0030171597635123134,0.0
2015-01-08,0.01994772424250124,0.31297125146221205
2015-01-09,-0.010282443026056335,0.0
2015-01-12,-0.014878768518785494,0.0
2015-01-13,-0.005648813435348988,0.0
2015-01-14,-0.007055545795577979,0.0
2015-01-15,-0.01459758234165779,0.0
2015-01-16,0.017352373398390908,0.008018926301959503
2015-01-20,-0.001589821221425031,0.0
2015-01-21,0.01556410121557367,0.0
2015-01-22,0.012439374901197672,0.0
2015-01-23,-0.007555215259958868,0.0
2015-01-26,0.00846672867044084,0.0
2015-01-27,-0.0073918744078502845,0.0
2015-01-28,-0.0222156034443984,0.0
2015-01-29,0.0070923290625839385,0.0
2015-01-30,-0.0019377908807804625,0.0
2015-02-02,0.020766375345195875,0.5638891737619837
2015-02-03,0.027738367548331512,0.0
2015-02-04,-0.011107725254013982,0.0
2015-02-05,0.011591878747930119,0.0
2015-02-06,0.0026105781395165594,0.0
2015-02-09,0.001578020297475995,0.0
2015-02-10,0.004268107391441109,0.0
2015-02-11,-0.002446314603791167,0.0
2015-02-12,0.01363078460232246,0.0
2015-02-13,0.01252286935246263,0.0
2015-02-17,0.0034166986121322773,0.0
2015-02-18,-0.00460059423275179,0.0
2015-02-19,0.0013301110697760716,0.0
2015-02-20,0.004190813440055741,0.0
2015-02-23,-0.005653286074375827,0.0
2015-02-24,0.00433709331274894,0.0
2015-02-25,0.0028983783583699805,0.0
2015-02-26,-0.007784568401877907,0.0
2015-02-27,-0.0019092608929500107,0.0
2015-03-02,0.003550325278006472,0.46885336290260565
2015-03-03,-0.001662667750170046,0.0
2015-03-04,-0.004198014062269028,0.0
2015-03-05,-0.0009946168476601344,0.0
2015-03-06,-0.01587032806888752,0.0
2015-03-09,-0.00235130024730517,0.0
2015-03-10,-0.01662467980891995,0.0
2015-03-11,0.001722527063818528,0.0
2015-03-12,0.006790748713293362,0.0
2015-03-13,-0.00944065683791442,0.0
2015-03-16,0.010378537813429914,0.0
2015-03-17,-0.002101980833879182,0.0
2015-03-18,0.01916920902249653,0.0
2015-03-19,-0.009815075424599407,0.0
2015-03-20,0.01275367641962677,0.021594692841898733
2015-03-23,-0.0003800886338881013,0.0
2015-03-24,-0.0053177426679790136,0.0
2015-03-25,-0.009918205121832124,0.0
2015-03-26,-0.0031808521928721007,0.0
2015-03-27,-0.0012270994863353216,0.0
2015-03-30,0.012817359414741495,0.0
2015-03-31,-0.006343562557050867,0.0
2015-04-01,-0.004125801181929956,0.31318173872679367
2015-04-02,0.006886555738679236,0.0
2015-04-06,0.01325612913105027,0.0
2015-04-07,-0.0008341761116565213,0.0
2015-04-08,0.0010986564272893922,0.0
2015-04-09,0.008422007398884646,0.0
2015-04-10,0.002065718611648654,0.0
2015-04-13,-0.0037870888294158373,0.0
2015-04-14,0.006687196240558752,0.0
2015-04-15,0.01620229440882515,0.0
2015-04-16,-0.0031689934573227545,0.0
2015-04-17,-0.00982554935603365,0.0
2015-04-20,0.0071713763029147125,0.0
2015-04-21,-0.005056066863545653,0.0
2015-04-22,0.004664215516974723,0.0
2015-04-23,0.005241349850091345,0.0
2015-04-24,-7.508645254343635e-05,0.0
2015-04-27,-0.001283846209855064,0.0
2015-04-28,0.0037213468236095624,0.0
2015-04-29,0.0028969422857927614,0.0
2015-04-30,-0.005730664308318584,0.0
2015-05-01,0.007773454472139729,0.5315722585896943
2015-05-04,0.0018078364727487136,0.0
2015-05-05,-0.012654457636153185,0.0
2015-05-06,-0.0072873507935789505,0.0
2015-05-07,-0.0021321715901879024,0.0
2015-05-08,0.012845996335560323,0.0
2015-05-11,-0.005595437300333217,0.0
2015-05-12,-0.004003921806549593,0.0
2015-05-13,-0.0010195759931492633,0.0
2015-05-14,0.005016237352114316,0.0
2015-05-15,0.003004977856926914,0.0
2015-05-18,0.0014162001481324033,0.0
2015-05-19,-0.01006252022949303,0.0
2015-05-20,0.0016718859778504754,0.0
2015-05-21,0.005096256915113267,0.0
2015-05-22,-0.0020709954423098914,0.0
2015-05-26,-0.015952018280710224,0.0
2015-05-27,0.004098389459478217,0.0
2015-05-28,-0.0022136862615357135,0.0
2015-05-29,-0.006163366131497783,0.0
2015-06-01,0.001030202544030745,0.2967439405931828
2015-06-02,0.003377951299736192,0.0
2015-06-03,-3.163336815079358e-05,0.0
2015-06-04,-0.010185087524391628,0.0
2015-06-05,0.0007067657117145818,0.0
2015-06-08,-0.008607140152897097,0.0
2015-06-09,-0.0017747702555968273,0.0
2015-06-10,0.009087839788504089,0.0
2015-06-11,0.0002609050119068582,0.0
2015-06-12,-0.006569593160935683,0.0
2015-06-15,-0.005276996830670599,0.0
2015-06-16,0.005402550327058545,0.0
2015-06-17,0.003917878363179198,0.0
2015-06-18,0.005996514517733248,0.0
2015-06-19,-0.004671105420923536,0.0
2015-06-22,0.004295667549442536,0.0
2015-06-23,0.0009217381716426757,0.0
2015-06-24,-0.0082666182069366,0.0
2015-06-25,-0.007432904781347659,0.0
2015-06-26,-3.363045263246649e-05,0.0
2015-06-29,-0.02207861560321424,0.0
2015-06-30,0.0016980073935725123,0.0
2015-07-01,-0.0005072587198411416,0.3491387677358765
2015-07-02,0.002670555698024657,0.007731231368486155
2015-07-06,-0.00972898345199183,0.0
2015-07-07,0.00903626818008788,0.0
2015-07-08,-0.01992136716245943,0.0
2015-07-09,0.000787191705618857,0.0
2015-07-10,0.006121342871125814,0.0
2015-07-13,0.010187057832908549,0.0
2015-07-14,0.005007965118717921,0.0
2015-07-15,-0.00976024810599914,0.0
2015-07-16,0.0037447951854475024,0.0
2015-07-17,-0.00915173030743162,0.0
2015-07-20,-0.00884685151065337,0.0
2015-07-21,-0.0006083755455290392,0.0
2015-07-22,-0.0026304664127522297,0.0
2015-07-23,-0.004188398693653204,0.0
2015-07-24,-0.016207978037388916,0.0
2015-07-27,-0.006253377596489706,0.0
2015-07-28,0.01620511954228635,0.0
2015-07-29,0.007150452666973172,0.0
2015-07-30,-0.00035213654654626166,0.0
2015-07-31,-0.00402603013075401,0.0
2015-08-03,-0.008050399649986661,0.44547063995698155
2015-08-04,-0.002819213470619129,0.0
2015-08-05,-0.0026377467702206133,0.0
2015-08-06,-0.0026475758753564133,0.0
2015-08-07,-0.006202529185830327,0.0
2015-08-10,0.026707925357109127,0.0
2015-08-11,-0.014071364443783563,0.0
2015-08-12,0.007185393537882663,0.0
2015-08-13,-0.011587067867051506,0.0
2015-08-14,0.0016274241684924742,0.0
2015-08-17,0.006435596547842681,0.0
2015-08-18,-0.0063763501728856704,0.0
2015-08-19,-0.013198166461529763,0.0
2015-08-20,-0.022322761824087954,0.0
2015-08-21,-0.02535072508583012,0.0
2015-08-24,-0.038047931598911934,0.0
2015-08-25,-0.014454745859649436,0.0
2015-08-26,0.029566110750349525,0.0
2015-08-27,0.037582198112062364,0.0
2015-08-28,0.009182170280518459,0.0
2015-08-31,-0.00012033132494999345,0.0
2015-09-01,-0.032248658569586586,0.27945918398274555
2015-09-02,0.01155415464365013,0.0
2015-09-03,0.0034216843749404835,0.0
2015-09-04,-0.01696995122462808,0.0
2015-09-08,0.023736786444751648,0.0
2015-09-09,-0.013661596239595201,0.0
2015-09-10,0.004070958834513001,0.0
2015-09-11,-0.0022939924722934595,0.0
2015-09-14,-0.006791087476652316,0.0
2015-09-15,0.012697031024098901,0.0
2015-09-16,0.017430808619812513,0.0
2015-09-17,-0.005565540155079686,0.0
2015-09-18,-0.02555220151644664,0.0
2015-09-21,1.1252103852863707e-05,0.0
2015-09-22,-0.017965137874498358,0.0
2015-09-23,-0.013496668787878767,0.0
2015-09-24,-0.001393370703774354,0.0
2015-09-25,-0.0023461954051235178,0.0
2015-09-28,-0.03044162416023348,0.0
2015-09-29,0.0007036400780116464,0.0
2015-09-30,0.020488657067264104,0.0
2015-10-01,-0.006460494786053039,0.3308319114599705
2015-10-02,0.031007981235657317,0.0
2015-10-05,0.030660041100258488,0.0
2015-10-06,0.009166653473035913,0.008175554485090454
2015-10-07,0.016876318738190565,0.0
2015-10-08,0.01744418390787861,0.0
2015-10-09,-0.003935993664607208,0.0
2015-10-12,-0.011847501257392768,0.0
2015-10-13,-0.01090251716467382,0.0
2015-10-14,0.00455699979859383,0.0
2015-10-15,0.01125548111879218,0.0
2015-10-16,-0.007006429883706937,0.0
2015-10-19,-0.008178690463896639,0.0
2015-10-20,0.0025552692563461086,0.0
2015-10-21,-0.010551169806471203,0.0
2015-10-22,0.014261161974868354,0.0
2015-10-23,0.006793348703609188,0.0
2015-10-26,-0.011621348447074888,0.0
2015-10-27,-0.01207996347507309,0.0
2015-10-28,0.020038052230036994,0.0
2015-10-29,-0.00026868165376141154,0.0
2015-10-30,0.003100108005361082,0.0
2015-11-02,0.018941677978422167,0.4242165469341236
2015-11-03,0.011516161946961982,0.0
2015-11-04,-0.00615472300341955,0.0
2015-11-05,-0.005467315667425797,0.0
2015-11-06,-0.0026429525085377276,0.0
2015-11-09,-0.009193506357874963,0.0
2015-11-10,-0.001319506327405921,0.0
2015-11-11,-0.016341482383243573,0.0
2015-11-12,-0.018336839308911165,0.0
2015-11-13,-0.009085012819667554,0.0
2015-11-16,0.01754544113671834,0.0
2015-11-17,-0.00832882975400613,0.0
2015-11-18,0.020092327868413973,0.00764289291487906
2015-11-19,-0.0047146408400000365,0.0
2015-11-20,-0.0003020388209124243,0.0
2015-11-23,0.0007447667986766613,0.0
2015-11-24,0.01120267353865803,0.0
2015-11-25,0.0003973836594465805,0.0
2015-11-27,-0.0066584121765300526,0.0
2015-11-30,0.0017730476974513274,0.0
2015-12-01,0.007800291955142757,0.26202398695180845
2015-12-02,-0.018919747095016676,0.0
2015-12-03,-0.013766056514337637,0.0
2015-12-04,0.00145167904147632,0.0
2015-12-07,-0.010119484207243252,0.0
2015-12-08,-0.011024991683808919,0.0
2015-12-09,-0.00045645412459755104,0.0
2015-12-10,0.0031974559972503995,0.0
2015-12-11,-0.023620768161214084,0.0
2015-12-14,-0.008499444237267562,0.0
2015-12-15,0.013911242445033695,0.0
2015-12-16,0.01244375086549733,0.0
2015-12-17,-0.022733427415774925,0.0
2015-12-18,-0.011309549762973548,0.0
2015-12-21,0.008945995779787152,0.0
2015-12-22,0.014124445322837572,0.0
2015-12-23,0.027007383137465448,0.0
2015-12-24,-0.002093717327972619,0.0
2015-12-28,-0.01113141917719947,0.0
2015-12-29,0.010915748182731664,0.0
2015-12-30,-0.011458194345499478,0.0
2015-12-31,-0.002348433811769488,0.0
2016-01-04,-0.004209884377005979,0.2797914902187797
2016-01-05,-0.0014823129789626188,0.007824036545633958
2016-01-06,-0.030541822961423822,0.0
2016-01-07,-0.0251135190144813,0.0
2016-01-08,-0.010934125054725248,0.0
2016-01-11,-0.01356024145984842,0.0
2016-01-12,-0.0011370700703853143,0.0
2016-01-13,-0.025458810323421753,0.0
2016-01-14,0.01703101430499585,0.0
2016-01-15,-0.02067626917769695,0.0
2016-01-19,-0.013208827966646427,0.0
2016-01-20,-0.006412822971761658,0.0
2016-01-21,0.021854602736687476,0.0
2016-01-22,0.01838538181967113,0.0
2016-01-25,-0.02800068512236028,0.0
2016-01-26,0.02951629807288686,0.0
2016-01-27,-0.003332323955499865,0.0
2016-01-28,0.003168139751174233,0.0
2016-01-29,0.03416605111651991,0.0
2016-02-01,-0.005693125153044876,1.965933439855067
2016-02-02,-0.024918010221972715,0.0
2016-02-03,0.0033006918127566577,0.0
2016-02-04,8.567150007707204e-05,0.0
2016-02-05,-0.026023931391627723,0.0
2016-02-08,-0.024102183950795004,0.0
2016-02-09,0.005208742523263435,0.0
2016-02-10,0.006673623585805431,0.0
2016-02-11,-0.015145222433249197,0.0
2016-02-12,0.022733586907241192,0.0
2016-02-16,0.019837978060245447,0.0
2016-02-17,0.01797847037683438,0.0
2016-02-18,-0.006097867689529631,0.0
2016-02-19,0.004962887388383843,0.0
2016-02-22,0.01605729645302732,0.0
2016-02-23,-0.010132114385347026,0.0
2016-02-24,0.005978386781679258,0.0
2016-02-25,0.013876203250769239,0.0
2016-02-26,0.001070813626805538,0.0
2016-02-29,-0.009207603338458905,0.0
2016-03-01,0.02550793127319273,1.2200339416313375
2016-03-02,0.004616025013604854,0.0
2016-03-03,0.003448605170017771,0.0
2016-03-04,0.0017313093478092385,0.0
2016-03-07,-0.0010155296312007204,0.0
2016-03-08,-0.005546080511904775,0.0
2016-03-09,0.003264434784158354,0.0
2016-03-10,0.001108186690640427,0.0
2016-03-11,0.013446704617675002,0.0
2016-03-14,-0.001122144613046849,0.0
2016-03-15,-0.001348968866383381,0.0
2016-03-16,0.005316121217697581,0.0
2016-03-17,0.005078571836382618,0.0
2016-03-18,0.0019245345514276148,0.0
2016-03-21,-0.0004518011335327356,0.0
2016-03-22,-0.0006258693539703398,0.0
2016-03-23,-0.0016139434221022395,0.0
2016-03-24,-0.0010990086315048125,0.0
2016-03-28,0.001109519854249418,0.0
2016-03-29,0.009643592233323955,0.0
2016-03-30,0.0027525191472653004,0.0
2016-03-31,-0.001149853700536861,0.0
2016-04-01,0.0074792731196344775,0.7374027934711875
2016-04-04,-0.00431097703304533,0.0
2016-04-05,-0.012492380010230793,0.0
2016-04-06,0.007276057252208518,0.0
2016-04-07,-0.010371936110422107,0.0
2016-04-08,0.002583245560758761,0.0
2016-04-11,-0.002434142454121583,0.0
2016-04-12,0.00827104717742178,0.0
2016-04-13,0.00776934900261408,0.0
2016-04-14,-0.0014717101467436754,0.0
2016-04-15,0.0018540443117225733,0.0
2016-04-18,0.0062941742625892295,0.0
2016-04-19,0.0031722921250075084,0.0
2016-04-20,-0.003246533319954264,0.0
2016-04-21,-0.009484027201265146,0.0
2016-04-22,0.003143991191024978,0.0
2016-04-25,-0.00022491329258784103,0.0
2016-04-26,0.002083828409738046,0.0
2016-04-27,0.0035706681843329386,0.0
2016-04-28,-0.0075982934001884075,0.0
2016-04-29,-0.003964304001869476,0.0
2016-05-02,0.008525852958644276,0.7949053603138541
2016-05-03,-0.005106300203596425,0.0
2016-05-04,-0.0024215461925811877,0.0
2016-05-05,-0.0005865784712791229,0.0
2016-05-06,0.002729799854094231,0.0
2016-05-09,0.00515339475460352,0.0
2016-05-10,0.008615629280736066,0.0
2016-05-11,-0.009153825821614926,0.0
2016-05-12,0.0018443711602173815,0.0
2016-05-13,-0.00504089342475625,0.0
2016-05-16,0.00881787951629487,0.0
2016-05-17,-0.012262010330999192,0.0
2016-05-18,-0.0036376798986664793,0.007699118479842581
2016-05-19,-0.0026502726043835722,0.0
2016-05-20,0.004325373233577822,0.0
2016-05-23,-0.0029333695002210503,0.007935075524875237
2016-05-24,0.01575117024593585,0.0
2016-05-25,0.0019453533383953924,0.0
2016-05-26,0.003406814288006114,0.0
2016-05-27,0.004389164652481288,0.0
2016-05-31,0.0007493142033227402,0.0
2016-06-01,0.0008527406793819026,0.9244644909612756
2016-06-02,0.0018659250077666,0.0
2016-06-03,0.0023453227066342233,0.0
2016-06-06,-0.0002092980947506586,0.0
2016-06-07,0.001779180633180616,0.0
2016-06-08,0.005678090927110348,0.0
2016-06-09,0.0035577629642612346,0.0
2016-06-10,-0.005709707082297273,0.0
2016-06-13,-0.0063355220165729875,0.0
2016-06-14,0.0006619729203984387,0.0
2016-06-15,-0.0012429378419361202,0.0
2016-06-16,0.004038363951153239,0.0
2016-06-17,-0.0028127449528845805,0.0
2016-06-20,0.0046547234632071804,0.0
2016-06-21,0.002933419042295826,0.007759491738102914
2016-06-22,-0.0008269649922496788,0.0
2016-06-23,0.008103775036576128,0.0
2016-06-24,-0.021241741334915205,0.0
2016-06-27,-0.008921391709592118,0.0
2016-06-28,0.011832017229460368,0.007868473909918293
2016-06-29,0.013399294046250381,0.0
2016-06-30,0.0169963694460018,0.0
2016-07-01,-3.494253388858226e-07,0.8907913923338899
2016-07-05,-0.00771395542957721,0.0
2016-07-06,0.0040704598496666446,0.0
2016-07-07,-0.0007407247725280454,0.0
2016-07-08,0.01720403415979966,0.0
2016-07-11,0.004275589393416424,0.0
2016-07-12,0.007066853257867756,0.0
2016-07-13,0.0008269649894755023,0.0
2016-07-14,0.004179722713492115,0.0
2016-07-15,-0.0007404107407011991,0.0
2016-07-18,0.0016054312909546233,0.0
2016-07-19,-0.0009335527566619763,0.0
2016-07-20,0.005502975624578789,0.0
2016-07-21,-0.00686753925711828,0.0
2016-07-22,0.006731202389172883,0.0
2016-07-25,-0.0019387032331709267,0.0
2016-07-26,0.0054796900286872745,0.0
2016-07-27,-0.003716420904756033,0.0
2016-07-28,0.004009020524233095,0.0
2016-07-29,0.0007927640710085671,0.0
2016-08-01,-0.0034583499228268977,1.0958871794831002
2016-08-02,-0.007405350836334713,0.0
2016-08-03,5.577081122953452e-05,0.0
2016-08-04,-0.0010598064983582468,0.0
2016-08-05,0.00018606695089851838,0.0
2016-08-08,-0.00039494185981343833,0.0
2016-08-09,0.0002055216967809654,0.0
2016-08-10,-0.001952613783010633,0.0
2016-08-11,0.0028150415031141384,0.0
2016-08-12,-0.00023268207066603824,0.0
2016-08-15,-0.0006263494636742208,0.0
2016-08-16,-0.008714550915077519,0.0
2016-08-17,0.002835140706405608,0.0
2016-08-18,0.0052312723707209855,0.0
2016-08-19,-0.0018270702824886406,0.0
2016-08-22,0.0006541306596170484,0.0
2016-08-23,-0.0008276064563340814,0.0
2016-08-24,-0.004467133715159926,0.0
2016-08-25,-0.0008115420150884687,0.0
2016-08-26,-0.007823758617537672,0.0
2016-08-29,0.00623242478077635,0.0
2016-08-30,-0.0034297950271632576,0.0
2016-08-31,-0.0015030212532932262,0.0
2016-09-01,-0.002628413651770245,0.8005075921914153
2016-09-02,0.006659908379834447,0.0
2016-09-06,0.0060032797181066725,0.0
2016-09-07,0.00044366715472944564,0.0
2016-09-08,-0.0005910709744223532,0.0
2016-09-09,-0.03093536902307298,0.0
2016-09-12,0.01570120264026475,0.0
2016-09-13,-0.017201833352289676,0.0
2016-09-14,-0.0002213730232339559,0.0
2016-09-15,0.009616785283182832,0.0
2016-09-16,-0.0017461118564055054,0.0
2016-09-19,0.0035754520395523855,0.0
2016-09-20,-0.00205184293283355,0.0
2016-09-21,0.015525142033790131,0.0
2016-09-22,0.00792396532314126,0.0
2016-09-23,-0.00486209869157926,0.0
2016-09-26,-0.0038565027586727326,0.0
2016-09-27,0.00031916483937883264,0.0
2016-09-28,0.006629401062093205,0.0
2016-09-29,-0.00865524934067728,0.0
2016-09-30,0.003242538894322697,0.0
2016-10-03,-0.007235316283363602,0.6166048055209081
2016-10-04,-0.011553659431629625,0.0
2016-10-05,-0.0009873833053923265,0.0
2016-10-06,0.000544817706666873,0.0
2016-10-07,-0.004384040043636967,0.0
2016-10-10,0.005949177561012397,0.0
2016-10-11,-0.012742293515783371,0.0
2016-10-12,0.0045700226875564545,0.0
2016-10-13,0.0021452757566392485,0.0
2016-10-14,-0.003329521935050633,0.0
2016-10-17,0.0002088030392728807,0.0
2016-10-18,0.00750008759865776,0.0
2016-10-19,0.0003150940959489414,0.0
2016-10-20,-0.0013623316023211318,0.0
2016-10-21,-0.002931829383304321,0.0
2016-10-24,0.004516871060082528,0.0
2016-10-25,-0.003859694138382826,0.0
2016-10-26,-0.006311314828118961,0.0
2016-10-27,-0.007570202721628557,0.0
2016-10-28,0.00047764766064511326,0.0
2016-10-31,0.005795721689572686,0.0
2016-11-01,-0.011211289228400312,0.963269102911819
2016-11-02,-0.006684568522089791,0.0
2016-11-03,-0.0038840881431796057,0.0
2016-11-04,0.0011308890833003917,0.0
2016-11-07,0.021827478591866095,0.0
2016-11-08,0.002806475395909448,0.0
2016-11-09,0.008135285964877816,0.0
2016-11-10,0.005926556904025243,0.0
2016-11-11,-0.003526767732085774,0.0
2016-11-14,0.003284938321399912,0.0
2016-11-15,0.01030789820206701,0.0
2016-11-16,-0.0018933109353000078,0.0
2016-11-17,0.004000196955025638,0.0
2016-11-18,-0.0032437225502415764,0.0
2016-11-21,0.006910574535512307,0.0
2016-11-22,0.0003813370144092952,0.0
2016-11-23,0.003998736296583999,0.0
2016-11-25,0.0030020399352538142,0.0
2016-11-28,-0.00807511972152139,0.0
2016-11-29,0.001146752458245981,0.0
2016-11-30,-0.0006900474195098427,0.00795086807318626
2016-12-01,-0.011766161451956858,1.1330883983776678
2016-12-02,0.005774889263057548,0.0
2016-12-05,0.008137677248107803,0.0
2016-12-06,0.0019282833374839811,0.0
2016-12-07,0.015096201634869546,0.0
2016-12-08,0.0014856126122115452,0.0
2016-12-09,0.0019340038403219118,0.0
2016-12-12,-0.00026894231016589176,0.0
2016-12-13,0.006393892515724272,0.0
2016-12-14,-0.011917048445151932,0.0
2016-12-15,0.001063925522486753,0.0
2016-12-16,-0.00010886326245412165,0.0
2016-12-19,0.0022325149710996175,0.0
2016-12-20,0.001976765070767147,0.0
2016-12-21,-0.0018113705343791825,0.0
2016-12-22,-0.002329464909158579,0.0
2016-12-23,0.0018314412079621046,0.0
2016-12-27,0.0022412972732498387,0.0
2016-12-28,-0.009120146504238615,0.0
2016-12-29,0.0045110652303655425,0.0
2016-12-30,-0.005604648770166351,0.0
2017-01-03,0.0038255680869028197,1.2442833808689224
2017-01-04,0.009617987041043366,0.0
2017-01-05,-0.005028649731338537,0.0
2017-01-06,0.002123362994912283,0.0
2017-01-09,-0.007381625409426655,0.0
2017-01-10,0.003363963786320887,0.0
2017-01-11,0.006162062726693198,0.0
2017-01-12,-0.004125557276771283,0.0
2017-01-13,0.0037469613084949722,0.0
2017-01-17,-0.005403274027771923,0.0
2017-01-18,0.006019976863746938,0.0
2017-01-19,-0.003295408572015646,0.0
2017-01-20,0.006209645485655459,0.0
2017-01-23,-0.004029404447425009,0.0
2017-01-24,0.016334798052577107,0.0
2017-01-25,0.011020412252962231,0.0
2017-01-26,-0.002994443461632154,0.0
2017-01-27,-0.0007925162414996466,0.0
2017-01-30,-0.008812308527034528,0.0
2017-01-31,-0.0026289951906873265,0.0
2017-02-01,-0.0032617859364704183,1.1816316121776722
2017-02-02,-5.614611747871683e-06,0.0
2017-02-03,0.009816602183561968,0.0
2017-02-06,-0.004127263171155261,0.0
2017-02-07,-0.0014548541612358747,0.0
2017-02-08,-0.002125549484038597,0.0
2017-02-09,0.006740769052292127,0.0
2017-02-10,0.005062886282714459,0.0
2017-02-13,0.006258925648786011,0.0
2017-02-14,0.0029978643639133012,0.0
2017-02-15,0.004142200482831207,0.0
2017-02-16,-0.0013173825173035249,0.0
2017-02-17,-0.00048141305595303824,0.0
2017-02-21,0.0062039826163338245,0.0
2017-02-22,-0.0025886953061565743,0.0
2017-02-23,-0.002415635614541046,0.0
2017-02-24,0.0009188888497483332,0.0
2017-02-27,0.002954501003132765,0.0
2017-02-28,-0.0022873695281631435,0.0
2017-03-01,0.017514858147237522,0.590555297145492
2017-03-02,-0.010531176455609623,0.0
2017-03-03,0.0021869098592327664,0.0
2017-03-06,-0.0033787855659019395,0.0
2017-03-07,-0.0027994089255057517,0.0
2017-03-08,-0.0037755507209268806,0.0
2017-03-09,-0.0006422113301688098,0.0
2017-03-10,0.003434888601166759,0.0
2017-03-13,0.0025804769318231724,0.015231342427335752
2017-03-14,-0.004711222769119229,0.0
2017-03-15,0.007834319482692535,0.0
2017-03-16,-0.0018297133798151487,0.0
2017-03-17,-0.0004467179925063717,0.0
2017-03-20,-0.00260008277210732,0.0
2017-03-21,-0.018175685943784818,0.0
2017-03-22,0.003841563008274366,0.0
2017-03-23,-0.0002944930093981502,0.0
2017-03-24,-0.0006345183649445789,0.0
2017-03-27,-0.0027190050001920907,0.0
2017-03-28,0.009506197367687255,0.0
2017-03-29,0.00104458977979821,0.0
2017-03-30,0.005821875982183613,0.0
2017-03-31,-0.0016546582887765585,0.0
2017-04-03,-0.004131180939216161,0.7982940491363348
2017-04-04,0.00037126372949015566,0.0
2017-04-05,-0.0035164254692555473,0.0
2017-04-06,0.002826641728797042,0.0
2017-04-07,-0.00034844983544226216,0.0
2017-04-10,-0.0006024098491246933,0.0
2017-04-11,-0.001002774139865633,0.0
2017-04-12,-0.0061347299920654665,0.0
2017-04-13,-0.0056154424424522745,0.0
2017-04-17,0.01016704286358594,0.0
2017-04-18,-0.0018587168838312441,0.0
2017-04-19,0.0011536904341117647,0.0
2017-04-20,0.010053922077755411,0.0
2017-04-21,-0.0021400371154725317,0.0
2017-04-24,0.013348717052325465,0.0
2017-04-25,0.005345762940511801,0.0
2017-04-26,-0.0027523557618819253,0.0
2017-04-27,0.0024952390498984437,0.0
2017-04-28,-0.004225511152873011,0.0
2017-05-01,0.001229956317765346,0.6625325950377633
2017-05-02,0.00042847010164664924,0.0
2017-05-03,-0.0017922337328150771,0.0
2017-05-04,0.0035482215814254523,0.0
2017-05-05,0.004278012182767731,0.0
2017-05-08,-0.00215262388397508,0.0
2017-05-09,0.00032748454592564146,0.0
2017-05-10,0.002726634863141242,0.0
2017-05-11,-0.0022545020777911774,0.0
2017-05-12,-0.0013800201701496153,0.0
2017-05-15,0.0061473504411283025,0.0
2017-05-16,-0.0003418867505792133,0.0
2017-05-17,-0.015525365783013707,0.0
2017-05-18,0.004208160281573359,0.0
2017-05-19,0.006405642401642917,0.0
2017-05-22,0.00766481509925524,0.0
2017-05-23,0.0010650635645809542,0.0
2017-05-24,0.003633265875511509,0.0
2017-05-25,0.00785788875246174,0.0
2017-05-26,-6.366624760043601e-05,0.0
2017-05-30,0.0019575950083305918,0.0
2017-05-31,0.002659375995280229,0.0
2017-06-01,0.00747744761336766,0.5984341607205295
2017-06-02,0.0037051308023742877,0.0
2017-06-05,-0.0018523817128113852,0.0
2017-06-06,-0.004232550160680082,0.0
2017-06-07,0.0028589248988246476,0.0
2017-06-08,0.0005114622665685076,0.007471178541445217
2017-06-09,-0.007028386348399987,0.0
2017-06-12,-0.0042044431230035765,0.0
2017-06-13,0.0054219213552542805,0.0
2017-06-14,-1.156269962032872e-06,0.0
2017-06-15,0.0006098247051243631,0.0
2017-06-16,0.000388001337789879,0.0
2017-06-19,0.008768073046341973,0.007709559291756793
2017-06-20,-0.005447306407054027,0.0
2017-06-21,0.00013573175072842131,0.0
2017-06-22,-0.0014354006438051653,0.0
2017-06-23,0.0015889734422758427,0.0
2017-06-26,-0.0002748849906939784,0.0
2017-06-27,-0.009816885002068957,0.0
2017-06-28,0.007432955285386814,0.0
2017-06-29,-0.012900033665542687,0.0
2017-06-30,0.0017869034376174027,0.0
2017-07-03,-0.002337816739266585,0.6040737210648999
2017-07-05,0.006581172667645521,0.0
2017-07-06,-0.0072130823900562,0.0
2017-07-07,0.010282530171364728,0.0
2017-07-10,0.0022258837454340328,0.0
2017-07-11,-0.00018852142525630845,0.0
2017-07-12,0.009750440230455692,0.0
2017-07-13,-0.0008285567804401147,0.0
2017-07-14,0.0058586108061205976,0.0
2017-07-17,0.0005880440373419421,0.0
2017-07-18,0.002099868195066702,0.0
2017-07-19,0.006323142881231917,0.0
2017-07-20,0.0002561155775636023,0.0
2017-07-21,0.0010591187339409505,0.0
2017-07-24,-0.001807064699526672,0.0
2017-07-25,-0.0014050360022125545,0.0
2017-07-26,0.0005577245247551037,0.0
2017-07-27,-0.0048817350860132416,0.0
2017-07-28,-7.185435266420545e-05,0.0
2017-07-31,-0.001966604742277195,0.0
2017-08-01,0.001899969955212688,0.7669429572793964
2017-08-02,0.00036371004205742357,0.0
2017-08-03,-0.0005840511574234904,0.0
2017-08-04,0.001727565434944713,0.0
2017-08-07,0.0006955656961739123,0.0
2017-08-08,-0.003083886357682012,0.0
2017-08-09,-0.0011765790112801481,0.0
2017-08-10,-0.015680755876554674,0.0
2017-08-11,0.00018962170965438284,0.0
2017-08-14,0.011776178307335823,0.0
2017-08-15,0.00018122364034375442,0.0
2017-08-16,0.003099272262440231,0.0
2017-08-17,-0.016636772191076905,0.0
2017-08-18,-0.0013628508886739058,0.0
2017-08-21,0.0016117589482676237,0.0
2017-08-22,0.010384555513272192,0.0
2017-08-23,-0.004299913971105221,0.0
2017-08-24,-0.0008068101823295105,0.0
2017-08-25,0.002561743630641498,0.0
2017-08-28,-0.0006261411935523687,0.0
2017-08-29,-0.0018576517011500955,0.0
2017-08-30,0.0038432627162155028,0.0
2017-08-31,0.006167457143303124,0.0
2017-09-01,0.001561962725758148,0.6581279953013187
2017-09-05,-0.009028232102509783,0.0
2017-09-06,-2.1937148630677702e-05,0.0
2017-09-07,-0.0006741976411046454,0.0
2017-09-08,0.004339948262942735,0.0
2017-09-11,0.01303497996184719,0.0
2017-09-12,0.000653647091397718,0.0
2017-09-13,-0.0025171136230301397,0.0
2017-09-14,-3.7016599195777806e-05,0.0
2017-09-15,0.0013106026430416804,0.0
2017-09-18,0.0023914614977077545,0.0
2017-09-19,0.0017533393246074245,0.0
2017-09-20,0.001053798307114113,0.0
2017-09-21,-0.0012602785543680797,0.0
2017-09-22,-0.0007753142214737479,0.0
2017-09-25,-0.004213033693857372,0.0
2017-09-26,0.001553077110717646,0.0
2017-09-27,0.003487532176578013,0.0
2017-09-28,0.002296064870161629,0.0
2017-09-29,0.0036680252101938485,0.0
2017-10-02,0.004192152928530035,0.517248424184274
2017-10-03,0.0016215421730176986,0.0
2017-10-04,0.0036422031393932948,0.0
2017-10-05,0.004482760093757528,0.0
2017-10-06,0.00047365078197454604,0.0
2017-10-09,-0.0005888003521671867,0.0
2017-10-10,0.002560441853983039,0.0
2017-10-11,0.002711159030624428,0.0
2017-10-12,0.0025388367420415892,0.0
2017-10-13,-0.0005658974167485485,0.0
2017-10-16,0.0013318685312111278,0.0
2017-10-17,-0.00037621570563884776,0.0
2017-10-18,0.0009196966640909424,0.0
2017-10-19,0.002916666477130985,0.0
2017-10-20,0.005365334778927737,0.0
2017-10-23,-0.0009416779855832403,0.0
2017-10-24,0.0037314537119962233,0.0
2017-10-25,-0.003261335896054889,0.0
2017-10-26,0.002946312214400166,0.0
2017-10-27,0.00383322522776179,0.0
2017-10-30,-0.004171823195817175,0.0
2017-10-31,0.0011690116626588013,0.0
2017-11-01,-0.00169264885831788,0.8404007594267912
2017-11-02,0.0015151727951428352,0.0
2017-11-03,0.0016291238590161509,0.0
2017-11-06,0.0005892924901458248,0.0
2017-11-07,-0.0008878541073436903,0.0
2017-11-08,-0.0002619390819308434,0.0
2017-11-09,-0.006400929445400624,0.0
2017-11-10,0.00018810921930006948,0.0
2017-11-13,0.0029998218487510882,0.0
2017-11-14,0.0016042606062702395,0.0
2017-11-15,-0.00523937221030527,0.0
2017-11-16,0.00798548533452979,0.0
2017-11-17,-0.001432408171091464,0.0
2017-11-20,0.004993457871545093,0.0
2017-11-21,0.005010565886928205,0.0
2017-11-22,-0.003309704025808843,0.0
2017-11-24,0.0015613403294244543,0.0
2017-11-27,0.0007022638569037346,0.0
2017-11-28,0.0118909868176902,0.0
2017-11-29,-9.446506466234195e-05,0.0
2017-11-30,0.009696268289629495,0.0
2017-12-01,-0.004975533363832829,0.8747155632568393
2017-12-04,-0.008543373644842702,0.0
2017-12-05,-0.0029071101946149484,0.0
2017-12-06,0.0020083659816189647,0.0
2017-12-07,0.004702781370708226,0.0
2017-12-08,0.004647069290062542,0.0
2017-12-11,0.0010769792749647988,0.0
2017-12-12,-0.0034891867845242663,0.0
2017-12-13,0.0006434777106373475,0.0
2017-12-14,-0.004142957429070183,0.0
2017-12-15,0.009903090697035214,0.0
2017-12-18,0.004070221492947267,0.0
2017-12-19,-0.003963257358128473,0.0
2017-12-20,-0.0016802068072251236,0.0
2017-12-21,-0.002581503569386124,0.0
2017-12-22,-7.6948545671056e-05,0.0
2017-12-26,-0.0003835888456923737,0.0
2017-12-27,0.0020875416495254656,0.0
2017-12-28,0.0034708999298601207,0.0
2017-12-29,-0.004255925983250682,0.0
2018-01-02,0.002407196319356819,0.5893131678821186
2018-01-03,0.008904101444544569,0.0
2018-01-04,0.004667238065710507,0.0
2018-01-05,0.008031122595153935,0.0
2018-01-08,0.004342196374791671,0.0
2018-01-09,0.0035959089454969916,0.0
2018-01-10,-0.003544817579793652,0.0
2018-01-11,0.007594897133961583,0.0
2018-01-12,0.0074139226903294254,0.0
2018-01-16,-0.006207096168477044,0.0
2018-01-17,0.013362376299119585,0.0
2018-01-18,-0.0015278643626391003,0.0
2018-01-19,0.0074223913654842474,0.0
2018-01-22,0.004298576760177084,0.0
2018-01-23,0.001211712519454396,0.0
2018-01-24,0.0003865327033605163,0.0
2018-01-25,0.002360549232868038,0.0
2018-01-26,0.012082810305827777,0.0
2018-01-29,-0.009558997692663022,0.0
2018-01-30,-0.010877434544299937,0.0
2018-01-31,-0.0002900694136594639,0.0
2018-02-01,-0.002720831746623853,1.0824453742424065
2018-02-02,-0.01917169552009737,0.0
2018-02-05,-0.037540889238935754,0.0
2018-02-06,0.01721462680727809,0.0
2018-02-07,-0.00040353367072604944,0.0
2018-02-08,-0.03510876591037935,0.0
2018-02-09,0.012037234251168054,0.0
2018-02-12,0.015121636193099783,0.0
2018-02-13,0.005756644772430349,0.0
2018-02-14,0.016823692768111697,0.0
2018-02-15,0.012768224362774808,0.0
2018-02-16,-0.0003779059850466827,0.0
2018-02-20,-0.007598953978975644,0.0
2018-02-21,-0.0027108571896134435,0.0
2018-02-22,0.000493378130191681,0.0
2018-02-23,0.014404766208913802,0.0
2018-02-26,0.009921661132064961,0.0
2018-02-27,-0.013186646803697789,0.0
2018-02-28,-0.008694693924447012,0.0
2018-03-01,-0.012591342891483115,0.999213539120774
2018-03-02,0.003834757573410852,0.0
2018-03-05,0.011869880441187936,0.0
2018-03-06,0.004276295942513568,0.0
2018-03-07,0.0018863206700050839,0.0
2018-03-08,0.004420690372342428,0.0
2018-03-09,0.019712907158806935,0.0
2018-03-12,-0.0029890789144546457,0.0
2018-03-13,-0.005912242950072061,0.0
2018-03-14,-0.007072875638763997,0.0
2018-03-15,-0.001454890932760266,0.0
2018-03-16,0.004231354641299439,0.0
2018-03-19,-0.011649283028502988,0.00543868200140513
2018-03-20,0.0033900788839409004,0.0
2018-03-21,-0.0010417569862420759,0.0
2018-03-22,-0.028747275266842502,0.0
2018-03-23,-0.019381601365035042,0.0
2018-03-26,0.028162848801251566,0.0
2018-03-27,-0.018486654093727677,0.0
2018-03-28,-0.00343229727890827,0.0
2018-03-29,0.014497144836841044,0.0
2018-04-02,-0.0236312087692766,0.5158173385361238
2018-04-03,0.012321666471371007,0.007263390691632533
2018-04-04,0.011112403881216764,0.0
2018-04-05,0.005956682117268309,0.0
2018-04-06,-0.02449028559577843,0.0
2018-04-09,0.003048112796433264,0.0
2018-04-10,0.017038198928365215,0.0
2018-04-11,-0.006294018003997042,0.0
2018-04-12,0.011997928841700232,0.0
2018-04-13,-0.006847029147645055,0.0
2018-04-16,0.007980401558208146,0.0
2018-04-17,0.010536470423922818,0.0
2018-04-18,0.002369540204326582,0.0
2018-04-19,-0.004414856989595262,0.0
2018-04-20,-0.005433389064001006,0.0
2018-04-23,-0.0006575205366384887,0.0
2018-04-24,-0.013847736558419201,0.0
2018-04-25,0.0001377446121974431,0.0
2018-04-26,0.007143258340622338,0.0
2018-04-27,0.0016030415334710927,0.0
2018-04-30,-0.007324393927500082,0.0
2018-05-01,0.0009864534986152584,0.7436479151022419
2018-05-02,-0.009071313424536027,0.0
2018-05-03,-0.002156369332699035,0.0
2018-05-04,0.010777889868627254,0.0
2018-05-07,0.0038823516878213815,0.0
2018-05-08,0.0012128169854898772,0.0
2018-05-09,0.008958113609853532,0.0
2018-05-10,0.008481619022394247,0.0
2018-05-11,0.0012793849437745903,0.0
2018-05-14,-0.0026326288287902826,0.0
2018-05-15,-0.0033761458077867512,0.0
2018-05-16,0.005246446337025942,0.0
2018-05-17,6.603762174910781e-05,0.0
2018-05-18,-0.0017596387027524283,0.0
2018-05-21,0.006273709910043228,0.0
2018-05-22,-0.004339168745889374,0.0
2018-05-23,0.0025974769945224033,0.0
2018-05-24,0.002052145975520135,0.0
2018-05-25,-0.0017959367959332886,0.0
2018-05-29,-0.012355003105545239,0.0
2018-05-30,0.011263188277157877,0.0
2018-05-31,-0.008964210511671523,0.0
2018-06-01,0.009878110469709656,0.9076442538726868
2018-06-04,0.005903799493186749,0.0
2018-06-05,0.004571640678693447,0.0
2018-06-06,0.011035286930883358,0.0
2018-06-07,-0.0014404259266887418,0.0
2018-06-08,0.0045573158180153535,0.0
2018-06-11,0.001450425003623984,0.0
2018-06-12,0.002450961371994393,0.0
2018-06-13,-0.004453601959042886,0.0
2018-06-14,-0.0002088980595974115,0.0
2018-06-15,-0.0013947041547180514,0.0
2018-06-18,0.0015843214292504423,0.0
2018-06-19,-0.00556790942993716,0.0
2018-06-20,0.0006125100188584985,0.0
2018-06-21,-0.0060717656167071365,0.0
2018-06-22,-0.001015963117053759,0.0
2018-06-25,-0.01640412921427746,0.0
2018-06-26,0.0030766202454463173,0.0
2018-06-27,-0.010149170135572576,0.0
2018-06-28,0.0043101132826427226,0.0
2018-06-29,-0.0009771908510134556,0.0
2018-07-02,-4.38657672681142e-05,0.6556867544075404
2018-07-03,-0.005373283337323514,0.0
2018-07-05,0.008310004169774917,0.0
2018-07-06,0.008220078746483707,0.0
2018-07-09,0.011013355683532008,0.0
2018-07-10,0.0020078020587771823,0.0
2018-07-11,-0.008479786216786425,0.0
2018-07-12,0.008035324902624551,0.0
2018-07-13,0.00035465305877380204,0.0
2018-07-16,-0.002027147615654803,0.0
2018-07-17,0.006937107221916527,0.0
2018-07-18,0.005971018810063869,0.0
2018-07-19,-0.003451428292686697,0.0
2018-07-20,-0.0015237405479666016,0.0
2018-07-23,0.003456060484876391,0.0
2018-07-24,-0.0023113699998084424,0.0
2018-07-25,0.010674196719665088,0.0
2018-07-26,0.002320941952482532,0.0
2018-07-27,-0.007382571274396927,0.0
2018-07-30,-0.008295225081998743,0.0
2018-07-31,0.0055264506215931385,0.0
2018-08-01,-0.004169390828123731,0.7601131844297531
2018-08-02,0.004955293845660349,0.0
2018-08-03,0.0025585300946838413,0.0
2018-08-06,0.0036350923105480165,0.0
2018-08-07,0.004111770891060599,0.0
2018-08-08,0.0011871798641388996,0.0
2018-08-09,0.0007260446039103681,0.0
2018-08-10,-0.006678151925005333,0.0
2018-08-13,-0.003395009057302603,0.0
2018-08-14,0.011969585538241671,0.0
2018-08-15,-0.008952704998337007,0.0
2018-08-16,0.006746220033702754,0.0
2018-08-17,0.0051384997202851244,0.0
2018-08-20,0.005300816667826001,0.0
2018-08-21,0.003415417655399896,0.0
2018-08-22,0.00035311119372208246,0.0
2018-08-23,0.000612965487209746,0.0
2018-08-24,0.0032403463510399582,0.0
2018-08-27,0.0034650214397398647,0.0
2018-08-28,0.0008164651354577595,0.0
2018-08-29,0.005112514647394028,0.0
2018-08-30,-0.0060743721698892725,0.0
2018-08-31,0.002349493013452578,0.0
2018-09-04,-0.00033146031368402884,0.8654081730331342
2018-09-05,-0.0006824249902884169,0.0
2018-09-06,-0.0010170680749626696,0.0
2018-09-07,-0.002478887871483948,0.0
2018-09-10,0.004371732872133253,0.0
2018-09-11,0.000761173814085044,0.0
2018-09-12,0.0007376967699552883,0.0
2018-09-13,0.0015346858834105427,0.0
2018-09-14,0.0012592315809024578,0.0
2018-09-17,-0.00397347645801832,0.0
2018-09-18,0.005756493219350126,0.0
2018-09-19,-0.0006685115418079146,0.007316147423445547
2018-09-20,0.004971227580364118,0.0
2018-09-21,0.0021691960596893225,0.0
2018-09-24,-0.005849425195875594,0.0
2018-09-25,-0.0015263215464178526,0.0073444017043570835
2018-09-26,-0.00016034158750218876,0.0
2018-09-27,-0.0024812274782941707,0.0
2018-09-28,0.0019306380499831586,0.0
2018-10-01,-0.0010171814426567227,0.5639106511610452
2018-10-02,-0.00504454738001598,0.0
2018-10-03,-2.4980985529445346e-05,0.0
2018-10-04,-0.00818098564163567,0.0
2018-10-05,-0.005473193746535923,0.0
2018-10-08,-0.0005423164563487899,0.0
2018-10-09,-0.004848627425816552,0.0
2018-10-10,-0.032096399626311965,0.0
2018-10-11,-0.02076496168925701,0.007856466319499458
2018-10-12,0.013244194440175555,0.0
2018-10-15,-0.0007760389769139504,0.0
2018-10-16,0.021852609244627827,0.0
2018-10-17,-0.003090982252423955,0.0
2018-10-18,-0.01296469628525296,0.0
2018-10-19,-0.006019705082635778,0.0
2018-10-22,-0.0015427948248321272,0.0
2018-10-23,-0.008142937798263103,0.0
2018-10-24,-0.028488676407310256,0.0
2018-10-25,0.014060124235423464,0.0
2018-10-26,-0.015218977814135505,0.0
2018-10-29,0.004015978444005569,0.0
2018-10-30,0.019555609718035362,0.0
2018-10-31,0.006234424327226766,0.0
2018-11-01,0.01268920596084211,0.7018213945061068
2018-11-02,-0.0008130624447644318,0.0
2018-11-05,0.0036374164910367266,0.0
2018-11-06,0.006549532571896922,0.0
2018-11-07,0.019953585731123755,0.0
2018-11-08,0.0009738283578016435,0.0
2018-11-09,-0.008949094885966246,0.0
2018-11-12,-0.019334749167983084,0.0
2018-11-13,-0.0005984815914541325,0.0
2018-11-14,-0.009242884197626918,0.0
2018-11-15,0.010697367017463575,0.0
2018-11-16,0.0004936044113747232,0.0
2018-11-19,-0.021559400463097685,0.0
2018-11-20,-0.01688506053438365,0.0
2018-11-21,0.007428164727217894,0.0
2018-11-23,-0.0013100893868085214,0.0
2018-11-26,0.014326583064894004,0.0
2018-11-27,0.0008283491913416316,0.0
2018-11-28,0.02444556548371643,0.0
2018-11-29,-0.0032261882933460407,0.0
2018-11-30,0.0054521325029579515,0.006801008092805392
2018-12-03,0.01076671164259757,0.7700588488203155
2018-12-04,-0.02846530012520044,0.0
2018-12-06,-0.0003797097081419614,0.0
2018-12-07,-0.022968758693051004,0.0
2018-12-10,0.0008201299578374723,0.0
2018-12-11,-0.0008732721920140746,0.0
2018-12-12,0.005326798184952528,0.0
2018-12-13,-0.00438585002865853,0.0
2018-12-14,-0.015665650464023045,0.0
2018-12-17,-0.023736440916648255,0.0
2018-12-18,0.0010570303168798778,0.0
2018-12-19,-0.01432727101349134,0.0
2018-12-20,-0.019970918609797404,0.0
2018-12-21,-0.020080710043239962,0.0
2018-12-24,-0.02373862880016614,0.0
2018-12-26,0.043801336720762585,0.008290572212976735
2018-12-27,0.008453422453499603,0.0
2018-12-28,-0.0017326405715310175,0.0
2018-12-31,0.009579393410825142,0.0
2019-01-02,-0.0035241947425609377,0.8264158062587679
2019-01-03,-0.01233279367099509,0.0
2019-01-04,0.02248263823050977,0.0
2019-01-07,0.005114730760130535,0.0
2019-01-08,0.011689743019508028,0.0
2019-01-09,0.002175569631225165,0.0
2019-01-10,0.008467291917082967,0.0
2019-01-11,0.0011584731956443017,0.0
2019-01-14,-0.005966727547880199,0.0
2019-01-15,0.009222109831905353,0.0
2019-01-16,0.0008237744703781162,0.0
2019-01-17,0.008080710993098627,0.0
2019-01-18,0.0122676964511904,0.0
2019-01-22,-0.009459129876422384,0.0
2019-01-23,0.002981207884225645,0.0
2019-01-24,0.0014153734626216282,0.0
2019-01-25,0.005596333509387593,0.0
2019-01-28,-0.002780603041848653,0.0
2019-01-29,0.0036341791970285493,0.0
2019-01-30,0.010638898093072424,0.0
2019-01-31,0.010021090922949949,0.0
2019-02-01,-3.777793976500465e-05,0.7192761377986323
2019-02-04,0.004874982989695083,0.0
2019-02-05,0.003530480565919771,0.0
2019-02-06,-0.0021096497106310704,0.0
2019-02-07,0.0006729572418768424,0.0
2019-02-08,0.003568418131759006,0.0
2019-02-11,0.0021957243036080606,0.0
2019-02-12,0.007155922938641724,0.0
2019-02-13,0.002171576833980702,0.0
2019-02-14,-0.001277748244100064,0.0
2019-02-15,0.007141494825030513,0.0
2019-02-19,0.0011328484167159724,0.0
2019-02-20,0.0014163768203535837,0.0
2019-02-21,0.002427980778827197,0.0
2019-02-22,0.006642948419416929,0.0
2019-02-25,-0.003151886929307712,0.0
2019-02-26,-0.0011905469253489832,0.0
2019-02-27,0.0006543668100217508,0.0
2019-02-28,0.002418455894185029,0.0
2019-03-01,0.004403405919243486,0.8219840251371757
2019-03-04,-0.003893132317788294,0.0
2019-03-05,-0.0005895924248368226,0.0
2019-03-06,-0.00686032923241659,0.0
2019-03-07,-0.0049366661344261735,0.0
2019-03-08,-0.0022112932510189635,0.0
2019-03-11,0.011680674440160136,0.0
2019-03-12,0.0032326980815806034,0.0
2019-03-13,0.005388652918850229,0.0
2019-03-14,-2.039062173175431e-05,0.0
2019-03-15,0.0037192446665024245,0.0
2019-03-18,0.0014243797778792822,0.0
2019-03-19,-0.00219043089473241,0.0
2019-03-20,-0.006029729851314618,0.0
2019-03-21,0.01499103722123181,0.0
2019-03-22,-0.01603005074059419,0.0
2019-03-25,0.0017252480420649249,0.0
2019-03-26,0.007291749664939903,0.0
2019-03-27,-0.0033060509541583986,0.0
2019-03-28,0.005455314571914938,0.0
2019-03-29,0.005757150645758638,0.0
2019-04-01,0.00813249541923411,0.628009471996934
2019-04-02,-3.863717591281566e-05,0.0
2019-04-03,0.0015041198403402678,0.0071736871678247886
2019-04-04,0.0007076561016662379,0.0
2019-04-05,0.005375186146030473,0.0
2019-04-08,-0.00010946647758918432,0.0
2019-04-09,-0.005848472635732359,0.0
2019-04-10,0.005411769994058856,0.0
2019-04-11,0.0014932766240939946,0.0
2019-04-12,0.00649863190567602,0.0
2019-04-15,-0.0017442432945564198,0.0
2019-04-16,-0.002767321023313089,0.0
2019-04-17,-0.008652532722258167,0.0
2019-04-18,0.0032537226764476498,0.0
2019-04-22,-0.003336899591238417,0.0
2019-04-23,0.008385734009934304,0.0
2019-04-24,0.0017316118175095888,0.0
2019-04-25,-0.0037706044619934594,0.0
2019-04-26,0.0055494068608968996,0.0
2019-04-29,-0.0021732549939762528,0.0
2019-04-30,0.005308131829885447,0.0
2019-05-01,-0.008668975830436354,0.8917414854448371
2019-05-02,0.0018861019797042206,0.0
2019-05-03,0.010933051247489433,0.0
2019-05-06,-0.006238310935049185,0.0
2019-05-07,-0.013858948558422911,0.0
2019-05-08,-0.002297962355236971,0.0
2019-05-09,-0.001534537959859064,0.0
2019-05-10,0.0038841812071204332,0.0
2019-05-13,-0.02376449500864886,0.0
2019-05-14,0.008914882703433762,0.0
2019-05-15,0.005174163066436259,0.0
2019-05-16,0.004950149627052269,0.0
2019-05-17,-0.006759199932561735,0.0
2019-05-20,-0.007375298062609787,0.0
2019-05-21,0.009525337664553678,0.0
2019-05-22,-0.0034229104998190307,0.0
2019-05-23,-0.011765803537259666,0.0
2019-05-24,0.0017405369182392364,0.0
2019-05-28,-0.008897432508485847,0.0
2019-05-29,-0.007644945541655531,0.0
2019-05-30,0.0037179539586256,0.0
2019-05-31,-0.011050484384191359,0.0
2019-06-03,0.0054243716523685315,0.8443116040508175
2019-06-04,0.021971844972480836,0.007090533331779811
2019-06-05,0.005991711987345733,0.0
2019-06-06,0.004530763408088964,0.0
2019-06-07,0.0075665787755745785,0.0
2019-06-10,0.0036605038895090145,0.0
2019-06-11,-0.0011210513360891232,0.0
2019-06-12,-0.002634422128658274,0.0
2019-06-13,0.006086921958866669,0.0
2019-06-14,-0.003224591440444832,0.0
2019-06-17,-0.001231316801792004,0.0
2019-06-18,0.009839517425969058,0.0
2019-06-19,0.00333525574885203,0.0
2019-06-20,0.00755581418036677,0.0
2019-06-21,-0.0034354822350472153,0.0
2019-06-24,-0.00436523568478909,0.0
2019-06-25,-0.007552505542707667,0.0
2019-06-26,-0.0016458727811864225,0.0
2019-06-27,0.006147290987615039,0.0
2019-06-28,0.008710292119191103,0.0
2019-07-01,0.007544381517071708,0.6843871438774813
2019-07-02,0.002615540651707683,0.0
2019-07-03,0.01049371078653389,0.0
2019-07-05,-0.0009053846710563161,0.0
2019-07-08,-0.0038569809281191712,0.0
2019-07-09,-0.00021084878254357863,0.0
2019-07-10,0.0008182786692273796,0.0
2019-07-11,0.0018903064232357858,0.0
2019-07-12,0.006974729704691867,0.0
2019-07-15,-0.0004062299187955273,0.0
2019-07-16,-0.0023866787146690216,0.007189160937106799
2019-07-17,-0.006718219176959144,0.0
2019-07-18,0.002692151230666813,0.0
2019-07-19,-0.007271156864424931,0.0
2019-07-22,0.00032224496895121013,0.0
2019-07-23,0.008049449063212135,0.0
2019-07-24,0.005198795351698985,0.0
2019-07-25,-0.004340125832984868,0.0
2019-07-26,0.007203616480035087,0.0
2019-07-29,-0.001722373685017491,0.0
2019-07-30,-0.0058521394329111055,0.0
2019-07-31,-0.009720872097640606,0.0
2019-08-01,-0.009607123501347847,0.7749193789756041
2019-08-02,-0.010513449214239516,0.0
2019-08-05,-0.030234490745940725,0.0
2019-08-06,0.010839815921868773,0.0
2019-08-07,0.0010807485083603422,0.0
2019-08-08,0.02186230057767069,0.0
2019-08-09,-0.00986386343771073,0.007598806227459208
2019-08-12,-0.0142158321232011,0.007247287841527317
2019-08-13,0.01483432529803183,0.0
2019-08-14,-0.031106190143705026,0.0
2019-08-15,0.00048425920918149077,0.0
2019-08-16,0.015763179960973386,0.0
2019-08-19,0.011903465405390105,0.0
2019-08-20,-0.007836131169124941,0.0
2019-08-21,0.010432786149651594,0.0
2019-08-22,-0.0003718004479296515,0.0
2019-08-23,-0.02837529894358494,0.0
2019-08-26,0.009331471466212582,0.0
2019-08-27,-0.00469327745240836,0.0
2019-08-28,0.008029223453432184,0.0
2019-08-29,0.015809287366372486,0.0
2019-08-30,0.002335190518807505,0.0
2019-09-03,-0.012233312537869967,0.8560715704981278
2019-09-04,0.012287417657634045,0.0
2019-09-05,0.018049928232698638,0.0
2019-09-06,0.002585203743863654,0.0
2019-09-09,0.0034094019075650494,0.0
2019-09-10,0.004321132983078149,0.0
2019-09-11,0.00617483325087904,0.0
2019-09-12,0.0010957066450324052,0.0
2019-09-13,0.00015446586646563655,0.0
2019-09-16,-0.0025445976690705928,0.0
2019-09-17,0.0010971584346403046,0.0
2019-09-18,-0.0005803726982013327,0.0
2019-09-19,-0.001780597278370823,0.0
2019-09-20,-0.004603764550574441,0.0
2019-09-23,-0.00021982236793211535,0.0
2019-09-24,-0.00879483601929584,0.0
2019-09-25,0.006300820045746593,0.0
2019-09-26,-0.0014136381583490867,0.0
2019-09-27,-0.005914468474608303,0.007307906676756189
2019-09-30,0.005669316865363079,0.0
2019-10-01,-0.01596578475283561,0.5222274064710202
2019-10-02,-0.01853950447894332,0.0
2019-10-03,0.00812293944448909,0.0
2019-10-04,0.014047433513498714,0.0
2019-10-07,-0.005878756477581496,0.0
2019-10-08,-0.019005973305508024,0.0
2019-10-09,0.011234943252237395,0.0
2019-10-10,0.006939834202598603,0.0
2019-10-11,0.013861650576210773,0.0
2019-10-14,-0.001306767957287982,0.0
2019-10-15,0.009293369186223165,0.0
2019-10-16,-0.0016924506999768947,0.0
2019-10-17,0.0029401501450458277,0.0
2019-10-18,-0.0027956016250838024,0.0
2019-10-21,0.005460446051682499,0.006938371382664204
2019-10-22,-0.006019481682330346,0.0
2019-10-23,0.00150442490710653,0.0
2019-10-24,0.0010237918701002256,0.0
2019-10-25,0.002912722473127153,0.0
2019-10-28,0.004349263063776642,0.0
2019-10-29,0.001876464563131235,0.0
2019-10-30,0.0013742524233717696,0.0
2019-10-31,-0.00217191847413228,0.0
2019-11-01,0.011719767555970817,0.9096751904269311
2019-11-04,0.003611852185213624,0.0
2019-11-05,-0.001189376495847968,0.0
2019-11-06,-0.0001283486692849698,0.0
2019-11-07,-0.0014601265831601087,0.0
2019-11-08,0.0005127931048106377,0.0
2019-11-11,-0.002235347437997677,0.0
2019-11-12,-6.106769586088624e-05,0.0
2019-11-13,-9.080405191735127e-05,0.0
2019-11-14,0.002782074348622751,0.0
2019-11-15,0.006222246050921563,0.0
2019-11-18,0.00033449187934319,0.0
2019-11-19,-0.0012469054066861092,0.0
2019-11-20,-0.00184524284025282,0.0
2019-11-21,-0.0036745664858932143,0.0
2019-11-22,0.002676394017929126,0.0
2019-11-25,0.0076329229438683,0.0
2019-11-26,0.002233921976668371,0.0
2019-11-27,0.00353210691454776,0.0
2019-11-29,-0.004736852419853064,0.0
2019-12-02,-0.008670745461083262,1.018294995808321
2019-12-03,-0.009729886041381582,0.0
2019-12-04,0.006945256190546847,0.0
2019-12-05,0.003474961133685955,0.0
2019-12-06,0.009402971219414578,0.0
2019-12-09,-0.0024277723836281535,0.0
2019-12-10,4.706296924655357e-05,0.0
2019-12-11,0.0027161491462894816,0.007295462099460399
2019-12-12,0.014579334218397109,0.0
2019-12-13,-0.004332289205379899,0.0
2019-12-16,0.005385208163436607,0.0
2019-12-17,0.0005714444389405449,0.0
2019-12-18,-0.0006312103276116708,0.0
2019-12-19,0.002240364704377333,0.0
2019-12-20,0.005100212356246448,0.0
2019-12-23,-0.00025602881748745506,0.0
2020-01-29,-0.004802110138168669,0.7663138098439699
2020-01-30,0.00212959430520591,0.0
2020-01-31,-0.020998950864411205,0.0
2020-02-03,0.006973715896821497,0.3872737135696305
2020-02-04,0.014193070401512,0.0
2020-02-05,0.0167572023396975,0.0
2020-02-06,-0.0035895737370202595,0.0
2020-02-07,-0.007886639900221096,0.0
2020-02-10,0.0038985534823731474,0.0
2020-02-11,0.006591077775990804,0.0
2020-02-12,0.005575401139377798,0.0
2020-02-13,-0.0021753996407814914,0.0
2020-02-14,-0.0005308870428656002,0.0
2020-02-18,-0.003937589476080024,0.0
2020-02-19,0.0030821209274243676,0.0
2020-02-20,0.0010454475802281836,0.0
2020-02-21,-0.007070425147435536,0.0
2020-02-24,-0.030070435914405582,0.0
2020-02-25,-0.03236381099778525,0.0
2020-02-26,-0.008446636029128282,0.0
2020-02-27,-0.03687098564117307,0.0
2020-02-28,-0.014110464022369363,0.0
2020-03-02,0.03914054192942351,0.7673069816189831
2020-03-03,-0.02805896660980381,0.0
2020-03-04,0.03794264589952235,0.0
2020-03-05,-0.03607767205261051,0.0
2020-03-06,-0.016404652784341243,0.0
2020-03-09,-0.0763634608043099,0.0
2020-03-10,0.04521616401592305,0.0
2020-03-11,-0.05115532232057934,0.0
2020-03-12,-0.10083425524599987,0.0
2020-03-13,0.07862664434336235,0.0
2020-03-16,-0.115305449538909,0.0
2020-03-17,0.06657946392717662,0.0
2020-03-18,-0.06469645526047979,0.0
2020-03-19,0.0011296892620042374,0.0
2020-03-20,-0.0460648013201908,0.0
2020-03-23,-0.03125317821064278,0.0
2020-03-24,0.09689968200113953,0.0
2020-03-25,0.020883918662784634,0.0
2020-03-26,0.05868531231546058,0.0
2020-03-27,-0.03567660617439675,0.0
2020-03-30,0.027166294250052226,0.0
2020-03-31,-0.014275296525298404,0.0
2020-04-01,-0.047669216776093704,1.3188959627909334
2020-04-02,0.019084464831918956,0.0
2020-04-03,-0.014937631982890479,0.0
2020-04-06,0.08640661422306589,0.0
2020-04-07,0.020457267040257632,0.007848432892964583
2020-04-08,0.060023311286712566,0.0
2020-04-09,0.03244405022349681,0.0
2020-04-13,-0.0292405592980122,0.0
2020-04-14,0.016155496709510588,0.0
2020-04-15,-0.043213608669311704,0.0
2020-04-16,-0.020130843662024316,0.0
2020-04-17,0.05316124390515916,0.0
2020-04-20,-0.02530683115814507,0.0
2020-04-21,-0.027319878690284863,0.0
2020-04-22,0.019984057435542893,0.0
2020-04-23,0.009822407436318781,0.0
2020-04-24,0.011654150519779352,0.0
2020-04-27,0.02829736221568934,0.0
2020-04-28,0.02460180516722485,0.0
2020-04-29,0.05245290992069318,0.0
2020-04-30,-0.028529734855477364,0.0
2020-05-01,-0.05147367345748577,1.1016880355352887
2020-05-04,0.0029314019039186033,0.0
2020-05-05,0.0104571318843053,0.0
2020-05-06,-0.014922155432800295,0.0
2020-05-07,0.012673034726243681,0.0
2020-05-08,0.017832916904896585,0.0
2020-05-11,-0.002648535409508131,0.0
2020-05-12,-0.021932971043023275,0.0
2020-05-13,-0.018428993469947037,0.0
2020-05-14,0.009790608373193517,0.0
2020-05-15,0.0025381884183879977,0.0
2020-05-18,0.03477089368959475,0.0
2020-05-19,-0.012902409103887772,0.0
2020-05-20,0.013319636435899751,0.0
2020-05-21,-0.006655528386503066,0.0
2020-05-22,0.004761146570696275,0.0
2020-05-26,0.017186515605458925,0.0
2020-05-27,0.017573369913250404,0.0
2020-05-28,0.004829385098387409,0.0
2020-05-29,0.004572150107501892,0.0
2020-06-01,0.0047480462607578655,0.738101131229782
2020-06-02,0.010470969425524819,0.0
2020-06-03,0.027162717332748155,0.0
2020-06-04,0.0002266603403721511,0.0
2020-06-05,0.036050194610374175,0.0
2020-06-08,0.02484751786897741,0.0
2020-06-09,-0.023955976911771284,0.0
2020-06-10,-0.020943979857943756,0.0
2020-06-11,-0.06723403288095003,0.0
2020-06-12,0.020002825931158482,0.0
2020-06-15,0.009184968318531338,0.0
2020-06-16,0.02075838197755984,0.0
2020-06-17,-0.010627340103436992,0.0
2020-06-18,-0.00017275141786254552,0.0
2020-06-19,-0.011609858260635486,0.0
2020-06-22,0.00376732005125987,0.0
2020-06-23,0.0015657776121154768,0.0
2020-06-24,-0.033666524180576585,0.0
2020-06-25,0.013131821320708392,0.0
2020-06-26,-0.02165621733240209,0.0
2020-06-29,0.019524710227467882,0.0
2020-06-30,0.014507625106203185,0.0
2020-07-01,-0.002799787787222674,0.7018490742538731
2020-07-02,0.004605107860035242,0.0
2020-07-06,0.005707374042164315,0.0
2020-07-07,-0.013646162171107992,0.0
2020-07-08,0.004694243517791571,0.0
2020-07-09,-0.014354034937350036,0.0
2020-07-10,0.012536159026328066,0.0
2020-07-13,-0.003270356224642116,0.0
2020-07-14,0.015402410533109995,0.0
2020-07-15,0.019267545084054476,0.0
2020-07-16,-0.0009744186518789184,0.0
2020-07-17,0.009390196108792636,0.0
2020-07-20,-0.005342267221452311,0.0
2020-07-21,0.008158194891652825,0.0
2020-07-22,0.01047516130749873,0.0
2020-07-23,-0.0028632526453069964,0.0
2020-07-24,-0.004597009838022382,0.0
2020-07-27,0.0011898907283885041,0.0
2020-07-28,-0.0037661336790116183,0.0
2020-07-29,0.01591587891601717,0.0
2020-07-30,-0.006975996974900022,0.0
2020-07-31,-0.0023825622917053625,0.0
2020-08-03,-0.002916329736330936,1.3709481867230324
2020-08-04,0.0061797075533448625,0.0
2020-08-05,0.008565433997321601,0.0
2020-08-06,1.7975528557410015e-05,0.0
2020-08-07,0.010035553741475065,0.0
2020-08-10,0.014945216157637671,0.0
2020-08-11,0.0013418542518459351,0.0
2020-08-12,0.005976860594043183,0.0
2020-08-13,-0.005722191727687603,0.0
2020-08-14,0.0022735552466429214,0.0
2020-08-17,-0.002254750254759817,0.0
2020-08-18,-0.004828186060229213,0.0
2020-08-19,-0.0049046597520228455,0.0
2020-08-20,-0.00621204253629464,0.0
2020-08-21,-0.002021306339281258,0.0
2020-08-24,0.01858449735341723,0.0
2020-08-25,-0.0013721705975031375,0.0
2020-08-26,-0.002549128192830631,0.0
2020-08-27,0.005112633216331492,0.0
2020-08-28,0.010694693080300723,0.0
2020-08-31,-0.010100779576314778,0.0
2020-09-01,0.0058230041538409605,1.0444174413897027
2020-09-02,0.019153485325450026,0.0
2020-09-03,-0.022695284877852367,0.0
2020-09-04,-0.0025071212836782954,0.0
2020-09-08,-0.020642525513847078,0.0
2020-09-09,0.014437096381985485,0.0
2020-09-10,-0.013480387374400906,0.0
2020-09-11,0.0053079843370929915,0.0
2020-09-14,0.014516029309383557,0.0
2020-09-15,0.0006246752568457073,0.0
2020-09-16,0.006848487578127449,0.0
2020-09-17,-0.0027951947802833015,0.0
2020-09-18,-0.010427229508677258,0.0
2020-09-21,-0.02445572482090097,0.006391452845522871
2020-09-22,0.0041939577527656535,0.006888400515833366
2020-09-23,-0.019830042886056998,0.0
2020-09-24,0.0021535054250679474,0.0
2020-09-25,0.010816655705148073,0.0
2020-09-28,0.018506913488606495,0.0
2020-09-29,-0.006302726261239391,0.0
2020-09-30,0.006926810583771661,0.0
2020-10-01,-0.0006325654521269763,0.9281914846739293
2020-10-02,0.0012364399602312068,0.0
2020-10-05,0.01597539306103203,0.0
2020-10-06,-0.013476022721147098,0.0
2020-10-07,0.01722783040463819,0.0
2020-10-08,0.012486167658784852,0.003513943743824343
2020-10-09,0.005351245268762812,0.0
2020-10-12,0.007216503979569828,0.0
2020-10-13,-0.008981367553618301,0.0
2020-10-14,-0.0014842520100103226,0.0
2020-10-15,0.0015270229730971398,0.0
2020-10-16,-0.0018569658407505934,0.0
2020-10-19,-0.013548433672630046,0.0
2020-10-20,0.0052307298186783525,0.0
2020-10-21,-0.003852789016235059,0.0
2020-10-22,0.008561211949857213,0.0
2020-10-23,0.0033734475478521962,0.0
2020-10-26,-0.02162326888425966,0.0
2020-10-27,-0.011205047600352664,0.0
2020-10-28,-0.03358655975410352,0.0
2020-10-29,0.007169967566274961,0.0
2020-10-30,-0.0037460184717452525,0.0
2020-11-02,0.01915816753270705,0.6950189408851322
2020-11-03,0.018240930436949458,0.0
2020-11-04,0.008633099023854982,0.0
2020-11-05,0.01580451380981697,0.0
2020-11-06,0.003385499784975746,0.0
2020-11-09,0.011772030515514502,0.0
2020-11-10,0.00372386376944046,0.0
2020-11-11,0.006539430046411407,0.0
2020-11-12,-0.012006714099358409,0.0
2020-11-13,0.017844627879169676,0.0
2020-11-16,0.012929937745503106,0.0
2020-11-17,-0.004544639903155944,0.0
2020-11-18,-0.009082679749498043,0.0
2020-11-19,0.003992354949350175,0.0
2020-11-20,-0.006601407657849101,0.0
2020-11-23,0.007692443717647128,0.0
2020-11-24,0.014817351258718426,0.0
2020-11-25,-0.0030880464906407118,0.0
2020-11-27,0.002606197587295368,0.0
2020-11-30,-0.0012202859437345842,0.0
2020-12-01,0.005796322521375075,1.025993574275421
2020-12-02,-0.00022338684576371786,0.0
2020-12-03,0.0029412655488061214,0.0
2020-12-04,0.011203108191879453,0.0
2020-12-07,-0.003982329985419437,0.0
2020-12-08,0.0009186801185771424,0.0
2020-12-09,6.009772382266464e-05,0.0
2020-12-10,-0.0029406220005427954,0.0
2020-12-11,-0.0030348423811611723,0.0
2020-12-14,-0.00875817169340241,0.0
2020-12-15,0.014832484316517321,0.0
2020-12-16,-0.0008078161579179444,0.0
2020-12-17,0.008148998103063224,0.0
2020-12-18,-0.0014561970884016406,0.0
2020-12-21,-0.0056601563935753385,0.0
2021-01-08,0.002756560616379966,0.6722268657503182
2021-01-11,-0.0037094872820450445,0.0
2021-01-12,0.00810096722171898,0.0
2021-01-13,-0.002369222501449357,0.0
2021-01-14,0.00146807442811428,0.0
2021-01-15,-0.006604784870230378,0.0
2021-01-19,0.0011900034790982843,0.0
2021-01-20,0.006714311957026285,0.0
2021-01-21,-0.0076002452454022144,0.0
2021-01-22,-0.004157155945295123,0.0
2021-01-25,-0.0021268188233992,0.0
2021-01-26,-0.004524076911741519,0.0
2021-01-27,-0.025528532948589668,0.0
2021-01-28,0.013804372793498474,0.0
2021-01-29,-0.019316646009856865,0.0
2021-02-01,0.010440223370197454,0.5599535575923182
2021-02-02,0.018771515721098468,0.0
2021-02-03,0.010372015564521027,0.0
2021-02-04,0.019344303135873205,0.0
2021-02-05,0.004121068187092177,0.0
2021-02-08,0.01375643391792047,0.0
2021-02-09,-0.0014039195269705774,0.0
2021-02-10,0.005252622149742115,0.0
2021-02-11,-0.000633868243301928,0.0
2021-02-12,0.005486859008076913,0.0
2021-02-16,0.00973598669377526,0.0
2021-02-17,-0.0010880164576345128,0.0
2021-02-18,-0.006045122782642517,0.0
2021-02-19,0.014327786275314527,0.0
2021-02-22,0.018333400677906644,0.0
2021-02-23,0.009189265616229783,0.0
2021-02-24,0.02285958098010205,0.0
2021-02-25,-0.024801656156846395,0.0
2021-02-26,-0.010449736668941412,0.0
2021-03-01,0.020913126515327507,0.7579653689177916
2021-03-02,-0.0030731894258067883,0.0
2021-03-03,3.526554678295727e-05,0.0
2021-03-04,-0.012164658140039263,0.0
2021-03-05,0.025450426515045206,0.0
2021-03-08,0.014551214796772028,0.0
2021-03-09,-0.00685493374121557,0.0
2021-03-10,0.01364399395152327,0.0
2021-03-11,0.0013947693406957088,0.0
2021-03-12,0.009064139742213996,0.0
2021-03-15,0.0067103406356211984,0.0
2021-03-16,-0.010551463809226638,0.0
2021-03-17,0.0046786795383032004,0.0
2021-03-18,-0.006885308385313456,0.0
2021-03-19,-0.005492833340869221,0.0
2021-03-22,-0.0024538512307446664,0.0
2021-03-23,-0.016931493644752105,0.007086105485455586
2021-03-24,0.0015089414682160117,0.0
2021-03-25,0.0173461071171533,0.0
2021-03-26,0.018723637952666867,0.0
2021-03-29,-0.00632599023750758,0.0
2021-03-30,0.0032852680894467023,0.0
2021-03-31,-0.005750072249365848,0.0
2021-04-01,0.006605514254124367,1.059772857491461
2021-04-05,0.01127807899198234,0.0
2021-04-06,0.0014188566285356216,0.0
2021-04-07,-0.001712934256849133,0.0
2021-04-08,0.0024251268719554867,0.0
2021-04-09,0.006690577135623265,0.0
2021-04-12,0.0012248596058553754,0.0
2021-04-13,-0.0031782270682169027,0.0
2021-04-14,-0.0003344965130733335,0.0
2021-04-15,0.0068924588939932915,0.0
2021-04-16,0.004848347586512779,0.0
2021-04-19,-0.0041449274541498346,0.0
2021-04-20,-0.007739502662371213,0.0
2021-04-21,0.012715735233799874,0.007096526646513775
2021-04-22,-0.0071230396437180436,0.0
2021-04-23,0.010523844668671331,0.0
2021-04-26,0.001133700429532176,0.0
2021-04-27,0.002686331944862083,0.0
2021-04-28,-0.0009776454109766157,0.0
2021-04-29,0.009785821024133329,0.0
2021-04-30,-0.006770717110831679,0.0
2021-05-03,0.002133179655276818,1.1624847667587264
2021-05-04,0.002074923089527069,0.0
2021-05-05,0.00013771660938616378,0.0
2021-05-06,0.00848994948617805,0.0
2021-05-07,0.007378525898059268,0.0
2021-05-10,0.0023027142322461515,0.0
2021-05-11,-0.012149795803882545,0.0
2021-05-12,-0.019400672798204125,0.0
2021-05-13,0.014733859717058383,0.0
2021-05-14,0.008211935131177451,0.0
2021-05-17,-0.0023823891292291664,0.0
2021-05-18,-0.007637832603766215,0.0
2021-05-19,-0.0037500631113843155,0.0
2021-05-20,0.007973867563562748,0.0
2021-05-21,0.002077974963424898,0.0
2021-05-24,0.0037466366017357682,0.0
2021-05-25,-0.0063031632693619985,0.0
2021-05-26,0.0013041916955281933,0.0
2021-05-27,0.0014457769053991055,0.0
2021-05-28,0.0017500885781158476,0.0
2021-06-01,-0.0011945431197227796,0.9052268953691178
2021-06-02,0.004158043575182536,0.0
2021-06-03,-0.0005090000472335186,0.0
2021-06-04,0.006351994256689205,0.0
2021-06-07,-0.002012586739753309,0.0
2021-06-08,3.739022016493337e-06,0.0
2021-06-09,5.404846964546814e-05,0.0
2021-06-10,0.006224284342139938,0.0
2021-06-11,0.0029142032024427156,0.0
2021-06-14,0.0009019675187243594,0.0
2021-06-15,-0.0006070676079847281,0.0
2021-06-16,-0.007822588772554071,0.0
2021-06-17,-0.000748979318839847,0.0
2021-06-18,-0.017101746603026526,0.0
2021-06-21,0.016418817194548727,0.0
2021-06-22,0.0004010457963283994,0.0
2021-06-23,-0.00459399855136716,0.0
2021-06-24,0.004660513154493284,0.0
2021-06-25,0.0071104528084103315,0.0
2021-06-28,-0.001384940082225916,0.0
2021-06-29,-0.002369349579731333,0.0
2021-06-30,-0.0004554145319355555,0.0
2021-07-01,0.006152234862600414,0.9041215271656332
2021-07-02,0.002244720792891961,0.0
2021-07-06,-0.006890570163747271,0.0
2021-07-07,0.003511026561211158,0.0
2021-07-08,-0.00910167292956709,0.0
2021-07-09,0.012848804625076295,0.0
2021-07-12,0.0008031728261463946,0.0
2021-07-13,-0.007619385077117453,0.0
2021-07-14,0.00046915942852422443,0.0
2021-07-15,-0.00021127706634531396,0.0
2021-07-16,-0.0030139696100490733,0.0
2021-07-19,-0.018363172635156036,0.0
2021-07-20,0.015111539272909907,0.0
2021-07-21,0.006348708740052934,0.0
2021-07-22,-0.0036965041096397658,0.0
2021-07-23,0.007555283764836017,0.0
2021-07-26,0.004183858732596007,0.0
2021-07-27,0.0016909877063223204,0.0
2021-07-28,-0.003431064343475881,0.0
2021-07-29,0.005650626155959855,0.0
2021-07-30,-0.0027760073117209607,0.0
2021-08-02,-0.002308622521688286,0.8070369755606026
2021-08-03,0.005733785562603342,0.0
2021-08-04,-0.008686324380038912,0.0069954050865159
2021-08-05,0.0031170578838261203,0.0
2021-08-06,0.002704720405050308,0.0
2021-08-09,-0.0018965069073568525,0.0
2021-08-10,0.000949573742012063,0.0
2021-08-11,0.005429591848096382,0.0
2021-08-12,-0.0009274967134199666,0.0
2021-08-13,0.003354582119236706,0.0
2021-08-16,0.004264056548118584,0.0
2021-08-17,-0.001939963495919183,0.0
2021-08-18,-0.0108876647864685,0.0
2021-08-19,0.0028287326037208685,0.0
2021-08-20,0.0057750848699898065,0.0
2021-08-23,0.0027188273709990197,0.0
2021-08-24,-0.00209013643709471,0.0
2021-08-25,0.002203104802217697,0.0
2021-08-26,-0.005778587069449808,0.0
2021-08-27,0.006542489851628622,0.0
2021-08-30,0.0015511196696299287,0.0
2021-08-31,0.001162620414094672,0.0
2021-09-01,0.0007863735963871132,0.8140516585310342
2021-09-02,0.004304332337647093,0.0
2021-09-03,-0.0027718578627411003,0.0
2021-09-07,-0.009259475942754978,0.0
2021-09-08,0.005567201756019954,0.0
2021-09-09,-0.005805306382371446,0.0
2021-09-10,-0.007384186644568609,0.0
2021-09-13,0.0016582720301724944,0.0
2021-09-14,-0.00447239548655246,0.0
2021-09-15,0.004530813883041479,0.0
2021-09-16,-0.0009446361585329314,0.0
2021-09-17,-0.007980048665755596,0.0
2021-09-20,-0.011121168681443631,0.0
2021-09-21,-0.003209125400639539,0.0
2021-09-22,0.0073925845748090205,0.0
2021-09-23,0.006940222968062499,0.0
2021-09-24,0.0002768359138304384,0.0
2021-09-27,-0.0029851107070516794,0.0
2021-09-28,-0.014065441199383546,0.0
2021-09-29,0.006640047966187932,0.0
2021-09-30,-0.01566513819560619,0.0
2021-10-01,0.00720768576387365,0.7125186001133211
2021-10-04,-0.006729195665248622,0.0
2021-10-05,0.005631373194765944,0.0
2021-10-06,0.005890590859150229,0.0
2021-10-07,0.006865289770599123,0.0
2021-10-08,-0.004452634015350803,0.0
2021-10-11,-0.005851771616789171,0.0
2021-10-12,0.0008464273772453706,0.0
2021-10-13,0.0043322432604121705,0.0
2021-10-14,0.01564350152416104,0.0
2021-10-15,0.0023880875918784006,0.0
2021-10-18,-0.0020703762478881224,0.0
2021-10-19,0.007572376866713712,0.0
2021-10-20,0.007250324975815757,0.0
2021-10-21,0.004152079914106025,0.0
2021-10-22,0.0029680981523738078,0.0
2021-10-25,8.627488310932992e-05,0.0
2021-10-26,-0.0004035575340781412,0.0
2021-10-27,-0.008686705207516923,0.0
2021-10-28,0.005928329468590662,0.0
2021-10-29,-6.051514051426702e-05,0.0
2021-11-01,0.0021678870280690266,0.7632456291515981
2021-11-02,0.0038681248496216505,0.0
2021-11-03,0.003894181829321133,0.0
2021-11-04,-0.00046160013497077766,0.0
2021-11-05,0.00744098177685085,0.0
2021-11-08,0.0002732252881022003,0.0
2021-11-09,0.0007942991821827687,0.0
2021-11-10,-0.0023405244007580076,0.0
2021-11-11,-0.0017209436355586237,0.0
2021-11-12,0.004244427285547693,0.0
2021-11-15,0.002219302263955023,0.0
2021-11-16,0.0012032798779680323,0.0
2021-11-17,-0.0032896284578125,0.0
2021-11-18,-0.00483837027397558,0.0
2021-11-19,-0.0018691675036813875,0.0
2021-11-22,-0.0015067338392590313,0.0
2021-11-23,0.0004739298899388003,0.0
2021-11-24,0.00025882766339258186,0.0
2021-11-26,-0.02004485336825053,0.0
2021-11-29,0.006460946591372437,0.0
2021-11-30,-0.025951696624955577,0.0
2021-12-01,-0.012442478959848291,0.9297773708156323
2021-12-02,0.020265016763433383,0.0
2021-12-03,-0.0006999702519304704,0.0
2021-12-06,0.017166480730359847,0.0
2021-12-07,0.01330446173809545,0.0
2021-12-08,0.0035336456955287763,0.0
2021-12-09,-0.0044450099525627645,0.0
2021-12-10,0.005443727893637229,0.0
2021-12-13,-0.00221002444629692,0.0
2021-12-14,-0.005681059054481505,0.0
2021-12-15,0.010685283610701424,0.00681995663667234
2021-12-16,-0.0006979340338331311,0.0
2021-12-17,-0.010528557858932693,0.0
2021-12-20,-0.01101482074288014,0.0
2022-01-11,0.004780600084317355,0.9407011332989246
2022-01-12,0.0017826930775461684,0.0
2022-01-13,-0.005941852160598308,0.0
2022-01-14,-0.005021255674687048,0.0
2022-01-18,-0.017573074306923654,0.0
2022-01-19,-0.009571156892082771,0.0
2022-01-20,-0.012158869951936251,0.0
2022-01-21,-0.014279060486541116,0.0
2022-01-24,0.008000760997349352,0.0
2022-01-25,-0.01596719848314969,0.0
2022-01-26,-0.006082381533300171,0.0
2022-01-27,-0.009447581939169756,0.0
2022-01-28,0.015961521093821818,0.0
2022-01-31,0.01941797587203173,0.0
2022-02-01,0.007152579615049115,0.9701959969394319
2022-02-02,0.0004752762397518572,0.0
2022-02-03,-0.020421101510521456,0.007588675587619434
2022-02-04,0.003291079545335192,0.0
2022-02-07,0.0027431901351120547,0.0
2022-02-08,0.016206142654291166,0.0
2022-02-09,0.025735553296876598,0.0
2022-02-10,-0.014290959404857265,0.0
2022-02-11,-0.024125036025449242,0.0
2022-02-14,-0.004379909045966454,0.0
2022-02-15,0.027248351708421124,0.0
2022-02-16,0.001526815672072468,0.007479478943260375
2022-02-17,-0.02645270823851097,0.0
2022-02-18,-0.008113592022515957,0.0
2022-02-22,-0.012171819815755429,0.0
2022-02-23,-0.02004259938790185,0.0
2022-02-24,0.019291381912178357,0.0
2022-02-25,0.02744938869357558,0.0
2022-02-28,-0.007894574611735199,0.0
2022-03-01,-0.02818333046935262,0.6430175109308948
2022-03-02,0.022022184042628717,0.0
2022-03-03,-0.011845301013138817,0.0
2022-03-04,-0.019756409613411515,0.0
2022-03-07,-0.04161437824390565,0.0
2022-03-08,0.0031355533610361594,0.0
2022-03-09,0.030712283850755234,0.0
2022-03-10,-0.006590817095274588,0.0
2022-03-11,-0.015116683897868907,0.0
2022-03-14,-0.0078007957355433425,0.0
2022-03-15,0.023802958881025335,0.0
2022-03-16,0.030452728556233988,0.0
2022-03-17,0.01260428455137048,0.0
2022-03-18,0.012771858940834114,0.0
2022-03-21,-0.009126454504754819,0.0
2022-03-22,0.011879653210236017,0.0
2022-03-23,-0.017972494399249354,0.0
2022-03-24,0.015453616399786995,0.0
2022-03-25,0.00353711159850384,0.0
2022-03-28,0.0054169339874975235,0.0
2022-03-29,0.023778415668590153,0.0
2022-03-30,-0.012722460530422485,0.0
2022-03-31,-0.014705849897182544,0.0
2022-04-01,0.0013578272199303854,0.7891591450309832
2022-04-04,0.009238605365520274,0.0
2022-04-05,-0.019177656028883217,0.014769868747877548
2022-04-06,-0.016607950181022867,0.0
2022-04-07,-0.0027214078881682086,0.0
2022-04-08,-0.0011291694268262698,0.0
2022-04-11,-0.0025001913334652174,0.0
2022-04-12,-0.004976277329091871,0.0
2022-04-13,0.01655984986661755,0.0
2022-04-14,-0.007445472946412613,0.0
2022-04-18,-0.00036586340530231614,0.0
2022-04-19,0.02538660340706823,0.0
2022-04-20,0.00042660487095441007,0.0
2022-04-21,-0.013453390801733411,0.0
2022-04-22,-0.024456143336961406,0.0
2022-04-25,0.008313383044720792,0.0
2022-04-26,-0.030636947427423337,0.0
2022-04-27,0.001351108416112131,0.0
2022-04-28,0.022786998193912757,0.0
2022-04-29,-0.02930874900746188,0.0
2022-05-02,0.010174945335299945,0.6744654905425537
2022-05-03,0.009639368056516127,0.0
2022-05-04,0.03147189781965355,0.0
2022-05-05,-0.040952681744507974,0.0
2022-05-06,-0.022985944640329416,0.0
2022-05-09,-0.03494460512932476,0.0
2022-05-10,-0.0012996056287961275,0.0
2022-05-11,-0.02709671409770745,0.0
2022-05-12,0.008574136132396111,0.0
2022-05-13,0.03278188223362545,0.0
2022-05-16,-0.013241129845149632,0.0
2022-05-17,0.03481128018910404,0.0
2022-05-18,-0.04391142552576159,0.0
2022-05-19,-0.0020313755612207307,0.0
2022-05-20,0.0010443963243277994,0.0
2022-05-23,0.011723189315016752,0.0
2022-05-24,-0.0218549023237308,0.0
2022-05-25,0.02276593507077799,0.0
2022-05-26,0.03376553381093275,0.0
2022-05-27,0.027107421105192955,0.0
2022-05-31,-0.006002854802049164,0.0
2022-06-01,-0.015574490752512493,0.7806187512637939
2022-06-02,0.027777387459796833,0.0
2022-06-03,-0.017230173152032395,0.0
2022-06-06,0.005217667562803076,0.0
2022-06-07,0.007217769868228353,0.0
2022-06-08,-0.012861271188392896,0.0
2022-06-09,-0.025989230781986932,0.0
2022-06-10,-0.03533982830224991,0.022562176908519194
2022-06-13,-0.04933818644469355,0.0
2022-06-14,-0.005330251334322776,0.0
2022-06-15,0.01755578646808009,0.0
2022-06-16,-0.045723708077292105,0.0
2022-06-17,0.01235271189152342,0.0
2022-06-21,0.009293053995416065,0.0
2022-06-22,-0.0015500042619811174,0.0
2022-06-23,0.01062095492775295,0.0
2022-06-24,0.04088923286889246,0.0
2022-06-27,-0.006910067332787123,0.0
2022-06-28,-0.020298188386468744,0.0
2022-06-29,-0.008687216248969287,0.014473443656122548
2022-06-30,-0.0126361699215958,0.0
2022-07-01,0.015218083638449231,0.617791921214494
2022-07-05,0.006573035321140088,0.0
2022-07-06,-0.008347233834796398,0.0
2022-07-07,0.025348463622702676,0.0
2022-07-08,-0.006396871274976713,0.0
2022-07-11,-0.020518393173058445,0.0
2022-07-12,0.005267174459930988,0.0
2022-07-13,-0.004273359188343206,0.0
2022-07-14,-0.00865184670202114,0.0
2022-07-15,0.025979782269870605,0.0
2022-07-18,0.0033798314978406045,0.0
2022-07-19,0.04027129496145243,0.0
2022-07-20,0.017133966093785247,0.0
2022-07-21,0.005349661255500001,0.0
2022-07-22,-0.012968799114035263,0.0
2022-07-25,-0.000265891329306348,0.0
2022-07-26,-0.016108392999393387,0.0
2022-07-27,0.03028156724338258,0.0
2022-07-28,0.014544219144318563,0.0
2022-07-29,0.008811366998096204,0.0
2022-08-01,-9.337181765634028e-05,0.6512828739370087
2022-08-02,-0.005146440705976083,0.0
2022-08-03,0.014742498100863909,0.0
2022-08-04,-0.0062153325289635315,0.0
2022-08-05,0.0010388153059571969,0.0
2022-08-08,0.006668176640274755,0.0
2022-08-09,-0.014831979138417582,0.0
2022-08-10,0.02849862437190639,0.0
2022-08-11,0.006853477733657222,0.0
2022-08-12,0.01572822648527817,0.0
2022-08-15,3.321717704775651e-05,0.0
2022-08-16,0.005701565914752003,0.0
2022-08-17,-0.017826522452716285,0.0
2022-08-18,0.004552424820183859,0.0
2022-08-19,-0.018918769400267276,0.0
2022-08-22,-0.02786647823500822,0.0
2022-08-23,0.0031168461889816237,0.0
2022-08-24,0.006206846622602373,0.0
2022-08-25,0.019191738808841858,0.0
2022-08-26,-0.03903431985093048,0.0
2022-08-29,-0.006642772085492914,0.0
2022-08-30,-0.009627439547231133,0.0
2022-08-31,-0.00877831373591915,0.0
2022-09-01,-0.0027617997268968297,0.7329749391655709
2022-09-02,-0.0074798298358574366,0.0
2022-09-06,-0.006035238993506047,0.0
2022-09-07,0.02775577278368791,0.0
2022-09-08,0.014366604810337937,0.0
2022-09-09,0.021081568234135352,0.0
2022-09-12,0.010590117529933957,0.0
2022-09-13,-0.05127470069051655,0.0
2022-09-14,3.143187606269955e-05,0.0
2022-09-15,-0.006795322839462233,0.0
2022-09-16,-0.013355829303068481,0.0
2022-09-19,0.006202843039895988,0.0
2022-09-20,-0.019770055076995734,0.0
2022-09-21,-0.020819226714001167,0.0
2022-09-22,-0.023093639552980383,0.0
2022-09-23,-0.016805522370338277,0.0
2022-09-26,-0.014676123182568949,0.0
2022-09-27,-0.00019760524599908244,0.0
2022-09-28,0.030015769805949298,0.0
2022-09-29,-0.025953949200808735,0.0
2022-09-30,-0.01790167081478539,0.0
2022-10-03,0.029028097594764546,0.539630477821045
2022-10-04,0.04546705460630564,0.0
2022-10-05,-0.0025956849941232967,0.0
2022-10-06,-0.011681578355893398,0.0
2022-10-07,-0.03237172773769601,0.0
2022-10-10,-0.016133691721609146,0.0
2022-10-11,-0.009691452050285265,0.0
2022-10-12,0.00028560557630514654,0.0
2022-10-13,0.023235675296585184,0.0
2022-10-14,-0.022197848721889422,0.0
2022-10-17,0.026865250917691305,0.0
2022-10-18,0.014405509867188516,0.0
2022-10-19,-0.01678287501294548,0.0
2022-10-20,-0.006568395192952147,0.0
2022-10-21,0.024069888479687485,0.0
2022-10-24,0.008629418013157081,0.0
2022-10-25,0.02775374402102842,0.0
2022-10-26,-0.0013086024782632895,0.0
2022-10-27,-0.0038534418590851086,0.0
2022-10-28,0.0204455195739155,0.0
2022-10-31,-0.007711770217853279,0.0
2022-11-01,-0.002615603978713521,0.7001282126480369
2022-11-02,-0.03185438955124921,0.0
2022-11-03,-0.013817776152498058,0.0
2022-11-04,0.023490324509587643,0.0
2022-11-07,0.00856439659910966,0.0
2022-11-08,0.009766332866217956,0.0
2022-11-09,-0.02234499098833298,0.007071982094140617
2022-11-10,0.08270603964666187,0.0
2022-11-11,0.029622423889556392,0.0
2022-11-14,-0.01876538533678469,0.0
2022-11-15,0.014691059014605651,0.0
2022-11-16,-0.024362000544014214,0.0
2022-11-17,-0.009472940934658062,0.0
2022-11-18,0.003471475282619394,0.0
2022-11-21,-0.005026364540404218,0.0
2022-11-22,0.014451437190832712,0.0
2022-11-23,0.008174416451552263,0.0
2022-11-25,0.00026562239139641487,0.0
2022-11-28,-0.020033505306052246,0.0
2022-11-29,0.006046338460131075,0.0
2022-11-30,0.032400920335817214,0.0
2022-12-01,0.0011296857857019393,0.7504585942281101
2022-12-02,-0.004986935120458165,0.0
2022-12-05,-0.026382067595746607,0.0
2022-12-06,-0.016224188330391513,0.0
2022-12-07,-0.004404535160585309,0.0
2022-12-08,0.007075816249609261,0.0
2022-12-09,-0.0036062980589155885,0.0
2022-12-12,0.01568761096671608,0.0
2022-12-13,0.009994401053806248,0.0
2022-12-14,-0.011062030673357974,0.0
2022-12-15,-0.027506486361054957,0.0
2022-12-16,-0.01476026076618412,0.0
2022-12-19,-0.013901690032284631,0.0
2022-12-20,-0.0008551513732996119,0.007857444887689894
2022-12-21,0.016921098142351057,0.0
2022-12-22,-0.013582066193691943,0.0
2023-01-05,-0.009992626133306204,0.5385288812359503
2023-01-06,0.027642177704304258,0.0
2023-01-09,0.007636706067458828,0.0
2023-01-10,0.01167045912990612,0.0
2023-01-11,0.01703090167955774,0.0
2023-01-12,0.007183084614016746,0.0
2023-01-13,0.0023650877158660206,0.0
2023-01-17,0.0007301508150152327,0.0
2023-01-18,-0.012774019089741583,0.0
2023-01-19,-0.01443579442736908,0.0
2023-01-20,0.028888333105506613,0.0
2023-01-23,0.024127646562835586,0.0
2023-01-24,-0.006394260280557177,0.0
2023-01-25,0.0033517549537402497,0.0
2023-01-26,0.010856424561311927,0.0
2023-01-27,0.0067859215515649164,0.0
2023-01-30,-0.01672706495286012,0.0
2023-01-31,0.02180881626066466,0.0
2023-02-01,0.021374875365386403,1.4311771690792963
2023-02-02,0.011262682223569466,0.0
2023-02-03,-0.01182663604240043,0.0
2023-02-06,-0.007377415941695354,0.0
2023-02-07,0.006764838895242877,0.0
2023-02-08,-0.012646097962539567,0.0
2023-02-09,-0.010389385950653186,0.0
2023-02-10,0.005856500365732481,0.0
2023-02-13,0.010174117203352992,0.0
2023-02-14,-0.00539654646764751,0.0
2023-02-15,0.005933989569998268,0.0
2023-02-16,-0.010549882036765875,0.0
2023-02-17,0.0032198777194401783,0.0
2023-02-21,-0.02250535132395689,0.0
2023-02-22,-0.002582737908701328,0.0
2023-02-23,0.00012224175670551664,0.0
2023-02-24,-0.009911577540080005,0.0
2023-02-27,-0.0006557453017703114,0.0
2023-02-28,-0.0031412506094884293,0.0
2023-03-01,-0.0073235365086808946,1.3762853734271205
2023-03-02,0.00986854632220226,0.0
2023-03-03,0.016148263829681493,0.0
2023-03-06,-0.008658713881646928,0.0
2023-03-07,-0.018812709271817763,0.0
2023-03-08,0.003962644082319377,0.0
2023-03-09,-0.024690759884242568,0.0
2023-03-10,-0.02542641709652417,0.0
2023-03-13,-0.012482880752242456,0.0
2023-03-14,0.012023966493046368,0.0
2023-03-15,-0.013683893930168639,0.0
2023-03-16,0.01573148049675277,0.005921125921725358
2023-03-17,-0.014361324202220596,0.0
2023-03-20,0.00858168666751797,0.0
2023-03-21,0.01683707815078206,0.0007263363022381226
2023-03-22,-0.024446360713170988,0.0
2023-03-23,0.001280527101245326,0.0
2023-03-24,0.005338510573721817,0.0
2023-03-27,0.004116747847710144,0.0
2023-03-28,-0.00012781196873984374,0.0
2023-03-29,0.020111525924327297,0.0
2023-03-30,0.006370285268514111,0.0
2023-03-31,0.01768359463571493,0.0
2023-04-03,-0.00203985947414298,1.1931153275209698
2023-04-04,-0.01813679605177286,0.0
2023-04-05,-0.008131992203957153,0.0
2023-04-06,0.0028287537483604065,0.0
2023-04-10,0.010195218609164152,0.0
2023-04-11,0.013049462569178164,0.0
2023-04-12,-0.010716050843432301,0.0
2023-04-13,0.008624650227025382,0.0
2023-04-14,-0.004165887062214281,0.0
2023-04-17,0.012866086460866278,0.0
2023-04-18,-0.0006157866734650006,0.0
2023-04-19,0.005444314127745568,0.0
2023-04-20,-0.013006589600113881,0.0
2023-04-21,-0.0039853257815096535,0.0
2023-04-24,0.0008933035762834882,0.0
2023-04-25,-0.026631861429534838,0.0
2023-04-26,-0.009711774295986507,0.0
2023-04-27,0.018122414706011142,0.0
2023-04-28,0.018927867198706587,0.0
2023-05-01,-0.007476920106659568,1.0659976219975302
2023-05-02,-0.02180818515131988,0.0
2023-05-03,-0.007904263696565963,0.0
2023-05-04,-0.01553779650574131,0.0
2023-05-05,0.023465112150771794,0.0
2023-05-08,-0.0023166119737799027,0.0
2023-05-09,-0.005783117379421075,0.0
2023-05-10,-0.0019249346804059455,0.0
2023-05-11,-0.007194723381665517,0.0
2023-05-12,-0.002369429506987434,0.0
2023-05-15,0.01714873360016688,0.0
2023-05-16,-0.016845782592229283,0.0
2023-05-17,0.02442950861513453,0.0
2023-05-18,0.01303464472199617,0.0
2023-05-19,-0.0048412079937122056,0.0
2023-05-22,0.00893883657414086,0.0
2023-05-23,-0.00871245525126596,0.0
2023-05-24,-0.014839255523929262,0.0
2023-05-25,0.00431364904598191,0.0
2023-05-26,0.017382236699608408,0.0
2023-05-30,0.0008903680017594449,0.0
2023-05-31,-0.015992879726341665,0.0
2023-06-01,0.011200615690867943,1.3415093107144709
2023-06-02,0.03213346879417636,0.0
2023-06-05,-0.006442692556743698,0.0
2023-06-06,0.014068780114315185,0.0
2023-06-07,0.01772307573416557,0.0
2023-06-08,-0.005676432607310433,0.008290380394948803
2023-06-09,-0.004984805022111525,0.0
2023-06-12,0.00441675421317731,0.0
2023-06-13,0.012951915568136251,0.0
2023-06-14,-0.006557965803521246,0.0
2023-06-15,0.014195919520154903,0.0
2023-06-16,-0.00013080991792525695,0.0
2023-06-20,-0.01261360272078569,0.0
2023-06-21,-0.0006624305721375963,0.0
2023-06-22,-0.009120428390766695,0.0
2023-06-23,-0.009474155364494896,0.0
2023-06-26,0.012005542015571488,0.0
2023-06-27,0.009763631100399746,0.0
2023-06-28,-0.0029799245970346003,0.0
2023-06-29,0.010607389797550394,0.0
2023-06-30,0.006657797692498906,0.0
2023-07-03,0.0070823618323887505,1.1999900796786425
2023-07-05,-0.004841409386433856,0.0
2023-07-06,-0.008213846606741968,0.0
2023-07-07,0.0018805744202684367,0.0
2023-07-10,0.004952542388377437,0.0
2023-07-11,0.012847033754531223,0.006784680284912623
2023-07-12,0.006760290340533633,0.0
2023-07-13,0.006200076313308874,0.0
2023-07-14,-0.007617386119565886,0.0
2023-07-17,0.0004844893351314182,0.0
2023-07-18,0.006040023379164664,0.0
2023-07-19,0.011719435220863902,0.0
2023-07-20,-0.0009443982350535922,0.0
2023-07-21,0.0041956180348714745,0.0
2023-07-24,0.0036605110061666566,0.0
2023-07-25,0.0014586748847011458,0.0
2023-07-26,0.00352308551474309,0.0
2023-07-27,-0.007667701082092812,0.0
2023-07-28,0.00686869419875233,0.0
2023-07-31,0.0015751280967708338,0.0
2023-08-01,-0.005840736904770383,1.4228821603260022
2023-08-02,-0.013521302165939726,0.0
2023-08-03,-0.003894932587536524,0.0
2023-08-04,-0.0032158115792079063,0.0
2023-08-07,0.00546265054280509,0.0
2023-08-08,-0.0043032732814056625,0.0
2023-08-09,-0.002219230804027718,0.0
2023-08-10,-0.0019073418117481877,0.0
2023-08-11,-0.0007550821867922626,0.0
2023-08-14,0.0022401108555699474,0.0
2023-08-15,-0.013443952726041358,0.0
2023-08-16,-0.00894311259488902,0.0
2023-08-17,-0.0073157448145009605,0.0
2023-08-18,0.0007585942972649336,0.0
2023-08-21,-9.872079081405541e-05,0.0
2023-08-22,-0.0036781598874697325,0.0
2023-08-23,0.008238199219167354,0.0
2023-08-24,-0.011508686332629739,0.0
2023-08-25,0.004650569275157782,0.0
2023-08-28,0.007341472992317136,0.0
2023-08-29,0.01281623829464746,0.0
2023-08-30,0.0037617128531340026,0.0
2023-08-31,-0.004684667474432906,0.0
2023-09-01,0.0003226671947698101,1.2780335402169394
2023-09-05,-0.011040054851816116,0.0
2023-09-06,-0.0058073066873104194,0.0
2023-09-07,-0.010825632452870356,0.0
2023-09-08,0.0022950781107893346,0.0
2023-09-11,0.002899149463720258,0.0
2023-09-12,0.001456950248963093,0.0
2023-09-13,-0.006649637704298951,0.0
2023-09-14,0.014372387774177611,0.0
2023-09-15,-0.005873195591682087,0.0
2023-09-18,-0.00762723595774199,0.0
2023-09-19,-0.002616637478941808,0.006966076892881214
2023-09-20,-0.005199502176369238,0.0
2023-09-21,-0.017408401068130453,0.0
2023-09-22,-0.007893499333523579,0.0
2023-09-25,0.002011805564865349,0.0
2023-09-26,-0.015903556594977657,0.0
2023-09-27,-0.0005406903433536436,0.0
2023-09-28,0.008979302812792555,0.0
2023-09-29,0.002228542531322818,0.0
2023-10-02,-0.015530043141780192,1.0381260152012683
2023-10-03,-0.015584101993095456,0.007153686929790316
2023-10-04,0.00623198758535247,0.0
2023-10-05,-0.004994121825113341,0.0
2023-10-06,0.0069519962087427264,0.0
2023-10-09,0.00251266272710497,0.0
2023-10-10,0.011237920714072895,0.0
2023-10-11,0.001666190680120841,0.0
2023-10-12,-0.016214123295558564,0.0
2023-10-13,-0.0064481640902800275,0.0
2023-10-16,0.014840334017787652,0.0
2023-10-17,0.006680393079586895,0.0
2023-10-18,-0.02362650083915919,0.0
2023-10-19,-0.013404620157325242,0.020103651548932903
2023-10-20,-0.014554665209456821,0.0
2023-10-23,-0.006258560742794538,0.0
2023-10-24,0.00757623161741939,0.0
2023-10-25,-0.01858047256733648,0.0
2023-10-26,-2.4577292878304205e-05,0.0
2023-10-27,-0.012903821972871746,0.0
2023-10-30,0.00477556350584168,0.0
2023-10-31,0.0090015917299365,0.0
2023-11-01,-0.0049475871799952165,0.945022623144332
2023-11-02,0.027981429257982002,0.0
2023-11-03,0.02655581220026607,0.0
2023-11-06,-0.010206371077775408,0.0
2023-11-07,0.0007171613924555555,0.0
2023-11-08,-0.002916348452705203,0.0
2023-11-09,-0.01629590577366181,0.0
2023-11-10,0.013175911732473507,0.0
2023-11-13,-0.004708031042508468,0.0
2023-11-14,0.0441286288159568,0.0
2023-11-15,0.015130622895899792,0.0
2023-11-16,-0.009168890420432667,0.0
2023-11-17,0.0068140782459016605,0.0
2023-11-20,0.004522755370114416,0.0
2023-11-21,-0.005830546723708278,0.0
2023-11-22,0.004688204248663251,0.0
2023-11-24,0.004302085404085377,0.0
2023-11-27,-0.005518867288787816,0.0
2023-11-28,0.003470070565089598,0.0
2023-11-29,0.010432378395241889,0.0
2023-11-30,0.003493739177162997,0.0
2023-12-01,0.025105497040829317,1.3447538280561102
2023-12-04,0.0020402021820873782,0.0
2023-12-05,-0.012455895308345892,0.0
2023-12-06,0.003533110405822344,0.0
2023-12-07,0.003190410163315424,0.0
2023-12-08,0.0014843904910115022,0.0
2023-12-11,0.007572955970143864,0.0
2023-12-12,-0.0032083632199423552,0.0
2023-12-13,0.028073418089689772,0.0
2023-12-14,0.015743851199565104,0.0
2023-12-15,-0.011109800648379284,0.0
2023-12-18,3.269560994170859e-05,0.0
2024-02-02,-0.007954399234306075,1.0129395846500633
2024-02-05,-0.011069889128559128,0.0
2024-02-06,0.006909436762522389,0.0
2024-02-07,-1.8148737744003616e-05,0.0
2024-02-08,0.00020486961116896032,0.0
2024-02-09,0.0014960484434390366,0.0
2024-02-12,0.007917318667562212,0.0
2024-02-13,-0.01442872184704215,0.0
2024-02-14,0.004914366576706057,0.0
2024-02-15,0.01279282860731823,0.0
2024-02-16,-0.0024227108158506243,0.0
2024-02-20,-0.003227410462026069,0.0
2024-02-21,0.007069552138211556,0.0
2024-02-22,0.005088969410461247,0.0
2024-02-23,0.0028696386035673644,0.0
2024-02-26,-0.008834955125757273,0.0
2024-02-27,0.004593203532196088,0.0
2024-02-28,0.0006741577853931198,0.0
2024-02-29,0.004086158447355674,0.0
2024-03-01,-0.0006134397243324763,1.235003804174293
2024-03-04,0.004556767032823301,0.0
2024-03-05,-0.0019437942147608744,0.014004458500683166
2024-03-06,0.0053401043219729865,0.0
2024-03-07,0.006770496979677512,0.0
2024-03-08,0.004696669207523929,0.0
2024-03-11,0.008179506517903716,0.0
2024-03-12,-0.00548922736894784,0.0
2024-03-13,0.003429629370135629,0.0
2024-03-14,-0.014090627727087088,0.0
2024-03-15,-0.0006745070337743936,0.0
2024-03-18,0.004246608497343802,0.0
2024-03-19,0.004261158588772293,0.0
2024-03-20,0.008695077948020493,0.0
2024-03-21,0.0077026930795956626,0.0
2024-03-22,-0.008437706804805946,0.0
2024-03-25,0.00042400512906100025,0.0
2024-03-26,-0.0034710509393051092,0.006118083856599786
2024-03-27,0.023423740406157887,0.0
2024-03-28,0.006509525436670796,0.0
2024-04-01,-0.008283222224850117,1.0367046107927016
2024-04-02,-0.01406979114829443,0.007142699510777647
2024-04-03,-0.0027115350844176284,0.0
2024-04-04,-0.008630517799892693,0.0
2024-04-05,0.0018255483945101866,0.0
2024-04-08,0.005116104506752074,0.0
2024-04-09,0.010805368029901594,0.0
2024-04-10,-0.023664717578999236,0.0
2024-04-11,-0.002829847841299227,0.0
2024-04-12,-0.018006609464548386,0.0
2024-04-15,-0.010819339822567471,0.0
2024-04-16,-0.006608485202193912,0.0
2024-04-17,-0.00112360214978993,0.0
2024-04-18,-0.0005039345445726126,0.0
2024-04-19,0.0043074926692837035,0.0
2024-04-22,0.0077670047872631385,0.0
2024-04-23,0.0062842511169483965,0.0
2024-04-24,0.0014106843908036882,0.0
2024-04-25,-0.00536038828323295,0.0
2024-04-26,4.8025922587799656e-05,0.0
2024-04-29,0.009890168102975118,0.0
2024-04-30,-0.01608488842063687,0.0
2024-05-01,-0.0023219941795302734,0.9225125580593797
2024-05-02,0.009538861981358967,0.0
2024-05-03,0.009192143605778996,0.0
2024-05-06,0.006259727305721033,0.0
2024-05-07,0.0021171464607784426,0.0
2024-05-08,-0.0028088305706417734,0.0
2024-05-09,0.00921432650540499,0.0201058248557397
2024-05-10,0.0025380639535620454,0.0
2024-05-13,0.003494725176568397,0.0
2024-05-14,0.006930737861797233,0.0
2024-05-15,0.0075208557352324,0.0
2024-05-16,0.0003921863099893313,0.0
2024-05-17,-0.00043935371837719624,0.0
2024-05-20,-0.001756395241923624,0.0
2024-05-21,-0.0034432028267469845,0.0
2024-05-22,-0.0007302165544905658,0.0
2024-05-23,-0.018414686684892122,0.0
2024-05-24,0.00693663304386207,0.0
2024-05-28,-0.005585260993023273,0.0
2024-05-29,-0.014363477206576058,0.0
2024-05-30,0.004072890201914171,0.0
2024-05-31,0.013907208357365535,0.0
2024-06-03,-0.002197063066356031,0.9787435633454349
2024-06-04,-0.002090252853115307,0.0
2024-06-05,0.0027915097922934858,0.0
2024-06-06,0.0009895364163851207,0.0
2024-06-07,-0.004674872686338727,0.0
2024-06-10,-1.5838321166934176e-05,0.0
2024-06-11,-0.0029476122368504282,0.0
2024-06-12,0.002125578110374423,0.0
2024-06-13,-0.005050987139314585,0.0
2024-06-14,-0.004950262905961797,0.0
2024-06-17,0.005881195221467076,0.0
2024-06-18,-0.0013737963828553323,0.0
2024-06-20,0.004354262997682797,0.0
2024-06-21,0.004816475821592381,0.0
2024-06-24,0.0038205958564798484,0.0
2024-06-25,-0.008744897709506823,0.0
2024-06-26,-0.0014832716203305694,0.0
2024-06-27,0.0014970127647929202,0.0
2024-06-28,0.002900607608904108,0.0
2024-07-01,-0.011125275898412945,0.899763143858878
2024-07-02,0.002502131837874669,0.0
2024-07-03,0.0023232618575357855,0.0
2024-07-05,-0.0002633198852305518,0.0
2024-07-08,0.00074743051355064,0.0
2024-07-09,-0.004163329915494285,0.021272113261430386
2024-07-10,0.00877728284036633,0.0
2024-07-11,0.01868323809603696,0.0
2024-07-12,0.008715071708696346,0.0
2024-07-15,-0.004910185593475344,0.0
2024-07-16,0.022047961372366122,0.0
2024-07-17,-0.0011671909039627794,0.0
2024-07-18,-0.008974674304878055,0.0
2024-07-19,-0.0076765352046546465,0.0
2024-07-22,0.008116639937960756,0.0
2024-07-23,-0.004451520161233093,0.0
2024-07-24,-0.008893656874777134,0.0
2024-07-25,0.0038245540185129607,0.0
2024-07-26,0.014827572985563708,0.0
2024-07-29,0.0017873300996634584,0.0
2024-07-30,0.009944134438836731,0.0
2024-07-31,0.006971475879061546,0.0
2024-08-01,-0.010494023770523886,1.1715979119239548
2024-08-02,-0.028841302330277735,0.0
2024-08-05,-0.02191811614870266,0.0
2024-08-06,0.010223451671469874,0.0
2024-08-07,-0.010815708735061042,0.0
2024-08-08,0.02693705576563406,0.0
2024-08-09,0.000828007507602091,0.0
2024-08-12,-0.004174567897708547,0.0
2024-08-13,0.016617648884217642,0.0
2024-08-14,-0.00016501866935353238,0.0
2024-08-15,0.02461149313847568,0.0
2024-08-16,0.00233462936908049,0.0
2024-08-19,0.009794300823779894,0.0
2024-08-20,-0.007274282904077188,0.0
2024-08-21,0.009754541310189376,0.0
2024-08-22,-0.010098731602108653,0.0
2024-08-23,0.01582389048849692,0.0
2024-08-26,-0.004406205415500812,0.0
2024-08-27,0.00026992462593082567,0.0
2024-08-28,-0.009300335135200736,0.0
2024-08-29,0.002213660786498743,0.0
2024-08-30,0.007991369285827922,0.0
2024-09-03,-0.023973055492833906,0.9234361150785814
2024-09-04,-0.005600971867277125,0.0
2024-09-05,-0.0053410089310626015,0.0
2024-09-06,-0.013025558154891983,0.0
2024-09-09,0.008069939963891642,0.0
2024-09-10,-0.001670707225995145,0.0
2024-09-11,0.005200408508922094,0.0
2024-09-12,0.004867995497404951,0.0
2024-09-13,0.011582310500463251,0.0
2024-09-16,0.006679192158076183,0.0
2024-09-17,0.006896316867195986,0.0
2024-09-18,-0.0007429769214327203,0.0
2024-09-19,0.013601494510052527,0.0
2024-09-20,-0.010115443672734368,0.0
2024-09-23,0.005745904738012499,0.0
2024-09-24,0.003856583303329129,0.0
2024-09-25,-0.010536362015567019,0.0
2024-09-26,0.01922740090777645,0.0
2024-09-27,0.008261942754591793,0.0
2024-09-30,-0.0032106468988185883,0.0
2024-10-01,-0.008191239732720512,0.918266200363296
2024-10-02,-0.0015939787965270364,0.0
2024-10-03,-0.0036706319713451945,0.0
2024-10-04,0.009209227559149177,0.0
2024-10-07,-0.007535309949032212,0.0
2024-10-08,-0.0005216196246447255,0.0
2024-10-09,0.00880258038311522,0.0
2024-10-10,-0.0014853824370525068,0.0
2024-10-11,0.008438165566816267,0.0
2024-10-14,0.0057463422301251964,0.0
2024-10-15,-0.012847483554824155,0.0
2024-10-16,0.003043554883253227,0.0
2024-10-17,-0.0020521825076088916,0.0
2024-10-18,0.001715149268581562,0.0
2024-10-21,-0.009551346352014297,0.0
2024-10-22,-0.004244619432818216,0.0
2024-10-23,-0.0077099652365728915,0.0
2024-10-24,0.002546042325635671,0.0
2024-10-25,0.00023350178350952977,0.0
2024-10-28,0.0035441956711744676,0.0
2024-10-29,-0.0009554158222693949,0.0
2024-10-30,-0.005756144767556686,0.0
2024-10-31,-0.015624636320696647,0.0
2024-11-01,0.004243192778780047,0.7654133820156397
2024-11-04,0.004688370242827391,0.0
2024-11-05,0.005274563895254658,0.0
2024-11-06,0.011965787593673012,0.0
2024-11-07,0.001923859032818166,0.0
2024-11-08,-0.004601082408160103,0.0
2024-11-11,0.0012218205755128511,0.0
2024-11-12,-0.011468902000658024,0.0
2024-11-13,0.0011168766416516436,0.0
2024-11-14,-0.006554043322411848,0.0
2024-11-15,-0.015817732618693237,0.0
2024-11-18,0.006435848189206206,0.0
2024-11-19,-0.006907579014763732,0.0
2024-11-20,0.006881490899204512,0.0
2024-11-21,0.012648956179159992,0.0
2024-11-22,0.007918288276320136,0.0
2024-11-25,0.01463257102327117,0.0
2024-11-26,-0.009345426676218842,0.0
2024-11-27,0.002505010302920052,0.006488507861355035
2024-11-29,0.005024075632252582,0.0
2024-12-02,0.004167031087551898,0.7110415421989074
2024-12-03,-0.005624817442866869,0.0
2024-12-04,-0.0037102377628901156,0.0
2024-12-05,-0.012248005923675299,0.0
2024-12-06,-0.0005314938479687132,0.0
2024-12-09,0.009997394480789838,0.0
2024-12-10,-0.007904735972918613,0.0
2024-12-11,-0.00026743951746267336,0.0
2024-12-12,-0.005816233602309848,0.0
2024-12-13,-0.0019442740400227683,0.0
2024-12-16,-0.005230237178802554,0.0
2024-12-17,-0.00543834703675998,0.0
2024-12-18,-0.027721618956424894,0.0
2024-12-19,-0.01066647424768249,0.0
2024-12-20,0.014922959320097321,0.0
2024-12-23,0.0059215592464621075,0.0
2025-03-25,-0.007129504329695058,0.9264102476600656
2025-03-26,0.0016568563650119154,0.0
2025-03-27,-0.0014926794278487287,0.0
2025-03-28,-0.014418931584729977,0.0
2025-03-31,0.004462376612824443,0.0
2025-04-01,-0.00013405353173812085,0.5555611370458557
2025-04-02,0.010625572617435327,0.0
2025-04-03,-0.06429553225660206,0.0
2025-04-04,-0.05384436100027795,0.0
2025-04-07,-0.009102822675116667,0.0
2025-04-08,-0.027983704883045434,0.0
2025-04-09,0.09796698628894793,0.0
2025-04-10,-0.049675069371983065,0.0
2025-04-11,0.01811783120523738,0.0
2025-04-14,0.012748293788185445,0.0
2025-04-15,-0.006150012357376748,0.0
2025-04-16,-0.014556733706753519,0.0
2025-04-17,0.009387070012925838,0.0
2025-04-21,-0.01997545023420408,0.0
2025-04-22,0.025525769010406797,0.0
2025-04-23,0.010704584865971218,0.0
2025-04-24,0.025064992368830606,0.0
2025-04-25,-0.0006059176311496311,0.0
2025-04-28,0.0029616811560553608,0.0
2025-04-29,0.0034565277100313393,0.0
2025-04-30,-0.0008580919300828528,0.0
2025-05-01,-0.0011257442937441242,0.853058459144119
2025-05-02,0.022512630056556404,0.0
2025-05-05,-0.010059095136546788,0.0
2025-05-06,-0.012218389331787215,0.0
2025-05-07,0.010592282106701573,0.0
2025-05-08,0.018816980152913845,0.0
2025-05-09,0.0008102422746986311,0.0
2025-05-12,0.049303048719943725,0.0
2025-05-13,0.003412238886035544,0.0
2025-05-14,-0.009917508907617558,0.0
2025-05-15,-4.4359145484706835e-05,0.0
2025-05-16,0.008660957717856303,0.0
2025-05-19,-0.004485431942230179,0.0
2025-05-20,-0.00324855056473293,0.0
2025-05-21,-0.028677121627330927,0.0
2025-05-22,-0.004197115363679667,0.0
2025-05-23,-0.006774984585244364,0.0
2025-05-27,0.022599590768653754,0.0
2025-05-28,-0.010830584653709728,0.0
2025-05-29,0.005174280337612969,0.0
2025-05-30,-0.00732391149924983,0.0
2025-06-02,-0.0016463424156201167,0.771677185563266
2025-06-03,0.014078115153319339,0.0
2025-06-04,0.0007856791760516471,0.0
2025-06-05,-0.002196796604724403,0.0
2025-06-06,0.009200558775209155,0.0
2025-06-09,0.007616588286289145,0.0
2025-06-10,0.015360981718149537,0.0
2025-06-11,-0.00398379037201698,0.0
2025-06-12,0.0007670452794307973,0.0
2025-06-13,-0.011805255236507843,0.0
2025-06-16,0.008677502710892982,0.0
2025-06-17,-0.015594129862386279,0.0
2025-06-18,-0.001969707615578047,0.0
2025-06-20,0.002101916143604615,0.0
2025-06-23,0.0021282363911305155,0.0
2025-06-24,0.01172260409134026,0.0
2025-06-25,-0.007271683369083759,0.0
2025-06-26,0.008232624693361548,0.0
2025-06-27,0.001247481141024701,0.0
2025-06-30,0.00011311704814908079,0.0
2025-07-01,0.02271809776547218,0.8098370262614392
2025-07-02,0.0024287750828889416,0.0
2025-07-03,0.00098420738556636,0.0
2025-07-07,-0.014443790222902726,0.0
2025-07-08,0.013227596941540184,0.0
2025-07-09,0.0036860193025639804,0.0
2025-07-10,0.009030022434984034,0.0
2025-07-11,-0.011108061176533828,0.0
2025-07-14,-0.006319083378829211,0.0
2025-07-15,-0.0180369613655825,0.0
2025-07-16,0.0038644349823395143,0.0
2025-07-17,0.007469127511836539,0.0
2025-07-18,-0.006156804800162811,0.0
2025-07-21,-0.005772969578865882,0.0
2025-07-22,0.023688106902504773,0.0
2025-07-23,0.012073336171523784,0.0
2025-07-24,-0.008215538360502594,0.0
2025-07-25,0.007690932330882331,0.0
2025-07-28,-0.007652234468818582,0.0
2025-07-29,-0.005957298283868588,0.0
2025-07-30,-0.014858496969551497,0.0
2025-07-31,-0.02023742061009854,0.0
2025-08-01,-0.012097724972615298,0.8084373530200538
2025-08-04,0.006227866817124528,0.0
2025-08-05,0.0015088726553409593,0.0
2025-08-06,-0.008374562129832558,0.0
2025-08-07,0.0024590493252502855,0.0
2025-08-08,0.004881003127193515,0.0
2025-08-11,-0.004925299179783156,0.0
2025-08-12,0.01795965498554885,0.0
2025-08-13,0.022594283483137093,0.0
2025-08-14,-0.0057967267205266855,0.0
2025-08-15,0.005551826736127898,0.0
2025-08-18,-0.0008899270907705497,0.0
2025-08-19,0.009896098135304336,0.0
2025-08-20,-0.004759648009348194,0.0
2025-08-21,-0.003717255879177558,0.0
2025-08-22,0.02836797998899767,0.0
2025-08-25,-0.010348632931707905,0.0
2025-08-26,-0.003417399073729787,0.0
2025-08-27,0.004360770865931254,0.0
2025-08-28,-0.004448163715479854,0.0
2025-08-29,0.0038108725442955738,0.020532134191007464
2025-09-02,-0.009087456306188124,1.027308456209246
2025-09-03,-0.0037895762064367633,0.0
2025-09-04,0.0036002835352759817,0.0
2025-09-05,0.004681431813383662,0.0
2025-09-08,-0.0025828075218634066,0.0
2025-09-09,-0.0022827230071258667,0.0
2025-09-10,-0.0024345982035755822,0.0
2025-09-11,0.01617681838585907,0.0
2025-09-12,-0.009598130411919061,0.0
2025-09-15,-0.0029183969820473013,0.0
2025-09-16,0.0026007215249418095,0.0
2025-09-17,-0.0018560162175832605,0.0
2025-09-18,0.007270973389025928,0.0
2025-09-19,-0.004756158931265325,0.0
2025-09-22,0.004107925736595407,0.0
2025-09-23,-0.0015703687779304739,0.0
2025-09-24,-0.0010528043640666007,0.0
2025-09-25,-0.014721810822372785,0.0
2025-09-26,0.010949532684540884,0.0
2025-09-29,0.0011639572983578597,0.0
2025-09-30,0.0037743580332663187,0.0
2025-10-01,0.009429395304602073,0.8297586729841949
2025-10-02,0.004489880691146564,0.0
2025-10-03,0.007960790420719097,0.0
2025-10-06,-0.003614322843375631,0.0
2025-10-07,-0.006269909181712994,0.0
2025-10-08,0.005469607989588991,0.0
2025-10-09,-0.008005502441620883,0.0
2025-10-10,-0.025538985092792604,0.0
2025-10-13,0.010520695644183401,0.0
2025-10-14,0.010303565220802838,0.0
2025-10-15,0.0002534876675823754,0.0
2025-10-16,-0.0024220340174537676,0.0
2025-10-17,0.005259636238416233,0.0
2025-10-20,0.012614952046189915,0.0
2025-10-21,0.00884804694529789,0.0
2025-10-22,-0.0050626508104066464,0.0
2025-10-23,0.003810764996619342,0.0
2025-10-24,-0.0006418281497150269,0.0
2025-10-27,0.004745251584622825,0.0
2025-10-28,-0.010856668949475897,0.0
2025-10-29,-0.023199895506255952,0.0
2025-10-30,-0.010915508479276604,0.0
2025-10-31,0.003733089365274722,0.006440668175638364
2025-11-03,-0.0060678238100809745,0.8885564062164311
2025-11-04,-0.004524000112949622,0.006975955222525592
2025-11-05,0.005299426881294478,0.006865630635011576
2025-11-06,-0.008007965343332564,0.0
2025-11-07,0.013032061667095545,0.0
2025-11-10,-0.0005858573903893624,0.0
2025-11-11,0.011835947344489926,0.0
2025-11-12,0.0025444163658433906,0.0
2025-11-13,-0.0043522108085928555,0.0
2025-11-14,-0.004201700625250049,0.0
2025-11-17,-0.015185296132874164,0.0
2025-11-18,0.0031338030253905236,0.0
2025-11-19,-0.00701964795112335,0.0
2025-11-20,-0.0069018043354746525,0.0
2025-11-21,0.026787953380123672,0.0
2025-11-24,-0.001947473220829731,0.0
2025-11-25,0.01894706462001915,0.0
2025-11-26,0.006123147610194911,0.0
2025-11-28,0.004431752494762739,0.0
2025-12-01,-0.0046571882806473175,1.0469491895641254
2025-12-02,0.0044840312896074095,0.0
2025-12-03,0.013676090388786711,0.0
2025-12-04,-0.0005309225078850259,0.0
2025-12-05,0.0031197715085929008,0.0
2025-12-08,-0.0048346042495683,0.0
2025-12-09,-0.0021021770771305842,0.0
2025-12-10,0.017629455536686045,0.0
2025-12-11,0.009005853183158495,0.0
2025-12-12,-0.009699472087799088,0.013764731088313008
2025-12-15,-0.0035778402632616934,0.0
2025-12-16,-0.006367956923194898,0.0
2025-12-17,-0.0060751799328852985,0.0
2025-12-18,0.0022386866886903683,0.0
2025-12-19,0.002443433162846546,0.0
2025-12-22,0.008046245425913985,0.0
2026-01-15,0.005207903068181974,1.118292004645514
2026-01-16,-0.005527611020934214,0.0
2026-01-20,-0.009285956790152504,0.0
2026-01-21,0.015439157546482755,0.0
2026-01-22,0.0025512474498208502,0.0
2026-01-23,-0.003147130045041263,0.0
2026-01-26,0.0012450864744314631,0.0
2026-01-27,-0.007231430990190467,0.0
2026-01-28,-0.004364579630806019,0.0
2026-01-29,-0.0018636588835216823,0.0
2026-01-30,0.002582541422986524,0.0
2026-02-02,-0.00442167407741445,0.9163026412334964
2026-02-03,-0.015462812459035302,0.0
2026-02-04,0.02270198219830593,0.0
2026-02-05,-0.014969499600039387,0.0
2026-02-06,0.02168358454822069,0.0
2026-02-09,0.0009343651088755856,0.0
2026-02-10,0.008625520263361386,0.026386808006579054
2026-02-11,0.0009594386492626348,0.0
2026-02-12,-0.018717524219287494,0.0
2026-02-13,0.01362598718424503,0.0
2026-02-17,-0.004963432390883525,0.0
2026-02-18,0.008005763368918232,0.0
2026-02-19,-0.005944364573179771,0.0
2026-02-20,0.0016393577676476648,0.0
2026-02-23,-0.017460422726662414,0.0
2026-02-24,0.00912131441862767,0.0
2026-02-25,-0.000621921313155474,0.0
2026-02-26,0.008167957128266064,0.0
2026-02-27,0.0039933706035139875,0.0
2026-03-02,-0.0023471183465448853,0.9408088288985288
2026-03-03,-0.003943581983161702,0.0
2026-03-04,0.0102422142553989,0.0
2026-03-05,0.001362847867361893,0.0
2026-03-06,-0.010276557605919534,0.0
2026-03-09,0.00011418404905399332,0.0
2026-03-10,-0.01614763595981205,0.0
2026-03-11,-0.004262156589642253,0.0
2026-03-12,-0.019504468910704856,0.0
2026-03-13,0.00042734189275123494,0.0
2026-03-16,0.00629667089681657,0.0
2026-03-17,0.009350920432859244,0.0
2026-03-18,-0.012043519164485601,0.0
2026-03-19,-8.986003468828868e-05,0.0
2026-03-20,-0.01401540005849524,0.0
2026-03-23,0.008640368247741732,0.0
2026-03-24,-0.007884410200793912,0.0
2026-03-25,0.003958675426237696,0.0
2026-03-26,-0.006697906271742116,0.0
2026-03-27,-0.020457704911981775,0.0
2026-03-30,0.0023004571169946463,0.0
2026-03-31,0.022281431673758012,0.0
2026-04-01,-0.0010365089378323589,0.9945216754253943
2026-04-02,0.00011861484554974369,0.0
2026-04-06,0.007113726120739001,0.0
2026-04-07,-0.004534591091587952,0.0
2026-04-08,0.033053540453785515,0.0
2026-04-09,-0.0012016774031556124,0.0
2026-04-10,-0.006260301549345423,0.0
2026-04-13,0.019372989069246428,0.0
2026-04-14,0.008038875293656503,0.0
2026-04-15,0.001514063167204355,0.0
2026-04-16,0.0062446442550795475,0.0
2026-04-17,0.018245063794555434,0.0
2026-04-20,0.0028146317510594444,0.0
2026-04-21,-0.006222814629691888,0.0
2026-04-22,0.0011871058120022033,0.0
2026-04-23,-0.007468807056732318,0.0
2026-04-24,0.00537932678471039,0.0
2026-04-27,-0.005123819530109758,0.0
2026-04-28,-0.01239221354815538,0.0
2026-04-29,-0.0025045808105761363,0.0
2026-04-30,0.01626672087258385,0.0
2026-05-01,-0.0019094091256502965,0.7118847513534354
2026-05-04,-0.006059806938788527,0.0
2026-05-05,0.010214868290403903,0.0
2026-05-06,0.01226574368352897,0.0
2026-05-07,-0.00024380178504115367,0.0
2026-05-08,0.0007077020118565259,0.0
2026-05-11,-0.010419634397077014,0.0
2026-05-12,-0.0030482910933117154,0.0
2026-05-13,-0.01061059572248508,0.0
2026-05-14,0.0029576696972166898,0.0
2026-05-15,-0.01021302622797323,0.0
2026-05-18,0.01159911788809338,0.0
2026-05-19,-0.008691755367465134,0.0
2026-05-20,0.021130701274050465,0.0
2026-05-21,0.005841962068716349,0.0
2026-05-22,0.008154397817888615,0.0
2026-05-26,0.005325175575563925,0.0
2026-05-27,0.0033149383848994473,0.0
2026-05-28,0.015567370141114116,0.0
2026-05-29,0.010948486180255557,0.0
2026-06-01,0.011162932077666943,0.6417243502327061
2026-06-02,-0.0017222859047566464,0.0
2026-06-03,-0.005654711329963202,0.014062309548527762
2026-06-04,0.0075492951379286,0.0
2026-06-05,-0.01991603660541571,0.0
2026-06-08,0.0019901578873046753,0.0
2026-06-09,0.01082383692554135,0.0
2026-06-10,-0.018898865584312936,0.0
2026-06-11,0.017300640431520676,0.0
2026-06-12,0.00936678751359581,0.0
2026-06-15,0.010661519025471088,0.0
2026-06-16,-0.0035549144815348265,0.0
2026-06-17,-0.018862935808847472,0.0
2026-06-18,0.011874428316438613,0.0
2026-06-22,-0.005380516669144199,0.0
2026-06-23,-0.009963053224693293,0.0
2026-06-24,0.014962219136147814,0.0
2026-06-25,0.01224186794244941,0.0
2026-06-26,0.0036771790065187873,0.0
2026-06-29,0.0037684387173941283,0.0
2026-06-30,0.0006686063951304444,0.007363130298443734
