date,return,turnover
2005-01-07,9.999999999998899e-05,0.0
2005-01-10,9.999999999998899e-05,0.0
2005-01-11,9.999999999998899e-05,0.0
2005-01-12,9.999999999998899e-05,0.0
2005-01-13,9.999999999998899e-05,0.0
2005-01-14,9.999999999998899e-05,0.0
2005-01-18,9.999999999998899e-05,0.0
2005-01-19,9.999999999998899e-05,0.0
2005-01-20,9.999999999998899e-05,0.0
2005-01-21,9.999999999998899e-05,0.0
2005-01-24,9.999999999998899e-05,0.0
2005-01-25,9.999999999998899e-05,0.0
2005-01-26,9.999999999998899e-05,0.0
2005-01-27,9.999999999998899e-05,0.0
2005-01-28,9.999999999998899e-05,0.0
2005-01-31,9.999999999998899e-05,0.0
2005-02-01,-0.0009000999999999593,1.0
2005-02-02,0.004073386975603546,0.0
2005-02-03,-0.006399761127820548,0.0
2005-02-04,0.013998992556969729,0.0
2005-02-07,0.0007182100034982563,0.0
2005-02-08,0.00362178929870759,0.0
2005-02-09,-0.010120596612159836,0.0
2005-02-10,-0.0008539962548142752,0.0
2005-02-11,0.012524475766623711,0.0
2005-02-14,0.00035467078186522303,0.0
2005-02-15,0.0031445424632589323,0.0
2005-02-16,-0.00474768975549371,0.0
2005-02-17,-0.010922340526660138,0.0
2005-02-18,0.0006318868354715987,0.0
2005-02-22,-0.012986073243682303,0.0
2005-02-23,0.0006036996165758123,0.0
2005-02-24,0.005918897941481979,0.0
2005-02-25,0.006542910994874853,0.0
2005-02-28,-0.004379060692978186,0.0
2005-03-01,0.011206827095641358,0.9254526357050965
2005-03-02,-0.0028373828632541104,0.0
2005-03-03,7.766172294497637e-05,0.0
2005-03-04,0.0058707167082325115,0.0
2005-03-07,0.006526237364537162,0.0
2005-03-08,-0.006345954576011004,0.0
2005-03-09,-0.008062816830640097,0.0
2005-03-10,0.0018397843971378635,0.0
2005-03-11,-0.006939877439505673,0.0
2005-03-14,0.007254201441302137,0.0
2005-03-15,-0.010267812801618115,0.0
2005-03-16,-0.009326893079169243,0.0
2005-03-17,-0.0008131676829732864,0.0
2005-03-18,-0.00365321218780643,0.0
2005-03-21,-0.0023811868382864415,0.0
2005-03-22,-0.009614267855074403,0.0
2005-03-23,0.0002918449053729227,0.0
2005-03-24,-0.0013115899139512022,0.0
2005-03-28,0.0018827165545012739,0.0
2005-03-29,-0.006882379013383051,0.0
2005-03-30,0.015049967235373057,0.0
2005-03-31,-0.0002112432834754604,0.0
2005-04-01,-0.010361742934653417,1.0842915570632166
2005-04-04,0.0019152077529570345,0.0
2005-04-05,0.00361967859789123,0.0
2005-04-06,0.003307764385358552,0.0
2005-04-07,0.007874803365420617,0.0
2005-04-08,-0.007820007483461972,0.0
2005-04-11,-0.0036978450079692415,0.0
2005-04-12,0.00467054207278908,0.0
2005-04-13,-0.014447738828389536,0.0
2005-04-14,-0.01468215512052714,0.0
2005-04-15,-0.01809162122876213,0.0
2005-04-18,0.005478577654165821,0.0
2005-04-19,0.004511131944425681,0.0
2005-04-20,-0.012328416793925344,0.0
2005-04-21,0.022698792054399366,0.0
2005-04-22,-0.012206819580415442,0.0
2005-04-25,0.006928270977288972,0.0
2005-04-26,-0.00626368120203914,0.0
2005-04-27,0.0033326533636571084,0.0
2005-04-28,-0.012403124679117214,0.0
2005-04-29,0.011883838631921651,0.0
2005-05-02,0.0015344336806280001,1.1650048369437127
2005-05-03,0.0013229544551962788,0.0
2005-05-04,0.01791789623603217,0.0
2005-05-05,-0.0066177736868572295,0.0
2005-05-06,0.0027990028394958835,0.0
2005-05-09,0.006877184243501778,0.0
2005-05-10,-0.01047987203659101,0.0
2005-05-11,8.247181680362076e-05,0.0
2005-05-12,-0.010090497755921229,0.0
2005-05-13,0.0012970741573295566,0.0
2005-05-16,0.01110593947182146,0.0
2005-05-17,0.007040446341855943,0.0
2005-05-18,0.02395883849565711,0.0
2005-05-19,0.008460237327819451,0.0
2005-05-20,0.007168139408766832,0.0
2005-05-23,0.001943127796231835,0.0
2005-05-24,-0.000338725890603451,0.0
2005-05-25,0.0007156921368494757,0.0
2005-05-26,0.010785136600863979,0.0
2005-05-27,0.001648868774404482,0.0
2005-05-31,-0.004598666276948776,0.0
2005-06-01,0.006057199133579605,1.1532078285066436
2005-06-02,0.0010881894647284316,0.0
2005-06-03,-0.0070703518228444635,0.0
2005-06-06,0.0003161247466888729,0.0
2005-06-07,0.0013131565985026684,0.0
2005-06-08,-0.0017898569703685787,0.0
2005-06-09,0.0015069572722091926,0.0
2005-06-10,-0.0012921350200287825,0.0
2005-06-13,0.0033908195517590176,0.0
2005-06-14,0.003102724493380069,0.0
2005-06-15,0.0007846525348816016,0.0
2005-06-16,0.004588358058946864,0.0
2005-06-17,0.0023247497276137155,0.0
2005-06-20,-0.0009080652249575182,0.0
2005-06-21,-0.002533398048309779,0.0
2005-06-22,-0.0009810853972734594,0.0
2005-06-23,-0.011593774583023188,0.0
2005-06-24,-0.008569249805687944,0.0
2005-06-27,-0.0034817694834270597,0.0
2005-06-28,0.011487695859855691,0.0
2005-06-29,-0.0013620667836675752,0.0
2005-06-30,-0.00501310404138546,0.0
2005-07-01,0.0009538287994224071,0.9252313271408613
2005-07-05,0.00743356423556399,0.0
2005-07-06,-0.003456964517275621,0.0
2005-07-07,0.0006845439119594756,0.0
2005-07-08,0.019068307690361518,0.0
2005-07-11,0.011491260746512725,0.0
2005-07-12,0.0008343802702266933,0.0
2005-07-13,0.003189487576074214,0.0
2005-07-14,0.009987521354788129,0.0
2005-07-15,0.00019509661738390178,0.0
2005-07-18,-0.0031572707199856585,0.0
2005-07-19,0.009550322418630481,0.0
2005-07-20,0.011059982247236136,0.0
2005-07-21,-0.00650673539708041,0.0
2005-07-22,0.0017889555873425095,0.0
2005-07-25,-0.005944183771936784,0.0
2005-07-26,0.0031102893116891264,0.0
2005-07-27,0.0027499404474020245,0.0
2005-07-28,0.0024592657653650977,0.0
2005-07-29,-0.0064559965055162125,0.0
2005-08-01,-0.0031500292791035722,0.9369789676870843
2005-08-02,0.0013160790289982998,0.0
2005-08-03,0.0035117265785106094,0.0
2005-08-04,-0.009114853637716242,0.0
2005-08-05,-0.007838609273363103,0.0
2005-08-08,-0.0016900390806488753,0.0
2005-08-09,0.0014056922170334117,0.0
2005-08-10,-0.001811008261404861,0.0
2005-08-11,0.009829506896548202,0.0
2005-08-12,-0.006770537935951141,0.0
2005-08-15,0.004042605689709812,0.0
2005-08-16,-0.010218466202084192,0.0
2005-08-17,0.0008872549700261688,0.0
2005-08-18,-0.0017936405584165426,0.0
2005-08-19,0.000699712650994444,0.004755030455464477
2005-08-22,0.003407316634465192,0.0
2005-08-23,-0.00368707230770233,0.0
2005-08-24,-0.010258865682599537,0.0
2005-08-25,0.0014794751081061556,0.0
2005-08-26,0.0009195070187783942,0.0
2005-08-29,-0.0007112298853854975,0.0
2005-08-30,-0.005619739336812853,0.0
2005-08-31,0.007052082686639062,0.0
2005-09-01,-0.0018742269945269951,0.9689356178215839
2005-09-02,-0.001704397641936924,0.0
2005-09-06,0.010266491643906507,0.0
2005-09-07,0.006941518448451119,0.0
2005-09-08,-0.0051849856473160545,0.0
2005-09-09,0.00586990959907387,0.0
2005-09-12,0.006463631856202684,0.0
2005-09-13,-0.00758078670134659,0.0
2005-09-14,-0.006021268021733066,0.0
2005-09-15,-0.0049766576664185954,0.0
2005-09-16,0.007324809595177289,0.0
2005-09-19,-0.010506549559036233,0.0
2005-09-20,-0.010519730998136982,0.0
2005-09-21,-0.013947845431246747,0.0
2005-09-22,0.0058494833853322895,0.0
2005-09-23,0.005973951098818693,0.0
2005-09-26,-0.003405439108620108,0.0
2005-09-27,0.0005249311619829451,0.0
2005-09-28,-0.0018288199039136822,0.0
2005-09-29,0.00817232693508523,0.0
2005-09-30,0.006834243638569512,0.0
2005-10-03,-0.003166510134927192,0.9719499281087064
2005-10-04,-0.007254865752346509,0.0
2005-10-05,-0.015001278711069899,0.0
2005-10-06,-0.0027284016625951225,0.0
2005-10-07,-0.001548958373243791,0.0
2005-10-10,-0.013678289360264393,0.0
2005-10-11,-0.007150526845022043,0.0011236914434584351
2005-10-12,-0.0055972853861077235,0.0
2005-10-13,0.004569825156304048,0.0
2005-10-14,0.007603929776176566,0.0
2005-10-17,0.0019085037253437635,0.0
2005-10-18,-0.009167219669254285,0.0
2005-10-19,0.00745841081026251,0.0
2005-10-20,-0.007940596599267215,0.0
2005-10-21,-0.0021737340339656984,0.0
2005-10-24,0.014031568229816098,0.0
2005-10-25,-0.003563684231836978,0.0
2005-10-26,-0.0007052789945927577,0.0
2005-10-27,-0.012950629955746659,0.0
2005-10-28,0.018985614802757917,0.0
2005-10-31,0.01133334600315633,0.0
2005-11-01,-0.003078839067211514,1.1661279743404558
2005-11-02,0.014929077220048263,0.0
2005-11-03,0.009977701394191341,0.0
2005-11-04,0.0034018448995059864,0.0
2005-11-07,0.0037993382616645834,0.0
2005-11-08,-0.008027654665025117,0.0
2005-11-09,0.004044835997562413,0.0
2005-11-10,0.006890174123093851,0.0
2005-11-11,0.0008065986809219767,0.0
2005-11-14,-0.001595935947122527,0.0
2005-11-15,-0.006427180503282591,0.0
2005-11-16,0.001717043143469147,0.0
2005-11-17,0.012683362638054006,0.0
2005-11-18,0.007859289818444453,0.0
2005-11-21,0.003135729711733679,0.0
2005-11-22,0.004313635275347418,0.0
2005-11-23,0.0052623090731260674,0.0
2005-11-25,0.0019359850622230397,0.0
2005-11-28,-0.0094986235102331,0.0
2005-11-29,0.001694491680230695,0.0
2005-11-30,0.0007287527431938635,0.0
2005-12-01,0.015844565538658983,1.3070781626291232
2005-12-02,0.0022349950833891723,0.0
2005-12-05,-0.005144647486473074,0.0
2005-12-06,0.0004904440157606435,0.0
2005-12-07,-0.00028453296379755846,0.0
2005-12-08,-0.0005817876097886401,0.0
2005-12-09,0.004459279703033553,0.0
2005-12-12,0.002010525904798255,0.0
2005-12-13,0.004674485629329157,0.0
2005-12-14,0.004920393959663576,0.0
2005-12-15,-0.0023397956405832978,0.0
2005-12-16,-1.3080852290209667e-05,0.0
2005-12-19,-0.0058387834878758545,0.0
2005-12-20,-0.0029224747133386455,0.0
2005-12-21,0.004362078280069146,0.0
2005-12-22,0.00570187347305649,0.0
2005-12-23,0.0007052636272566551,0.0
2005-12-27,-0.006732592230167561,0.0
2005-12-28,0.0015983729902934924,0.0
2005-12-29,-0.002540726541874676,0.0
2005-12-30,-0.003985080430564225,0.017749552365452635
2006-01-03,0.011606142391660912,1.1405161320991888
2006-01-04,0.007139387299662792,0.008945066131295233
2006-01-05,0.006711594402626291,0.0
2006-01-06,0.010586200400587116,0.0
2006-01-09,0.007735040881486083,0.0
2006-01-10,0.0007326830965213627,0.0
2006-01-11,0.0030168406842129058,0.0
2006-01-12,-0.008074880630511445,0.0
2006-01-13,-0.0012417534191766016,0.0
2006-01-17,-0.008290962186308022,0.0
2006-01-18,-0.000713546298133061,0.0
2006-01-19,0.009312946809257325,0.0
2006-01-20,-0.01859574547062753,0.0
2006-01-23,0.0011028748765068545,0.0
2006-01-24,0.010905466563758707,0.0
2006-01-25,-0.0009169008421480441,0.0
2006-01-26,0.008154713048837496,0.0
2006-01-27,0.005723164548089909,0.0
2006-01-30,-1.4136408186036009e-05,0.0
2006-01-31,-0.005934080786543783,0.008820469749920328
2006-02-01,0.0007378898728316319,1.3029454842438604
2006-02-02,-0.007219428494229763,0.0
2006-02-03,-0.0057086521553191705,0.0
2006-02-06,-0.0007657899554718541,0.0
2006-02-07,-0.002712759341377842,0.0
2006-02-08,0.007793675309112968,0.0
2006-02-09,0.0023542151075790197,0.0
2006-02-10,0.00412365085566826,0.0
2006-02-13,-0.0032748655194598034,0.0
2006-02-14,0.008068048044938197,0.0
2006-02-15,0.005680869735360339,0.0
2006-02-16,0.007181295035181598,0.0
2006-02-17,0.002011341809461731,0.0
2006-02-21,-0.005214996650585827,0.0
2006-02-22,0.00827916967282508,0.0
2006-02-23,-0.003934282111963311,0.0
2006-02-24,-0.0008028505852460578,0.0
2006-02-27,0.005024692470886163,0.0
2006-02-28,-0.01061033652871876,0.0
2006-03-01,0.005901659752810096,1.1795562804139232
2006-03-02,-0.008058641060377496,0.0
2006-03-03,-0.003126599174655964,0.005215630799351864
2006-03-06,-0.008291501203467723,0.0
2006-03-07,-0.002046703640853966,0.0
2006-03-08,0.0008968958651134447,0.0
2006-03-09,-0.003424858703840354,0.0
2006-03-10,0.008351291326884227,0.0
2006-03-13,0.0040770069660577505,0.0
2006-03-14,0.010215768609918855,0.0
2006-03-15,0.003920083682189358,0.0
2006-03-16,0.0023451761776575103,0.0
2006-03-17,0.0002089247291390807,0.0
2006-03-20,-0.002774641937083964,0.0
2006-03-21,-0.002715549909747055,0.0
2006-03-22,0.004893514611783114,0.0
2006-03-23,-0.00038005420845249523,0.0
2006-03-24,0.0022840472064239907,0.0
2006-03-27,-0.0017466839680449543,0.0
2006-03-28,-0.0045872099632058684,0.0
2006-03-29,0.009833555260422344,0.0
2006-03-30,-0.0018658395632372858,0.0
2006-03-31,-0.006444861301738116,0.0
2006-04-03,-0.001049929596497412,1.3295871581845635
2006-04-04,0.003935958969898125,0.0
2006-04-05,0.0036287961572473004,0.0
2006-04-06,-0.002139814103654152,0.0
2006-04-07,-0.009750134544307253,0.0
2006-04-10,0.00018608204612951932,0.0
2006-04-11,-0.01043016794762415,0.0
2006-04-12,0.0010143304501735767,0.0
2006-04-13,0.000513545429346932,0.0
2006-04-17,-0.003149404683851876,0.0
2006-04-18,0.015620470402065536,0.0
2006-04-19,0.0015635209857295252,0.0
2006-04-20,0.004895316229557908,0.0
2006-04-21,-0.0017652993674462166,0.0
2006-04-24,-8.873837708676134e-06,0.0
2006-04-25,-0.0036395574082341083,0.0
2006-04-26,0.0029204060286103194,0.0
2006-04-27,0.006745045987244008,0.0
2006-04-28,-0.0007784579706147983,0.0
2006-05-01,-0.00951309158618896,1.262610530313098
2006-05-02,0.0007060304904591736,0.0
2006-05-03,-0.0018194039197008322,0.0
2006-05-04,0.002120584885258604,0.0
2006-05-05,0.00805337489716373,0.0
2006-05-08,0.0017269577346694116,0.0
2006-05-09,-0.0032598330386738083,0.0
2006-05-10,0.0010816302295169678,0.0
2006-05-11,-0.01156666108110646,0.0
2006-05-12,-0.0066025579659754205,0.0
2006-05-15,0.006249169091874817,0.0
2006-05-16,-0.0029527329834921658,0.0
2006-05-17,-0.013696562858140379,0.0
2006-05-18,-0.004035029404238884,0.0
2006-05-19,0.0026359707412271526,0.0
2006-05-22,-0.003436105127939392,0.0
2006-05-23,-0.006234690479253381,0.0
2006-05-24,0.0029035437902715224,0.0
2006-05-25,0.009325211160318802,0.0
2006-05-26,0.007767570520917085,0.0
2006-05-30,-0.01401062669156045,0.0
2006-05-31,0.008035342454116851,0.0
2006-06-01,0.011976637408688706,1.2830195392556831
2006-06-02,-0.0019259012862075028,0.0
2006-06-05,-0.017582932539691405,0.0
2006-06-06,-0.003787655727749753,0.0
2006-06-07,-0.0020932807956847645,0.0
2006-06-08,-0.00035466744442261164,0.0
2006-06-09,-0.003435875492750227,0.0
2006-06-12,-0.014245619680830966,0.0
2006-06-13,-0.007856818582574943,0.0
2006-06-14,0.0037936622350158793,0.0
2006-06-15,0.024206425581767103,0.0
2006-06-16,-0.004233725322452429,0.0
2006-06-19,-0.007009358854180553,0.0
2006-06-20,-0.0022023181882213578,0.0
2006-06-21,0.01115210648266296,0.009317294331234021
2006-06-22,-0.006229977736436234,0.0
2006-06-23,-0.0020739731504257853,0.0
2006-06-26,0.0032875899840122094,0.0
2006-06-27,-0.013724432264238666,0.0
2006-06-28,0.0025263639735063374,0.0
2006-06-29,0.022397503903146047,0.0
2006-06-30,0.002010125667956701,0.0
2006-07-03,0.003118655142245741,1.1450441719423539
2006-07-05,-0.012333335155554338,0.0
2006-07-06,0.0013121068561605593,0.0
2006-07-07,-0.009653165434839416,0.0
2006-07-10,0.000304212340732622,0.0
2006-07-11,0.0021671824103390376,0.0
2006-07-12,-0.011527747251621895,0.0
2006-07-13,-0.012359138421094401,0.0
2006-07-14,-0.009779727514377598,0.0
2006-07-17,0.0028546492558655418,0.0
2006-07-18,-0.002419903729311925,0.0
2006-07-19,0.01863704982709418,0.0
2006-07-20,-0.012250257898950512,0.0
2006-07-21,-0.008632631630995927,0.0
2006-07-24,0.018738533421834163,0.0
2006-07-25,0.007741564451347176,0.0
2006-07-26,0.001679018217278356,0.0
2006-07-27,-0.011305230109125083,0.0
2006-07-28,0.012505166723762612,0.0
2006-07-31,-0.004124642313208311,0.0
2006-08-01,-0.010342069642682361,1.0278420974969116
2006-08-02,0.007656589251535934,0.0
2006-08-03,0.010456131086364296,0.0
2006-08-04,-0.0018302982912036063,0.0
2006-08-07,-0.0041927225281747,0.0
2006-08-08,-0.006506163675658699,0.0
2006-08-09,-0.0068321261113334026,0.0
2006-08-10,0.008515214978562783,0.0
2006-08-11,-0.0037001960563081975,0.0
2006-08-14,0.003919098892092835,0.0
2006-08-15,0.01740343561377724,0.0
2006-08-16,0.020123523665962015,0.0
2006-08-17,0.008548325042377148,0.0
2006-08-18,-0.00043747811727781836,0.0
2006-08-21,-0.008969014461326428,0.0
2006-08-22,-0.001040179380932536,0.0
2006-08-23,-0.006519425867406664,0.0
2006-08-24,-0.0004690842709911983,0.0
2006-08-25,-0.001541956531028263,0.0
2006-08-28,0.00911409548857468,0.0
2006-08-29,0.007752008261878853,0.0
2006-08-30,0.0037239258172951277,0.0
2006-08-31,0.0011012301082934618,0.0
2006-09-01,0.004352955095153321,1.2886713126393232
2006-09-05,0.001878954735415975,0.0
2006-09-06,-0.010036150775705854,0.0
2006-09-07,-0.00521434065470438,0.0
2006-09-08,0.0034037995379745042,0.0
2006-09-11,-0.0008922596945280406,0.0
2006-09-12,0.01089202649737666,0.0
2006-09-13,0.006871801125549198,0.0
2006-09-14,-0.0037167129643207275,0.0
2006-09-15,0.0036063640186618402,0.0
2006-09-18,0.0022725318647906874,0.0
2006-09-19,-0.004628220675125666,0.0
2006-09-20,0.002331462370571557,0.0
2006-09-21,-0.00280055352629114,0.0
2006-09-22,-0.005361685921111133,0.0
2006-09-25,0.009251214279464112,0.0
2006-09-26,0.005212926073846896,0.0
2006-09-27,0.0020818933108915235,0.0
2006-09-28,0.003213569238960958,0.0
2006-09-29,-0.0032360231426065084,0.0
2006-10-02,-0.00600979499026022,1.110639963145381
2006-10-03,-0.0037448947902394146,0.0
2006-10-04,0.012522002796134135,0.0
2006-10-05,0.0035049685162215735,0.0
2006-10-06,-0.0041045427972188735,0.0
2006-10-09,-0.00028426654061052936,0.0
2006-10-10,0.0014354487778075681,0.0
2006-10-11,0.00015109057684793725,0.0
2006-10-12,0.00940297288293667,0.0
2006-10-13,0.0023295687985869073,0.0
2006-10-16,0.005447007477651552,0.0
2006-10-17,-0.004382557039167382,0.0
2006-10-18,-0.001771771621195777,0.0
2006-10-19,0.002752051529046516,0.0
2006-10-20,0.0021954489255388036,0.0
2006-10-23,0.006736858544231457,0.0
2006-10-24,4.279787552907075e-05,0.0
2006-10-25,0.002552212458836854,0.0
2006-10-26,0.004833713576713939,0.0
2006-10-27,-0.005832367045177188,0.0
2006-10-30,0.00017986783933328826,0.0
2006-10-31,0.00028386410120814716,0.0
2006-11-01,-0.00845609984772877,1.19807803869629
2006-11-02,0.0031827668259130303,0.0
2006-11-03,-0.002770756927172307,0.0
2006-11-06,0.01076719862792431,0.0
2006-11-07,0.003474909044085881,0.0
2006-11-08,-0.004000082623587531,0.008797183944935854
2006-11-09,-0.0102602316195734,0.0
2006-11-10,0.004143938412667528,0.0
2006-11-13,0.005474028855343198,0.0
2006-11-14,0.008579635931711573,0.0
2006-11-15,0.004754537427136249,0.0
2006-11-16,0.003904686086717248,0.0
2006-11-17,-0.0031662959011094683,0.0
2006-11-20,-0.003813321969422938,0.0
2006-11-21,-0.0007902108007974319,0.0
2006-11-22,0.00756456627549157,0.0
2006-11-24,-0.0029489001389948477,0.0087943813627808
2006-11-27,-0.01336456397812741,0.0
2006-11-28,0.0031448994763708877,0.0
2006-11-29,0.006761302630600334,0.0
2006-11-30,0.005738380718064222,0.0
2006-12-01,-0.005305063448297731,1.16227886132011
2006-12-04,0.014394796476587684,0.0
2006-12-05,0.006004728650821949,0.0
2006-12-06,0.0001838783016062534,0.0
2006-12-07,-0.0040912708863748565,0.0
2006-12-08,0.0015514513988545374,0.0
2006-12-11,0.001624347130990362,0.0
2006-12-12,7.545356916606128e-05,0.0
2006-12-13,0.000251456941100058,0.0
2006-12-14,0.009110894094324869,0.0
2006-12-15,0.0013797453637877414,0.0
2006-12-18,-0.0018022652966735316,0.0
2006-12-19,0.008886259330962912,0.0
2006-12-20,-0.0014804919256378884,0.0
2006-12-21,-0.0022995118062449577,0.0
2006-12-22,-0.0039124784264105575,0.0
2006-12-26,0.0034822883939539485,0.0
2006-12-27,0.00597752595330665,0.0
2006-12-28,-0.001887949942496332,0.0
2006-12-29,-0.004680005612531076,0.0
2007-01-03,0.0016231768418448755,1.180473748269726
2007-01-04,0.004633463666017502,0.0
2007-01-05,-0.006332138678980191,0.0
2007-01-08,0.0008323506429483984,0.009105075322870897
2007-01-09,0.00015974935329221584,0.0
2007-01-10,0.0012985513404328844,0.0
2007-01-11,0.006022587782980792,0.0
2007-01-12,0.004560303952203909,0.0
2007-01-16,-0.0005822055090906848,0.0
2007-01-17,-9.94108071448235e-05,0.0
2007-01-18,-0.004549852684955877,0.0
2007-01-19,0.006605246675432061,0.0
2007-01-22,-0.004100178379304244,0.0
2007-01-23,0.005602447001014806,0.0
2007-01-24,0.00768516404743749,0.0
2007-01-25,-0.008194029080098142,0.008621667871783895
2007-01-26,0.0010900084357549425,0.0
2007-01-29,0.0011700632273954135,0.0
2007-01-30,0.006533956762693573,0.0
2007-01-31,0.007360122669161544,0.0
2007-02-01,0.005106155496247933,1.6560657097259734
2007-02-02,0.002648208545250878,0.0
2007-02-05,-1.545609001023917e-05,0.0
2007-02-06,0.002820069323111672,0.0
2007-02-07,0.003021653169758163,0.0
2007-02-08,-0.0013520919632204547,0.0
2007-02-09,-0.007702179843573638,0.0
2007-02-12,-0.0024259566442381545,0.0
2007-02-13,0.007693477769375064,0.0
2007-02-14,0.007855114516013974,0.0
2007-02-15,0.0035459780774045324,0.009093394640932161
2007-02-16,9.19648393972756e-06,0.0
2007-02-20,0.0035274896634751585,0.009617047207169174
2007-02-21,-0.002355331681559323,0.0
2007-02-22,0.0011388498727673115,0.0
2007-02-23,-0.004011266588454673,0.0
2007-02-26,0.00039819537482397243,0.0
2007-02-27,-0.03238016260935829,0.0
2007-02-28,0.003848547627271177,0.0
2007-03-01,-0.00680977458509513,1.2026342524643066
2007-03-02,-0.013434249517596093,0.0
2007-03-05,-0.01412416076349632,0.0
2007-03-06,0.017920289385462612,0.0
2007-03-07,-0.0028047557698717383,0.0
2007-03-08,0.009395048821990416,0.0
2007-03-09,0.0029058441885875244,0.0
2007-03-12,0.0018776666036745388,0.0
2007-03-13,-0.02380353583953187,0.0
2007-03-14,0.006715961911997857,0.0
2007-03-15,0.007052318304564093,0.0
2007-03-16,-0.0033774338611183815,0.0
2007-03-19,0.010674920911956185,0.0
2007-03-20,0.006511201747795298,0.0
2007-03-21,0.01849988646001935,0.0
2007-03-22,-0.0020612113728423922,0.0
2007-03-23,0.0007346826238957957,0.0
2007-03-26,-0.0024207651362424974,0.0
2007-03-27,-0.007191171420083898,0.0
2007-03-28,-0.007955443207600653,0.0
2007-03-29,0.0030813310997359795,0.0
2007-03-30,0.0009081177160675903,0.0
2007-04-02,-0.0005578579758163116,1.172920115741903
2007-04-03,0.010259238927572512,0.0
2007-04-04,-0.0022456367556026352,0.0
2007-04-05,0.004060059735731704,0.0
2007-04-09,-0.00015341869253312639,0.0
2007-04-10,0.0007722628661510449,0.0
2007-04-11,-0.006979833324262141,0.0
2007-04-12,0.006186618719142916,0.0
2007-04-13,0.0015252622410111853,0.0
2007-04-16,0.012561079491115047,0.0
2007-04-17,0.004155218505205055,0.0
2007-04-18,0.004175218516512206,0.0
2007-04-19,-0.0028684535447941117,0.0
2007-04-20,0.009559908464273213,0.0
2007-04-23,-0.0008623579250038998,0.0
2007-04-24,-0.00031046890677337605,0.0
2007-04-25,0.008506053737956664,0.0
2007-04-26,0.0010318248670215505,0.0
2007-04-27,-0.0027266335609346564,0.0
2007-04-30,-0.010306620329377597,0.0
2007-05-01,0.0015110639110689217,1.2839730360535138
2007-05-02,0.006419978202951175,0.0
2007-05-03,0.0016538395329296171,0.0
2007-05-04,0.002520175134723782,0.0
2007-05-07,0.0015755249780961156,0.0
2007-05-08,-0.0034554295236409725,0.0
2007-05-09,0.005505550436210687,0.0
2007-05-10,-0.014124130977918297,0.0
2007-05-11,0.007068771335727607,0.0
2007-05-14,-0.0025918958181980903,0.0
2007-05-15,-0.0026009556804721433,0.0
2007-05-16,0.006048975590354154,0.0
2007-05-17,-0.0020895946820983294,0.0
2007-05-18,0.006308682360320179,0.0
2007-05-21,0.0009026850489562476,0.0
2007-05-22,-0.0005695194006423156,0.0
2007-05-23,-0.004582489300413441,0.0
2007-05-24,-0.011420914347875365,0.0
2007-05-25,0.006763204747641947,0.0
2007-05-29,0.00568570229069282,0.0
2007-05-30,0.009473659252310314,0.0
2007-05-31,0.0013895441717317733,0.0
2007-06-01,0.002605230999977781,1.1097866289537217
2007-06-04,-0.0008719218031169333,0.0
2007-06-05,-0.006398803962749238,0.0
2007-06-06,-0.009949594256543775,0.0
2007-06-07,-0.018845846403576057,0.0
2007-06-08,0.010704817112224058,0.0
2007-06-11,-0.0002733253672040685,0.0
2007-06-12,-0.010131749262018801,0.0
2007-06-13,0.013145128550781903,0.0
2007-06-14,0.0016352815565472312,0.0
2007-06-15,0.0056298366670810025,0.0
2007-06-18,-0.0035403375161062517,0.0
2007-06-19,2.0203204670345233e-05,0.0
2007-06-20,-0.013257663457792305,0.0
2007-06-21,0.0052646748341581544,0.0
2007-06-22,-0.010684161800845299,0.0
2007-06-25,-0.005198659959198718,0.0
2007-06-26,-0.004285460502063275,0.0
2007-06-27,0.010415915237892454,0.0
2007-06-28,-0.0006264003614072492,0.0
2007-06-29,-0.0032213473786437455,0.0
2007-07-02,0.011093720619558711,0.9755825628654932
2007-07-03,0.0026095195945083187,0.0
2007-07-05,-0.00017007972461748194,0.0
2007-07-06,0.004511747737221315,0.0
2007-07-09,-0.0018072119502102618,0.0
2007-07-10,-0.01807179911273068,0.0
2007-07-11,0.004808345823541719,0.0
2007-07-12,0.016716126239014722,0.0
2007-07-13,0.0061349775633617555,0.0
2007-07-16,-0.005423613886857139,0.0
2007-07-17,-0.0005728759722493644,0.0
2007-07-18,-0.003435158753498275,0.0
2007-07-19,0.0042198723053108724,0.0
2007-07-20,-0.017609612321027285,0.0
2007-07-23,-0.00010980975222421309,0.0
2007-07-24,-0.02376902088561602,0.0
2007-07-25,0.002327038149963218,0.0
2007-07-26,-0.028119950201674918,0.0
2007-07-27,-0.018571378608131673,0.0
2007-07-30,0.00942140615867532,0.0
2007-07-31,-0.012113286658719389,0.0
2007-08-01,0.005888637140396558,1.1272800167756403
2007-08-02,0.008685668114611116,0.0
2007-08-03,-0.035075088306942254,0.0
2007-08-06,0.019830869880419547,0.0
2007-08-07,0.00172306679158379,0.0
2007-08-08,0.015061521352248532,0.0
2007-08-09,-0.027630060344101467,0.0
2007-08-10,0.003099570018683731,0.0
2007-08-13,0.0009168395319769855,0.0
2007-08-14,-0.025260653060850177,0.0
2007-08-15,-0.017964974466047973,0.0
2007-08-16,0.0025822356507191075,0.0
2007-08-17,0.02710554219517027,0.0
2007-08-20,0.0008766875879188006,0.0
2007-08-21,0.003414392619270882,0.0
2007-08-22,0.0158058445893203,0.0
2007-08-23,-0.004461354726261147,0.0
2007-08-24,0.01124254446212177,0.0
2007-08-27,-0.014064560684630802,0.0
2007-08-28,-0.02743734200920782,0.0
2007-08-29,0.023553714935031562,0.0
2007-08-30,-0.006001972861059364,0.0
2007-08-31,0.015776952820930293,0.0
2007-09-04,0.004866748454508851,1.2299420446864646
2007-09-05,-0.014873517125288394,0.009228079193193543
2007-09-06,0.0035422293569742215,0.0
2007-09-07,-0.019788149135286946,0.0
2007-09-10,-0.006501352812468235,0.0
2007-09-11,0.012073026997787891,0.0
2007-09-12,-0.00021577607568068122,0.0
2007-09-13,0.007074569892992979,0.0
2007-09-14,0.0020397253745188266,0.0
2007-09-17,-0.00624695744045293,0.0
2007-09-18,0.03734507509373012,0.0
2007-09-19,0.009009204261537843,0.0
2007-09-20,-0.01457400307151618,0.0
2007-09-21,0.0028407414237099702,0.0
2007-09-24,-0.010698050383043728,0.0
2007-09-25,-0.003614898092619438,0.0
2007-09-26,0.004957179054754157,0.0
2007-09-27,0.007011217809153038,0.0
2007-09-28,-0.0028400496382520236,0.0
2007-10-01,0.017292819241085056,1.045852448767955
2007-10-02,0.006721200095924473,0.009030133663539285
2007-10-03,0.0017015625111047505,0.0
2007-10-04,-0.0023155954624072936,0.0
2007-10-05,0.017141238758088092,0.0
2007-10-08,-0.006338704673405611,0.0
2007-10-09,0.0074513353022428,0.0
2007-10-10,-0.0014789101792035434,0.0
2007-10-11,-0.007101539448734368,0.0
2007-10-12,-8.960025021569408e-05,0.0
2007-10-15,-0.011192878751247722,0.0
2007-10-16,-0.011059465144096397,0.0
2007-10-17,-0.0019386996307017973,0.0
2007-10-18,-0.006067623374500238,0.0
2007-10-19,-0.023810507079546718,0.0
2007-10-22,0.009437637883218239,0.0
2007-10-23,0.003781984673600444,0.0
2007-10-24,-0.004354992700147049,0.0
2007-10-25,-0.005050419463419145,0.0
2007-10-26,0.012824226695180576,0.0
2007-10-29,0.00033323829418296924,0.00937745286981238
2007-10-30,-0.002097114719318054,0.0
2007-10-31,0.008001089220717666,0.0
2007-11-01,-0.02987495883261837,1.2338935388982377
2007-11-02,-0.001125463521196056,0.0
2007-11-05,-0.00817978273772681,0.0
2007-11-06,0.012123617114239977,0.0
2007-11-07,-0.03267780762097627,0.0
2007-11-08,0.0035853686463701013,0.0
2007-11-09,-0.007329759695285869,0.0
2007-11-12,-0.007381004106998523,0.0
2007-11-13,0.02957394968977667,0.0
2007-11-14,-0.010218165634397822,0.0
2007-11-15,-0.018843798524268505,0.0
2007-11-16,-0.0011090247049696023,0.0
2007-11-19,-0.01916523041652237,0.0
2007-11-20,-0.0018978500566574144,0.0
2007-11-21,-0.01180877869409765,0.0
2007-11-23,0.020632926063921926,0.0
2007-11-26,-0.024528770695374187,0.0
2007-11-27,0.013577992233002326,0.0
2007-11-28,0.032435570189619414,0.0
2007-11-29,-0.0018346495566298948,0.0
2007-11-30,0.01280984120011878,0.0
2007-12-03,-0.007982700001123222,1.337911897040774
2007-12-04,-0.006927743446166494,0.0
2007-12-05,0.017196910154076504,0.0
2007-12-06,0.025142560652710845,0.0
2007-12-07,-0.0014552842229856094,0.0
2007-12-10,0.008592115452538403,0.0
2007-12-11,-0.03374429940154618,0.0
2007-12-12,0.006094514875020624,0.0
2007-12-13,-0.003991578071826485,0.009009870575468868
2007-12-14,-0.018535701745684387,0.0
2007-12-17,-0.01934810376460663,0.0
2007-12-18,0.006649512644008765,0.0
2007-12-19,-0.002404007311807103,0.0
2007-12-20,0.005436099043950397,0.0
2007-12-21,0.01341313636398875,0.0
2007-12-24,0.009510920311370887,0.0
2007-12-26,0.0006324993043056848,0.0
2007-12-27,-0.014166982863322656,0.0
2007-12-28,-0.0017059218750315444,0.0
2007-12-31,-0.004510959262193706,0.0
2008-01-02,-0.01539751607846862,1.1771013397303125
2008-01-03,-0.008932234932441727,0.0
2008-01-04,-0.031108477354974257,0.0
2008-01-07,0.0007587531695627194,0.0
2008-01-08,-0.023733504663221675,0.0
2008-01-09,0.00849760206352368,0.0
2008-01-10,0.017386931954168953,0.0
2008-01-11,-0.009619370098002317,0.0
2008-01-14,0.006305311804597643,0.0
2008-01-15,-0.025469036992217014,0.0
2008-01-16,0.00853218414259398,0.0
2008-01-17,-0.028345442701465433,0.0
2008-01-18,0.0016037680263007313,0.0
2008-01-22,0.0009923059867238413,0.0
2008-01-23,0.033653612228474225,0.0
2008-01-24,0.010742722872141477,0.0
2008-01-25,-0.013378838867351443,0.0
2008-01-28,0.02063088122489099,0.0
2008-01-29,0.014818298701917813,0.0
2008-01-30,-0.005769660524858237,0.0
2008-01-31,0.025209900743936878,0.0
2008-02-01,0.025409524677614037,1.3409454963940073
2008-02-04,-0.010766160962370952,0.0
2008-02-05,-0.03874935333880766,0.0
2008-02-06,-0.01169616292900723,0.0
2008-02-07,0.010922587489625636,0.0
2008-02-08,-0.0006365946838308795,0.0
2008-02-11,0.012192737125530186,0.0
2008-02-12,0.0038526665448475666,0.0
2008-02-13,0.02256634752017333,0.0
2008-02-14,-0.01498149500710734,0.0
2008-02-15,-0.0037649609609986413,0.0
2008-02-19,0.002942797715314844,0.0
2008-02-20,0.012140350814108102,0.0
2008-02-21,-0.013661004250028991,0.0
2008-02-22,0.00923163007920431,0.0
2008-02-25,0.01846241628344136,0.0
2008-02-26,0.010279281567529407,0.0
2008-02-27,-0.002132325981391412,0.0
2008-02-28,-0.01123350052231549,0.0
2008-02-29,-0.03219209659939119,0.0
2008-03-03,-0.002262795142966012,1.1939262536938275
2008-03-04,-0.002808830181779864,0.0
2008-03-05,0.004526972840361747,0.0
2008-03-06,-0.03650378568420974,0.0
2008-03-07,-0.003906280467554686,0.0
2008-03-10,-0.02357783165670369,0.0
2008-03-11,0.057141185239256084,0.0
2008-03-12,-0.017360792517605143,0.0
2008-03-13,0.01410072379591222,0.0
2008-03-14,-0.030015050244002167,0.0
2008-03-17,-0.02390777436256316,0.0
2008-03-18,0.060440726502427225,0.0
2008-03-19,-0.02360562054933979,0.008953880138050237
2008-03-20,0.042611518652176814,0.0
2008-03-24,0.02809174949793691,0.0
2008-03-25,0.00073054768426933,0.0
2008-03-26,-0.02613356793057704,0.0
2008-03-27,-0.02100784959188072,0.0
2008-03-28,-0.020495280911437683,0.0
2008-03-31,0.010506305932330855,0.0
2008-04-01,0.058657501986739025,0.8053915055563418
2008-04-02,0.002244096740224101,0.0
2008-04-03,0.007361098124279488,0.0
2008-04-04,-0.0037551175526920515,0.0
2008-04-07,0.0037703314176180235,0.0
2008-04-08,-0.009172526853995444,0.0
2008-04-09,-0.020201358391792667,0.0
2008-04-10,0.004483590900619866,0.0
2008-04-11,-0.02378226873513625,0.0
2008-04-14,-0.012093313071379376,0.0
2008-04-15,0.006058318492112845,0.0
2008-04-16,0.02668201855253818,0.0
2008-04-17,0.009458208177375336,0.0
2008-04-18,0.022629160096136948,0.0
2008-04-21,-0.002071646260190063,0.0
2008-04-22,-0.018584557934528997,0.0
2008-04-23,-0.004644682440948039,0.0
2008-04-24,0.020639559726429054,0.0
2008-04-25,0.017867191682386808,0.0
2008-04-28,0.0012835337648289464,0.0
2008-04-29,-0.003589364496227744,0.0
2008-04-30,-0.00942220148137091,0.0
2008-05-01,0.02647694318400906,1.029231136364168
2008-05-02,0.0030193940986865714,0.0
2008-05-05,-0.009283830876274482,0.0
2008-05-06,0.0128227262360361,0.0
2008-05-07,-0.020824823908487777,0.0
2008-05-08,-0.0035052505312478453,0.0
2008-05-09,-0.006863700856717957,0.0
2008-05-12,0.015382361341881865,0.0
2008-05-13,-0.0014738982269883378,0.0
2008-05-14,0.00822644388402992,0.0
2008-05-15,0.016490411179506417,0.0
2008-05-16,-0.00321009754125699,0.0
2008-05-19,-0.003235559764202852,0.0
2008-05-20,-0.012015411800906275,0.0
2008-05-21,-0.0218017020633883,0.0
2008-05-22,0.0031875758269998278,0.0
2008-05-23,-0.015398118283118326,0.0
2008-05-27,0.008464395145596253,0.0
2008-05-28,0.004432840444691501,0.0
2008-05-29,0.008680532345499441,0.0
2008-05-30,0.00019308041205040802,0.0
2008-06-02,-0.01708129715864115,1.1131080503735455
2008-06-03,-0.0033045931074742033,0.0
2008-06-04,-0.0029561395019369625,0.0
2008-06-05,0.01865195441857657,0.0
2008-06-06,-0.04198780304897235,0.0
2008-06-09,-0.013546813898495564,0.0
2008-06-10,0.0010386922607506575,0.0
2008-06-11,-0.02992998924991378,0.0
2008-06-12,0.008446866846698575,0.0
2008-06-13,0.019982085164547504,0.0
2008-06-16,0.007716443293365289,0.0
2008-06-17,-0.018935136680816488,0.0
2008-06-18,-0.014772343574004638,0.0
2008-06-19,0.005093380137204173,0.008507650632179231
2008-06-20,-0.021715325442086358,0.0
2008-06-23,-0.018394553678107644,0.0
2008-06-24,0.0034699951232914886,0.0
2008-06-25,0.007917974826914642,0.0
2008-06-26,-0.03653689206977703,0.0
2008-06-27,-0.006829002051532784,0.0
2008-06-30,-0.01219415408461482,0.0
2008-07-01,0.004995803346520056,0.9768966699078662
2008-07-02,-0.02551695770701448,0.0
2008-07-03,-0.008175965309684936,0.0
2008-07-07,-0.015471062806198393,0.0
2008-07-08,0.040707090556346706,0.0
2008-07-09,-0.04471674146778433,0.0
2008-07-10,-0.014476909338830122,0.0
2008-07-11,-0.024866748551488887,0.0
2008-07-14,-0.030543638964663698,0.0
2008-07-15,-0.008296915135337056,0.0
2008-07-16,0.06884880418076203,0.0
2008-07-17,0.053591911917629895,0.0
2008-07-18,0.00016564766498776285,0.0
2008-07-21,-0.0036254076372359122,0.0
2008-07-22,0.038174295257882906,0.0
2008-07-23,0.017900447159130035,0.0
2008-07-24,-0.060828307006417656,0.0
2008-07-25,0.0010504488669238398,0.0
2008-07-28,-0.03402828187166297,0.0
2008-07-29,0.05088046446432118,0.0
2008-07-30,0.008624428672319995,0.0
2008-07-31,-0.007548870132092801,0.0
2008-08-01,0.0034031039341466673,1.0839544419130727
2008-08-04,-0.020998366358739785,0.0
2008-08-05,0.037509121839255075,0.0
2008-08-06,0.008956126958685594,0.0
2008-08-07,-0.02682206086611493,0.0
2008-08-08,0.024295126998233448,0.0
2008-08-11,0.01390123184818301,0.0
2008-08-12,-0.022319679083267027,0.0
2008-08-13,-0.001868987850414121,0.0
2008-08-14,0.016438749190509267,0.0
2008-08-15,0.00364543421354743,0.0
2008-08-18,-0.02605126525939136,0.0
2008-08-19,-0.014990486909647327,0.009212093475749607
2008-08-20,0.006483035633702994,0.0
2008-08-21,0.0007433600779432958,0.0
2008-08-22,0.011079000204036066,0.0
2008-08-25,-0.023973474727750316,0.0
2008-08-26,0.005914513587958803,0.0089188736137492
2008-08-27,0.017274495543773694,0.0
2008-08-28,0.023235063127801017,0.0
2008-08-29,-0.008771287007479572,0.0
2008-09-02,-0.005133397395200356,0.9198676092375815
2008-09-03,0.003023609602668355,0.0
2008-09-04,-0.03961425719236752,0.0
2008-09-05,0.01748647888448636,0.0
2008-09-08,0.006237473761544363,0.0
2008-09-09,-0.05129342113822555,0.002536035077868969
2008-09-10,0.005878437718567529,0.0
2008-09-11,0.016865227626598214,0.0
2008-09-12,0.011691159991870636,0.0
2008-09-15,-0.06440653112148752,0.0
2008-09-16,0.026820710571924936,0.0
2008-09-17,-0.05791096303418157,0.0
2008-09-18,0.06916803098780878,0.0
2008-09-19,0.07283394362955131,0.0
2008-09-22,-0.06150944644769814,0.0
2008-09-23,-0.0241404022519271,0.0
2008-09-24,-0.006127865587634725,0.0
2008-09-25,0.01693422317339489,0.0
2008-09-26,-0.0007139510396215043,0.0
2008-09-29,-0.1250531685399442,0.0004105209426522979
2008-09-30,0.0801376326249606,0.0
2008-10-01,-0.0005653973645033394,1.1077988782932908
2008-10-02,-0.07210779216126412,0.0
2008-10-03,-0.015147175576813632,0.0
2008-10-06,-0.04443744008764655,0.0
2008-10-07,-0.07866563659669033,0.0
2008-10-08,-0.006238713318718375,0.0
2008-10-09,-0.10265161305717391,0.0
2008-10-10,0.0011296946033847975,0.0
2008-10-13,0.14215142040513612,0.0
2008-10-14,0.010700842213543747,0.0
2008-10-15,-0.12330855824623072,0.0
2008-10-16,0.044875940613568865,0.0
2008-10-17,0.005201605695625666,0.006162118654721385
2008-10-20,0.05157422349551524,0.0
2008-10-21,-0.040139697020332536,0.0
2008-10-22,-0.07718902280384907,0.0
2008-10-23,-0.018915774242730554,0.0
2008-10-24,-0.042638248608614836,0.0
2008-10-27,-0.0432275615489283,0.0
2008-10-28,0.12273848654128022,0.0
2008-10-29,0.012002561259987443,0.0030524074379988035
2008-10-30,0.047239507174952046,0.0
2008-10-31,0.021061976175940127,0.0
2008-11-03,-0.013669586720106652,1.2824073044262945
2008-11-04,0.06441653140321614,0.0
2008-11-05,-0.07455826311959603,0.0
2008-11-06,-0.06840747429162575,0.009747674735160585
2008-11-07,0.024206092656522807,0.0
2008-11-10,-0.045248719289903816,0.00622055702278816
2008-11-11,-0.04473625569520302,0.0
2008-11-12,-0.08178902328033096,0.0
2008-11-13,0.08894705584925439,0.0
2008-11-14,-0.0611927267937004,0.0
2008-11-17,-0.04530085839807797,0.0
2008-11-18,-0.005904619384407424,0.0
2008-11-19,-0.10020041516061137,0.0
2008-11-20,-0.09790887531740282,0.0
2008-11-21,0.06400659235457368,0.0
2008-11-24,0.13626041891748228,0.0
2008-11-25,0.03253601393408174,0.0
2008-11-26,0.06484884410566391,0.0
2008-11-28,0.014825468480789196,0.0
2008-12-01,-0.1276669730675638,0.9614450499190397
2008-12-02,0.0633254639390772,0.0
2008-12-03,0.04353581850524517,0.0
2008-12-04,-0.026375253484549555,0.0
2008-12-05,0.0737324588579922,0.0
2008-12-08,0.06213635505668945,0.0
2008-12-09,-0.030964858723030203,0.0
2008-12-10,0.024022180471115057,0.0
2008-12-11,-0.06271311110897806,0.0
2008-12-12,0.023540439301422196,0.0
2008-12-15,-0.029880222300363725,0.0
2008-12-16,0.09263498912968214,0.0
2008-12-17,0.002165801699584781,0.0
2008-12-18,-0.034732044634226585,0.0
2008-12-19,0.0184331125254745,0.0
2008-12-22,-0.04640414921159396,0.0
2008-12-23,-0.01554550286556557,0.0
2008-12-24,0.005424495061599019,0.0
2008-12-26,0.01210580530662092,0.0
2008-12-29,-0.01817841014826324,0.0
2008-12-30,0.04272090622392377,0.008002126240071551
2008-12-31,0.03164660733993881,0.0
2009-01-02,0.044224740051642675,1.345637826408975
2009-01-05,0.012476516968245912,0.0
2009-01-06,0.03885262357830107,0.0
2009-01-07,-0.03778417206496307,0.0
2009-01-08,0.014569514840384226,0.0
2009-01-09,-0.028855134303155512,0.0
2009-01-12,-0.04148274732764856,0.0
2009-01-13,0.0036492285902763027,0.0
2009-01-14,-0.04610326921493837,0.0
2009-01-15,-0.004477558726983981,0.0
2009-01-16,0.01095587119182349,0.0
2009-01-20,-0.0803640712123271,0.0
2009-01-21,0.06202012869912252,0.0
2009-01-22,-0.03313203968234722,0.0
2009-01-23,0.020049344106117473,0.0
2009-01-26,0.0009568402875090616,0.0
2009-01-27,0.015127774763567924,0.0
2009-01-28,0.05702349807120989,0.0
2009-01-29,-0.053424945687801706,0.0
2009-01-30,-0.03641307849212892,0.0
2009-02-02,-0.009105991707560213,1.2261226053889165
2009-02-03,0.015423551284060913,0.0
2009-02-04,-0.009273077013147866,0.0
2009-02-05,0.015425817641298228,0.0
2009-02-06,0.03561307618660312,0.0
2009-02-09,0.004785169179438839,0.0
2009-02-10,-0.06318029197687122,0.0
2009-02-11,0.014273080258571491,0.0
2009-02-12,0.003427909487200277,0.0
2009-02-13,-0.016802956936407418,0.0
2009-02-17,-0.057268022792495314,0.0
2009-02-18,-0.0036808132650440833,0.0
2009-02-19,-0.021479201987469825,0.0
2009-02-20,-0.0028661389565778628,0.0
2009-02-23,-0.043047162307492975,0.0
2009-02-24,0.0589438950139979,0.0
2009-02-25,-0.01815734760391531,0.0
2009-02-26,-0.016577898529517313,0.0
2009-02-27,-0.015911474714535325,0.0
2009-03-02,-0.05722048753282849,1.1425707626843764
2009-03-03,-0.007283273107361876,0.008914404677442282
2009-03-04,0.02660954621815377,0.0
2009-03-05,-0.04989093103622542,0.0
2009-03-06,2.438570813881162e-05,0.0
2009-03-09,-0.004412411366070327,0.0
2009-03-10,0.0829740390003312,0.0
2009-03-11,0.0015548021228674238,0.0
2009-03-12,0.05169846727297094,0.0
2009-03-13,0.009558360005139956,0.0
2009-03-16,-0.01762223899753559,0.0
2009-03-17,0.040627053205744806,0.0
2009-03-18,0.03930782149953784,0.0
2009-03-19,-0.03092405167386317,0.0
2009-03-20,-0.028849756106477584,0.0
2009-03-23,0.0837905745893874,0.0
2009-03-24,-0.026760950648398955,0.0
2009-03-25,0.014329715501159489,0.0
2009-03-26,0.02685182391875955,0.0
2009-03-27,-0.020992763081438662,0.0
2009-03-30,-0.041039531763485425,0.0
2009-03-31,0.02678709051536709,0.0
2009-04-01,0.009095247753314828,1.2135522901997577
2009-04-02,0.050391373767129544,0.008424938728700863
2009-04-03,0.032386395007894836,0.0
2009-04-06,-0.018532877840536855,0.0
2009-04-07,-0.04205339512028533,0.0
2009-04-08,0.021297183983935652,0.0
2009-04-09,0.09938366533906448,0.0
2009-04-13,0.025143176698587275,0.0
2009-04-14,-0.04319384149509291,0.0
2009-04-15,0.0351294859457644,0.0
2009-04-16,0.02863761464067565,0.0
2009-04-17,0.02236268289658925,0.0
2009-04-20,-0.0953464256640154,0.0
2009-04-21,0.055640640212181666,0.0
2009-04-22,-0.00797881691627535,0.0
2009-04-23,0.0225928335436364,0.0
2009-04-24,0.03466286407551152,0.0
2009-04-27,-0.03381370167497749,0.0
2009-04-28,-0.01117098880437159,0.0
2009-04-29,0.03617052658473513,0.0
2009-04-30,-0.002668759029462975,0.0
2009-05-01,-0.0024536238060178794,0.8189232476387038
2009-05-04,0.06940082036584139,0.0
2009-05-05,-0.001631392113935755,0.0
2009-05-06,0.040521948285026574,0.0
2009-05-07,-0.03355769134673162,0.0
2009-05-08,0.06653555227858854,0.0
2009-05-11,-0.045454902611741003,0.0
2009-05-12,-0.022554267260982728,0.0
2009-05-13,-0.05707376443194588,0.0
2009-05-14,0.030903344687747206,0.0
2009-05-15,-0.021053107432148933,0.0
2009-05-18,0.06316269370443955,0.0
2009-05-19,-0.0064057168939841685,0.0
2009-05-20,-0.016549147197594167,0.0
2009-05-21,-0.01524002529398217,0.0
2009-05-22,-0.007823867632075925,0.0
2009-05-26,0.04161327748966354,0.0
2009-05-27,-0.02821779710591726,0.0
2009-05-28,0.015305289545506336,0.0
2009-05-29,0.02477899356726422,0.0
2009-06-01,0.03153577264124041,0.8132431615211517
2009-06-02,-4.082946050330935e-06,0.0
2009-06-03,-0.020240578484582848,0.0
2009-06-04,0.022124557423372465,0.0
2009-06-05,-0.006621637162308777,0.0
2009-06-08,0.0037177891563836335,0.0
2009-06-09,0.0050795959769416475,0.0
2009-06-10,-0.010876860872788103,0.0
2009-06-11,-0.000900418924571246,0.0
2009-06-12,0.001998808381995189,0.0
2009-06-15,-0.03066689558250569,0.0
2009-06-16,-0.019018185751301594,0.0
2009-06-17,-0.011302793822399024,0.0
2009-06-18,0.01092646782637868,0.0
2009-06-19,0.008946861140607266,0.0
2009-06-22,-0.047492696234482115,0.0
2009-06-23,0.004932410004802946,0.0
2009-06-24,0.011067514845636216,0.0
2009-06-25,0.02669345921041738,0.0
2009-06-26,-0.00039226235973432885,0.0
2009-06-29,0.011052062949908056,0.0
2009-06-30,-0.006053520595064447,0.0
2009-07-01,0.0013959336410960255,0.9457777231764151
2009-07-02,-0.03325135146958163,0.0
2009-07-06,0.0034578374693049335,0.0
2009-07-07,-0.020372057196935283,0.0
2009-07-08,-0.006363736030611218,0.0
2009-07-09,0.0081046682397138,0.0
2009-07-10,-0.007756045747640973,0.0
2009-07-13,0.029718481044438548,0.0
2009-07-14,0.0073064114782166786,0.0
2009-07-15,0.028989488076243814,0.0
2009-07-16,0.0014847063722370464,0.0
2009-07-17,-0.003970095279173863,0.0
2009-07-20,0.015320870302848899,0.0028219120019719393
2009-07-21,-0.007289693411681335,0.0
2009-07-22,0.0030660763247029117,0.0
2009-07-23,0.027894140514328543,0.0
2009-07-24,0.0019422460360992793,0.0
2009-07-27,0.008881321992037984,0.0
2009-07-28,0.0010234454456438536,0.0
2009-07-29,-0.006186636066229379,0.0
2009-07-30,0.020904659858214526,0.0
2009-07-31,0.003770918332768428,0.0
2009-08-03,0.015355167534394143,1.1783462122464483
2009-08-04,0.009931536027818492,0.0
2009-08-05,0.0011654202480191442,0.0
2009-08-06,-0.006667881441179029,0.0
2009-08-07,0.029727101333100053,0.0
2009-08-10,-0.011802420529815083,0.0
2009-08-11,-0.01437528722661086,0.0
2009-08-12,0.017186423759899483,0.0
2009-08-13,0.01261172197282127,0.0
2009-08-14,-0.01906928233115202,0.0
2009-08-17,-0.03627578316619486,0.0
2009-08-18,0.01945849774124763,0.0
2009-08-19,0.005451629091142815,0.0
2009-08-20,0.014462298262897445,0.0
2009-08-21,0.024134021858806934,0.0
2009-08-24,-0.0071364259755588065,0.0
2009-08-25,0.009178762398354447,0.0
2009-08-26,-0.00043332066215183256,0.0
2009-08-27,0.007318715079382039,0.0
2009-08-28,0.0032567879547328892,0.0
2009-08-31,-0.012369936280094185,0.0
2009-09-01,-0.03551573327064983,0.7561323618663527
2009-09-02,-0.007321955500838617,0.0
2009-09-03,0.014750072375011143,0.0
2009-09-04,0.01713876543661044,0.0
2009-09-08,0.012759980248322308,0.0
2009-09-09,0.01820764990824014,0.0
2009-09-10,0.01927584765747692,0.0
2009-09-11,-0.0012848022984139008,0.0
2009-09-14,0.009103465196053534,0.0
2009-09-15,0.013589872500459073,0.0
2009-09-16,0.028280020798791536,0.0
2009-09-17,-0.01083647892283418,0.0
2009-09-18,0.0007256930087637271,0.0
2009-09-21,-0.006092761557473356,0.0
2009-09-22,0.015382831720155511,0.0
2009-09-23,-0.019397410602996108,0.0
2009-09-24,-0.020983693930512803,0.0
2009-09-25,-0.010900353033988567,0.0
2009-09-28,0.02710818752425219,0.0
2009-09-29,0.001352759616157241,0.0
2009-09-30,-0.004167262035374949,0.0
2009-10-01,-0.040743632748695746,0.7155163717401032
2009-10-02,-0.009658389259598981,0.0
2009-10-05,0.027119109394941873,0.0
2009-10-06,0.015700897138350687,0.0
2009-10-07,0.0038282535912086794,0.0
2009-10-08,0.014055414154284379,0.0
2009-10-09,0.00621252792081515,0.0
2009-10-12,0.0037093875135216685,0.0
2009-10-13,-0.002357707310153047,0.0
2009-10-14,0.02555823960011912,0.0
2009-10-15,0.0010846347766294028,0.0
2009-10-16,-0.016154119136768206,0.0
2009-10-19,0.014871759968869414,0.0
2009-10-20,-0.009270705417836592,0.0
2009-10-21,-0.012334377105342902,0.0
2009-10-22,0.015704320103013,0.0
2009-10-23,-0.019266991328309568,0.0
2009-10-26,-0.017531623019490634,0.0
2009-10-27,-0.016092596821472484,0.0
2009-10-28,-0.04221333673993774,0.0
2009-10-29,0.038494636221537315,0.0
2009-10-30,-0.036807755208230854,0.0
2009-11-02,0.004861535837268782,0.7325634710708105
2009-11-03,0.018155877290306065,0.0
2009-11-04,-0.0060299906290446036,0.0
2009-11-05,0.025687767039191588,0.0
2009-11-06,0.00013418251723715355,0.0
2009-11-09,0.035207665664851916,0.0
2009-11-10,-0.00799029925123342,0.0
2009-11-11,0.008708990578815879,0.0
2009-11-12,-0.01825058481314388,0.0
2009-11-13,0.009774748417075999,0.0
2009-11-16,0.022899460995921658,0.0
2009-11-17,-0.0020892390612782443,0.0
2009-11-18,-0.002149205095153122,0.0
2009-11-19,-0.024305660495555947,0.0
2009-11-20,-0.010831613890016021,0.0
2009-11-23,0.013116972290199602,0.0
2009-11-24,-0.0037790124380864933,0.0
2009-11-25,0.012029489910350247,0.0
2009-11-27,-0.027825065373453518,0.0
2009-11-30,0.004649032701149434,0.0
2009-12-01,0.014650354358366924,0.6205503049150987
2009-12-02,0.006190029286218861,0.0
2009-12-03,-0.014808031238799872,0.0
2009-12-04,0.015403814584093482,0.0
2009-12-07,-0.0014905291032216873,0.0
2009-12-08,-0.0074992817287212075,0.0
2009-12-09,0.004252405764400246,0.0
2009-12-10,0.005601841947733235,0.0
2009-12-11,0.0058299920430307526,0.0
2009-12-14,0.017244710351383103,0.0
2009-12-15,-0.007184295237991543,0.0
2009-12-16,0.011748915251089516,0.0
2009-12-17,-0.015117887870328462,0.0
2009-12-18,0.0054945965393160545,0.015650746995333017
2009-12-21,0.015684223594739526,0.0
2009-12-22,0.010571495422115787,0.0
2009-12-23,0.00959854084244649,0.0
2009-12-24,0.006460751100872927,0.0
2009-12-28,-0.0036078053438503193,0.0
2009-12-29,-0.0044898437545600476,0.0
2009-12-30,-0.0005717356718708833,0.0
2009-12-31,-0.011136483199553411,0.0
2010-01-04,0.018587084330619064,0.5349503706168887
2010-01-05,0.012107629510639484,0.0
2010-01-06,0.005928404659194562,0.0
2010-01-07,0.010882752885989683,0.0
2010-01-08,0.004629809287274266,0.0
2010-01-11,-0.001378650683902559,0.0
2010-01-12,-0.019261387633451345,0.0
2010-01-13,0.013892126876904269,0.0
2010-01-14,0.0019323472278885904,0.0
2010-01-15,-0.015193077010494672,0.0
2010-01-19,0.015031692919546785,0.0
2010-01-20,-0.01540629578629724,0.0
2010-01-21,-0.02477896769726058,0.0
2010-01-22,-0.028832460944667168,0.0
2010-01-25,0.005729080967766875,0.0
2010-01-26,-0.003955244363000093,0.0
2010-01-27,0.005816432487083354,0.0
2010-01-28,-0.012638007541464396,0.0
2010-01-29,-0.01332234941239559,0.0
2010-02-01,0.02185536972989266,1.373449708672631
2010-02-02,0.015695983281521244,0.0
2010-02-03,-0.004808854254810967,0.0
2010-02-04,-0.03221250013295257,0.0
2010-02-05,-0.0013787449892172223,0.0
2010-02-08,-0.004411966363921518,0.0
2010-02-09,0.01467905729982977,0.0
2010-02-10,-0.0033288468771584356,0.0
2010-02-11,0.00900204600511434,0.008477497678159338
2010-02-12,-0.0021050593389861853,0.0
2010-02-16,0.017858254275444446,0.0
2010-02-17,0.005965801221435075,0.0
2010-02-18,0.006415536718012897,0.0
2010-02-19,0.0020049018700565853,0.0
2010-02-22,-0.0013796222656992153,0.0
2010-02-23,-0.010476148301561045,0.0
2010-02-24,0.00753266725528445,0.0
2010-02-25,-0.0008138598655991794,0.0
2010-02-26,0.0021736649391564875,0.0
2010-03-01,0.014575106099163015,0.9349120430012011
2010-03-02,0.005813585002349865,0.0
2010-03-03,0.000671136382565775,0.0
2010-03-04,0.003291279774020062,0.0
2010-03-05,0.014017739369858737,0.0
2010-03-08,-0.0007118553055775602,0.0
2010-03-09,0.0019038209926849478,0.0
2010-03-10,0.004063793659370807,0.0
2010-03-11,0.0029516094248219714,0.0
2010-03-12,0.0007159352908336913,0.00810253929518311
2010-03-15,0.00042093296124201226,0.0
2010-03-16,0.007364331140237535,0.0
2010-03-17,0.007428407693828826,0.0
2010-03-18,-0.000381663375516005,0.0
2010-03-19,-0.0058918837636866735,0.0
2010-03-22,0.007013075062100313,0.0
2010-03-23,0.006396158748120802,0.0
2010-03-24,-0.0069078958480675474,0.0
2010-03-25,-0.004527373798035145,0.0
2010-03-26,0.0007161064610268225,0.0
2010-03-29,0.007008477608186422,0.0
2010-03-30,0.0012851795600847195,0.0
2010-03-31,-0.006523213002907171,0.0
2010-04-01,0.007459822539186423,0.9077597340085577
2010-04-05,0.01107079223992732,0.0
2010-04-06,0.004080698485477402,0.0
2010-04-07,-0.0061193775706330404,0.0
2010-04-08,0.0031658659703443243,0.0
2010-04-09,0.00785752221881359,0.0
2010-04-12,0.0010474354806330741,0.0
2010-04-13,0.005060242472558028,0.0
2010-04-14,0.010555865017496353,0.0
2010-04-15,-0.0002420723480750213,0.0
2010-04-16,-0.014247606460099607,0.0
2010-04-19,0.0029270593124589295,0.0
2010-04-20,0.011578626200260058,0.0
2010-04-21,0.0016493412795337665,0.0
2010-04-22,0.009453744681642845,0.0
2010-04-23,0.007858383593423845,0.0
2010-04-26,-0.0019017527337749534,0.0
2010-04-27,-0.022984276176018753,0.0
2010-04-28,0.00407992306024665,0.0
2010-04-29,0.016485543761195074,0.0
2010-04-30,-0.017460369292774156,0.0
2010-05-03,0.017064704174721834,0.9432684336057523
2010-05-04,-0.025266205802870756,0.0
2010-05-05,-0.004245692793695801,0.0
2010-05-06,-0.03467084416519673,0.0
2010-05-07,-0.019288985361064097,0.0
2010-05-10,0.05070817173140128,0.0
2010-05-11,-0.0014989937103472286,0.0
2010-05-12,0.01844268067060112,0.0
2010-05-13,-0.013388543844256688,0.0
2010-05-14,-0.023008242082606073,0.0
2010-05-17,0.003969473405072645,0.0
2010-05-18,-0.014870143724225581,0.0
2010-05-19,-0.00720103861812944,0.0
2010-05-20,-0.04130204539708347,0.0
2010-05-21,0.018350517248193643,0.0
2010-05-24,-0.01167245198837106,0.0
2010-05-25,-0.000554775589665048,0.0
2010-05-26,-0.0007313357654405708,0.0
2010-05-27,0.034602499379380654,0.0
2010-05-28,-0.012960654993368114,0.0
2010-06-01,-0.018734170620586132,0.9412990596488384
2010-06-02,0.023532972232156033,0.0
2010-06-03,0.00480578970438774,0.0
2010-06-04,-0.03878623461843063,0.0
2010-06-07,-0.012806600153735226,0.0
2010-06-08,0.00983032102676763,0.0
2010-06-09,-0.0012052453559180947,0.0
2010-06-10,0.02943380983893807,0.0
2010-06-11,0.004578572526522988,0.0
2010-06-14,0.0016025000200642148,0.0
2010-06-15,0.021761374994247046,0.0
2010-06-16,-0.0005177360999489616,0.0
2010-06-17,0.004097817205152565,0.0
2010-06-18,-0.00018522811368724387,0.0
2010-06-21,-0.0033524068019688217,0.0
2010-06-22,-0.019038331575332138,0.0
2010-06-23,-0.002498359151083476,0.0
2010-06-24,-0.014850904428017257,0.0
2010-06-25,0.004860843693354386,0.0
2010-06-28,0.0007813419197029263,0.0
2010-06-29,-0.03126360979949505,0.0
2010-06-30,-0.010720966788506895,0.0
2010-07-01,-0.0023970737742748938,0.7974324654078839
2010-07-02,-0.008668729963548717,0.0
2010-07-06,0.00013056779042452615,0.0
2010-07-07,0.035078037448244836,0.0
2010-07-08,0.01150249867021659,0.0
2010-07-09,0.007794148114735313,0.0
2010-07-12,-0.0045190674641160935,0.0
2010-07-13,0.020002518206215413,0.0
2010-07-14,-0.0015718501981489812,0.0
2010-07-15,-0.0013286463163252658,0.0
2010-07-16,-0.03263821582226972,0.0
2010-07-19,0.005419129146932771,0.0
2010-07-20,0.013601483667488534,0.0
2010-07-21,-0.010924966534692087,0.0
2010-07-22,0.027010026117014984,0.0
2010-07-23,0.015133329676170953,0.0
2010-07-26,0.014024322540481981,0.0
2010-07-27,-0.006598346442300122,0.0
2010-07-28,-0.007597437412895361,0.0
2010-07-29,-0.004750195043092795,0.0
2010-07-30,0.001801475012096902,0.0
2010-08-02,0.019820979879007217,1.196009945441576
2010-08-03,-0.0033022374314045197,0.0
2010-08-04,0.003979761181289535,0.0
2010-08-05,-0.0014315992929289617,0.0
2010-08-06,-0.0021870801118538067,0.0
2010-08-09,0.005174903676269132,0.0
2010-08-10,-0.0041159196555488565,0.0
2010-08-11,-0.02448065768919283,0.0
2010-08-12,-0.0014773456074353116,0.0
2010-08-13,-0.002062166335086296,0.0
2010-08-16,0.0002258399052262978,0.0
2010-08-17,0.014080807727326205,0.0
2010-08-18,0.0005704738986444156,0.0
2010-08-19,-0.013629718473363812,0.0
2010-08-20,0.002703870638154085,0.0
2010-08-23,-0.004184504502915779,0.0
2010-08-24,-0.01007802692901947,0.0
2010-08-25,0.00520627445950325,0.0
2010-08-26,-0.005881109446415633,0.0
2010-08-27,0.01561371087916447,0.0
2010-08-30,-0.013819654135768817,0.0
2010-08-31,0.00022918794567603385,0.0
2010-09-01,0.02419695613634909,0.7361734869902101
2010-09-02,0.009378191493959333,0.0
2010-09-03,0.009814833836069852,0.0
2010-09-07,-0.0089460558456017,0.0
2010-09-08,0.0044034809929979594,0.0
2010-09-09,0.0032691242200317836,0.0
2010-09-10,0.003357515076762826,0.0
2010-09-13,0.009347801139869482,0.0
2010-09-14,0.0007120316388041336,0.0
2010-09-15,0.005925178686758071,0.0
2010-09-16,-0.00023579914044305635,0.0
2010-09-17,0.003565227721482691,0.0
2010-09-20,0.01616626098603984,0.0
2010-09-21,-0.003742866897152526,0.0
2010-09-22,-0.0031863132950981287,0.0
2010-09-23,-0.008763534871656858,0.0
2010-09-24,0.019198922640893838,0.0
2010-09-27,-0.0047685703430329,0.0
2010-09-28,0.0068675624844317185,0.0
2010-09-29,-0.00013184852461305515,0.0
2010-09-30,-0.004644362122552833,0.0
2010-10-01,0.002263844347123234,0.7294389591982983
2010-10-04,-0.005237514838347999,0.0
2010-10-05,0.015418300130803593,0.0
2010-10-06,-0.004201313599097937,0.0
2010-10-07,-0.0011696443519710656,0.0
2010-10-08,0.004317568112230635,0.0
2010-10-11,0.0001194531788545341,0.0
2010-10-12,0.0037832698808796536,0.0
2010-10-13,0.0065630967477913905,0.0
2010-10-14,3.0775313095604865e-05,0.0
2010-10-15,0.001970680139827313,0.0
2010-10-18,0.003564846253575728,0.0
2010-10-19,-0.012209673396839715,0.0
2010-10-20,0.010294335972950912,0.0
2010-10-21,0.0014938193235403596,0.0
2010-10-22,0.0028036312242251476,0.0
2010-10-25,0.0031746603502585706,0.0
2010-10-26,-0.001973798091216882,0.0
2010-10-27,-0.005049295625397269,0.0
2010-10-28,0.0022992438308225014,0.0
2010-10-29,0.003158280708507477,0.0
2010-11-01,-0.0015299789557385868,0.6151844757093773
2010-11-02,0.008771054674716899,0.0
2010-11-03,0.0008218019392842784,0.0
2010-11-04,0.014101270053532384,0.0
2010-11-05,0.0020273486044403207,0.0
2010-11-08,-0.003882659112978428,0.0
2010-11-09,-0.009368378757458773,0.008094177171311811
2010-11-10,0.0024483332513479546,0.0
2010-11-11,-0.000372466932770196,0.0
2010-11-12,-0.008865634464469137,0.0
2010-11-15,7.548466032600341e-05,0.0
2010-11-16,-0.014933471451321137,0.0
2010-11-17,0.0035064146446228675,0.0
2010-11-18,0.010408735753745485,0.0
2010-11-19,0.0018788418043082552,0.0
2010-11-22,0.002962248067838424,0.0
2010-11-23,-0.010222521794091211,0.0
2010-11-24,0.012513323212249846,0.0
2010-11-26,-0.004284398968345759,0.0
2010-11-29,-0.0033880107173661534,0.0
2010-11-30,-0.002192341516277319,0.0
2010-12-01,0.01592932719334228,0.7418675497419338
2010-12-02,0.0079466110619731,0.0
2010-12-03,0.00240515660372281,0.0
2010-12-06,-0.004291474710023516,0.0
2010-12-07,0.0008514338197545429,0.0
2010-12-08,0.0007698493414893721,0.0
2010-12-09,0.001705649523305935,0.0
2010-12-10,0.004898741605034897,0.0
2010-12-13,-6.04965375234151e-05,0.0
2010-12-14,0.003283084747858118,0.0
2010-12-15,-0.004007090527855011,0.0
2010-12-16,0.007726215641777669,0.0
2010-12-17,0.0016797774693365162,0.0
2010-12-20,0.0008456363620119377,0.0
2010-12-21,0.0017619790112152923,0.0
2010-12-22,0.0005916821949978019,0.0
2010-12-23,-0.0015378086266464872,0.0
2010-12-27,-0.0006473586567523643,0.0
2010-12-28,-0.0006752966036510548,0.0
2010-12-29,0.0007241443198436517,0.0
2010-12-30,-0.0011439026785599726,0.0
2010-12-31,-0.0019348834374863296,0.0
2011-01-03,0.00608482306491176,0.7534171929403003
2011-01-04,-0.0072079633467476735,0.0
2011-01-05,0.002756180827151984,0.0
2011-01-06,-0.0033926045614180605,0.0
2011-01-07,-0.0022005173478461784,0.0
2011-01-10,0.00018548431375369832,0.0
2011-01-11,0.0009477181982902724,0.0
2011-01-12,0.00486182128457842,0.0
2011-01-13,-0.00015647343799281144,0.0
2011-01-14,0.0038573753198631877,0.0
2011-01-18,0.003157953012798212,0.0
2011-01-19,-0.007306471738374535,0.0
2011-01-20,-0.0028517093682579103,0.0
2011-01-21,-0.0015162440450405667,0.0
2011-01-24,0.004421405601717693,0.0
2011-01-25,-0.0018655144260832407,0.0
2011-01-26,0.004419450610378692,0.0
2011-01-27,0.002726359836611919,0.0
2011-01-28,-0.019252223089255057,0.0
2011-01-31,0.006164663243632943,0.0
2011-02-01,0.009577418521935499,1.584300335884381
2011-02-02,-0.0020267027018108603,0.0
2011-02-03,0.006898112527106577,0.0
2011-02-04,0.006396258533377974,0.0
2011-02-07,0.006947306102348823,0.0
2011-02-08,0.003941170923889407,0.0
2011-02-09,-0.004227101469120256,0.0
2011-02-10,0.002439659261784686,0.0
2011-02-11,0.0071991256028567435,0.0
2011-02-14,-0.0007132108063263222,0.0
2011-02-15,-0.0027409774577094254,0.0
2011-02-16,0.010035298931418163,0.0
2011-02-17,0.004941047322330321,0.0
2011-02-18,0.003060651648624549,0.0
2011-02-22,-0.02551370208046349,0.0
2011-02-23,-0.011738466208444362,0.0
2011-02-24,0.0008992476443324327,0.0
2011-02-25,0.012830082893058248,0.0
2011-02-28,0.001199331212413102,0.0
2011-03-01,-0.01735802618282134,0.6953026468634216
2011-03-02,0.0019757042742510208,0.0
2011-03-03,0.01462287853106992,0.0
2011-03-04,-0.00598478473495173,0.0
2011-03-07,-0.010281701816948641,0.0
2011-03-08,0.011742308776185418,0.0
2011-03-09,-0.0010334098040816306,0.0
2011-03-10,-0.016649142557555285,0.0
2011-03-11,0.009190376935683564,0.0
2011-03-14,-0.008020485142754632,0.0
2011-03-15,-0.00738678437733856,0.0
2011-03-16,-0.015106719116565255,0.0
2011-03-17,0.007854894411285306,0.0
2011-03-18,0.006593579317217241,0.0
2011-03-21,0.01320080543508221,0.0
2011-03-22,-0.005483133739153329,0.0
2011-03-23,0.004104380493503723,0.0
2011-03-24,0.013698373376087408,0.0
2011-03-25,0.0026193717155092383,0.0
2011-03-28,-0.00444279446994138,0.0
2011-03-29,0.006928005974728682,0.0
2011-03-30,0.011302294394511076,0.0
2011-03-31,-0.0017911850608711066,0.0
2011-04-01,0.006127969920501464,0.6259170260026268
2011-04-04,-0.0009640937016990958,0.0
2011-04-05,0.003692037377661212,0.0
2011-04-06,0.005502941525476701,0.0
2011-04-07,-0.0016271115569547892,0.0
2011-04-08,-0.00593173189615732,0.0
2011-04-11,-0.0041988749106684434,0.0
2011-04-12,-0.003894240206476565,0.0
2011-04-13,0.0004131778667911064,0.0
2011-04-14,0.00016761117072840084,0.0
2011-04-15,0.005191489839581216,0.0
2011-04-18,-0.009546343347732801,0.0
2011-04-19,0.005050111005493931,0.0
2011-04-20,0.013256254391542727,0.0
2011-04-21,0.003982911531355343,0.0
2011-04-25,-0.0006346533606437762,0.0
2011-04-26,0.006422764405980441,0.008077535195054114
2011-04-27,0.0043963457422774525,0.0
2011-04-28,0.0008166372485025236,0.0
2011-04-29,-0.0003203386042719954,0.0
2011-05-02,-0.0008567984430408737,0.6245193108792103
2011-05-03,-0.005761577383397406,0.0
2011-05-04,-0.005878375354420132,0.0
2011-05-05,-0.0028436182957068345,0.0
2011-05-06,0.003383743938687938,0.0
2011-05-09,0.0037504277008845155,0.0
2011-05-10,0.010442604214609547,0.0
2011-05-11,-0.010229463796885841,0.0
2011-05-12,0.006154777128581295,0.0
2011-05-13,-0.009425690032939422,0.0
2011-05-16,-0.007704800272472086,0.0
2011-05-17,-0.002227244327229113,0.0
2011-05-18,0.010584720548611813,0.0
2011-05-19,0.0010431222867073107,0.0
2011-05-20,-0.00818554491392591,0.0
2011-05-23,-0.013711104849027347,0.0
2011-05-24,-0.003224367451985945,0.0
2011-05-25,0.0008141289461225632,0.0
2011-05-26,0.004896592562747288,0.0
2011-05-27,0.007504355551449813,0.0
2011-05-31,0.008823660896845277,0.0
2011-06-01,-0.02775176372097432,0.6448691891051206
2011-06-02,-0.001954968407513781,0.0
2011-06-03,-0.014466591872392184,0.0
2011-06-06,-0.015254036509692218,0.0
2011-06-07,0.0011915135707450048,0.0
2011-06-08,-0.010530005020898656,0.0
2011-06-09,0.00879163810024694,0.0
2011-06-10,-0.013757256571948503,0.0
2011-06-13,0.0016596981812008768,0.0
2011-06-14,0.017167907642841835,0.0
2011-06-15,-0.018514542383934268,0.0
2011-06-16,0.0013688156913326502,0.0
2011-06-17,0.005279994019350139,0.0
2011-06-20,0.0064892212509485795,0.0
2011-06-21,0.016419958552342257,0.0
2011-06-22,-0.00897008248867368,0.0
2011-06-23,0.0007406912338492307,0.0
2011-06-24,-0.013192781528325703,0.0
2011-06-27,0.007623302085865388,0.0
2011-06-28,0.013636736614401908,0.0
2011-06-29,0.008021514018652205,0.0
2011-06-30,0.008213903333856682,0.0
2011-07-01,0.017199803807290248,0.6403610205152568
2011-07-05,-0.006971848188413462,0.0
2011-07-06,-0.0012479415479652713,0.0
2011-07-07,0.016061448468429017,0.0
2011-07-08,-0.012418235147370383,0.0
2011-07-11,-0.02342355233222895,0.0
2011-07-12,-0.003669105626951946,0.0
2011-07-13,0.0027047099198696466,0.0
2011-07-14,-0.012303854133645653,0.0
2011-07-15,0.0024131642342318173,0.0
2011-07-18,-0.014489499810867905,0.0
2011-07-19,0.018134195413817153,0.0
2011-07-20,0.0027218285093526754,0.0
2011-07-21,0.014964798298089908,0.0
2011-07-22,0.004502524879357046,0.0
2011-07-25,-0.008819485513410077,0.0
2011-07-26,0.0014465552692495083,0.0
2011-07-27,-0.027346436715189503,0.0
2011-07-28,-0.0067205433199992335,0.0
2011-07-29,-0.003661794098461708,0.0
2011-08-01,-0.009874539498390789,0.7156527403271475
2011-08-02,-0.03554827436014442,0.0
2011-08-03,0.01174916057274901,0.0
2011-08-04,-0.0581919850917115,0.0
2011-08-05,-0.009462666391307432,0.0
2011-08-08,-0.08130037250366914,0.0
2011-08-09,0.05207394265289342,0.0
2011-08-10,-0.04961406306540337,0.0
2011-08-11,0.05500678858036704,0.0
2011-08-12,0.004383692978608579,0.0
2011-08-15,0.025404321892078537,0.0
2011-08-16,-0.014809550584412468,0.0
2011-08-17,-0.006492677010988207,0.0
2011-08-18,-0.058189060088711136,0.0
2011-08-19,-0.01782563655088034,0.0
2011-08-22,0.0018984835228734686,0.0
2011-08-23,0.038098904658451935,0.0
2011-08-24,0.0158495996130998,0.0
2011-08-25,-0.019675254341344452,0.0
2011-08-26,0.0215034362080282,0.0
2011-08-29,0.041022136252658374,0.0
2011-08-30,0.004253887597746305,0.0
2011-08-31,0.0036879996219473564,0.0
2011-09-01,-0.020290916459256625,0.8523904455700732
2011-09-02,-0.037603984162095136,0.0
2011-09-06,-0.014215429926786054,0.0
2011-09-07,0.04704240804020926,0.0
2011-09-08,-0.01882736969578173,0.0
2011-09-09,-0.028749746251609417,0.0
2011-09-12,0.006546942575248222,0.0
2011-09-13,0.014514593608833188,0.0
2011-09-14,0.01776644203093301,0.0
2011-09-15,0.021186571218053805,0.0
2011-09-16,0.002752213004830679,0.0
2011-09-19,-0.022140895374371944,0.0
2011-09-20,-0.00694817841868611,0.0
2011-09-21,-0.040632706681405964,0.0
2011-09-22,-0.03449186217941107,0.0
2011-09-23,0.011712003847753744,0.0
2011-09-26,0.028413960230044923,0.0
2011-09-27,0.014164854939793975,0.0
2011-09-28,-0.031915577769898146,0.0
2011-09-29,0.019016853697824417,0.0
2011-09-30,-0.0368591131954112,0.0
2011-10-03,-0.04624697927668575,0.6976060535887804
2011-10-04,0.04501450711038292,0.0
2011-10-05,0.03019566637340439,0.0
2011-10-06,0.03419391046091175,0.0
2011-10-07,-0.024911733288881084,0.0
2011-10-10,0.04593148727027519,0.0
2011-10-11,0.005986265026119844,0.0
2011-10-12,0.02088579334865385,0.0
2011-10-13,-0.007036256532148125,0.0
2011-10-14,0.01966733891130825,0.0
2011-10-17,-0.03532268159889579,0.0
2011-10-18,0.03916052611002956,0.0
2011-10-19,-0.022917605621973106,0.0
2011-10-20,0.011627638056314456,0.0
2011-10-21,0.027768068208645642,0.0
2011-10-24,0.03185285175754804,0.0
2011-10-25,-0.03577709826692571,0.0
2011-10-26,0.02045532859032262,0.0
2011-10-27,0.059813138455869434,0.0
2011-10-28,0.007599243504149058,0.0
2011-10-31,-0.03966101498960385,0.0
2011-11-01,-0.042830118811591156,0.506070484890716
2011-11-02,0.027564273533938574,0.0
2011-11-03,0.026616609497915753,0.0
2011-11-04,-0.0027657108132971594,0.0
2011-11-07,0.0034385382820982715,0.0
2011-11-08,0.016483761750506216,0.0
2011-11-09,-0.052411449236489153,0.0
2011-11-10,0.008598111419913405,0.0
2011-11-11,0.025241170461700213,0.0
2011-11-14,-0.014461418525509539,0.0
2011-11-15,0.005117938817701067,0.0
2011-11-16,-0.015526397103046714,0.0
2011-11-17,-0.02812672495333228,0.0
2011-11-18,-0.0009221601648803359,0.0
2011-11-21,-0.022705364755746582,0.00823397989743604
2011-11-22,-0.010466775272667999,0.0
2011-11-23,-0.03116063243700199,0.0
2011-11-25,-0.0035116443099269578,0.0
2011-11-28,0.039479588963756085,0.0
2011-11-29,-0.0015546751389243405,0.0
2011-11-30,0.05806890703470093,0.0
2011-12-01,-0.0032169691615847595,0.5759353761646683
2011-12-02,0.0017446987027369097,0.0
2011-12-05,0.018198422154543613,0.0
2011-12-06,-0.0029464776192636524,0.0
2011-12-07,0.0027189894619633432,0.0
2011-12-08,-0.031788434571341215,0.0
2011-12-09,0.020986043611901338,0.0
2011-12-12,-0.01758541561490833,0.0
2011-12-13,-0.0207303090473959,0.0
2011-12-14,-0.01618450457244595,0.0
2011-12-15,0.003382783293759184,0.01682498304109255
2011-12-16,0.00339395247169125,0.0
2011-12-19,-0.020846291609589472,0.0
2011-12-20,0.03688348537375066,0.0
2011-12-21,0.0011976322233815395,0.008273539172200212
2011-12-22,0.01914440124328786,0.0
2011-12-23,0.007217560651465267,0.0
2011-12-27,-0.0039887376298997695,0.0
2011-12-28,-0.017586306459285737,0.0
2011-12-29,0.013113288869571511,0.0
2011-12-30,-0.0011654357878936414,0.0
2012-01-03,0.02195090962201518,0.6751793353964988
2012-01-04,-0.0009483101665256723,0.0
2012-01-05,0.007380700631300483,0.0
2012-01-06,0.0002582241416471473,0.0
2012-01-09,0.006482786868632858,0.0
2012-01-10,0.017918792361554622,0.0
2012-01-11,0.005965110833646174,0.0
2012-01-12,0.0036168947899070927,0.0
2012-01-13,-0.011295797657100736,0.0
2012-01-17,0.0018415635643906155,0.0
2012-01-18,0.021483690971983424,0.0
2012-01-19,0.012409560064726757,0.0
2012-01-20,0.0016866913548116507,0.0
2012-01-23,0.0014531874046707551,0.0
2012-01-24,0.0030107459683743182,0.0
2012-01-25,0.007473605384450499,0.0
2012-01-26,-0.010211288883408243,0.0
2012-01-27,0.0034510220439918633,0.0
2012-01-30,-0.008584629105208286,0.0
2012-01-31,-0.001992913799719224,0.0
2012-02-01,0.01886243454046932,0.474093749685808
2012-02-02,0.004606317568177334,0.0
2012-02-03,0.02801473159561502,0.0
2012-02-06,-0.0007320318140834132,0.0
2012-02-07,-4.392595075462086e-05,0.0
2012-02-08,0.006068653090217403,0.0
2012-02-09,0.004421436428758878,0.0
2012-02-10,-0.014209220134019438,0.0
2012-02-13,0.005944748622571169,0.0
2012-02-14,-0.002834811330506626,0.0
2012-02-15,0.0018161189646332824,0.0
2012-02-16,0.01898829327029279,0.0
2012-02-17,0.002276155466739616,0.0
2012-02-21,-0.002717881904940325,0.0
2012-02-22,-0.00967643897368518,0.0
2012-02-23,0.010024978831165696,0.0
2012-02-24,0.0011273164669807082,0.0
2012-02-27,0.0009029189441456849,0.0
2012-02-28,-0.0014296468399480127,0.0
2012-02-29,-0.010641832614523491,0.0
2012-03-01,0.00818115587564816,0.4535406038520289
2012-03-02,-0.007138639623064812,0.0
2012-03-05,-0.013396511201348615,0.0
2012-03-06,-0.023933956338650017,0.0
2012-03-07,0.011133378389583554,0.0
2012-03-08,0.014452742606346707,0.0
2012-03-09,0.008152537231717247,0.0
2012-03-12,-0.007724440567447923,0.0
2012-03-13,0.02597394338041394,0.0
2012-03-14,-0.0051508862665944725,0.0
2012-03-15,0.016646070486599843,0.0
2012-03-16,0.0038076656487318157,0.0
2012-03-19,0.003674031638738952,0.0
2012-03-20,-0.00830668057601722,0.0
2012-03-21,-0.002062648795317446,0.0
2012-03-22,-0.01539649538574345,0.0
2012-03-23,0.004948764231599586,0.0
2012-03-26,0.013750619561312077,0.0
2012-03-27,-0.0066200975622536535,0.0
2012-03-28,-0.010968093455121154,0.0
2012-03-29,-0.005544453555063262,0.0
2012-03-30,0.0022834549128610917,0.0
2012-04-02,0.009800538317754626,0.44849029512135813
2012-04-03,-0.010352250182971298,0.0
2012-04-04,-0.013314382869208588,0.0
2012-04-05,-0.005964912094806432,0.0
2012-04-09,-0.017431001607382302,0.0
2012-04-10,-0.019611805025387615,0.0
2012-04-11,0.0112400103768675,0.0
2012-04-12,0.023604439090726265,0.0
2012-04-13,-0.02008401904882983,0.0
2012-04-16,-0.0032645619155407383,0.0
2012-04-17,0.019599530858911182,0.0
2012-04-18,-0.009821565090893443,0.0
2012-04-19,-0.0016533750281030816,0.0
2012-04-20,-0.005513118769522386,0.0
2012-04-23,-0.01006865011169418,0.0
2012-04-24,0.002745340968176836,0.0
2012-04-25,0.013885196278994504,0.0
2012-04-26,0.004496532239408876,0.0
2012-04-27,0.0006297348252534007,0.0
2012-04-30,-0.0029680215071697697,0.0
2012-05-01,0.008266245459704002,0.43947598544502986
2012-05-02,-0.006576591422643122,0.0
2012-05-03,-0.017355455203183382,0.0
2012-05-04,-0.021000390102469402,0.0
2012-05-07,-0.0015770572122729685,0.0
2012-05-08,-0.009279396733041928,0.0
2012-05-09,-0.0043473288366431394,0.0
2012-05-10,-0.001819283386051643,0.0
2012-05-11,-0.004610811138691005,0.0
2012-05-14,-0.013180978400627518,0.0
2012-05-15,-0.01525997175834676,0.0
2012-05-16,-0.012561244894583767,0.0
2012-05-17,-0.016749481833623667,0.0
2012-05-18,-0.011944094387759988,0.0
2012-05-21,0.022959501251608554,0.0
2012-05-22,-0.002977872489530794,0.0
2012-05-23,0.006195240103802169,0.0
2012-05-24,-0.005575394040952116,0.0
2012-05-25,0.004344036554053842,0.0
2012-05-29,0.016550788392677797,0.0
2012-05-30,-0.02422889834585555,0.0
2012-05-31,-0.006912027732951572,0.0
2012-06-01,-0.028281720151185907,0.5242180248070856
2012-06-04,-0.0037020016126594318,0.0
2012-06-05,0.014444892463543808,0.0
2012-06-06,0.028181158019429237,0.0
2012-06-07,-0.007475290810856236,0.0
2012-06-08,0.006292011868889266,0.0
2012-06-11,-0.022800600730989606,0.0
2012-06-12,0.01528449498942331,0.0
2012-06-13,-0.013872716570221455,0.0
2012-06-14,0.0091285626797171,0.0
2012-06-15,0.016513231740545087,0.0
2012-06-18,-0.0019309881257444665,0.0
2012-06-19,0.018267764049418225,0.0
2012-06-20,0.0005377229129475227,0.0
2012-06-21,-0.034664050773871885,0.0
2012-06-22,0.007941960010874747,0.0
2012-06-25,-0.02328262009092695,0.0
2012-06-26,0.005276743371786485,0.0
2012-06-27,0.015964990112055266,0.0
2012-06-28,0.0026004836345637308,0.0
2012-06-29,0.036414357419156315,0.0
2012-07-02,-0.0016102663538565265,0.3891453782586751
2012-07-03,0.016056255463170004,0.0
2012-07-05,-0.005957984999552779,0.0
2012-07-06,-0.017856613577924257,0.0
2012-07-09,-0.009772811144520051,0.0
2012-07-10,-0.015262231986070664,0.0
2012-07-11,0.0009766806698305274,0.0
2012-07-12,-0.010331240027178033,0.0
2012-07-13,0.016142284441631786,0.0
2012-07-16,-0.005536219020231458,0.0
2012-07-17,0.006240422858735847,0.0
2012-07-18,0.011949588802237721,0.0
2012-07-19,0.008554616006720386,0.0
2012-07-20,-0.01709227986425747,0.0
2012-07-23,-0.011102697993988981,0.0
2012-07-24,-0.013140693242073145,0.0
2012-07-25,-0.0026788799774231345,0.0
2012-07-26,0.020135920647989736,0.0
2012-07-27,0.030507832389869777,0.0
2012-07-30,-0.004497845525323663,0.0
2012-07-31,-0.0046856438043012556,0.0
2012-08-01,-0.003524679395399022,0.4205894349462468
2012-08-02,-0.014753440022282144,0.0
2012-08-03,0.028116876752343416,0.0
2012-08-06,0.012743844863637836,0.0
2012-08-07,0.017962802918068118,0.0
2012-08-08,0.0064947837142435814,0.0
2012-08-09,0.005947654829756707,0.0
2012-08-10,0.0017771728083127644,0.0
2012-08-13,-0.0049341244545842,0.0
2012-08-14,-0.00419808328669675,0.0
2012-08-15,0.006572469667636452,0.0
2012-08-16,0.012664025325422403,0.0
2012-08-17,0.00286501990560585,0.0
2012-08-20,0.0014476338070465507,0.0
2012-08-21,0.0029562942707306943,0.0
2012-08-22,-0.004208933385292657,0.0
2012-08-23,-0.013582143504884105,0.0
2012-08-24,0.003622624937254541,0.0
2012-08-27,-0.003915804010144651,0.0
2012-08-28,-0.0007414823823059415,0.0
2012-08-29,0.0030944750810484945,0.0
2012-08-30,-0.012856387317714008,0.0
2012-08-31,0.006683700983811716,0.0
2012-09-04,-0.00596846603530532,0.39127944109321156
2012-09-05,0.0009861192756654951,0.0
2012-09-06,0.028346213214930818,0.0
2012-09-07,0.015749826757115032,0.0
2012-09-10,-0.00493106846860299,0.0
2012-09-11,0.012297009497540295,0.0
2012-09-12,0.006905174327865853,0.0
2012-09-13,0.0156458412258629,0.0
2012-09-14,0.016206827180809805,0.0
2012-09-17,-0.013048337566312665,0.0
2012-09-18,-0.0050241410613703855,0.0
2012-09-19,0.002547124150388239,0.0
2012-09-20,-0.005614997913289086,0.0
2012-09-21,-0.0033876840459382343,0.0
2012-09-24,-0.007407048592598573,0.0
2012-09-25,-0.020812521692924923,0.0
2012-09-26,-0.006715208845102905,0.00827018592412459
2012-09-27,0.014355526436951243,0.0
2012-09-28,-0.0073691412765106695,0.0
2012-10-01,0.0014828527831021177,0.4242644141637522
2012-10-02,0.0014275140028298335,0.0
2012-10-03,-0.00288203286491179,0.0
2012-10-04,0.012783576928839621,0.0
2012-10-05,-0.0010161743225665207,0.0
2012-10-08,-0.0017616959666713844,0.0
2012-10-09,-0.006773879845786531,0.0
2012-10-10,-0.008627173836930372,0.0
2012-10-11,0.010112142459250403,0.0
2012-10-12,-0.006437903514979912,0.0
2012-10-15,0.007936419527266795,0.0
2012-10-16,0.015931362226461913,0.0
2012-10-17,0.0056287357022457955,0.0
2012-10-18,0.0002947316820809231,0.0
2012-10-19,-0.022673799614354607,0.0
2012-10-22,0.002223162388741492,0.0
2012-10-23,-0.012612391412532602,0.0
2012-10-24,-0.011291449693798604,0.0
2012-10-25,0.004965079401534806,0.0
2012-10-26,-0.0021164396357228133,0.0
2012-10-31,0.002059237821569765,0.0
2012-11-01,0.020370229765976022,0.570389984228715
2012-11-02,-0.012383904163746181,0.0
2012-11-05,0.006974616392005053,0.0
2012-11-06,0.014105373505638417,0.0
2012-11-07,-0.0263760200834162,0.0
2012-11-08,-0.017194440588616626,0.0
2012-11-09,0.00038440247453331157,0.0
2012-11-12,0.004082171845603021,0.0
2012-11-13,-0.0062144752164534625,0.0
2012-11-14,-0.011446209639513587,0.0
2012-11-15,0.001002975996166543,0.0
2012-11-16,0.0029837901448418105,0.0
2012-11-19,0.021985711199190208,0.0
2012-11-20,-0.006745469174042967,0.0
2012-11-21,0.005981156569034277,0.0
2012-11-23,0.014613147606212087,0.0
2012-11-26,-0.002225172417464018,0.0
2012-11-27,-0.004690524595984407,0.0
2012-11-28,0.011230736598920741,0.0
2012-11-29,0.003989455703144887,0.0
2012-11-30,-0.0012824900277776364,0.0
2012-12-03,-0.005002745919801432,0.42937282448665043
2012-12-04,0.004894812707613475,0.0
2012-12-05,0.004818379634311316,0.0
2012-12-06,0.0052787761677328526,0.0
2012-12-07,0.005219691025043032,0.0
2012-12-10,0.0038178209838644955,0.0
2012-12-11,0.008382281018718248,0.0
2012-12-12,0.000820407370355659,0.0
2012-12-13,-0.0023189629994699785,0.0
2012-12-14,-0.0013009852949298366,0.0
2012-12-17,0.009455415586220877,0.0
2012-12-18,0.01843526983788281,0.0
2012-12-19,-0.003816382261095261,0.0
2012-12-20,0.003268737827212447,0.0
2012-12-21,-0.008092394262413854,0.0
2012-12-24,-0.005076261936808213,0.007728836756663929
2012-12-26,-0.004940480159689512,0.0
2012-12-27,-0.0018511193182499989,0.0
2012-12-28,-0.011474658170124549,0.0
2012-12-31,0.02250455360237496,0.0
2013-01-02,0.022132211858294948,0.48811419518402
2013-01-03,0.0017450976568542285,0.0
2013-01-04,0.00877184573843034,0.0
2013-01-07,-0.00457737789171767,0.0
2013-01-08,-0.007240822194021918,0.0
2013-01-09,0.00219365871151819,0.0
2013-01-10,0.007749149020257443,0.0
2013-01-11,0.000872570693835297,0.0
2013-01-14,0.0005126830041628989,0.0
2013-01-15,0.00604709839188786,0.0
2013-01-16,-0.002335783870597275,0.0
2013-01-17,0.008195441487399532,0.0
2013-01-18,0.004123807765682699,0.0
2013-01-22,0.008224901702925032,0.0
2013-01-23,-0.0020351630788188026,0.0
2013-01-24,0.008586555968962049,0.0
2013-01-25,0.012120745615174202,0.0
2013-01-28,-0.001413100315922369,0.0
2013-01-29,0.0031417807551603755,0.0
2013-01-30,-0.0051636982632455725,0.0
2013-01-31,0.004066351193521677,0.0
2013-02-01,0.006895064758305258,0.639150377866617
2013-02-04,-0.009512658149261789,0.0
2013-02-05,0.010020083373951865,0.0
2013-02-06,0.0023621095643878882,0.0
2013-02-07,-0.001220029461125538,0.008153028656373783
2013-02-08,0.005959650551867733,0.0
2013-02-11,0.0006683769885291402,0.0
2013-02-12,0.004138231097533404,0.0
2013-02-13,-1.1236441809881945e-05,0.0
2013-02-14,0.0025846275245504334,0.0
2013-02-15,-0.002622238888851129,0.0
2013-02-19,0.008000608531614675,0.0
2013-02-20,-0.018262339170802486,0.0
2013-02-21,-0.0098035400416594,0.0
2013-02-22,0.008383748396727524,0.0
2013-02-25,-0.020676192269270068,0.0
2013-02-26,0.002349519541318266,0.0
2013-02-27,0.014187284937444998,0.0
2013-02-28,-0.003280494845185137,0.0
2013-03-01,-0.0014517481279736622,0.6206411444090771
2013-03-04,-0.0006393288732074495,0.0
2013-03-05,0.01046023649237178,0.0
2013-03-06,0.00443478329083866,0.0
2013-03-07,0.004545690716048703,0.0
2013-03-08,0.0059691990780561515,0.0
2013-03-11,0.003333682817976606,0.0
2013-03-12,0.00017703228934465412,0.0
2013-03-13,0.002039173272397588,0.0
2013-03-14,0.005880037952728029,0.0
2013-03-15,-2.7299007570210894e-05,0.0
2013-03-18,-0.004844217632156708,0.0
2013-03-19,-0.00806853609485109,0.0
2013-03-20,0.008698924713720434,0.0
2013-03-21,-0.009356417182248472,0.0
2013-03-22,0.004011778548632356,0.0
2013-03-25,-0.0016114570536909026,0.0
2013-03-26,0.006289218587749012,0.0
2013-03-27,0.00027159491085077913,0.0
2013-03-28,0.004864145558194838,0.0
2013-04-01,-0.00904915343014634,0.6174365868570459
2013-04-02,-0.002394847700954778,0.0
2013-04-03,-0.009312528438882547,0.0
2013-04-04,0.00648543380668815,0.0
2013-04-05,-0.002857464056950914,0.0
2013-04-08,0.007625077671431381,0.0
2013-04-09,0.008422281564171637,0.0
2013-04-10,0.011917405453704392,0.0
2013-04-11,0.0028925374683601702,0.0
2013-04-12,-0.005974118019679217,0.0
2013-04-15,-0.02996872935768591,0.0
2013-04-16,0.01408590729963598,0.0
2013-04-17,-0.01879554833267041,0.0
2013-04-18,-0.005578529247072313,0.0
2013-04-19,0.004678062569426043,0.0
2013-04-22,0.0032659503746862413,0.0
2013-04-23,0.012673637627331613,0.0
2013-04-24,0.006667803466693503,0.0
2013-04-25,0.00910988488879998,0.0
2013-04-26,-0.0033103631159037317,0.0
2013-04-29,0.011052932823236838,0.0
2013-04-30,0.002939234146768305,0.0
2013-05-01,-0.0091877739575561,0.764591225835529
2013-05-02,0.008970897547258697,0.0
2013-05-03,0.013720157804285229,0.0
2013-05-06,0.0035661493333859293,0.0
2013-05-07,0.005685534537219553,0.0
2013-05-08,0.011555282858442692,0.0
2013-05-09,-0.0010040906742693144,0.0
2013-05-10,0.008468874580863664,0.0
2013-05-13,-0.004964327946325064,0.0
2013-05-14,0.010698041992022641,0.0
2013-05-15,0.005359783055592546,0.0
2013-05-16,-0.0030288363597675717,0.0
2013-05-17,0.010723209485327333,0.0
2013-05-20,0.0017815972165783488,0.0
2013-05-21,0.0014391442702038734,0.0
2013-05-22,-0.012769347537700542,0.0
2013-05-23,0.0009753332401528479,0.0
2013-05-24,-0.0030878764836141095,0.0
2013-05-28,0.00496826787069074,0.0
2013-05-29,-0.0055513261631614606,0.0
2013-05-30,0.0041225265738105985,0.0
2013-05-31,-0.01378810438209132,0.0
2013-06-03,0.00334678433526836,0.6559199426793174
2013-06-04,-0.005332417510040643,0.0
2013-06-05,-0.011060667725685135,0.0
2013-06-06,0.008964221758904909,0.0
2013-06-07,0.01155183484305855,0.007905229801448834
2013-06-10,-0.0019496189193622287,0.0
2013-06-11,-0.012458045347405702,0.0
2013-06-12,-0.008405206484073561,0.0
2013-06-13,0.01892671144894973,0.0
2013-06-14,-0.005738153591285615,0.0
2013-06-17,0.008096008123534428,0.0
2013-06-18,0.007895520508204988,0.0
2013-06-19,-0.015207860342748052,0.0
2013-06-20,-0.028062743319809517,0.0
2013-06-21,0.001259792117560479,0.0
2013-06-24,-0.012568675728563444,0.0
2013-06-25,0.010497692820274667,0.0
2013-06-26,0.006450688365393002,0.0
2013-06-27,0.010395494638251611,0.0
2013-06-28,-0.000888371425276202,0.00698449488031489
2013-07-01,0.004864968218233345,0.7000165828333138
2013-07-02,-0.0028508743285907087,0.0
2013-07-03,-0.000837833937664331,0.0
2013-07-05,0.007843950694466029,0.0
2013-07-08,0.003551365185555618,0.0
2013-07-09,0.008264564116141033,0.0
2013-07-10,0.003954500873183128,0.0
2013-07-11,0.018254851878638075,0.0
2013-07-12,0.0006600219241685876,0.0
2013-07-15,0.0016515845519903638,0.0
2013-07-16,-0.0029970087470783256,0.0
2013-07-17,0.001277081760542665,0.0
2013-07-18,0.006428645463348901,0.0
2013-07-19,0.0013891527375717964,0.0
2013-07-22,0.00045385050702992716,0.0
2013-07-23,-0.002076544081927957,0.0
2013-07-24,-0.007508680762641151,0.0
2013-07-25,0.006445248411059593,0.0
2013-07-26,0.00021807768696049332,0.0
2013-07-29,-0.002951103212802898,0.0
2013-07-30,0.0010814957115085537,0.0
2013-07-31,-0.000364778714857226,0.0
2013-08-01,0.01242327942675403,0.7593743536884433
2013-08-02,0.0007151463865400591,0.0
2013-08-05,-0.0006701310493526041,0.0
2013-08-06,-0.007261066646062222,0.0
2013-08-07,-0.00320534308077248,0.0
2013-08-08,0.007161266997190011,0.0
2013-08-09,0.0004928057127366629,0.0
2013-08-12,-0.000962110819994451,0.0
2013-08-13,-0.0019069628933791154,0.0
2013-08-14,-0.0018446157576104683,0.0
2013-08-15,-0.011223389256381906,0.0
2013-08-16,-0.008994741821235101,0.0
2013-08-19,-0.010541750533421625,0.0
2013-08-20,0.008300408709534662,0.0
2013-08-21,-0.00675699131785217,0.0
2013-08-22,0.010495054594422144,0.0
2013-08-23,0.0062363487908111154,0.0
2013-08-26,-0.002839703831655599,0.0
2013-08-27,-0.014563954251635317,0.0
2013-08-28,0.0003482349341320443,0.0
2013-08-29,0.0007147684283406122,0.0
2013-08-30,-0.0019918401461926716,0.0
2013-09-03,0.0001610065719497289,0.7708343595652551
2013-09-04,0.010566332088205406,0.0
2013-09-05,0.002581005412725759,0.0
2013-09-06,0.0033413026195720625,0.0
2013-09-09,0.017313737590131953,0.0
2013-09-10,0.005104631785650101,0.0
2013-09-11,0.003565244406814029,0.0
2013-09-12,-0.005695303529327933,0.0
2013-09-13,0.0015926685104021023,0.0
2013-09-16,0.006951077601571825,0.0
2013-09-17,0.00463728552895863,0.0
2013-09-18,0.016490219616801027,0.0
2013-09-19,-0.002745692272910768,0.0
2013-09-20,-0.011239293721813228,0.0
2013-09-23,-0.005296396966760983,0.0
2013-09-24,-0.003221593295378556,0.0
2013-09-25,-0.002839500346852126,0.0
2013-09-26,0.0008103066342296878,0.0
2013-09-27,-0.006848991315981396,0.0
2013-09-30,-0.005897705067424844,0.0
2013-10-01,0.007706269934303789,0.7275643516997332
2013-10-02,0.0014290226367582302,0.0
2013-10-03,-0.010760588614575763,0.0
2013-10-04,0.005154114396317943,0.0
2013-10-07,-0.006487808250164296,0.0
2013-10-08,-0.009911132030377879,0.0
2013-10-09,0.003207595074226805,0.0
2013-10-10,0.01651157055615339,0.0
2013-10-11,0.004304980674861111,0.0
2013-10-14,0.0010139323836718332,0.0
2013-10-15,-0.00875975629470397,0.0
2013-10-16,0.01290573296744979,0.0
2013-10-17,0.00934645910409845,0.0
2013-10-18,0.002369957374459509,0.0
2013-10-21,-0.00030154280785988144,0.0
2013-10-22,0.0085906957890436,0.0
2013-10-23,-0.003166239375682672,0.0
2013-10-24,0.0039997336652683145,0.0
2013-10-25,0.0055623193292378,0.0
2013-10-28,0.0018348939032390246,0.0
2013-10-29,0.004247300608968984,0.0
2013-10-30,-0.005917757644485341,0.0
2013-10-31,-0.004848320021908835,0.0
2013-11-01,0.003908040741227525,0.521036007967208
2013-11-04,0.007810774588641904,0.0
2013-11-05,-0.006243482843044897,0.0
2013-11-06,0.002757370570315371,0.0
2013-11-07,-0.01228569339264696,0.0
2013-11-08,0.007195727902703201,0.0
2013-11-11,0.0021296487065199337,0.0
2013-11-12,-0.0031253823679451478,0.0
2013-11-13,0.008060400725610414,0.0
2013-11-14,0.004553598314839173,0.0
2013-11-15,0.0053399423048566125,0.0
2013-11-18,-0.005331319336092142,0.0
2013-11-19,-0.0033518864841687816,0.0
2013-11-20,-0.0049423114234412435,0.0
2013-11-21,0.005011497642249136,0.0
2013-11-22,0.0008864675720696845,0.0
2013-11-25,-0.0018841095004618997,0.0
2013-11-26,-0.0011338848136899949,0.0
2013-11-27,0.004628472958708534,0.0
2013-11-29,-0.001541183442223537,0.009747111521923415
2013-12-02,-0.004237170590188688,0.5907051338634404
2013-12-03,-8.603921786558364e-06,0.0
2013-12-04,0.0017010709090525822,0.007925088278534274
2013-12-05,-0.0040533431462348585,0.0
2013-12-06,0.007434412922749606,0.0
2013-12-09,0.00164396187345599,0.0
2013-12-10,-0.0035884333800988454,0.0
2013-12-11,-0.015299854503561687,0.0
2013-12-12,-0.0026633103562477534,0.0
2013-12-13,0.001608549034524477,0.0
2013-12-16,0.006267370873232966,0.0
2013-12-17,0.0007168892600386812,0.0
2013-12-18,0.011999045079447771,0.0
2013-12-19,-0.0015068624565319766,0.015487747119176398
2013-12-20,0.00662391786426144,0.0
2013-12-23,0.004733492032688807,0.0
2013-12-24,0.004261141742348105,0.0
2013-12-26,0.00194740053603071,0.0
2013-12-27,0.0033488653896280177,0.0
2013-12-30,0.0011887153703949577,0.0
2013-12-31,0.002047649641874723,0.0
2014-01-02,-0.010215690296748625,0.5449240864334344
2014-01-03,-0.0006530305957385386,0.0
2014-01-06,-0.004444424809075908,0.0
2014-01-07,0.006921567680714405,0.0
2014-01-08,-0.0017939091051502242,0.0
2014-01-09,-0.00021372387339976465,0.0
2014-01-10,0.00705255744622319,0.0
2014-01-13,-0.013054602624220896,0.0
2014-01-14,0.011276674368453744,0.0
2014-01-15,0.003510366896010618,0.0
2014-01-16,0.002125806980549807,0.0
2014-01-17,-0.0029165692751391796,0.0
2014-01-21,0.0038590694934704894,0.0
2014-01-22,0.0015549003308182301,0.0
2014-01-23,-0.005012382949288043,0.0
2014-01-24,-0.019245763755550194,0.0
2014-01-27,-0.002901107916926395,0.0
2014-01-28,0.0073423163796517005,0.0
2014-01-29,-0.008008995791531193,0.0
2014-01-30,0.012950521516653995,0.0
2014-01-31,-0.0032951423978462447,0.0
2014-02-03,-0.021176554344701337,0.8049118554317585
2014-02-04,0.009463708496677607,0.0
2014-02-05,-0.0027653207988313664,0.0
2014-02-06,0.017236877443951915,0.0
2014-02-07,0.011021814412394297,0.0
2014-02-10,0.0032110748303345407,0.0
2014-02-11,0.009021024964284636,0.0
2014-02-12,-2.402496496560231e-05,0.0
2014-02-13,0.004224725503313204,0.0
2014-02-14,0.006053540394787586,0.0
2014-02-18,0.0009493823157758088,0.0
2014-02-19,-0.0033664749780761122,0.0
2014-02-20,0.005777322840093285,0.0
2014-02-21,-0.0008733373448062047,0.0
2014-02-24,0.006897165131655395,0.0
2014-02-25,-0.0018182174793971988,0.0
2014-02-26,0.0028004519261902627,0.0
2014-02-27,0.004831933743864411,0.0
2014-02-28,0.002428768758749445,0.0
2014-03-03,-0.006899016730889218,0.5884332486526603
2014-03-04,0.011009598724626393,0.0
2014-03-05,0.0003455911043803965,0.0
2014-03-06,0.0031172270015548628,0.0
2014-03-07,-0.0007902370125841357,0.0
2014-03-10,-0.00337474680084041,0.0
2014-03-11,-0.003511070679418682,0.0
2014-03-12,0.0022501030399241125,0.0
2014-03-13,-0.009893819703139184,0.007886157237824093
2014-03-14,0.0008302699808429232,0.0
2014-03-17,0.006285852425184493,0.0
2014-03-18,0.006244916537304952,0.0
2014-03-19,-0.006988291620523616,0.0
2014-03-20,0.004462642029631848,0.0
2014-03-21,0.0019638132064599264,0.0
2014-03-24,-0.0037836374499719185,0.0
2014-03-25,0.0036217806938529527,0.0
2014-03-26,-0.004935670544772735,0.0
2014-03-27,0.0003161203390920119,0.0
2014-03-28,0.006811558158552023,0.0
2014-03-31,0.007199587524875814,0.0
2014-04-01,0.006443873894712793,0.6239339641168853
2014-04-02,0.004883560846644874,0.007835687990623327
2014-04-03,-0.001913950100752355,0.0
2014-04-04,-0.010150857166665667,0.0
2014-04-07,-0.012048355909883679,0.0
2014-04-08,0.00821868658199871,0.0
2014-04-09,0.006436288236398702,0.0
2014-04-10,-0.018494213294359935,0.0
2014-04-11,-0.012533207174152005,0.0
2014-04-14,0.009542520725579259,0.0
2014-04-15,0.004387326178855428,0.0
2014-04-16,0.009181299311754655,0.0
2014-04-17,0.00047193332223229435,0.0
2014-04-21,0.002262963275789576,0.0
2014-04-22,0.0054032437405320205,0.0
2014-04-23,-0.0029285834103125463,0.008315700634824784
2014-04-24,0.0034872016731300375,0.0
2014-04-25,-0.008544750477243516,0.0
2014-04-28,0.0020772669658064855,0.0
2014-04-29,0.0027064521184722795,0.0
2014-04-30,0.0024882576077096133,0.0
2014-05-01,0.0006039844934728755,0.6370761502006255
2014-05-02,0.0012075923765015456,0.0
2014-05-05,-0.00026796220571890335,0.0
2014-05-06,-0.011980199205840081,0.0
2014-05-07,-0.0010383125733708846,0.0
2014-05-08,0.00028710625788112035,0.0
2014-05-09,0.00430587863076291,0.0
2014-05-12,0.013243110287162463,0.0
2014-05-13,-0.0008341807372353414,0.0
2014-05-14,-0.0069856783978821824,0.0
2014-05-15,-0.0067647853401882774,0.0
2014-05-16,0.0041869911718600186,0.0
2014-05-19,0.004113984638721206,0.0
2014-05-20,-0.009539548626238039,0.0
2014-05-21,0.006859777372073812,0.0
2014-05-22,0.005672886172999856,0.0
2014-05-23,0.006257864370529859,0.0
2014-05-27,0.0069376718038811425,0.0
2014-05-28,-0.001279631845471327,0.0
2014-05-29,0.006171687812131998,0.0
2014-05-30,0.0006950488330518228,0.0
2014-06-02,0.00021208901522618007,0.5790852887431316
2014-06-03,8.287496921345193e-05,0.0
2014-06-04,0.004105039238909338,0.0
2014-06-05,0.007513804693712907,0.0
2014-06-06,0.007017503476855043,0.0
2014-06-09,0.00379610079283771,0.0
2014-06-10,-0.0015029257492064974,0.0
2014-06-11,-0.003705427890647898,0.0
2014-06-12,-0.005263739812143231,0.0
2014-06-13,0.0029912618066435725,0.0
2014-06-16,0.0016753746780052,0.0
2014-06-17,0.006274466283982541,0.0
2014-06-18,0.006122277964990526,0.0
2014-06-19,-0.0015569729714659895,0.0
2014-06-20,0.0022578728689950974,0.0
2014-06-23,0.0013095070972584963,0.0
2014-06-24,-0.007475201733987639,0.0
2014-06-25,0.0028170514676664083,0.0
2014-06-26,0.0008371339017639349,0.0
2014-06-27,0.0015768474607893942,0.0
2014-06-30,0.0013954593684504376,0.0
2014-07-01,0.004657017473432834,0.5751299538177819
2014-07-02,0.002073905627054504,0.0
2014-07-03,0.008524021208070479,0.0
2014-07-07,-0.005805415933499874,0.0
2014-07-08,-0.007421396161097596,0.0
2014-07-09,0.004786581237517396,0.0
2014-07-10,-0.005798011327168601,0.0
2014-07-11,0.0016650446028189105,0.0
2014-07-14,0.0028138564458261538,0.0
2014-07-15,-0.0025233272571629295,0.0
2014-07-16,0.0019137134870342327,0.0
2014-07-17,-0.01155442145661812,0.0
2014-07-18,0.010231857910881693,0.0
2014-07-21,-0.0031240299245511556,0.0
2014-07-22,0.005785135039027198,0.0
2014-07-23,0.0007023982762913888,0.0
2014-07-24,0.004139847646032991,0.0
2014-07-25,-0.003008116162421236,0.0
2014-07-28,2.5672318767810997e-05,0.0
2014-07-29,-0.0013717463500524379,0.0
2014-07-30,0.0030412389639637816,0.0
2014-07-31,-0.016062474849000818,0.0
2014-08-01,-0.003615790576702693,0.7068201457763734
2014-08-04,0.006654809363515366,0.0
2014-08-05,-0.005742049585284648,0.0
2014-08-06,0.0018140906512170106,0.0
2014-08-07,-0.007045699867567791,0.0
2014-08-08,0.015131001431154686,0.0
2014-08-11,0.002730333215135843,0.0
2014-08-12,-0.0035156171695514306,0.0
2014-08-13,0.0039553745278747676,0.0
2014-08-14,0.007385147226948385,0.0073467303121761435
2014-08-15,-0.00012067505123159361,0.0
2014-08-18,0.009041315067358974,0.0
2014-08-19,0.0070079589049010516,0.0
2014-08-20,0.003901199544769638,0.0
2014-08-21,0.002006939325015805,0.0
2014-08-22,0.00018350630986960648,0.0
2014-08-25,0.0033709865759783556,0.0
2014-08-26,0.000662473997488669,0.0
2014-08-27,0.0010742562158198047,0.0
2014-08-28,-0.0013166455387223024,0.0
2014-08-29,0.0031517989162260086,0.0
2014-09-02,-0.0026456133326236975,0.46950722664947253
2014-09-03,-0.001482564148103947,0.0
2014-09-04,0.0012208383247486708,0.0
2014-09-05,0.0038814568871986294,0.0
2014-09-08,-0.003197683611200481,0.0
2014-09-09,-0.007550229450873817,0.0
2014-09-10,0.003408834001896485,0.0
2014-09-11,0.0019112227247299117,0.0
2014-09-12,-0.005280506958605512,0.0
2014-09-15,-0.0024710275098597297,0.0
2014-09-16,0.004880518806991331,0.0
2014-09-17,0.00033692575369739103,0.0
2014-09-18,0.004592163737895503,0.0
2014-09-19,-0.0031545203031787677,0.0
2014-09-22,-0.009866292408546307,0.006878812754342055
2014-09-23,-0.007301309665772707,0.0
2014-09-24,0.0070277777650697955,0.0
2014-09-25,-0.014702922519154303,0.0
2014-09-26,0.005442198059324032,0.0
2014-09-29,-0.0022462618690160478,0.0
2014-09-30,-0.0034505315610170416,0.0
2014-10-01,-0.01337007972606985,0.628255277344452
2014-10-02,0.002858582569677453,0.0
2014-10-03,0.006281872877559414,0.0
2014-10-06,-0.0013129078721200883,0.0
2014-10-07,-0.017810993168326673,0.0
2014-10-08,0.016052770099030958,0.0
2014-10-09,-0.025827221268486286,0.0
2014-10-10,-0.014440729303753268,0.0
2014-10-13,-0.017472018550004412,0.0
2014-10-14,0.008740097803056,0.0
2014-10-15,0.000877052275937754,0.0
2014-10-16,0.0056215679479877205,0.0
2014-10-17,0.008460089250709565,0.0
2014-10-20,0.009313798179366926,0.0
2014-10-21,0.023989499327472366,0.0
2014-10-22,-0.011954555487277354,0.0
2014-10-23,0.01508958042975415,0.0
2014-10-24,0.003571349742101994,0.0
2014-10-27,-0.005587400471203795,0.0
2014-10-28,0.017754691163514427,0.0
2014-10-29,-0.0038238365429406514,0.0
2014-10-30,0.00444809856074706,0.0
2014-10-31,0.013677351137217048,0.0
2014-11-03,-0.002093829522192503,0.687639953571282
2014-11-04,-0.012558399382590443,0.0
2014-11-05,0.01028770685455926,0.0
2014-11-06,0.008321309870955392,0.0
2014-11-07,0.004335016233095065,0.0
2014-11-10,-0.0027998989195259843,0.0
2014-11-11,0.00022305243424677944,0.0
2014-11-12,0.0008481650122246663,0.0
2014-11-13,-0.00678975885216313,0.0
2014-11-14,0.005148466214258237,0.0
2014-11-17,-0.003171206296389286,0.0
2014-11-18,0.00489889134274861,0.0
2014-11-19,-0.001999589436007704,0.0
2014-11-20,0.008181059918533018,0.0
2014-11-21,0.007974436042203655,0.0
2014-11-24,0.0008064828185060374,0.0
2014-11-25,-0.004318411532986713,0.0
2014-11-26,-0.0048442945232000335,0.0
2014-11-28,-0.018170566287540088,0.0
2014-12-01,-0.010775164136004323,0.4775317826483346
2014-12-02,0.005912863887226246,0.0
2014-12-03,0.013331236669566288,0.0
2014-12-04,-0.005226401380261193,0.0
2014-12-05,-0.0006645485440427512,0.0
2014-12-08,-0.022765794642519765,0.0
2014-12-09,0.007144809752790363,0.0
2014-12-10,-0.026622261627211208,0.0
2014-12-11,0.0030329800332559585,0.0
2014-12-12,-0.01828092866818131,0.0
2014-12-15,-0.007875130412149167,0.0
2014-12-16,-0.003173099288070071,0.0
2014-12-17,0.027213891664221408,0.0
2014-12-18,0.022375803596945222,0.0
2014-12-19,0.01494684906447175,0.0
2014-12-22,-0.0012666751614312543,0.0
2014-12-23,0.007591144144261497,0.0
2014-12-24,-0.0029397189035456506,0.0
2015-01-08,0.01992943200849262,0.4058069202854556
2015-01-09,-0.009942018223640176,0.0
2015-01-12,-0.013977829583689885,0.0
2015-01-13,-0.00541475124412582,0.0
2015-01-14,-0.006791572417717168,0.0
2015-01-15,-0.015215716782959368,0.0
2015-01-16,0.017994393596984626,0.00800480477612934
2015-01-20,-0.001946058491863406,0.0
2015-01-21,0.015178132744674156,0.0
2015-01-22,0.012570627268089034,0.0
2015-01-23,-0.006458644353628961,0.0
2015-01-26,0.008855573854063735,0.0
2015-01-27,-0.007136035834224571,0.0
2015-01-28,-0.0220442351395568,0.0
2015-01-29,0.00897271280219281,0.0
2015-01-30,-0.0018290707434356517,0.0
2015-02-02,0.02088742802627319,0.5945098035262308
2015-02-03,0.027464062270022765,0.0
2015-02-04,-0.011214013667553684,0.0
2015-02-05,0.011748097329175809,0.0
2015-02-06,0.0022963576030373338,0.0
2015-02-09,0.00150996222013611,0.0
2015-02-10,0.004290961045621714,0.0
2015-02-11,-0.0025032824769643087,0.0
2015-02-12,0.01356246234580532,0.0
2015-02-13,0.012561261900768589,0.0
2015-02-17,0.0033356519744216,0.0
2015-02-18,-0.004469789606504957,0.0
2015-02-19,0.0013552250561874527,0.0
2015-02-20,0.004241101858431826,0.0
2015-02-23,-0.00560833168685225,0.0
2015-02-24,0.004113669578340697,0.0
2015-02-25,0.0029685168267943943,0.0
2015-02-26,-0.007772728965258963,0.0
2015-02-27,-0.0018485284578792047,0.0
2015-03-02,0.0037406293954940217,0.46850874390337605
2015-03-03,-0.0019674969679113947,0.0
2015-03-04,-0.0041894209564490555,0.0
2015-03-05,-0.001087126779851282,0.0
2015-03-06,-0.01606549980180545,0.0
2015-03-09,-0.002420847594215908,0.0
2015-03-10,-0.01679620374462651,0.0
2015-03-11,0.001792121365992228,0.0
2015-03-12,0.006614000492018421,0.0
2015-03-13,-0.009466640224448155,0.0
2015-03-16,0.010458451941619647,0.0
2015-03-17,-0.002266592810460297,0.0
2015-03-18,0.019379949790415317,0.0
2015-03-19,-0.009680153003389645,0.0
2015-03-20,0.01275259036773635,0.02160998979686823
2015-03-23,-0.00046587291294328205,0.0
2015-03-24,-0.005376914998779285,0.0
2015-03-25,-0.010002738118662863,0.0
2015-03-26,-0.0032369239547422345,0.0
2015-03-27,-0.0012791736388104492,0.0
2015-03-30,0.012784068230764303,0.0
2015-03-31,-0.006459823250464839,0.0
2015-04-01,-0.004130101183001167,0.31415299221683446
2015-04-02,0.007105135255354097,0.0
2015-04-06,0.013363417350357242,0.0
2015-04-07,-0.0007435767836645665,0.0
2015-04-08,0.0013465317464296854,0.0
2015-04-09,0.008447549931007738,0.0
2015-04-10,0.0021218981549252173,0.0
2015-04-13,-0.0036337145321323388,0.0
2015-04-14,0.006404948256362934,0.0
2015-04-15,0.016136706763509742,0.0
2015-04-16,-0.0031715020303909195,0.0
2015-04-17,-0.009963383407271523,0.0
2015-04-20,0.007447343300780149,0.0
2015-04-21,-0.0044013822196097546,0.0
2015-04-22,0.004892419873300913,0.0
2015-04-23,0.005831755407992912,0.0
2015-04-24,-0.0002713500546272763,0.0
2015-04-27,-0.001333143285095101,0.0
2015-04-28,0.003608250699282244,0.0
2015-04-29,0.002972389809707752,0.0
2015-04-30,-0.005535993924576115,0.0
2015-05-01,0.007725790222445017,0.5617850110000587
2015-05-04,0.0016089421190949157,0.0
2015-05-05,-0.012724268371358274,0.0
2015-05-06,-0.007177751918655996,0.0
2015-05-07,-0.002053217492960817,0.0
2015-05-08,0.013044360216030908,0.0
2015-05-11,-0.005308024158507133,0.0
2015-05-12,-0.003788137286979341,0.0
2015-05-13,-0.0010884757504076464,0.0
2015-05-14,0.005023046097995625,0.0
2015-05-15,0.002958915929420862,0.0
2015-05-18,0.001603973070574161,0.0
2015-05-19,-0.010162341149742639,0.0
2015-05-20,0.0017365821792880267,0.0
2015-05-21,0.005879033937269008,0.0
2015-05-22,-0.0023989878930138144,0.0
2015-05-26,-0.01604226947584762,0.0
2015-05-27,0.004186950935421832,0.0
2015-05-28,-0.002333085510690741,0.0
2015-05-29,-0.006268853542239015,0.0
2015-06-01,0.0012104481438257597,0.31199589976631414
2015-06-02,0.0034944691613895736,0.0
2015-06-03,3.318467463539346e-05,0.0
2015-06-04,-0.010239007964425494,0.0
2015-06-05,0.0006781893477530264,0.0
2015-06-08,-0.008523766731573349,0.0
2015-06-09,-0.0017167273151371277,0.0
2015-06-10,0.009180828813858474,0.0
2015-06-11,0.00021036041595086065,0.0
2015-06-12,-0.006531777361858077,0.0
2015-06-15,-0.005301042486909396,0.0
2015-06-16,0.005421010558611446,0.0
2015-06-17,0.0038295443651072854,0.0
2015-06-18,0.006008944703461382,0.0
2015-06-19,-0.004676414117495906,0.0
2015-06-22,0.004368695518604241,0.0
2015-06-23,0.0009506293245613467,0.0
2015-06-24,-0.008265391627093287,0.0
2015-06-25,-0.0073876533852296495,0.0
2015-06-26,-0.00013644611897322822,0.0
2015-06-29,-0.022158508399759358,0.0
2015-06-30,0.0017025905859253338,0.0
2015-07-01,-0.0004734695059921412,0.3646414412608787
2015-07-02,0.0027425107712919505,0.0077306765929450695
2015-07-06,-0.009963774436304971,0.0
2015-07-07,0.008934077662857766,0.0
2015-07-08,-0.020478173377485323,0.0
2015-07-09,0.0008738460587768454,0.0
2015-07-10,0.005990920295279082,0.0
2015-07-13,0.010543793779364482,0.0
2015-07-14,0.004941780708453671,0.0
2015-07-15,-0.009918001924447386,0.0
2015-07-16,0.0034607716934520463,0.0
2015-07-17,-0.009074130098379433,0.0
2015-07-20,-0.008899241075295019,0.0
2015-07-21,-0.0004904202403704142,0.0
2015-07-22,-0.0029436597774120674,0.0
2015-07-23,-0.004049889904772689,0.0
2015-07-24,-0.016392281268766604,0.0
2015-07-27,-0.006588846392963442,0.0
2015-07-28,0.016364811500633777,0.0
2015-07-29,0.00732214773537097,0.0
2015-07-30,-0.0007009828148313334,0.0
2015-07-31,-0.0038281721574490637,0.0
2015-08-03,-0.008166000260312445,0.44553376573452175
2015-08-04,-0.0027746206389102105,0.0
2015-08-05,-0.002379932148621495,0.0
2015-08-06,-0.0027036441600241093,0.0
2015-08-07,-0.006237347357825794,0.0
2015-08-10,0.02659210834124497,0.0
2015-08-11,-0.013974060937888501,0.0
2015-08-12,0.007121875120490531,0.0
2015-08-13,-0.011610349946649718,0.0
2015-08-14,0.0016419507636561488,0.0
2015-08-17,0.0066226343780403756,0.0
2015-08-18,-0.006349307766558727,0.0
2015-08-19,-0.013126096232754788,0.0
2015-08-20,-0.02234940224481087,0.0
2015-08-21,-0.025174196170134618,0.0
2015-08-24,-0.03805731217883609,0.0
2015-08-25,-0.01439689931269794,0.0
2015-08-26,0.029596087841053925,0.0
2015-08-27,0.03740249749115428,0.0
2015-08-28,0.009053825990863056,0.0
2015-08-31,-2.4960944470899795e-05,0.0
2015-09-01,-0.03227014141928786,0.2955038556002267
2015-09-02,0.011262632826938974,0.0
2015-09-03,0.0033275932674762016,0.0
2015-09-04,-0.0169667968914291,0.0
2015-09-08,0.023081959496857173,0.0
2015-09-09,-0.013523835885617005,0.0
2015-09-10,0.00411263177265406,0.0
2015-09-11,-0.0023013105103246254,0.0
2015-09-14,-0.006789888937741801,0.0
2015-09-15,0.012671147328038944,0.0
2015-09-16,0.017640894757167812,0.0
2015-09-17,-0.0050878471957444835,0.0
2015-09-18,-0.02526113050526385,0.0
2015-09-21,2.87149332255294e-07,0.0
2015-09-22,-0.01812762195970765,0.0
2015-09-23,-0.013272858077622825,0.0
2015-09-24,-0.001244043108428599,0.0
2015-09-25,-0.0023568439212591466,0.0
2015-09-28,-0.030417175600135772,0.0
2015-09-29,0.000671198499349593,0.0
2015-09-30,0.019972638111559672,0.0
2015-10-01,-0.006296841474416115,0.3307938551470166
2015-10-02,0.031007981235657317,0.0
2015-10-05,0.030660041100258488,0.0
2015-10-06,0.009166653473035913,0.008175554485090454
2015-10-07,0.016876318738190565,0.0
2015-10-08,0.01744418390787861,0.0
2015-10-09,-0.003935993664607208,0.0
2015-10-12,-0.011847501257392768,0.0
2015-10-13,-0.01090251716467382,0.0
2015-10-14,0.00455699979859383,0.0
2015-10-15,0.01125548111879218,0.0
2015-10-16,-0.007006429883706937,0.0
2015-10-19,-0.008178690463896639,0.0
2015-10-20,0.0025552692563461086,0.0
2015-10-21,-0.010551169806471203,0.0
2015-10-22,0.014261161974868354,0.0
2015-10-23,0.006793348703609188,0.0
2015-10-26,-0.011621348447074888,0.0
2015-10-27,-0.01207996347507309,0.0
2015-10-28,0.020038052230036994,0.0
2015-10-29,-0.00026868165376141154,0.0
2015-10-30,0.003100108005361082,0.0
2015-11-02,0.0189262453089436,0.43935590477777364
2015-11-03,0.0114589189906312,0.0
2015-11-04,-0.006117630808540657,0.0
2015-11-05,-0.005591460591494783,0.0
2015-11-06,-0.0025844957561946573,0.0
2015-11-09,-0.009126808781998574,0.0
2015-11-10,-0.0012459687007793734,0.0
2015-11-11,-0.01601096444627037,0.0
2015-11-12,-0.018405028794592358,0.0
2015-11-13,-0.008974021638584316,0.0
2015-11-16,0.0175502024990164,0.0
2015-11-17,-0.008326104033684101,0.0
2015-11-18,0.020216869677812888,0.0076385877895037485
2015-11-19,-0.004715519053859842,0.0
2015-11-20,-0.0004355991902612417,0.0
2015-11-23,0.0007586488788874398,0.0
2015-11-24,0.011007794861479155,0.0
2015-11-25,0.0002929671250288939,0.0
2015-11-27,-0.006548870431013026,0.0
2015-11-30,0.001714000473924789,0.0
2015-12-01,0.007744071468381408,0.2774409779159171
2015-12-02,-0.01944157723917214,0.0
2015-12-03,-0.014021627537476959,0.0
2015-12-04,0.0015615913762002743,0.0
2015-12-07,-0.010058979761680716,0.0
2015-12-08,-0.011212895886704302,0.0
2015-12-09,-0.0005034883899499632,0.0
2015-12-10,0.0039996896929190865,0.0
2015-12-11,-0.02367837704864189,0.0
2015-12-14,-0.008899240974892308,0.0
2015-12-15,0.013680031264982198,0.0
2015-12-16,0.0118044663775635,0.0
2015-12-17,-0.022555622737477944,0.0
2015-12-18,-0.010783541749591436,0.0
2015-12-21,0.008999813054699372,0.0
2015-12-22,0.014556394453629568,0.0
2015-12-23,0.026720701543651575,0.0
2015-12-24,-0.0021182290046108596,0.0
2015-12-28,-0.011114463720826126,0.0
2015-12-29,0.010892481656763528,0.0
2015-12-30,-0.011584408663363046,0.0
2015-12-31,-0.002253450174116845,0.0
2016-01-04,-0.004256374526113382,0.2944410845373583
2016-01-05,-0.0014823129789626188,0.007824036545633958
2016-01-06,-0.030541822961423822,0.0
2016-01-07,-0.0251135190144813,0.0
2016-01-08,-0.010934125054725248,0.0
2016-01-11,-0.01356024145984842,0.0
2016-01-12,-0.0011370700703853143,0.0
2016-01-13,-0.025458810323421753,0.0
2016-01-14,0.01703101430499585,0.0
2016-01-15,-0.02067626917769695,0.0
2016-01-19,-0.013208827966646427,0.0
2016-01-20,-0.006412822971761658,0.0
2016-01-21,0.021854602736687476,0.0
2016-01-22,0.01838538181967113,0.0
2016-01-25,-0.02800068512236028,0.0
2016-01-26,0.02951629807288686,0.0
2016-01-27,-0.003332323955499865,0.0
2016-01-28,0.003168139751174233,0.0
2016-01-29,0.03416605111651991,0.0
2016-02-01,-0.005678121320386587,1.950873364841326
2016-02-02,-0.024404346680974732,0.0
2016-02-03,0.0035806842049578643,0.0
2016-02-04,0.0011865925219131691,0.0
2016-02-05,-0.025285632937130632,0.0
2016-02-08,-0.02371476856586484,0.0
2016-02-09,0.00516913761786878,0.0
2016-02-10,0.00683134577454323,0.0
2016-02-11,-0.015852787750752922,0.0
2016-02-12,0.02122073849711253,0.0
2016-02-16,0.020157921765822335,0.0
2016-02-17,0.01831625760825279,0.0
2016-02-18,-0.00559557506931602,0.0
2016-02-19,0.004337496856398478,0.0
2016-02-22,0.016279180514730828,0.0
2016-02-23,-0.009754286567356569,0.0
2016-02-24,0.005861907225990582,0.0
2016-02-25,0.013913004248319295,0.0
2016-02-26,0.0007832960283940507,0.0
2016-02-29,-0.008724579640797502,0.0
2016-03-01,0.024236344767959217,1.2651337358013006
2016-03-02,0.004916692002638071,0.0
2016-03-03,0.004072199707630335,0.0
2016-03-04,0.0020851122275282806,0.0
2016-03-07,-0.0007131516747689502,0.0
2016-03-08,-0.006719647188914828,0.0
2016-03-09,0.003287279768046229,0.0
2016-03-10,0.0012165271697844831,0.0
2016-03-11,0.013826386768763126,0.0
2016-03-14,-0.0011948338415432732,0.0
2016-03-15,-0.0012926798883530553,0.0
2016-03-16,0.0057448037405687935,0.0
2016-03-17,0.0054565448208995365,0.0
2016-03-18,0.0022268489836199216,0.0
2016-03-21,-0.00037353933694220633,0.0
2016-03-22,-0.0009603949851861382,0.0
2016-03-23,-0.002434479738331144,0.0
2016-03-24,-0.000844330891658372,0.0
2016-03-28,0.0008443124465125165,0.0
2016-03-29,0.008796742670832476,0.0
2016-03-30,0.0028101147624059962,0.0
2016-03-31,-0.0011569415509992873,0.0
2016-04-01,0.007120408797431699,0.7532126757924236
2016-04-04,-0.0042584123629175585,0.0
2016-04-05,-0.012283377910928907,0.0
2016-04-06,0.007580911745788298,0.0
2016-04-07,-0.01045837987527368,0.0
2016-04-08,0.003046483404235244,0.0
2016-04-11,-0.0022988994378702774,0.0
2016-04-12,0.00898919737369143,0.0
2016-04-13,0.00841672095156244,0.0
2016-04-14,-0.0013946447480557213,0.0
2016-04-15,0.0014861144545348759,0.0
2016-04-18,0.005856713537594559,0.0
2016-04-19,0.004047786040684042,0.0
2016-04-20,-0.0029560535781636885,0.0
2016-04-21,-0.009416319040588345,0.0
2016-04-22,0.003975614573354488,0.0
2016-04-25,-0.0006270743524411159,0.0
2016-04-26,0.0028926820816313646,0.0
2016-04-27,0.004780444787357634,0.0
2016-04-28,-0.007712656128572699,0.0
2016-04-29,-0.0045543878989144256,0.0
2016-05-02,0.007750292840837059,0.9503561603546409
2016-05-03,-0.005449089374030717,0.0
2016-05-04,-0.0036378590936375402,0.0
2016-05-05,-0.0005829850598259387,0.0
2016-05-06,0.001924895744407075,0.0
2016-05-09,0.00497909822114532,0.0
2016-05-10,0.008817239916218786,0.0
2016-05-11,-0.00890704472995742,0.0
2016-05-12,0.0008416289233103775,0.0
2016-05-13,-0.004743518641247654,0.0
2016-05-16,0.00875132632744282,0.0
2016-05-17,-0.011344818125997847,0.0
2016-05-18,-0.0026471235985812136,0.0077063226571669405
2016-05-19,-0.003604733696674899,0.0
2016-05-20,0.005413729989964367,0.0
2016-05-23,-0.0032452690748462354,0.007943987704894705
2016-05-24,0.01584192526068289,0.0
2016-05-25,0.002407487139369608,0.0
2016-05-26,0.0027408220467514876,0.0
2016-05-27,0.004906718531524362,0.0
2016-05-31,0.0009625613136434951,0.0
2016-06-01,0.001051943267755373,0.9725227334616181
2016-06-02,0.001930470329681861,0.0
2016-06-03,0.0021567825220642984,0.0
2016-06-06,-0.00010552578290517079,0.0
2016-06-07,0.0021272456771235654,0.0
2016-06-08,0.005694357119958554,0.0
2016-06-09,0.0033661581021140847,0.0
2016-06-10,-0.006121947930442462,0.0
2016-06-13,-0.006418560757955099,0.0
2016-06-14,0.0007716377354381532,0.0
2016-06-15,-0.0011658282950977718,0.0
2016-06-16,0.00385754745497272,0.0
2016-06-17,-0.002605843149799909,0.0
2016-06-20,0.004696271285969219,0.0
2016-06-21,0.0029547584502824797,0.007760025414793559
2016-06-22,-0.000995127877240042,0.0
2016-06-23,0.008097124515233008,0.0
2016-06-24,-0.021569777815899256,0.0
2016-06-27,-0.009302820127270869,0.0
2016-06-28,0.012145057744185506,0.007873625503433861
2016-06-29,0.013628682130494386,0.0
2016-06-30,0.01674038126879875,0.0
2016-07-01,-0.00022750244026281674,1.1548015776161606
2016-07-05,-0.012092562319816749,0.0
2016-07-06,0.005103880182122464,0.0
2016-07-07,0.0012364465964272832,0.0
2016-07-08,0.01934325795099772,0.0
2016-07-11,0.006117411003545214,0.0
2016-07-12,0.010762129458446552,0.0
2016-07-13,-0.0004102729277083911,0.0
2016-07-14,0.005275281547861046,0.0
2016-07-15,-0.0006273807675443725,0.0
2016-07-18,0.00268521419379893,0.0
2016-07-19,-0.0019469182479619864,0.0
2016-07-20,0.0072289624062874145,0.0
2016-07-21,-0.007008783017846936,0.0
2016-07-22,0.00658645993191209,0.0
2016-07-25,-0.0012369691096573649,0.0
2016-07-26,0.00797851846698894,0.0
2016-07-27,-0.002475678848283657,0.0
2016-07-28,0.0037457521691173865,0.0
2016-07-29,-0.0001055657420595455,0.0
2016-08-01,-0.004175912169236962,1.3251953280173403
2016-08-02,-0.007203695961130553,0.0
2016-08-03,0.0003533851846257192,0.0
2016-08-04,-0.00097139230100417,0.0
2016-08-05,0.00032894957555536187,0.0
2016-08-08,-0.0005314021055651953,0.0
2016-08-09,-1.4353950037406535e-05,0.0
2016-08-10,-0.0019643976904453087,0.0
2016-08-11,0.0029871460500845897,0.0
2016-08-12,-0.00028228286810370347,0.0
2016-08-15,-0.0008588938572569038,0.0
2016-08-16,-0.008449129414662868,0.0
2016-08-17,0.0034118081669684084,0.0
2016-08-18,0.005307609841279981,0.0
2016-08-19,-0.0017976929389022748,0.0
2016-08-22,0.000651380715064226,0.0
2016-08-23,-0.0007691272908800668,0.0
2016-08-24,-0.0043549584775487106,0.0
2016-08-25,-0.0009945813020682235,0.0
2016-08-26,-0.007576878163310957,0.0
2016-08-29,0.006062071586408415,0.0
2016-08-30,-0.0031031241063822464,0.0
2016-08-31,-0.001600675489908048,0.0
2016-09-01,-0.002524062655628323,0.8777481510286669
2016-09-02,0.006568355514888479,0.0
2016-09-06,0.0056716495550857915,0.0
2016-09-07,0.0012063054436278063,0.0
2016-09-08,-0.0005968561541069078,0.0
2016-09-09,-0.030956973473392966,0.0
2016-09-12,0.01613572403669103,0.0
2016-09-13,-0.01773822231683499,0.0
2016-09-14,-0.0008577334149883311,0.0
2016-09-15,0.00959089899213305,0.0
2016-09-16,-0.0017348289004952425,0.0
2016-09-19,0.003286884992368186,0.0
2016-09-20,-0.0025541992558871024,0.0
2016-09-21,0.01572164707045315,0.0
2016-09-22,0.008248579520391,0.0
2016-09-23,-0.004553809217312079,0.0
2016-09-26,-0.004360622618174262,0.0
2016-09-27,-0.00027037274591714967,0.0
2016-09-28,0.007004139316397553,0.0
2016-09-29,-0.008813947803128757,0.0
2016-09-30,0.0036507169281455353,0.0
2016-10-03,-0.0071569377707342285,0.66120665785788
2016-10-04,-0.011711771542972,0.0
2016-10-05,-0.0010638430964672145,0.0
2016-10-06,0.0006558879897474193,0.0
2016-10-07,-0.0043224840178180905,0.0
2016-10-10,0.005782257497403558,0.0
2016-10-11,-0.012550209226395142,0.0
2016-10-12,0.0044878359398395655,0.0
2016-10-13,0.00238679362590737,0.0
2016-10-14,-0.0035527364204738397,0.0
2016-10-17,6.946182617836665e-05,0.0
2016-10-18,0.0074071651155029165,0.0
2016-10-19,0.0003059734960465358,0.0
2016-10-20,-0.001364027411467234,0.0
2016-10-21,-0.0030041713131026245,0.0
2016-10-24,0.004473012687881774,0.0
2016-10-25,-0.003407521725745539,0.0
2016-10-26,-0.006476441565497062,0.0
2016-10-27,-0.007561794431805196,0.0
2016-10-28,0.00036757877220340714,0.0
2016-10-31,0.005737292955829957,0.0
2016-11-01,-0.011083197514575538,1.022833112712226
2016-11-02,-0.00595495168248834,0.0
2016-11-03,-0.004042684195811251,0.0
2016-11-04,0.0006541198030234069,0.0
2016-11-07,0.021939706379977032,0.0
2016-11-08,0.002102052152866084,0.0
2016-11-09,0.008649643292345237,0.0
2016-11-10,0.0057501712797544315,0.0
2016-11-11,-0.003945663502709862,0.0
2016-11-14,0.0037513124259792203,0.0
2016-11-15,0.011014142012865161,0.0
2016-11-16,-0.0018291256081659946,0.0
2016-11-17,0.003373640977579962,0.0
2016-11-18,-0.0032230272623980693,0.0
2016-11-21,0.007067031575561487,0.0
2016-11-22,0.0005461471743511769,0.0
2016-11-23,0.003947648504624234,0.0
2016-11-25,0.0026180025198377266,0.0
2016-11-28,-0.007847045462125014,0.0
2016-11-29,0.0004068749129495707,0.0
2016-11-30,0.0009736285248040932,0.007942248466432492
2016-12-01,-0.012108044351832548,1.2399415471713362
2016-12-02,0.006017709960529888,0.0
2016-12-05,0.009110922923580404,0.0
2016-12-06,0.001245192894880281,0.0
2016-12-07,0.015734796573726735,0.0
2016-12-08,0.002724414125510271,0.0
2016-12-09,0.0016991757847916395,0.0
2016-12-12,-0.0006408234394881948,0.0
2016-12-13,0.006131328627789562,0.0
2016-12-14,-0.011740320685272063,0.0
2016-12-15,0.0009385348977871704,0.0
2016-12-16,-0.0003372622416430571,0.0
2016-12-19,0.002263120077821926,0.0
2016-12-20,0.00244511776671551,0.0
2016-12-21,-0.001384449034928223,0.0
2016-12-22,-0.0023714940758518244,0.0
2016-12-23,0.0018007418738924816,0.0
2016-12-27,0.0022734571265582747,0.0
2016-12-28,-0.009253262447983229,0.0
2016-12-29,0.0045965628701545615,0.0
2016-12-30,-0.006041757659484117,0.0
2017-01-03,0.0043270922064651,1.2579520670436384
2017-01-04,0.00944867405587652,0.0
2017-01-05,-0.005217852631533188,0.0
2017-01-06,0.0022986232599226507,0.0
2017-01-09,-0.007637986552137546,0.0
2017-01-10,0.003452164997301579,0.0
2017-01-11,0.006119454772958175,0.0
2017-01-12,-0.004261828791980837,0.0
2017-01-13,0.0036171263799666654,0.0
2017-01-17,-0.005827373739307807,0.0
2017-01-18,0.006040155136948095,0.0
2017-01-19,-0.0033275639894861184,0.0
2017-01-20,0.006144656096717033,0.0
2017-01-23,-0.0043473796758338665,0.0
2017-01-24,0.01596901003790606,0.0
2017-01-25,0.011206377421234018,0.0
2017-01-26,-0.003064326196479658,0.0
2017-01-27,-0.0010743340556091385,0.0
2017-01-30,-0.008978961276597792,0.0
2017-01-31,-0.0028030662583625613,0.0
2017-02-01,-0.0030562006584391455,1.1812446997730057
2017-02-02,8.055490299019481e-05,0.0
2017-02-03,0.009724621593238864,0.0
2017-02-06,-0.0041234134982529695,0.0
2017-02-07,-0.0013773545926123523,0.0
2017-02-08,-0.0020870701426299013,0.0
2017-02-09,0.006683818461977616,0.0
2017-02-10,0.005009490314870081,0.0
2017-02-13,0.006203368192612903,0.0
2017-02-14,0.0029315478671162977,0.0
2017-02-15,0.004423754384070814,0.0
2017-02-16,-0.0013438517518230416,0.0
2017-02-17,-0.0004676665287187895,0.0
2017-02-21,0.006267269054158923,0.0
2017-02-22,-0.0025923657093907303,0.0
2017-02-23,-0.0024715163953960406,0.0
2017-02-24,0.0009119863607147904,0.0
2017-02-27,0.002986036705269081,0.0
2017-02-28,-0.002242743397191731,0.0
2017-03-01,0.01743350999125215,0.6055018266411339
2017-03-02,-0.010531176455609623,0.0
2017-03-03,0.0021869098592327664,0.0
2017-03-06,-0.0033787855659019395,0.0
2017-03-07,-0.0027994089255057517,0.0
2017-03-08,-0.0037755507209268806,0.0
2017-03-09,-0.0006422113301688098,0.0
2017-03-10,0.003434888601166759,0.0
2017-03-13,0.0025804769318231724,0.015231342427335752
2017-03-14,-0.004711222769119229,0.0
2017-03-15,0.007834319482692535,0.0
2017-03-16,-0.0018297133798151487,0.0
2017-03-17,-0.0004467179925063717,0.0
2017-03-20,-0.00260008277210732,0.0
2017-03-21,-0.018175685943784818,0.0
2017-03-22,0.003841563008274366,0.0
2017-03-23,-0.0002944930093981502,0.0
2017-03-24,-0.0006345183649445789,0.0
2017-03-27,-0.0027190050001920907,0.0
2017-03-28,0.009506197367687255,0.0
2017-03-29,0.00104458977979821,0.0
2017-03-30,0.005821875982183613,0.0
2017-03-31,-0.0016546582887765585,0.0
2017-04-03,-0.00414519867161367,0.8123586948576969
2017-04-04,0.00043047405890773874,0.0
2017-04-05,-0.0032864112242137634,0.0
2017-04-06,0.0027238138647361024,0.0
2017-04-07,-0.00035070149631847333,0.0
2017-04-10,-0.00043864088938578167,0.0
2017-04-11,-0.0010355245037540466,0.0
2017-04-12,-0.005931235833379242,0.0
2017-04-13,-0.005566536967731315,0.0
2017-04-17,0.010117140047299378,0.0
2017-04-18,-0.001854629099763429,0.0
2017-04-19,0.0011232773627505173,0.0
2017-04-20,0.009618085159626463,0.0
2017-04-21,-0.0020329293580481893,0.0
2017-04-24,0.013184633691906452,0.0
2017-04-25,0.005558840521686223,0.0
2017-04-26,-0.0030283103742978386,0.0
2017-04-27,0.002656931847999131,0.0
2017-04-28,-0.004073762989480859,0.0
2017-05-01,0.0009662575178310817,0.647864300074187
2017-05-02,0.0005027133394323904,0.0
2017-05-03,-0.0020051295095345747,0.0
2017-05-04,0.0035644755669718125,0.0
2017-05-05,0.004234414567689736,0.0
2017-05-08,-0.0021229208954460545,0.0
2017-05-09,0.00035954334626884735,0.0
2017-05-10,0.0026924096755054916,0.0
2017-05-11,-0.0022269513136408507,0.0
2017-05-12,-0.0013358699756350315,0.0
2017-05-15,0.006239896646854503,0.0
2017-05-16,-0.0003815386557841023,0.0
2017-05-17,-0.015187007015486576,0.0
2017-05-18,0.004184211803096173,0.0
2017-05-19,0.006399809420985787,0.0
2017-05-22,0.007605391951462732,0.0
2017-05-23,0.001094778515179141,0.0
2017-05-24,0.0035043014023953527,0.0
2017-05-25,0.007948829369820934,0.0
2017-05-26,-0.00011990384303159899,0.0
2017-05-30,0.0018595723987465955,0.0
2017-05-31,0.0028171185167925605,0.0
2017-06-01,0.007407895485589178,0.5985257080522293
2017-06-02,0.0038258524546549194,0.0
2017-06-05,-0.0019057158181075371,0.0
2017-06-06,-0.004298887726803435,0.0
2017-06-07,0.002944744361086147,0.0
2017-06-08,0.0005525412122127094,0.007470230958610121
2017-06-09,-0.00695831686920377,0.0
2017-06-12,-0.004147375202890411,0.0
2017-06-13,0.0054322391592016815,0.0
2017-06-14,2.3141215696380164e-05,0.0
2017-06-15,0.0005921903276764635,0.0
2017-06-16,0.0005229017500687081,0.0
2017-06-19,0.00891717028154182,0.0077052872933319775
2017-06-20,-0.005418492536710871,0.0
2017-06-21,0.0005931540578985228,0.0
2017-06-22,-0.001298652161468941,0.0
2017-06-23,0.001575922453469932,0.0
2017-06-26,-0.0003142089671345843,0.0
2017-06-27,-0.009922991424098254,0.0
2017-06-28,0.0076158588678566915,0.0
2017-06-29,-0.012970531501439756,0.0
2017-06-30,0.0016457836599403494,0.0
2017-07-03,-0.0023279295577302017,0.6192680057009238
2017-07-05,0.006777053697358622,0.0
2017-07-06,-0.007364287095316358,0.0
2017-07-07,0.01048872929774013,0.0
2017-07-10,0.002442329463499588,0.0
2017-07-11,-0.0001372393457106149,0.0
2017-07-12,0.009627859452775677,0.0
2017-07-13,-0.0007254098473078825,0.0
2017-07-14,0.005939662602296545,0.0
2017-07-17,0.0006017452311207372,0.0
2017-07-18,0.002208772944787134,0.0
2017-07-19,0.006524631837706072,0.0
2017-07-20,0.000698278762530814,0.0
2017-07-21,0.0011983125743985975,0.0
2017-07-24,-0.0018533621160123888,0.0
2017-07-25,-0.0016057311449797535,0.0
2017-07-26,0.0005509772753912392,0.0
2017-07-27,-0.004941372777171334,0.0
2017-07-28,-0.00021456346793225184,0.0
2017-07-31,-0.002254149380392336,0.0
2017-08-01,0.001866520753834866,0.7673895520911647
2017-08-02,0.00036371004205742357,0.0
2017-08-03,-0.0005840511574234904,0.0
2017-08-04,0.001727565434944713,0.0
2017-08-07,0.0006955656961739123,0.0
2017-08-08,-0.003083886357682012,0.0
2017-08-09,-0.0011765790112801481,0.0
2017-08-10,-0.015680755876554674,0.0
2017-08-11,0.00018962170965438284,0.0
2017-08-14,0.011776178307335823,0.0
2017-08-15,0.00018122364034375442,0.0
2017-08-16,0.003099272262440231,0.0
2017-08-17,-0.016636772191076905,0.0
2017-08-18,-0.0013628508886739058,0.0
2017-08-21,0.0016117589482676237,0.0
2017-08-22,0.010384555513272192,0.0
2017-08-23,-0.004299913971105221,0.0
2017-08-24,-0.0008068101823295105,0.0
2017-08-25,0.002561743630641498,0.0
2017-08-28,-0.0006261411935523687,0.0
2017-08-29,-0.0018576517011500955,0.0
2017-08-30,0.0038432627162155028,0.0
2017-08-31,0.006167457143303124,0.0
2017-09-01,0.0015752383659703995,0.6448817822505197
2017-09-05,-0.009574782659203345,0.0
2017-09-06,0.00020648456122526992,0.0
2017-09-07,-0.0012135923357054134,0.0
2017-09-08,0.004689029421274817,0.0
2017-09-11,0.013174234200993071,0.0
2017-09-12,0.0008152122591618018,0.0
2017-09-13,-0.002354525856240003,0.0
2017-09-14,-0.00011646035248529972,0.0
2017-09-15,0.0011405188860930874,0.0
2017-09-18,0.0023594954341053516,0.0
2017-09-19,0.0015629358601760668,0.0
2017-09-20,0.0010484183441887612,0.0
2017-09-21,-0.0010854927026490643,0.0
2017-09-22,-0.0006429559875865808,0.0
2017-09-25,-0.0037411146632395334,0.0
2017-09-26,0.001688333854215597,0.0
2017-09-27,0.0035340004754526606,0.0
2017-09-28,0.0023480908777831484,0.0
2017-09-29,0.003494620649209115,0.0
2017-10-02,0.004010517354504639,0.547504648776569
2017-10-03,0.001591138906132564,0.0
2017-10-04,0.004091104463077965,0.0
2017-10-05,0.004391438627258031,0.0
2017-10-06,0.0005621413173172228,0.0
2017-10-09,-0.0005846950059257357,0.0
2017-10-10,0.0026792083305261323,0.0
2017-10-11,0.0029141586242960424,0.0
2017-10-12,0.0025104953496497932,0.0
2017-10-13,-0.0005733493501023101,0.0
2017-10-16,0.001324913107841631,0.0
2017-10-17,-0.00037478662768222217,0.0
2017-10-18,0.0008259511095121472,0.0
2017-10-19,0.002973210156628543,0.0
2017-10-20,0.005650097260627872,0.0
2017-10-23,-0.0008990060525892748,0.0
2017-10-24,0.0035962744704521304,0.0
2017-10-25,-0.0033446804825058,0.0
2017-10-26,0.003135006596164667,0.0
2017-10-27,0.0036661773717797984,0.0
2017-10-30,-0.004427724510017821,0.0
2017-10-31,0.0012915900926062551,0.0
2017-11-01,-0.0014929559570396878,0.8255749136015351
2017-11-02,0.0014594598529300384,0.0
2017-11-03,0.0014814948154094057,0.0
2017-11-06,0.0006013804908307785,0.0
2017-11-07,-0.0009446411650796653,0.0
2017-11-08,-0.00014416884806080015,0.0
2017-11-09,-0.006187962792382363,0.0
2017-11-10,-0.0002174482166822857,0.0
2017-11-13,0.0031271994160114837,0.0
2017-11-14,0.0015165321400589294,0.0
2017-11-15,-0.005066419659416302,0.0
2017-11-16,0.007813473718111596,0.0
2017-11-17,-0.0014352397568220428,0.0
2017-11-20,0.0049153240845120445,0.0
2017-11-21,0.004950730266592989,0.0
2017-11-22,-0.0033217994236379353,0.0
2017-11-24,0.0015226122149100073,0.0
2017-11-27,0.0008194339754439382,0.0
2017-11-28,0.012130191055127151,0.0
2017-11-29,0.00046042080108592764,0.0
2017-11-30,0.009515466611433527,0.0
2017-12-01,-0.004893302853816839,0.8767122480438463
2017-12-04,-0.008621176891535697,0.0
2017-12-05,-0.002922057325562983,0.0
2017-12-06,0.002126936894481201,0.0
2017-12-07,0.004996654717051569,0.0
2017-12-08,0.0045198818626876755,0.0
2017-12-11,0.0011744091810860166,0.0
2017-12-12,-0.0034923452330312688,0.0
2017-12-13,0.0006057679401521028,0.0
2017-12-14,-0.00396036290958796,0.0
2017-12-15,0.009917995237297254,0.0
2017-12-18,0.004051164128403784,0.0
2017-12-19,-0.004210112371019625,0.0
2017-12-20,-0.0017352444019418517,0.0
2017-12-21,-0.0025712570029355676,0.0
2017-12-22,-0.00010929131817556884,0.0
2017-12-26,-0.0003973514099590369,0.0
2017-12-27,0.0020664135887933843,0.0
2017-12-28,0.003382998403596769,0.0
2017-12-29,-0.004241533516031453,0.0
2018-01-02,0.0026731509832915723,0.604258496903223
2018-01-03,0.008933950433749636,0.0
2018-01-04,0.0045713477775365125,0.0
2018-01-05,0.008065444763740917,0.0
2018-01-08,0.004344184631027077,0.0
2018-01-09,0.003593761698923531,0.0
2018-01-10,-0.0036121766496600614,0.0
2018-01-11,0.007552110603767511,0.0
2018-01-12,0.007509045235494884,0.0
2018-01-16,-0.006150577712882011,0.0
2018-01-17,0.013529060217793359,0.0
2018-01-18,-0.0014296142704284236,0.0
2018-01-19,0.007218858793748911,0.0
2018-01-22,0.004374733691152237,0.0
2018-01-23,0.001243774338395973,0.0
2018-01-24,0.00014566715589554548,0.0
2018-01-25,0.0020969934711419815,0.0
2018-01-26,0.012306061192475112,0.0
2018-01-29,-0.009496620127625808,0.0
2018-01-30,-0.010883444920014688,0.0
2018-01-31,-0.00030197595381623737,0.0
2018-02-01,-0.0028658655758534435,1.1283332986132133
2018-02-02,-0.01976029551737151,0.0
2018-02-05,-0.03791258285116561,0.0
2018-02-06,0.01852211769658503,0.0
2018-02-07,-0.0016040446375447923,0.0
2018-02-08,-0.034939924051976795,0.0
2018-02-09,0.011337465257767246,0.0
2018-02-12,0.0124575347254391,0.0
2018-02-13,0.00599055882751852,0.0
2018-02-14,0.01707044928715519,0.0
2018-02-15,0.01237647755965985,0.0
2018-02-16,-0.0002566479223651376,0.0
2018-02-20,-0.007184214420947111,0.0
2018-02-21,-0.003226759403690761,0.0
2018-02-22,0.0005215901769401418,0.0
2018-02-23,0.015028564627053265,0.0
2018-02-26,0.010133893830831749,0.0
2018-02-27,-0.01417435456222841,0.0
2018-02-28,-0.008481067557818174,0.0
2018-03-01,-0.012652952972291964,1.0721168393793112
2018-03-02,0.00335397344771428,0.0
2018-03-05,0.011615066349447633,0.0
2018-03-06,0.00461504718137422,0.0
2018-03-07,0.0029182285838590663,0.0
2018-03-08,0.003994947162195743,0.0
2018-03-09,0.01945263361852837,0.0
2018-03-12,-0.0033280165797995804,0.0
2018-03-13,-0.00588394614705753,0.0
2018-03-14,-0.007885031720705697,0.0
2018-03-15,-0.00134789588094238,0.0
2018-03-16,0.004284667803822536,0.0
2018-03-19,-0.011578282185797928,0.005443803386241385
2018-03-20,0.003065092221972086,0.0
2018-03-21,-0.0006905241680025231,0.0
2018-03-22,-0.029149604602570538,0.0
2018-03-23,-0.019340341798385906,0.0
2018-03-26,0.028349957897078455,0.0
2018-03-27,-0.018576793871242604,0.0
2018-03-28,-0.003033746879839267,0.0
2018-03-29,0.014811784690865028,0.0
2018-04-02,-0.02366868349026141,0.7037936640206666
2018-04-03,0.012476078310571292,0.0072622829663296735
2018-04-04,0.011208059176005628,0.0
2018-04-05,0.005074177951515586,0.0
2018-04-06,-0.024394683428422537,0.0
2018-04-09,0.0029027514284352763,0.0
2018-04-10,0.01741329503402301,0.0
2018-04-11,-0.006193444664156994,0.0
2018-04-12,0.01216450375972389,0.0
2018-04-13,-0.0065062401631558455,0.0
2018-04-16,0.007781499265490761,0.0
2018-04-17,0.010531729423793282,0.0
2018-04-18,0.0027077615639665618,0.0
2018-04-19,-0.004158914703897883,0.0
2018-04-20,-0.005491208613246923,0.0
2018-04-23,-0.0012282516290444989,0.0
2018-04-24,-0.014327566576685685,0.0
2018-04-25,7.095382516948055e-05,0.0
2018-04-26,0.007617759407113161,0.0
2018-04-27,0.0004183531834357725,0.0
2018-04-30,-0.007274498741804523,0.0
2018-05-01,0.0009613175645299954,0.7605338912621655
2018-05-02,-0.009179145390537845,0.0
2018-05-03,-0.0017643453729689219,0.0
2018-05-04,0.010692481897781474,0.0
2018-05-07,0.0038399894011640345,0.0
2018-05-08,0.0019304035475136176,0.0
2018-05-09,0.009100387162723194,0.0
2018-05-10,0.00880675354452707,0.0
2018-05-11,0.0011445243027689155,0.0
2018-05-14,-0.002911484971503495,0.0
2018-05-15,-0.003767642390509779,0.0
2018-05-16,0.005489302777271563,0.0
2018-05-17,9.943405274426764e-05,0.0
2018-05-18,-0.0014746853864309635,0.0
2018-05-21,0.007303957508225671,0.0
2018-05-22,-0.004795724763646545,0.0
2018-05-23,0.002235545009858929,0.0
2018-05-24,0.0015032050075627205,0.0
2018-05-25,-0.002609280437597501,0.0
2018-05-29,-0.013152276121307458,0.0
2018-05-30,0.011247637083644,0.0
2018-05-31,-0.0093956092556124,0.0
2018-06-01,0.010276766608196208,0.952200272737977
2018-06-04,0.005436055739289049,0.0
2018-06-05,0.00396479853327962,0.0
2018-06-06,0.010905515606908129,0.0
2018-06-07,-0.0006198636626130264,0.0
2018-06-08,0.004300902364335202,0.0
2018-06-11,0.0016372228838834905,0.0
2018-06-12,0.0018734758316219424,0.0
2018-06-13,-0.004650561127955035,0.0
2018-06-14,-0.0002378177856692665,0.0
2018-06-15,-0.001962281882845612,0.0
2018-06-18,0.001080304276512521,0.0
2018-06-19,-0.00555024415517012,0.0
2018-06-20,0.0003452822104404853,0.0
2018-06-21,-0.005887114149461046,0.0
2018-06-22,4.377677704528823e-05,0.0
2018-06-25,-0.015964047054356334,0.0
2018-06-26,0.00243038921230135,0.0
2018-06-27,-0.009565649281009322,0.0
2018-06-28,0.004110744400086018,0.0
2018-06-29,-0.00043515961808808626,0.0
2018-07-02,-0.0004186743061389553,0.7982426352192584
2018-07-03,-0.0057649953495393326,0.0
2018-07-05,0.008585371335146846,0.0
2018-07-06,0.008253092381991258,0.0
2018-07-09,0.011359622798375064,0.0
2018-07-10,0.0019609078566264274,0.0
2018-07-11,-0.008200702926881607,0.0
2018-07-12,0.00777385995880058,0.0
2018-07-13,0.0002888023516798362,0.0
2018-07-16,-0.001761248224696701,0.0
2018-07-17,0.006802571613826895,0.0
2018-07-18,0.0062384710785114966,0.0
2018-07-19,-0.0036365485845631,0.0
2018-07-20,-0.0017708138725576659,0.0
2018-07-23,0.0036663890415324623,0.0
2018-07-24,-0.002882578076579545,0.0
2018-07-25,0.010549010412268975,0.0
2018-07-26,0.002226565189461336,0.0
2018-07-27,-0.007253845754053624,0.0
2018-07-30,-0.00861202196330274,0.0
2018-07-31,0.005109936775262464,0.0
2018-08-01,-0.003780186280898823,0.7753623178866264
2018-08-02,0.005493478525871084,0.0
2018-08-03,0.003046217314609441,0.0
2018-08-06,0.00345110803978296,0.0
2018-08-07,0.004218601887883738,0.0
2018-08-08,0.00124284284166389,0.0
2018-08-09,0.0010522178207342052,0.0
2018-08-10,-0.006826314014529089,0.0
2018-08-13,-0.003378379833862612,0.0
2018-08-14,0.012064323595267337,0.0
2018-08-15,-0.008965177806485956,0.0
2018-08-16,0.006872136009045269,0.0
2018-08-17,0.005128789358862074,0.0
2018-08-20,0.005422148919387266,0.0
2018-08-21,0.003349585313657776,0.0
2018-08-22,0.0006380024204553979,0.0
2018-08-23,0.00024637647294850737,0.0
2018-08-24,0.0036456209354058947,0.0
2018-08-27,0.0038005854438607953,0.0
2018-08-28,0.0008349758703084361,0.0
2018-08-29,0.005341570662992553,0.0
2018-08-30,-0.006778113498871018,0.0
2018-08-31,0.002235956196351338,0.0
2018-09-04,3.939053904988832e-05,0.9691248693045791
2018-09-05,1.1281797419494994e-05,0.0
2018-09-06,-0.0006431365969734855,0.0
2018-09-07,-0.0032670327539722106,0.0
2018-09-10,0.0042888009243027825,0.0
2018-09-11,0.0007880699686118731,0.0
2018-09-12,0.0019224435456977368,0.0
2018-09-13,0.00200671975899034,0.0
2018-09-14,0.0010241787451338124,0.0
2018-09-17,-0.0035896025244241507,0.0
2018-09-18,0.005389223644083531,0.0
2018-09-19,-0.0013107560780649674,0.007308697062800166
2018-09-20,0.0057304414356109,0.0
2018-09-21,0.002239051920438671,0.0
2018-09-24,-0.006698546925921603,0.0
2018-09-25,-0.0024698303784177478,0.007344079600815777
2018-09-26,7.139921707781162e-05,0.0
2018-09-27,-0.0019026346558644813,0.0
2018-09-28,0.0021783967217334126,0.0
2018-10-01,-0.000744888544254696,0.6780695865361088
2018-10-02,-0.004498485434544307,0.0
2018-10-03,0.00029385172240535746,0.0
2018-10-04,-0.00739805799558323,0.0
2018-10-05,-0.00546128690478704,0.0
2018-10-08,0.00024179730793803187,0.0
2018-10-09,-0.005330003216739633,0.0
2018-10-10,-0.030818736050128654,0.0
2018-10-11,-0.02148380869123101,0.007836428926328527
2018-10-12,0.012182050053093484,0.0
2018-10-15,-0.0002215203180074741,0.0
2018-10-16,0.021014649829077962,0.0
2018-10-17,-0.0034806489279764945,0.0
2018-10-18,-0.01250077480031716,0.0
2018-10-19,-0.0045040419713071895,0.0
2018-10-22,-0.0029158945753462234,0.0
2018-10-23,-0.007790520115765357,0.0
2018-10-24,-0.02700503256094569,0.0
2018-10-25,0.01328459221144927,0.0
2018-10-26,-0.01603473004137775,0.0
2018-10-29,0.003884608103287158,0.0
2018-10-30,0.01979597117757579,0.0
2018-10-31,0.005626777587311809,0.0
2018-11-01,0.012620371432422894,0.8166066157356148
2018-11-02,-0.003113331796857283,0.0
2018-11-05,0.004650179644821182,0.0
2018-11-06,0.007106747017553792,0.0
2018-11-07,0.018606249889512854,0.0
2018-11-08,0.0007419011126238574,0.0
2018-11-09,-0.00796086846544536,0.0
2018-11-12,-0.01696602038110901,0.0
2018-11-13,-0.00041419419712872616,0.0
2018-11-14,-0.009312390868609969,0.0
2018-11-15,0.010019314393575458,0.0
2018-11-16,0.0009109486659187383,0.0
2018-11-19,-0.01894371352486384,0.0
2018-11-20,-0.01619361916169789,0.0
2018-11-21,0.005789209833670224,0.0
2018-11-23,-0.0013093627456051355,0.0
2018-11-26,0.013183895774425896,0.0
2018-11-27,0.0014410195968857947,0.0
2018-11-28,0.021628968096990067,0.0
2018-11-29,-0.0029202953453369737,0.0
2018-11-30,0.006111519837844748,0.006798203957597728
2018-12-03,0.010207226276271353,0.9441143621199242
2018-12-04,-0.02659973313485358,0.0
2018-12-06,-0.0001685797760391679,0.0
2018-12-07,-0.020539991849732507,0.0
2018-12-10,0.00020024122771325327,0.0
2018-12-11,-0.0005522909938680347,0.0
2018-12-12,0.004790417943445953,0.0
2018-12-13,-0.004609202626245677,0.0
2018-12-14,-0.013651986497953416,0.0
2018-12-17,-0.02276519169566903,0.0
2018-12-18,0.00012886115075364592,0.0
2018-12-19,-0.013872429825282969,0.0
2018-12-20,-0.020435227351166735,0.0
2018-12-21,-0.019407810448790367,0.0
2018-12-24,-0.02498260064419129,0.0
2018-12-26,0.04085499364207812,0.008272034613537961
2018-12-27,0.0076547552912676784,0.0
2018-12-28,-0.001324378546890721,0.0
2018-12-31,0.009336707288910286,0.0
2019-01-02,-0.0040729008454959414,0.8413219725814428
2019-01-03,-0.009700134171007863,0.0
2019-01-04,0.021502274174768334,0.0
2019-01-07,0.004922331498324842,0.0
2019-01-08,0.011426343917426144,0.0
2019-01-09,0.0014947096138922945,0.0
2019-01-10,0.009049372696509926,0.0
2019-01-11,0.0011805861039511929,0.0
2019-01-14,-0.005966752779409837,0.0
2019-01-15,0.009620781213290895,0.0
2019-01-16,0.0006342332215339924,0.0
2019-01-17,0.00759080869293696,0.0
2019-01-18,0.011129863541240176,0.0
2019-01-22,-0.00867162186663935,0.0
2019-01-23,0.0031484373967949502,0.0
2019-01-24,0.0013336104328940768,0.0
2019-01-25,0.004699651890892914,0.0
2019-01-28,-0.0013600223560855202,0.0
2019-01-29,0.0031987280107013483,0.0
2019-01-30,0.009431901753282729,0.0
2019-01-31,0.010084660311173456,0.0
2019-02-01,-0.00019493906701317787,0.7520492481048942
2019-02-04,0.005285547310305744,0.0
2019-02-05,0.0033604870540817314,0.0
2019-02-06,-0.001990734427803104,0.0
2019-02-07,0.00020586606092474596,0.0
2019-02-08,0.0037269688021462164,0.0
2019-02-11,0.0022753480170222317,0.0
2019-02-12,0.00763201572107107,0.0
2019-02-13,0.0019174763205797056,0.0
2019-02-14,-0.0004936606151135698,0.0
2019-02-15,0.00762241967791232,0.0
2019-02-19,0.0013263255384872777,0.0
2019-02-20,0.0018368327060099667,0.0
2019-02-21,0.0020215897011737994,0.0
2019-02-22,0.006483918617200442,0.0
2019-02-25,-0.002851161313943226,0.0
2019-02-26,-0.0011377257854856182,0.0
2019-02-27,0.0009517294837655528,0.0
2019-02-28,0.0022340817286535574,0.0
2019-03-01,0.004267009457432858,0.9574169618399814
2019-03-04,-0.004590489260242581,0.0
2019-03-05,-0.001368603410247934,0.0
2019-03-06,-0.008123737529329676,0.0
2019-03-07,-0.005653849695828308,0.0
2019-03-08,-0.0024417148821406142,0.0
2019-03-11,0.01149125531624743,0.0
2019-03-12,0.0032953756235526055,0.0
2019-03-13,0.00606632261199807,0.0
2019-03-14,-0.0006555793343102885,0.0
2019-03-15,0.00277560247433428,0.0
2019-03-18,0.001837525093588437,0.0
2019-03-19,-0.001372576756496629,0.0
2019-03-20,-0.007195105090338109,0.0
2019-03-21,0.014174557666917144,0.0
2019-03-22,-0.01744356411865417,0.0
2019-03-25,0.0008897861951018692,0.0
2019-03-26,0.006750853604901283,0.0
2019-03-27,-0.0034478838682681506,0.0
2019-03-28,0.006115118496204812,0.0
2019-03-29,0.005697738636120822,0.0
2019-04-01,0.008758484369511654,0.8006800125689995
2019-04-02,-3.6513567310432525e-05,0.0
2019-04-03,0.001722305126321988,0.007172109445917419
2019-04-04,0.000306156164846381,0.0
2019-04-05,0.005462996232290998,0.0
2019-04-08,-0.0004365960718093952,0.0
2019-04-09,-0.005284542640593197,0.0
2019-04-10,0.005326315318248591,0.0
2019-04-11,0.0019464847062687467,0.0
2019-04-12,0.00669357622920472,0.0
2019-04-15,-0.0017740330671437005,0.0
2019-04-16,-0.0024099750468492913,0.0
2019-04-17,-0.008822810253300421,0.0
2019-04-18,0.0022982759662541026,0.0
2019-04-22,-0.0033936471101416285,0.0
2019-04-23,0.007561900846950574,0.0
2019-04-24,0.0014738884539714297,0.0
2019-04-25,-0.003480670284852162,0.0
2019-04-26,0.005980265391662335,0.0
2019-04-29,-0.0022412917570226367,0.0
2019-04-30,0.006196089954270983,0.0
2019-05-01,-0.00869223208743064,1.0234213106902752
2019-05-02,0.0022400240828510075,0.0
2019-05-03,0.011108436197243051,0.0
2019-05-06,-0.006846112104070688,0.0
2019-05-07,-0.013743679941959732,0.0
2019-05-08,-0.0026985526081298805,0.0
2019-05-09,-0.0017623678011542256,0.0
2019-05-10,0.0034031608140502314,0.0
2019-05-13,-0.023926570506901466,0.0
2019-05-14,0.007985560078075046,0.0
2019-05-15,0.005351385859809783,0.0
2019-05-16,0.004409164515854336,0.0
2019-05-17,-0.007298285035542619,0.0
2019-05-20,-0.007576384791093093,0.0
2019-05-21,0.009208261954085216,0.0
2019-05-22,-0.004599452469431076,0.0
2019-05-23,-0.012079366449714128,0.0
2019-05-24,0.0003506098068605039,0.0
2019-05-28,-0.009612466152179148,0.0
2019-05-29,-0.007965554059959846,0.0
2019-05-30,0.0038532095490559884,0.0
2019-05-31,-0.01158533456071447,0.0
2019-06-03,0.004627833458600961,0.9288797289845636
2019-06-04,0.024589524529108786,0.0070724181623051125
2019-06-05,0.00441853244115128,0.0
2019-06-06,0.003820758827654066,0.0
2019-06-07,0.007446281387535278,0.0
2019-06-10,0.0043710742086429015,0.0
2019-06-11,0.00023933183962571912,0.0
2019-06-12,-0.003645234252176122,0.0
2019-06-13,0.006803521814411191,0.0
2019-06-14,-0.003624781038312407,0.0
2019-06-17,-0.0014967231050464676,0.0
2019-06-18,0.011108882737672722,0.0
2019-06-19,0.0025225229069681006,0.0
2019-06-20,0.008287531481796574,0.0
2019-06-21,-0.002753461486371866,0.0
2019-06-24,-0.0050396750504512824,0.0
2019-06-25,-0.007426987670730917,0.0
2019-06-26,0.0005635576872609554,0.0
2019-06-27,0.00598302820783596,0.0
2019-06-28,0.009379406592456707,0.0
2019-07-01,0.006375768497881351,0.915252508270105
2019-07-02,0.004499654314035282,0.0
2019-07-03,0.010096118839994297,0.0
2019-07-05,-0.001236377903969476,0.0
2019-07-08,-0.0034367373711265727,0.0
2019-07-09,-2.6282485317483903e-05,0.0
2019-07-10,0.002188002602810649,0.0
2019-07-11,0.0009712847432935952,0.0
2019-07-12,0.006345744811579626,0.0
2019-07-15,0.0005774036493614784,0.0
2019-07-16,-0.0031013744733733306,0.0071758666358837965
2019-07-17,-0.006092912781274037,0.0
2019-07-18,0.003016254498547896,0.0
2019-07-19,-0.008392469733174526,0.0
2019-07-22,0.00020402575555628885,0.0
2019-07-23,0.0065672613400331445,0.0
2019-07-24,0.0035303331786633073,0.0
2019-07-25,-0.0030004006267035925,0.0
2019-07-26,0.006864660828065029,0.0
2019-07-29,-0.0008923782507269438,0.0
2019-07-30,-0.005274518942272726,0.0
2019-07-31,-0.009424077004394404,0.0
2019-08-01,-0.008583697199432971,1.018323371854144
2019-08-02,-0.012410612807304251,0.0
2019-08-05,-0.02984374002743262,0.0
2019-08-06,0.010672411454790972,0.0
2019-08-07,0.0010173404558838682,0.0
2019-08-08,0.022017318892004863,0.0
2019-08-09,-0.01041900469987489,0.007615194716107421
2019-08-12,-0.014802583795009983,0.007267243617666596
2019-08-13,0.01579545085163181,0.0
2019-08-14,-0.03180017227503187,0.0
2019-08-15,-0.00027779869715864597,0.0
2019-08-16,0.01579408951991898,0.0
2019-08-19,0.012069707010630917,0.0
2019-08-20,-0.008057720505464458,0.0
2019-08-21,0.011222202509122495,0.0
2019-08-22,0.0007268483001454382,0.0
2019-08-23,-0.02847367548744571,0.0
2019-08-26,0.008436869823771976,0.0
2019-08-27,-0.005485437987115445,0.0
2019-08-28,0.008469722956504304,0.0
2019-08-29,0.015578875593118232,0.0
2019-08-30,0.0024003364942633523,0.0
2019-09-03,-0.013252137531330588,0.9185600858151883
2019-09-04,0.011540915409205037,0.0
2019-09-05,0.018210905505266804,0.0
2019-09-06,0.002513139100783171,0.0
2019-09-09,0.00458013455864343,0.0
2019-09-10,0.00582207931178046,0.0
2019-09-11,0.006777653265096009,0.0
2019-09-12,0.0010435709084388213,0.0
2019-09-13,0.000800007696110916,0.0
2019-09-16,-0.002594213427827543,0.0
2019-09-17,0.0013854666296954578,0.0
2019-09-18,-0.0016442581150927025,0.0
2019-09-19,-0.001965814276270648,0.0
2019-09-20,-0.004434685628278735,0.0
2019-09-23,0.0001719410757844717,0.0
2019-09-24,-0.009303155377577026,0.0
2019-09-25,0.005714506326145793,0.0
2019-09-26,-0.0016502974039575493,0.0
2019-09-27,-0.0055270505230651246,0.007294719863966997
2019-09-30,0.0057854167470684035,0.0
2019-10-01,-0.015344418065603382,0.6207103471146344
2019-10-02,-0.018941448709249888,0.0
2019-10-03,0.008623678935022205,0.0
2019-10-04,0.013413984221334996,0.0
2019-10-07,-0.005430904672683626,0.0
2019-10-08,-0.01888632813027317,0.0
2019-10-09,0.010901918952405429,0.0
2019-10-10,0.0072929765576042185,0.0
2019-10-11,0.01381989462126154,0.0
2019-10-14,-0.0015933146012904827,0.0
2019-10-15,0.008924013670426497,0.0
2019-10-16,-0.0019321824942018146,0.0
2019-10-17,0.0026820441689368673,0.0
2019-10-18,-0.003255072947446399,0.0
2019-10-21,0.005038933472686358,0.0069523744191943
2019-10-22,-0.006640138529642693,0.0
2019-10-23,0.0018804684450621201,0.0
2019-10-24,0.0007133418685282504,0.0
2019-10-25,0.003080183603633839,0.0
2019-10-28,0.004749973390451651,0.0
2019-10-29,0.0027897942843396013,0.0
2019-10-30,0.0011464284901884704,0.0
2019-10-31,-0.0017231709514818761,0.0
2019-11-01,0.011412160068948518,1.014053867266987
2019-11-04,0.004471160167588367,0.0
2019-11-05,-5.4028258493824997e-05,0.0
2019-11-06,-0.0003313293547764811,0.0
2019-11-07,-0.0015723362978931187,0.0
2019-11-08,6.250466115202257e-05,0.0
2019-11-11,-0.0027437385581812797,0.0
2019-11-12,0.00028506189500634733,0.0
2019-11-13,-0.0013367082548234304,0.0
2019-11-14,0.0019748528173198737,0.0
2019-11-15,0.005521644329949909,0.0
2019-11-18,-0.00022494068834105023,0.0
2019-11-19,-0.0017795789755807962,0.0
2019-11-20,-0.0018622823228546495,0.0
2019-11-21,-0.0027849264626891167,0.0
2019-11-22,0.0033780824521621195,0.0
2019-11-25,0.007309137276928315,0.0
2019-11-26,0.0007258829520218086,0.0
2019-11-27,0.004085904103029209,0.0
2019-11-29,-0.004822208348620203,0.0
2019-12-02,-0.009298586433939104,1.096186283931528
2019-12-03,-0.009609924994129826,0.0
2019-12-04,0.006501634346388524,0.0
2019-12-05,0.0035163210725423976,0.0
2019-12-06,0.009761985643739025,0.0
2019-12-09,-0.002953451176845541,0.0
2019-12-10,0.0001857370612885579,0.0
2019-12-11,0.0022808098949074207,0.007300902105256053
2019-12-12,0.014681399526819985,0.0
2019-12-13,-0.0043564953222806025,0.0
2019-12-16,0.005153807613156404,0.0
2019-12-17,0.0001385008342650561,0.0
2019-12-18,-0.0007587623455732741,0.0
2019-12-19,0.0021597223550658957,0.0
2019-12-20,0.005784528556601791,0.0
2019-12-23,2.844052923396279e-05,0.0
2020-01-29,-0.005790816297196133,0.7844430825015244
2020-01-30,0.0020359923988689413,0.0
2020-01-31,-0.021638303444387306,0.0
2020-02-03,0.005818356616071219,0.3850772315739228
2020-02-04,0.014217572968233358,0.0
2020-02-05,0.017337845613887036,0.0
2020-02-06,-0.003818801742670983,0.0
2020-02-07,-0.008579306139137042,0.0
2020-02-10,0.0037753563630073548,0.0
2020-02-11,0.007202477575999475,0.0
2020-02-12,0.006339510617534823,0.0
2020-02-13,-0.0021913276180082365,0.0
2020-02-14,-0.0012016552034058807,0.0
2020-02-18,-0.0036665558766391907,0.0
2020-02-19,0.0034095485364245065,0.0
2020-02-20,0.0010428141166218012,0.0
2020-02-21,-0.007647396909156472,0.0
2020-02-24,-0.031207056239251726,0.0
2020-02-25,-0.03341362840399115,0.0
2020-02-26,-0.009323084299888935,0.0
2020-02-27,-0.03608927451928856,0.0
2020-02-28,-0.011991475701065742,0.0
2020-03-02,0.037563975797071825,0.7830072180396254
2020-03-03,-0.02996040129821122,0.0
2020-03-04,0.03590564990825194,0.0
2020-03-05,-0.03951753053424372,0.0
2020-03-06,-0.01819612342541728,0.0
2020-03-09,-0.08357106833215998,0.0
2020-03-10,0.045509887597598844,0.0
2020-03-11,-0.053405905860211,0.0
2020-03-12,-0.10685171348578679,0.0
2020-03-13,0.08419265738056018,0.0
2020-03-16,-0.11600913092185003,0.0
2020-03-17,0.06451240021385798,0.0
2020-03-18,-0.06864171477324749,0.0
2020-03-19,0.004285776345343531,0.0
2020-03-20,-0.04513887688924344,0.0
2020-03-23,-0.031044327867493955,0.0
2020-03-24,0.1000490464674672,0.0
2020-03-25,0.024872813904492523,0.0
2020-03-26,0.058663790185992555,0.0
2020-03-27,-0.038118269791537915,0.0
2020-03-30,0.024663692794532836,0.0
2020-03-31,-0.015083235610117601,0.0
2020-04-01,-0.048989723191509515,1.26674824904643
2020-04-02,0.018551958940580458,0.0
2020-04-03,-0.01610872095261927,0.0
2020-04-06,0.08867232168442468,0.0
2020-04-07,0.0217243087806398,0.007835791664338065
2020-04-08,0.06158991729321019,0.0
2020-04-09,0.03292542747334981,0.0
2020-04-13,-0.028916760798268715,0.0
2020-04-14,0.016366484282678024,0.0
2020-04-15,-0.04397559677878306,0.0
2020-04-16,-0.021604665362827152,0.0
2020-04-17,0.05470870450338054,0.0
2020-04-20,-0.026024367148220498,0.0
2020-04-21,-0.028046860940880526,0.0
2020-04-22,0.02142007142438864,0.0
2020-04-23,0.010732434927040778,0.0
2020-04-24,0.012130798260850202,0.0
2020-04-27,0.029755809032664966,0.0
2020-04-28,0.024608332542109645,0.0
2020-04-29,0.054478621140623566,0.0
2020-04-30,-0.028466437591689694,0.0
2020-05-01,-0.05251400781799964,1.1886462023976494
2020-05-04,0.0029606002575545427,0.0
2020-05-05,0.011156049467448647,0.0
2020-05-06,-0.014870488435695248,0.0
2020-05-07,0.01135752032330312,0.0
2020-05-08,0.016798678658373534,0.0
2020-05-11,-0.0018223434889956393,0.0
2020-05-12,-0.0212291563080376,0.0
2020-05-13,-0.01706973415836929,0.0
2020-05-14,0.008271320828749108,0.0
2020-05-15,0.0021096233629034674,0.0
2020-05-18,0.032109013024340355,0.0
2020-05-19,-0.013404040367456184,0.0
2020-05-20,0.012292196197852217,0.0
2020-05-21,-0.007082691107984396,0.0
2020-05-22,0.005786951873928731,0.0
2020-05-26,0.015333771862826577,0.0
2020-05-27,0.01637645141584526,0.0
2020-05-28,0.006632396716986495,0.0
2020-05-29,0.004424438270965498,0.0
2020-06-01,0.0054428718825609845,0.7690692091828486
2020-06-02,0.01035512849239574,0.0
2020-06-03,0.02682051702680228,0.0
2020-06-04,-0.0003017142511789121,0.0
2020-06-05,0.037060988464676564,0.0
2020-06-08,0.02586625584160364,0.0
2020-06-09,-0.024231360162338948,0.0
2020-06-10,-0.020994617612744133,0.0
2020-06-11,-0.06723427247494942,0.0
2020-06-12,0.018956292976631907,0.0
2020-06-15,0.009041539737848445,0.0
2020-06-16,0.02171963355351269,0.0
2020-06-17,-0.010993425992450937,0.0
2020-06-18,-1.8693635996246084e-05,0.0
2020-06-19,-0.0113616327828049,0.0
2020-06-22,0.0037824471618637286,0.0
2020-06-23,0.0018560363357876676,0.0
2020-06-24,-0.03373693268444865,0.0
2020-06-25,0.012620114880728641,0.0
2020-06-26,-0.021334120304998427,0.0
2020-06-29,0.020193843286890535,0.0
2020-06-30,0.014500061757133378,0.0
2020-07-01,-0.0021126051563343795,0.7630402985911693
2020-07-02,0.0048867630599746395,0.0
2020-07-06,0.005539611052312635,0.0
2020-07-07,-0.015206745272859208,0.0
2020-07-08,0.0047661213260635805,0.0
2020-07-09,-0.015528078937664107,0.0
2020-07-10,0.013868913943446547,0.0
2020-07-13,-0.0032816310318955592,0.0
2020-07-14,0.015140120878643647,0.0
2020-07-15,0.020358109069052707,0.0
2020-07-16,-0.0011102245304168332,0.0
2020-07-17,0.008488678530944068,0.0
2020-07-20,-0.006311420674532927,0.0
2020-07-21,0.009757047182178074,0.0
2020-07-22,0.009790311355738598,0.0
2020-07-23,-0.003181902023542094,0.0
2020-07-24,-0.00481221637446957,0.0
2020-07-27,0.00014031831697374782,0.0
2020-07-28,-0.004019345845811302,0.0
2020-07-29,0.016803486307508338,0.0
2020-07-30,-0.008312656363509531,0.0
2020-07-31,-0.002509671164032996,0.0
2020-08-03,-0.0032372543400958076,1.417980899123692
2020-08-04,0.007227407681193365,0.0
2020-08-05,0.009667225261575759,0.0
2020-08-06,-0.00026545004474203123,0.0
2020-08-07,0.010241989070190693,0.0
2020-08-10,0.01683335207132893,0.0
2020-08-11,0.0021483506919425036,0.0
2020-08-12,0.004860551304740111,0.0
2020-08-13,-0.006323570635559783,0.0
2020-08-14,0.0027700752182186553,0.0
2020-08-17,-0.0029109377311070444,0.0
2020-08-18,-0.005113970243964011,0.0
2020-08-19,-0.005217217705615503,0.0
2020-08-20,-0.006363069453513192,0.0
2020-08-21,-0.0029698940642208477,0.0
2020-08-24,0.020174383757824252,0.0
2020-08-25,-0.0022576834861380525,0.0
2020-08-26,-0.0032146933198576996,0.0
2020-08-27,0.0053485071516666954,0.0
2020-08-28,0.011197062841272771,0.0
2020-08-31,-0.01099377641719397,0.0
2020-09-01,0.004923004837180223,1.1008140528690773
2020-09-02,0.018882894343588776,0.0
2020-09-03,-0.022681752088729603,0.0
2020-09-04,-0.0025089431002409453,0.0
2020-09-08,-0.020599545576864393,0.0
2020-09-09,0.014335448643418451,0.0
2020-09-10,-0.013146818867913752,0.0
2020-09-11,0.006162763455236872,0.0
2020-09-14,0.014159232607525503,0.0
2020-09-15,-0.00021190108400595791,0.0
2020-09-16,0.007336775250238809,0.0
2020-09-17,-0.0024525159685142833,0.0
2020-09-18,-0.01037618871489502,0.0
2020-09-21,-0.0237799889991267,0.006383389304697452
2020-09-22,0.003924449567217936,0.006881556956534355
2020-09-23,-0.020808142523851818,0.0
2020-09-24,0.0023773194912490637,0.0
2020-09-25,0.010608580099990191,0.0
2020-09-28,0.018707317491932433,0.0
2020-09-29,-0.006195983509865285,0.0
2020-09-30,0.00723928905857462,0.0
2020-10-01,-0.0011733417770826149,0.9715427715644374
2020-10-02,0.001141781688448055,0.0
2020-10-05,0.015832453402986592,0.0
2020-10-06,-0.013720808078218117,0.0
2020-10-07,0.017054207810221336,0.0
2020-10-08,0.012907897796357037,0.0035147789705170527
2020-10-09,0.005360560516818323,0.0
2020-10-12,0.0069481331729648625,0.0
2020-10-13,-0.008932195926935371,0.0
2020-10-14,-0.0012071708765471402,0.0
2020-10-15,0.001420744264631543,0.0
2020-10-16,-0.0014620080547028227,0.0
2020-10-19,-0.013366781824611899,0.0
2020-10-20,0.005431749699530828,0.0
2020-10-21,-0.0037729606622671765,0.0
2020-10-22,0.007781292454676299,0.0
2020-10-23,0.003058766228790121,0.0
2020-10-26,-0.022118902678529763,0.0
2020-10-27,-0.011290301583221356,0.0
2020-10-28,-0.033797232711795015,0.0
2020-10-29,0.007230363479106468,0.0
2020-10-30,-0.0030921576231825007,0.0
2020-11-02,0.019742461086373675,0.7958575431795798
2020-11-03,0.01763313588647561,0.0
2020-11-04,0.00865925594126573,0.0
2020-11-05,0.015665908686594572,0.0
2020-11-06,0.003099469098903393,0.0
2020-11-09,0.015430461509142084,0.0
2020-11-10,0.003794166078606267,0.0
2020-11-11,0.005435192476530285,0.0
2020-11-12,-0.01277677142718174,0.0
2020-11-13,0.017792690803516177,0.0
2020-11-16,0.013453614879258592,0.0
2020-11-17,-0.004330633637127116,0.0
2020-11-18,-0.00922351060043641,0.0
2020-11-19,0.004093479341112201,0.0
2020-11-20,-0.006851098703575409,0.0
2020-11-23,0.008065811152843756,0.0
2020-11-24,0.015931669609440865,0.0
2020-11-25,-0.0045950578079900824,0.0
2020-11-27,0.002777019781853232,0.0
2020-11-30,-0.0016320418935907852,0.0
2020-12-01,0.005963838750732586,1.0982366123957232
2020-12-02,-0.0016407488848819414,0.0
2020-12-03,0.002349741989846877,0.0
2020-12-04,0.010218864771291511,0.0
2020-12-07,-0.0036467845730237952,0.0
2020-12-08,0.0012358291028576034,0.0
2020-12-09,-0.0002550528336958226,0.0
2020-12-10,-0.002971388194545525,0.0
2020-12-11,-0.0019122879311891413,0.0
2020-12-14,-0.00856015230736333,0.0
2020-12-15,0.015064100898782328,0.0
2020-12-16,-0.0009111951366580145,0.0
2020-12-17,0.008252302532749542,0.0
2020-12-18,-0.0007445653941474643,0.0
2020-12-21,-0.0060677987835556,0.0
2021-01-08,0.0032755022941033385,0.7729799874406591
2021-01-11,-0.004500459182926447,0.0
2021-01-12,0.00779493739327493,0.0
2021-01-13,-0.0013415733260915314,0.0
2021-01-14,0.001368425376378458,0.0
2021-01-15,-0.006595694459355043,0.0
2021-01-19,0.0009152720132489489,0.0
2021-01-20,0.0067670235162284615,0.0
2021-01-21,-0.007123876403858148,0.0
2021-01-22,-0.0044497849378447585,0.0
2021-01-25,-0.0015794230013455334,0.0
2021-01-26,-0.004619719736026678,0.0
2021-01-27,-0.0251581977340889,0.0
2021-01-28,0.0134945385731685,0.0
2021-01-29,-0.01916376172431389,0.0
2021-02-01,0.010489361964892918,0.5890474631255924
2021-02-02,0.01915833216884672,0.0
2021-02-03,0.01035254574116383,0.0
2021-02-04,0.01951325872553429,0.0
2021-02-05,0.004310584623511998,0.0
2021-02-08,0.013750428389169777,0.0
2021-02-09,-0.0014338627192427911,0.0
2021-02-10,0.005268442634615593,0.0
2021-02-11,-0.0005760382996220193,0.0
2021-02-12,0.005390248924795513,0.0
2021-02-16,0.009792735506768204,0.0
2021-02-17,-0.0012089805061135843,0.0
2021-02-18,-0.005944823335735204,0.0
2021-02-19,0.014231666887951206,0.0
2021-02-22,0.018251157457955414,0.0
2021-02-23,0.009218630693881544,0.0
2021-02-24,0.023071486279429572,0.0
2021-02-25,-0.02485306807065399,0.0
2021-02-26,-0.010086046455793172,0.0
2021-03-01,0.02077477549999629,0.7606837628433274
2021-03-02,-0.0031651476633371436,0.0
2021-03-03,-0.00042755129870552275,0.0
2021-03-04,-0.012332160782563367,0.0
2021-03-05,0.025549504681628598,0.0
2021-03-08,0.014612600077275903,0.0
2021-03-09,-0.00646756540655398,0.0
2021-03-10,0.01348879062541658,0.0
2021-03-11,0.001434952384952386,0.0
2021-03-12,0.00892900420385697,0.0
2021-03-15,0.00667890597911402,0.0
2021-03-16,-0.010289830644955075,0.0
2021-03-17,0.0046082888476342305,0.0
2021-03-18,-0.006164320651088931,0.0
2021-03-19,-0.005680442827522374,0.0
2021-03-22,-0.0022394609864066074,0.0
2021-03-23,-0.01674755218596713,0.00708130586132273
2021-03-24,0.0015327321670826368,0.0
2021-03-25,0.017149177109136063,0.0
2021-03-26,0.01890006501275223,0.0
2021-03-29,-0.005900828998368407,0.0
2021-03-30,0.0029312090977387153,0.0
2021-03-31,-0.005563888031258773,0.0
2021-04-01,0.006099302698966413,1.0743300182465916
2021-04-05,0.011319539893642297,0.0
2021-04-06,0.0014575771762626176,0.0
2021-04-07,-0.002119023114222005,0.0
2021-04-08,0.002328105383766124,0.0
2021-04-09,0.006425543722850079,0.0
2021-04-12,0.0013393979577505772,0.0
2021-04-13,-0.0035643979881733374,0.0
2021-04-14,5.80572828227454e-05,0.0
2021-04-15,0.0066349446597338685,0.0
2021-04-16,0.00481015111581107,0.0
2021-04-19,-0.004142939393615287,0.0
2021-04-20,-0.008087517650305801,0.0
2021-04-21,0.012693698294121036,0.007105275842088286
2021-04-22,-0.007287646902170444,0.0
2021-04-23,0.010571928768110087,0.0
2021-04-26,0.001311036630290226,0.0
2021-04-27,0.002447527062501796,0.0
2021-04-28,-0.0006989618640059539,0.0
2021-04-29,0.009793524147944165,0.0
2021-04-30,-0.00685119776536659,0.0
2021-05-03,0.0023827751118890017,1.1620766093709218
2021-05-04,0.00205718739162623,0.0
2021-05-05,0.0003672113198472474,0.0
2021-05-06,0.008487578547674287,0.0
2021-05-07,0.007341805482083371,0.0
2021-05-10,0.0022930874267917956,0.0
2021-05-11,-0.012267323714107312,0.0
2021-05-12,-0.01945609762549359,0.0
2021-05-13,0.014708342655575411,0.0
2021-05-14,0.008306529402688457,0.0
2021-05-17,-0.0023986835455424957,0.0
2021-05-18,-0.0077828363380279455,0.0
2021-05-19,-0.0036516784286389635,0.0
2021-05-20,0.00796531722216674,0.0
2021-05-21,0.0020053203629854044,0.0
2021-05-24,0.0037147722284273338,0.0
2021-05-25,-0.006342338429848425,0.0
2021-05-26,0.0012859433077597445,0.0
2021-05-27,0.001518187171307955,0.0
2021-05-28,0.0016797283586329087,0.0
2021-06-01,-0.0012721133814823649,0.8802140918345901
2021-06-02,0.0038067253171767137,0.0
2021-06-03,-9.176258659537802e-05,0.0
2021-06-04,0.006289440826250389,0.0
2021-06-07,-0.002186135318796107,0.0
2021-06-08,-5.370868888423814e-05,0.0
2021-06-09,0.00018922462378029629,0.0
2021-06-10,0.006572670302596389,0.0
2021-06-11,0.0026137263891070806,0.0
2021-06-14,0.000700815130901209,0.0
2021-06-15,-0.0005438310470262072,0.0
2021-06-16,-0.007690684359766602,0.0
2021-06-17,-0.0007158641470320409,0.0
2021-06-18,-0.016918637578865636,0.0
2021-06-21,0.01629106106718278,0.0
2021-06-22,0.0002772854846854126,0.0
2021-06-23,-0.004496045167193444,0.0
2021-06-24,0.004419103686348978,0.0
2021-06-25,0.007182889645065747,0.0
2021-06-28,-0.0014807676355156286,0.0
2021-06-29,-0.0023163167033066053,0.0
2021-06-30,-0.00048248381864663087,0.0
2021-07-01,0.006251578623183596,0.9040306772842047
2021-07-02,0.0019971695673881777,0.0
2021-07-06,-0.007612899403428319,0.0
2021-07-07,0.003186384245208656,0.0
2021-07-08,-0.009182157485824273,0.0
2021-07-09,0.013223023342452588,0.0
2021-07-12,0.0008754169560681735,0.0
2021-07-13,-0.008069579736908524,0.0
2021-07-14,0.00023386567181861033,0.0
2021-07-15,-0.0003609614812381046,0.0
2021-07-16,-0.0035513151099180384,0.0
2021-07-19,-0.01885915695158638,0.0
2021-07-20,0.015372401906862291,0.0
2021-07-21,0.0063854990915343714,0.0
2021-07-22,-0.0037583505881136183,0.0
2021-07-23,0.0072161245805484765,0.0
2021-07-26,0.0047765037784921315,0.0
2021-07-27,0.001424891394567708,0.0
2021-07-28,-0.0035626599671687584,0.0
2021-07-29,0.00554347749017817,0.0
2021-07-30,-0.003328620577695211,0.0
2021-08-02,-0.0026976300138832343,0.8475357281759168
2021-08-03,0.005975638507388017,0.0
2021-08-04,-0.008646494410163519,0.0069934423014473305
2021-08-05,0.0030869619368412045,0.0
2021-08-06,0.0026105818868394273,0.0
2021-08-09,-0.0018431416992216508,0.0
2021-08-10,0.0011270369675887163,0.0
2021-08-11,0.0054549180073505885,0.0
2021-08-12,-0.000926139538562018,0.0
2021-08-13,0.0033520405712566133,0.0
2021-08-16,0.004426715510102334,0.0
2021-08-17,-0.002100598372145083,0.0
2021-08-18,-0.010642131457922676,0.0
2021-08-19,0.0029254790118771893,0.0
2021-08-20,0.005899075317089452,0.0
2021-08-23,0.0025535107067174035,0.0
2021-08-24,-0.002174354402619396,0.0
2021-08-25,0.0022475593380089083,0.0
2021-08-26,-0.0058264917420904755,0.0
2021-08-27,0.006574592459954122,0.0
2021-08-30,0.001664325954444336,0.0
2021-08-31,0.0011247803803807596,0.0
2021-09-01,0.0006875719379875189,0.8153950492832673
2021-09-02,0.004211357428917812,0.0
2021-09-03,-0.002624288248877964,0.0
2021-09-07,-0.009219361456468952,0.0
2021-09-08,0.005385050205199843,0.0
2021-09-09,-0.005507333349878614,0.0
2021-09-10,-0.007147650721600966,0.0
2021-09-13,0.0019338642827959084,0.0
2021-09-14,-0.004499117165905255,0.0
2021-09-15,0.004935246165869816,0.0
2021-09-16,-0.0011431484503518672,0.0
2021-09-17,-0.007787093578960598,0.0
2021-09-20,-0.011416822160974095,0.0
2021-09-21,-0.0033917370342688965,0.0
2021-09-22,0.007500921962193137,0.0
2021-09-23,0.007296790997155267,0.0
2021-09-24,0.00011780394958207723,0.0
2021-09-27,-0.002488078295792217,0.0
2021-09-28,-0.013699514865755349,0.0
2021-09-29,0.006416518771013397,0.0
2021-09-30,-0.015650095006616786,0.0
2021-10-01,0.0072667753685828895,0.7694834208695099
2021-10-04,-0.006852851469711039,0.0
2021-10-05,0.005725779627528194,0.0
2021-10-06,0.005756154381165229,0.0
2021-10-07,0.0068850827175794636,0.0
2021-10-08,-0.004494910826689931,0.0
2021-10-11,-0.006002653551560202,0.0
2021-10-12,0.0008451777071384526,0.0
2021-10-13,0.004466781869380494,0.0
2021-10-14,0.015951514413832853,0.0
2021-10-15,0.0022912241130071858,0.0
2021-10-18,-0.0018969861372591951,0.0
2021-10-19,0.007444846127498894,0.0
2021-10-20,0.007306466810449969,0.0
2021-10-21,0.004209942632748195,0.0
2021-10-22,0.0028948510978153083,0.0
2021-10-25,0.0002278945855033825,0.0
2021-10-26,0.0002738538102408717,0.0
2021-10-27,-0.008627052333313451,0.0
2021-10-28,0.006010316873519482,0.0
2021-10-29,-3.0001056477998696e-05,0.0
2021-11-01,0.00202341948096163,0.7768818337899523
2021-11-02,0.0037508827876410237,0.0
2021-11-03,0.003926148503241348,0.0
2021-11-04,-0.0011719368516710555,0.0
2021-11-05,0.007471171402384645,0.0
2021-11-08,8.164473011365841e-05,0.0
2021-11-09,0.0004601271216993953,0.0
2021-11-10,-0.0024700132466175914,0.0
2021-11-11,-0.0018272414381014757,0.0
2021-11-12,0.004082102219696765,0.0
2021-11-15,0.002216676545575794,0.0
2021-11-16,0.0011999425481331234,0.0
2021-11-17,-0.0034188674897937133,0.0
2021-11-18,-0.005223560907990999,0.0
2021-11-19,-0.0020129393431548258,0.0
2021-11-22,-0.0015810652271646838,0.0
2021-11-23,0.00043870591862722546,0.0
2021-11-24,3.163089136185991e-05,0.0
2021-11-26,-0.020158368887963754,0.0
2021-11-29,0.006203274250051466,0.0
2021-11-30,-0.026198999452031926,0.0
2021-12-01,-0.012676547702245466,0.9176159099475404
2021-12-02,0.0209637290702427,0.0
2021-12-03,-0.001062188457940628,0.0
2021-12-06,0.017567799724727766,0.0
2021-12-07,0.013351780726529951,0.0
2021-12-08,0.0035486692950348403,0.0
2021-12-09,-0.004377432494905407,0.0
2021-12-10,0.005304810913180162,0.0
2021-12-13,-0.0029083424794245027,0.0
2021-12-14,-0.005742708577307162,0.0
2021-12-15,0.0104632377207734,0.006821825111065556
2021-12-16,-0.0012626076485563996,0.0
2021-12-17,-0.010356006196066851,0.0
2021-12-20,-0.011464987783547714,0.0
2022-01-11,0.005161694057774779,0.913179517028856
2022-01-12,0.0016195346924677769,0.0
2022-01-13,-0.006282073375875464,0.0
2022-01-14,-0.004570530621887795,0.0
2022-01-18,-0.017635365737043926,0.0
2022-01-19,-0.009911791330880567,0.0
2022-01-20,-0.011831817104270927,0.0
2022-01-21,-0.014200903578493393,0.0
2022-01-24,0.008022173349717799,0.0
2022-01-25,-0.014834370871972506,0.0
2022-01-26,-0.00612480765862913,0.0
2022-01-27,-0.010151731457129987,0.0
2022-01-28,0.016348616715636623,0.0
2022-01-31,0.01895935699819868,0.0
2022-02-01,0.007173845834007819,0.931755014353484
2022-02-02,0.0012227617878717697,0.0
2022-02-03,-0.021010056728804072,0.007587571997338192
2022-02-04,0.0017998483419559526,0.0
2022-02-07,0.002130629274525825,0.0
2022-02-08,0.01629911406656508,0.0
2022-02-09,0.02585678183044693,0.0
2022-02-10,-0.014560003970453123,0.0
2022-02-11,-0.023686257549617673,0.0
2022-02-14,-0.00449904160552455,0.0
2022-02-15,0.027882081609136366,0.0
2022-02-16,0.0023085943623397664,0.007481644741097539
2022-02-17,-0.026284954692260668,0.0
2022-02-18,-0.008540756480751241,0.0
2022-02-22,-0.012351451840531203,0.0
2022-02-23,-0.020854129860528717,0.0
2022-02-24,0.021894166402392876,0.0
2022-02-25,0.027333185959460295,0.0
2022-02-28,-0.004344903441570052,0.0
2022-03-01,-0.026359033942926713,0.992091887126227
2022-03-02,0.02506286440085119,0.0
2022-03-03,-0.00895990325264739,0.0
2022-03-04,-0.017586483908079438,0.0
2022-03-07,-0.03955956163369975,0.0
2022-03-08,0.0019854239979155606,0.0
2022-03-09,0.028310853763371516,0.0
2022-03-10,-0.005962065026071786,0.0
2022-03-11,-0.013111997532538215,0.0
2022-03-14,-0.008193758960681075,0.0
2022-03-15,0.020479052252038957,0.0
2022-03-16,0.02767751441619847,0.0
2022-03-17,0.011827370136599593,0.0
2022-03-18,0.011812967249819176,0.0
2022-03-21,-0.006463941106301792,0.0
2022-03-22,0.010618778772832235,0.0
2022-03-23,-0.017562215041505076,0.0
2022-03-24,0.013037113930460741,0.0
2022-03-25,0.004407919908481092,0.0
2022-03-28,0.0036039565841721848,0.0
2022-03-29,0.021444151257758157,0.0
2022-03-30,-0.012206408769279925,0.0
2022-03-31,-0.016167085305717702,0.0
2022-04-01,-0.00013981489664982583,0.9417899764364934
2022-04-04,0.007405336852093662,0.0
2022-04-05,-0.020481265713992336,0.014816438661871576
2022-04-06,-0.016356959036975774,0.0
2022-04-07,-0.0010834779653124212,0.0
2022-04-08,-8.828772554191945e-05,0.0
2022-04-11,-0.004201981042587251,0.0
2022-04-12,-0.004011138730323823,0.0
2022-04-13,0.015309089539694598,0.0
2022-04-14,-0.007890079377835514,0.0
2022-04-18,1.4147155337463323e-05,0.0
2022-04-19,0.025230871382408107,0.0
2022-04-20,0.001058116400052718,0.0
2022-04-21,-0.015647157648850697,0.0
2022-04-22,-0.024423756920768425,0.0
2022-04-25,0.008359086151628928,0.0
2022-04-26,-0.029905656625960474,0.0
2022-04-27,0.0008457470447043968,0.0
2022-04-28,0.02238009468687948,0.0
2022-04-29,-0.029648566162494446,0.0
2022-05-02,0.011080290873337173,0.9147555791426896
2022-05-03,0.00810794069736348,0.0
2022-05-04,0.031130585828240565,0.0
2022-05-05,-0.040757787701144264,0.0
2022-05-06,-0.023290364081729832,0.0
2022-05-09,-0.037936091683521744,0.0
2022-05-10,0.0008393262526613097,0.0
2022-05-11,-0.025276353623069188,0.0
2022-05-12,0.007794710156515149,0.0
2022-05-13,0.034691001672217066,0.0
2022-05-16,-0.01270671057132942,0.0
2022-05-17,0.03370295813885672,0.0
2022-05-18,-0.04223036364176357,0.0
2022-05-19,-0.000702740106565771,0.0
2022-05-20,0.000860354943823477,0.0
2022-05-23,0.01253015521667354,0.0
2022-05-24,-0.02118193192572121,0.0
2022-05-25,0.020339638825444574,0.0
2022-05-26,0.03270086777816818,0.0
2022-05-27,0.028262613224323274,0.0
2022-05-31,-0.00670775502310199,0.0
2022-06-01,-0.01567124809678977,1.1048617520110602
2022-06-02,0.025269225692176343,0.0
2022-06-03,-0.016952302876843874,0.0
2022-06-06,0.004549133955718111,0.0
2022-06-07,0.006924480653528544,0.0
2022-06-08,-0.013118509115159945,0.0
2022-06-09,-0.024674634720137256,0.0
2022-06-10,-0.03126770332007578,0.015211527527474605
2022-06-13,-0.046309572801343735,0.0
2022-06-14,-0.00597140107958967,0.0
2022-06-15,0.015726808286031325,0.0
2022-06-16,-0.040539927362469426,0.0
2022-06-17,0.010706643531510521,0.0
2022-06-21,0.01058715503138752,0.0
2022-06-22,-0.0009614334551100434,0.0
2022-06-23,0.010098288214074512,0.0
2022-06-24,0.038594110531627354,0.0
2022-06-27,-0.005718485250591767,0.0
2022-06-28,-0.019771633703595082,0.0
2022-06-29,-0.006581175188766775,0.014333620504642444
2022-06-30,-0.01111929360403233,0.0
2022-07-01,0.014435661862930438,0.9886378903896217
2022-07-05,0.005772707773730709,0.0
2022-07-06,-0.008939653592085345,0.0
2022-07-07,0.026220687377422648,0.0
2022-07-08,-0.005976663037071033,0.0
2022-07-11,-0.019943109734437248,0.0
2022-07-12,0.004911906687165913,0.0
2022-07-13,-0.00429259831884125,0.0
2022-07-14,-0.009224442703987206,0.0
2022-07-15,0.02610331212363872,0.0
2022-07-18,0.0038836556655832276,0.0
2022-07-19,0.039821104648989025,0.0
2022-07-20,0.017118436460129605,0.0
2022-07-21,0.004935045398435275,0.0
2022-07-22,-0.013320713777117858,0.0
2022-07-25,0.0007761047114976602,0.0
2022-07-26,-0.016799062102048377,0.0
2022-07-27,0.029295717653848995,0.0
2022-07-28,0.014035729924166143,0.0
2022-07-29,0.009068045019047039,0.0
2022-08-01,-0.0015018551446355222,0.9940358167178197
2022-08-02,-0.0060799469534066775,0.0
2022-08-03,0.013539619789521196,0.0
2022-08-04,-0.005938276655912142,0.0
2022-08-05,0.0003878094433705174,0.0
2022-08-08,0.007179352633501062,0.0
2022-08-09,-0.011154090694471507,0.0
2022-08-10,0.023826318882864024,0.0
2022-08-11,0.006032056337691168,0.0
2022-08-12,0.013895574018600365,0.0
2022-08-15,0.001644742614548901,0.0
2022-08-16,0.006627917226015027,0.0
2022-08-17,-0.014738258154090265,0.0
2022-08-18,0.0026395688519546927,0.0
2022-08-19,-0.015314601178940313,0.0
2022-08-22,-0.02463748436313467,0.0
2022-08-23,0.0009251436722076374,0.0
2022-08-24,0.006118362605238814,0.0
2022-08-25,0.01601771741735324,0.0
2022-08-26,-0.03430747157132235,0.0
2022-08-29,-0.0057196394506227165,0.0
2022-08-30,-0.009498685977341013,0.0
2022-08-31,-0.008590486316242069,0.0
2022-09-01,-0.0017497245955129248,1.1633488693746625
2022-09-02,-0.007493889593044707,0.0
2022-09-06,-0.005067750809034922,0.0
2022-09-07,0.026393196303543608,0.0
2022-09-08,0.013340521473039456,0.0
2022-09-09,0.020417271429662494,0.0
2022-09-12,0.010378205496286588,0.0
2022-09-13,-0.05085979853167451,0.0
2022-09-14,-0.0011601733405589136,0.0
2022-09-15,-0.007846252790156199,0.0
2022-09-16,-0.012678583210394934,0.0
2022-09-19,0.006338465365566792,0.0
2022-09-20,-0.018537541132660398,0.0
2022-09-21,-0.019533719809992075,0.0
2022-09-22,-0.022668689513872742,0.0
2022-09-23,-0.014981276619341642,0.0
2022-09-26,-0.01375877203440869,0.0
2022-09-27,-0.00036979069183921785,0.0
2022-09-28,0.025099843809990016,0.0
2022-09-29,-0.024062444295105647,0.0
2022-09-30,-0.016773551533277916,0.0
2022-10-03,0.029697725784431972,0.9598170956246511
2022-10-04,0.04289791157641165,0.0
2022-10-05,-0.006057767542434556,0.0
2022-10-06,-0.014605983839970395,0.0
2022-10-07,-0.03083422356897062,0.0
2022-10-10,-0.012623996315856364,0.0
2022-10-11,-0.007043117239003848,0.0
2022-10-12,-0.0034612414550466044,0.0
2022-10-13,0.024843415278760286,0.0
2022-10-14,-0.021477318933532184,0.0
2022-10-17,0.02509336415250457,0.0
2022-10-18,0.014870550544489151,0.0
2022-10-19,-0.01572105810263656,0.0
2022-10-20,-0.008653775342065247,0.0
2022-10-21,0.024010750345336125,0.0
2022-10-24,0.009156616479386256,0.0
2022-10-25,0.026008531347869207,0.0
2022-10-26,-0.0008106750111842116,0.0
2022-10-27,-0.0027466454540773606,0.0
2022-10-28,0.02265948484572903,0.0
2022-10-31,-0.008662047758669505,0.0
2022-11-01,-0.0016943312282718948,1.0469868016435577
2022-11-02,-0.029580539514569803,0.0
2022-11-03,-0.011338001045682609,0.0
2022-11-04,0.02364840165954155,0.0
2022-11-07,0.008300980781379814,0.0
2022-11-08,0.008762637759572344,0.0
2022-11-09,-0.021434830300432285,0.0
2022-11-10,0.07931443150407223,0.0
2022-11-11,0.028818511312525195,0.0
2022-11-14,-0.018013546158967712,0.0
2022-11-15,0.01323214544896581,0.0
2022-11-16,-0.02248752930777903,0.0
2022-11-17,-0.008766488351705671,0.0
2022-11-18,0.0033803938385742055,0.0
2022-11-21,-0.004469642050475473,0.0
2022-11-22,0.014728241042649502,0.0
2022-11-23,0.008271084491157828,0.0
2022-11-25,9.676788698470551e-05,0.0
2022-11-28,-0.01956457479132323,0.0
2022-11-29,0.005803827570450839,0.0
2022-11-30,0.03339088914571196,0.0
2022-12-01,0.00070639014681384,1.2168255351803665
2022-12-02,-0.0028330394744850254,0.0
2022-12-05,-0.026358535306433773,0.0
2022-12-06,-0.013694540120182652,0.0
2022-12-07,-0.003570738783033956,0.0
2022-12-08,0.005261342823031417,0.0
2022-12-09,-0.005536836395105264,0.0
2022-12-12,0.01532609774918279,0.0
2022-12-13,0.0086499465658347,0.0
2022-12-14,-0.010301664955420991,0.0
2022-12-15,-0.024986137869007018,0.0
2022-12-16,-0.014690161082116553,0.0
2022-12-19,-0.01156406008755631,0.0
2022-12-20,0.001259502403073487,0.007794283571667786
2022-12-21,0.015820475998209106,0.0
2022-12-22,-0.013358868943254143,0.0
2023-01-05,-0.007691612016054061,0.8645228914027183
2023-01-06,0.027387192530893178,0.0
2023-01-09,0.006889396707909137,0.0
2023-01-10,0.010743723770238819,0.0
2023-01-11,0.017943602616877597,0.0
2023-01-12,0.007590181631295152,0.0
2023-01-13,0.001750125116962756,0.0
2023-01-17,0.001353929921325533,0.0
2023-01-18,-0.012752943345442382,0.0
2023-01-19,-0.013359475914755744,0.0
2023-01-20,0.02747680044232779,0.0
2023-01-23,0.022389814452741665,0.0
2023-01-24,-0.005654959946036815,0.0
2023-01-25,0.002928418119343474,0.0
2023-01-26,0.010584920221214971,0.0
2023-01-27,0.007089268594462944,0.0
2023-01-30,-0.01676745499232251,0.0
2023-01-31,0.022660755121001182,0.0
2023-02-01,0.019331946334430805,1.4558288013770537
2023-02-02,0.010856632510591059,0.0
2023-02-03,-0.011554829667213995,0.0
2023-02-06,-0.007301092050818506,0.0
2023-02-07,0.006805097267101777,0.0
2023-02-08,-0.012660257627838848,0.0
2023-02-09,-0.010274671567719398,0.0
2023-02-10,0.005593561557684524,0.0
2023-02-13,0.009985683623755442,0.0
2023-02-14,-0.005154460542964978,0.0
2023-02-15,0.005887831303983654,0.0
2023-02-16,-0.010670072465850129,0.0
2023-02-17,0.003640662445550253,0.0
2023-02-21,-0.02227110396500674,0.0
2023-02-22,-0.0026796022476142066,0.0
2023-02-23,0.00011705800770258503,0.0
2023-02-24,-0.009911629676842719,0.0
2023-02-27,-0.0005842873075756539,0.0
2023-02-28,-0.0031502108076634765,0.0
2023-03-01,-0.007000097597877231,1.3766438893715307
2023-03-02,0.00977027547953334,0.0
2023-03-03,0.01601115526423761,0.0
2023-03-06,-0.00855403826643702,0.0
2023-03-07,-0.018883465142833754,0.0
2023-03-08,0.004004182923470179,0.0
2023-03-09,-0.02468254736670182,0.0
2023-03-10,-0.02540247245920919,0.0
2023-03-13,-0.012507037638836125,0.0
2023-03-14,0.012174892310744003,0.0
2023-03-15,-0.013777975143071348,0.0
2023-03-16,0.015813147984882203,0.005921213282181957
2023-03-17,-0.01418167291058576,0.0
2023-03-20,0.008519278405852558,0.0
2023-03-21,0.016819276868904165,0.0007262723057637729
2023-03-22,-0.024276876770976046,0.0
2023-03-23,0.001462896958390248,0.0
2023-03-24,0.005549916816352109,0.0
2023-03-27,0.00400788102308393,0.0
2023-03-28,-0.00015390225232063087,0.0
2023-03-29,0.02008634251789081,0.0
2023-03-30,0.006437144113517995,0.0
2023-03-31,0.01757704156004838,0.0
2023-04-03,-0.001992982886500183,1.2348008690352863
2023-04-04,-0.018055235346950332,0.0
2023-04-05,-0.007871184696966706,0.0
2023-04-06,0.0029136684986054936,0.0
2023-04-10,0.009711709108003218,0.0
2023-04-11,0.012891009396440344,0.0
2023-04-12,-0.010681950284957413,0.0
2023-04-13,0.009072888820931596,0.0
2023-04-14,-0.0039019333995228504,0.0
2023-04-17,0.012743101837085177,0.0
2023-04-18,-0.0006293198933821173,0.0
2023-04-19,0.00554278404565033,0.0
2023-04-20,-0.012961088347143126,0.0
2023-04-21,-0.004026593704266999,0.0
2023-04-24,0.0009959609705237089,0.0
2023-04-25,-0.02635426016571954,0.0
2023-04-26,-0.009790536525216923,0.0
2023-04-27,0.017953641328530105,0.0
2023-04-28,0.018312776155060516,0.0
2023-05-01,-0.007444573557188527,1.079205872042746
2023-05-02,-0.021633287757143963,0.0
2023-05-03,-0.007831327692537887,0.0
2023-05-04,-0.01555595012587753,0.0
2023-05-05,0.023259603466773797,0.0
2023-05-08,-0.0024283810289893715,0.0
2023-05-09,-0.004944703274195938,0.0
2023-05-10,-0.0018764475339606587,0.0
2023-05-11,-0.007256015364169086,0.0
2023-05-12,-0.0020585612324650715,0.0
2023-05-15,0.01713525831969369,0.0
2023-05-16,-0.016795484154399857,0.0
2023-05-17,0.024459395714174832,0.0
2023-05-18,0.013202953742403004,0.0
2023-05-19,-0.004796972204162617,0.0
2023-05-22,0.008756623556138782,0.0
2023-05-23,-0.00870613790404996,0.0
2023-05-24,-0.015011021289159564,0.0
2023-05-25,0.00462491474729539,0.0
2023-05-26,0.0176048732574715,0.0
2023-05-30,0.000731191757584051,0.0
2023-05-31,-0.016170615060770936,0.0
2023-06-01,0.011120200362475519,1.3535527613488063
2023-06-02,0.03209180189157153,0.0
2023-06-05,-0.006452547995918037,0.0
2023-06-06,0.01396380770341469,0.0
2023-06-07,0.017758063014711552,0.0
2023-06-08,-0.005673469088667504,0.008291345886817719
2023-06-09,-0.0049665110826876795,0.0
2023-06-12,0.0043620499246518965,0.0
2023-06-13,0.012854040936870263,0.0
2023-06-14,-0.006532934063502494,0.0
2023-06-15,0.014308007224195805,0.0
2023-06-16,-0.00019697196022186084,0.0
2023-06-20,-0.012661057601921117,0.0
2023-06-21,-0.0005754330626812069,0.0
2023-06-22,-0.009165343867073353,0.0
2023-06-23,-0.00937716623636719,0.0
2023-06-26,0.011764124201665959,0.0
2023-06-27,0.00977180044628203,0.0
2023-06-28,-0.0028084208662941448,0.0
2023-06-29,0.010580950953449825,0.0
2023-06-30,0.006625781874791034,0.0
2023-07-03,0.007032255974571022,1.2143894636838768
2023-07-05,-0.004805376701272094,0.0
2023-07-06,-0.00824847301685741,0.0
2023-07-07,0.00182756211200352,0.0
2023-07-10,0.004755191569420744,0.0
2023-07-11,0.012938290216357506,0.006785751821341894
2023-07-12,0.006718657388978248,0.0
2023-07-13,0.0061826276725132695,0.0
2023-07-14,-0.007691222962712075,0.0
2023-07-17,0.0003961200570010429,0.0
2023-07-18,0.0060400996457907665,0.0
2023-07-19,0.011744028313726965,0.0
2023-07-20,-0.0010491472604405468,0.0
2023-07-21,0.004389005923685839,0.0
2023-07-24,0.0035970152757588895,0.0
2023-07-25,0.0013865913738977439,0.0
2023-07-26,0.0034634547382820383,0.0
2023-07-27,-0.0075010349268728495,0.0
2023-07-28,0.006738503827481603,0.0
2023-07-31,0.0015229248373580867,0.0
2023-08-01,-0.005651757972155336,1.4365853801335022
2023-08-02,-0.013359678952326634,0.0
2023-08-03,-0.001901403016361468,0.0
2023-08-04,-0.003185404786116014,0.0
2023-08-07,0.005634387327299338,0.0
2023-08-08,-0.004178253172971738,0.0
2023-08-09,-0.0025102321806346234,0.0
2023-08-10,-0.0019981015889544065,0.0
2023-08-11,-0.0008140418594888158,0.0
2023-08-14,0.0021349022795406946,0.0
2023-08-15,-0.01352756574913917,0.0
2023-08-16,-0.009149160787821443,0.0
2023-08-17,-0.007289607867840841,0.0
2023-08-18,0.0007714512323734205,0.0
2023-08-21,-0.0001985977861617595,0.0
2023-08-22,-0.003741316850144096,0.0
2023-08-23,0.00818008028919251,0.0
2023-08-24,-0.011626166908728803,0.0
2023-08-25,0.004713344357148446,0.0
2023-08-28,0.007390811548117545,0.0
2023-08-29,0.012977016339397716,0.0
2023-08-30,0.004019973578010243,0.0
2023-08-31,-0.004885168816217302,0.0
2023-09-01,0.0005421656705124622,1.3043316388387458
2023-09-05,-0.010853908644422827,0.0
2023-09-06,-0.005626098065834084,0.0
2023-09-07,-0.010659643884678924,0.0
2023-09-08,0.002289593600474118,0.0
2023-09-11,0.0028497008278384997,0.0
2023-09-12,0.0014027962157949839,0.0
2023-09-13,-0.006495528189146845,0.0
2023-09-14,0.014388501864970052,0.0
2023-09-15,-0.0060221362949943995,0.0
2023-09-18,-0.007772855322482344,0.0
2023-09-19,-0.0023418266910705254,0.006962042502940522
2023-09-20,-0.005142551428140844,0.0
2023-09-21,-0.017319381773818757,0.0
2023-09-22,-0.007994753644433831,0.0
2023-09-25,0.0020125036047123424,0.0
2023-09-26,-0.015623933199600258,0.0
2023-09-27,-0.0005230510619414965,0.0
2023-09-28,0.00905926041708772,0.0
2023-09-29,0.0018869513145992759,0.0
2023-10-02,-0.015414354373371575,1.0662248906204332
2023-10-03,-0.015369326984064458,0.007152126525236313
2023-10-04,0.0061653423343313194,0.0
2023-10-05,-0.0050984625038546574,0.0
2023-10-06,0.007004375606783179,0.0
2023-10-09,0.0024110030850230087,0.0
2023-10-10,0.01132920080818403,0.0
2023-10-11,0.0017463061395325264,0.0
2023-10-12,-0.01619830450196773,0.0
2023-10-13,-0.006371874474334876,0.0
2023-10-16,0.014887185200896116,0.0
2023-10-17,0.006795111022412564,0.0
2023-10-18,-0.023514797923853404,0.0
2023-10-19,-0.013188177833132753,0.02008848681945112
2023-10-20,-0.014717039140107227,0.0
2023-10-23,-0.006397954364824868,0.0
2023-10-24,0.007719359964016873,0.0
2023-10-25,-0.018591499403223136,0.0
2023-10-26,-0.000323780632685748,0.0
2023-10-27,-0.012983239897163436,0.0
2023-10-30,0.004843301668558472,0.0
2023-10-31,0.008810936941971787,0.0
2023-11-01,-0.004818577690612891,0.9733716207300402
2023-11-02,0.027582784317363003,0.0
2023-11-03,0.02646557474040863,0.0
2023-11-06,-0.010055407213469383,0.0
2023-11-07,0.0010260746870673063,0.0
2023-11-08,-0.002999980703026225,0.0
2023-11-09,-0.016141819429414075,0.0
2023-11-10,0.013375868849071762,0.0
2023-11-13,-0.004546220540667553,0.0
2023-11-14,0.04350728762773886,0.0
2023-11-15,0.014890718483611131,0.0
2023-11-16,-0.009226814030049619,0.0
2023-11-17,0.0067337146855947355,0.0
2023-11-20,0.004460405083164631,0.0
2023-11-21,-0.005883380302920909,0.0
2023-11-22,0.004607604013735748,0.0
2023-11-24,0.004262905242682738,0.0
2023-11-27,-0.005610149709661291,0.0
2023-11-28,0.003414588577103987,0.0
2023-11-29,0.009568624368664425,0.0
2023-11-30,0.0032966872914993958,0.0
2023-12-01,0.02454819922814111,1.3182241467352975
2023-12-04,0.0018472394428949003,0.0
2023-12-05,-0.012391112988066761,0.0
2023-12-06,0.0036096650786928124,0.0
2023-12-07,0.003230425453771783,0.0
2023-12-08,0.0014747028103343912,0.0
2023-12-11,0.007560594617255676,0.0
2023-12-12,-0.0031581901731650304,0.0
2023-12-13,0.02796661995486924,0.0
2023-12-14,0.015805136026070882,0.0
2023-12-15,-0.01091959685177504,0.0
2023-12-18,0.00012331269379591133,0.0
2024-02-02,-0.008039927383904577,1.0553688980512432
2024-02-05,-0.010567461108862012,0.0
2024-02-06,0.006152985426297829,0.0
2024-02-07,0.0003845447290475333,0.0
2024-02-08,-0.00029397405469917115,0.0
2024-02-09,0.0012467488591692488,0.0
2024-02-12,0.007691486059860404,0.0
2024-02-13,-0.013450051528933284,0.0
2024-02-14,0.004931269637743888,0.0
2024-02-15,0.01268494947065826,0.0
2024-02-16,-0.00230828784114133,0.0
2024-02-20,-0.002881993633348465,0.0
2024-02-21,0.006757255592694076,0.0
2024-02-22,0.004659803599577787,0.0
2024-02-23,0.00314405995190989,0.0
2024-02-26,-0.00878638125224242,0.0
2024-02-27,0.004232092762963213,0.0
2024-02-28,0.0004876597963970059,0.0
2024-02-29,0.00407646160312994,0.0
2024-03-01,-0.00048787566609542754,1.303806576714388
2024-03-04,0.004758095882346373,0.0
2024-03-05,-0.0026743036885373828,0.01401190801343627
2024-03-06,0.005286158665752303,0.0
2024-03-07,0.007565747953547306,0.0
2024-03-08,0.004828405424213591,0.0
2024-03-11,0.00737157049689151,0.0
2024-03-12,-0.004224444544891882,0.0
2024-03-13,0.003134099386951055,0.0
2024-03-14,-0.013654841638682821,0.0
2024-03-15,-0.0014858041426334186,0.0
2024-03-18,0.0034464368336679574,0.0
2024-03-19,0.00446907916080308,0.0074302886013662885
2024-03-20,0.007922642111399055,0.0
2024-03-21,0.007703862910437809,0.0
2024-03-22,-0.008903768620440997,0.0
2024-03-25,-0.00023476852203094576,0.0
2024-03-26,-0.003632001937465601,0.006133387465348857
2024-03-27,0.021864044091395765,0.0
2024-03-28,0.00646608763901686,0.0
2024-04-01,-0.009148202885122303,1.3492120023082046
2024-04-02,-0.014091156130174198,0.0071428542944136225
2024-04-03,-0.0024688639310821016,0.0
2024-04-04,-0.009550116462638187,0.0
2024-04-05,0.003354872177420663,0.0
2024-04-08,0.003154485388101649,0.0
2024-04-09,0.00866944970573224,0.0
2024-04-10,-0.021519056640495852,0.0
2024-04-11,-0.0015082820387663598,0.0
2024-04-12,-0.016062259612590397,0.0
2024-04-15,-0.010684484562174964,0.0
2024-04-16,-0.00598062754195104,0.0
2024-04-17,-0.0030681073858325305,0.0
2024-04-18,-0.0014695384523031874,0.0
2024-04-19,0.0028656210195298955,0.0
2024-04-22,0.007472977088663002,0.0
2024-04-23,0.006737682159639488,0.0
2024-04-24,-0.00017538477901528227,0.0
2024-04-25,-0.004557432151122623,0.0
2024-04-26,0.0008621289078729221,0.0
2024-04-29,0.008291816250137665,0.0
2024-04-30,-0.01678131083546227,0.0
2024-05-01,-0.0029457920451547714,1.0870783839015594
2024-05-02,0.008923514041086213,0.0
2024-05-03,0.0093621536640761,0.0
2024-05-06,0.006420831941769269,0.0
2024-05-07,0.002124731539831841,0.0
2024-05-08,-0.0022418322637596244,0.0
2024-05-09,0.0090585888574084,0.0201030003905565
2024-05-10,0.004142082839513001,0.0
2024-05-13,0.0016171073617431008,0.0
2024-05-14,0.005904237533775373,0.0
2024-05-15,0.007787798496255257,0.0
2024-05-16,-0.0007205325739597045,0.0
2024-05-17,-0.0008796777216312477,0.0
2024-05-20,-0.0027320687559034386,0.0
2024-05-21,-0.003964322670298936,0.0
2024-05-22,-0.003677993601523379,0.0
2024-05-23,-0.017061252858909307,0.0
2024-05-24,0.005608774010561918,0.0
2024-05-28,-0.005710904064002034,0.0
2024-05-29,-0.01350912766085647,0.0
2024-05-30,0.0012681302727370603,0.0
2024-05-31,0.015101787536941195,0.0
2024-06-03,-0.003431878964266777,1.1130923653503404
2024-06-04,-0.0026205688781918866,0.0
2024-06-05,0.0026833289695973334,0.0
2024-06-06,0.0017432248943859844,0.0
2024-06-07,-0.0043295059367689966,0.0
2024-06-10,8.756808591186154e-05,0.0
2024-06-11,-0.0027206554702304776,0.0
2024-06-12,0.002718384866977542,0.0
2024-06-13,-0.004948441243492795,0.0
2024-06-14,-0.004933435033082639,0.0
2024-06-17,0.006137643390178915,0.0
2024-06-18,-0.0005345134807906744,0.0
2024-06-20,0.0054686262796345446,0.0
2024-06-21,0.004746410464472732,0.0
2024-06-24,0.004118633888763766,0.0
2024-06-25,-0.008322634760428584,0.0
2024-06-26,-0.001496318831100353,0.0
2024-06-27,0.0012028305372284664,0.0
2024-06-28,0.003710824975186916,0.0
2024-07-01,-0.010563758868086137,1.1356672132997656
2024-07-02,0.0027239312076593756,0.0
2024-07-03,0.0027828669531861647,0.0
2024-07-05,-0.001456752627235467,0.0
2024-07-08,0.0007449179379612026,0.0
2024-07-09,-0.0049220837682812935,0.02129934843636791
2024-07-10,0.009198602485584182,0.0
2024-07-11,0.018189491479911005,0.0
2024-07-12,0.00842694912099424,0.0
2024-07-15,-0.0055643878076977035,0.0
2024-07-16,0.022047267142168137,0.0
2024-07-17,-0.003193027724234168,0.0
2024-07-18,-0.008018035445211062,0.0
2024-07-19,-0.007851950870009146,0.0
2024-07-22,0.00898000938311814,0.0
2024-07-23,-0.0037287174790871045,0.0
2024-07-24,-0.010228799382561049,0.0
2024-07-25,0.004400250384516819,0.0
2024-07-26,0.015303765112931926,0.0
2024-07-29,0.0030291039993891765,0.0
2024-07-30,0.008237635276686514,0.0
2024-07-31,0.006652599009802391,0.0
2024-08-01,-0.011024569476539292,1.424089665508241
2024-08-02,-0.028311084683153125,0.0
2024-08-05,-0.02226310942578703,0.0
2024-08-06,0.010722307942214047,0.0
2024-08-07,-0.010690369046706774,0.0
2024-08-08,0.02957918440580303,0.0
2024-08-09,0.0014379750168182779,0.0
2024-08-12,-0.0035733222492587125,0.0
2024-08-13,0.017153778607202696,0.0
2024-08-14,-3.6532450539348574e-05,0.0
2024-08-15,0.024813747941395563,0.0
2024-08-16,0.0019951238142027323,0.0
2024-08-19,0.00956938686811778,0.0
2024-08-20,-0.005679618733744099,0.0
2024-08-21,0.011277435257794342,0.0
2024-08-22,-0.010091114372832296,0.0
2024-08-23,0.01413609342314806,0.0
2024-08-26,-0.004980449050586875,0.0
2024-08-27,0.0013674558476947964,0.0
2024-08-28,-0.00908729816658789,0.0
2024-08-29,0.001847122012662605,0.0
2024-08-30,0.008983281568920875,0.0
2024-09-03,-0.02475282331617179,1.174121603301189
2024-09-04,-0.005787364003505004,0.0
2024-09-05,-0.004927276449135965,0.0
2024-09-06,-0.013505788240811814,0.0
2024-09-09,0.008710212200864096,0.0
2024-09-10,-0.0007232169926248966,0.0
2024-09-11,0.004781004755311802,0.0
2024-09-12,0.0051454431191102455,0.0
2024-09-13,0.012510914156411316,0.0
2024-09-16,0.00757314854509305,0.0
2024-09-17,0.007258924300294775,0.0
2024-09-18,-0.0004341728999562587,0.0
2024-09-19,0.013524305020237107,0.0
2024-09-20,-0.00946962193423124,0.0
2024-09-23,0.005509651588905838,0.0
2024-09-24,0.0040977701502553955,0.0
2024-09-25,-0.010145050005143793,0.0
2024-09-26,0.01876356876947105,0.0
2024-09-27,0.008087517773807977,0.0
2024-09-30,-0.002408204936071846,0.0
2024-10-01,-0.008391478964225874,1.1805113032762615
2024-10-02,-0.0016977750819761454,0.0
2024-10-03,-0.004060823828801005,0.0
2024-10-04,0.00814457578954302,0.0
2024-10-07,-0.007889367856976073,0.0
2024-10-08,0.00014981711070145606,0.0
2024-10-09,0.008524025927973385,0.0
2024-10-10,-0.0020843942895941185,0.0
2024-10-11,0.008215290201204548,0.0
2024-10-14,0.005828342655341714,0.0
2024-10-15,-0.011197252604163158,0.0
2024-10-16,0.0034422293900229998,0.0
2024-10-17,-0.0023956131940068848,0.0
2024-10-18,0.0018111304113870748,0.0
2024-10-21,-0.010159695181091779,0.0
2024-10-22,-0.003819387929741758,0.0
2024-10-23,-0.006520872666532528,0.0
2024-10-24,0.0013272584360408991,0.0
2024-10-25,-0.0010869506806089231,0.0
2024-10-28,0.00357307976122955,0.0
2024-10-29,-0.0018222583524406854,0.0
2024-10-30,-0.0026441410882739606,0.0
2024-10-31,-0.012703626295104372,0.0
2024-11-01,0.0035366165998782506,1.081067754260841
2024-11-04,0.00511266466082854,0.0
2024-11-05,0.005189799732980595,0.0
2024-11-06,0.007650450605433934,0.0
2024-11-07,0.00251302651080367,0.0
2024-11-08,-0.003137566769468724,0.0
2024-11-11,2.5591228558509612e-05,0.0
2024-11-12,-0.012651341288226038,0.0
2024-11-13,-0.0004115105773693881,0.0
2024-11-14,-0.006234469164082166,0.0
2024-11-15,-0.014794131274795291,0.0
2024-11-18,0.005997819798179571,0.0
2024-11-19,-0.006857575742112654,0.0
2024-11-20,0.006321692878543726,0.0
2024-11-21,0.013490389175685617,0.0
2024-11-22,0.007209271486199837,0.0
2024-11-25,0.015913753356098816,0.0
2024-11-26,-0.008323332439318737,0.0
2024-11-27,0.0019786146877425193,0.006511152101548361
2024-11-29,0.004456778774975419,0.0
2024-12-02,0.0036976669826396247,0.8884665850837073
2024-12-03,-0.005362341991108535,0.0
2024-12-04,-0.0037423723064110397,0.0
2024-12-05,-0.011043717905945508,0.0
2024-12-06,-5.874883526919893e-05,0.0
2024-12-09,0.009033375792301356,0.0
2024-12-10,-0.008010690096952638,0.0
2024-12-11,-0.0014963273959315523,0.0
2024-12-12,-0.0035599912015233104,0.0
2024-12-13,-0.0015316901546992686,0.0
2024-12-16,-0.005201596523476105,0.0
2024-12-17,-0.005170868132798462,0.0
2024-12-18,-0.026999133215989832,0.0
2024-12-19,-0.0106789358160807,0.0
2024-12-20,0.014194137120311465,0.0
2024-12-23,0.00610740022993587,0.0
2025-03-25,-0.006725334686975337,1.199048010650946
2025-03-26,0.0011977794239257317,0.0
2025-03-27,-0.0018641704260701716,0.0
2025-03-28,-0.013684021536956166,0.0
2025-03-31,0.006178703189122643,0.0
2025-04-01,0.0008165607078614023,0.6824199540062696
2025-04-02,0.011575413220170958,0.0
2025-04-03,-0.06888102128975726,0.0
2025-04-04,-0.05518170291999647,0.0
2025-04-07,-0.006869365141310056,0.0
2025-04-08,-0.025136239989841925,0.0
2025-04-09,0.10211109553268777,0.0
2025-04-10,-0.049290106809788695,0.0
2025-04-11,0.018229019937525657,0.0
2025-04-14,0.011659500998282734,0.0
2025-04-15,-0.004774385580026489,0.0
2025-04-16,-0.014836509933594215,0.0
2025-04-17,0.009013712314734803,0.0
2025-04-21,-0.021702744569023616,0.0
2025-04-22,0.02614447948270763,0.0
2025-04-23,0.012793097636775802,0.0
2025-04-24,0.026617215506294565,0.0
2025-04-25,-0.0007928362622343606,0.0
2025-04-28,0.003331725112996153,0.0
2025-04-29,0.002834697118140361,0.0
2025-04-30,0.0005164015800433546,0.0
2025-05-01,0.00011261357982128573,1.0901362597277215
2025-05-02,0.021371580170794224,0.0
2025-05-05,-0.010258286665137478,0.0
2025-05-06,-0.011743948360185327,0.0
2025-05-07,0.009508623980121153,0.0
2025-05-08,0.017812154760714162,0.0
2025-05-09,0.0013494499426265514,0.0
2025-05-12,0.04800594578893035,0.0
2025-05-13,0.004246722271115526,0.0
2025-05-14,-0.00991318591296049,0.0
2025-05-15,0.0011729895599551072,0.0
2025-05-16,0.008773600571814982,0.0
2025-05-19,-0.004455170573153635,0.0
2025-05-20,-0.0035912063106551,0.0
2025-05-21,-0.028243224240919875,0.0
2025-05-22,-0.0042548035687321965,0.0
2025-05-23,-0.005930779355085314,0.0
2025-05-27,0.022601262670231975,0.0
2025-05-28,-0.010110011250894526,0.0
2025-05-29,0.005789038843226834,0.0
2025-05-30,-0.007004823954772185,0.0
2025-06-02,-0.0008561276334507761,1.163894160460297
2025-06-03,0.010796479063374106,0.0
2025-06-04,0.0006542479415404966,0.0
2025-06-05,-0.00236832403945517,0.0
2025-06-06,0.009220962507858196,0.0
2025-06-09,0.005154120345066565,0.0
2025-06-10,0.013271456293462833,0.0
2025-06-11,-0.004422078566713044,0.0
2025-06-12,0.0016700940498904958,0.0
2025-06-13,-0.011395033618508403,0.0
2025-06-16,0.0049157298577205775,0.0
2025-06-17,-0.014433776908822601,0.0
2025-06-18,-0.001513090717546291,0.0
2025-06-20,0.002963057827845368,0.0
2025-06-23,0.004510761283100972,0.0
2025-06-24,0.010936130937977049,0.0
2025-06-25,-0.008486178738678997,0.0
2025-06-26,0.005661433484208656,0.0
2025-06-27,0.0007535898023068908,0.0
2025-06-30,0.002293673717991355,0.0
2025-07-01,0.02049553632359369,1.1628641915906337
2025-07-02,-0.00024234142378632556,0.0
2025-07-03,0.0025287839308036414,0.0
2025-07-07,-0.012074703185252842,0.0
2025-07-08,0.008225349106977219,0.0
2025-07-09,0.0033181228821504436,0.0
2025-07-10,0.006123545032016422,0.0
2025-07-11,-0.009055828754012639,0.0
2025-07-14,-0.004102808746123654,0.0
2025-07-15,-0.017693028546442717,0.0
2025-07-16,0.004025993745209875,0.0
2025-07-17,0.0069022499448163415,0.0
2025-07-18,-0.003954263307343448,0.0
2025-07-21,-0.004983064374488215,0.0
2025-07-22,0.01965667548809793,0.0
2025-07-23,0.00966859074379445,0.0
2025-07-24,-0.0101904877365235,0.0
2025-07-25,0.007659513144248569,0.0
2025-07-28,-0.008589754324932634,0.0
2025-07-29,-0.002776240064063706,0.0
2025-07-30,-0.014738754841307655,0.0
2025-07-31,-0.016956735229036325,0.0
2025-08-01,-0.01354291279437747,1.0930942280697091
2025-08-04,0.006563489859729946,0.0
2025-08-05,0.0009764996381595005,0.0
2025-08-06,-0.005797510168099096,0.0
2025-08-07,0.0012086645527015145,0.0
2025-08-08,0.003247225880325639,0.0
2025-08-11,-0.0033638964567335268,0.0
2025-08-12,0.01481255534182115,0.0
2025-08-13,0.021931193219025168,0.0
2025-08-14,-0.0057285596083454775,0.0
2025-08-15,0.0052606341874080476,0.0
2025-08-18,-0.0011553460904224818,0.0
2025-08-19,0.011202262027794325,0.0
2025-08-20,-0.0027490905442907384,0.0
2025-08-21,-0.003632113598900823,0.0
2025-08-22,0.024158926186259352,0.0
2025-08-25,-0.010870243847875043,0.0
2025-08-26,-0.002638856846186282,0.0
2025-08-27,0.0037266052997803074,0.0
2025-08-28,-0.004742294821151431,0.0
2025-08-29,0.004064393234050279,0.020619950836875536
2025-09-02,-0.009897035712594593,1.3227712519413866
2025-09-03,-0.0033483442657222208,0.0
2025-09-04,0.005333666187320518,0.0
2025-09-05,0.0026310780806732613,0.0
2025-09-08,-0.0022701822342914985,0.0
2025-09-09,-0.0022692379284155245,0.0
2025-09-10,-0.0016504518643369829,0.0
2025-09-11,0.015123687387669622,0.0
2025-09-12,-0.008680472491168236,0.0
2025-09-15,-0.002111327753679279,0.0
2025-09-16,5.735967946396002e-05,0.0
2025-09-17,-0.0009812290518226312,0.0
2025-09-18,0.006242631956367161,0.0
2025-09-19,-0.0019593565878885917,0.0
2025-09-22,0.003573652746440928,0.0
2025-09-23,-0.0026753340544233644,0.0
2025-09-24,-0.0007327214772734934,0.0
2025-09-25,-0.011777366520349539,0.0
2025-09-26,0.011047661354078798,0.0
2025-09-29,0.0015118002713036714,0.0
2025-09-30,0.004066034183885312,0.0
2025-10-01,0.004762639179589412,1.16757407907697
2025-10-02,0.0055409030203806,0.0
2025-10-03,0.006976980256835987,0.0
2025-10-06,-0.001850027503451687,0.0
2025-10-07,-0.005801939747908958,0.0
2025-10-08,0.004927701527642012,0.0
2025-10-09,-0.007099553027089751,0.0
2025-10-10,-0.02706465080586639,0.0
2025-10-13,0.01226265905831898,0.0
2025-10-14,0.010797126125496263,0.0
2025-10-15,0.00018653916366012183,0.0
2025-10-16,-0.0040678883459440845,0.0
2025-10-17,0.005217561886870512,0.0
2025-10-20,0.012411491622265982,0.0
2025-10-21,0.00950555409220278,0.0
2025-10-22,-0.0055379043078654586,0.0
2025-10-23,0.005074655661151066,0.0
2025-10-24,9.745688272729695e-05,0.0
2025-10-27,0.004146877864556485,0.0
2025-10-28,-0.010035131357576336,0.0
2025-10-29,-0.023231501392346535,0.0
2025-10-30,-0.011280641267593032,0.0
2025-10-31,0.004105082261881332,0.006416619865274653
2025-11-03,-0.0053869759605155165,1.2273217031501258
2025-11-04,-0.003666503773351759,0.006969951395094392
2025-11-05,0.00428395061910547,0.0068666579213318936
2025-11-06,-0.008192167217974203,0.0
2025-11-07,0.012921132520899502,0.0
2025-11-10,-0.0007714313687364014,0.0
2025-11-11,0.010675265961109749,0.0
2025-11-12,0.00215490790680391,0.0
2025-11-13,-0.005794728567985561,0.0
2025-11-14,-0.003984043781281596,0.0
2025-11-17,-0.014853849168004864,0.0
2025-11-18,0.0017052235620971777,0.0
2025-11-19,-0.006209440961498336,0.0
2025-11-20,-0.00716564640549456,0.0
2025-11-21,0.02565769380120093,0.0
2025-11-24,-0.0033413237567342957,0.0
2025-11-25,0.01841100118455616,0.0
2025-11-26,0.0048541325709179715,0.0
2025-11-28,0.00431166808579731,0.0
2025-12-01,-0.005108393080981211,1.2103148551504255
2025-12-02,0.004391177655002413,0.0
2025-12-03,0.01325039985195162,0.0
2025-12-04,0.0012863314591005696,0.0
2025-12-05,0.0029514794015686866,0.0
2025-12-08,-0.0036261383912929534,0.0
2025-12-09,-0.0008878291511034133,0.0
2025-12-10,0.015724530236022854,0.0
2025-12-11,0.009638143585761134,0.0
2025-12-12,-0.010930107923922239,0.006612623077194007
2025-12-15,-0.0028684890539943312,0.0
2025-12-16,-0.0065599149688022424,0.0
2025-12-17,-0.006224722798122606,0.0
2025-12-18,0.0032905933178928527,0.0
2025-12-19,0.004459260368161124,0.0
2025-12-22,0.008299072074739209,0.0
2026-01-15,0.0044759356846035825,1.4653786213616202
2026-01-16,-0.00337124814860178,0.0
2026-01-20,-0.009349187769054936,0.0
2026-01-21,0.013917488170897623,0.0
2026-01-22,0.000412918279291466,0.0
2026-01-23,-0.003055744161489509,0.0
2026-01-26,0.002127246004330697,0.0
2026-01-27,0.002297079533385062,0.0
2026-01-28,-0.0048236719234827675,0.0
2026-01-29,-0.0020683122286974426,0.0
2026-01-30,0.002249081924319035,0.0
2026-02-02,-0.0038649611874157497,1.1825649683829997
2026-02-03,-0.019860711259593974,0.0
2026-02-04,0.015783658918570052,0.0
2026-02-05,-0.016080160788620353,0.0
2026-02-06,0.023678419679375902,0.0
2026-02-09,0.0027754101914754504,0.0
2026-02-10,0.007868038637155683,0.026634833344756366
2026-02-11,4.924808081895879e-05,0.0
2026-02-12,-0.020355513975170027,0.0
2026-02-13,0.014033069726364242,0.0
2026-02-17,-0.005549830924389989,0.0
2026-02-18,0.008551223453423447,0.0
2026-02-19,-0.0074356313074743895,0.0
2026-02-20,0.0009446673726708313,0.0
2026-02-23,-0.018974541699603418,0.0
2026-02-24,0.012711735311446417,0.0
2026-02-25,0.0005307705198475135,0.0
2026-02-26,0.007782093434706939,0.0
2026-02-27,0.002662011426467433,0.0
2026-03-02,-0.003825271619876003,1.0308528865504532
2026-03-03,-0.004776314067798065,0.0
2026-03-04,0.009764075121353008,0.0
2026-03-05,-0.000588015777447176,0.0
2026-03-06,-0.013458718590694856,0.0
2026-03-09,0.001563209453017848,0.0
2026-03-10,-0.014558560216295558,0.0
2026-03-11,-0.004210396015115916,0.0
2026-03-12,-0.02273214250303101,0.0
2026-03-13,0.0009556892768434306,0.0
2026-03-16,0.007810725451268784,0.0
2026-03-17,0.010516551910225339,0.0
2026-03-18,-0.012419300273779505,0.0
2026-03-19,0.0013785450445838003,0.0
2026-03-20,-0.012665874057356138,0.0
2026-03-23,0.009767321558174438,0.0
2026-03-24,-0.007997526034551818,0.0
2026-03-25,0.004332937112858877,0.0
2026-03-26,-0.009874592017581302,0.0
2026-03-27,-0.022275175573114224,0.0
2026-03-30,0.0007104416249973592,0.0
2026-03-31,0.02620182111965655,0.0
2026-04-01,-0.00015133184954385648,1.1661921673196791
2026-04-02,-0.0009743212983233766,0.0
2026-04-06,0.007461363006300972,0.0
2026-04-07,-0.005501973042565856,0.0
2026-04-08,0.036761467352208296,0.0
2026-04-09,0.0006828889599514434,0.0
2026-04-10,-0.005161816113470149,0.0
2026-04-13,0.01829608497274677,0.0
2026-04-14,0.008888151923448162,0.0
2026-04-15,-0.00028124193433302783,0.0
2026-04-16,0.005458464725582591,0.0
2026-04-17,0.01978753863736453,0.0
2026-04-20,0.002556944951234122,0.0
2026-04-21,-0.008109136411195417,0.0
2026-04-22,0.0013926712122819282,0.0
2026-04-23,-0.00610112822400097,0.0
2026-04-24,0.004674769185100666,0.0
2026-04-27,-0.005070334863624033,0.0
2026-04-28,-0.013247609195299912,0.0
2026-04-29,-0.0035890914752928246,0.0
2026-04-30,0.01791665121324761,0.0
2026-05-01,-0.002629558767686224,0.838304650457324
2026-05-04,-0.005758889300521687,0.0
2026-05-05,0.008400210879784546,0.0
2026-05-06,0.010550289781074383,0.0
2026-05-07,0.0001115435312877553,0.0
2026-05-08,-0.0014307936680688044,0.0
2026-05-11,-0.00972556332649189,0.0
2026-05-12,-0.0017367067455529342,0.0
2026-05-13,-0.011374590764396519,0.0
2026-05-14,0.002265028738819509,0.0
2026-05-15,-0.009446982593437112,0.0
2026-05-18,0.012243354711433993,0.0
2026-05-19,-0.007845176145752794,0.0
2026-05-20,0.019499638433464604,0.0
2026-05-21,0.004160782601875218,0.0
2026-05-22,0.007641109426170391,0.0
2026-05-26,0.003382936153929774,0.0
2026-05-27,0.002832323915899679,0.0
2026-05-28,0.015205281947075254,0.0
2026-05-29,0.008755776481612791,0.0
2026-06-01,0.008849517804847329,0.7936434532115678
2026-06-02,0.0009257143886828745,0.0
2026-06-03,-0.0043465247316570865,0.006970541229086967
2026-06-04,0.008023642598802576,0.0
2026-06-05,-0.019067787689002566,0.0
2026-06-08,0.0018020302323900567,0.0
2026-06-09,0.00941729245710289,0.0
2026-06-10,-0.0179770154425276,0.0
2026-06-11,0.014373022594381564,0.0
2026-06-12,0.008197253200447221,0.0
2026-06-15,0.008219474830217033,0.0
2026-06-16,-0.0018003390423824831,0.0
2026-06-17,-0.018453941626161135,0.0
2026-06-18,0.00834381460076926,0.0
2026-06-22,-0.003375522956734143,0.0
2026-06-23,-0.009832696747473826,0.0
2026-06-24,0.013305367854400143,0.0
2026-06-25,0.010969499944540275,0.0
2026-06-26,0.002384260001647741,0.0
2026-06-29,0.00313930464445297,0.0
2026-06-30,0.0016343284512654321,0.007398748398590406
