date,membership_names,remaining_membership_eligible,excluded_names,complete_feature_eligible,excluded_fraction,portfolio_window
1999-01-06,347,348,0,0,0.0,False
1999-01-07,347,348,0,0,0.0,False
1999-01-08,347,347,1,0,0.002881844380403458,False
1999-01-11,346,347,0,0,0.0,False
1999-01-12,346,347,0,0,0.0,False
1999-01-13,346,348,0,0,0.0,False
1999-01-14,347,348,0,0,0.0,False
1999-01-15,348,348,0,0,0.0,False
1999-01-19,348,348,0,0,0.0,False
1999-01-20,348,348,0,0,0.0,False
1999-01-21,348,348,0,0,0.0,False
1999-01-22,348,348,0,0,0.0,False
1999-01-25,348,348,0,0,0.0,False
1999-01-26,348,348,0,0,0.0,False
1999-01-27,348,348,0,0,0.0,False
1999-01-28,348,348,0,0,0.0,False
1999-01-29,348,348,0,0,0.0,False
1999-02-01,348,348,0,0,0.0,False
1999-02-02,348,348,0,0,0.0,False
1999-02-03,348,348,0,0,0.0,False
1999-02-04,348,348,0,0,0.0,False
1999-02-05,348,348,0,0,0.0,False
1999-02-08,348,348,0,0,0.0,False
1999-02-09,348,348,0,0,0.0,False
1999-02-10,348,348,0,0,0.0,False
1999-02-11,348,348,0,0,0.0,False
1999-02-12,348,348,0,0,0.0,False
1999-02-16,348,348,0,0,0.0,False
1999-02-17,348,348,0,0,0.0,False
1999-02-18,348,348,0,0,0.0,False
1999-02-19,348,348,0,0,0.0,False
1999-02-22,348,348,0,0,0.0,False
1999-02-23,348,348,0,0,0.0,False
1999-02-24,348,348,0,0,0.0,False
1999-02-25,348,348,0,0,0.0,False
1999-02-26,348,348,0,0,0.0,False
1999-03-01,348,348,1,0,0.0028735632183908046,False
1999-03-02,348,348,0,0,0.0,False
1999-03-03,348,348,0,0,0.0,False
1999-03-04,348,348,0,0,0.0,False
1999-03-05,348,348,0,0,0.0,False
1999-03-08,348,348,0,0,0.0,False
1999-03-09,348,347,1,0,0.0028735632183908046,False
1999-03-10,347,347,0,0,0.0,False
1999-03-11,347,347,0,0,0.0,False
1999-03-12,347,347,0,0,0.0,False
1999-03-15,347,347,0,0,0.0,False
1999-03-16,347,347,0,0,0.0,False
1999-03-17,347,347,0,0,0.0,False
1999-03-18,347,347,0,0,0.0,False
1999-03-19,347,347,0,0,0.0,False
1999-03-22,347,347,0,0,0.0,False
1999-03-23,347,347,0,0,0.0,False
1999-03-24,347,347,0,0,0.0,False
1999-03-25,347,347,1,0,0.002881844380403458,False
1999-03-26,347,347,0,0,0.0,False
1999-03-29,347,347,0,0,0.0,False
1999-03-30,347,347,0,0,0.0,False
1999-03-31,347,347,0,0,0.0,False
1999-04-01,347,347,0,0,0.0,False
1999-04-05,347,348,0,0,0.0,False
1999-04-06,348,348,0,0,0.0,False
1999-04-07,348,348,0,0,0.0,False
1999-04-08,348,348,0,0,0.0,False
1999-04-09,348,348,0,0,0.0,False
1999-04-12,348,348,0,0,0.0,False
1999-04-13,348,348,0,0,0.0,False
1999-04-14,348,348,0,0,0.0,False
1999-04-15,348,348,0,0,0.0,False
1999-04-16,348,348,0,0,0.0,False
1999-04-19,348,348,0,0,0.0,False
1999-04-20,348,348,0,0,0.0,False
1999-04-21,348,348,0,0,0.0,False
1999-04-22,348,348,0,0,0.0,False
1999-04-23,348,348,0,0,0.0,False
1999-04-26,348,348,0,0,0.0,False
1999-04-27,348,348,0,0,0.0,False
1999-04-28,348,348,0,0,0.0,False
1999-04-29,348,348,0,0,0.0,False
1999-04-30,348,348,0,0,0.0,False
1999-05-03,348,349,0,0,0.0,False
1999-05-04,349,349,0,0,0.0,False
1999-05-05,349,349,0,0,0.0,False
1999-05-06,349,349,0,0,0.0,False
1999-05-07,349,349,0,0,0.0,False
1999-05-10,349,349,0,0,0.0,False
1999-05-11,349,349,0,0,0.0,False
1999-05-12,349,349,0,0,0.0,False
1999-05-13,349,349,0,0,0.0,False
1999-05-14,349,349,0,0,0.0,False
1999-05-17,349,349,0,0,0.0,False
1999-05-18,349,349,0,0,0.0,False
1999-05-19,349,349,0,0,0.0,False
1999-05-20,349,348,1,0,0.0028653295128939827,False
1999-05-21,348,348,0,0,0.0,False
1999-05-24,348,348,0,0,0.0,False
1999-05-25,348,348,0,0,0.0,False
1999-05-26,348,348,0,0,0.0,False
1999-05-27,348,348,0,0,0.0,False
1999-05-28,348,350,0,0,0.0,False
1999-06-01,350,350,0,0,0.0,False
1999-06-02,350,350,0,0,0.0,False
1999-06-03,350,350,0,0,0.0,False
1999-06-04,350,350,1,0,0.002857142857142857,False
1999-06-07,350,350,0,0,0.0,False
1999-06-08,350,350,0,0,0.0,False
1999-06-09,350,350,0,0,0.0,False
1999-06-10,350,350,0,0,0.0,False
1999-06-11,350,350,0,0,0.0,False
1999-06-14,350,350,0,0,0.0,False
1999-06-15,350,350,0,0,0.0,False
1999-06-16,350,350,0,0,0.0,False
1999-06-17,350,350,0,0,0.0,False
1999-06-18,350,350,0,0,0.0,False
1999-06-21,350,350,0,0,0.0,False
1999-06-22,350,350,1,0,0.002857142857142857,False
1999-06-23,350,350,0,0,0.0,False
1999-06-24,350,351,0,0,0.0,False
1999-06-25,351,352,0,0,0.0,False
1999-06-28,352,352,0,0,0.0,False
1999-06-29,352,352,0,0,0.0,False
1999-06-30,352,353,0,0,0.0,False
1999-07-01,353,354,0,0,0.0,False
1999-07-02,354,354,0,0,0.0,False
1999-07-06,354,354,0,0,0.0,False
1999-07-07,354,354,0,0,0.0,False
1999-07-08,354,354,0,0,0.0,False
1999-07-09,354,354,0,0,0.0,False
1999-07-12,354,354,0,0,0.0,False
1999-07-13,354,354,0,0,0.0,False
1999-07-14,354,354,0,0,0.0,False
1999-07-15,354,354,0,0,0.0,False
1999-07-16,354,354,0,0,0.0,False
1999-07-19,354,354,0,0,0.0,False
1999-07-20,354,354,0,0,0.0,False
1999-07-21,354,354,0,0,0.0,False
1999-07-22,354,355,0,0,0.0,False
1999-07-23,355,355,0,0,0.0,False
1999-07-26,355,355,0,0,0.0,False
1999-07-27,355,355,0,0,0.0,False
1999-07-28,355,355,0,0,0.0,False
1999-07-29,355,355,0,0,0.0,False
1999-07-30,355,355,0,0,0.0,False
1999-08-02,355,356,0,0,0.0,False
1999-08-03,356,356,0,0,0.0,False
1999-08-04,356,356,0,0,0.0,False
1999-08-05,356,356,0,0,0.0,False
1999-08-06,356,356,0,0,0.0,False
1999-08-09,356,355,1,0,0.0028089887640449437,False
1999-08-10,355,355,0,0,0.0,False
1999-08-11,355,355,0,0,0.0,False
1999-08-12,355,354,1,0,0.0028169014084507044,False
1999-08-13,354,355,0,0,0.0,False
1999-08-16,355,355,0,0,0.0,False
1999-08-17,355,355,0,0,0.0,False
1999-08-18,355,355,0,0,0.0,False
1999-08-19,355,355,0,0,0.0,False
1999-08-20,355,355,0,0,0.0,False
1999-08-23,355,355,0,0,0.0,False
1999-08-24,355,355,0,0,0.0,False
1999-08-25,355,355,0,0,0.0,False
1999-08-26,355,355,0,0,0.0,False
1999-08-27,355,355,0,0,0.0,False
1999-08-30,355,355,0,0,0.0,False
1999-08-31,355,355,0,0,0.0,False
1999-09-01,355,355,0,0,0.0,False
1999-09-02,355,355,0,0,0.0,False
1999-09-03,355,355,0,0,0.0,False
1999-09-07,355,355,0,0,0.0,False
1999-09-08,355,355,0,0,0.0,False
1999-09-09,355,355,0,0,0.0,False
1999-09-10,355,355,0,0,0.0,False
1999-09-13,355,355,0,0,0.0,False
1999-09-14,355,355,0,0,0.0,False
1999-09-15,355,355,0,0,0.0,False
1999-09-16,355,355,0,0,0.0,False
1999-09-17,355,355,0,0,0.0,False
1999-09-20,355,355,0,0,0.0,False
1999-09-21,355,355,0,0,0.0,False
1999-09-22,355,355,0,0,0.0,False
1999-09-23,355,355,0,0,0.0,False
1999-09-24,355,355,0,0,0.0,False
1999-09-27,355,355,0,0,0.0,False
1999-09-28,355,355,0,0,0.0,False
1999-09-29,355,356,0,0,0.0,False
1999-09-30,356,356,0,0,0.0,False
1999-10-01,356,356,1,0,0.0028089887640449437,False
1999-10-04,356,357,0,0,0.0,False
1999-10-05,357,357,0,0,0.0,False
1999-10-06,357,357,0,0,0.0,False
1999-10-07,357,357,0,0,0.0,False
1999-10-08,357,357,0,0,0.0,False
1999-10-11,357,357,0,0,0.0,False
1999-10-12,357,358,0,0,0.0,False
1999-10-13,358,359,0,0,0.0,False
1999-10-14,359,359,0,0,0.0,False
1999-10-15,359,358,1,0,0.002785515320334262,False
1999-10-18,358,359,0,0,0.0,False
1999-10-19,359,359,0,0,0.0,False
1999-10-20,359,359,0,0,0.0,False
1999-10-21,359,359,0,0,0.0,False
1999-10-22,359,359,0,0,0.0,False
1999-10-25,359,359,0,0,0.0,False
1999-10-26,359,358,1,0,0.002785515320334262,False
1999-10-27,358,359,0,0,0.0,False
1999-10-28,359,359,0,0,0.0,False
1999-10-29,359,359,0,0,0.0,False
1999-11-01,359,359,0,0,0.0,False
1999-11-02,359,359,0,0,0.0,False
1999-11-03,359,359,0,0,0.0,False
1999-11-04,359,359,0,0,0.0,False
1999-11-05,359,360,0,0,0.0,False
1999-11-08,360,361,0,0,0.0,False
1999-11-09,361,361,0,0,0.0,False
1999-11-10,361,361,0,0,0.0,False
1999-11-11,361,361,0,0,0.0,False
1999-11-12,361,361,0,0,0.0,False
1999-11-15,361,362,0,0,0.0,False
1999-11-16,362,362,1,0,0.0027624309392265192,False
1999-11-17,362,362,0,0,0.0,False
1999-11-18,362,362,0,0,0.0,False
1999-11-19,362,362,0,0,0.0,False
1999-11-22,362,362,0,0,0.0,False
1999-11-23,362,362,0,0,0.0,False
1999-11-24,362,362,0,0,0.0,False
1999-11-26,362,362,0,0,0.0,False
1999-11-29,362,362,0,0,0.0,False
1999-11-30,362,361,1,0,0.0027624309392265192,False
1999-12-01,361,362,0,0,0.0,False
1999-12-02,362,363,0,0,0.0,False
1999-12-03,363,363,0,0,0.0,False
1999-12-06,363,363,0,0,0.0,False
1999-12-07,363,363,0,0,0.0,False
1999-12-08,363,364,0,0,0.0,False
1999-12-09,364,364,0,0,0.0,False
1999-12-10,364,364,0,0,0.0,False
1999-12-13,364,364,0,0,0.0,False
1999-12-14,364,364,0,0,0.0,False
1999-12-15,364,364,0,0,0.0,False
1999-12-16,364,364,0,0,0.0,False
1999-12-17,364,364,0,0,0.0,False
1999-12-20,364,364,0,0,0.0,False
1999-12-21,364,364,0,0,0.0,False
1999-12-22,364,364,0,0,0.0,False
1999-12-23,364,364,0,0,0.0,False
1999-12-27,364,364,0,0,0.0,False
1999-12-28,364,364,0,0,0.0,False
1999-12-29,363,363,0,0,0.0,False
1999-12-30,363,363,0,0,0.0,False
1999-12-31,363,364,0,0,0.0,False
2000-01-03,364,363,1,0,0.0027472527472527475,False
2000-01-04,363,364,0,332,0.0,False
2000-01-05,364,364,0,332,0.0,False
2000-01-06,364,365,0,332,0.0,False
2000-01-07,365,365,0,332,0.0,False
2000-01-10,365,365,0,332,0.0,False
2000-01-11,365,365,0,332,0.0,False
2000-01-12,365,365,0,333,0.0,False
2000-01-13,365,365,0,333,0.0,False
2000-01-14,365,365,0,333,0.0,False
2000-01-18,365,365,0,333,0.0,False
2000-01-19,365,365,0,333,0.0,False
2000-01-20,365,365,0,333,0.0,False
2000-01-21,365,365,0,333,0.0,False
2000-01-24,365,365,0,333,0.0,False
2000-01-25,365,365,0,333,0.0,False
2000-01-26,365,365,0,333,0.0,False
2000-01-27,365,365,0,333,0.0,False
2000-01-28,365,365,0,333,0.0,False
2000-01-31,365,365,2,331,0.005479452054794521,False
2000-02-01,365,365,0,331,0.0,False
2000-02-02,365,365,0,331,0.0,False
2000-02-03,365,365,0,331,0.0,False
2000-02-04,365,365,0,331,0.0,False
2000-02-07,365,365,0,331,0.0,False
2000-02-08,365,365,0,331,0.0,False
2000-02-09,365,365,0,331,0.0,False
2000-02-10,365,365,0,331,0.0,False
2000-02-11,365,365,0,331,0.0,False
2000-02-14,365,365,0,331,0.0,False
2000-02-15,365,365,0,331,0.0,False
2000-02-16,365,365,0,331,0.0,False
2000-02-17,365,365,0,331,0.0,False
2000-02-18,365,365,0,331,0.0,False
2000-02-22,365,365,0,331,0.0,False
2000-02-23,365,365,0,331,0.0,False
2000-02-24,365,365,0,331,0.0,False
2000-02-25,365,365,0,331,0.0,False
2000-02-28,365,365,0,332,0.0,False
2000-02-29,365,365,0,332,0.0,False
2000-03-01,365,365,0,332,0.0,False
2000-03-02,365,365,0,332,0.0,False
2000-03-03,365,365,0,332,0.0,False
2000-03-06,365,365,0,332,0.0,False
2000-03-07,365,365,0,332,0.0,False
2000-03-08,365,365,0,332,0.0,False
2000-03-09,365,365,0,332,0.0,False
2000-03-10,365,365,0,332,0.0,False
2000-03-13,365,365,0,332,0.0,False
2000-03-14,365,365,0,332,0.0,False
2000-03-15,365,365,0,332,0.0,False
2000-03-16,365,364,1,331,0.0027397260273972603,False
2000-03-17,364,364,0,331,0.0,False
2000-03-20,364,364,0,331,0.0,False
2000-03-21,364,364,0,331,0.0,False
2000-03-22,364,364,0,331,0.0,False
2000-03-23,364,364,0,332,0.0,False
2000-03-24,364,364,0,332,0.0,False
2000-03-27,364,364,0,332,0.0,False
2000-03-28,364,364,0,332,0.0,False
2000-03-29,364,364,0,332,0.0,False
2000-03-30,364,363,1,331,0.0027472527472527475,False
2000-03-31,363,363,0,332,0.0,False
2000-04-03,363,364,0,332,0.0,False
2000-04-04,364,364,0,332,0.0,False
2000-04-05,364,364,0,332,0.0,False
2000-04-06,364,364,0,332,0.0,False
2000-04-07,364,364,0,332,0.0,False
2000-04-10,364,364,0,332,0.0,False
2000-04-11,364,364,0,332,0.0,False
2000-04-12,364,364,0,332,0.0,False
2000-04-13,364,364,0,332,0.0,False
2000-04-14,364,364,0,332,0.0,False
2000-04-17,364,364,0,332,0.0,False
2000-04-18,364,364,0,332,0.0,False
2000-04-19,364,364,0,332,0.0,False
2000-04-20,364,364,0,332,0.0,False
2000-04-24,364,364,0,332,0.0,False
2000-04-25,364,364,0,332,0.0,False
2000-04-26,364,364,0,332,0.0,False
2000-04-27,364,364,0,332,0.0,False
2000-04-28,364,364,0,332,0.0,False
2000-05-01,364,364,0,333,0.0,False
2000-05-02,364,364,0,333,0.0,False
2000-05-03,364,364,0,333,0.0,False
2000-05-04,364,364,0,333,0.0,False
2000-05-05,364,366,0,333,0.0,False
2000-05-08,366,366,0,333,0.0,False
2000-05-09,366,366,0,333,0.0,False
2000-05-10,366,366,1,332,0.00273224043715847,False
2000-05-11,366,366,0,332,0.0,False
2000-05-12,366,366,0,332,0.0,False
2000-05-15,366,366,0,332,0.0,False
2000-05-16,366,366,0,332,0.0,False
2000-05-17,366,366,0,332,0.0,False
2000-05-18,366,366,0,332,0.0,False
2000-05-19,366,366,0,332,0.0,False
2000-05-22,366,366,0,332,0.0,False
2000-05-23,366,366,0,332,0.0,False
2000-05-24,366,366,0,332,0.0,False
2000-05-25,366,366,0,332,0.0,False
2000-05-26,366,366,0,334,0.0,False
2000-05-30,366,366,0,334,0.0,False
2000-05-31,366,366,0,334,0.0,False
2000-06-01,366,367,0,334,0.0,False
2000-06-02,367,367,0,335,0.0,False
2000-06-05,367,367,1,334,0.0027247956403269754,False
2000-06-06,367,367,0,334,0.0,False
2000-06-07,367,367,0,334,0.0,False
2000-06-08,367,367,1,333,0.0027247956403269754,False
2000-06-09,367,367,0,333,0.0,False
2000-06-12,367,367,0,333,0.0,False
2000-06-13,367,368,0,333,0.0,False
2000-06-14,368,368,0,333,0.0,False
2000-06-15,368,368,0,333,0.0,False
2000-06-16,368,367,1,332,0.002717391304347826,False
2000-06-19,367,367,0,332,0.0,False
2000-06-20,367,366,1,332,0.0027247956403269754,False
2000-06-21,366,367,1,331,0.00273224043715847,False
2000-06-22,367,367,0,332,0.0,False
2000-06-23,367,367,0,333,0.0,False
2000-06-26,367,367,0,333,0.0,False
2000-06-27,367,367,0,333,0.0,False
2000-06-28,367,365,2,332,0.005449591280653951,False
2000-06-29,365,367,0,333,0.0,False
2000-06-30,367,366,1,332,0.0027247956403269754,False
2000-07-03,366,367,0,332,0.0,False
2000-07-05,367,367,0,332,0.0,False
2000-07-06,367,367,0,332,0.0,False
2000-07-07,367,367,0,332,0.0,False
2000-07-10,367,367,0,332,0.0,False
2000-07-11,366,366,0,331,0.0,False
2000-07-12,366,366,0,331,0.0,False
2000-07-13,366,367,0,331,0.0,False
2000-07-14,367,367,0,331,0.0,False
2000-07-17,367,366,1,330,0.0027247956403269754,False
2000-07-18,366,366,0,330,0.0,False
2000-07-19,366,366,0,330,0.0,False
2000-07-20,366,365,1,330,0.00273224043715847,False
2000-07-21,365,365,0,330,0.0,False
2000-07-24,365,365,0,330,0.0,False
2000-07-25,365,365,0,330,0.0,False
2000-07-26,365,365,0,330,0.0,False
2000-07-27,365,366,0,330,0.0,False
2000-07-28,366,367,0,330,0.0,False
2000-07-31,367,367,0,331,0.0,False
2000-08-01,367,367,0,331,0.0,False
2000-08-02,367,367,0,331,0.0,False
2000-08-03,367,367,0,331,0.0,False
2000-08-04,367,367,0,331,0.0,False
2000-08-07,367,367,0,331,0.0,False
2000-08-08,367,367,0,331,0.0,False
2000-08-09,367,367,0,331,0.0,False
2000-08-10,367,367,0,331,0.0,False
2000-08-11,367,367,0,332,0.0,False
2000-08-14,367,367,0,332,0.0,False
2000-08-15,367,367,0,332,0.0,False
2000-08-16,367,367,0,332,0.0,False
2000-08-17,367,367,0,332,0.0,False
2000-08-18,367,366,1,331,0.0027247956403269754,False
2000-08-21,366,367,0,331,0.0,False
2000-08-22,367,367,0,331,0.0,False
2000-08-23,367,367,0,331,0.0,False
2000-08-24,367,367,0,331,0.0,False
2000-08-25,367,367,0,331,0.0,False
2000-08-28,367,366,1,330,0.0027247956403269754,False
2000-08-29,366,366,0,330,0.0,False
2000-08-30,366,367,0,330,0.0,False
2000-08-31,367,367,0,330,0.0,False
2000-09-01,367,367,0,330,0.0,False
2000-09-05,367,367,0,330,0.0,False
2000-09-06,367,367,0,330,0.0,False
2000-09-07,367,367,0,330,0.0,False
2000-09-08,367,367,0,330,0.0,False
2000-09-11,367,367,0,330,0.0,False
2000-09-12,367,367,0,330,0.0,False
2000-09-13,367,367,0,330,0.0,False
2000-09-14,367,367,0,330,0.0,False
2000-09-15,367,367,0,330,0.0,False
2000-09-18,367,367,0,330,0.0,False
2000-09-19,367,367,0,330,0.0,False
2000-09-20,367,367,0,330,0.0,False
2000-09-21,367,367,0,330,0.0,False
2000-09-22,367,367,0,330,0.0,False
2000-09-25,367,367,0,330,0.0,False
2000-09-26,367,367,0,330,0.0,False
2000-09-27,367,367,0,331,0.0,False
2000-09-28,367,366,1,330,0.0027247956403269754,False
2000-09-29,366,366,0,331,0.0,False
2000-10-02,366,366,0,332,0.0,False
2000-10-03,366,365,1,332,0.00273224043715847,False
2000-10-04,365,365,0,332,0.0,False
2000-10-05,365,365,0,332,0.0,False
2000-10-06,365,365,0,332,0.0,False
2000-10-09,365,365,0,332,0.0,False
2000-10-10,365,365,0,333,0.0,False
2000-10-11,365,365,0,334,0.0,False
2000-10-12,365,365,0,334,0.0,False
2000-10-13,365,365,0,334,0.0,False
2000-10-16,365,365,0,335,0.0,False
2000-10-17,365,365,0,335,0.0,False
2000-10-18,365,365,1,334,0.0027397260273972603,False
2000-10-19,365,365,0,334,0.0,False
2000-10-20,365,364,1,333,0.0027397260273972603,False
2000-10-23,364,364,0,333,0.0,False
2000-10-24,364,364,0,333,0.0,False
2000-10-25,364,364,0,334,0.0,False
2000-10-26,364,364,0,334,0.0,False
2000-10-27,364,364,0,334,0.0,False
2000-10-30,364,364,0,334,0.0,False
2000-10-31,364,364,0,334,0.0,False
2000-11-01,364,364,0,334,0.0,False
2000-11-02,364,366,0,334,0.0,False
2000-11-03,366,366,0,335,0.0,False
2000-11-06,366,366,1,335,0.00273224043715847,False
2000-11-07,366,366,0,335,0.0,False
2000-11-08,366,366,0,335,0.0,False
2000-11-09,366,365,1,334,0.00273224043715847,False
2000-11-10,365,365,0,334,0.0,False
2000-11-13,365,365,0,335,0.0,False
2000-11-14,365,365,0,336,0.0,False
2000-11-15,365,365,0,336,0.0,False
2000-11-16,365,365,0,336,0.0,False
2000-11-17,365,366,0,336,0.0,False
2000-11-20,366,366,0,336,0.0,False
2000-11-21,366,366,0,336,0.0,False
2000-11-22,366,366,0,336,0.0,False
2000-11-24,366,365,1,335,0.00273224043715847,False
2000-11-27,365,365,0,335,0.0,False
2000-11-28,365,365,0,335,0.0,False
2000-11-29,365,365,0,336,0.0,False
2000-11-30,365,364,1,336,0.0027397260273972603,False
2000-12-01,364,365,0,336,0.0,False
2000-12-04,365,365,0,336,0.0,False
2000-12-05,365,366,0,336,0.0,False
2000-12-06,366,366,0,337,0.0,False
2000-12-07,366,366,0,337,0.0,False
2000-12-08,367,366,1,337,0.0027247956403269754,False
2000-12-11,365,367,2,334,0.005479452054794521,False
2000-12-12,367,367,3,331,0.008174386920980926,False
2000-12-13,367,367,0,331,0.0,False
2000-12-14,367,367,0,331,0.0,False
2000-12-15,367,367,0,331,0.0,False
2000-12-18,367,367,0,331,0.0,False
2000-12-19,366,366,0,330,0.0,False
2000-12-20,366,366,0,330,0.0,False
2000-12-21,366,366,0,330,0.0,False
2000-12-22,366,367,0,330,0.0,False
2000-12-26,367,367,0,330,0.0,False
2000-12-27,367,367,0,330,0.0,False
2000-12-28,367,367,0,330,0.0,False
2000-12-29,367,367,0,331,0.0,False
2001-01-02,367,370,0,331,0.0,False
2001-01-03,370,370,0,332,0.0,False
2001-01-04,370,370,0,332,0.0,False
2001-01-05,370,370,0,332,0.0,False
2001-01-08,370,370,0,332,0.0,False
2001-01-09,370,370,0,332,0.0,False
2001-01-10,370,370,0,332,0.0,False
2001-01-11,370,370,0,332,0.0,False
2001-01-12,370,370,0,332,0.0,False
2001-01-16,370,370,0,332,0.0,False
2001-01-17,370,370,0,332,0.0,False
2001-01-18,370,370,0,332,0.0,False
2001-01-19,370,370,0,332,0.0,False
2001-01-22,370,370,0,332,0.0,False
2001-01-23,370,370,0,332,0.0,False
2001-01-24,370,370,0,332,0.0,False
2001-01-25,370,370,0,332,0.0,False
2001-01-26,370,370,0,332,0.0,False
2001-01-29,370,370,0,332,0.0,False
2001-01-30,370,370,1,333,0.002702702702702703,False
2001-01-31,370,370,0,333,0.0,False
2001-02-01,370,370,0,333,0.0,False
2001-02-02,370,370,0,333,0.0,False
2001-02-05,370,370,0,333,0.0,False
2001-02-06,370,370,0,333,0.0,False
2001-02-07,370,371,0,333,0.0,False
2001-02-08,371,371,0,333,0.0,False
2001-02-09,371,371,0,333,0.0,False
2001-02-12,371,371,0,333,0.0,False
2001-02-13,371,371,0,333,0.0,False
2001-02-14,371,371,0,333,0.0,False
2001-02-15,371,371,0,333,0.0,False
2001-02-16,371,371,0,333,0.0,False
2001-02-20,371,371,0,333,0.0,False
2001-02-21,371,371,0,333,0.0,False
2001-02-22,371,371,0,333,0.0,False
2001-02-23,371,371,0,333,0.0,False
2001-02-26,371,371,0,333,0.0,False
2001-02-27,371,372,0,333,0.0,False
2001-02-28,372,372,0,333,0.0,False
2001-03-01,372,373,0,333,0.0,False
2001-03-02,373,373,0,333,0.0,False
2001-03-05,373,373,0,333,0.0,False
2001-03-06,373,373,0,333,0.0,False
2001-03-07,373,373,0,333,0.0,False
2001-03-08,373,373,0,333,0.0,False
2001-03-09,373,373,0,333,0.0,False
2001-03-12,373,373,0,333,0.0,False
2001-03-13,373,373,0,333,0.0,False
2001-03-14,373,373,0,333,0.0,False
2001-03-15,373,373,0,333,0.0,False
2001-03-16,373,373,0,333,0.0,False
2001-03-19,373,373,0,333,0.0,False
2001-03-20,373,373,0,333,0.0,False
2001-03-21,373,373,0,333,0.0,False
2001-03-22,373,373,0,333,0.0,False
2001-03-23,373,373,0,333,0.0,False
2001-03-26,373,373,0,333,0.0,False
2001-03-27,373,373,0,333,0.0,False
2001-03-28,373,373,0,333,0.0,False
2001-03-29,373,373,0,333,0.0,False
2001-03-30,373,373,0,333,0.0,False
2001-04-02,373,372,1,332,0.002680965147453083,False
2001-04-03,372,371,1,332,0.002688172043010753,False
2001-04-04,371,371,0,332,0.0,False
2001-04-05,371,371,0,332,0.0,False
2001-04-06,371,371,0,332,0.0,False
2001-04-09,371,371,0,332,0.0,False
2001-04-10,371,371,0,332,0.0,False
2001-04-11,371,371,0,332,0.0,False
2001-04-12,371,371,0,332,0.0,False
2001-04-16,371,371,0,332,0.0,False
2001-04-17,371,371,0,332,0.0,False
2001-04-18,371,371,0,332,0.0,False
2001-04-19,371,371,0,332,0.0,False
2001-04-20,371,371,0,332,0.0,False
2001-04-23,371,371,0,332,0.0,False
2001-04-24,371,371,0,332,0.0,False
2001-04-25,371,371,0,332,0.0,False
2001-04-26,371,371,0,332,0.0,False
2001-04-27,371,371,0,332,0.0,False
2001-04-30,371,371,0,332,0.0,False
2001-05-01,371,371,0,332,0.0,False
2001-05-02,371,371,0,332,0.0,False
2001-05-03,371,371,0,332,0.0,False
2001-05-04,371,371,0,332,0.0,False
2001-05-07,371,371,0,334,0.0,False
2001-05-08,371,371,0,334,0.0,False
2001-05-09,371,371,0,334,0.0,False
2001-05-10,371,371,0,335,0.0,False
2001-05-11,371,370,1,334,0.0026954177897574125,False
2001-05-14,370,371,0,334,0.0,False
2001-05-15,371,371,0,334,0.0,False
2001-05-16,371,371,0,334,0.0,False
2001-05-17,371,371,0,334,0.0,False
2001-05-18,371,371,0,334,0.0,False
2001-05-21,371,371,0,334,0.0,False
2001-05-22,371,371,0,334,0.0,False
2001-05-23,371,371,0,334,0.0,False
2001-05-24,371,371,0,334,0.0,False
2001-05-25,371,371,0,334,0.0,False
2001-05-29,371,371,0,334,0.0,False
2001-05-30,371,371,0,334,0.0,False
2001-05-31,371,371,0,334,0.0,False
2001-06-01,371,371,0,335,0.0,False
2001-06-04,371,372,0,335,0.0,False
2001-06-05,372,372,0,336,0.0,False
2001-06-06,372,372,0,336,0.0,False
2001-06-07,372,372,0,336,0.0,False
2001-06-08,372,372,0,337,0.0,False
2001-06-11,372,372,0,337,0.0,False
2001-06-12,372,372,0,337,0.0,False
2001-06-13,372,372,0,338,0.0,False
2001-06-14,372,372,0,338,0.0,False
2001-06-15,372,372,0,338,0.0,False
2001-06-18,372,372,0,338,0.0,False
2001-06-19,372,372,0,338,0.0,False
2001-06-20,372,372,0,338,0.0,False
2001-06-21,372,372,0,340,0.0,False
2001-06-22,372,372,0,340,0.0,False
2001-06-25,372,373,0,340,0.0,False
2001-06-26,373,373,0,340,0.0,False
2001-06-27,373,373,0,340,0.0,False
2001-06-28,373,373,0,340,0.0,False
2001-06-29,373,374,0,342,0.0,False
2001-07-02,374,374,1,341,0.00267379679144385,False
2001-07-03,374,374,0,342,0.0,False
2001-07-05,374,373,1,341,0.00267379679144385,False
2001-07-06,373,373,0,341,0.0,False
2001-07-09,373,374,0,341,0.0,False
2001-07-10,374,374,0,341,0.0,False
2001-07-11,374,374,0,341,0.0,False
2001-07-12,374,374,0,341,0.0,False
2001-07-13,374,374,0,342,0.0,False
2001-07-16,374,374,0,342,0.0,False
2001-07-17,374,374,0,342,0.0,False
2001-07-18,374,374,0,342,0.0,False
2001-07-19,374,374,0,342,0.0,False
2001-07-20,374,374,0,342,0.0,False
2001-07-23,374,374,0,342,0.0,False
2001-07-24,374,374,0,342,0.0,False
2001-07-25,374,374,0,342,0.0,False
2001-07-26,374,374,0,342,0.0,False
2001-07-27,374,374,0,343,0.0,False
2001-07-30,374,374,0,344,0.0,False
2001-07-31,374,374,0,344,0.0,False
2001-08-01,374,373,1,343,0.00267379679144385,False
2001-08-02,373,373,0,343,0.0,False
2001-08-03,373,374,0,343,0.0,False
2001-08-06,374,375,0,343,0.0,False
2001-08-07,375,375,1,342,0.0026666666666666666,False
2001-08-08,375,375,0,342,0.0,False
2001-08-09,375,375,0,342,0.0,False
2001-08-10,375,375,0,342,0.0,False
2001-08-13,375,375,0,342,0.0,False
2001-08-14,375,375,0,342,0.0,False
2001-08-15,375,375,0,342,0.0,False
2001-08-16,375,375,0,342,0.0,False
2001-08-17,375,375,0,342,0.0,False
2001-08-20,375,375,0,342,0.0,False
2001-08-21,375,375,0,343,0.0,False
2001-08-22,375,375,0,343,0.0,False
2001-08-23,375,375,0,343,0.0,False
2001-08-24,375,375,0,343,0.0,False
2001-08-27,375,375,0,343,0.0,False
2001-08-28,375,375,0,343,0.0,False
2001-08-29,375,375,0,343,0.0,False
2001-08-30,374,376,0,343,0.0,False
2001-08-31,376,376,0,343,0.0,False
2001-09-04,376,375,1,343,0.0026595744680851063,False
2001-09-05,375,375,0,343,0.0,False
2001-09-06,375,375,0,343,0.0,False
2001-09-07,375,375,0,343,0.0,False
2001-09-10,375,375,0,343,0.0,False
2001-09-17,375,375,0,343,0.0,False
2001-09-18,375,375,0,343,0.0,False
2001-09-19,375,375,0,343,0.0,False
2001-09-20,375,375,0,343,0.0,False
2001-09-21,375,376,0,343,0.0,False
2001-09-24,376,376,0,343,0.0,False
2001-09-25,376,376,0,343,0.0,False
2001-09-26,376,376,0,343,0.0,False
2001-09-27,376,376,0,343,0.0,False
2001-09-28,376,376,0,343,0.0,False
2001-10-01,376,376,0,343,0.0,False
2001-10-02,376,376,0,343,0.0,False
2001-10-03,376,376,0,343,0.0,False
2001-10-04,376,376,0,343,0.0,False
2001-10-05,376,375,1,342,0.0026595744680851063,False
2001-10-08,375,375,0,342,0.0,False
2001-10-09,375,375,0,342,0.0,False
2001-10-10,375,376,0,342,0.0,False
2001-10-11,376,376,0,342,0.0,False
2001-10-12,376,376,0,342,0.0,False
2001-10-15,376,376,0,342,0.0,False
2001-10-16,376,376,0,342,0.0,False
2001-10-17,376,376,0,342,0.0,False
2001-10-18,376,376,0,342,0.0,False
2001-10-19,376,376,0,342,0.0,False
2001-10-22,376,376,0,342,0.0,False
2001-10-23,376,376,0,342,0.0,False
2001-10-24,376,376,0,343,0.0,False
2001-10-25,376,376,0,343,0.0,False
2001-10-26,376,376,0,343,0.0,False
2001-10-29,376,376,0,343,0.0,False
2001-10-30,376,376,0,343,0.0,False
2001-10-31,376,376,0,343,0.0,False
2001-11-01,376,376,0,343,0.0,False
2001-11-02,376,376,0,343,0.0,False
2001-11-05,376,376,0,343,0.0,False
2001-11-06,376,375,1,342,0.0026595744680851063,False
2001-11-07,375,375,0,342,0.0,False
2001-11-08,375,375,0,344,0.0,False
2001-11-09,375,375,0,344,0.0,False
2001-11-12,375,375,0,344,0.0,False
2001-11-13,375,375,0,344,0.0,False
2001-11-14,375,375,0,344,0.0,False
2001-11-15,375,375,0,344,0.0,False
2001-11-16,375,375,0,344,0.0,False
2001-11-19,375,375,0,344,0.0,False
2001-11-20,375,375,0,344,0.0,False
2001-11-21,375,375,0,344,0.0,False
2001-11-23,375,375,0,344,0.0,False
2001-11-26,375,375,0,345,0.0,False
2001-11-27,375,375,0,345,0.0,False
2001-11-28,375,375,0,345,0.0,False
2001-11-29,375,375,0,345,0.0,False
2001-11-30,375,376,0,345,0.0,False
2001-12-03,376,377,0,345,0.0,False
2001-12-04,377,377,0,345,0.0,False
2001-12-05,377,377,0,345,0.0,False
2001-12-06,377,377,0,345,0.0,False
2001-12-07,377,377,0,346,0.0,False
2001-12-10,377,377,0,346,0.0,False
2001-12-11,377,377,0,347,0.0,False
2001-12-12,377,377,0,347,0.0,False
2001-12-13,377,377,0,347,0.0,False
2001-12-14,377,377,0,347,0.0,False
2001-12-17,377,378,0,351,0.0,False
2001-12-18,378,378,0,354,0.0,False
2001-12-19,378,378,0,354,0.0,False
2001-12-20,378,378,0,354,0.0,False
2001-12-21,378,378,0,354,0.0,False
2001-12-24,378,378,0,354,0.0,False
2001-12-26,377,377,0,353,0.0,False
2001-12-27,377,377,0,353,0.0,False
2001-12-28,377,377,0,353,0.0,False
2001-12-31,377,377,0,354,0.0,False
2002-01-02,377,379,0,354,0.0,False
2002-01-03,379,379,0,354,0.0,False
2002-01-04,379,379,0,354,0.0,False
2002-01-07,379,379,0,354,0.0,False
2002-01-08,379,379,0,357,0.0,False
2002-01-09,379,379,0,357,0.0,False
2002-01-10,379,379,0,357,0.0,False
2002-01-11,379,379,0,357,0.0,False
2002-01-14,379,379,0,357,0.0,False
2002-01-15,379,379,0,357,0.0,False
2002-01-16,379,378,1,356,0.002638522427440633,False
2002-01-17,378,378,0,356,0.0,False
2002-01-18,378,378,0,356,0.0,False
2002-01-22,378,378,0,356,0.0,False
2002-01-23,378,378,0,356,0.0,False
2002-01-24,378,378,0,356,0.0,False
2002-01-25,378,378,0,356,0.0,False
2002-01-28,378,378,0,356,0.0,False
2002-01-29,378,378,0,356,0.0,False
2002-01-30,378,378,0,356,0.0,False
2002-01-31,378,378,0,356,0.0,False
2002-02-01,378,379,0,356,0.0,False
2002-02-04,379,379,0,356,0.0,False
2002-02-05,379,379,0,357,0.0,False
2002-02-06,379,379,0,357,0.0,False
2002-02-07,379,379,0,357,0.0,False
2002-02-08,379,379,0,357,0.0,False
2002-02-11,379,379,0,357,0.0,False
2002-02-12,379,379,0,357,0.0,False
2002-02-13,379,379,0,358,0.0,False
2002-02-14,379,379,0,358,0.0,False
2002-02-15,379,379,0,358,0.0,False
2002-02-19,379,379,0,358,0.0,False
2002-02-20,379,379,0,358,0.0,False
2002-02-21,379,379,0,358,0.0,False
2002-02-22,379,379,0,358,0.0,False
2002-02-25,379,379,0,358,0.0,False
2002-02-26,379,379,0,358,0.0,False
2002-02-27,379,379,0,358,0.0,False
2002-02-28,379,379,0,358,0.0,False
2002-03-01,379,379,0,358,0.0,False
2002-03-04,379,379,0,358,0.0,False
2002-03-05,379,379,0,359,0.0,False
2002-03-06,379,379,0,359,0.0,False
2002-03-07,379,379,0,360,0.0,False
2002-03-08,379,379,0,360,0.0,False
2002-03-11,379,379,0,360,0.0,False
2002-03-12,379,379,0,360,0.0,False
2002-03-13,379,379,0,360,0.0,False
2002-03-14,379,379,0,360,0.0,False
2002-03-15,379,379,0,360,0.0,False
2002-03-18,379,379,0,360,0.0,False
2002-03-19,379,379,0,360,0.0,False
2002-03-20,379,379,0,360,0.0,False
2002-03-21,379,379,0,360,0.0,False
2002-03-22,379,379,0,360,0.0,False
2002-03-25,379,379,0,360,0.0,False
2002-03-26,379,379,0,360,0.0,False
2002-03-27,379,379,0,360,0.0,False
2002-03-28,379,379,0,360,0.0,False
2002-04-01,379,379,0,360,0.0,False
2002-04-02,379,379,0,360,0.0,False
2002-04-03,379,379,0,360,0.0,False
2002-04-04,379,379,0,360,0.0,False
2002-04-05,379,379,0,360,0.0,False
2002-04-08,379,379,0,360,0.0,False
2002-04-09,379,379,0,360,0.0,False
2002-04-10,379,379,0,360,0.0,False
2002-04-11,379,379,0,360,0.0,False
2002-04-12,379,379,0,360,0.0,False
2002-04-15,379,379,0,360,0.0,False
2002-04-16,379,379,0,360,0.0,False
2002-04-17,379,379,0,360,0.0,False
2002-04-18,379,379,0,360,0.0,False
2002-04-19,379,379,0,360,0.0,False
2002-04-22,379,379,0,360,0.0,False
2002-04-23,379,379,0,360,0.0,False
2002-04-24,379,379,0,360,0.0,False
2002-04-25,379,379,0,360,0.0,False
2002-04-26,379,379,0,360,0.0,False
2002-04-29,379,379,0,360,0.0,False
2002-04-30,379,379,0,360,0.0,False
2002-05-01,379,379,0,360,0.0,False
2002-05-02,379,378,1,359,0.002638522427440633,False
2002-05-03,378,378,0,359,0.0,False
2002-05-06,378,379,0,359,0.0,False
2002-05-07,379,379,0,359,0.0,False
2002-05-08,379,379,0,359,0.0,False
2002-05-09,379,379,0,359,0.0,False
2002-05-10,379,379,0,359,0.0,False
2002-05-13,379,379,1,358,0.002638522427440633,False
2002-05-14,381,379,2,358,0.005249343832020997,False
2002-05-15,379,381,0,358,0.0,False
2002-05-16,381,381,0,358,0.0,False
2002-05-17,381,381,0,358,0.0,False
2002-05-20,381,381,0,359,0.0,False
2002-05-21,381,381,0,359,0.0,False
2002-05-22,381,381,0,359,0.0,False
2002-05-23,381,381,0,359,0.0,False
2002-05-24,381,381,0,359,0.0,False
2002-05-28,381,381,0,359,0.0,False
2002-05-29,381,381,0,359,0.0,False
2002-05-30,381,381,0,359,0.0,False
2002-05-31,381,381,0,359,0.0,False
2002-06-03,381,381,0,359,0.0,False
2002-06-04,381,381,0,359,0.0,False
2002-06-05,381,381,0,359,0.0,False
2002-06-06,381,381,0,359,0.0,False
2002-06-07,381,381,0,359,0.0,False
2002-06-10,381,381,0,360,0.0,False
2002-06-11,381,381,0,360,0.0,False
2002-06-12,381,381,0,360,0.0,False
2002-06-13,381,381,0,360,0.0,False
2002-06-14,381,381,0,360,0.0,False
2002-06-17,381,381,0,360,0.0,False
2002-06-18,381,381,0,360,0.0,False
2002-06-19,381,381,0,360,0.0,False
2002-06-20,381,381,0,360,0.0,False
2002-06-21,381,381,0,360,0.0,False
2002-06-24,381,381,0,360,0.0,False
2002-06-25,381,381,0,360,0.0,False
2002-06-26,381,382,0,360,0.0,False
2002-06-27,382,382,0,360,0.0,False
2002-06-28,382,382,0,360,0.0,False
2002-07-01,382,382,0,361,0.0,False
2002-07-02,382,382,0,361,0.0,False
2002-07-03,382,382,0,361,0.0,False
2002-07-05,382,382,0,361,0.0,False
2002-07-08,382,382,0,362,0.0,False
2002-07-09,382,382,0,363,0.0,False
2002-07-10,382,382,0,363,0.0,False
2002-07-11,382,381,1,363,0.002617801047120419,False
2002-07-12,381,381,0,363,0.0,False
2002-07-15,381,381,0,364,0.0,False
2002-07-16,381,381,0,364,0.0,False
2002-07-17,381,382,0,364,0.0,False
2002-07-18,382,382,0,364,0.0,False
2002-07-19,382,379,3,361,0.007853403141361256,False
2002-07-22,379,385,0,361,0.0,False
2002-07-23,385,385,0,361,0.0,False
2002-07-24,385,385,0,361,0.0,False
2002-07-25,384,385,0,361,0.0,False
2002-07-26,385,385,0,361,0.0,False
2002-07-29,385,385,0,361,0.0,False
2002-07-30,385,385,0,361,0.0,False
2002-07-31,385,385,0,361,0.0,False
2002-08-01,385,385,0,361,0.0,False
2002-08-02,385,385,0,361,0.0,False
2002-08-05,385,385,0,361,0.0,False
2002-08-06,385,385,0,361,0.0,False
2002-08-07,385,385,0,361,0.0,False
2002-08-08,385,385,0,361,0.0,False
2002-08-09,385,385,0,362,0.0,False
2002-08-12,385,384,1,362,0.0025974025974025974,False
2002-08-13,384,384,0,363,0.0,False
2002-08-14,384,384,0,363,0.0,False
2002-08-15,384,384,0,363,0.0,False
2002-08-16,384,384,0,363,0.0,False
2002-08-19,384,384,0,363,0.0,False
2002-08-20,384,383,1,362,0.0026041666666666665,False
2002-08-21,383,383,0,362,0.0,False
2002-08-22,383,383,0,362,0.0,False
2002-08-23,383,383,0,362,0.0,False
2002-08-26,383,383,0,362,0.0,False
2002-08-27,383,383,0,362,0.0,False
2002-08-28,383,383,0,362,0.0,False
2002-08-29,383,383,0,362,0.0,False
2002-08-30,383,383,0,362,0.0,False
2002-09-03,383,383,0,362,0.0,False
2002-09-04,383,384,0,362,0.0,False
2002-09-05,384,384,0,362,0.0,False
2002-09-06,384,384,0,364,0.0,False
2002-09-09,384,384,0,364,0.0,False
2002-09-10,384,384,0,364,0.0,False
2002-09-11,384,384,0,364,0.0,False
2002-09-12,384,384,0,364,0.0,False
2002-09-13,384,384,0,364,0.0,False
2002-09-16,384,384,0,364,0.0,False
2002-09-17,384,384,0,364,0.0,False
2002-09-18,384,384,0,364,0.0,False
2002-09-19,384,384,0,364,0.0,False
2002-09-20,384,384,0,364,0.0,False
2002-09-23,384,384,0,364,0.0,False
2002-09-24,384,384,0,364,0.0,False
2002-09-25,384,384,0,364,0.0,False
2002-09-26,384,384,0,364,0.0,False
2002-09-27,384,384,0,364,0.0,False
2002-09-30,384,384,0,364,0.0,False
2002-10-01,384,384,0,364,0.0,False
2002-10-02,384,384,0,364,0.0,False
2002-10-03,384,384,0,364,0.0,False
2002-10-04,384,384,0,364,0.0,False
2002-10-07,384,384,0,364,0.0,False
2002-10-08,384,384,0,364,0.0,False
2002-10-09,384,384,0,364,0.0,False
2002-10-10,384,384,0,365,0.0,False
2002-10-11,384,384,0,365,0.0,False
2002-10-14,384,384,0,365,0.0,False
2002-10-15,384,384,0,365,0.0,False
2002-10-16,384,384,0,365,0.0,False
2002-10-17,384,384,0,365,0.0,False
2002-10-18,384,384,0,365,0.0,False
2002-10-21,384,384,0,365,0.0,False
2002-10-22,384,384,0,365,0.0,False
2002-10-23,384,384,0,365,0.0,False
2002-10-24,384,384,0,365,0.0,False
2002-10-25,384,384,0,365,0.0,False
2002-10-28,384,384,0,365,0.0,False
2002-10-29,384,384,0,365,0.0,False
2002-10-30,384,384,0,365,0.0,False
2002-10-31,384,384,0,365,0.0,False
2002-11-01,384,384,0,365,0.0,False
2002-11-04,384,384,0,365,0.0,False
2002-11-05,384,384,0,365,0.0,False
2002-11-06,384,384,0,365,0.0,False
2002-11-07,384,384,0,365,0.0,False
2002-11-08,384,384,0,365,0.0,False
2002-11-11,384,384,0,365,0.0,False
2002-11-12,384,384,0,365,0.0,False
2002-11-13,384,384,0,365,0.0,False
2002-11-14,384,384,0,365,0.0,False
2002-11-15,384,384,0,365,0.0,False
2002-11-18,384,384,0,365,0.0,False
2002-11-19,384,384,0,365,0.0,False
2002-11-20,384,384,0,365,0.0,False
2002-11-21,384,384,0,365,0.0,False
2002-11-22,384,384,0,365,0.0,False
2002-11-25,384,384,0,365,0.0,False
2002-11-26,384,384,0,365,0.0,False
2002-11-27,384,384,0,365,0.0,False
2002-11-29,384,384,0,365,0.0,False
2002-12-02,384,384,0,366,0.0,False
2002-12-03,384,384,0,367,0.0,False
2002-12-04,384,384,0,367,0.0,False
2002-12-05,384,384,0,367,0.0,False
2002-12-06,384,384,0,367,0.0,False
2002-12-09,384,384,0,367,0.0,False
2002-12-10,384,384,0,367,0.0,False
2002-12-11,384,384,0,367,0.0,False
2002-12-12,384,385,0,367,0.0,False
2002-12-13,385,385,0,367,0.0,False
2002-12-16,385,385,0,367,0.0,False
2002-12-17,385,385,0,368,0.0,False
2002-12-18,385,385,0,368,0.0,False
2002-12-19,385,385,0,368,0.0,False
2002-12-20,385,385,0,368,0.0,False
2002-12-23,385,385,0,368,0.0,False
2002-12-24,385,385,0,368,0.0,False
2002-12-26,385,385,0,368,0.0,False
2002-12-27,385,385,0,368,0.0,False
2002-12-30,385,385,0,368,0.0,False
2002-12-31,385,385,0,368,0.0,False
2003-01-02,385,385,0,369,0.0,False
2003-01-03,385,385,0,369,0.0,False
2003-01-06,385,385,0,369,0.0,False
2003-01-07,385,385,0,369,0.0,False
2003-01-08,385,385,0,369,0.0,False
2003-01-09,385,385,0,369,0.0,False
2003-01-10,385,385,0,369,0.0,False
2003-01-13,385,385,0,369,0.0,False
2003-01-14,385,385,0,369,0.0,False
2003-01-15,385,385,0,369,0.0,False
2003-01-16,385,385,0,369,0.0,False
2003-01-17,385,385,0,369,0.0,False
2003-01-21,385,385,0,369,0.0,False
2003-01-22,385,385,0,369,0.0,False
2003-01-23,385,385,0,369,0.0,False
2003-01-24,385,385,0,369,0.0,False
2003-01-27,385,385,0,369,0.0,False
2003-01-28,385,385,0,369,0.0,False
2003-01-29,385,385,0,369,0.0,False
2003-01-30,385,385,0,369,0.0,False
2003-01-31,385,385,0,369,0.0,False
2003-02-03,385,385,0,370,0.0,False
2003-02-04,385,385,0,370,0.0,False
2003-02-05,385,385,0,370,0.0,False
2003-02-06,385,385,0,370,0.0,False
2003-02-07,385,385,0,370,0.0,False
2003-02-10,385,385,0,370,0.0,False
2003-02-11,385,385,0,370,0.0,False
2003-02-12,385,385,0,370,0.0,False
2003-02-13,385,385,0,370,0.0,False
2003-02-14,385,385,0,370,0.0,False
2003-02-18,385,385,0,370,0.0,False
2003-02-19,385,384,1,369,0.0025974025974025974,False
2003-02-20,384,384,0,369,0.0,False
2003-02-21,384,384,0,369,0.0,False
2003-02-24,384,385,0,369,0.0,False
2003-02-25,385,385,0,369,0.0,False
2003-02-26,385,385,0,369,0.0,False
2003-02-27,385,385,0,369,0.0,False
2003-02-28,385,385,0,369,0.0,False
2003-03-03,385,385,0,369,0.0,False
2003-03-04,385,385,0,369,0.0,False
2003-03-05,385,385,0,369,0.0,False
2003-03-06,385,385,0,369,0.0,False
2003-03-07,385,385,0,369,0.0,False
2003-03-10,386,385,1,369,0.0025906735751295338,False
2003-03-11,385,385,0,369,0.0,False
2003-03-12,385,385,0,369,0.0,False
2003-03-13,385,385,0,369,0.0,False
2003-03-14,385,386,0,369,0.0,False
2003-03-17,386,386,0,369,0.0,False
2003-03-18,386,386,0,369,0.0,False
2003-03-19,386,386,0,369,0.0,False
2003-03-20,386,386,0,369,0.0,False
2003-03-21,386,386,1,368,0.0025906735751295338,False
2003-03-24,386,386,0,368,0.0,False
2003-03-25,386,386,0,368,0.0,False
2003-03-26,386,386,0,368,0.0,False
2003-03-27,386,386,0,368,0.0,False
2003-03-28,386,386,0,368,0.0,False
2003-03-31,386,386,0,368,0.0,False
2003-04-01,386,386,0,368,0.0,False
2003-04-02,386,386,0,368,0.0,False
2003-04-03,386,386,0,368,0.0,False
2003-04-04,386,386,0,368,0.0,False
2003-04-07,386,386,0,368,0.0,False
2003-04-08,386,385,1,367,0.0025906735751295338,False
2003-04-09,385,385,0,367,0.0,False
2003-04-10,385,385,0,367,0.0,False
2003-04-11,385,385,0,367,0.0,False
2003-04-14,385,385,0,367,0.0,False
2003-04-15,385,385,0,367,0.0,False
2003-04-16,385,386,0,367,0.0,False
2003-04-17,386,386,0,367,0.0,False
2003-04-21,386,386,0,367,0.0,False
2003-04-22,386,386,0,367,0.0,False
2003-04-23,386,386,0,367,0.0,False
2003-04-24,386,386,0,367,0.0,False
2003-04-25,386,386,0,367,0.0,False
2003-04-28,386,386,0,367,0.0,False
2003-04-29,386,386,0,367,0.0,False
2003-04-30,386,386,0,367,0.0,False
2003-05-01,386,386,0,367,0.0,False
2003-05-02,386,386,0,367,0.0,False
2003-05-05,386,386,0,367,0.0,False
2003-05-06,386,386,0,368,0.0,False
2003-05-07,386,386,0,368,0.0,False
2003-05-08,386,386,0,368,0.0,False
2003-05-09,386,386,0,368,0.0,False
2003-05-12,386,386,0,368,0.0,False
2003-05-13,386,386,0,369,0.0,False
2003-05-14,386,386,0,369,0.0,False
2003-05-15,386,386,0,371,0.0,False
2003-05-16,386,386,0,371,0.0,False
2003-05-19,386,386,0,371,0.0,False
2003-05-20,386,386,0,371,0.0,False
2003-05-21,386,386,0,371,0.0,False
2003-05-22,386,386,0,371,0.0,False
2003-05-23,386,386,0,371,0.0,False
2003-05-27,386,386,0,371,0.0,False
2003-05-28,386,386,0,371,0.0,False
2003-05-29,386,386,0,371,0.0,False
2003-05-30,386,386,0,371,0.0,False
2003-06-02,386,386,0,371,0.0,False
2003-06-03,386,386,0,371,0.0,False
2003-06-04,386,386,0,371,0.0,False
2003-06-05,386,386,0,371,0.0,False
2003-06-06,386,386,0,371,0.0,False
2003-06-09,386,386,0,371,0.0,False
2003-06-10,386,386,0,371,0.0,False
2003-06-11,386,386,0,371,0.0,False
2003-06-12,386,386,0,371,0.0,False
2003-06-13,386,386,0,371,0.0,False
2003-06-16,386,386,0,371,0.0,False
2003-06-17,386,386,0,371,0.0,False
2003-06-18,386,386,0,371,0.0,False
2003-06-19,386,386,0,371,0.0,False
2003-06-20,386,386,0,371,0.0,False
2003-06-23,386,386,0,371,0.0,False
2003-06-24,386,386,0,371,0.0,False
2003-06-25,386,386,0,371,0.0,False
2003-06-26,386,386,0,372,0.0,False
2003-06-27,386,386,0,372,0.0,False
2003-06-30,386,386,0,372,0.0,False
2003-07-01,386,386,0,372,0.0,False
2003-07-02,386,386,0,372,0.0,False
2003-07-03,386,386,0,372,0.0,False
2003-07-07,386,386,0,372,0.0,False
2003-07-08,386,386,0,372,0.0,False
2003-07-09,386,386,0,372,0.0,False
2003-07-10,386,386,0,372,0.0,False
2003-07-11,386,386,0,372,0.0,False
2003-07-14,386,386,0,372,0.0,False
2003-07-15,386,386,0,372,0.0,False
2003-07-16,386,386,0,372,0.0,False
2003-07-17,386,387,0,373,0.0,False
2003-07-18,387,387,0,373,0.0,False
2003-07-21,387,387,0,373,0.0,False
2003-07-22,387,387,0,379,0.0,False
2003-07-23,387,387,0,379,0.0,False
2003-07-24,387,387,0,379,0.0,False
2003-07-25,387,387,0,380,0.0,False
2003-07-28,387,387,0,380,0.0,False
2003-07-29,387,387,0,380,0.0,False
2003-07-30,387,387,0,380,0.0,False
2003-07-31,387,387,0,380,0.0,False
2003-08-01,387,387,0,380,0.0,False
2003-08-04,387,387,0,380,0.0,False
2003-08-05,387,387,0,380,0.0,False
2003-08-06,387,387,0,380,0.0,False
2003-08-07,387,387,0,380,0.0,False
2003-08-08,387,387,0,380,0.0,False
2003-08-11,387,387,0,380,0.0,False
2003-08-12,387,387,0,380,0.0,False
2003-08-13,387,387,0,380,0.0,False
2003-08-14,387,387,0,380,0.0,False
2003-08-15,387,387,0,380,0.0,False
2003-08-18,387,387,0,380,0.0,False
2003-08-19,387,387,0,380,0.0,False
2003-08-20,387,388,0,380,0.0,False
2003-08-21,388,388,0,380,0.0,False
2003-08-22,388,388,0,380,0.0,False
2003-08-25,388,388,0,380,0.0,False
2003-08-26,388,388,0,380,0.0,False
2003-08-27,388,388,0,380,0.0,False
2003-08-28,388,388,0,380,0.0,False
2003-08-29,388,388,0,380,0.0,False
2003-09-02,388,388,0,380,0.0,False
2003-09-03,388,388,0,380,0.0,False
2003-09-04,388,388,0,381,0.0,False
2003-09-05,388,388,0,381,0.0,False
2003-09-08,388,388,0,381,0.0,False
2003-09-09,388,388,0,381,0.0,False
2003-09-10,388,388,0,381,0.0,False
2003-09-11,388,388,0,381,0.0,False
2003-09-12,388,388,0,381,0.0,False
2003-09-15,388,388,0,381,0.0,False
2003-09-16,388,388,0,381,0.0,False
2003-09-17,388,387,1,380,0.002577319587628866,False
2003-09-18,387,387,0,380,0.0,False
2003-09-19,387,387,0,380,0.0,False
2003-09-22,387,387,0,380,0.0,False
2003-09-23,387,387,0,380,0.0,False
2003-09-24,387,387,0,380,0.0,False
2003-09-25,387,387,0,380,0.0,False
2003-09-26,387,388,0,380,0.0,False
2003-09-29,388,388,0,380,0.0,False
2003-09-30,388,388,0,380,0.0,False
2003-10-01,388,388,0,380,0.0,False
2003-10-02,388,388,0,380,0.0,False
2003-10-03,388,388,0,380,0.0,False
2003-10-06,388,388,0,380,0.0,False
2003-10-07,388,388,0,380,0.0,False
2003-10-08,388,388,0,380,0.0,False
2003-10-09,388,388,0,380,0.0,False
2003-10-10,388,388,0,380,0.0,False
2003-10-13,388,388,0,380,0.0,False
2003-10-14,388,388,0,380,0.0,False
2003-10-15,388,388,0,380,0.0,False
2003-10-16,388,388,0,380,0.0,False
2003-10-17,388,388,0,380,0.0,False
2003-10-20,388,388,0,380,0.0,False
2003-10-21,388,388,0,380,0.0,False
2003-10-22,388,388,0,380,0.0,False
2003-10-23,388,388,0,380,0.0,False
2003-10-24,388,388,0,380,0.0,False
2003-10-27,388,388,0,380,0.0,False
2003-10-28,388,388,0,380,0.0,False
2003-10-29,388,388,0,380,0.0,False
2003-10-30,388,388,0,380,0.0,False
2003-10-31,388,388,0,380,0.0,False
2003-11-03,388,388,0,380,0.0,False
2003-11-04,388,388,0,380,0.0,False
2003-11-05,388,388,0,380,0.0,False
2003-11-06,388,388,0,380,0.0,False
2003-11-07,388,388,0,380,0.0,False
2003-11-10,388,388,0,380,0.0,False
2003-11-11,388,388,0,380,0.0,False
2003-11-12,388,388,0,380,0.0,False
2003-11-13,388,388,1,379,0.002577319587628866,False
2003-11-14,388,388,0,379,0.0,False
2003-11-17,388,388,0,379,0.0,False
2003-11-18,388,388,0,379,0.0,False
2003-11-19,388,388,0,379,0.0,False
2003-11-20,388,388,0,379,0.0,False
2003-11-21,388,388,0,379,0.0,False
2003-11-24,388,388,0,379,0.0,False
2003-11-25,388,388,0,379,0.0,False
2003-11-26,388,388,0,379,0.0,False
2003-11-28,388,388,0,379,0.0,False
2003-12-01,388,388,0,379,0.0,False
2003-12-02,388,388,0,379,0.0,False
2003-12-03,388,388,0,379,0.0,False
2003-12-04,388,388,0,379,0.0,False
2003-12-05,388,388,0,379,0.0,False
2003-12-08,388,388,0,379,0.0,False
2003-12-09,388,388,0,379,0.0,False
2003-12-10,388,388,0,379,0.0,False
2003-12-11,388,388,0,379,0.0,False
2003-12-12,388,388,0,380,0.0,False
2003-12-15,388,388,0,380,0.0,False
2003-12-16,388,388,0,380,0.0,False
2003-12-17,388,388,0,380,0.0,False
2003-12-18,388,388,0,380,0.0,False
2003-12-19,388,388,0,380,0.0,False
2003-12-22,388,388,0,380,0.0,False
2003-12-23,388,388,0,380,0.0,False
2003-12-24,388,388,0,380,0.0,False
2004-01-08,394,394,0,380,0.0,False
2004-01-09,394,394,0,380,0.0,False
2004-01-12,394,394,0,380,0.0,False
2004-01-13,394,394,0,380,0.0,False
2004-01-14,394,394,0,380,0.0,False
2004-01-15,394,394,0,380,0.0,False
2004-01-16,394,394,0,380,0.0,False
2004-01-20,394,394,0,380,0.0,False
2004-01-21,394,394,0,380,0.0,False
2004-01-22,394,394,0,380,0.0,False
2004-01-23,394,394,0,380,0.0,False
2004-01-26,394,394,0,380,0.0,False
2004-01-27,394,394,0,380,0.0,False
2004-01-28,394,394,0,380,0.0,False
2004-01-29,394,394,0,380,0.0,False
2004-01-30,394,394,0,380,0.0,False
2004-02-02,394,394,0,380,0.0,False
2004-02-03,394,394,0,380,0.0,False
2004-02-04,394,394,0,380,0.0,False
2004-02-05,394,394,0,380,0.0,False
2004-02-06,394,394,0,380,0.0,False
2004-02-09,394,394,0,380,0.0,False
2004-02-10,394,394,0,380,0.0,False
2004-02-11,394,394,0,380,0.0,False
2004-02-12,394,394,0,380,0.0,False
2004-02-13,394,394,0,380,0.0,False
2004-02-17,394,394,0,380,0.0,False
2004-02-18,394,394,0,380,0.0,False
2004-02-19,394,394,0,380,0.0,False
2004-02-20,394,394,0,380,0.0,False
2004-02-23,394,394,0,380,0.0,False
2004-02-24,394,394,0,380,0.0,False
2004-02-25,394,394,0,380,0.0,False
2004-02-26,394,394,0,380,0.0,False
2004-02-27,394,395,0,380,0.0,False
2004-03-01,395,395,0,380,0.0,False
2004-03-02,395,395,0,380,0.0,False
2004-03-03,395,395,0,380,0.0,False
2004-03-04,395,395,0,380,0.0,False
2004-03-05,395,395,0,381,0.0,False
2004-03-08,395,395,0,381,0.0,False
2004-03-09,395,395,0,381,0.0,False
2004-03-10,395,395,0,381,0.0,False
2004-03-11,395,395,0,381,0.0,False
2004-03-12,395,395,0,381,0.0,False
2004-03-15,395,395,0,381,0.0,False
2004-03-16,395,395,0,381,0.0,False
2004-03-17,395,395,0,381,0.0,False
2004-03-18,395,394,1,380,0.002531645569620253,False
2004-03-19,394,394,0,380,0.0,False
2004-03-22,394,394,0,380,0.0,False
2004-03-23,394,394,0,380,0.0,False
2004-03-24,394,394,0,380,0.0,False
2004-03-25,394,395,0,381,0.0,False
2004-03-26,395,395,0,381,0.0,False
2004-03-29,395,395,0,381,0.0,False
2004-03-30,395,394,1,380,0.002531645569620253,False
2004-03-31,394,394,0,380,0.0,False
2004-04-01,394,395,0,381,0.0,False
2004-04-02,395,396,0,381,0.0,False
2004-04-05,396,396,0,381,0.0,False
2004-04-06,396,396,0,381,0.0,False
2004-04-07,396,396,0,381,0.0,False
2004-04-08,396,396,0,381,0.0,False
2004-04-12,396,396,0,381,0.0,False
2004-04-13,396,396,0,381,0.0,False
2004-04-14,396,396,0,381,0.0,False
2004-04-15,396,396,0,381,0.0,False
2004-04-16,396,396,0,381,0.0,False
2004-04-19,396,396,0,381,0.0,False
2004-04-20,396,396,0,381,0.0,False
2004-04-21,396,396,0,381,0.0,False
2004-04-22,396,396,0,381,0.0,False
2004-04-23,396,397,0,381,0.0,False
2004-04-26,397,397,0,381,0.0,False
2004-04-27,397,397,0,381,0.0,False
2004-04-28,397,397,0,382,0.0,False
2004-04-29,397,397,1,381,0.0025188916876574307,False
2004-04-30,397,397,0,381,0.0,False
2004-05-03,397,398,0,381,0.0,False
2004-05-04,398,398,0,381,0.0,False
2004-05-05,398,398,0,381,0.0,False
2004-05-06,398,398,0,381,0.0,False
2004-05-07,398,398,0,381,0.0,False
2004-05-10,398,398,0,381,0.0,False
2004-05-11,398,398,0,381,0.0,False
2004-05-12,398,398,0,381,0.0,False
2004-05-13,398,398,0,381,0.0,False
2004-05-14,398,398,0,381,0.0,False
2004-05-17,398,398,0,381,0.0,False
2004-05-18,398,398,0,381,0.0,False
2004-05-19,398,398,0,381,0.0,False
2004-05-20,398,398,0,381,0.0,False
2004-05-21,398,398,0,381,0.0,False
2004-05-24,398,398,0,381,0.0,False
2004-05-25,398,398,0,381,0.0,False
2004-05-26,398,398,0,381,0.0,False
2004-05-27,398,398,0,381,0.0,False
2004-05-28,398,398,0,381,0.0,False
2004-06-01,398,398,0,381,0.0,False
2004-06-02,398,398,0,381,0.0,False
2004-06-03,398,398,0,381,0.0,False
2004-06-04,398,398,0,381,0.0,False
2004-06-07,398,398,0,381,0.0,False
2004-06-08,398,398,0,381,0.0,False
2004-06-09,398,398,0,381,0.0,False
2004-06-10,398,398,0,381,0.0,False
2004-06-14,398,398,0,381,0.0,False
2004-06-15,398,398,0,381,0.0,False
2004-06-16,398,398,0,381,0.0,False
2004-06-17,398,398,0,381,0.0,False
2004-06-18,398,398,0,381,0.0,False
2004-06-21,398,398,0,381,0.0,False
2004-06-22,398,398,0,381,0.0,False
2004-06-23,398,398,0,381,0.0,False
2004-06-24,398,398,0,381,0.0,False
2004-06-25,398,398,0,381,0.0,False
2004-06-28,398,398,0,381,0.0,False
2004-06-29,398,397,1,381,0.002512562814070352,False
2004-06-30,397,397,0,381,0.0,False
2004-07-01,397,399,0,381,0.0,False
2004-07-02,399,399,0,381,0.0,False
2004-07-06,399,399,0,381,0.0,False
2004-07-07,399,399,0,381,0.0,False
2004-07-08,399,399,0,381,0.0,False
2004-07-09,399,399,0,381,0.0,False
2004-07-12,399,399,0,381,0.0,False
2004-07-13,399,399,0,381,0.0,False
2004-07-14,399,399,0,381,0.0,False
2004-07-15,399,399,0,381,0.0,False
2004-07-16,399,399,0,381,0.0,False
2004-07-19,399,399,0,381,0.0,False
2004-07-20,399,399,0,381,0.0,False
2004-07-21,399,399,0,381,0.0,False
2004-07-22,399,399,0,381,0.0,False
2004-07-23,399,399,0,381,0.0,False
2004-07-26,399,399,0,381,0.0,False
2004-07-27,399,399,0,381,0.0,False
2004-07-28,399,399,0,381,0.0,False
2004-07-29,399,399,0,382,0.0,False
2004-07-30,399,398,1,381,0.002506265664160401,False
2004-08-02,398,398,0,381,0.0,False
2004-08-03,398,399,0,381,0.0,False
2004-08-04,399,399,0,381,0.0,False
2004-08-05,399,399,0,381,0.0,False
2004-08-06,399,399,0,381,0.0,False
2004-08-09,399,399,0,381,0.0,False
2004-08-10,399,399,0,381,0.0,False
2004-08-11,399,399,0,381,0.0,False
2004-08-12,399,399,0,381,0.0,False
2004-08-13,399,399,0,381,0.0,False
2004-08-16,399,399,0,381,0.0,False
2004-08-17,399,399,0,381,0.0,False
2004-08-18,399,399,0,381,0.0,False
2004-08-19,399,399,0,381,0.0,False
2004-08-20,399,399,0,381,0.0,False
2004-08-23,399,399,0,381,0.0,False
2004-08-24,399,399,0,381,0.0,False
2004-08-25,399,399,0,381,0.0,False
2004-08-26,399,399,0,381,0.0,False
2004-08-27,399,399,0,381,0.0,False
2004-08-30,399,399,0,381,0.0,False
2004-08-31,399,399,0,381,0.0,False
2004-09-01,399,400,0,382,0.0,False
2004-09-02,400,400,0,382,0.0,False
2004-09-03,400,400,0,382,0.0,False
2004-09-07,400,400,0,382,0.0,False
2004-09-08,400,400,0,382,0.0,False
2004-09-09,400,400,0,382,0.0,False
2004-09-10,400,400,0,382,0.0,False
2004-09-13,400,400,0,382,0.0,False
2004-09-14,400,400,0,382,0.0,False
2004-09-15,400,400,0,382,0.0,False
2004-09-16,400,400,0,382,0.0,False
2004-09-17,400,400,0,382,0.0,False
2004-09-20,400,400,0,382,0.0,False
2004-09-21,400,400,0,382,0.0,False
2004-09-22,400,400,0,382,0.0,False
2004-09-23,400,400,0,382,0.0,False
2004-09-24,400,400,0,382,0.0,False
2004-09-27,400,400,0,382,0.0,False
2004-09-28,400,400,0,382,0.0,False
2004-09-29,400,400,0,382,0.0,False
2004-09-30,400,400,0,382,0.0,False
2004-10-01,400,400,0,382,0.0,False
2004-10-04,400,400,0,382,0.0,False
2004-10-05,400,400,0,382,0.0,False
2004-10-06,400,400,0,382,0.0,False
2004-10-07,400,400,0,382,0.0,False
2004-10-08,400,400,0,383,0.0,False
2004-10-11,400,400,0,383,0.0,False
2004-10-12,400,400,0,383,0.0,False
2004-10-13,400,400,0,383,0.0,False
2004-10-14,400,400,0,383,0.0,False
2004-10-15,400,400,0,383,0.0,False
2004-10-18,400,400,0,383,0.0,False
2004-10-19,400,400,0,383,0.0,False
2004-10-20,400,400,0,383,0.0,False
2004-10-21,400,400,0,383,0.0,False
2004-10-22,400,400,0,383,0.0,False
2004-10-25,400,400,0,383,0.0,False
2004-10-26,400,400,0,383,0.0,False
2004-10-27,400,400,1,382,0.0025,False
2004-10-28,400,400,0,382,0.0,False
2004-10-29,400,399,1,381,0.0025,False
2004-11-01,399,400,0,381,0.0,False
2004-11-02,400,400,0,381,0.0,False
2004-11-03,400,400,0,381,0.0,False
2004-11-04,400,400,0,381,0.0,False
2004-11-05,400,400,0,381,0.0,False
2004-11-08,400,400,0,381,0.0,False
2004-11-09,400,400,0,381,0.0,False
2004-11-10,400,400,0,381,0.0,False
2004-11-11,400,400,0,381,0.0,False
2004-11-12,400,400,0,381,0.0,False
2004-11-15,400,400,0,381,0.0,False
2004-11-16,400,400,0,381,0.0,False
2004-11-17,400,400,0,381,0.0,False
2004-11-18,400,400,0,381,0.0,False
2004-11-19,400,400,0,381,0.0,False
2004-11-22,400,400,0,381,0.0,False
2004-11-23,400,400,0,381,0.0,False
2004-11-24,400,400,0,381,0.0,False
2004-11-26,400,400,0,382,0.0,False
2004-11-29,400,400,0,382,0.0,False
2004-11-30,400,400,0,382,0.0,False
2004-12-01,400,400,0,382,0.0,False
2004-12-02,400,400,0,382,0.0,False
2004-12-03,400,399,1,381,0.0025,False
2004-12-06,399,399,0,381,0.0,False
2004-12-07,399,399,0,381,0.0,False
2004-12-08,399,399,0,381,0.0,False
2004-12-09,399,399,0,381,0.0,False
2004-12-10,399,399,0,381,0.0,False
2004-12-13,399,399,0,381,0.0,False
2004-12-14,399,399,0,381,0.0,False
2004-12-15,399,399,0,381,0.0,False
2004-12-16,399,399,0,381,0.0,False
2004-12-17,399,397,2,379,0.005012531328320802,False
2004-12-20,397,399,0,379,0.0,False
2004-12-21,399,399,0,379,0.0,False
2004-12-22,399,399,0,379,0.0,False
2004-12-23,399,399,0,379,0.0,False
2004-12-27,399,399,0,379,0.0,False
2004-12-28,399,399,0,379,0.0,False
2004-12-29,399,400,0,379,0.0,False
2004-12-30,400,400,0,379,0.0,False
2004-12-31,400,400,0,379,0.0,False
2005-01-03,400,400,0,379,0.0,False
2005-01-04,400,400,0,379,0.0,False
2005-01-05,400,400,0,379,0.0,False
2005-01-06,400,401,0,384,0.0,False
2005-01-07,401,401,0,384,0.0,True
2005-01-10,401,401,0,384,0.0,True
2005-01-11,401,401,0,384,0.0,True
2005-01-12,401,401,0,384,0.0,True
2005-01-13,401,401,0,384,0.0,True
2005-01-14,401,401,0,384,0.0,True
2005-01-18,401,401,0,384,0.0,True
2005-01-19,401,401,0,384,0.0,True
2005-01-20,401,401,0,384,0.0,True
2005-01-21,401,401,0,384,0.0,True
2005-01-24,401,401,0,384,0.0,True
2005-01-25,401,401,0,384,0.0,True
2005-01-26,401,401,0,384,0.0,True
2005-01-27,401,401,0,384,0.0,True
2005-01-28,401,401,0,384,0.0,True
2005-01-31,401,401,0,384,0.0,True
2005-02-01,401,401,0,384,0.0,True
2005-02-02,401,401,0,384,0.0,True
2005-02-03,401,401,0,384,0.0,True
2005-02-04,401,401,0,384,0.0,True
2005-02-07,401,401,0,384,0.0,True
2005-02-08,401,401,0,384,0.0,True
2005-02-09,401,401,0,384,0.0,True
2005-02-10,401,401,0,384,0.0,True
2005-02-11,401,401,0,384,0.0,True
2005-02-14,401,401,0,384,0.0,True
2005-02-15,401,401,0,384,0.0,True
2005-02-16,401,401,0,384,0.0,True
2005-02-17,401,401,0,384,0.0,True
2005-02-18,401,401,0,384,0.0,True
2005-02-22,401,401,0,384,0.0,True
2005-02-23,401,401,0,384,0.0,True
2005-02-24,401,401,0,384,0.0,True
2005-02-25,401,401,0,384,0.0,True
2005-02-28,401,401,0,385,0.0,True
2005-03-01,401,401,0,385,0.0,True
2005-03-02,401,401,0,385,0.0,True
2005-03-03,401,401,0,385,0.0,True
2005-03-04,401,401,0,385,0.0,True
2005-03-07,401,401,0,385,0.0,True
2005-03-08,401,401,0,385,0.0,True
2005-03-09,401,401,0,385,0.0,True
2005-03-10,401,401,0,385,0.0,True
2005-03-11,401,401,0,385,0.0,True
2005-03-14,401,402,0,385,0.0,True
2005-03-15,402,402,0,385,0.0,True
2005-03-16,402,402,0,385,0.0,True
2005-03-17,402,402,0,385,0.0,True
2005-03-18,402,402,0,385,0.0,True
2005-03-21,402,402,0,385,0.0,True
2005-03-22,402,402,0,385,0.0,True
2005-03-23,402,402,0,385,0.0,True
2005-03-24,402,402,0,385,0.0,True
2005-03-28,402,402,0,386,0.0,True
2005-03-29,402,402,0,386,0.0,True
2005-03-30,402,402,0,386,0.0,True
2005-03-31,402,402,0,386,0.0,True
2005-04-01,402,402,0,386,0.0,True
2005-04-04,402,402,0,387,0.0,True
2005-04-05,402,402,0,388,0.0,True
2005-04-06,402,402,0,388,0.0,True
2005-04-07,402,402,0,388,0.0,True
2005-04-08,402,402,0,388,0.0,True
2005-04-11,402,402,0,388,0.0,True
2005-04-12,402,402,0,388,0.0,True
2005-04-13,402,402,0,388,0.0,True
2005-04-14,402,402,0,388,0.0,True
2005-04-15,402,402,0,388,0.0,True
2005-04-18,402,402,0,388,0.0,True
2005-04-19,402,402,0,388,0.0,True
2005-04-20,402,402,0,388,0.0,True
2005-04-21,402,402,0,388,0.0,True
2005-04-22,402,402,0,388,0.0,True
2005-04-25,402,402,0,389,0.0,True
2005-04-26,402,402,0,389,0.0,True
2005-04-27,402,402,0,389,0.0,True
2005-04-28,402,402,0,389,0.0,True
2005-04-29,402,402,0,390,0.0,True
2005-05-02,402,402,0,390,0.0,True
2005-05-03,402,402,0,391,0.0,True
2005-05-04,402,402,0,391,0.0,True
2005-05-05,402,402,0,391,0.0,True
2005-05-06,402,402,0,391,0.0,True
2005-05-09,402,402,0,391,0.0,True
2005-05-10,402,402,0,391,0.0,True
2005-05-11,402,402,0,391,0.0,True
2005-05-12,402,402,0,391,0.0,True
2005-05-13,402,402,0,391,0.0,True
2005-05-16,402,402,0,391,0.0,True
2005-05-17,402,402,0,391,0.0,True
2005-05-18,402,402,0,391,0.0,True
2005-05-19,402,402,0,391,0.0,True
2005-05-20,402,402,0,391,0.0,True
2005-05-23,402,402,0,391,0.0,True
2005-05-24,402,402,0,391,0.0,True
2005-05-25,402,402,0,391,0.0,True
2005-05-26,402,402,0,391,0.0,True
2005-05-27,402,402,0,391,0.0,True
2005-05-31,402,402,0,391,0.0,True
2005-06-01,402,402,0,391,0.0,True
2005-06-02,402,402,0,391,0.0,True
2005-06-03,402,402,0,391,0.0,True
2005-06-06,402,402,0,391,0.0,True
2005-06-07,402,402,0,391,0.0,True
2005-06-08,402,402,0,391,0.0,True
2005-06-09,402,402,0,391,0.0,True
2005-06-10,402,402,0,391,0.0,True
2005-06-13,402,402,0,391,0.0,True
2005-06-14,402,402,0,391,0.0,True
2005-06-15,402,402,0,391,0.0,True
2005-06-16,402,402,0,391,0.0,True
2005-06-17,402,402,0,391,0.0,True
2005-06-20,402,402,0,391,0.0,True
2005-06-21,402,402,0,391,0.0,True
2005-06-22,402,402,0,391,0.0,True
2005-06-23,402,402,0,391,0.0,True
2005-06-24,402,402,0,391,0.0,True
2005-06-27,402,402,0,391,0.0,True
2005-06-28,402,402,0,391,0.0,True
2005-06-29,402,402,0,391,0.0,True
2005-06-30,402,402,0,393,0.0,True
2005-07-01,402,401,1,393,0.0024875621890547263,True
2005-07-05,401,403,0,393,0.0,True
2005-07-06,403,403,0,393,0.0,True
2005-07-07,403,403,0,393,0.0,True
2005-07-08,403,403,0,393,0.0,True
2005-07-11,403,403,0,393,0.0,True
2005-07-12,403,403,0,393,0.0,True
2005-07-13,403,403,0,393,0.0,True
2005-07-14,403,403,0,393,0.0,True
2005-07-15,403,403,0,393,0.0,True
2005-07-18,403,403,0,393,0.0,True
2005-07-19,403,403,0,393,0.0,True
2005-07-20,403,403,0,393,0.0,True
2005-07-21,403,403,0,393,0.0,True
2005-07-22,403,403,1,392,0.0024813895781637717,True
2005-07-25,403,403,0,392,0.0,True
2005-07-26,403,403,0,392,0.0,True
2005-07-27,403,403,0,392,0.0,True
2005-07-28,403,403,0,392,0.0,True
2005-07-29,403,403,0,392,0.0,True
2005-08-01,403,403,0,392,0.0,True
2005-08-02,403,403,0,393,0.0,True
2005-08-03,403,403,0,393,0.0,True
2005-08-04,403,403,0,393,0.0,True
2005-08-05,403,403,0,393,0.0,True
2005-08-08,403,403,0,393,0.0,True
2005-08-09,403,403,0,393,0.0,True
2005-08-10,403,403,0,393,0.0,True
2005-08-11,403,404,0,393,0.0,True
2005-08-12,404,405,0,393,0.0,True
2005-08-15,405,405,1,392,0.0024691358024691358,True
2005-08-16,405,405,0,392,0.0,True
2005-08-17,405,405,0,392,0.0,True
2005-08-18,405,405,0,392,0.0,True
2005-08-19,405,405,1,391,0.0024691358024691358,True
2005-08-22,405,405,0,391,0.0,True
2005-08-23,405,404,1,390,0.0024691358024691358,True
2005-08-24,404,404,0,390,0.0,True
2005-08-25,404,404,0,390,0.0,True
2005-08-26,404,404,0,390,0.0,True
2005-08-29,404,404,0,390,0.0,True
2005-08-30,404,405,0,390,0.0,True
2005-08-31,405,405,0,391,0.0,True
2005-09-01,405,405,0,391,0.0,True
2005-09-02,405,405,0,391,0.0,True
2005-09-06,405,405,0,391,0.0,True
2005-09-07,405,405,0,391,0.0,True
2005-09-08,405,405,0,391,0.0,True
2005-09-09,405,405,0,391,0.0,True
2005-09-12,405,405,0,391,0.0,True
2005-09-13,405,405,0,391,0.0,True
2005-09-14,405,405,0,391,0.0,True
2005-09-15,405,405,0,391,0.0,True
2005-09-16,405,405,0,391,0.0,True
2005-09-19,405,405,0,391,0.0,True
2005-09-20,405,405,0,391,0.0,True
2005-09-21,405,405,0,391,0.0,True
2005-09-22,405,405,0,391,0.0,True
2005-09-23,405,405,0,391,0.0,True
2005-09-26,405,405,0,391,0.0,True
2005-09-27,405,405,0,391,0.0,True
2005-09-28,405,405,0,391,0.0,True
2005-09-29,405,404,1,390,0.0024691358024691358,True
2005-09-30,404,404,0,390,0.0,True
2005-10-03,404,405,0,390,0.0,True
2005-10-04,405,406,0,390,0.0,True
2005-10-05,406,406,0,390,0.0,True
2005-10-06,406,406,0,390,0.0,True
2005-10-07,406,406,0,390,0.0,True
2005-10-10,406,406,0,390,0.0,True
2005-10-11,406,406,1,389,0.0024630541871921183,True
2005-10-12,406,406,0,389,0.0,True
2005-10-13,406,406,0,389,0.0,True
2005-10-14,406,406,0,389,0.0,True
2005-10-17,406,406,0,389,0.0,True
2005-10-18,406,406,0,389,0.0,True
2005-10-19,406,406,0,389,0.0,True
2005-10-20,406,406,0,389,0.0,True
2005-10-21,406,406,0,389,0.0,True
2005-10-24,406,406,0,389,0.0,True
2005-10-25,406,406,0,389,0.0,True
2005-10-26,406,406,0,390,0.0,True
2005-10-27,406,406,0,390,0.0,True
2005-10-28,406,406,0,390,0.0,True
2005-10-31,406,406,0,391,0.0,True
2005-11-01,406,406,0,391,0.0,True
2005-11-02,406,406,0,391,0.0,True
2005-11-03,406,406,0,391,0.0,True
2005-11-04,406,406,0,391,0.0,True
2005-11-07,406,406,0,391,0.0,True
2005-11-08,406,406,0,391,0.0,True
2005-11-09,406,406,0,391,0.0,True
2005-11-10,406,406,0,391,0.0,True
2005-11-11,406,406,0,391,0.0,True
2005-11-14,406,406,0,391,0.0,True
2005-11-15,406,406,0,391,0.0,True
2005-11-16,406,406,0,391,0.0,True
2005-11-17,406,406,0,391,0.0,True
2005-11-18,406,406,0,391,0.0,True
2005-11-21,406,407,0,391,0.0,True
2005-11-22,407,407,0,391,0.0,True
2005-11-23,407,407,0,391,0.0,True
2005-11-25,407,407,0,391,0.0,True
2005-11-28,407,407,0,391,0.0,True
2005-11-29,407,406,1,390,0.002457002457002457,True
2005-11-30,406,406,0,390,0.0,True
2005-12-01,406,406,0,390,0.0,True
2005-12-02,406,407,0,390,0.0,True
2005-12-05,407,407,0,390,0.0,True
2005-12-06,407,407,0,390,0.0,True
2005-12-07,407,407,0,390,0.0,True
2005-12-08,407,407,0,390,0.0,True
2005-12-09,407,407,0,390,0.0,True
2005-12-12,407,407,0,390,0.0,True
2005-12-13,407,407,0,390,0.0,True
2005-12-14,407,407,0,390,0.0,True
2005-12-15,407,407,0,390,0.0,True
2005-12-16,407,407,0,390,0.0,True
2005-12-19,407,407,0,392,0.0,True
2005-12-20,407,408,0,392,0.0,True
2005-12-21,408,408,0,392,0.0,True
2005-12-22,408,408,0,392,0.0,True
2005-12-23,408,408,0,392,0.0,True
2005-12-27,408,408,0,392,0.0,True
2005-12-28,408,408,0,393,0.0,True
2005-12-29,408,408,0,393,0.0,True
2005-12-30,408,406,2,391,0.004901960784313725,True
2006-01-03,406,408,0,391,0.0,True
2006-01-04,408,407,1,390,0.0024509803921568627,True
2006-01-05,407,408,0,390,0.0,True
2006-01-06,408,408,0,390,0.0,True
2006-01-09,408,408,0,390,0.0,True
2006-01-10,408,408,0,390,0.0,True
2006-01-11,408,408,0,390,0.0,True
2006-01-12,408,408,0,390,0.0,True
2006-01-13,408,408,0,390,0.0,True
2006-01-17,408,408,0,390,0.0,True
2006-01-18,408,408,0,390,0.0,True
2006-01-19,408,408,0,390,0.0,True
2006-01-20,408,408,0,390,0.0,True
2006-01-23,408,408,0,390,0.0,True
2006-01-24,408,408,0,390,0.0,True
2006-01-25,408,408,0,390,0.0,True
2006-01-26,408,408,0,390,0.0,True
2006-01-27,408,408,0,390,0.0,True
2006-01-30,408,408,0,390,0.0,True
2006-01-31,408,406,2,388,0.004901960784313725,True
2006-02-01,406,408,0,388,0.0,True
2006-02-02,408,408,0,388,0.0,True
2006-02-03,408,408,0,388,0.0,True
2006-02-06,408,408,0,388,0.0,True
2006-02-07,408,408,0,388,0.0,True
2006-02-08,408,408,0,388,0.0,True
2006-02-09,408,408,0,388,0.0,True
2006-02-10,408,408,0,388,0.0,True
2006-02-13,408,408,0,388,0.0,True
2006-02-14,408,408,0,388,0.0,True
2006-02-15,408,408,0,388,0.0,True
2006-02-16,408,408,0,388,0.0,True
2006-02-17,408,408,0,388,0.0,True
2006-02-21,408,407,1,387,0.0024509803921568627,True
2006-02-22,407,407,0,387,0.0,True
2006-02-23,407,407,0,387,0.0,True
2006-02-24,407,407,0,387,0.0,True
2006-02-27,407,408,0,387,0.0,True
2006-02-28,408,408,0,387,0.0,True
2006-03-01,408,408,0,387,0.0,True
2006-03-02,408,408,0,387,0.0,True
2006-03-03,408,407,1,386,0.0024509803921568627,True
2006-03-06,407,407,0,386,0.0,True
2006-03-07,407,407,0,386,0.0,True
2006-03-08,407,407,0,386,0.0,True
2006-03-09,407,407,0,386,0.0,True
2006-03-10,407,407,0,386,0.0,True
2006-03-13,407,407,0,386,0.0,True
2006-03-14,407,407,0,387,0.0,True
2006-03-15,407,407,0,387,0.0,True
2006-03-16,407,407,0,387,0.0,True
2006-03-17,407,407,0,387,0.0,True
2006-03-20,407,407,0,387,0.0,True
2006-03-21,407,407,0,387,0.0,True
2006-03-22,407,407,0,387,0.0,True
2006-03-23,407,407,0,387,0.0,True
2006-03-24,407,407,0,387,0.0,True
2006-03-27,407,407,0,387,0.0,True
2006-03-28,407,407,0,387,0.0,True
2006-03-29,407,407,0,387,0.0,True
2006-03-30,407,407,0,387,0.0,True
2006-03-31,407,406,1,386,0.002457002457002457,True
2006-04-03,406,409,0,386,0.0,True
2006-04-04,409,409,0,386,0.0,True
2006-04-05,409,409,0,386,0.0,True
2006-04-06,409,409,0,386,0.0,True
2006-04-07,409,409,0,386,0.0,True
2006-04-10,409,409,0,386,0.0,True
2006-04-11,409,409,0,386,0.0,True
2006-04-12,409,409,0,386,0.0,True
2006-04-13,409,409,0,386,0.0,True
2006-04-17,409,409,0,386,0.0,True
2006-04-18,409,409,0,386,0.0,True
2006-04-19,409,409,0,386,0.0,True
2006-04-20,409,409,0,386,0.0,True
2006-04-21,409,409,0,386,0.0,True
2006-04-24,409,410,0,386,0.0,True
2006-04-25,410,410,0,386,0.0,True
2006-04-26,410,410,0,386,0.0,True
2006-04-27,410,410,0,386,0.0,True
2006-04-28,410,410,0,386,0.0,True
2006-05-01,410,410,0,386,0.0,True
2006-05-02,410,410,0,386,0.0,True
2006-05-03,410,410,0,386,0.0,True
2006-05-04,410,410,0,386,0.0,True
2006-05-05,410,410,0,386,0.0,True
2006-05-08,410,410,0,386,0.0,True
2006-05-09,410,410,0,386,0.0,True
2006-05-10,410,410,0,386,0.0,True
2006-05-11,410,409,1,385,0.0024390243902439024,True
2006-05-12,409,409,0,385,0.0,True
2006-05-15,409,409,0,385,0.0,True
2006-05-16,409,409,0,385,0.0,True
2006-05-17,409,409,0,385,0.0,True
2006-05-18,409,409,0,385,0.0,True
2006-05-19,409,409,0,385,0.0,True
2006-05-22,409,409,0,385,0.0,True
2006-05-23,409,409,0,385,0.0,True
2006-05-24,409,409,0,385,0.0,True
2006-05-25,409,409,0,385,0.0,True
2006-05-26,409,409,0,385,0.0,True
2006-05-30,409,409,0,385,0.0,True
2006-05-31,409,409,0,385,0.0,True
2006-06-01,409,409,0,385,0.0,True
2006-06-02,409,410,0,385,0.0,True
2006-06-05,410,410,0,385,0.0,True
2006-06-06,410,410,0,385,0.0,True
2006-06-07,410,410,0,385,0.0,True
2006-06-08,410,410,0,385,0.0,True
2006-06-09,410,410,0,385,0.0,True
2006-06-12,410,410,0,385,0.0,True
2006-06-13,410,410,0,385,0.0,True
2006-06-14,410,410,0,385,0.0,True
2006-06-15,410,410,0,385,0.0,True
2006-06-16,410,410,0,385,0.0,True
2006-06-19,410,410,0,385,0.0,True
2006-06-20,410,410,0,385,0.0,True
2006-06-21,410,409,1,384,0.0024390243902439024,True
2006-06-22,409,409,0,384,0.0,True
2006-06-23,409,409,0,384,0.0,True
2006-06-26,409,409,0,384,0.0,True
2006-06-27,409,409,0,384,0.0,True
2006-06-28,409,410,0,384,0.0,True
2006-06-29,410,410,0,384,0.0,True
2006-06-30,410,410,0,384,0.0,True
2006-07-03,410,410,0,384,0.0,True
2006-07-05,410,410,0,386,0.0,True
2006-07-06,410,410,0,386,0.0,True
2006-07-07,410,410,0,386,0.0,True
2006-07-10,410,410,0,386,0.0,True
2006-07-11,410,410,0,386,0.0,True
2006-07-12,410,409,1,385,0.0024390243902439024,True
2006-07-13,409,409,0,385,0.0,True
2006-07-14,409,409,0,385,0.0,True
2006-07-17,409,409,0,385,0.0,True
2006-07-18,409,410,0,385,0.0,True
2006-07-19,410,410,0,385,0.0,True
2006-07-20,410,410,0,385,0.0,True
2006-07-21,410,410,0,385,0.0,True
2006-07-24,410,410,0,386,0.0,True
2006-07-25,410,410,0,386,0.0,True
2006-07-26,410,410,0,386,0.0,True
2006-07-27,410,410,0,386,0.0,True
2006-07-28,410,410,0,386,0.0,True
2006-07-31,410,410,0,386,0.0,True
2006-08-01,410,408,2,384,0.004878048780487805,True
2006-08-02,408,408,0,384,0.0,True
2006-08-03,408,408,0,384,0.0,True
2006-08-04,408,408,0,384,0.0,True
2006-08-07,408,408,0,384,0.0,True
2006-08-08,408,408,0,384,0.0,True
2006-08-09,408,408,0,384,0.0,True
2006-08-10,408,408,0,384,0.0,True
2006-08-11,408,409,0,385,0.0,True
2006-08-14,409,409,0,386,0.0,True
2006-08-15,409,409,0,387,0.0,True
2006-08-16,409,409,0,387,0.0,True
2006-08-17,409,409,0,387,0.0,True
2006-08-18,409,409,0,387,0.0,True
2006-08-21,409,409,0,388,0.0,True
2006-08-22,409,409,0,388,0.0,True
2006-08-23,409,409,0,388,0.0,True
2006-08-24,409,409,0,388,0.0,True
2006-08-25,409,409,0,388,0.0,True
2006-08-28,409,409,0,388,0.0,True
2006-08-29,409,409,0,388,0.0,True
2006-08-30,409,409,0,389,0.0,True
2006-08-31,409,409,0,389,0.0,True
2006-09-01,409,409,0,389,0.0,True
2006-09-05,409,409,0,389,0.0,True
2006-09-06,409,409,0,389,0.0,True
2006-09-07,409,409,0,389,0.0,True
2006-09-08,409,409,0,389,0.0,True
2006-09-11,409,409,0,389,0.0,True
2006-09-12,409,409,0,389,0.0,True
2006-09-13,409,409,0,389,0.0,True
2006-09-14,409,409,0,389,0.0,True
2006-09-15,409,409,0,389,0.0,True
2006-09-18,409,409,0,389,0.0,True
2006-09-19,409,409,0,389,0.0,True
2006-09-20,409,409,0,389,0.0,True
2006-09-21,409,409,0,389,0.0,True
2006-09-22,409,409,0,389,0.0,True
2006-09-25,409,409,0,389,0.0,True
2006-09-26,409,409,0,389,0.0,True
2006-09-27,409,409,0,389,0.0,True
2006-09-28,409,409,0,389,0.0,True
2006-09-29,409,407,2,387,0.004889975550122249,True
2006-10-02,407,408,0,387,0.0,True
2006-10-03,408,408,0,388,0.0,True
2006-10-04,408,408,0,389,0.0,True
2006-10-05,408,408,0,389,0.0,True
2006-10-06,408,408,0,389,0.0,True
2006-10-09,408,408,0,389,0.0,True
2006-10-10,408,408,0,389,0.0,True
2006-10-11,408,408,0,390,0.0,True
2006-10-12,408,408,0,390,0.0,True
2006-10-13,408,408,0,390,0.0,True
2006-10-16,408,408,0,390,0.0,True
2006-10-17,408,408,0,390,0.0,True
2006-10-18,408,408,0,390,0.0,True
2006-10-19,408,408,0,390,0.0,True
2006-10-20,408,408,0,390,0.0,True
2006-10-23,408,408,0,390,0.0,True
2006-10-24,408,408,0,390,0.0,True
2006-10-25,408,408,0,390,0.0,True
2006-10-26,408,408,0,390,0.0,True
2006-10-27,408,408,0,390,0.0,True
2006-10-30,408,408,0,390,0.0,True
2006-10-31,408,408,0,390,0.0,True
2006-11-01,408,408,0,390,0.0,True
2006-11-02,408,408,0,390,0.0,True
2006-11-03,408,408,0,390,0.0,True
2006-11-06,408,409,0,390,0.0,True
2006-11-07,409,409,0,390,0.0,True
2006-11-08,409,407,2,388,0.004889975550122249,True
2006-11-09,407,407,0,388,0.0,True
2006-11-10,407,409,0,388,0.0,True
2006-11-13,409,409,0,388,0.0,True
2006-11-14,409,409,0,388,0.0,True
2006-11-15,409,409,0,388,0.0,True
2006-11-16,409,409,0,388,0.0,True
2006-11-17,409,410,0,388,0.0,True
2006-11-20,410,411,0,388,0.0,True
2006-11-21,411,411,0,389,0.0,True
2006-11-22,411,411,0,389,0.0,True
2006-11-24,411,410,1,388,0.0024330900243309003,True
2006-11-27,410,410,0,388,0.0,True
2006-11-28,410,410,0,388,0.0,True
2006-11-29,410,410,0,388,0.0,True
2006-11-30,410,410,0,388,0.0,True
2006-12-01,410,411,0,388,0.0,True
2006-12-04,411,411,0,389,0.0,True
2006-12-05,411,411,0,389,0.0,True
2006-12-06,411,411,0,389,0.0,True
2006-12-07,411,411,0,389,0.0,True
2006-12-08,411,411,0,389,0.0,True
2006-12-11,411,411,0,389,0.0,True
2006-12-12,411,410,1,388,0.0024330900243309003,True
2006-12-13,410,410,0,388,0.0,True
2006-12-14,410,410,0,388,0.0,True
2006-12-15,410,410,0,388,0.0,True
2006-12-18,410,410,0,388,0.0,True
2006-12-19,410,410,0,388,0.0,True
2006-12-20,410,411,0,389,0.0,True
2006-12-21,411,411,0,389,0.0,True
2006-12-22,411,411,0,389,0.0,True
2006-12-26,411,411,0,389,0.0,True
2006-12-27,411,411,0,389,0.0,True
2006-12-28,411,411,0,389,0.0,True
2006-12-29,411,411,0,389,0.0,True
2007-01-03,410,408,2,386,0.004878048780487805,True
2007-01-04,408,409,0,388,0.0,True
2007-01-05,409,409,0,388,0.0,True
2007-01-08,409,408,1,388,0.0024449877750611247,True
2007-01-09,408,408,0,388,0.0,True
2007-01-10,408,409,0,388,0.0,True
2007-01-11,409,409,0,388,0.0,True
2007-01-12,409,409,0,388,0.0,True
2007-01-16,409,409,0,388,0.0,True
2007-01-17,409,409,0,388,0.0,True
2007-01-18,409,409,0,388,0.0,True
2007-01-19,409,409,0,388,0.0,True
2007-01-22,409,409,0,388,0.0,True
2007-01-23,409,409,0,388,0.0,True
2007-01-24,409,409,0,388,0.0,True
2007-01-25,409,408,1,387,0.0024449877750611247,True
2007-01-26,408,408,0,387,0.0,True
2007-01-29,408,408,0,387,0.0,True
2007-01-30,408,408,0,387,0.0,True
2007-01-31,408,408,0,387,0.0,True
2007-02-01,408,408,0,387,0.0,True
2007-02-02,408,409,0,389,0.0,True
2007-02-05,409,409,0,389,0.0,True
2007-02-06,409,409,0,389,0.0,True
2007-02-07,409,409,0,389,0.0,True
2007-02-08,409,409,0,389,0.0,True
2007-02-09,409,409,0,389,0.0,True
2007-02-12,409,409,1,388,0.0024449877750611247,True
2007-02-13,409,409,0,388,0.0,True
2007-02-14,409,409,0,388,0.0,True
2007-02-15,409,409,1,387,0.0024449877750611247,True
2007-02-16,409,409,0,387,0.0,True
2007-02-20,409,408,1,386,0.0024449877750611247,True
2007-02-21,408,408,0,386,0.0,True
2007-02-22,408,409,0,386,0.0,True
2007-02-23,409,409,0,386,0.0,True
2007-02-26,409,409,0,386,0.0,True
2007-02-27,409,409,0,386,0.0,True
2007-02-28,409,409,0,387,0.0,True
2007-03-01,409,409,0,387,0.0,True
2007-03-02,409,410,0,387,0.0,True
2007-03-05,410,410,0,387,0.0,True
2007-03-06,410,410,0,387,0.0,True
2007-03-07,410,410,0,387,0.0,True
2007-03-08,410,410,0,387,0.0,True
2007-03-09,410,410,0,387,0.0,True
2007-03-12,410,410,0,387,0.0,True
2007-03-13,410,410,0,387,0.0,True
2007-03-14,410,410,0,387,0.0,True
2007-03-15,410,410,0,387,0.0,True
2007-03-16,410,410,0,387,0.0,True
2007-03-19,410,410,0,387,0.0,True
2007-03-20,410,411,0,387,0.0,True
2007-03-21,411,411,0,387,0.0,True
2007-03-22,411,411,0,387,0.0,True
2007-03-23,411,411,1,386,0.0024330900243309003,True
2007-03-26,411,411,0,386,0.0,True
2007-03-27,411,411,0,386,0.0,True
2007-03-28,411,411,0,386,0.0,True
2007-03-29,411,411,1,385,0.0024330900243309003,True
2007-03-30,411,411,0,385,0.0,True
2007-04-02,411,412,0,385,0.0,True
2007-04-03,412,412,0,385,0.0,True
2007-04-04,412,412,0,388,0.0,True
2007-04-05,412,412,0,388,0.0,True
2007-04-09,412,412,0,388,0.0,True
2007-04-10,412,413,0,388,0.0,True
2007-04-11,413,413,0,388,0.0,True
2007-04-12,413,413,0,388,0.0,True
2007-04-13,413,413,0,388,0.0,True
2007-04-16,413,413,0,388,0.0,True
2007-04-17,413,413,0,388,0.0,True
2007-04-18,413,413,0,388,0.0,True
2007-04-19,413,413,0,388,0.0,True
2007-04-20,413,413,0,388,0.0,True
2007-04-23,413,413,0,388,0.0,True
2007-04-24,413,413,0,388,0.0,True
2007-04-25,413,413,0,389,0.0,True
2007-04-26,413,413,0,389,0.0,True
2007-04-27,413,413,0,389,0.0,True
2007-04-30,413,413,0,389,0.0,True
2007-05-01,413,413,0,389,0.0,True
2007-05-02,413,413,0,389,0.0,True
2007-05-03,413,413,0,389,0.0,True
2007-05-04,413,413,0,389,0.0,True
2007-05-07,413,413,0,389,0.0,True
2007-05-08,413,413,0,389,0.0,True
2007-05-09,413,413,0,389,0.0,True
2007-05-10,413,413,0,389,0.0,True
2007-05-11,413,413,0,389,0.0,True
2007-05-14,413,413,0,389,0.0,True
2007-05-15,413,413,0,389,0.0,True
2007-05-16,413,413,0,389,0.0,True
2007-05-17,413,413,0,389,0.0,True
2007-05-18,413,413,0,389,0.0,True
2007-05-21,413,413,0,389,0.0,True
2007-05-22,413,413,0,389,0.0,True
2007-05-23,413,413,0,389,0.0,True
2007-05-24,413,413,0,389,0.0,True
2007-05-25,413,413,0,389,0.0,True
2007-05-29,413,413,0,389,0.0,True
2007-05-30,413,413,0,389,0.0,True
2007-05-31,413,413,0,389,0.0,True
2007-06-01,413,414,0,389,0.0,True
2007-06-04,414,414,0,389,0.0,True
2007-06-05,414,414,0,390,0.0,True
2007-06-06,414,414,0,390,0.0,True
2007-06-07,414,414,0,390,0.0,True
2007-06-08,414,414,0,390,0.0,True
2007-06-11,414,414,0,390,0.0,True
2007-06-12,414,414,0,390,0.0,True
2007-06-13,414,414,0,390,0.0,True
2007-06-14,414,414,0,390,0.0,True
2007-06-15,414,414,0,390,0.0,True
2007-06-18,414,414,0,390,0.0,True
2007-06-19,414,414,0,390,0.0,True
2007-06-20,414,414,0,390,0.0,True
2007-06-21,414,414,0,390,0.0,True
2007-06-22,414,414,0,390,0.0,True
2007-06-25,414,414,0,390,0.0,True
2007-06-26,414,414,0,390,0.0,True
2007-06-27,414,412,2,388,0.004830917874396135,True
2007-06-28,412,412,0,388,0.0,True
2007-06-29,412,412,0,389,0.0,True
2007-07-02,412,416,0,389,0.0,True
2007-07-03,416,416,0,389,0.0,True
2007-07-05,416,416,0,389,0.0,True
2007-07-06,416,416,0,389,0.0,True
2007-07-09,416,417,0,389,0.0,True
2007-07-10,417,417,0,389,0.0,True
2007-07-11,417,416,1,388,0.002398081534772182,True
2007-07-12,416,417,0,388,0.0,True
2007-07-13,417,417,0,388,0.0,True
2007-07-16,417,417,0,388,0.0,True
2007-07-17,417,417,0,388,0.0,True
2007-07-18,417,417,0,388,0.0,True
2007-07-19,417,417,0,389,0.0,True
2007-07-20,417,417,0,389,0.0,True
2007-07-23,417,417,0,389,0.0,True
2007-07-24,417,417,0,389,0.0,True
2007-07-25,417,417,0,389,0.0,True
2007-07-26,417,417,0,389,0.0,True
2007-07-27,417,417,0,389,0.0,True
2007-07-30,417,417,0,389,0.0,True
2007-07-31,417,417,0,389,0.0,True
2007-08-01,417,417,0,389,0.0,True
2007-08-02,417,417,0,389,0.0,True
2007-08-03,417,417,0,389,0.0,True
2007-08-06,417,417,0,389,0.0,True
2007-08-07,417,417,0,389,0.0,True
2007-08-08,417,417,0,389,0.0,True
2007-08-09,417,417,0,389,0.0,True
2007-08-10,417,417,0,389,0.0,True
2007-08-13,417,417,0,389,0.0,True
2007-08-14,417,417,0,390,0.0,True
2007-08-15,417,417,0,390,0.0,True
2007-08-16,417,417,0,390,0.0,True
2007-08-17,417,417,0,390,0.0,True
2007-08-20,417,417,0,390,0.0,True
2007-08-21,417,417,0,390,0.0,True
2007-08-22,417,417,0,390,0.0,True
2007-08-23,417,417,0,390,0.0,True
2007-08-24,417,417,0,390,0.0,True
2007-08-27,417,416,1,389,0.002398081534772182,True
2007-08-28,416,416,0,389,0.0,True
2007-08-29,416,416,0,389,0.0,True
2007-08-30,416,416,0,389,0.0,True
2007-08-31,416,416,0,389,0.0,True
2007-09-04,416,416,0,389,0.0,True
2007-09-05,416,415,1,388,0.002403846153846154,True
2007-09-06,415,415,0,388,0.0,True
2007-09-07,415,416,0,388,0.0,True
2007-09-10,416,416,0,388,0.0,True
2007-09-11,416,416,0,388,0.0,True
2007-09-12,416,416,0,388,0.0,True
2007-09-13,416,416,0,388,0.0,True
2007-09-14,416,416,0,388,0.0,True
2007-09-17,416,416,0,388,0.0,True
2007-09-18,416,416,0,388,0.0,True
2007-09-19,416,416,0,388,0.0,True
2007-09-20,416,416,0,388,0.0,True
2007-09-21,416,416,0,388,0.0,True
2007-09-24,416,416,0,388,0.0,True
2007-09-25,416,416,0,388,0.0,True
2007-09-26,416,417,0,388,0.0,True
2007-09-27,416,417,0,387,0.0,True
2007-09-28,417,417,0,387,0.0,True
2007-10-01,417,417,1,386,0.002398081534772182,True
2007-10-02,417,417,1,385,0.002398081534772182,True
2007-10-03,417,417,0,386,0.0,True
2007-10-04,417,417,0,386,0.0,True
2007-10-05,417,416,1,385,0.002398081534772182,True
2007-10-08,416,417,0,385,0.0,True
2007-10-09,417,417,0,385,0.0,True
2007-10-10,417,417,1,384,0.002398081534772182,True
2007-10-11,417,417,0,384,0.0,True
2007-10-12,417,417,0,384,0.0,True
2007-10-15,417,417,0,384,0.0,True
2007-10-16,417,417,0,384,0.0,True
2007-10-17,417,417,0,384,0.0,True
2007-10-18,417,417,0,384,0.0,True
2007-10-19,417,417,0,384,0.0,True
2007-10-22,417,417,0,384,0.0,True
2007-10-23,417,417,0,384,0.0,True
2007-10-24,417,417,0,384,0.0,True
2007-10-25,417,417,0,384,0.0,True
2007-10-26,417,418,0,384,0.0,True
2007-10-29,418,418,1,383,0.0023923444976076554,True
2007-10-30,418,418,0,383,0.0,True
2007-10-31,418,418,0,383,0.0,True
2007-11-01,418,418,0,383,0.0,True
2007-11-02,418,418,0,383,0.0,True
2007-11-05,418,418,0,383,0.0,True
2007-11-06,418,418,0,383,0.0,True
2007-11-07,418,418,0,384,0.0,True
2007-11-08,418,418,0,384,0.0,True
2007-11-09,418,418,0,384,0.0,True
2007-11-12,418,418,0,384,0.0,True
2007-11-13,418,418,0,386,0.0,True
2007-11-14,418,418,0,386,0.0,True
2007-11-15,418,418,0,386,0.0,True
2007-11-16,418,419,0,386,0.0,True
2007-11-19,419,420,0,386,0.0,True
2007-11-20,420,420,0,387,0.0,True
2007-11-21,420,420,0,388,0.0,True
2007-11-23,420,420,0,388,0.0,True
2007-11-26,420,420,0,388,0.0,True
2007-11-27,420,420,0,388,0.0,True
2007-11-28,420,420,0,388,0.0,True
2007-11-29,420,420,0,388,0.0,True
2007-11-30,420,420,0,388,0.0,True
2007-12-03,420,420,0,388,0.0,True
2007-12-04,420,420,0,389,0.0,True
2007-12-05,420,420,0,389,0.0,True
2007-12-06,420,420,0,389,0.0,True
2007-12-07,420,420,0,389,0.0,True
2007-12-10,420,420,0,389,0.0,True
2007-12-11,420,420,0,389,0.0,True
2007-12-12,420,420,0,389,0.0,True
2007-12-13,420,419,1,388,0.002380952380952381,True
2007-12-14,419,420,0,388,0.0,True
2007-12-17,420,420,0,388,0.0,True
2007-12-18,420,419,1,387,0.002380952380952381,True
2007-12-19,419,419,0,387,0.0,True
2007-12-20,419,419,0,387,0.0,True
2007-12-21,419,420,0,388,0.0,True
2007-12-24,420,420,0,388,0.0,True
2007-12-26,420,420,0,388,0.0,True
2007-12-27,420,420,0,388,0.0,True
2007-12-28,420,419,1,387,0.002380952380952381,True
2007-12-31,419,420,0,387,0.0,True
2008-01-02,420,420,1,386,0.002380952380952381,True
2008-01-03,420,420,0,386,0.0,True
2008-01-04,420,420,0,387,0.0,True
2008-01-07,420,420,0,387,0.0,True
2008-01-08,420,420,0,387,0.0,True
2008-01-09,420,420,0,387,0.0,True
2008-01-10,420,420,0,388,0.0,True
2008-01-11,420,420,0,388,0.0,True
2008-01-14,420,420,0,388,0.0,True
2008-01-15,420,420,0,388,0.0,True
2008-01-16,420,420,0,388,0.0,True
2008-01-17,420,420,0,388,0.0,True
2008-01-18,420,420,0,388,0.0,True
2008-01-22,420,420,0,388,0.0,True
2008-01-23,420,420,0,388,0.0,True
2008-01-24,420,420,0,388,0.0,True
2008-01-25,420,420,0,388,0.0,True
2008-01-28,420,420,0,388,0.0,True
2008-01-29,420,420,0,388,0.0,True
2008-01-30,420,420,0,388,0.0,True
2008-01-31,420,420,0,388,0.0,True
2008-02-01,420,420,0,388,0.0,True
2008-02-04,420,420,0,389,0.0,True
2008-02-05,420,420,0,389,0.0,True
2008-02-06,420,420,0,389,0.0,True
2008-02-07,420,420,0,389,0.0,True
2008-02-08,420,420,0,389,0.0,True
2008-02-11,420,420,0,389,0.0,True
2008-02-12,420,420,0,390,0.0,True
2008-02-13,420,420,0,390,0.0,True
2008-02-14,420,420,0,390,0.0,True
2008-02-15,420,420,0,391,0.0,True
2008-02-19,420,420,0,391,0.0,True
2008-02-20,420,420,0,391,0.0,True
2008-02-21,420,420,0,391,0.0,True
2008-02-22,420,420,0,392,0.0,True
2008-02-25,420,420,0,392,0.0,True
2008-02-26,420,420,0,392,0.0,True
2008-02-27,420,420,0,392,0.0,True
2008-02-28,420,420,0,392,0.0,True
2008-02-29,420,420,0,392,0.0,True
2008-03-03,420,420,0,393,0.0,True
2008-03-04,420,420,0,393,0.0,True
2008-03-05,420,420,0,393,0.0,True
2008-03-06,420,420,0,393,0.0,True
2008-03-07,420,420,0,393,0.0,True
2008-03-10,420,420,0,393,0.0,True
2008-03-11,420,420,0,393,0.0,True
2008-03-12,420,420,0,393,0.0,True
2008-03-13,420,420,0,393,0.0,True
2008-03-14,420,420,0,393,0.0,True
2008-03-17,420,420,0,393,0.0,True
2008-03-18,420,420,0,393,0.0,True
2008-03-19,420,419,1,393,0.002380952380952381,True
2008-03-20,419,419,0,393,0.0,True
2008-03-24,419,419,0,393,0.0,True
2008-03-25,419,419,0,394,0.0,True
2008-03-26,419,419,0,394,0.0,True
2008-03-27,419,419,0,394,0.0,True
2008-03-28,419,419,0,394,0.0,True
2008-03-31,419,420,0,395,0.0,True
2008-04-01,420,420,0,395,0.0,True
2008-04-02,420,420,0,396,0.0,True
2008-04-03,420,420,0,396,0.0,True
2008-04-04,420,420,0,396,0.0,True
2008-04-07,420,420,0,396,0.0,True
2008-04-08,420,420,0,396,0.0,True
2008-04-09,420,420,0,397,0.0,True
2008-04-10,420,420,0,397,0.0,True
2008-04-11,420,420,0,397,0.0,True
2008-04-14,420,420,0,397,0.0,True
2008-04-15,420,420,0,397,0.0,True
2008-04-16,420,420,0,397,0.0,True
2008-04-17,420,420,0,397,0.0,True
2008-04-18,420,420,0,397,0.0,True
2008-04-21,420,420,0,397,0.0,True
2008-04-22,420,420,0,397,0.0,True
2008-04-23,420,420,0,397,0.0,True
2008-04-24,420,420,0,397,0.0,True
2008-04-25,420,420,0,397,0.0,True
2008-04-28,420,420,0,397,0.0,True
2008-04-29,420,420,0,397,0.0,True
2008-04-30,420,420,0,397,0.0,True
2008-05-01,420,420,0,397,0.0,True
2008-05-02,420,420,0,397,0.0,True
2008-05-05,420,420,0,397,0.0,True
2008-05-06,420,420,0,397,0.0,True
2008-05-07,420,420,0,397,0.0,True
2008-05-08,420,420,0,397,0.0,True
2008-05-09,420,420,0,397,0.0,True
2008-05-12,420,420,0,397,0.0,True
2008-05-13,420,420,0,397,0.0,True
2008-05-14,420,420,0,397,0.0,True
2008-05-15,420,420,0,397,0.0,True
2008-05-16,420,420,0,397,0.0,True
2008-05-19,420,420,0,397,0.0,True
2008-05-20,420,420,0,397,0.0,True
2008-05-21,420,420,0,397,0.0,True
2008-05-22,420,420,0,397,0.0,True
2008-05-23,420,420,0,397,0.0,True
2008-05-27,420,420,0,397,0.0,True
2008-05-28,420,420,0,397,0.0,True
2008-05-29,420,420,0,397,0.0,True
2008-05-30,420,420,0,397,0.0,True
2008-06-02,420,421,0,398,0.0,True
2008-06-03,421,421,0,398,0.0,True
2008-06-04,421,421,0,398,0.0,True
2008-06-05,421,421,0,398,0.0,True
2008-06-06,420,421,0,397,0.0,True
2008-06-09,421,421,0,397,0.0,True
2008-06-10,422,421,1,397,0.002369668246445498,True
2008-06-11,421,422,0,397,0.0,True
2008-06-12,422,422,0,397,0.0,True
2008-06-13,422,422,0,397,0.0,True
2008-06-16,422,422,0,397,0.0,True
2008-06-17,422,422,0,397,0.0,True
2008-06-18,422,422,0,397,0.0,True
2008-06-19,422,420,2,395,0.004739336492890996,True
2008-06-20,420,420,0,395,0.0,True
2008-06-23,420,421,0,395,0.0,True
2008-06-24,421,421,0,395,0.0,True
2008-06-25,421,421,0,395,0.0,True
2008-06-26,421,421,0,395,0.0,True
2008-06-27,421,421,0,395,0.0,True
2008-06-30,421,421,0,395,0.0,True
2008-07-01,421,421,2,397,0.004750593824228029,True
2008-07-02,421,421,0,397,0.0,True
2008-07-03,421,421,0,397,0.0,True
2008-07-07,421,421,0,397,0.0,True
2008-07-08,421,421,0,398,0.0,True
2008-07-09,421,421,0,398,0.0,True
2008-07-10,421,421,0,398,0.0,True
2008-07-11,421,421,0,399,0.0,True
2008-07-14,421,421,0,399,0.0,True
2008-07-15,421,421,0,399,0.0,True
2008-07-16,421,421,0,399,0.0,True
2008-07-17,421,421,0,399,0.0,True
2008-07-18,421,422,0,399,0.0,True
2008-07-21,422,422,0,399,0.0,True
2008-07-22,422,422,0,399,0.0,True
2008-07-23,422,422,0,399,0.0,True
2008-07-24,422,422,0,399,0.0,True
2008-07-25,422,422,0,399,0.0,True
2008-07-28,422,422,0,399,0.0,True
2008-07-29,422,422,0,399,0.0,True
2008-07-30,422,421,1,398,0.002369668246445498,True
2008-07-31,421,422,0,398,0.0,True
2008-08-01,422,422,0,398,0.0,True
2008-08-04,422,422,0,398,0.0,True
2008-08-05,422,422,0,398,0.0,True
2008-08-06,422,422,0,398,0.0,True
2008-08-07,422,422,0,398,0.0,True
2008-08-08,422,422,0,398,0.0,True
2008-08-11,422,422,0,398,0.0,True
2008-08-12,422,422,0,398,0.0,True
2008-08-13,422,422,0,398,0.0,True
2008-08-14,422,422,0,398,0.0,True
2008-08-15,422,422,0,398,0.0,True
2008-08-18,422,422,0,398,0.0,True
2008-08-19,422,421,1,397,0.002369668246445498,True
2008-08-20,421,421,0,397,0.0,True
2008-08-21,421,422,0,397,0.0,True
2008-08-22,422,422,0,397,0.0,True
2008-08-25,422,422,0,397,0.0,True
2008-08-26,422,421,1,396,0.002369668246445498,True
2008-08-27,421,422,0,396,0.0,True
2008-08-28,422,422,0,396,0.0,True
2008-08-29,422,422,0,396,0.0,True
2008-09-02,422,422,0,396,0.0,True
2008-09-03,422,422,0,396,0.0,True
2008-09-04,422,422,0,396,0.0,True
2008-09-05,422,422,0,396,0.0,True
2008-09-08,422,422,0,397,0.0,True
2008-09-09,422,420,2,395,0.004739336492890996,True
2008-09-10,420,420,0,395,0.0,True
2008-09-11,420,420,0,395,0.0,True
2008-09-12,420,420,0,395,0.0,True
2008-09-15,420,422,0,395,0.0,True
2008-09-16,423,422,1,395,0.002364066193853428,True
2008-09-17,422,422,0,395,0.0,True
2008-09-18,422,422,0,395,0.0,True
2008-09-19,422,422,0,395,0.0,True
2008-09-22,422,423,0,395,0.0,True
2008-09-23,423,423,0,395,0.0,True
2008-09-24,423,424,0,395,0.0,True
2008-09-25,424,424,0,396,0.0,True
2008-09-26,424,424,0,397,0.0,True
2008-09-29,424,423,1,396,0.0023584905660377358,True
2008-09-30,423,424,0,397,0.0,True
2008-10-01,424,424,0,398,0.0,True
2008-10-02,424,425,0,398,0.0,True
2008-10-03,425,425,0,398,0.0,True
2008-10-06,425,425,0,398,0.0,True
2008-10-07,425,425,1,398,0.002352941176470588,True
2008-10-08,425,425,0,398,0.0,True
2008-10-09,425,425,0,399,0.0,True
2008-10-10,425,425,0,399,0.0,True
2008-10-13,425,425,0,399,0.0,True
2008-10-14,425,425,0,399,0.0,True
2008-10-15,425,425,0,399,0.0,True
2008-10-16,425,425,0,399,0.0,True
2008-10-17,425,424,1,398,0.002352941176470588,True
2008-10-20,424,424,0,398,0.0,True
2008-10-21,424,424,0,398,0.0,True
2008-10-22,424,425,0,398,0.0,True
2008-10-23,425,425,0,398,0.0,True
2008-10-24,425,425,0,398,0.0,True
2008-10-27,425,425,0,399,0.0,True
2008-10-28,425,425,0,400,0.0,True
2008-10-29,425,424,1,399,0.002352941176470588,True
2008-10-30,424,424,0,399,0.0,True
2008-10-31,424,425,0,399,0.0,True
2008-11-03,425,425,0,399,0.0,True
2008-11-04,425,425,0,399,0.0,True
2008-11-05,425,425,0,399,0.0,True
2008-11-06,425,425,1,398,0.002352941176470588,True
2008-11-07,425,425,0,398,0.0,True
2008-11-10,425,424,1,397,0.002352941176470588,True
2008-11-11,424,424,0,397,0.0,True
2008-11-12,424,424,0,397,0.0,True
2008-11-13,423,424,0,396,0.0,True
2008-11-14,424,424,2,394,0.0047169811320754715,True
2008-11-17,424,425,0,395,0.0,True
2008-11-18,425,425,0,396,0.0,True
2008-11-19,425,426,0,396,0.0,True
2008-11-20,426,426,0,396,0.0,True
2008-11-21,426,426,0,396,0.0,True
2008-11-24,426,426,0,396,0.0,True
2008-11-25,426,426,0,396,0.0,True
2008-11-26,426,426,0,396,0.0,True
2008-11-28,426,426,0,396,0.0,True
2008-12-01,426,425,1,395,0.002347417840375587,True
2008-12-02,425,425,0,395,0.0,True
2008-12-03,425,425,0,395,0.0,True
2008-12-04,425,425,0,395,0.0,True
2008-12-05,425,425,1,394,0.002352941176470588,True
2008-12-08,425,425,0,394,0.0,True
2008-12-09,425,425,0,394,0.0,True
2008-12-10,425,425,0,394,0.0,True
2008-12-11,425,425,0,394,0.0,True
2008-12-12,425,425,0,394,0.0,True
2008-12-15,425,425,0,395,0.0,True
2008-12-16,425,425,0,395,0.0,True
2008-12-17,424,424,0,394,0.0,True
2008-12-18,424,424,0,394,0.0,True
2008-12-19,424,425,0,394,0.0,True
2008-12-22,425,425,0,395,0.0,True
2008-12-23,425,425,1,394,0.002352941176470588,True
2008-12-24,425,425,0,394,0.0,True
2008-12-26,425,425,0,394,0.0,True
2008-12-29,425,425,0,394,0.0,True
2008-12-30,425,424,1,394,0.002352941176470588,True
2008-12-31,424,424,0,395,0.0,True
2009-01-02,424,427,0,395,0.0,True
2009-01-05,427,427,0,395,0.0,True
2009-01-06,427,428,0,395,0.0,True
2009-01-07,428,428,0,395,0.0,True
2009-01-08,428,428,0,395,0.0,True
2009-01-09,428,428,0,395,0.0,True
2009-01-12,428,428,0,395,0.0,True
2009-01-13,428,428,0,395,0.0,True
2009-01-14,428,428,0,395,0.0,True
2009-01-15,428,428,0,395,0.0,True
2009-01-16,428,428,0,395,0.0,True
2009-01-20,428,428,0,395,0.0,True
2009-01-21,428,428,0,395,0.0,True
2009-01-22,428,428,0,395,0.0,True
2009-01-23,428,428,0,395,0.0,True
2009-01-26,428,428,0,395,0.0,True
2009-01-27,428,428,0,395,0.0,True
2009-01-28,428,428,0,395,0.0,True
2009-01-29,428,427,1,394,0.002336448598130841,True
2009-01-30,427,428,0,394,0.0,True
2009-02-02,428,428,0,394,0.0,True
2009-02-03,428,428,0,394,0.0,True
2009-02-04,428,428,0,394,0.0,True
2009-02-05,428,428,0,394,0.0,True
2009-02-06,428,428,0,394,0.0,True
2009-02-09,428,428,0,394,0.0,True
2009-02-10,428,428,0,394,0.0,True
2009-02-11,428,428,0,394,0.0,True
2009-02-12,428,428,0,394,0.0,True
2009-02-13,428,428,0,394,0.0,True
2009-02-17,428,428,0,394,0.0,True
2009-02-18,428,428,0,394,0.0,True
2009-02-19,428,428,0,394,0.0,True
2009-02-20,428,428,0,394,0.0,True
2009-02-23,428,428,0,394,0.0,True
2009-02-24,428,428,0,394,0.0,True
2009-02-25,428,428,0,394,0.0,True
2009-02-26,428,427,1,393,0.002336448598130841,True
2009-02-27,427,427,0,393,0.0,True
2009-03-02,427,427,0,393,0.0,True
2009-03-03,427,425,2,391,0.00468384074941452,True
2009-03-04,425,427,0,391,0.0,True
2009-03-05,427,427,0,391,0.0,True
2009-03-06,427,427,0,391,0.0,True
2009-03-09,427,427,0,391,0.0,True
2009-03-10,427,427,0,391,0.0,True
2009-03-11,427,427,0,391,0.0,True
2009-03-12,427,427,0,391,0.0,True
2009-03-13,427,427,0,391,0.0,True
2009-03-16,427,427,0,391,0.0,True
2009-03-17,427,427,0,391,0.0,True
2009-03-18,427,427,0,391,0.0,True
2009-03-19,427,427,0,391,0.0,True
2009-03-20,427,427,0,391,0.0,True
2009-03-23,427,427,0,391,0.0,True
2009-03-24,427,427,0,391,0.0,True
2009-03-25,427,427,0,391,0.0,True
2009-03-26,427,427,0,391,0.0,True
2009-03-27,427,428,0,391,0.0,True
2009-03-30,428,428,1,391,0.002336448598130841,True
2009-03-31,428,428,0,391,0.0,True
2009-04-01,428,428,0,391,0.0,True
2009-04-02,428,428,1,390,0.002336448598130841,True
2009-04-03,428,428,0,390,0.0,True
2009-04-06,428,428,0,390,0.0,True
2009-04-07,428,428,0,390,0.0,True
2009-04-08,428,428,0,390,0.0,True
2009-04-09,428,428,0,390,0.0,True
2009-04-13,428,428,0,390,0.0,True
2009-04-14,428,428,0,390,0.0,True
2009-04-15,428,428,0,390,0.0,True
2009-04-16,428,428,0,390,0.0,True
2009-04-17,428,428,0,390,0.0,True
2009-04-20,428,428,0,390,0.0,True
2009-04-21,428,428,0,390,0.0,True
2009-04-22,428,428,0,390,0.0,True
2009-04-23,428,428,0,390,0.0,True
2009-04-24,428,428,0,390,0.0,True
2009-04-27,428,428,0,390,0.0,True
2009-04-28,428,428,0,390,0.0,True
2009-04-29,428,428,0,390,0.0,True
2009-04-30,428,428,0,390,0.0,True
2009-05-01,428,428,0,390,0.0,True
2009-05-04,428,428,0,390,0.0,True
2009-05-05,428,428,0,390,0.0,True
2009-05-06,428,428,0,390,0.0,True
2009-05-07,428,428,0,390,0.0,True
2009-05-08,428,428,0,390,0.0,True
2009-05-11,428,428,0,390,0.0,True
2009-05-12,428,428,0,390,0.0,True
2009-05-13,428,428,0,390,0.0,True
2009-05-14,428,428,0,390,0.0,True
2009-05-15,428,428,0,390,0.0,True
2009-05-18,428,428,0,390,0.0,True
2009-05-19,428,428,0,390,0.0,True
2009-05-20,428,428,0,390,0.0,True
2009-05-21,428,428,0,390,0.0,True
2009-05-22,428,428,0,390,0.0,True
2009-05-26,428,428,0,390,0.0,True
2009-05-27,428,428,0,390,0.0,True
2009-05-28,428,428,0,390,0.0,True
2009-05-29,429,428,1,390,0.002331002331002331,True
2009-06-01,428,428,0,390,0.0,True
2009-06-02,428,428,0,391,0.0,True
2009-06-03,428,428,0,391,0.0,True
2009-06-04,428,428,0,391,0.0,True
2009-06-05,427,428,0,390,0.0,True
2009-06-08,428,428,0,391,0.0,True
2009-06-09,428,428,0,391,0.0,True
2009-06-10,428,428,0,391,0.0,True
2009-06-11,428,428,0,392,0.0,True
2009-06-12,428,428,0,392,0.0,True
2009-06-15,428,428,0,392,0.0,True
2009-06-16,428,428,0,392,0.0,True
2009-06-17,428,428,0,392,0.0,True
2009-06-18,428,428,0,392,0.0,True
2009-06-19,428,428,0,392,0.0,True
2009-06-22,428,428,0,392,0.0,True
2009-06-23,428,428,0,393,0.0,True
2009-06-24,428,428,0,393,0.0,True
2009-06-25,428,428,0,393,0.0,True
2009-06-26,427,427,0,392,0.0,True
2009-06-29,427,427,0,392,0.0,True
2009-06-30,427,428,0,392,0.0,True
2009-07-01,428,430,0,394,0.0,True
2009-07-02,430,430,0,394,0.0,True
2009-07-06,430,430,0,394,0.0,True
2009-07-07,430,430,0,394,0.0,True
2009-07-08,430,430,0,394,0.0,True
2009-07-09,430,430,0,394,0.0,True
2009-07-10,430,430,0,394,0.0,True
2009-07-13,430,430,0,394,0.0,True
2009-07-14,430,430,0,394,0.0,True
2009-07-15,430,430,0,394,0.0,True
2009-07-16,430,430,0,394,0.0,True
2009-07-17,430,430,0,394,0.0,True
2009-07-20,430,429,1,394,0.002325581395348837,True
2009-07-21,429,429,0,394,0.0,True
2009-07-22,429,429,0,394,0.0,True
2009-07-23,429,429,0,394,0.0,True
2009-07-24,429,429,0,394,0.0,True
2009-07-27,429,430,0,394,0.0,True
2009-07-28,430,430,0,394,0.0,True
2009-07-29,430,430,0,394,0.0,True
2009-07-30,430,430,0,394,0.0,True
2009-07-31,430,430,0,395,0.0,True
2009-08-03,430,430,0,395,0.0,True
2009-08-04,430,430,0,395,0.0,True
2009-08-05,430,430,0,395,0.0,True
2009-08-06,430,430,0,395,0.0,True
2009-08-07,430,430,0,395,0.0,True
2009-08-10,430,430,0,395,0.0,True
2009-08-11,430,430,0,395,0.0,True
2009-08-12,430,430,0,395,0.0,True
2009-08-13,430,430,0,395,0.0,True
2009-08-14,430,430,0,395,0.0,True
2009-08-17,430,430,0,395,0.0,True
2009-08-18,430,430,0,395,0.0,True
2009-08-19,430,431,0,395,0.0,True
2009-08-20,431,431,0,395,0.0,True
2009-08-21,431,431,0,396,0.0,True
2009-08-24,431,431,0,396,0.0,True
2009-08-25,431,431,0,396,0.0,True
2009-08-26,431,431,0,396,0.0,True
2009-08-27,431,431,0,397,0.0,True
2009-08-28,431,431,0,397,0.0,True
2009-08-31,431,431,0,397,0.0,True
2009-09-01,431,431,1,396,0.002320185614849188,True
2009-09-02,431,431,0,396,0.0,True
2009-09-03,431,431,0,396,0.0,True
2009-09-04,431,431,0,396,0.0,True
2009-09-08,431,431,0,396,0.0,True
2009-09-09,430,431,0,395,0.0,True
2009-09-10,431,431,0,395,0.0,True
2009-09-11,431,431,0,395,0.0,True
2009-09-14,431,431,0,395,0.0,True
2009-09-15,431,431,0,397,0.0,True
2009-09-16,431,431,0,397,0.0,True
2009-09-17,431,431,0,397,0.0,True
2009-09-18,431,431,0,397,0.0,True
2009-09-21,431,431,0,397,0.0,True
2009-09-22,431,431,0,398,0.0,True
2009-09-23,431,431,0,398,0.0,True
2009-09-24,431,431,0,399,0.0,True
2009-09-25,431,431,0,399,0.0,True
2009-09-28,431,431,0,399,0.0,True
2009-09-29,431,431,0,399,0.0,True
2009-09-30,431,431,0,400,0.0,True
2009-10-01,431,431,0,400,0.0,True
2009-10-02,431,431,0,401,0.0,True
2009-10-05,431,431,0,401,0.0,True
2009-10-06,431,431,0,401,0.0,True
2009-10-07,431,431,0,402,0.0,True
2009-10-08,431,431,0,402,0.0,True
2009-10-09,431,431,0,402,0.0,True
2009-10-12,431,431,0,402,0.0,True
2009-10-13,431,431,0,402,0.0,True
2009-10-14,431,431,0,402,0.0,True
2009-10-15,431,431,0,402,0.0,True
2009-10-16,431,431,1,401,0.002320185614849188,True
2009-10-19,431,431,0,401,0.0,True
2009-10-20,431,431,0,401,0.0,True
2009-10-21,431,431,0,401,0.0,True
2009-10-22,431,431,0,402,0.0,True
2009-10-23,431,431,0,402,0.0,True
2009-10-26,431,431,0,402,0.0,True
2009-10-27,431,431,0,402,0.0,True
2009-10-28,431,431,0,402,0.0,True
2009-10-29,431,431,0,402,0.0,True
2009-10-30,431,431,0,402,0.0,True
2009-11-02,431,431,0,403,0.0,True
2009-11-03,431,431,0,403,0.0,True
2009-11-04,431,431,0,403,0.0,True
2009-11-05,431,431,0,403,0.0,True
2009-11-06,431,432,0,404,0.0,True
2009-11-09,432,432,0,404,0.0,True
2009-11-10,432,432,0,404,0.0,True
2009-11-11,432,432,0,404,0.0,True
2009-11-12,432,432,0,404,0.0,True
2009-11-13,432,432,0,405,0.0,True
2009-11-16,432,432,0,407,0.0,True
2009-11-17,432,432,0,408,0.0,True
2009-11-18,432,432,0,408,0.0,True
2009-11-19,432,432,0,409,0.0,True
2009-11-20,432,432,0,409,0.0,True
2009-11-23,432,432,0,409,0.0,True
2009-11-24,432,432,0,409,0.0,True
2009-11-25,432,432,0,409,0.0,True
2009-11-27,432,432,0,409,0.0,True
2009-11-30,432,432,0,409,0.0,True
2009-12-01,432,432,0,409,0.0,True
2009-12-02,432,432,0,409,0.0,True
2009-12-03,432,432,0,409,0.0,True
2009-12-04,432,432,0,409,0.0,True
2009-12-07,432,432,0,410,0.0,True
2009-12-08,432,432,0,410,0.0,True
2009-12-09,432,432,0,410,0.0,True
2009-12-10,432,432,0,410,0.0,True
2009-12-11,432,432,0,410,0.0,True
2009-12-14,432,432,0,410,0.0,True
2009-12-15,432,432,0,410,0.0,True
2009-12-16,432,432,0,410,0.0,True
2009-12-17,432,432,0,410,0.0,True
2009-12-18,431,428,3,406,0.0069605568445475635,True
2009-12-21,428,433,0,407,0.0,True
2009-12-22,433,433,0,407,0.0,True
2009-12-23,432,433,0,407,0.0,True
2009-12-24,433,433,0,407,0.0,True
2009-12-28,433,433,0,407,0.0,True
2009-12-29,433,433,0,407,0.0,True
2009-12-30,433,433,0,407,0.0,True
2009-12-31,433,433,0,407,0.0,True
2010-01-04,433,433,0,410,0.0,True
2010-01-05,433,433,0,410,0.0,True
2010-01-06,433,433,0,411,0.0,True
2010-01-07,433,433,0,411,0.0,True
2010-01-08,433,433,0,411,0.0,True
2010-01-11,433,433,0,411,0.0,True
2010-01-12,433,433,0,411,0.0,True
2010-01-13,433,433,0,411,0.0,True
2010-01-14,433,433,0,411,0.0,True
2010-01-15,433,433,0,411,0.0,True
2010-01-19,433,433,0,411,0.0,True
2010-01-20,433,433,0,411,0.0,True
2010-01-21,433,433,0,411,0.0,True
2010-01-22,433,433,0,411,0.0,True
2010-01-25,433,433,0,411,0.0,True
2010-01-26,433,433,0,411,0.0,True
2010-01-27,433,433,0,411,0.0,True
2010-01-28,433,433,0,411,0.0,True
2010-01-29,433,434,0,411,0.0,True
2010-02-01,434,434,0,412,0.0,True
2010-02-02,434,434,0,412,0.0,True
2010-02-03,434,433,1,411,0.002304147465437788,True
2010-02-04,433,433,0,411,0.0,True
2010-02-05,433,433,0,411,0.0,True
2010-02-08,433,434,0,411,0.0,True
2010-02-09,434,434,0,411,0.0,True
2010-02-10,434,434,0,411,0.0,True
2010-02-11,434,433,1,410,0.002304147465437788,True
2010-02-12,433,433,0,410,0.0,True
2010-02-16,433,433,0,410,0.0,True
2010-02-17,433,433,0,410,0.0,True
2010-02-18,433,433,0,410,0.0,True
2010-02-19,433,433,0,410,0.0,True
2010-02-22,433,433,0,410,0.0,True
2010-02-23,433,433,0,410,0.0,True
2010-02-24,433,432,1,409,0.0023094688221709007,True
2010-02-25,432,432,0,409,0.0,True
2010-02-26,432,432,0,409,0.0,True
2010-03-01,432,433,1,408,0.0023148148148148147,True
2010-03-02,433,433,0,408,0.0,True
2010-03-03,433,433,0,408,0.0,True
2010-03-04,433,433,0,410,0.0,True
2010-03-05,433,433,0,410,0.0,True
2010-03-08,433,433,0,410,0.0,True
2010-03-09,433,433,0,410,0.0,True
2010-03-10,433,433,0,410,0.0,True
2010-03-11,433,433,0,410,0.0,True
2010-03-12,433,432,1,409,0.0023094688221709007,True
2010-03-15,432,433,0,409,0.0,True
2010-03-16,433,433,0,409,0.0,True
2010-03-17,433,433,0,409,0.0,True
2010-03-18,433,433,0,409,0.0,True
2010-03-19,433,433,0,409,0.0,True
2010-03-22,433,433,0,409,0.0,True
2010-03-23,433,433,0,409,0.0,True
2010-03-24,433,433,0,409,0.0,True
2010-03-25,433,433,0,409,0.0,True
2010-03-26,433,433,0,409,0.0,True
2010-03-29,433,433,0,410,0.0,True
2010-03-30,433,433,0,411,0.0,True
2010-03-31,433,433,0,411,0.0,True
2010-04-01,433,433,0,411,0.0,True
2010-04-05,433,433,0,412,0.0,True
2010-04-06,433,433,0,412,0.0,True
2010-04-07,433,433,0,412,0.0,True
2010-04-08,433,433,0,412,0.0,True
2010-04-09,433,433,0,412,0.0,True
2010-04-12,433,433,0,412,0.0,True
2010-04-13,433,433,0,412,0.0,True
2010-04-14,433,433,0,412,0.0,True
2010-04-15,433,433,0,412,0.0,True
2010-04-16,433,433,0,412,0.0,True
2010-04-19,433,433,0,412,0.0,True
2010-04-20,433,433,0,412,0.0,True
2010-04-21,433,433,0,412,0.0,True
2010-04-22,433,432,1,411,0.0023094688221709007,True
2010-04-23,432,432,0,411,0.0,True
2010-04-26,432,432,0,411,0.0,True
2010-04-27,432,432,0,411,0.0,True
2010-04-28,432,432,0,411,0.0,True
2010-04-29,432,432,0,411,0.0,True
2010-04-30,432,433,0,411,0.0,True
2010-05-03,433,433,0,411,0.0,True
2010-05-04,433,433,0,411,0.0,True
2010-05-05,433,433,0,411,0.0,True
2010-05-06,433,433,0,411,0.0,True
2010-05-07,433,433,0,411,0.0,True
2010-05-10,433,433,0,411,0.0,True
2010-05-11,433,433,0,411,0.0,True
2010-05-12,433,433,0,411,0.0,True
2010-05-13,433,433,0,411,0.0,True
2010-05-14,433,433,0,411,0.0,True
2010-05-17,433,433,0,411,0.0,True
2010-05-18,433,433,0,411,0.0,True
2010-05-19,433,433,0,411,0.0,True
2010-05-20,433,433,0,411,0.0,True
2010-05-21,433,433,0,411,0.0,True
2010-05-24,433,433,0,411,0.0,True
2010-05-25,433,433,0,411,0.0,True
2010-05-26,433,433,0,411,0.0,True
2010-05-27,433,433,0,411,0.0,True
2010-05-28,433,433,0,411,0.0,True
2010-06-01,433,433,0,411,0.0,True
2010-06-02,433,433,0,411,0.0,True
2010-06-03,433,433,0,411,0.0,True
2010-06-04,433,433,0,411,0.0,True
2010-06-07,433,433,0,412,0.0,True
2010-06-08,433,433,0,412,0.0,True
2010-06-09,433,433,0,412,0.0,True
2010-06-10,433,433,0,412,0.0,True
2010-06-11,433,433,0,412,0.0,True
2010-06-14,433,433,0,412,0.0,True
2010-06-15,433,433,0,412,0.0,True
2010-06-16,433,433,0,412,0.0,True
2010-06-17,433,433,0,412,0.0,True
2010-06-18,433,433,0,412,0.0,True
2010-06-21,433,433,0,412,0.0,True
2010-06-22,433,432,1,411,0.0023094688221709007,True
2010-06-23,432,432,0,411,0.0,True
2010-06-24,432,432,0,411,0.0,True
2010-06-25,432,432,0,411,0.0,True
2010-06-28,432,433,0,411,0.0,True
2010-06-29,433,433,0,411,0.0,True
2010-06-30,433,433,0,412,0.0,True
2010-07-01,433,434,0,414,0.0,True
2010-07-02,434,434,0,414,0.0,True
2010-07-06,434,434,0,414,0.0,True
2010-07-07,434,434,0,414,0.0,True
2010-07-08,434,434,0,414,0.0,True
2010-07-09,434,434,0,414,0.0,True
2010-07-12,434,434,0,414,0.0,True
2010-07-13,434,434,0,414,0.0,True
2010-07-14,434,434,0,414,0.0,True
2010-07-15,434,434,0,414,0.0,True
2010-07-16,434,434,0,414,0.0,True
2010-07-19,434,434,0,414,0.0,True
2010-07-20,434,434,0,414,0.0,True
2010-07-21,434,434,0,414,0.0,True
2010-07-22,434,434,0,414,0.0,True
2010-07-23,434,434,0,414,0.0,True
2010-07-26,434,434,0,414,0.0,True
2010-07-27,434,434,0,415,0.0,True
2010-07-28,434,434,0,415,0.0,True
2010-07-29,434,434,0,415,0.0,True
2010-07-30,434,434,0,415,0.0,True
2010-08-02,434,434,0,415,0.0,True
2010-08-03,434,434,0,415,0.0,True
2010-08-04,434,434,0,415,0.0,True
2010-08-05,434,434,0,415,0.0,True
2010-08-06,434,434,0,415,0.0,True
2010-08-09,434,434,0,415,0.0,True
2010-08-10,434,434,0,415,0.0,True
2010-08-11,434,434,0,415,0.0,True
2010-08-12,434,434,0,415,0.0,True
2010-08-13,434,434,0,415,0.0,True
2010-08-16,434,434,0,415,0.0,True
2010-08-17,434,434,0,415,0.0,True
2010-08-18,434,434,0,415,0.0,True
2010-08-19,434,434,0,416,0.0,True
2010-08-20,434,434,0,416,0.0,True
2010-08-23,434,434,0,416,0.0,True
2010-08-24,434,434,0,416,0.0,True
2010-08-25,434,434,0,416,0.0,True
2010-08-26,434,434,0,416,0.0,True
2010-08-27,434,434,0,416,0.0,True
2010-08-30,434,434,0,416,0.0,True
2010-08-31,434,434,0,416,0.0,True
2010-09-01,434,434,0,417,0.0,True
2010-09-02,434,434,0,417,0.0,True
2010-09-03,434,434,0,417,0.0,True
2010-09-07,434,434,0,417,0.0,True
2010-09-08,434,434,0,417,0.0,True
2010-09-09,434,434,0,418,0.0,True
2010-09-10,434,434,0,418,0.0,True
2010-09-13,434,434,0,418,0.0,True
2010-09-14,434,434,0,418,0.0,True
2010-09-15,434,434,0,418,0.0,True
2010-09-16,434,434,0,418,0.0,True
2010-09-17,434,434,0,418,0.0,True
2010-09-20,434,434,0,418,0.0,True
2010-09-21,434,434,0,418,0.0,True
2010-09-22,434,434,0,418,0.0,True
2010-09-23,434,434,0,418,0.0,True
2010-09-24,434,434,0,418,0.0,True
2010-09-27,434,434,0,418,0.0,True
2010-09-28,434,434,0,418,0.0,True
2010-09-29,434,434,0,418,0.0,True
2010-09-30,434,434,0,418,0.0,True
2010-10-01,434,434,0,418,0.0,True
2010-10-04,434,434,0,418,0.0,True
2010-10-05,434,434,0,418,0.0,True
2010-10-06,434,434,0,418,0.0,True
2010-10-07,434,434,0,418,0.0,True
2010-10-08,434,434,0,418,0.0,True
2010-10-11,434,434,0,418,0.0,True
2010-10-12,434,434,0,418,0.0,True
2010-10-13,434,434,0,418,0.0,True
2010-10-14,434,434,0,418,0.0,True
2010-10-15,434,434,0,418,0.0,True
2010-10-18,434,434,0,419,0.0,True
2010-10-19,434,434,0,419,0.0,True
2010-10-20,434,434,0,419,0.0,True
2010-10-21,434,434,0,419,0.0,True
2010-10-22,434,434,0,419,0.0,True
2010-10-25,434,434,0,419,0.0,True
2010-10-26,434,434,0,419,0.0,True
2010-10-27,434,434,0,419,0.0,True
2010-10-28,434,434,0,419,0.0,True
2010-10-29,434,434,0,419,0.0,True
2010-11-01,434,434,0,419,0.0,True
2010-11-02,434,434,0,419,0.0,True
2010-11-03,434,434,0,419,0.0,True
2010-11-04,434,434,0,419,0.0,True
2010-11-05,434,434,0,419,0.0,True
2010-11-08,434,434,0,420,0.0,True
2010-11-09,434,433,1,419,0.002304147465437788,True
2010-11-10,433,433,0,419,0.0,True
2010-11-11,433,433,0,419,0.0,True
2010-11-12,433,433,0,419,0.0,True
2010-11-15,433,433,0,419,0.0,True
2010-11-16,433,433,0,419,0.0,True
2010-11-17,433,433,0,419,0.0,True
2010-11-18,433,433,0,419,0.0,True
2010-11-19,433,433,0,419,0.0,True
2010-11-22,433,433,0,419,0.0,True
2010-11-23,433,433,0,419,0.0,True
2010-11-24,433,433,0,419,0.0,True
2010-11-26,433,433,0,419,0.0,True
2010-11-29,433,433,0,419,0.0,True
2010-11-30,433,433,0,419,0.0,True
2010-12-01,433,433,0,419,0.0,True
2010-12-02,433,433,0,419,0.0,True
2010-12-03,433,433,0,419,0.0,True
2010-12-06,433,433,0,419,0.0,True
2010-12-07,433,433,0,419,0.0,True
2010-12-08,433,433,0,419,0.0,True
2010-12-09,433,433,0,419,0.0,True
2010-12-10,433,433,0,419,0.0,True
2010-12-13,433,433,0,419,0.0,True
2010-12-14,433,433,0,419,0.0,True
2010-12-15,433,433,0,419,0.0,True
2010-12-16,433,433,0,419,0.0,True
2010-12-17,433,433,0,419,0.0,True
2010-12-20,433,433,3,416,0.006928406466512702,True
2010-12-21,433,433,0,421,0.0,True
2010-12-22,433,433,0,421,0.0,True
2010-12-23,433,433,0,422,0.0,True
2010-12-27,433,433,0,422,0.0,True
2010-12-28,433,433,0,422,0.0,True
2010-12-29,433,433,0,422,0.0,True
2010-12-30,433,433,0,422,0.0,True
2010-12-31,433,433,0,422,0.0,True
2011-01-03,433,432,1,421,0.0023094688221709007,True
2011-01-04,432,432,0,421,0.0,True
2011-01-05,432,432,0,421,0.0,True
2011-01-06,432,432,0,421,0.0,True
2011-01-07,432,432,0,421,0.0,True
2011-01-10,432,432,0,421,0.0,True
2011-01-11,432,432,0,421,0.0,True
2011-01-12,432,432,0,421,0.0,True
2011-01-13,432,431,1,420,0.0023148148148148147,True
2011-01-14,431,431,0,420,0.0,True
2011-01-18,431,431,0,420,0.0,True
2011-01-19,431,431,0,420,0.0,True
2011-01-20,431,431,0,420,0.0,True
2011-01-21,431,431,0,420,0.0,True
2011-01-24,431,431,0,420,0.0,True
2011-01-25,431,431,0,420,0.0,True
2011-01-26,431,431,0,420,0.0,True
2011-01-27,431,431,0,420,0.0,True
2011-01-28,431,431,0,421,0.0,True
2011-01-31,431,431,0,421,0.0,True
2011-02-01,431,431,0,421,0.0,True
2011-02-02,431,431,0,421,0.0,True
2011-02-03,431,431,0,421,0.0,True
2011-02-04,431,431,0,421,0.0,True
2011-02-07,431,431,0,422,0.0,True
2011-02-08,431,431,0,422,0.0,True
2011-02-09,431,431,0,422,0.0,True
2011-02-10,431,431,0,422,0.0,True
2011-02-11,431,431,0,422,0.0,True
2011-02-14,431,431,0,422,0.0,True
2011-02-15,431,431,0,422,0.0,True
2011-02-16,431,431,0,422,0.0,True
2011-02-17,431,431,0,422,0.0,True
2011-02-18,431,431,0,422,0.0,True
2011-02-22,431,431,0,422,0.0,True
2011-02-23,431,431,0,422,0.0,True
2011-02-24,431,430,1,421,0.002320185614849188,True
2011-02-25,430,430,0,421,0.0,True
2011-02-28,430,431,0,423,0.0,True
2011-03-01,431,431,1,422,0.002320185614849188,True
2011-03-02,431,431,0,422,0.0,True
2011-03-03,431,431,0,422,0.0,True
2011-03-04,431,431,0,422,0.0,True
2011-03-07,431,431,0,422,0.0,True
2011-03-08,431,431,0,422,0.0,True
2011-03-09,431,431,0,422,0.0,True
2011-03-10,431,431,0,422,0.0,True
2011-03-11,431,431,0,422,0.0,True
2011-03-14,431,431,0,423,0.0,True
2011-03-15,431,431,0,423,0.0,True
2011-03-16,431,431,0,423,0.0,True
2011-03-17,431,431,0,423,0.0,True
2011-03-18,431,431,0,423,0.0,True
2011-03-21,431,431,0,423,0.0,True
2011-03-22,431,431,0,423,0.0,True
2011-03-23,431,431,0,423,0.0,True
2011-03-24,431,431,0,423,0.0,True
2011-03-25,431,431,0,423,0.0,True
2011-03-28,431,431,0,423,0.0,True
2011-03-29,431,431,0,423,0.0,True
2011-03-30,431,431,0,423,0.0,True
2011-03-31,431,431,0,423,0.0,True
2011-04-01,431,432,0,423,0.0,True
2011-04-04,432,433,0,423,0.0,True
2011-04-05,433,433,0,423,0.0,True
2011-04-06,433,433,0,423,0.0,True
2011-04-07,433,433,0,423,0.0,True
2011-04-08,433,433,0,423,0.0,True
2011-04-11,433,433,0,423,0.0,True
2011-04-12,433,433,0,423,0.0,True
2011-04-13,433,433,0,423,0.0,True
2011-04-14,433,433,0,423,0.0,True
2011-04-15,433,433,0,423,0.0,True
2011-04-18,433,433,0,423,0.0,True
2011-04-19,433,433,0,423,0.0,True
2011-04-20,433,433,0,423,0.0,True
2011-04-21,433,433,0,423,0.0,True
2011-04-25,433,433,0,423,0.0,True
2011-04-26,433,432,1,422,0.0023094688221709007,True
2011-04-27,432,432,0,422,0.0,True
2011-04-28,432,433,0,422,0.0,True
2011-04-29,433,433,0,423,0.0,True
2011-05-02,433,433,0,423,0.0,True
2011-05-03,433,433,0,423,0.0,True
2011-05-04,433,433,0,423,0.0,True
2011-05-05,433,433,0,423,0.0,True
2011-05-06,433,433,0,423,0.0,True
2011-05-09,433,433,0,423,0.0,True
2011-05-10,433,433,0,423,0.0,True
2011-05-11,433,433,0,423,0.0,True
2011-05-12,433,433,0,423,0.0,True
2011-05-13,433,433,0,423,0.0,True
2011-05-16,433,433,0,423,0.0,True
2011-05-17,433,433,0,423,0.0,True
2011-05-18,433,433,0,423,0.0,True
2011-05-19,433,433,0,423,0.0,True
2011-05-20,433,433,0,423,0.0,True
2011-05-23,433,433,0,423,0.0,True
2011-05-24,433,432,1,422,0.0023094688221709007,True
2011-05-25,432,432,0,422,0.0,True
2011-05-26,432,432,0,422,0.0,True
2011-05-27,432,432,0,422,0.0,True
2011-05-31,432,432,0,422,0.0,True
2011-06-01,432,432,0,422,0.0,True
2011-06-02,432,432,0,422,0.0,True
2011-06-03,432,432,0,422,0.0,True
2011-06-06,432,432,0,422,0.0,True
2011-06-07,432,432,0,422,0.0,True
2011-06-08,432,432,0,422,0.0,True
2011-06-09,432,432,0,422,0.0,True
2011-06-10,432,432,0,422,0.0,True
2011-06-13,432,432,0,422,0.0,True
2011-06-14,432,432,0,422,0.0,True
2011-06-15,432,432,0,422,0.0,True
2011-06-16,432,432,0,422,0.0,True
2011-06-17,432,432,0,422,0.0,True
2011-06-20,432,432,0,422,0.0,True
2011-06-21,432,432,0,422,0.0,True
2011-06-22,432,432,0,422,0.0,True
2011-06-23,432,432,0,422,0.0,True
2011-06-24,432,432,0,422,0.0,True
2011-06-27,432,432,0,423,0.0,True
2011-06-28,432,432,0,423,0.0,True
2011-06-29,432,432,0,423,0.0,True
2011-06-30,433,432,1,424,0.0023094688221709007,True
2011-07-01,432,433,0,424,0.0,True
2011-07-05,433,433,0,424,0.0,True
2011-07-06,433,434,0,424,0.0,True
2011-07-07,434,434,0,424,0.0,True
2011-07-08,434,434,0,424,0.0,True
2011-07-11,434,434,0,424,0.0,True
2011-07-12,434,434,0,424,0.0,True
2011-07-13,434,434,0,424,0.0,True
2011-07-14,434,434,0,424,0.0,True
2011-07-15,434,434,0,424,0.0,True
2011-07-18,434,434,0,424,0.0,True
2011-07-19,434,434,0,424,0.0,True
2011-07-20,434,434,0,424,0.0,True
2011-07-21,434,434,0,424,0.0,True
2011-07-22,434,434,0,424,0.0,True
2011-07-25,434,434,0,424,0.0,True
2011-07-26,434,434,0,424,0.0,True
2011-07-27,434,434,0,424,0.0,True
2011-07-28,434,434,0,424,0.0,True
2011-07-29,434,434,0,424,0.0,True
2011-08-01,434,434,0,424,0.0,True
2011-08-02,434,434,0,424,0.0,True
2011-08-03,434,434,0,424,0.0,True
2011-08-04,434,434,0,424,0.0,True
2011-08-05,434,434,0,424,0.0,True
2011-08-08,434,434,0,424,0.0,True
2011-08-09,434,434,0,424,0.0,True
2011-08-10,434,434,0,424,0.0,True
2011-08-11,434,434,0,424,0.0,True
2011-08-12,434,434,0,424,0.0,True
2011-08-15,434,434,0,424,0.0,True
2011-08-16,434,434,0,424,0.0,True
2011-08-17,434,434,0,424,0.0,True
2011-08-18,434,434,0,424,0.0,True
2011-08-19,434,434,0,424,0.0,True
2011-08-22,434,434,0,424,0.0,True
2011-08-23,434,434,0,424,0.0,True
2011-08-24,434,434,0,424,0.0,True
2011-08-25,434,434,0,424,0.0,True
2011-08-26,434,434,0,424,0.0,True
2011-08-29,434,434,0,424,0.0,True
2011-08-30,434,434,0,424,0.0,True
2011-08-31,434,434,0,424,0.0,True
2011-09-01,434,434,0,424,0.0,True
2011-09-02,434,434,0,424,0.0,True
2011-09-06,434,434,0,424,0.0,True
2011-09-07,434,434,0,424,0.0,True
2011-09-08,434,434,0,424,0.0,True
2011-09-09,434,434,0,424,0.0,True
2011-09-12,434,434,0,424,0.0,True
2011-09-13,434,434,0,424,0.0,True
2011-09-14,434,434,0,424,0.0,True
2011-09-15,434,434,0,424,0.0,True
2011-09-16,434,434,0,424,0.0,True
2011-09-19,434,434,0,424,0.0,True
2011-09-20,434,434,0,424,0.0,True
2011-09-21,434,434,0,424,0.0,True
2011-09-22,434,434,0,424,0.0,True
2011-09-23,434,434,0,424,0.0,True
2011-09-26,434,435,0,424,0.0,True
2011-09-27,435,435,0,424,0.0,True
2011-09-28,435,435,0,424,0.0,True
2011-09-29,435,435,0,424,0.0,True
2011-09-30,435,435,0,424,0.0,True
2011-10-03,435,435,0,424,0.0,True
2011-10-04,435,435,0,424,0.0,True
2011-10-05,435,435,0,424,0.0,True
2011-10-06,435,435,0,424,0.0,True
2011-10-07,435,435,0,424,0.0,True
2011-10-10,435,435,0,424,0.0,True
2011-10-11,435,435,0,424,0.0,True
2011-10-12,435,434,1,423,0.0022988505747126436,True
2011-10-13,434,434,0,423,0.0,True
2011-10-14,434,434,0,423,0.0,True
2011-10-17,434,435,0,423,0.0,True
2011-10-18,435,435,0,423,0.0,True
2011-10-19,435,435,0,423,0.0,True
2011-10-20,435,435,0,423,0.0,True
2011-10-21,435,435,0,423,0.0,True
2011-10-24,435,435,0,423,0.0,True
2011-10-25,435,435,0,423,0.0,True
2011-10-26,435,435,0,423,0.0,True
2011-10-27,435,435,0,423,0.0,True
2011-10-28,435,435,0,423,0.0,True
2011-10-31,435,435,0,423,0.0,True
2011-11-01,435,435,1,422,0.0022988505747126436,True
2011-11-02,435,435,0,422,0.0,True
2011-11-03,435,435,0,422,0.0,True
2011-11-04,435,435,0,422,0.0,True
2011-11-07,435,435,0,422,0.0,True
2011-11-08,435,435,0,422,0.0,True
2011-11-09,435,435,0,422,0.0,True
2011-11-10,435,435,0,422,0.0,True
2011-11-11,435,435,0,422,0.0,True
2011-11-14,435,435,0,422,0.0,True
2011-11-15,435,435,0,422,0.0,True
2011-11-16,435,435,0,422,0.0,True
2011-11-17,435,435,0,422,0.0,True
2011-11-18,435,435,0,422,0.0,True
2011-11-21,435,434,1,421,0.0022988505747126436,True
2011-11-22,434,434,0,421,0.0,True
2011-11-23,434,435,0,421,0.0,True
2011-11-25,435,435,0,421,0.0,True
2011-11-28,435,435,0,421,0.0,True
2011-11-29,435,435,0,421,0.0,True
2011-11-30,435,435,0,421,0.0,True
2011-12-01,435,435,0,421,0.0,True
2011-12-02,435,435,0,421,0.0,True
2011-12-05,435,435,0,421,0.0,True
2011-12-06,435,435,0,421,0.0,True
2011-12-07,435,435,0,421,0.0,True
2011-12-08,435,435,0,421,0.0,True
2011-12-09,435,435,0,421,0.0,True
2011-12-12,435,435,0,421,0.0,True
2011-12-13,435,435,0,421,0.0,True
2011-12-14,435,435,0,421,0.0,True
2011-12-15,435,433,2,419,0.004597701149425287,True
2011-12-16,433,433,0,419,0.0,True
2011-12-19,433,436,0,422,0.0,True
2011-12-20,436,436,0,422,0.0,True
2011-12-21,436,436,1,421,0.0022935779816513763,True
2011-12-22,436,436,0,421,0.0,True
2011-12-23,436,436,0,421,0.0,True
2011-12-27,436,436,0,421,0.0,True
2011-12-28,436,436,0,421,0.0,True
2011-12-29,436,436,0,421,0.0,True
2011-12-30,436,436,0,421,0.0,True
2012-01-03,436,436,1,421,0.0022935779816513763,True
2012-01-04,436,436,0,421,0.0,True
2012-01-05,436,436,0,421,0.0,True
2012-01-06,436,436,0,421,0.0,True
2012-01-09,436,436,0,421,0.0,True
2012-01-10,436,436,0,421,0.0,True
2012-01-11,436,436,0,421,0.0,True
2012-01-12,436,436,0,421,0.0,True
2012-01-13,436,436,0,421,0.0,True
2012-01-17,436,436,0,421,0.0,True
2012-01-18,436,436,0,421,0.0,True
2012-01-19,436,436,0,421,0.0,True
2012-01-20,436,436,0,421,0.0,True
2012-01-23,436,436,0,421,0.0,True
2012-01-24,436,436,0,421,0.0,True
2012-01-25,436,436,0,421,0.0,True
2012-01-26,436,436,0,421,0.0,True
2012-01-27,436,436,0,421,0.0,True
2012-01-30,436,436,0,421,0.0,True
2012-01-31,436,436,0,421,0.0,True
2012-02-01,436,436,0,421,0.0,True
2012-02-02,436,436,0,421,0.0,True
2012-02-03,436,436,0,421,0.0,True
2012-02-06,436,436,0,421,0.0,True
2012-02-07,436,436,0,421,0.0,True
2012-02-08,436,436,0,421,0.0,True
2012-02-09,436,436,0,421,0.0,True
2012-02-10,436,436,0,421,0.0,True
2012-02-13,436,436,0,421,0.0,True
2012-02-14,436,436,0,421,0.0,True
2012-02-15,436,436,0,421,0.0,True
2012-02-16,436,436,0,421,0.0,True
2012-02-17,436,436,0,421,0.0,True
2012-02-21,436,436,0,421,0.0,True
2012-02-22,436,436,0,421,0.0,True
2012-02-23,436,436,0,421,0.0,True
2012-02-24,436,436,0,421,0.0,True
2012-02-27,436,436,0,421,0.0,True
2012-02-28,436,436,0,422,0.0,True
2012-02-29,436,436,0,422,0.0,True
2012-03-01,436,436,0,422,0.0,True
2012-03-02,436,436,0,422,0.0,True
2012-03-05,436,436,0,422,0.0,True
2012-03-06,436,436,0,422,0.0,True
2012-03-07,436,436,0,422,0.0,True
2012-03-08,436,436,0,422,0.0,True
2012-03-09,436,436,0,422,0.0,True
2012-03-12,436,436,0,422,0.0,True
2012-03-13,436,437,0,422,0.0,True
2012-03-14,437,437,0,422,0.0,True
2012-03-15,437,437,0,422,0.0,True
2012-03-16,437,437,0,422,0.0,True
2012-03-19,437,437,0,422,0.0,True
2012-03-20,437,437,0,422,0.0,True
2012-03-21,437,437,0,422,0.0,True
2012-03-22,437,437,0,422,0.0,True
2012-03-23,437,436,1,421,0.002288329519450801,True
2012-03-26,436,436,0,421,0.0,True
2012-03-27,436,436,0,421,0.0,True
2012-03-28,436,436,0,421,0.0,True
2012-03-29,436,436,0,421,0.0,True
2012-03-30,436,436,0,421,0.0,True
2012-04-02,436,436,0,422,0.0,True
2012-04-03,436,436,0,423,0.0,True
2012-04-04,436,437,0,423,0.0,True
2012-04-05,437,437,0,423,0.0,True
2012-04-09,437,437,0,423,0.0,True
2012-04-10,437,437,0,423,0.0,True
2012-04-11,437,437,0,423,0.0,True
2012-04-12,437,437,0,423,0.0,True
2012-04-13,437,437,0,423,0.0,True
2012-04-16,437,437,0,423,0.0,True
2012-04-17,437,437,0,423,0.0,True
2012-04-18,437,437,0,423,0.0,True
2012-04-19,437,437,0,423,0.0,True
2012-04-20,437,437,0,423,0.0,True
2012-04-23,437,437,0,423,0.0,True
2012-04-24,437,437,0,423,0.0,True
2012-04-25,437,437,0,423,0.0,True
2012-04-26,437,437,0,423,0.0,True
2012-04-27,437,437,0,424,0.0,True
2012-04-30,437,437,0,424,0.0,True
2012-05-01,437,437,1,423,0.002288329519450801,True
2012-05-02,437,437,0,423,0.0,True
2012-05-03,437,437,0,423,0.0,True
2012-05-04,437,437,0,423,0.0,True
2012-05-07,437,437,0,423,0.0,True
2012-05-08,437,437,0,423,0.0,True
2012-05-09,437,437,0,423,0.0,True
2012-05-10,437,437,0,423,0.0,True
2012-05-11,437,437,0,423,0.0,True
2012-05-14,437,437,0,423,0.0,True
2012-05-15,437,437,0,423,0.0,True
2012-05-16,437,437,0,423,0.0,True
2012-05-17,437,437,0,423,0.0,True
2012-05-18,437,437,0,423,0.0,True
2012-05-21,437,437,0,423,0.0,True
2012-05-22,437,437,0,423,0.0,True
2012-05-23,437,437,0,423,0.0,True
2012-05-24,437,437,0,423,0.0,True
2012-05-25,437,439,0,423,0.0,True
2012-05-29,439,439,0,423,0.0,True
2012-05-30,439,439,0,423,0.0,True
2012-05-31,439,439,0,423,0.0,True
2012-06-01,439,439,0,423,0.0,True
2012-06-04,439,439,0,423,0.0,True
2012-06-05,439,439,1,422,0.002277904328018223,True
2012-06-06,439,439,0,422,0.0,True
2012-06-07,439,439,0,422,0.0,True
2012-06-08,439,439,0,422,0.0,True
2012-06-11,439,439,0,422,0.0,True
2012-06-12,439,439,0,422,0.0,True
2012-06-13,439,439,0,422,0.0,True
2012-06-14,439,439,0,422,0.0,True
2012-06-15,439,439,0,422,0.0,True
2012-06-18,439,439,0,422,0.0,True
2012-06-19,439,439,0,422,0.0,True
2012-06-20,439,439,0,422,0.0,True
2012-06-21,439,439,0,422,0.0,True
2012-06-22,439,439,0,422,0.0,True
2012-06-25,439,439,0,422,0.0,True
2012-06-26,439,439,0,422,0.0,True
2012-06-27,439,439,0,422,0.0,True
2012-06-28,439,439,0,422,0.0,True
2012-06-29,439,440,0,422,0.0,True
2012-07-02,440,441,0,423,0.0,True
2012-07-03,441,441,0,423,0.0,True
2012-07-05,441,441,0,424,0.0,True
2012-07-06,441,441,0,424,0.0,True
2012-07-09,441,441,0,424,0.0,True
2012-07-10,441,441,0,424,0.0,True
2012-07-11,441,441,0,424,0.0,True
2012-07-12,441,441,0,424,0.0,True
2012-07-13,441,441,0,424,0.0,True
2012-07-16,441,441,0,424,0.0,True
2012-07-17,441,441,0,424,0.0,True
2012-07-18,441,441,0,424,0.0,True
2012-07-19,441,441,0,424,0.0,True
2012-07-20,441,441,0,424,0.0,True
2012-07-23,441,441,0,424,0.0,True
2012-07-24,441,441,0,424,0.0,True
2012-07-25,441,441,0,424,0.0,True
2012-07-26,441,441,0,424,0.0,True
2012-07-27,441,440,1,423,0.0022675736961451248,True
2012-07-30,440,440,0,423,0.0,True
2012-07-31,440,441,0,423,0.0,True
2012-08-01,441,441,0,423,0.0,True
2012-08-02,441,441,0,423,0.0,True
2012-08-03,441,441,0,423,0.0,True
2012-08-06,441,441,0,423,0.0,True
2012-08-07,441,441,0,423,0.0,True
2012-08-08,441,441,0,423,0.0,True
2012-08-09,441,441,0,423,0.0,True
2012-08-10,441,441,0,423,0.0,True
2012-08-13,441,441,0,423,0.0,True
2012-08-14,441,441,0,423,0.0,True
2012-08-15,441,441,0,423,0.0,True
2012-08-16,441,441,0,423,0.0,True
2012-08-17,441,441,0,423,0.0,True
2012-08-20,441,441,0,423,0.0,True
2012-08-21,441,441,0,423,0.0,True
2012-08-22,441,441,0,423,0.0,True
2012-08-23,441,441,0,423,0.0,True
2012-08-24,441,441,0,423,0.0,True
2012-08-27,441,441,0,423,0.0,True
2012-08-28,441,441,0,423,0.0,True
2012-08-29,441,441,0,423,0.0,True
2012-08-30,441,441,0,423,0.0,True
2012-08-31,441,441,0,423,0.0,True
2012-09-04,441,441,0,423,0.0,True
2012-09-05,441,442,0,423,0.0,True
2012-09-06,442,442,0,423,0.0,True
2012-09-07,442,442,0,423,0.0,True
2012-09-10,442,442,0,423,0.0,True
2012-09-11,442,442,0,423,0.0,True
2012-09-12,442,442,0,423,0.0,True
2012-09-13,442,442,0,423,0.0,True
2012-09-14,442,442,0,423,0.0,True
2012-09-17,442,442,0,423,0.0,True
2012-09-18,442,442,0,423,0.0,True
2012-09-19,442,442,0,423,0.0,True
2012-09-20,442,442,0,423,0.0,True
2012-09-21,442,442,0,423,0.0,True
2012-09-24,442,442,0,423,0.0,True
2012-09-25,442,442,0,424,0.0,True
2012-09-26,442,441,1,423,0.0022624434389140274,True
2012-09-27,441,441,0,423,0.0,True
2012-09-28,441,441,0,423,0.0,True
2012-10-01,441,442,0,423,0.0,True
2012-10-02,442,443,0,423,0.0,True
2012-10-03,443,443,0,423,0.0,True
2012-10-04,443,443,0,423,0.0,True
2012-10-05,443,444,0,423,0.0,True
2012-10-08,444,444,0,423,0.0,True
2012-10-09,444,444,0,423,0.0,True
2012-10-10,444,444,0,423,0.0,True
2012-10-11,444,444,0,423,0.0,True
2012-10-12,444,444,0,423,0.0,True
2012-10-15,444,444,0,423,0.0,True
2012-10-16,444,444,0,424,0.0,True
2012-10-17,444,444,0,424,0.0,True
2012-10-18,444,444,0,424,0.0,True
2012-10-19,444,444,0,424,0.0,True
2012-10-22,444,444,0,424,0.0,True
2012-10-23,444,444,0,424,0.0,True
2012-10-24,444,444,0,424,0.0,True
2012-10-25,444,444,0,424,0.0,True
2012-10-26,444,444,0,424,0.0,True
2012-10-31,444,444,0,424,0.0,True
2012-11-01,444,444,0,424,0.0,True
2012-11-02,444,444,0,425,0.0,True
2012-11-05,444,444,0,425,0.0,True
2012-11-06,444,444,0,425,0.0,True
2012-11-07,444,444,0,425,0.0,True
2012-11-08,444,444,0,425,0.0,True
2012-11-09,444,444,0,425,0.0,True
2012-11-12,444,444,0,425,0.0,True
2012-11-13,444,444,0,425,0.0,True
2012-11-14,444,444,0,425,0.0,True
2012-11-15,444,444,0,425,0.0,True
2012-11-16,444,444,0,425,0.0,True
2012-11-19,444,444,0,425,0.0,True
2012-11-20,444,444,0,425,0.0,True
2012-11-21,444,444,0,425,0.0,True
2012-11-23,444,444,0,425,0.0,True
2012-11-26,444,444,0,425,0.0,True
2012-11-27,444,444,0,426,0.0,True
2012-11-28,444,443,1,425,0.0022522522522522522,True
2012-11-29,443,443,0,425,0.0,True
2012-11-30,443,443,0,425,0.0,True
2012-12-03,443,444,0,425,0.0,True
2012-12-04,444,444,0,425,0.0,True
2012-12-05,444,444,0,425,0.0,True
2012-12-06,444,444,0,425,0.0,True
2012-12-07,444,444,0,425,0.0,True
2012-12-10,444,443,1,424,0.0022522522522522522,True
2012-12-11,443,443,0,424,0.0,True
2012-12-12,443,444,0,424,0.0,True
2012-12-13,444,444,0,424,0.0,True
2012-12-14,444,444,0,424,0.0,True
2012-12-17,444,444,0,424,0.0,True
2012-12-18,444,444,0,424,0.0,True
2012-12-19,444,444,0,424,0.0,True
2012-12-20,444,444,0,427,0.0,True
2012-12-21,444,444,0,427,0.0,True
2012-12-24,444,444,1,427,0.0022522522522522522,True
2012-12-26,444,444,0,427,0.0,True
2012-12-27,444,444,0,427,0.0,True
2012-12-28,444,444,0,427,0.0,True
2012-12-31,444,443,1,426,0.0022522522522522522,True
2013-01-02,443,446,0,426,0.0,True
2013-01-03,446,446,0,426,0.0,True
2013-01-04,446,446,0,427,0.0,True
2013-01-07,446,446,0,427,0.0,True
2013-01-08,446,446,0,427,0.0,True
2013-01-09,446,446,0,427,0.0,True
2013-01-10,446,446,0,427,0.0,True
2013-01-11,446,446,0,427,0.0,True
2013-01-14,446,446,0,427,0.0,True
2013-01-15,446,446,0,427,0.0,True
2013-01-16,446,446,0,427,0.0,True
2013-01-17,446,446,0,427,0.0,True
2013-01-18,446,446,0,427,0.0,True
2013-01-22,446,446,0,427,0.0,True
2013-01-23,446,446,0,427,0.0,True
2013-01-24,446,446,0,427,0.0,True
2013-01-25,446,446,0,427,0.0,True
2013-01-28,446,446,0,427,0.0,True
2013-01-29,446,446,0,427,0.0,True
2013-01-30,446,446,0,427,0.0,True
2013-01-31,446,446,0,427,0.0,True
2013-02-01,446,446,0,427,0.0,True
2013-02-04,446,446,0,427,0.0,True
2013-02-05,446,446,0,427,0.0,True
2013-02-06,446,446,0,427,0.0,True
2013-02-07,446,445,1,426,0.002242152466367713,True
2013-02-08,445,445,0,426,0.0,True
2013-02-11,445,445,0,426,0.0,True
2013-02-12,445,445,0,426,0.0,True
2013-02-13,445,445,0,426,0.0,True
2013-02-14,445,446,0,426,0.0,True
2013-02-15,446,446,0,426,0.0,True
2013-02-19,446,446,0,426,0.0,True
2013-02-20,446,446,0,426,0.0,True
2013-02-21,446,446,0,426,0.0,True
2013-02-22,446,446,0,426,0.0,True
2013-02-25,446,446,0,426,0.0,True
2013-02-26,446,446,0,426,0.0,True
2013-02-27,446,446,0,426,0.0,True
2013-02-28,446,446,0,426,0.0,True
2013-03-01,446,446,0,426,0.0,True
2013-03-04,446,446,0,426,0.0,True
2013-03-05,446,446,0,426,0.0,True
2013-03-06,446,446,0,426,0.0,True
2013-03-07,446,446,0,426,0.0,True
2013-03-08,446,446,0,426,0.0,True
2013-03-11,446,446,0,426,0.0,True
2013-03-12,446,446,0,426,0.0,True
2013-03-13,446,446,0,426,0.0,True
2013-03-14,446,446,0,426,0.0,True
2013-03-15,446,446,0,427,0.0,True
2013-03-18,446,446,0,427,0.0,True
2013-03-19,446,446,0,427,0.0,True
2013-03-20,446,446,0,427,0.0,True
2013-03-21,446,446,0,427,0.0,True
2013-03-22,446,446,0,427,0.0,True
2013-03-25,446,446,0,427,0.0,True
2013-03-26,446,446,0,427,0.0,True
2013-03-27,446,446,0,427,0.0,True
2013-03-28,446,446,0,427,0.0,True
2013-04-01,446,446,0,427,0.0,True
2013-04-02,446,446,0,427,0.0,True
2013-04-03,446,446,0,427,0.0,True
2013-04-04,446,446,0,427,0.0,True
2013-04-05,446,446,0,427,0.0,True
2013-04-08,446,446,0,427,0.0,True
2013-04-09,446,446,0,428,0.0,True
2013-04-10,446,446,0,428,0.0,True
2013-04-11,446,446,0,428,0.0,True
2013-04-12,446,446,0,428,0.0,True
2013-04-15,446,446,0,428,0.0,True
2013-04-16,446,446,0,428,0.0,True
2013-04-17,446,446,0,428,0.0,True
2013-04-18,446,446,0,428,0.0,True
2013-04-19,446,446,0,428,0.0,True
2013-04-22,446,446,0,428,0.0,True
2013-04-23,446,446,0,428,0.0,True
2013-04-24,446,446,0,428,0.0,True
2013-04-25,446,446,0,428,0.0,True
2013-04-26,446,446,0,428,0.0,True
2013-04-29,446,446,0,428,0.0,True
2013-04-30,445,445,0,427,0.0,True
2013-05-01,445,446,0,427,0.0,True
2013-05-02,446,446,0,427,0.0,True
2013-05-03,446,445,1,427,0.002242152466367713,True
2013-05-06,445,445,0,427,0.0,True
2013-05-07,445,445,0,427,0.0,True
2013-05-08,445,445,0,427,0.0,True
2013-05-09,445,446,0,427,0.0,True
2013-05-10,446,446,0,427,0.0,True
2013-05-13,446,446,0,427,0.0,True
2013-05-14,446,446,0,427,0.0,True
2013-05-15,446,446,0,427,0.0,True
2013-05-16,446,446,0,427,0.0,True
2013-05-17,446,446,0,427,0.0,True
2013-05-20,446,446,0,427,0.0,True
2013-05-21,446,446,0,427,0.0,True
2013-05-22,446,446,0,427,0.0,True
2013-05-23,446,446,0,427,0.0,True
2013-05-24,446,447,0,427,0.0,True
2013-05-28,447,447,0,427,0.0,True
2013-05-29,447,447,0,427,0.0,True
2013-05-30,447,447,0,429,0.0,True
2013-05-31,447,447,0,429,0.0,True
2013-06-03,447,447,0,429,0.0,True
2013-06-04,447,447,0,429,0.0,True
2013-06-05,447,447,0,429,0.0,True
2013-06-06,447,447,0,429,0.0,True
2013-06-07,447,447,1,429,0.0022371364653243847,True
2013-06-10,447,447,0,429,0.0,True
2013-06-11,447,447,0,429,0.0,True
2013-06-12,447,447,0,429,0.0,True
2013-06-13,447,447,0,429,0.0,True
2013-06-14,447,447,0,429,0.0,True
2013-06-17,447,447,0,429,0.0,True
2013-06-18,447,447,0,429,0.0,True
2013-06-19,447,447,0,429,0.0,True
2013-06-20,447,446,1,428,0.0022371364653243847,True
2013-06-21,446,446,0,428,0.0,True
2013-06-24,446,447,0,428,0.0,True
2013-06-25,447,447,0,428,0.0,True
2013-06-26,447,447,0,428,0.0,True
2013-06-27,447,447,0,428,0.0,True
2013-06-28,447,446,1,427,0.0022371364653243847,True
2013-07-01,446,447,0,427,0.0,True
2013-07-02,447,447,0,427,0.0,True
2013-07-03,447,447,0,428,0.0,True
2013-07-05,447,447,0,429,0.0,True
2013-07-08,447,447,0,429,0.0,True
2013-07-09,447,448,0,429,0.0,True
2013-07-10,448,448,0,429,0.0,True
2013-07-11,448,448,0,429,0.0,True
2013-07-12,448,448,0,429,0.0,True
2013-07-15,448,448,0,429,0.0,True
2013-07-16,448,448,0,429,0.0,True
2013-07-17,448,448,0,429,0.0,True
2013-07-18,448,448,0,429,0.0,True
2013-07-19,448,448,0,429,0.0,True
2013-07-22,448,448,0,429,0.0,True
2013-07-23,448,448,0,429,0.0,True
2013-07-24,448,448,0,429,0.0,True
2013-07-25,448,448,0,429,0.0,True
2013-07-26,448,448,0,429,0.0,True
2013-07-29,448,448,0,429,0.0,True
2013-07-30,448,448,0,429,0.0,True
2013-07-31,448,448,0,429,0.0,True
2013-08-01,448,448,0,429,0.0,True
2013-08-02,448,448,0,430,0.0,True
2013-08-05,448,448,0,430,0.0,True
2013-08-06,448,448,0,430,0.0,True
2013-08-07,448,448,0,430,0.0,True
2013-08-08,448,448,0,430,0.0,True
2013-08-09,448,448,0,430,0.0,True
2013-08-12,448,448,0,430,0.0,True
2013-08-13,448,448,0,430,0.0,True
2013-08-14,448,448,0,430,0.0,True
2013-08-15,448,448,0,430,0.0,True
2013-08-16,448,448,0,430,0.0,True
2013-08-19,448,448,0,430,0.0,True
2013-08-20,448,448,0,430,0.0,True
2013-08-21,448,448,0,430,0.0,True
2013-08-22,448,448,0,430,0.0,True
2013-08-23,448,448,0,430,0.0,True
2013-08-26,448,448,0,430,0.0,True
2013-08-27,448,448,0,430,0.0,True
2013-08-28,448,448,0,430,0.0,True
2013-08-29,448,448,0,430,0.0,True
2013-08-30,448,448,0,430,0.0,True
2013-09-03,448,448,0,430,0.0,True
2013-09-04,448,448,0,430,0.0,True
2013-09-05,448,448,0,430,0.0,True
2013-09-06,448,448,0,430,0.0,True
2013-09-09,448,448,0,431,0.0,True
2013-09-10,448,447,1,430,0.002232142857142857,True
2013-09-11,447,448,0,430,0.0,True
2013-09-12,448,448,0,430,0.0,True
2013-09-13,448,448,0,430,0.0,True
2013-09-16,448,448,0,430,0.0,True
2013-09-17,448,448,0,430,0.0,True
2013-09-18,446,446,0,428,0.0,True
2013-09-19,446,446,0,428,0.0,True
2013-09-20,446,446,0,428,0.0,True
2013-09-23,446,448,0,428,0.0,True
2013-09-24,448,448,0,428,0.0,True
2013-09-25,448,448,0,428,0.0,True
2013-09-26,448,448,0,428,0.0,True
2013-09-27,448,448,0,428,0.0,True
2013-09-30,448,448,0,428,0.0,True
2013-10-01,448,448,0,428,0.0,True
2013-10-02,448,448,0,428,0.0,True
2013-10-03,448,448,0,429,0.0,True
2013-10-04,448,448,0,430,0.0,True
2013-10-07,448,448,0,430,0.0,True
2013-10-08,448,448,0,430,0.0,True
2013-10-09,448,448,0,431,0.0,True
2013-10-10,448,448,0,431,0.0,True
2013-10-11,448,448,0,431,0.0,True
2013-10-14,448,448,0,431,0.0,True
2013-10-15,448,448,0,431,0.0,True
2013-10-16,448,448,0,431,0.0,True
2013-10-17,448,448,0,431,0.0,True
2013-10-18,448,448,0,431,0.0,True
2013-10-21,448,448,0,431,0.0,True
2013-10-22,448,448,0,431,0.0,True
2013-10-23,448,448,0,431,0.0,True
2013-10-24,448,448,0,431,0.0,True
2013-10-25,448,448,0,431,0.0,True
2013-10-28,448,448,0,431,0.0,True
2013-10-29,448,449,0,431,0.0,True
2013-10-30,449,449,0,431,0.0,True
2013-10-31,449,449,0,431,0.0,True
2013-11-01,449,449,0,431,0.0,True
2013-11-04,449,449,0,431,0.0,True
2013-11-05,449,449,0,431,0.0,True
2013-11-06,449,449,0,431,0.0,True
2013-11-07,449,449,0,431,0.0,True
2013-11-08,449,449,0,431,0.0,True
2013-11-11,449,449,0,431,0.0,True
2013-11-12,449,449,0,431,0.0,True
2013-11-13,449,450,0,431,0.0,True
2013-11-14,450,450,0,431,0.0,True
2013-11-15,450,450,0,431,0.0,True
2013-11-18,450,450,0,431,0.0,True
2013-11-19,450,450,0,431,0.0,True
2013-11-20,450,450,0,431,0.0,True
2013-11-21,450,450,0,431,0.0,True
2013-11-22,450,450,0,431,0.0,True
2013-11-25,450,450,0,431,0.0,True
2013-11-26,450,450,0,431,0.0,True
2013-11-27,450,450,0,431,0.0,True
2013-11-29,450,449,1,430,0.0022222222222222222,True
2013-12-02,449,450,0,430,0.0,True
2013-12-03,450,450,0,431,0.0,True
2013-12-04,450,449,1,430,0.0022222222222222222,True
2013-12-05,449,449,0,430,0.0,True
2013-12-06,449,449,0,430,0.0,True
2013-12-09,449,449,0,430,0.0,True
2013-12-10,449,450,0,430,0.0,True
2013-12-11,450,450,0,430,0.0,True
2013-12-12,450,450,0,431,0.0,True
2013-12-13,450,450,0,431,0.0,True
2013-12-16,450,450,0,431,0.0,True
2013-12-17,450,450,0,431,0.0,True
2013-12-18,450,450,0,431,0.0,True
2013-12-19,449,447,2,428,0.004454342984409799,True
2013-12-20,447,447,0,428,0.0,True
2013-12-23,447,449,0,428,0.0,True
2013-12-24,449,449,0,429,0.0,True
2013-12-26,449,449,0,429,0.0,True
2013-12-27,449,449,0,429,0.0,True
2013-12-30,449,449,0,429,0.0,True
2013-12-31,449,449,0,429,0.0,True
2014-01-02,449,449,0,432,0.0,True
2014-01-03,449,449,0,432,0.0,True
2014-01-06,449,449,0,432,0.0,True
2014-01-07,449,449,0,432,0.0,True
2014-01-08,449,449,0,432,0.0,True
2014-01-09,449,449,0,432,0.0,True
2014-01-10,449,449,0,432,0.0,True
2014-01-13,449,449,0,432,0.0,True
2014-01-14,449,449,0,432,0.0,True
2014-01-15,449,449,0,432,0.0,True
2014-01-16,449,449,0,432,0.0,True
2014-01-17,449,449,0,432,0.0,True
2014-01-21,449,449,0,432,0.0,True
2014-01-22,449,449,0,432,0.0,True
2014-01-23,449,449,0,432,0.0,True
2014-01-24,449,450,0,432,0.0,True
2014-01-27,450,450,0,432,0.0,True
2014-01-28,450,450,0,432,0.0,True
2014-01-29,450,450,0,432,0.0,True
2014-01-30,450,450,0,432,0.0,True
2014-01-31,450,450,0,432,0.0,True
2014-02-03,450,450,0,432,0.0,True
2014-02-04,450,450,0,432,0.0,True
2014-02-05,450,450,0,432,0.0,True
2014-02-06,450,450,0,432,0.0,True
2014-02-07,450,450,0,432,0.0,True
2014-02-10,450,450,0,432,0.0,True
2014-02-11,450,450,0,432,0.0,True
2014-02-12,450,450,0,432,0.0,True
2014-02-13,450,450,0,432,0.0,True
2014-02-14,450,450,0,433,0.0,True
2014-02-18,450,450,0,433,0.0,True
2014-02-19,450,450,0,433,0.0,True
2014-02-20,450,450,0,433,0.0,True
2014-02-21,450,450,0,433,0.0,True
2014-02-24,450,450,0,433,0.0,True
2014-02-25,450,450,0,433,0.0,True
2014-02-26,450,450,0,433,0.0,True
2014-02-27,450,450,0,433,0.0,True
2014-02-28,450,450,0,433,0.0,True
2014-03-03,450,450,0,433,0.0,True
2014-03-04,450,450,0,433,0.0,True
2014-03-05,450,450,0,433,0.0,True
2014-03-06,450,450,0,433,0.0,True
2014-03-07,450,450,0,433,0.0,True
2014-03-10,450,450,0,433,0.0,True
2014-03-11,450,450,0,433,0.0,True
2014-03-12,450,450,0,433,0.0,True
2014-03-13,450,449,1,432,0.0022222222222222222,True
2014-03-14,449,449,0,432,0.0,True
2014-03-17,449,449,0,432,0.0,True
2014-03-18,449,449,0,432,0.0,True
2014-03-19,449,449,0,432,0.0,True
2014-03-20,449,449,0,432,0.0,True
2014-03-21,449,449,0,432,0.0,True
2014-03-24,449,450,0,432,0.0,True
2014-03-25,450,450,0,432,0.0,True
2014-03-26,450,450,0,432,0.0,True
2014-03-27,450,450,0,432,0.0,True
2014-03-28,450,450,0,432,0.0,True
2014-03-31,450,450,0,432,0.0,True
2014-04-01,450,450,0,432,0.0,True
2014-04-02,450,450,1,431,0.0022222222222222222,True
2014-04-03,450,451,0,431,0.0,True
2014-04-04,451,451,0,431,0.0,True
2014-04-07,451,451,0,431,0.0,True
2014-04-08,451,451,0,431,0.0,True
2014-04-09,451,451,0,431,0.0,True
2014-04-10,451,451,0,431,0.0,True
2014-04-11,451,451,0,431,0.0,True
2014-04-14,451,451,0,431,0.0,True
2014-04-15,451,451,0,431,0.0,True
2014-04-16,451,451,0,431,0.0,True
2014-04-17,451,451,0,431,0.0,True
2014-04-21,451,451,0,431,0.0,True
2014-04-22,451,451,0,431,0.0,True
2014-04-23,451,450,1,430,0.0022172949002217295,True
2014-04-24,450,450,0,430,0.0,True
2014-04-25,450,450,0,430,0.0,True
2014-04-28,450,450,0,430,0.0,True
2014-04-29,450,450,0,430,0.0,True
2014-04-30,450,450,0,430,0.0,True
2014-05-01,450,452,0,431,0.0,True
2014-05-02,452,452,0,431,0.0,True
2014-05-05,452,452,0,431,0.0,True
2014-05-06,452,452,0,431,0.0,True
2014-05-07,452,451,1,430,0.0022123893805309734,True
2014-05-08,451,452,0,430,0.0,True
2014-05-09,452,452,0,431,0.0,True
2014-05-12,452,452,0,431,0.0,True
2014-05-13,452,452,0,431,0.0,True
2014-05-14,452,452,0,431,0.0,True
2014-05-15,452,452,0,431,0.0,True
2014-05-16,452,452,0,431,0.0,True
2014-05-19,452,452,0,431,0.0,True
2014-05-20,452,452,0,431,0.0,True
2014-05-21,452,452,0,431,0.0,True
2014-05-22,452,452,0,431,0.0,True
2014-05-23,452,452,0,431,0.0,True
2014-05-27,452,452,0,432,0.0,True
2014-05-28,452,452,0,432,0.0,True
2014-05-29,452,452,0,432,0.0,True
2014-05-30,452,452,0,432,0.0,True
2014-06-02,452,452,0,432,0.0,True
2014-06-03,452,452,0,432,0.0,True
2014-06-04,452,452,0,432,0.0,True
2014-06-05,452,452,0,432,0.0,True
2014-06-06,452,452,0,432,0.0,True
2014-06-09,452,452,0,433,0.0,True
2014-06-10,452,452,0,433,0.0,True
2014-06-11,452,452,0,433,0.0,True
2014-06-12,452,452,0,433,0.0,True
2014-06-13,452,452,0,433,0.0,True
2014-06-16,452,452,0,433,0.0,True
2014-06-17,452,452,0,433,0.0,True
2014-06-18,452,452,0,433,0.0,True
2014-06-19,452,452,0,433,0.0,True
2014-06-20,452,453,0,433,0.0,True
2014-06-23,453,453,0,433,0.0,True
2014-06-24,453,453,0,434,0.0,True
2014-06-25,453,453,0,434,0.0,True
2014-06-26,453,453,0,434,0.0,True
2014-06-27,453,453,0,434,0.0,True
2014-06-30,453,453,0,434,0.0,True
2014-07-01,453,454,0,435,0.0,True
2014-07-02,454,454,1,434,0.0022026431718061676,True
2014-07-03,454,454,0,434,0.0,True
2014-07-07,454,454,0,434,0.0,True
2014-07-08,454,454,0,434,0.0,True
2014-07-09,454,454,0,435,0.0,True
2014-07-10,454,454,0,435,0.0,True
2014-07-11,454,454,0,435,0.0,True
2014-07-14,454,454,0,435,0.0,True
2014-07-15,454,454,0,435,0.0,True
2014-07-16,454,454,0,435,0.0,True
2014-07-17,454,454,0,435,0.0,True
2014-07-18,454,454,0,435,0.0,True
2014-07-21,454,454,0,435,0.0,True
2014-07-22,454,454,0,435,0.0,True
2014-07-23,454,454,0,435,0.0,True
2014-07-24,454,454,0,435,0.0,True
2014-07-25,454,454,0,435,0.0,True
2014-07-28,454,454,0,435,0.0,True
2014-07-29,454,454,0,435,0.0,True
2014-07-30,454,454,0,435,0.0,True
2014-07-31,454,454,0,435,0.0,True
2014-08-01,454,454,0,435,0.0,True
2014-08-04,454,454,0,435,0.0,True
2014-08-05,454,454,0,435,0.0,True
2014-08-06,454,454,0,435,0.0,True
2014-08-07,454,455,0,435,0.0,True
2014-08-08,455,455,0,435,0.0,True
2014-08-11,455,455,0,435,0.0,True
2014-08-12,455,455,0,435,0.0,True
2014-08-13,455,455,0,435,0.0,True
2014-08-14,455,454,1,434,0.002197802197802198,True
2014-08-15,454,454,0,434,0.0,True
2014-08-18,454,454,0,434,0.0,True
2014-08-19,454,454,0,434,0.0,True
2014-08-20,454,454,0,434,0.0,True
2014-08-21,454,454,0,434,0.0,True
2014-08-22,454,454,0,434,0.0,True
2014-08-25,454,454,0,434,0.0,True
2014-08-26,454,454,0,434,0.0,True
2014-08-27,454,454,0,434,0.0,True
2014-08-28,454,454,0,434,0.0,True
2014-08-29,454,454,0,434,0.0,True
2014-09-02,454,454,0,434,0.0,True
2014-09-03,454,454,0,434,0.0,True
2014-09-04,454,454,0,434,0.0,True
2014-09-05,454,454,0,434,0.0,True
2014-09-08,454,454,0,434,0.0,True
2014-09-09,454,454,0,434,0.0,True
2014-09-10,454,454,0,434,0.0,True
2014-09-11,454,454,0,435,0.0,True
2014-09-12,454,454,0,435,0.0,True
2014-09-15,454,454,0,435,0.0,True
2014-09-16,454,454,0,435,0.0,True
2014-09-17,454,454,0,435,0.0,True
2014-09-18,454,454,0,435,0.0,True
2014-09-19,454,454,0,435,0.0,True
2014-09-22,454,454,2,433,0.004405286343612335,True
2014-09-23,454,454,0,435,0.0,True
2014-09-24,454,454,0,435,0.0,True
2014-09-25,454,454,0,435,0.0,True
2014-09-26,454,454,0,435,0.0,True
2014-09-29,454,454,0,435,0.0,True
2014-09-30,454,454,0,435,0.0,True
2014-10-01,454,454,0,435,0.0,True
2014-10-02,454,454,0,435,0.0,True
2014-10-03,454,454,0,435,0.0,True
2014-10-06,454,454,0,435,0.0,True
2014-10-07,454,454,0,435,0.0,True
2014-10-08,454,454,0,435,0.0,True
2014-10-09,454,454,0,435,0.0,True
2014-10-10,454,454,0,435,0.0,True
2014-10-13,454,454,0,435,0.0,True
2014-10-14,454,454,0,435,0.0,True
2014-10-15,454,454,0,435,0.0,True
2014-10-16,454,454,0,435,0.0,True
2014-10-17,454,454,0,435,0.0,True
2014-10-20,454,454,0,435,0.0,True
2014-10-21,454,454,0,435,0.0,True
2014-10-22,454,454,0,435,0.0,True
2014-10-23,454,454,0,435,0.0,True
2014-10-24,454,454,0,435,0.0,True
2014-10-27,453,453,0,434,0.0,True
2014-10-28,453,453,0,434,0.0,True
2014-10-29,453,453,0,435,0.0,True
2014-10-30,453,453,0,435,0.0,True
2014-10-31,453,453,0,435,0.0,True
2014-11-03,453,453,0,435,0.0,True
2014-11-04,453,453,0,435,0.0,True
2014-11-05,453,454,0,435,0.0,True
2014-11-06,454,454,0,435,0.0,True
2014-11-07,454,454,0,435,0.0,True
2014-11-10,454,454,0,435,0.0,True
2014-11-11,454,454,0,435,0.0,True
2014-11-12,454,454,0,435,0.0,True
2014-11-13,454,454,0,436,0.0,True
2014-11-14,454,454,0,436,0.0,True
2014-11-17,454,454,0,436,0.0,True
2014-11-18,454,454,0,436,0.0,True
2014-11-19,454,454,0,436,0.0,True
2014-11-20,454,454,0,436,0.0,True
2014-11-21,454,454,0,436,0.0,True
2014-11-24,454,454,0,436,0.0,True
2014-11-25,454,454,0,436,0.0,True
2014-11-26,454,454,0,436,0.0,True
2014-11-28,454,454,0,436,0.0,True
2014-12-01,454,454,0,436,0.0,True
2014-12-02,454,454,0,437,0.0,True
2014-12-03,454,454,0,437,0.0,True
2014-12-04,454,454,0,437,0.0,True
2014-12-05,454,454,1,436,0.0022026431718061676,True
2014-12-08,454,454,0,436,0.0,True
2014-12-09,454,454,0,436,0.0,True
2014-12-10,454,454,0,437,0.0,True
2014-12-11,454,454,0,437,0.0,True
2014-12-12,454,454,0,437,0.0,True
2014-12-15,454,454,0,437,0.0,True
2014-12-16,454,454,0,437,0.0,True
2014-12-17,454,454,0,437,0.0,True
2014-12-18,454,454,0,437,0.0,True
2014-12-19,454,454,0,437,0.0,True
2014-12-22,454,454,0,437,0.0,True
2014-12-23,454,454,0,439,0.0,True
2014-12-24,454,454,0,439,0.0,True
2015-01-08,455,455,0,439,0.0,True
2015-01-09,455,455,0,439,0.0,True
2015-01-12,455,455,0,439,0.0,True
2015-01-13,455,455,0,439,0.0,True
2015-01-14,455,455,0,439,0.0,True
2015-01-15,455,455,0,439,0.0,True
2015-01-16,455,454,1,438,0.002197802197802198,True
2015-01-20,454,454,0,438,0.0,True
2015-01-21,454,454,0,438,0.0,True
2015-01-22,454,454,0,438,0.0,True
2015-01-23,454,454,0,438,0.0,True
2015-01-26,454,454,0,438,0.0,True
2015-01-27,454,456,0,438,0.0,True
2015-01-28,456,456,0,438,0.0,True
2015-01-29,456,456,0,438,0.0,True
2015-01-30,456,456,0,438,0.0,True
2015-02-02,456,456,0,438,0.0,True
2015-02-03,456,456,0,438,0.0,True
2015-02-04,456,456,0,438,0.0,True
2015-02-05,456,456,0,439,0.0,True
2015-02-06,456,456,0,439,0.0,True
2015-02-09,456,456,0,439,0.0,True
2015-02-10,456,456,0,439,0.0,True
2015-02-11,456,456,0,439,0.0,True
2015-02-12,456,456,0,439,0.0,True
2015-02-13,456,456,0,439,0.0,True
2015-02-17,456,456,0,439,0.0,True
2015-02-18,456,456,0,439,0.0,True
2015-02-19,456,456,0,439,0.0,True
2015-02-20,456,456,0,439,0.0,True
2015-02-23,456,456,0,439,0.0,True
2015-02-24,456,456,0,439,0.0,True
2015-02-25,456,456,0,439,0.0,True
2015-02-26,456,456,0,439,0.0,True
2015-02-27,456,456,0,439,0.0,True
2015-03-02,456,456,0,439,0.0,True
2015-03-03,456,456,0,439,0.0,True
2015-03-04,456,456,0,439,0.0,True
2015-03-05,456,456,0,439,0.0,True
2015-03-06,456,456,0,439,0.0,True
2015-03-09,456,456,0,439,0.0,True
2015-03-10,456,456,0,439,0.0,True
2015-03-11,456,456,0,439,0.0,True
2015-03-12,456,456,1,438,0.0021929824561403508,True
2015-03-13,456,456,0,438,0.0,True
2015-03-16,456,455,1,437,0.0021929824561403508,True
2015-03-17,455,455,0,437,0.0,True
2015-03-18,455,456,0,437,0.0,True
2015-03-19,456,456,0,437,0.0,True
2015-03-20,456,453,3,434,0.006578947368421052,True
2015-03-23,453,457,0,434,0.0,True
2015-03-24,457,457,0,434,0.0,True
2015-03-25,457,457,0,434,0.0,True
2015-03-26,457,457,0,434,0.0,True
2015-03-27,457,457,0,434,0.0,True
2015-03-30,457,457,0,434,0.0,True
2015-03-31,457,457,0,434,0.0,True
2015-04-01,457,456,1,433,0.002188183807439825,True
2015-04-02,456,456,0,433,0.0,True
2015-04-06,456,456,0,434,0.0,True
2015-04-07,456,457,0,434,0.0,True
2015-04-08,457,457,0,434,0.0,True
2015-04-09,457,457,0,434,0.0,True
2015-04-10,457,457,0,434,0.0,True
2015-04-13,457,457,0,434,0.0,True
2015-04-14,457,457,0,434,0.0,True
2015-04-15,457,457,0,435,0.0,True
2015-04-16,457,457,0,436,0.0,True
2015-04-17,457,457,0,436,0.0,True
2015-04-20,457,457,0,436,0.0,True
2015-04-21,457,457,0,436,0.0,True
2015-04-22,457,457,0,436,0.0,True
2015-04-23,457,457,0,436,0.0,True
2015-04-24,457,457,0,436,0.0,True
2015-04-27,457,457,0,436,0.0,True
2015-04-28,457,457,0,436,0.0,True
2015-04-29,457,457,0,436,0.0,True
2015-04-30,457,457,0,436,0.0,True
2015-05-01,457,457,0,436,0.0,True
2015-05-04,457,457,0,436,0.0,True
2015-05-05,457,457,0,436,0.0,True
2015-05-06,457,457,0,436,0.0,True
2015-05-07,457,457,0,436,0.0,True
2015-05-08,457,457,0,436,0.0,True
2015-05-11,457,457,0,436,0.0,True
2015-05-12,457,457,0,436,0.0,True
2015-05-13,457,457,0,438,0.0,True
2015-05-14,457,457,0,438,0.0,True
2015-05-15,457,457,0,438,0.0,True
2015-05-18,457,457,0,438,0.0,True
2015-05-19,457,457,0,438,0.0,True
2015-05-20,457,457,0,439,0.0,True
2015-05-21,457,457,0,439,0.0,True
2015-05-22,457,457,0,439,0.0,True
2015-05-26,457,457,0,439,0.0,True
2015-05-27,457,457,0,439,0.0,True
2015-05-28,457,457,0,439,0.0,True
2015-05-29,457,457,0,439,0.0,True
2015-06-01,457,457,0,439,0.0,True
2015-06-02,457,457,0,439,0.0,True
2015-06-03,457,457,0,439,0.0,True
2015-06-04,457,457,0,439,0.0,True
2015-06-05,457,457,0,439,0.0,True
2015-06-08,457,457,0,439,0.0,True
2015-06-09,457,457,0,439,0.0,True
2015-06-10,457,457,0,439,0.0,True
2015-06-11,457,457,0,439,0.0,True
2015-06-12,457,457,1,438,0.002188183807439825,True
2015-06-15,457,457,0,438,0.0,True
2015-06-16,457,457,0,438,0.0,True
2015-06-17,457,457,0,438,0.0,True
2015-06-18,457,457,0,438,0.0,True
2015-06-19,457,457,0,438,0.0,True
2015-06-22,457,457,0,438,0.0,True
2015-06-23,457,457,0,438,0.0,True
2015-06-24,457,457,0,438,0.0,True
2015-06-25,457,456,1,437,0.002188183807439825,True
2015-06-26,456,456,0,437,0.0,True
2015-06-29,456,456,0,437,0.0,True
2015-06-30,456,456,0,437,0.0,True
2015-07-01,456,457,1,436,0.0021929824561403508,True
2015-07-02,457,457,2,435,0.00437636761487965,True
2015-07-06,457,457,1,434,0.002188183807439825,True
2015-07-07,457,456,1,433,0.002188183807439825,True
2015-07-08,456,456,0,433,0.0,True
2015-07-09,456,457,0,433,0.0,True
2015-07-10,457,457,0,433,0.0,True
2015-07-13,457,457,0,433,0.0,True
2015-07-14,457,457,0,434,0.0,True
2015-07-15,457,457,0,435,0.0,True
2015-07-16,457,457,0,435,0.0,True
2015-07-17,457,457,0,435,0.0,True
2015-07-20,457,458,0,435,0.0,True
2015-07-21,458,458,0,435,0.0,True
2015-07-22,458,458,0,435,0.0,True
2015-07-23,458,458,0,435,0.0,True
2015-07-24,458,458,0,435,0.0,True
2015-07-27,458,458,0,435,0.0,True
2015-07-28,458,458,0,435,0.0,True
2015-07-29,458,459,0,435,0.0,True
2015-07-30,459,459,0,435,0.0,True
2015-07-31,459,459,0,435,0.0,True
2015-08-03,459,459,0,435,0.0,True
2015-08-04,459,459,0,435,0.0,True
2015-08-05,459,459,0,435,0.0,True
2015-08-06,459,459,0,435,0.0,True
2015-08-07,459,459,0,435,0.0,True
2015-08-10,459,459,0,435,0.0,True
2015-08-11,459,459,0,435,0.0,True
2015-08-12,459,459,0,435,0.0,True
2015-08-13,459,459,0,435,0.0,True
2015-08-14,459,459,0,435,0.0,True
2015-08-17,459,459,0,435,0.0,True
2015-08-18,459,459,0,435,0.0,True
2015-08-19,459,459,0,436,0.0,True
2015-08-20,459,459,0,436,0.0,True
2015-08-21,459,459,0,436,0.0,True
2015-08-24,459,459,0,436,0.0,True
2015-08-25,459,459,0,436,0.0,True
2015-08-26,459,459,0,436,0.0,True
2015-08-27,459,459,0,436,0.0,True
2015-08-28,459,459,0,436,0.0,True
2015-08-31,459,460,0,436,0.0,True
2015-09-01,460,460,0,436,0.0,True
2015-09-02,460,459,1,435,0.002173913043478261,True
2015-09-03,459,460,0,435,0.0,True
2015-09-04,460,460,0,435,0.0,True
2015-09-08,460,460,0,435,0.0,True
2015-09-09,460,460,0,435,0.0,True
2015-09-10,460,460,0,435,0.0,True
2015-09-11,460,460,0,435,0.0,True
2015-09-14,460,460,0,435,0.0,True
2015-09-15,460,460,0,435,0.0,True
2015-09-16,460,460,0,435,0.0,True
2015-09-17,460,460,0,435,0.0,True
2015-09-18,460,460,0,435,0.0,True
2015-09-21,460,462,0,435,0.0,True
2015-09-22,462,462,0,435,0.0,True
2015-09-23,462,462,0,435,0.0,True
2015-09-24,462,462,0,435,0.0,True
2015-09-25,462,462,0,435,0.0,True
2015-09-28,462,462,0,435,0.0,True
2015-09-29,462,462,0,435,0.0,True
2015-09-30,462,462,0,435,0.0,True
2015-10-01,462,462,0,435,0.0,True
2015-10-02,462,462,0,437,0.0,True
2015-10-05,462,462,0,437,0.0,True
2015-10-06,462,461,1,436,0.0021645021645021645,True
2015-10-07,461,461,0,436,0.0,True
2015-10-08,461,462,0,436,0.0,True
2015-10-09,462,462,0,436,0.0,True
2015-10-12,462,462,0,436,0.0,True
2015-10-13,462,462,0,436,0.0,True
2015-10-14,462,462,0,436,0.0,True
2015-10-15,462,462,0,436,0.0,True
2015-10-16,462,462,0,436,0.0,True
2015-10-19,462,462,0,436,0.0,True
2015-10-20,462,462,0,436,0.0,True
2015-10-21,462,462,0,436,0.0,True
2015-10-22,462,462,0,436,0.0,True
2015-10-23,462,462,0,436,0.0,True
2015-10-26,462,462,0,436,0.0,True
2015-10-27,462,462,0,436,0.0,True
2015-10-28,462,462,0,436,0.0,True
2015-10-29,462,461,1,435,0.0021645021645021645,True
2015-10-30,461,461,0,435,0.0,True
2015-11-02,461,462,0,435,0.0,True
2015-11-03,462,462,0,435,0.0,True
2015-11-04,462,462,0,435,0.0,True
2015-11-05,462,462,0,435,0.0,True
2015-11-06,462,462,0,435,0.0,True
2015-11-09,462,462,0,435,0.0,True
2015-11-10,462,462,0,435,0.0,True
2015-11-11,462,462,0,435,0.0,True
2015-11-12,462,462,0,435,0.0,True
2015-11-13,462,462,0,435,0.0,True
2015-11-16,462,462,0,435,0.0,True
2015-11-17,462,462,0,436,0.0,True
2015-11-18,462,461,2,434,0.004329004329004329,True
2015-11-19,461,462,0,434,0.0,True
2015-11-20,462,462,0,434,0.0,True
2015-11-23,462,462,0,434,0.0,True
2015-11-24,462,462,0,434,0.0,True
2015-11-25,462,462,0,434,0.0,True
2015-11-27,462,462,0,434,0.0,True
2015-11-30,462,463,0,434,0.0,True
2015-12-01,462,462,0,433,0.0,True
2015-12-02,462,462,0,433,0.0,True
2015-12-03,462,462,0,433,0.0,True
2015-12-04,462,462,0,433,0.0,True
2015-12-07,462,462,0,433,0.0,True
2015-12-08,462,462,0,433,0.0,True
2015-12-09,462,462,0,433,0.0,True
2015-12-10,462,461,1,433,0.0021645021645021645,True
2015-12-11,461,461,0,433,0.0,True
2015-12-14,461,461,0,433,0.0,True
2015-12-15,461,461,0,433,0.0,True
2015-12-16,461,461,0,433,0.0,True
2015-12-17,461,461,0,434,0.0,True
2015-12-18,461,461,0,434,0.0,True
2015-12-21,461,461,0,434,0.0,True
2015-12-22,461,461,0,434,0.0,True
2015-12-23,461,461,0,434,0.0,True
2015-12-24,461,461,0,434,0.0,True
2015-12-28,461,461,0,434,0.0,True
2015-12-29,461,462,0,434,0.0,True
2015-12-30,462,462,0,434,0.0,True
2015-12-31,462,462,0,434,0.0,True
2016-01-04,462,464,0,434,0.0,True
2016-01-05,464,464,1,433,0.0021551724137931034,True
2016-01-06,464,464,0,433,0.0,True
2016-01-07,464,464,0,434,0.0,True
2016-01-08,464,464,0,434,0.0,True
2016-01-11,464,464,0,434,0.0,True
2016-01-12,464,464,0,434,0.0,True
2016-01-13,464,464,0,434,0.0,True
2016-01-14,464,464,0,434,0.0,True
2016-01-15,464,464,0,434,0.0,True
2016-01-19,464,465,0,434,0.0,True
2016-01-20,465,465,0,434,0.0,True
2016-01-21,465,465,0,434,0.0,True
2016-01-22,465,465,0,434,0.0,True
2016-01-25,465,465,0,434,0.0,True
2016-01-26,465,465,0,434,0.0,True
2016-01-27,465,463,2,434,0.004301075268817204,True
2016-01-28,463,463,0,434,0.0,True
2016-01-29,463,463,0,434,0.0,True
2016-02-01,463,465,0,434,0.0,True
2016-02-02,465,465,0,434,0.0,True
2016-02-03,465,465,0,434,0.0,True
2016-02-04,465,465,0,434,0.0,True
2016-02-05,465,465,0,434,0.0,True
2016-02-08,465,465,0,434,0.0,True
2016-02-09,465,465,0,434,0.0,True
2016-02-10,465,465,0,434,0.0,True
2016-02-11,465,465,0,434,0.0,True
2016-02-12,465,465,0,434,0.0,True
2016-02-16,465,465,0,434,0.0,True
2016-02-17,465,465,0,434,0.0,True
2016-02-18,465,465,0,434,0.0,True
2016-02-19,465,465,0,434,0.0,True
2016-02-22,465,466,0,434,0.0,True
2016-02-23,466,466,0,434,0.0,True
2016-02-24,466,466,0,434,0.0,True
2016-02-25,466,466,0,434,0.0,True
2016-02-26,466,466,0,434,0.0,True
2016-02-29,466,465,1,433,0.002145922746781116,True
2016-03-01,465,465,0,433,0.0,True
2016-03-02,465,465,0,433,0.0,True
2016-03-03,465,465,0,433,0.0,True
2016-03-04,465,465,1,432,0.002150537634408602,True
2016-03-07,465,466,0,432,0.0,True
2016-03-08,466,466,0,432,0.0,True
2016-03-09,466,466,0,432,0.0,True
2016-03-10,466,466,0,432,0.0,True
2016-03-11,466,466,0,433,0.0,True
2016-03-14,466,466,0,433,0.0,True
2016-03-15,466,466,0,433,0.0,True
2016-03-16,466,466,0,433,0.0,True
2016-03-17,466,466,0,434,0.0,True
2016-03-18,466,466,0,434,0.0,True
2016-03-21,466,466,0,434,0.0,True
2016-03-22,466,466,0,438,0.0,True
2016-03-23,466,466,0,438,0.0,True
2016-03-24,466,466,0,438,0.0,True
2016-03-28,466,466,0,438,0.0,True
2016-03-29,466,466,0,438,0.0,True
2016-03-30,466,467,1,437,0.002145922746781116,True
2016-03-31,467,467,0,437,0.0,True
2016-04-01,467,467,0,437,0.0,True
2016-04-04,467,468,0,437,0.0,True
2016-04-05,468,468,0,437,0.0,True
2016-04-06,468,468,0,438,0.0,True
2016-04-07,468,468,0,438,0.0,True
2016-04-08,468,469,0,438,0.0,True
2016-04-11,469,469,0,438,0.0,True
2016-04-12,469,469,0,438,0.0,True
2016-04-13,469,469,0,438,0.0,True
2016-04-14,469,469,0,438,0.0,True
2016-04-15,469,469,0,438,0.0,True
2016-04-18,469,469,1,437,0.0021321961620469083,True
2016-04-19,469,469,0,437,0.0,True
2016-04-20,469,469,0,437,0.0,True
2016-04-21,469,468,1,436,0.0021321961620469083,True
2016-04-22,468,468,0,436,0.0,True
2016-04-25,468,469,0,436,0.0,True
2016-04-26,469,469,0,436,0.0,True
2016-04-27,469,469,0,436,0.0,True
2016-04-28,469,469,0,436,0.0,True
2016-04-29,469,469,0,436,0.0,True
2016-05-02,469,469,0,436,0.0,True
2016-05-03,469,470,0,436,0.0,True
2016-05-04,470,470,0,436,0.0,True
2016-05-05,470,470,0,436,0.0,True
2016-05-06,470,470,0,436,0.0,True
2016-05-09,470,470,0,436,0.0,True
2016-05-10,470,470,0,436,0.0,True
2016-05-11,470,470,0,436,0.0,True
2016-05-12,470,470,0,436,0.0,True
2016-05-13,470,471,0,436,0.0,True
2016-05-16,471,471,0,436,0.0,True
2016-05-17,471,471,0,436,0.0,True
2016-05-18,471,471,1,435,0.0021231422505307855,True
2016-05-19,471,471,0,435,0.0,True
2016-05-20,471,471,0,435,0.0,True
2016-05-23,471,471,1,434,0.0021231422505307855,True
2016-05-24,471,471,0,434,0.0,True
2016-05-25,471,470,1,434,0.0021231422505307855,True
2016-05-26,470,470,0,434,0.0,True
2016-05-27,470,470,0,434,0.0,True
2016-05-31,470,471,0,434,0.0,True
2016-06-01,471,471,0,434,0.0,True
2016-06-02,471,470,1,434,0.0021231422505307855,True
2016-06-03,470,471,0,434,0.0,True
2016-06-06,471,471,0,434,0.0,True
2016-06-07,471,471,0,434,0.0,True
2016-06-08,471,471,0,434,0.0,True
2016-06-09,471,471,0,434,0.0,True
2016-06-10,471,471,0,434,0.0,True
2016-06-13,471,471,0,435,0.0,True
2016-06-14,471,471,0,435,0.0,True
2016-06-15,471,471,0,435,0.0,True
2016-06-16,471,471,0,435,0.0,True
2016-06-17,471,471,0,435,0.0,True
2016-06-20,471,471,0,435,0.0,True
2016-06-21,471,470,1,434,0.0021231422505307855,True
2016-06-22,470,470,0,434,0.0,True
2016-06-23,470,470,0,434,0.0,True
2016-06-24,470,471,0,434,0.0,True
2016-06-27,471,471,0,434,0.0,True
2016-06-28,471,469,2,433,0.004246284501061571,True
2016-06-29,469,469,0,433,0.0,True
2016-06-30,469,469,0,434,0.0,True
2016-07-01,469,471,0,435,0.0,True
2016-07-05,471,472,0,436,0.0,True
2016-07-06,472,472,0,436,0.0,True
2016-07-07,472,472,0,436,0.0,True
2016-07-08,472,472,0,437,0.0,True
2016-07-11,472,472,0,437,0.0,True
2016-07-12,472,472,0,437,0.0,True
2016-07-13,472,472,0,437,0.0,True
2016-07-14,472,472,0,437,0.0,True
2016-07-15,472,472,0,437,0.0,True
2016-07-18,472,472,0,437,0.0,True
2016-07-19,472,472,0,438,0.0,True
2016-07-20,472,472,0,438,0.0,True
2016-07-21,472,472,0,438,0.0,True
2016-07-22,472,472,0,438,0.0,True
2016-07-25,472,472,0,438,0.0,True
2016-07-26,472,472,0,438,0.0,True
2016-07-27,472,472,0,438,0.0,True
2016-07-28,472,472,0,439,0.0,True
2016-07-29,472,472,0,439,0.0,True
2016-08-01,472,472,0,439,0.0,True
2016-08-02,472,472,0,439,0.0,True
2016-08-03,472,472,0,439,0.0,True
2016-08-04,472,472,0,439,0.0,True
2016-08-05,472,472,0,439,0.0,True
2016-08-08,472,472,0,439,0.0,True
2016-08-09,472,472,0,439,0.0,True
2016-08-10,472,472,0,439,0.0,True
2016-08-11,472,472,0,439,0.0,True
2016-08-12,472,472,0,439,0.0,True
2016-08-15,472,472,0,439,0.0,True
2016-08-16,472,472,0,439,0.0,True
2016-08-17,472,472,0,439,0.0,True
2016-08-18,472,472,0,439,0.0,True
2016-08-19,472,472,0,439,0.0,True
2016-08-22,472,472,0,439,0.0,True
2016-08-23,472,472,0,439,0.0,True
2016-08-24,472,472,0,439,0.0,True
2016-08-25,472,472,0,439,0.0,True
2016-08-26,472,472,0,439,0.0,True
2016-08-29,472,472,0,439,0.0,True
2016-08-30,472,472,0,440,0.0,True
2016-08-31,472,472,0,440,0.0,True
2016-09-01,472,472,0,440,0.0,True
2016-09-02,472,472,0,441,0.0,True
2016-09-06,472,473,0,441,0.0,True
2016-09-07,473,473,0,441,0.0,True
2016-09-08,473,474,0,441,0.0,True
2016-09-09,474,474,0,441,0.0,True
2016-09-12,474,474,0,441,0.0,True
2016-09-13,474,474,0,441,0.0,True
2016-09-14,474,474,0,441,0.0,True
2016-09-15,474,474,0,441,0.0,True
2016-09-16,474,474,0,441,0.0,True
2016-09-19,474,473,1,440,0.002109704641350211,True
2016-09-20,473,473,0,441,0.0,True
2016-09-21,473,473,0,441,0.0,True
2016-09-22,473,473,0,441,0.0,True
2016-09-23,473,474,0,441,0.0,True
2016-09-26,474,474,0,441,0.0,True
2016-09-27,474,474,0,441,0.0,True
2016-09-28,474,474,0,441,0.0,True
2016-09-29,474,474,0,441,0.0,True
2016-09-30,474,474,0,441,0.0,True
2016-10-03,474,475,0,441,0.0,True
2016-10-04,475,475,0,441,0.0,True
2016-10-05,475,475,0,441,0.0,True
2016-10-06,475,475,0,441,0.0,True
2016-10-07,475,475,0,442,0.0,True
2016-10-10,475,475,0,442,0.0,True
2016-10-11,475,475,0,442,0.0,True
2016-10-12,475,475,0,442,0.0,True
2016-10-13,475,475,0,442,0.0,True
2016-10-14,475,475,0,442,0.0,True
2016-10-17,475,475,0,442,0.0,True
2016-10-18,475,475,0,442,0.0,True
2016-10-19,475,475,0,442,0.0,True
2016-10-20,475,475,0,442,0.0,True
2016-10-21,475,475,0,442,0.0,True
2016-10-24,475,475,0,442,0.0,True
2016-10-25,475,475,0,442,0.0,True
2016-10-26,475,475,0,442,0.0,True
2016-10-27,475,475,0,442,0.0,True
2016-10-28,475,475,0,442,0.0,True
2016-10-31,475,475,0,442,0.0,True
2016-11-01,475,475,0,443,0.0,True
2016-11-02,475,475,0,443,0.0,True
2016-11-03,475,475,0,443,0.0,True
2016-11-04,475,475,0,443,0.0,True
2016-11-07,475,475,0,443,0.0,True
2016-11-08,475,475,0,443,0.0,True
2016-11-09,475,475,0,443,0.0,True
2016-11-10,475,475,0,443,0.0,True
2016-11-11,475,475,0,443,0.0,True
2016-11-14,475,475,0,443,0.0,True
2016-11-15,475,475,0,443,0.0,True
2016-11-16,475,475,0,443,0.0,True
2016-11-17,475,475,0,444,0.0,True
2016-11-18,475,475,0,445,0.0,True
2016-11-21,475,475,0,445,0.0,True
2016-11-22,475,475,0,445,0.0,True
2016-11-23,475,475,0,445,0.0,True
2016-11-25,475,475,0,445,0.0,True
2016-11-28,475,475,0,445,0.0,True
2016-11-29,475,475,0,446,0.0,True
2016-11-30,475,473,2,444,0.004210526315789474,True
2016-12-01,473,473,0,444,0.0,True
2016-12-02,473,475,0,444,0.0,True
2016-12-05,475,475,0,444,0.0,True
2016-12-06,475,475,0,444,0.0,True
2016-12-07,475,475,0,444,0.0,True
2016-12-08,475,475,0,444,0.0,True
2016-12-09,475,475,0,444,0.0,True
2016-12-12,475,475,0,444,0.0,True
2016-12-13,475,475,0,444,0.0,True
2016-12-14,475,475,0,444,0.0,True
2016-12-15,475,475,0,444,0.0,True
2016-12-16,475,475,0,444,0.0,True
2016-12-19,475,475,0,444,0.0,True
2016-12-20,475,475,0,444,0.0,True
2016-12-21,475,475,0,444,0.0,True
2016-12-22,475,475,0,444,0.0,True
2016-12-23,475,475,0,444,0.0,True
2016-12-27,475,475,0,444,0.0,True
2016-12-28,475,475,0,445,0.0,True
2016-12-29,475,475,0,445,0.0,True
2016-12-30,475,475,0,445,0.0,True
2017-01-03,475,475,0,446,0.0,True
2017-01-04,475,474,1,446,0.002105263157894737,True
2017-01-05,474,475,0,446,0.0,True
2017-01-06,475,475,0,446,0.0,True
2017-01-09,475,475,0,446,0.0,True
2017-01-10,475,475,0,446,0.0,True
2017-01-11,475,475,0,446,0.0,True
2017-01-12,475,475,0,446,0.0,True
2017-01-13,475,475,0,446,0.0,True
2017-01-17,475,475,0,446,0.0,True
2017-01-18,475,475,0,447,0.0,True
2017-01-19,475,475,0,447,0.0,True
2017-01-20,475,475,0,447,0.0,True
2017-01-23,475,475,0,447,0.0,True
2017-01-24,475,475,0,447,0.0,True
2017-01-25,475,475,0,447,0.0,True
2017-01-26,475,475,0,447,0.0,True
2017-01-27,475,475,0,447,0.0,True
2017-01-30,475,475,0,447,0.0,True
2017-01-31,475,475,0,449,0.0,True
2017-02-01,475,475,0,449,0.0,True
2017-02-02,475,475,0,449,0.0,True
2017-02-03,475,475,0,449,0.0,True
2017-02-06,475,475,0,449,0.0,True
2017-02-07,475,475,0,449,0.0,True
2017-02-08,475,475,0,449,0.0,True
2017-02-09,475,475,0,449,0.0,True
2017-02-10,475,475,0,449,0.0,True
2017-02-13,475,475,0,449,0.0,True
2017-02-14,475,475,0,449,0.0,True
2017-02-15,475,475,0,449,0.0,True
2017-02-16,475,475,0,449,0.0,True
2017-02-17,475,475,0,449,0.0,True
2017-02-21,475,475,0,450,0.0,True
2017-02-22,475,475,0,450,0.0,True
2017-02-23,475,475,0,450,0.0,True
2017-02-24,475,475,0,450,0.0,True
2017-02-27,475,475,0,450,0.0,True
2017-02-28,475,476,0,450,0.0,True
2017-03-01,476,476,1,449,0.0021008403361344537,True
2017-03-02,476,476,1,448,0.0021008403361344537,True
2017-03-03,476,476,0,448,0.0,True
2017-03-06,476,476,0,449,0.0,True
2017-03-07,476,476,0,450,0.0,True
2017-03-08,476,476,0,450,0.0,True
2017-03-09,476,476,0,450,0.0,True
2017-03-10,476,476,0,450,0.0,True
2017-03-13,476,475,2,448,0.004201680672268907,True
2017-03-14,475,475,0,448,0.0,True
2017-03-15,475,475,0,448,0.0,True
2017-03-16,475,476,0,448,0.0,True
2017-03-17,476,476,0,448,0.0,True
2017-03-20,475,476,2,445,0.004210526315789474,True
2017-03-21,476,476,0,445,0.0,True
2017-03-22,476,476,0,445,0.0,True
2017-03-23,476,476,0,445,0.0,True
2017-03-24,476,476,0,445,0.0,True
2017-03-27,476,476,0,445,0.0,True
2017-03-28,476,476,0,445,0.0,True
2017-03-29,476,476,0,447,0.0,True
2017-03-30,476,476,0,447,0.0,True
2017-03-31,476,475,1,446,0.0021008403361344537,True
2017-04-03,475,475,0,447,0.0,True
2017-04-04,475,476,0,447,0.0,True
2017-04-05,476,477,0,447,0.0,True
2017-04-06,477,477,0,447,0.0,True
2017-04-07,477,477,0,448,0.0,True
2017-04-10,477,477,0,448,0.0,True
2017-04-11,477,477,0,448,0.0,True
2017-04-12,477,477,0,448,0.0,True
2017-04-13,477,477,0,448,0.0,True
2017-04-17,477,477,0,448,0.0,True
2017-04-18,477,477,0,449,0.0,True
2017-04-19,477,477,0,449,0.0,True
2017-04-20,477,477,0,449,0.0,True
2017-04-21,477,477,0,449,0.0,True
2017-04-24,477,477,0,449,0.0,True
2017-04-25,477,477,0,450,0.0,True
2017-04-26,477,477,0,450,0.0,True
2017-04-27,477,477,0,450,0.0,True
2017-04-28,477,477,0,450,0.0,True
2017-05-01,477,477,0,450,0.0,True
2017-05-02,477,477,0,450,0.0,True
2017-05-03,477,477,0,451,0.0,True
2017-05-04,477,477,0,451,0.0,True
2017-05-05,477,477,0,451,0.0,True
2017-05-08,477,477,0,451,0.0,True
2017-05-09,477,477,0,451,0.0,True
2017-05-10,477,477,0,451,0.0,True
2017-05-11,477,477,0,451,0.0,True
2017-05-12,477,477,0,451,0.0,True
2017-05-15,477,477,0,452,0.0,True
2017-05-16,477,477,0,452,0.0,True
2017-05-17,477,477,0,452,0.0,True
2017-05-18,477,477,0,453,0.0,True
2017-05-19,477,477,0,453,0.0,True
2017-05-22,477,477,0,453,0.0,True
2017-05-23,477,477,0,454,0.0,True
2017-05-24,477,476,1,453,0.0020964360587002098,True
2017-05-25,476,476,0,453,0.0,True
2017-05-26,476,476,0,453,0.0,True
2017-05-30,476,476,0,453,0.0,True
2017-05-31,476,476,0,454,0.0,True
2017-06-01,476,476,0,454,0.0,True
2017-06-02,476,476,0,454,0.0,True
2017-06-05,476,476,0,455,0.0,True
2017-06-06,476,476,0,455,0.0,True
2017-06-07,476,476,0,455,0.0,True
2017-06-08,476,475,1,454,0.0021008403361344537,True
2017-06-09,475,475,0,454,0.0,True
2017-06-12,475,475,0,454,0.0,True
2017-06-13,475,475,0,454,0.0,True
2017-06-14,475,475,0,454,0.0,True
2017-06-15,475,475,0,454,0.0,True
2017-06-16,475,475,0,454,0.0,True
2017-06-19,475,475,3,451,0.00631578947368421,True
2017-06-20,475,475,0,451,0.0,True
2017-06-21,475,475,0,451,0.0,True
2017-06-22,475,475,0,451,0.0,True
2017-06-23,475,475,0,451,0.0,True
2017-06-26,475,475,0,452,0.0,True
2017-06-27,475,475,0,452,0.0,True
2017-06-28,475,475,0,452,0.0,True
2017-06-29,475,475,0,452,0.0,True
2017-06-30,475,475,0,452,0.0,True
2017-07-03,475,475,0,454,0.0,True
2017-07-05,475,475,0,455,0.0,True
2017-07-06,475,475,0,455,0.0,True
2017-07-07,475,475,0,455,0.0,True
2017-07-10,475,475,0,455,0.0,True
2017-07-11,475,475,0,455,0.0,True
2017-07-12,475,475,0,455,0.0,True
2017-07-13,475,475,0,455,0.0,True
2017-07-14,475,475,0,455,0.0,True
2017-07-17,475,475,0,455,0.0,True
2017-07-18,475,475,0,455,0.0,True
2017-07-19,475,475,0,455,0.0,True
2017-07-20,475,475,0,455,0.0,True
2017-07-21,475,474,1,454,0.002105263157894737,True
2017-07-24,474,474,0,454,0.0,True
2017-07-25,474,474,0,454,0.0,True
2017-07-26,474,477,2,452,0.004219409282700422,True
2017-07-27,477,477,0,452,0.0,True
2017-07-28,477,477,0,452,0.0,True
2017-07-31,477,477,0,452,0.0,True
2017-08-01,477,477,0,452,0.0,True
2017-08-02,477,477,0,452,0.0,True
2017-08-03,477,477,0,452,0.0,True
2017-08-04,477,477,0,452,0.0,True
2017-08-07,477,478,0,452,0.0,True
2017-08-08,478,477,1,451,0.0020920502092050207,True
2017-08-09,477,477,0,451,0.0,True
2017-08-10,477,477,0,451,0.0,True
2017-08-11,477,477,0,451,0.0,True
2017-08-14,477,477,0,451,0.0,True
2017-08-15,477,477,0,451,0.0,True
2017-08-16,477,477,0,451,0.0,True
2017-08-17,477,477,0,451,0.0,True
2017-08-18,477,476,1,450,0.0020964360587002098,True
2017-08-21,476,476,0,450,0.0,True
2017-08-22,476,476,0,450,0.0,True
2017-08-23,476,476,0,450,0.0,True
2017-08-24,476,476,0,450,0.0,True
2017-08-25,476,476,0,450,0.0,True
2017-08-28,476,476,0,450,0.0,True
2017-08-29,476,477,0,450,0.0,True
2017-08-30,477,477,0,450,0.0,True
2017-08-31,477,477,0,450,0.0,True
2017-09-01,477,479,0,450,0.0,True
2017-09-05,479,479,0,450,0.0,True
2017-09-06,479,479,0,451,0.0,True
2017-09-07,479,479,0,451,0.0,True
2017-09-08,479,479,0,452,0.0,True
2017-09-11,479,479,0,452,0.0,True
2017-09-12,479,479,0,452,0.0,True
2017-09-13,479,479,0,452,0.0,True
2017-09-14,479,479,0,452,0.0,True
2017-09-15,479,479,0,452,0.0,True
2017-09-18,479,480,0,452,0.0,True
2017-09-19,480,480,0,452,0.0,True
2017-09-20,480,480,0,452,0.0,True
2017-09-21,480,480,0,452,0.0,True
2017-09-22,480,480,0,452,0.0,True
2017-09-25,480,480,0,453,0.0,True
2017-09-26,480,480,0,453,0.0,True
2017-09-27,480,480,0,453,0.0,True
2017-09-28,480,480,0,453,0.0,True
2017-09-29,480,480,0,453,0.0,True
2017-10-02,480,480,0,453,0.0,True
2017-10-03,480,480,0,454,0.0,True
2017-10-04,480,480,0,454,0.0,True
2017-10-05,480,480,0,454,0.0,True
2017-10-06,480,480,0,454,0.0,True
2017-10-09,480,480,0,454,0.0,True
2017-10-10,480,480,0,454,0.0,True
2017-10-11,480,479,1,453,0.0020833333333333333,True
2017-10-12,479,479,0,453,0.0,True
2017-10-13,479,480,0,453,0.0,True
2017-10-16,480,480,0,453,0.0,True
2017-10-17,480,480,0,453,0.0,True
2017-10-18,480,480,0,453,0.0,True
2017-10-19,480,480,0,453,0.0,True
2017-10-20,480,480,0,453,0.0,True
2017-10-23,480,480,0,453,0.0,True
2017-10-24,480,480,0,453,0.0,True
2017-10-25,480,480,0,453,0.0,True
2017-10-26,480,480,0,453,0.0,True
2017-10-27,480,480,0,453,0.0,True
2017-10-30,480,480,0,453,0.0,True
2017-10-31,480,480,0,453,0.0,True
2017-11-01,480,480,0,453,0.0,True
2017-11-02,480,480,0,453,0.0,True
2017-11-03,480,480,0,453,0.0,True
2017-11-06,480,480,0,453,0.0,True
2017-11-07,480,480,0,453,0.0,True
2017-11-08,480,480,0,453,0.0,True
2017-11-09,480,480,0,453,0.0,True
2017-11-10,480,480,0,453,0.0,True
2017-11-13,480,480,0,453,0.0,True
2017-11-14,480,480,0,453,0.0,True
2017-11-15,480,480,0,453,0.0,True
2017-11-16,480,480,0,453,0.0,True
2017-11-17,480,480,0,453,0.0,True
2017-11-20,480,480,0,453,0.0,True
2017-11-21,480,480,0,453,0.0,True
2017-11-22,480,480,0,453,0.0,True
2017-11-24,480,480,0,453,0.0,True
2017-11-27,480,480,0,453,0.0,True
2017-11-28,480,480,0,453,0.0,True
2017-11-29,480,480,0,453,0.0,True
2017-11-30,480,480,0,453,0.0,True
2017-12-01,480,480,0,453,0.0,True
2017-12-04,480,480,0,455,0.0,True
2017-12-05,480,480,0,455,0.0,True
2017-12-06,480,480,0,455,0.0,True
2017-12-07,480,480,0,455,0.0,True
2017-12-08,480,480,0,455,0.0,True
2017-12-11,480,480,0,455,0.0,True
2017-12-12,480,480,0,455,0.0,True
2017-12-13,480,480,0,455,0.0,True
2017-12-14,480,480,0,455,0.0,True
2017-12-15,480,480,0,455,0.0,True
2017-12-18,480,480,0,455,0.0,True
2017-12-19,480,480,0,455,0.0,True
2017-12-20,480,480,0,455,0.0,True
2017-12-21,480,480,0,455,0.0,True
2017-12-22,480,480,0,455,0.0,True
2017-12-26,480,480,0,455,0.0,True
2017-12-27,480,480,0,455,0.0,True
2017-12-28,480,479,1,454,0.0020833333333333333,True
2017-12-29,479,479,0,454,0.0,True
2018-01-02,479,481,0,454,0.0,True
2018-01-03,481,482,0,454,0.0,True
2018-01-04,482,482,0,454,0.0,True
2018-01-05,482,482,0,455,0.0,True
2018-01-08,482,482,0,455,0.0,True
2018-01-09,482,482,0,455,0.0,True
2018-01-10,482,482,0,455,0.0,True
2018-01-11,482,482,0,455,0.0,True
2018-01-12,482,482,0,455,0.0,True
2018-01-16,482,482,0,455,0.0,True
2018-01-17,482,482,0,455,0.0,True
2018-01-18,482,482,0,455,0.0,True
2018-01-19,482,482,0,455,0.0,True
2018-01-22,482,482,0,455,0.0,True
2018-01-23,482,482,0,455,0.0,True
2018-01-24,482,482,0,455,0.0,True
2018-01-25,482,482,0,455,0.0,True
2018-01-26,482,482,0,455,0.0,True
2018-01-29,482,482,0,455,0.0,True
2018-01-30,482,482,0,455,0.0,True
2018-01-31,482,482,0,455,0.0,True
2018-02-01,482,482,0,455,0.0,True
2018-02-02,482,482,0,455,0.0,True
2018-02-05,482,482,0,455,0.0,True
2018-02-06,482,482,0,455,0.0,True
2018-02-07,482,482,0,455,0.0,True
2018-02-08,482,482,0,455,0.0,True
2018-02-09,482,482,0,455,0.0,True
2018-02-12,482,482,0,455,0.0,True
2018-02-13,482,482,0,455,0.0,True
2018-02-14,482,482,0,455,0.0,True
2018-02-15,482,482,0,455,0.0,True
2018-02-16,482,482,0,455,0.0,True
2018-02-20,482,482,0,455,0.0,True
2018-02-21,482,482,0,455,0.0,True
2018-02-22,482,482,0,455,0.0,True
2018-02-23,482,482,0,455,0.0,True
2018-02-26,482,482,0,455,0.0,True
2018-02-27,482,482,0,455,0.0,True
2018-02-28,482,482,0,456,0.0,True
2018-03-01,482,481,1,456,0.002074688796680498,True
2018-03-02,481,481,0,457,0.0,True
2018-03-05,481,481,0,457,0.0,True
2018-03-06,481,481,0,457,0.0,True
2018-03-07,481,482,0,457,0.0,True
2018-03-08,482,482,0,457,0.0,True
2018-03-09,482,482,0,457,0.0,True
2018-03-12,482,482,0,457,0.0,True
2018-03-13,482,482,0,458,0.0,True
2018-03-14,482,482,0,458,0.0,True
2018-03-15,482,482,0,458,0.0,True
2018-03-16,482,482,0,459,0.0,True
2018-03-19,482,483,2,457,0.004149377593360996,True
2018-03-20,483,483,0,460,0.0,True
2018-03-21,483,483,0,460,0.0,True
2018-03-22,483,483,0,460,0.0,True
2018-03-23,483,483,0,460,0.0,True
2018-03-26,483,483,0,460,0.0,True
2018-03-27,483,483,0,460,0.0,True
2018-03-28,483,483,0,460,0.0,True
2018-03-29,483,483,0,460,0.0,True
2018-04-02,483,483,0,460,0.0,True
2018-04-03,483,482,1,459,0.002070393374741201,True
2018-04-04,482,483,0,459,0.0,True
2018-04-05,483,483,0,460,0.0,True
2018-04-06,483,483,0,461,0.0,True
2018-04-09,483,483,0,461,0.0,True
2018-04-10,483,483,0,461,0.0,True
2018-04-11,483,483,0,461,0.0,True
2018-04-12,483,483,0,461,0.0,True
2018-04-13,483,483,0,461,0.0,True
2018-04-16,483,483,0,461,0.0,True
2018-04-17,483,483,0,461,0.0,True
2018-04-18,483,483,0,461,0.0,True
2018-04-19,483,483,0,461,0.0,True
2018-04-20,483,483,0,461,0.0,True
2018-04-23,483,483,0,461,0.0,True
2018-04-24,483,483,0,461,0.0,True
2018-04-25,483,483,0,461,0.0,True
2018-04-26,483,483,0,461,0.0,True
2018-04-27,483,483,0,461,0.0,True
2018-04-30,483,483,0,461,0.0,True
2018-05-01,483,483,0,461,0.0,True
2018-05-02,483,483,0,461,0.0,True
2018-05-03,483,483,0,461,0.0,True
2018-05-04,483,483,0,461,0.0,True
2018-05-07,483,483,0,461,0.0,True
2018-05-08,483,483,0,461,0.0,True
2018-05-09,483,483,0,461,0.0,True
2018-05-10,483,483,0,461,0.0,True
2018-05-11,483,483,0,461,0.0,True
2018-05-14,483,483,0,461,0.0,True
2018-05-15,483,483,0,461,0.0,True
2018-05-16,483,483,0,461,0.0,True
2018-05-17,483,483,0,461,0.0,True
2018-05-18,483,483,0,461,0.0,True
2018-05-21,483,483,0,461,0.0,True
2018-05-22,483,483,0,461,0.0,True
2018-05-23,483,483,0,461,0.0,True
2018-05-24,483,483,0,461,0.0,True
2018-05-25,483,483,0,461,0.0,True
2018-05-29,483,483,0,461,0.0,True
2018-05-30,483,483,0,461,0.0,True
2018-05-31,483,484,0,461,0.0,True
2018-06-01,484,484,0,461,0.0,True
2018-06-04,484,483,1,460,0.002066115702479339,True
2018-06-05,483,484,0,460,0.0,True
2018-06-06,484,484,0,460,0.0,True
2018-06-07,484,485,0,460,0.0,True
2018-06-08,485,485,0,460,0.0,True
2018-06-11,485,485,0,460,0.0,True
2018-06-12,485,485,0,460,0.0,True
2018-06-13,485,485,0,460,0.0,True
2018-06-14,485,485,0,460,0.0,True
2018-06-15,485,484,1,459,0.002061855670103093,True
2018-06-18,484,484,2,457,0.004132231404958678,True
2018-06-19,484,484,0,460,0.0,True
2018-06-20,484,485,0,460,0.0,True
2018-06-21,485,485,0,460,0.0,True
2018-06-22,485,485,0,460,0.0,True
2018-06-25,485,485,0,460,0.0,True
2018-06-26,485,485,0,460,0.0,True
2018-06-27,484,484,0,459,0.0,True
2018-06-28,484,484,0,459,0.0,True
2018-06-29,484,484,0,459,0.0,True
2018-07-02,484,485,0,459,0.0,True
2018-07-03,485,485,0,459,0.0,True
2018-07-05,485,485,0,459,0.0,True
2018-07-06,485,485,0,459,0.0,True
2018-07-09,485,485,0,459,0.0,True
2018-07-10,485,485,0,459,0.0,True
2018-07-11,485,485,0,459,0.0,True
2018-07-12,485,485,0,459,0.0,True
2018-07-13,485,485,0,459,0.0,True
2018-07-16,485,485,0,459,0.0,True
2018-07-17,485,485,0,459,0.0,True
2018-07-18,485,485,0,459,0.0,True
2018-07-19,485,485,0,459,0.0,True
2018-07-20,485,485,0,459,0.0,True
2018-07-23,485,485,0,459,0.0,True
2018-07-24,485,485,0,459,0.0,True
2018-07-25,485,485,0,459,0.0,True
2018-07-26,485,485,0,464,0.0,True
2018-07-27,485,485,0,464,0.0,True
2018-07-30,485,485,0,464,0.0,True
2018-07-31,485,485,0,464,0.0,True
2018-08-01,485,485,0,464,0.0,True
2018-08-02,485,485,0,464,0.0,True
2018-08-03,485,485,0,464,0.0,True
2018-08-06,485,485,0,464,0.0,True
2018-08-07,485,485,0,465,0.0,True
2018-08-08,485,485,0,465,0.0,True
2018-08-09,485,485,0,465,0.0,True
2018-08-10,485,485,0,465,0.0,True
2018-08-13,485,485,0,465,0.0,True
2018-08-14,485,485,0,465,0.0,True
2018-08-15,485,485,0,465,0.0,True
2018-08-16,485,485,0,465,0.0,True
2018-08-17,485,485,0,465,0.0,True
2018-08-20,485,485,0,465,0.0,True
2018-08-21,485,484,1,464,0.002061855670103093,True
2018-08-22,484,484,0,464,0.0,True
2018-08-23,484,484,0,464,0.0,True
2018-08-24,484,484,0,464,0.0,True
2018-08-27,484,484,0,464,0.0,True
2018-08-28,484,485,0,464,0.0,True
2018-08-29,485,485,0,465,0.0,True
2018-08-30,485,485,0,465,0.0,True
2018-08-31,485,485,0,465,0.0,True
2018-09-04,485,485,0,467,0.0,True
2018-09-05,485,485,0,467,0.0,True
2018-09-06,485,485,0,467,0.0,True
2018-09-07,485,485,0,467,0.0,True
2018-09-10,485,485,0,467,0.0,True
2018-09-11,485,485,0,467,0.0,True
2018-09-12,485,485,0,467,0.0,True
2018-09-13,485,485,0,467,0.0,True
2018-09-14,485,485,0,467,0.0,True
2018-09-17,485,486,0,467,0.0,True
2018-09-18,486,486,0,468,0.0,True
2018-09-19,486,485,1,467,0.00205761316872428,True
2018-09-20,485,485,0,467,0.0,True
2018-09-21,485,485,0,467,0.0,True
2018-09-24,485,485,0,467,0.0,True
2018-09-25,485,484,1,466,0.002061855670103093,True
2018-09-26,484,484,0,466,0.0,True
2018-09-27,484,484,0,466,0.0,True
2018-09-28,484,484,0,466,0.0,True
2018-10-01,484,485,0,466,0.0,True
2018-10-02,485,485,0,466,0.0,True
2018-10-03,485,485,0,466,0.0,True
2018-10-04,485,485,0,466,0.0,True
2018-10-05,485,485,0,466,0.0,True
2018-10-08,485,485,0,466,0.0,True
2018-10-09,485,485,0,466,0.0,True
2018-10-10,485,485,0,466,0.0,True
2018-10-11,485,485,1,465,0.002061855670103093,True
2018-10-12,485,485,0,465,0.0,True
2018-10-15,485,485,0,466,0.0,True
2018-10-16,485,485,0,466,0.0,True
2018-10-17,485,485,0,466,0.0,True
2018-10-18,485,485,0,466,0.0,True
2018-10-19,485,485,0,466,0.0,True
2018-10-22,485,485,0,466,0.0,True
2018-10-23,485,485,0,466,0.0,True
2018-10-24,485,485,0,466,0.0,True
2018-10-25,485,485,0,466,0.0,True
2018-10-26,485,485,0,466,0.0,True
2018-10-29,485,485,0,466,0.0,True
2018-10-30,485,485,0,466,0.0,True
2018-10-31,485,485,0,466,0.0,True
2018-11-01,485,485,0,466,0.0,True
2018-11-02,485,485,0,466,0.0,True
2018-11-05,485,485,0,466,0.0,True
2018-11-06,485,487,0,466,0.0,True
2018-11-07,487,487,0,466,0.0,True
2018-11-08,487,487,0,466,0.0,True
2018-11-09,487,487,0,466,0.0,True
2018-11-12,487,487,0,466,0.0,True
2018-11-13,486,487,0,465,0.0,True
2018-11-14,487,487,0,465,0.0,True
2018-11-15,487,487,0,465,0.0,True
2018-11-16,487,486,1,464,0.002053388090349076,True
2018-11-19,486,486,0,464,0.0,True
2018-11-20,486,486,0,464,0.0,True
2018-11-21,486,486,0,464,0.0,True
2018-11-23,486,486,0,464,0.0,True
2018-11-26,486,486,0,464,0.0,True
2018-11-27,486,486,0,464,0.0,True
2018-11-28,486,486,0,464,0.0,True
2018-11-29,486,485,1,463,0.00205761316872428,True
2018-11-30,485,484,1,462,0.002061855670103093,True
2018-12-03,484,487,0,462,0.0,True
2018-12-04,487,487,0,462,0.0,True
2018-12-06,487,487,0,462,0.0,True
2018-12-07,487,487,0,462,0.0,True
2018-12-10,487,487,0,462,0.0,True
2018-12-11,487,487,0,462,0.0,True
2018-12-12,487,487,0,462,0.0,True
2018-12-13,487,487,0,462,0.0,True
2018-12-14,487,487,0,462,0.0,True
2018-12-17,487,487,0,462,0.0,True
2018-12-18,487,487,0,462,0.0,True
2018-12-19,487,487,0,462,0.0,True
2018-12-20,487,486,1,461,0.002053388090349076,True
2018-12-21,486,486,0,461,0.0,True
2018-12-24,486,487,0,461,0.0,True
2018-12-26,487,486,1,460,0.002053388090349076,True
2018-12-27,486,486,0,460,0.0,True
2018-12-28,486,486,0,460,0.0,True
2018-12-31,486,486,0,460,0.0,True
2019-01-02,486,487,0,460,0.0,True
2019-01-03,487,487,0,462,0.0,True
2019-01-04,487,487,0,463,0.0,True
2019-01-07,487,487,0,463,0.0,True
2019-01-08,487,487,0,463,0.0,True
2019-01-09,487,487,0,463,0.0,True
2019-01-10,487,487,0,463,0.0,True
2019-01-11,487,487,0,463,0.0,True
2019-01-14,486,486,0,462,0.0,True
2019-01-15,486,486,0,462,0.0,True
2019-01-16,486,486,0,462,0.0,True
2019-01-17,486,486,0,462,0.0,True
2019-01-18,486,487,0,462,0.0,True
2019-01-22,487,487,0,462,0.0,True
2019-01-23,487,487,0,462,0.0,True
2019-01-24,487,487,0,462,0.0,True
2019-01-25,487,487,0,462,0.0,True
2019-01-28,487,487,0,462,0.0,True
2019-01-29,487,487,0,462,0.0,True
2019-01-30,487,487,0,462,0.0,True
2019-01-31,487,487,0,462,0.0,True
2019-02-01,487,487,0,462,0.0,True
2019-02-04,487,487,0,462,0.0,True
2019-02-05,487,487,0,462,0.0,True
2019-02-06,487,487,0,462,0.0,True
2019-02-07,487,487,0,462,0.0,True
2019-02-08,487,487,0,462,0.0,True
2019-02-11,487,487,0,462,0.0,True
2019-02-12,487,487,0,462,0.0,True
2019-02-13,487,487,0,462,0.0,True
2019-02-14,487,487,0,462,0.0,True
2019-02-15,487,488,0,462,0.0,True
2019-02-19,488,487,1,461,0.0020491803278688526,True
2019-02-20,487,487,0,461,0.0,True
2019-02-21,487,487,0,461,0.0,True
2019-02-22,487,487,0,461,0.0,True
2019-02-25,487,487,0,461,0.0,True
2019-02-26,487,487,0,461,0.0,True
2019-02-27,487,488,0,461,0.0,True
2019-02-28,488,487,1,460,0.0020491803278688526,True
2019-03-01,487,487,0,460,0.0,True
2019-03-04,487,487,0,460,0.0,True
2019-03-05,487,487,0,460,0.0,True
2019-03-06,487,487,0,460,0.0,True
2019-03-07,487,487,0,460,0.0,True
2019-03-08,487,487,0,461,0.0,True
2019-03-11,487,487,0,461,0.0,True
2019-03-12,487,487,0,461,0.0,True
2019-03-13,487,487,0,461,0.0,True
2019-03-14,487,487,0,461,0.0,True
2019-03-15,487,487,0,461,0.0,True
2019-03-18,487,487,0,461,0.0,True
2019-03-19,487,487,0,461,0.0,True
2019-03-20,487,487,0,464,0.0,True
2019-03-21,487,487,0,464,0.0,True
2019-03-22,487,487,0,464,0.0,True
2019-03-25,487,487,0,464,0.0,True
2019-03-26,487,487,0,464,0.0,True
2019-03-27,487,487,0,464,0.0,True
2019-03-28,487,487,0,464,0.0,True
2019-03-29,487,487,0,464,0.0,True
2019-04-01,487,487,0,464,0.0,True
2019-04-02,487,488,0,464,0.0,True
2019-04-03,488,487,1,463,0.0020491803278688526,True
2019-04-04,487,487,0,464,0.0,True
2019-04-05,487,487,0,464,0.0,True
2019-04-08,487,487,0,464,0.0,True
2019-04-09,487,487,0,464,0.0,True
2019-04-10,487,487,0,464,0.0,True
2019-04-11,487,487,0,464,0.0,True
2019-04-12,487,487,0,464,0.0,True
2019-04-15,487,487,0,464,0.0,True
2019-04-16,487,487,0,464,0.0,True
2019-04-17,487,487,0,464,0.0,True
2019-04-18,487,487,0,464,0.0,True
2019-04-22,487,487,0,464,0.0,True
2019-04-23,487,487,0,464,0.0,True
2019-04-24,487,487,0,464,0.0,True
2019-04-25,487,487,0,464,0.0,True
2019-04-26,487,487,0,464,0.0,True
2019-04-29,487,487,0,464,0.0,True
2019-04-30,487,487,0,464,0.0,True
2019-05-01,487,487,0,464,0.0,True
2019-05-02,487,487,0,464,0.0,True
2019-05-03,487,487,0,464,0.0,True
2019-05-06,487,487,0,464,0.0,True
2019-05-07,487,487,0,464,0.0,True
2019-05-08,487,487,0,464,0.0,True
2019-05-09,487,487,0,464,0.0,True
2019-05-10,487,487,0,464,0.0,True
2019-05-13,487,487,0,464,0.0,True
2019-05-14,487,487,0,464,0.0,True
2019-05-15,487,487,0,464,0.0,True
2019-05-16,487,487,0,464,0.0,True
2019-05-17,487,487,0,464,0.0,True
2019-05-20,487,487,0,464,0.0,True
2019-05-21,487,487,0,464,0.0,True
2019-05-22,487,487,0,464,0.0,True
2019-05-23,487,487,0,464,0.0,True
2019-05-24,487,487,0,464,0.0,True
2019-05-28,487,487,0,464,0.0,True
2019-05-29,487,487,0,464,0.0,True
2019-05-30,487,487,0,464,0.0,True
2019-05-31,487,487,0,464,0.0,True
2019-06-03,487,488,2,463,0.004106776180698152,True
2019-06-04,488,487,1,462,0.0020491803278688526,True
2019-06-05,487,487,0,462,0.0,True
2019-06-06,487,487,0,463,0.0,True
2019-06-07,487,488,0,463,0.0,True
2019-06-10,488,488,0,464,0.0,True
2019-06-11,488,488,0,464,0.0,True
2019-06-12,488,488,0,464,0.0,True
2019-06-13,488,488,0,464,0.0,True
2019-06-14,488,488,0,464,0.0,True
2019-06-17,488,488,0,464,0.0,True
2019-06-18,488,488,0,464,0.0,True
2019-06-19,488,488,0,466,0.0,True
2019-06-20,488,488,0,466,0.0,True
2019-06-21,488,488,0,467,0.0,True
2019-06-24,488,488,0,467,0.0,True
2019-06-25,488,488,0,467,0.0,True
2019-06-26,488,488,0,467,0.0,True
2019-06-27,488,488,0,467,0.0,True
2019-06-28,488,488,0,467,0.0,True
2019-07-01,488,489,0,467,0.0,True
2019-07-02,489,488,1,466,0.002044989775051125,True
2019-07-03,488,488,0,467,0.0,True
2019-07-05,488,488,0,467,0.0,True
2019-07-08,488,488,0,467,0.0,True
2019-07-09,488,488,0,467,0.0,True
2019-07-10,488,488,0,467,0.0,True
2019-07-11,488,488,0,467,0.0,True
2019-07-12,488,488,0,467,0.0,True
2019-07-15,488,489,0,467,0.0,True
2019-07-16,489,488,1,466,0.002044989775051125,True
2019-07-17,488,488,0,466,0.0,True
2019-07-18,488,488,0,466,0.0,True
2019-07-19,488,488,0,466,0.0,True
2019-07-22,488,488,0,466,0.0,True
2019-07-23,488,488,0,466,0.0,True
2019-07-24,488,488,0,466,0.0,True
2019-07-25,488,488,0,466,0.0,True
2019-07-26,488,488,0,466,0.0,True
2019-07-29,488,488,0,466,0.0,True
2019-07-30,488,488,0,466,0.0,True
2019-07-31,488,488,0,466,0.0,True
2019-08-01,488,488,0,466,0.0,True
2019-08-02,488,488,0,466,0.0,True
2019-08-05,488,488,0,466,0.0,True
2019-08-06,488,488,0,466,0.0,True
2019-08-07,488,488,0,466,0.0,True
2019-08-08,488,489,0,466,0.0,True
2019-08-09,489,490,1,465,0.002044989775051125,True
2019-08-12,490,489,1,464,0.0020408163265306124,True
2019-08-13,489,489,0,464,0.0,True
2019-08-14,489,489,0,464,0.0,True
2019-08-15,489,489,0,464,0.0,True
2019-08-16,489,489,0,464,0.0,True
2019-08-19,489,489,0,464,0.0,True
2019-08-20,489,489,0,464,0.0,True
2019-08-21,489,489,0,464,0.0,True
2019-08-22,489,489,0,464,0.0,True
2019-08-23,489,489,0,464,0.0,True
2019-08-26,489,489,0,464,0.0,True
2019-08-27,489,489,0,464,0.0,True
2019-08-28,489,489,0,464,0.0,True
2019-08-29,489,489,0,465,0.0,True
2019-08-30,489,489,0,465,0.0,True
2019-09-03,489,489,0,465,0.0,True
2019-09-04,489,489,0,465,0.0,True
2019-09-05,489,489,0,465,0.0,True
2019-09-06,489,489,0,465,0.0,True
2019-09-09,489,489,0,465,0.0,True
2019-09-10,489,489,0,465,0.0,True
2019-09-11,489,489,0,465,0.0,True
2019-09-12,489,489,0,465,0.0,True
2019-09-13,489,489,0,465,0.0,True
2019-09-16,489,489,0,465,0.0,True
2019-09-17,489,489,0,465,0.0,True
2019-09-18,489,489,0,466,0.0,True
2019-09-19,489,489,0,466,0.0,True
2019-09-20,489,489,0,466,0.0,True
2019-09-23,489,490,0,466,0.0,True
2019-09-24,490,489,1,465,0.0020408163265306124,True
2019-09-25,489,489,0,465,0.0,True
2019-09-26,489,490,0,465,0.0,True
2019-09-27,490,489,1,464,0.0020408163265306124,True
2019-09-30,489,489,0,464,0.0,True
2019-10-01,489,489,0,464,0.0,True
2019-10-02,489,489,0,465,0.0,True
2019-10-03,489,490,0,465,0.0,True
2019-10-04,490,489,1,464,0.0020408163265306124,True
2019-10-07,489,489,0,464,0.0,True
2019-10-08,489,489,0,464,0.0,True
2019-10-09,489,489,0,464,0.0,True
2019-10-10,489,489,0,464,0.0,True
2019-10-11,489,489,0,464,0.0,True
2019-10-14,489,489,0,465,0.0,True
2019-10-15,489,489,0,465,0.0,True
2019-10-16,489,489,0,465,0.0,True
2019-10-17,489,489,0,465,0.0,True
2019-10-18,489,490,0,465,0.0,True
2019-10-21,490,489,1,464,0.0020408163265306124,True
2019-10-22,489,489,0,464,0.0,True
2019-10-23,489,489,0,464,0.0,True
2019-10-24,489,489,0,464,0.0,True
2019-10-25,489,489,0,464,0.0,True
2019-10-28,489,489,0,464,0.0,True
2019-10-29,489,489,0,464,0.0,True
2019-10-30,489,489,0,464,0.0,True
2019-10-31,489,489,0,464,0.0,True
2019-11-01,489,489,0,464,0.0,True
2019-11-04,489,489,0,464,0.0,True
2019-11-05,489,490,0,464,0.0,True
2019-11-06,490,489,1,463,0.0020408163265306124,True
2019-11-07,489,489,0,465,0.0,True
2019-11-08,489,489,0,465,0.0,True
2019-11-11,489,489,0,465,0.0,True
2019-11-12,489,489,0,465,0.0,True
2019-11-13,489,489,0,465,0.0,True
2019-11-14,489,489,0,466,0.0,True
2019-11-15,489,489,0,466,0.0,True
2019-11-18,489,489,0,466,0.0,True
2019-11-19,489,489,0,466,0.0,True
2019-11-20,489,489,0,466,0.0,True
2019-11-21,489,490,0,466,0.0,True
2019-11-22,490,488,2,464,0.004081632653061225,True
2019-11-25,488,488,0,464,0.0,True
2019-11-26,488,488,0,464,0.0,True
2019-11-27,488,488,0,464,0.0,True
2019-11-29,488,488,0,464,0.0,True
2019-12-02,488,488,0,464,0.0,True
2019-12-03,488,488,0,464,0.0,True
2019-12-04,488,488,0,467,0.0,True
2019-12-05,488,490,0,467,0.0,True
2019-12-06,490,490,0,467,0.0,True
2019-12-09,490,492,0,467,0.0,True
2019-12-10,492,492,1,466,0.0020325203252032522,True
2019-12-11,492,489,3,463,0.006097560975609756,True
2019-12-12,489,489,0,463,0.0,True
2019-12-13,489,489,0,463,0.0,True
2019-12-16,489,489,0,463,0.0,True
2019-12-17,489,489,0,463,0.0,True
2019-12-18,489,489,0,463,0.0,True
2019-12-19,489,489,0,463,0.0,True
2019-12-20,489,489,0,463,0.0,True
2019-12-23,489,492,0,463,0.0,True
2020-01-29,496,493,3,461,0.006048387096774193,True
2020-01-30,493,493,0,461,0.0,True
2020-01-31,493,493,0,461,0.0,True
2020-02-03,493,493,0,461,0.0,True
2020-02-04,493,493,0,461,0.0,True
2020-02-05,493,493,0,462,0.0,True
2020-02-06,493,493,0,462,0.0,True
2020-02-07,493,493,0,462,0.0,True
2020-02-10,493,493,0,462,0.0,True
2020-02-11,493,493,0,462,0.0,True
2020-02-12,493,493,0,462,0.0,True
2020-02-13,493,493,0,462,0.0,True
2020-02-14,493,493,0,462,0.0,True
2020-02-18,493,493,0,462,0.0,True
2020-02-19,493,493,0,462,0.0,True
2020-02-20,493,493,0,462,0.0,True
2020-02-21,493,493,0,462,0.0,True
2020-02-24,493,493,0,463,0.0,True
2020-02-25,493,493,0,463,0.0,True
2020-02-26,493,493,0,463,0.0,True
2020-02-27,493,493,0,463,0.0,True
2020-02-28,493,493,0,463,0.0,True
2020-03-02,493,493,0,463,0.0,True
2020-03-03,493,494,0,463,0.0,True
2020-03-04,494,493,1,462,0.0020242914979757085,True
2020-03-05,493,493,0,462,0.0,True
2020-03-06,493,493,0,462,0.0,True
2020-03-09,493,493,0,462,0.0,True
2020-03-10,493,493,0,462,0.0,True
2020-03-11,493,493,0,462,0.0,True
2020-03-12,493,493,0,462,0.0,True
2020-03-13,493,493,0,462,0.0,True
2020-03-16,493,493,0,462,0.0,True
2020-03-17,493,493,0,462,0.0,True
2020-03-18,493,493,0,462,0.0,True
2020-03-19,493,493,0,462,0.0,True
2020-03-20,493,493,0,463,0.0,True
2020-03-23,493,493,0,463,0.0,True
2020-03-24,493,493,0,463,0.0,True
2020-03-25,493,493,0,463,0.0,True
2020-03-26,493,493,0,463,0.0,True
2020-03-27,493,493,0,463,0.0,True
2020-03-30,493,493,0,463,0.0,True
2020-03-31,493,493,0,464,0.0,True
2020-04-01,493,493,0,464,0.0,True
2020-04-02,493,493,0,464,0.0,True
2020-04-03,493,496,0,464,0.0,True
2020-04-06,495,495,1,463,0.00202020202020202,True
2020-04-07,495,493,2,461,0.00404040404040404,True
2020-04-08,493,493,0,461,0.0,True
2020-04-09,493,493,0,461,0.0,True
2020-04-13,493,493,0,461,0.0,True
2020-04-14,493,493,0,461,0.0,True
2020-04-15,493,493,0,461,0.0,True
2020-04-16,493,493,0,461,0.0,True
2020-04-17,493,493,0,461,0.0,True
2020-04-20,493,493,0,461,0.0,True
2020-04-21,493,493,0,461,0.0,True
2020-04-22,493,493,0,461,0.0,True
2020-04-23,493,493,0,461,0.0,True
2020-04-24,493,493,0,461,0.0,True
2020-04-27,493,493,0,461,0.0,True
2020-04-28,493,493,0,461,0.0,True
2020-04-29,493,493,0,461,0.0,True
2020-04-30,493,493,0,461,0.0,True
2020-05-01,493,493,0,461,0.0,True
2020-05-04,493,493,0,461,0.0,True
2020-05-05,493,493,0,462,0.0,True
2020-05-06,493,493,0,462,0.0,True
2020-05-07,493,493,0,462,0.0,True
2020-05-08,493,493,0,462,0.0,True
2020-05-11,493,493,0,462,0.0,True
2020-05-12,493,495,0,462,0.0,True
2020-05-13,495,494,1,461,0.00202020202020202,True
2020-05-14,494,494,0,461,0.0,True
2020-05-15,494,494,0,461,0.0,True
2020-05-18,494,494,0,461,0.0,True
2020-05-19,494,494,0,461,0.0,True
2020-05-20,494,494,0,461,0.0,True
2020-05-21,494,494,0,461,0.0,True
2020-05-22,494,495,0,461,0.0,True
2020-05-26,495,492,3,458,0.006060606060606061,True
2020-05-27,492,492,0,458,0.0,True
2020-05-28,492,492,0,458,0.0,True
2020-05-29,492,492,0,458,0.0,True
2020-06-01,492,492,0,458,0.0,True
2020-06-02,492,492,0,458,0.0,True
2020-06-03,492,492,0,458,0.0,True
2020-06-04,492,492,0,458,0.0,True
2020-06-05,492,492,0,458,0.0,True
2020-06-08,492,492,0,458,0.0,True
2020-06-09,492,492,0,458,0.0,True
2020-06-10,492,492,0,458,0.0,True
2020-06-11,492,492,0,458,0.0,True
2020-06-12,492,492,0,458,0.0,True
2020-06-15,492,492,0,458,0.0,True
2020-06-16,492,492,0,458,0.0,True
2020-06-17,492,492,0,458,0.0,True
2020-06-18,492,492,0,458,0.0,True
2020-06-19,492,492,0,458,0.0,True
2020-06-22,492,495,0,458,0.0,True
2020-06-23,495,494,1,457,0.00202020202020202,True
2020-06-24,494,494,0,457,0.0,True
2020-06-25,494,494,0,457,0.0,True
2020-06-26,494,494,0,457,0.0,True
2020-06-29,494,494,0,457,0.0,True
2020-06-30,494,494,0,457,0.0,True
2020-07-01,494,494,0,457,0.0,True
2020-07-02,494,494,0,457,0.0,True
2020-07-06,494,494,0,460,0.0,True
2020-07-07,494,494,0,460,0.0,True
2020-07-08,494,494,0,460,0.0,True
2020-07-09,494,494,0,460,0.0,True
2020-07-10,494,494,0,461,0.0,True
2020-07-13,494,494,0,461,0.0,True
2020-07-14,494,494,0,461,0.0,True
2020-07-15,494,494,0,461,0.0,True
2020-07-16,494,494,0,461,0.0,True
2020-07-17,494,494,0,461,0.0,True
2020-07-20,494,494,0,461,0.0,True
2020-07-21,494,494,0,461,0.0,True
2020-07-22,494,494,0,461,0.0,True
2020-07-23,494,494,0,461,0.0,True
2020-07-24,494,494,0,461,0.0,True
2020-07-27,494,494,0,461,0.0,True
2020-07-28,494,494,0,461,0.0,True
2020-07-29,494,494,0,461,0.0,True
2020-07-30,494,494,0,461,0.0,True
2020-07-31,494,494,0,461,0.0,True
2020-08-03,494,494,0,462,0.0,True
2020-08-04,494,494,0,462,0.0,True
2020-08-05,494,494,0,462,0.0,True
2020-08-06,494,494,0,462,0.0,True
2020-08-07,494,494,0,462,0.0,True
2020-08-10,494,494,0,462,0.0,True
2020-08-11,494,494,0,462,0.0,True
2020-08-12,494,494,0,462,0.0,True
2020-08-13,494,494,0,462,0.0,True
2020-08-14,494,494,0,463,0.0,True
2020-08-17,494,494,0,463,0.0,True
2020-08-18,494,494,0,463,0.0,True
2020-08-19,494,494,0,463,0.0,True
2020-08-20,494,494,0,463,0.0,True
2020-08-21,494,494,0,463,0.0,True
2020-08-24,494,494,0,463,0.0,True
2020-08-25,494,494,0,463,0.0,True
2020-08-26,494,494,0,463,0.0,True
2020-08-27,494,494,0,463,0.0,True
2020-08-28,494,494,0,463,0.0,True
2020-08-31,494,494,0,463,0.0,True
2020-09-01,494,494,0,463,0.0,True
2020-09-02,494,494,0,463,0.0,True
2020-09-03,494,494,0,463,0.0,True
2020-09-04,494,494,0,463,0.0,True
2020-09-08,494,494,0,463,0.0,True
2020-09-09,494,494,0,463,0.0,True
2020-09-10,494,494,0,464,0.0,True
2020-09-11,494,494,0,466,0.0,True
2020-09-14,494,494,0,466,0.0,True
2020-09-15,494,494,0,466,0.0,True
2020-09-16,494,494,0,466,0.0,True
2020-09-17,494,494,0,466,0.0,True
2020-09-18,494,495,0,466,0.0,True
2020-09-21,495,495,3,463,0.006060606060606061,True
2020-09-22,495,494,1,462,0.00202020202020202,True
2020-09-23,494,494,0,462,0.0,True
2020-09-24,494,494,0,462,0.0,True
2020-09-25,494,494,0,462,0.0,True
2020-09-28,494,494,0,462,0.0,True
2020-09-29,494,494,0,462,0.0,True
2020-09-30,494,494,0,462,0.0,True
2020-10-01,494,494,0,462,0.0,True
2020-10-02,494,494,0,462,0.0,True
2020-10-05,494,494,0,462,0.0,True
2020-10-06,494,494,0,462,0.0,True
2020-10-07,494,495,0,462,0.0,True
2020-10-08,495,494,1,461,0.00202020202020202,True
2020-10-09,494,494,0,461,0.0,True
2020-10-12,494,495,0,461,0.0,True
2020-10-13,495,494,1,460,0.00202020202020202,True
2020-10-14,494,494,0,460,0.0,True
2020-10-15,494,494,0,460,0.0,True
2020-10-16,494,494,0,460,0.0,True
2020-10-19,494,494,0,460,0.0,True
2020-10-20,494,494,0,460,0.0,True
2020-10-21,494,494,0,460,0.0,True
2020-10-22,494,494,0,460,0.0,True
2020-10-23,494,494,0,461,0.0,True
2020-10-26,494,494,0,461,0.0,True
2020-10-27,494,494,0,461,0.0,True
2020-10-28,494,494,0,462,0.0,True
2020-10-29,494,494,0,462,0.0,True
2020-10-30,494,494,0,462,0.0,True
2020-11-02,494,494,0,462,0.0,True
2020-11-03,494,494,0,462,0.0,True
2020-11-04,494,494,0,463,0.0,True
2020-11-05,494,494,0,463,0.0,True
2020-11-06,494,494,0,463,0.0,True
2020-11-09,494,494,0,463,0.0,True
2020-11-10,494,494,0,463,0.0,True
2020-11-11,494,494,0,463,0.0,True
2020-11-12,494,494,0,463,0.0,True
2020-11-13,494,494,0,463,0.0,True
2020-11-16,494,494,0,463,0.0,True
2020-11-17,494,495,0,463,0.0,True
2020-11-18,495,494,1,462,0.00202020202020202,True
2020-11-19,494,494,0,463,0.0,True
2020-11-20,494,494,0,463,0.0,True
2020-11-23,494,494,0,463,0.0,True
2020-11-24,494,494,0,463,0.0,True
2020-11-25,494,494,0,463,0.0,True
2020-11-27,494,494,0,463,0.0,True
2020-11-30,494,494,0,463,0.0,True
2020-12-01,494,494,0,463,0.0,True
2020-12-02,494,494,0,463,0.0,True
2020-12-03,494,494,0,463,0.0,True
2020-12-04,494,494,0,463,0.0,True
2020-12-07,494,494,0,463,0.0,True
2020-12-08,494,494,0,464,0.0,True
2020-12-09,494,494,0,464,0.0,True
2020-12-10,494,494,0,464,0.0,True
2020-12-11,494,494,0,464,0.0,True
2020-12-14,494,494,0,464,0.0,True
2020-12-15,494,494,0,464,0.0,True
2020-12-16,494,494,0,464,0.0,True
2020-12-17,494,494,0,464,0.0,True
2020-12-18,494,494,0,464,0.0,True
2020-12-21,494,495,0,464,0.0,True
2021-01-08,496,494,2,462,0.004032258064516129,True
2021-01-11,494,494,0,462,0.0,True
2021-01-12,494,494,0,463,0.0,True
2021-01-13,494,494,0,463,0.0,True
2021-01-14,494,494,0,463,0.0,True
2021-01-15,494,494,0,463,0.0,True
2021-01-19,494,494,0,463,0.0,True
2021-01-20,494,494,0,463,0.0,True
2021-01-21,494,495,0,463,0.0,True
2021-01-22,495,494,1,462,0.00202020202020202,True
2021-01-25,494,494,0,462,0.0,True
2021-01-26,494,494,0,464,0.0,True
2021-01-27,494,494,0,464,0.0,True
2021-01-28,494,494,0,466,0.0,True
2021-01-29,494,494,0,467,0.0,True
2021-02-01,494,494,0,467,0.0,True
2021-02-02,494,494,0,467,0.0,True
2021-02-03,494,494,0,467,0.0,True
2021-02-04,494,494,0,467,0.0,True
2021-02-05,494,494,0,467,0.0,True
2021-02-08,494,494,0,467,0.0,True
2021-02-09,494,494,0,467,0.0,True
2021-02-10,494,494,0,467,0.0,True
2021-02-11,494,494,0,473,0.0,True
2021-02-12,494,495,0,473,0.0,True
2021-02-16,495,491,4,470,0.00808080808080808,True
2021-02-17,491,491,0,470,0.0,True
2021-02-18,491,491,0,470,0.0,True
2021-02-19,491,491,0,470,0.0,True
2021-02-22,491,491,0,470,0.0,True
2021-02-23,491,491,0,470,0.0,True
2021-02-24,491,491,0,470,0.0,True
2021-02-25,491,491,0,470,0.0,True
2021-02-26,491,491,0,470,0.0,True
2021-03-01,491,491,0,470,0.0,True
2021-03-02,491,491,0,470,0.0,True
2021-03-03,491,491,0,470,0.0,True
2021-03-04,491,491,0,470,0.0,True
2021-03-05,491,491,0,470,0.0,True
2021-03-08,491,491,0,470,0.0,True
2021-03-09,491,491,0,470,0.0,True
2021-03-10,491,491,0,470,0.0,True
2021-03-11,491,491,0,470,0.0,True
2021-03-12,491,491,0,470,0.0,True
2021-03-15,491,491,0,470,0.0,True
2021-03-16,491,491,0,470,0.0,True
2021-03-17,491,491,0,470,0.0,True
2021-03-18,491,491,0,471,0.0,True
2021-03-19,491,491,0,471,0.0,True
2021-03-22,491,495,0,471,0.0,True
2021-03-23,495,494,1,470,0.00202020202020202,True
2021-03-24,494,494,0,470,0.0,True
2021-03-25,494,494,0,470,0.0,True
2021-03-26,494,494,0,470,0.0,True
2021-03-29,494,494,0,470,0.0,True
2021-03-30,494,494,0,470,0.0,True
2021-03-31,494,494,0,470,0.0,True
2021-04-01,494,494,0,470,0.0,True
2021-04-05,494,494,0,470,0.0,True
2021-04-06,494,494,0,470,0.0,True
2021-04-07,494,494,0,470,0.0,True
2021-04-08,494,494,0,470,0.0,True
2021-04-09,494,494,0,470,0.0,True
2021-04-12,494,494,0,470,0.0,True
2021-04-13,494,494,0,470,0.0,True
2021-04-14,494,494,0,470,0.0,True
2021-04-15,494,494,0,470,0.0,True
2021-04-16,494,494,0,470,0.0,True
2021-04-19,494,494,0,470,0.0,True
2021-04-20,494,495,0,470,0.0,True
2021-04-21,495,494,1,472,0.00202020202020202,True
2021-04-22,494,494,0,473,0.0,True
2021-04-23,494,494,0,473,0.0,True
2021-04-26,494,494,0,473,0.0,True
2021-04-27,494,494,0,473,0.0,True
2021-04-28,494,494,0,473,0.0,True
2021-04-29,494,494,0,473,0.0,True
2021-04-30,494,494,0,473,0.0,True
2021-05-03,494,494,0,473,0.0,True
2021-05-04,494,494,0,473,0.0,True
2021-05-05,494,494,0,473,0.0,True
2021-05-06,494,494,0,473,0.0,True
2021-05-07,494,494,0,473,0.0,True
2021-05-10,494,494,0,473,0.0,True
2021-05-11,494,494,0,473,0.0,True
2021-05-12,494,494,0,473,0.0,True
2021-05-13,494,494,0,473,0.0,True
2021-05-14,494,495,0,473,0.0,True
2021-05-17,495,494,1,472,0.00202020202020202,True
2021-05-18,494,494,0,472,0.0,True
2021-05-19,494,494,0,472,0.0,True
2021-05-20,494,494,0,472,0.0,True
2021-05-21,494,494,0,472,0.0,True
2021-05-24,494,494,0,472,0.0,True
2021-05-25,494,494,0,472,0.0,True
2021-05-26,494,494,0,472,0.0,True
2021-05-27,494,494,0,474,0.0,True
2021-05-28,494,494,0,474,0.0,True
2021-06-01,494,494,0,474,0.0,True
2021-06-02,494,494,0,474,0.0,True
2021-06-03,494,494,0,474,0.0,True
2021-06-04,494,495,0,474,0.0,True
2021-06-07,495,494,1,473,0.00202020202020202,True
2021-06-08,494,494,0,473,0.0,True
2021-06-09,494,494,0,474,0.0,True
2021-06-10,494,494,0,474,0.0,True
2021-06-11,494,494,0,474,0.0,True
2021-06-14,494,494,0,474,0.0,True
2021-06-15,494,494,0,474,0.0,True
2021-06-16,494,494,0,474,0.0,True
2021-06-17,494,494,0,474,0.0,True
2021-06-18,494,494,0,474,0.0,True
2021-06-21,494,494,0,474,0.0,True
2021-06-22,494,494,0,474,0.0,True
2021-06-23,494,494,0,474,0.0,True
2021-06-24,494,494,0,474,0.0,True
2021-06-25,494,494,0,474,0.0,True
2021-06-28,494,494,0,474,0.0,True
2021-06-29,494,494,0,474,0.0,True
2021-06-30,494,494,0,474,0.0,True
2021-07-01,494,494,0,474,0.0,True
2021-07-02,494,494,0,474,0.0,True
2021-07-06,494,494,0,474,0.0,True
2021-07-07,494,494,0,474,0.0,True
2021-07-08,494,494,0,477,0.0,True
2021-07-09,494,494,0,477,0.0,True
2021-07-12,494,494,0,477,0.0,True
2021-07-13,494,494,0,477,0.0,True
2021-07-14,494,494,0,477,0.0,True
2021-07-15,494,494,0,477,0.0,True
2021-07-16,494,494,0,477,0.0,True
2021-07-19,494,494,0,477,0.0,True
2021-07-20,494,494,0,477,0.0,True
2021-07-21,494,495,0,477,0.0,True
2021-07-22,495,495,0,477,0.0,True
2021-07-23,495,495,0,477,0.0,True
2021-07-26,495,495,0,477,0.0,True
2021-07-27,495,495,0,477,0.0,True
2021-07-28,495,495,0,477,0.0,True
2021-07-29,495,495,0,477,0.0,True
2021-07-30,495,495,0,477,0.0,True
2021-08-02,495,495,0,477,0.0,True
2021-08-03,495,496,0,477,0.0,True
2021-08-04,496,495,1,476,0.0020161290322580645,True
2021-08-05,495,495,0,476,0.0,True
2021-08-06,495,495,0,476,0.0,True
2021-08-09,495,495,0,476,0.0,True
2021-08-10,495,495,0,476,0.0,True
2021-08-11,495,495,0,476,0.0,True
2021-08-12,495,495,0,476,0.0,True
2021-08-13,495,495,0,476,0.0,True
2021-08-16,495,495,0,476,0.0,True
2021-08-17,495,495,0,476,0.0,True
2021-08-18,495,495,0,476,0.0,True
2021-08-19,495,495,0,476,0.0,True
2021-08-20,495,495,0,476,0.0,True
2021-08-23,495,495,0,476,0.0,True
2021-08-24,495,495,0,476,0.0,True
2021-08-25,495,495,0,476,0.0,True
2021-08-26,495,495,0,476,0.0,True
2021-08-27,495,495,0,476,0.0,True
2021-08-30,495,496,0,476,0.0,True
2021-08-31,496,493,3,473,0.006048387096774193,True
2021-09-01,493,493,0,473,0.0,True
2021-09-02,493,493,0,473,0.0,True
2021-09-03,493,493,0,473,0.0,True
2021-09-07,493,493,0,473,0.0,True
2021-09-08,493,493,0,473,0.0,True
2021-09-09,493,493,0,473,0.0,True
2021-09-10,493,493,0,473,0.0,True
2021-09-13,493,493,0,473,0.0,True
2021-09-14,493,493,0,473,0.0,True
2021-09-15,493,493,0,473,0.0,True
2021-09-16,493,493,0,473,0.0,True
2021-09-17,493,493,0,473,0.0,True
2021-09-20,493,495,0,473,0.0,True
2021-09-21,495,495,0,473,0.0,True
2021-09-22,495,495,0,473,0.0,True
2021-09-23,495,495,0,473,0.0,True
2021-09-24,495,495,0,473,0.0,True
2021-09-27,495,495,0,473,0.0,True
2021-09-28,495,495,0,473,0.0,True
2021-09-29,495,495,0,473,0.0,True
2021-09-30,495,495,0,473,0.0,True
2021-10-01,495,495,0,473,0.0,True
2021-10-04,495,496,0,473,0.0,True
2021-10-05,496,495,1,473,0.0020161290322580645,True
2021-10-06,495,495,0,476,0.0,True
2021-10-07,495,495,0,476,0.0,True
2021-10-08,495,495,0,476,0.0,True
2021-10-11,495,495,0,476,0.0,True
2021-10-12,495,495,0,476,0.0,True
2021-10-13,495,495,0,476,0.0,True
2021-10-14,495,495,0,476,0.0,True
2021-10-15,495,495,0,476,0.0,True
2021-10-18,495,495,0,476,0.0,True
2021-10-19,495,495,0,476,0.0,True
2021-10-20,495,495,0,476,0.0,True
2021-10-21,495,495,0,476,0.0,True
2021-10-22,495,495,0,477,0.0,True
2021-10-25,495,495,0,477,0.0,True
2021-10-26,495,495,0,477,0.0,True
2021-10-27,495,495,0,477,0.0,True
2021-10-28,495,495,0,477,0.0,True
2021-10-29,495,495,0,477,0.0,True
2021-11-01,495,495,0,477,0.0,True
2021-11-02,495,495,0,477,0.0,True
2021-11-03,495,495,0,477,0.0,True
2021-11-04,495,495,0,477,0.0,True
2021-11-05,495,495,0,477,0.0,True
2021-11-08,495,495,0,477,0.0,True
2021-11-09,495,495,0,477,0.0,True
2021-11-10,495,495,0,477,0.0,True
2021-11-11,495,495,0,477,0.0,True
2021-11-12,495,495,0,477,0.0,True
2021-11-15,495,495,0,477,0.0,True
2021-11-16,495,495,0,477,0.0,True
2021-11-17,495,495,0,477,0.0,True
2021-11-18,495,495,0,477,0.0,True
2021-11-19,495,495,0,477,0.0,True
2021-11-22,495,495,0,477,0.0,True
2021-11-23,495,495,0,477,0.0,True
2021-11-24,495,495,0,477,0.0,True
2021-11-26,495,495,0,477,0.0,True
2021-11-29,495,495,0,477,0.0,True
2021-11-30,495,495,0,477,0.0,True
2021-12-01,495,495,0,477,0.0,True
2021-12-02,495,495,0,477,0.0,True
2021-12-03,495,495,0,478,0.0,True
2021-12-06,495,495,0,478,0.0,True
2021-12-07,495,495,0,478,0.0,True
2021-12-08,495,495,0,478,0.0,True
2021-12-09,495,495,0,478,0.0,True
2021-12-10,495,495,0,478,0.0,True
2021-12-13,495,495,0,478,0.0,True
2021-12-14,495,496,0,478,0.0,True
2021-12-15,496,493,3,475,0.006048387096774193,True
2021-12-16,493,493,0,475,0.0,True
2021-12-17,493,493,0,475,0.0,True
2021-12-20,493,496,0,475,0.0,True
2022-01-11,497,495,2,473,0.004024144869215292,True
2022-01-12,495,495,0,473,0.0,True
2022-01-13,495,495,0,473,0.0,True
2022-01-14,495,495,0,473,0.0,True
2022-01-18,495,495,0,473,0.0,True
2022-01-19,495,495,0,473,0.0,True
2022-01-20,495,495,0,473,0.0,True
2022-01-21,495,495,0,473,0.0,True
2022-01-24,495,495,0,473,0.0,True
2022-01-25,495,495,0,473,0.0,True
2022-01-26,495,495,0,473,0.0,True
2022-01-27,495,495,0,475,0.0,True
2022-01-28,495,495,0,475,0.0,True
2022-01-31,495,495,0,475,0.0,True
2022-02-01,495,495,0,475,0.0,True
2022-02-02,495,496,0,475,0.0,True
2022-02-03,496,495,1,474,0.0020161290322580645,True
2022-02-04,495,495,0,474,0.0,True
2022-02-07,495,495,0,474,0.0,True
2022-02-08,495,495,0,474,0.0,True
2022-02-09,495,495,0,475,0.0,True
2022-02-10,495,495,0,475,0.0,True
2022-02-11,495,495,0,475,0.0,True
2022-02-14,495,495,0,475,0.0,True
2022-02-15,495,496,0,475,0.0,True
2022-02-16,496,495,1,474,0.0020161290322580645,True
2022-02-17,495,495,0,474,0.0,True
2022-02-18,495,495,0,474,0.0,True
2022-02-22,495,495,0,474,0.0,True
2022-02-23,495,495,0,474,0.0,True
2022-02-24,495,495,0,474,0.0,True
2022-02-25,495,495,0,474,0.0,True
2022-02-28,495,495,0,474,0.0,True
2022-03-01,495,495,0,474,0.0,True
2022-03-02,495,496,0,474,0.0,True
2022-03-03,496,495,1,473,0.0020161290322580645,True
2022-03-04,495,495,0,474,0.0,True
2022-03-07,495,495,0,474,0.0,True
2022-03-08,495,495,0,474,0.0,True
2022-03-09,495,495,0,474,0.0,True
2022-03-10,495,495,0,474,0.0,True
2022-03-11,495,495,0,474,0.0,True
2022-03-14,495,495,0,474,0.0,True
2022-03-15,495,495,0,474,0.0,True
2022-03-16,495,495,0,474,0.0,True
2022-03-17,495,495,0,474,0.0,True
2022-03-18,495,495,0,474,0.0,True
2022-03-21,495,495,0,474,0.0,True
2022-03-22,495,495,0,474,0.0,True
2022-03-23,495,495,0,474,0.0,True
2022-03-24,495,495,0,474,0.0,True
2022-03-25,495,495,0,474,0.0,True
2022-03-28,495,495,0,474,0.0,True
2022-03-29,495,495,0,474,0.0,True
2022-03-30,495,495,0,474,0.0,True
2022-03-31,495,495,0,474,0.0,True
2022-04-01,495,495,0,474,0.0,True
2022-04-04,495,496,0,474,0.0,True
2022-04-05,496,494,2,472,0.004032258064516129,True
2022-04-06,494,494,0,472,0.0,True
2022-04-07,494,494,0,472,0.0,True
2022-04-08,494,494,0,476,0.0,True
2022-04-11,494,495,0,476,0.0,True
2022-04-12,495,494,1,475,0.00202020202020202,True
2022-04-13,494,494,0,475,0.0,True
2022-04-14,494,494,0,475,0.0,True
2022-04-18,494,494,0,475,0.0,True
2022-04-19,494,494,0,475,0.0,True
2022-04-20,494,494,0,475,0.0,True
2022-04-21,494,494,0,475,0.0,True
2022-04-22,494,494,0,475,0.0,True
2022-04-25,494,494,0,475,0.0,True
2022-04-26,494,494,0,475,0.0,True
2022-04-27,494,494,0,475,0.0,True
2022-04-28,494,494,0,475,0.0,True
2022-04-29,494,494,0,475,0.0,True
2022-05-02,494,494,0,475,0.0,True
2022-05-03,494,494,0,475,0.0,True
2022-05-04,494,494,0,475,0.0,True
2022-05-05,494,494,0,475,0.0,True
2022-05-06,494,494,0,475,0.0,True
2022-05-09,494,494,0,476,0.0,True
2022-05-10,494,495,0,476,0.0,True
2022-05-11,495,494,1,475,0.00202020202020202,True
2022-05-12,494,494,0,475,0.0,True
2022-05-13,494,494,0,475,0.0,True
2022-05-16,494,494,0,475,0.0,True
2022-05-17,494,494,0,475,0.0,True
2022-05-18,494,494,0,475,0.0,True
2022-05-19,494,494,0,475,0.0,True
2022-05-20,494,494,0,475,0.0,True
2022-05-23,494,494,0,475,0.0,True
2022-05-24,494,494,0,475,0.0,True
2022-05-25,494,494,0,475,0.0,True
2022-05-26,494,494,0,475,0.0,True
2022-05-27,494,494,0,475,0.0,True
2022-05-31,494,494,0,475,0.0,True
2022-06-01,494,494,0,475,0.0,True
2022-06-02,494,494,0,475,0.0,True
2022-06-03,494,494,0,476,0.0,True
2022-06-06,494,494,0,476,0.0,True
2022-06-07,494,494,0,476,0.0,True
2022-06-08,494,495,0,476,0.0,True
2022-06-09,495,496,0,476,0.0,True
2022-06-10,496,493,3,473,0.006048387096774193,True
2022-06-13,493,493,0,473,0.0,True
2022-06-14,493,493,0,473,0.0,True
2022-06-15,493,493,0,473,0.0,True
2022-06-16,493,493,0,473,0.0,True
2022-06-17,493,493,0,473,0.0,True
2022-06-21,493,495,0,473,0.0,True
2022-06-22,495,494,1,472,0.00202020202020202,True
2022-06-23,494,494,0,472,0.0,True
2022-06-24,494,494,0,473,0.0,True
2022-06-27,494,494,0,473,0.0,True
2022-06-28,494,495,0,473,0.0,True
2022-06-29,495,493,2,471,0.00404040404040404,True
2022-06-30,493,493,0,471,0.0,True
2022-07-01,493,493,0,471,0.0,True
2022-07-05,493,493,0,471,0.0,True
2022-07-06,493,493,0,471,0.0,True
2022-07-07,493,493,0,471,0.0,True
2022-07-08,493,493,0,471,0.0,True
2022-07-11,493,493,0,471,0.0,True
2022-07-12,493,493,0,471,0.0,True
2022-07-13,493,493,0,471,0.0,True
2022-07-14,493,493,0,471,0.0,True
2022-07-15,493,493,0,471,0.0,True
2022-07-18,493,493,0,471,0.0,True
2022-07-19,493,493,0,471,0.0,True
2022-07-20,493,493,0,471,0.0,True
2022-07-21,493,493,0,471,0.0,True
2022-07-22,493,493,0,471,0.0,True
2022-07-25,493,493,0,471,0.0,True
2022-07-26,493,493,0,471,0.0,True
2022-07-27,493,493,0,471,0.0,True
2022-07-28,493,493,0,471,0.0,True
2022-07-29,493,493,0,471,0.0,True
2022-08-01,493,493,0,471,0.0,True
2022-08-02,493,493,0,471,0.0,True
2022-08-03,493,493,0,471,0.0,True
2022-08-04,493,493,0,471,0.0,True
2022-08-05,493,493,0,471,0.0,True
2022-08-08,493,493,0,471,0.0,True
2022-08-09,493,493,0,471,0.0,True
2022-08-10,493,493,0,472,0.0,True
2022-08-11,493,493,0,472,0.0,True
2022-08-12,493,493,0,472,0.0,True
2022-08-15,493,493,0,472,0.0,True
2022-08-16,493,493,0,472,0.0,True
2022-08-17,493,493,0,472,0.0,True
2022-08-18,493,493,0,472,0.0,True
2022-08-19,493,493,0,472,0.0,True
2022-08-22,493,493,0,472,0.0,True
2022-08-23,493,493,0,473,0.0,True
2022-08-24,493,493,0,473,0.0,True
2022-08-25,493,493,0,473,0.0,True
2022-08-26,493,493,0,473,0.0,True
2022-08-29,493,493,0,473,0.0,True
2022-08-30,493,493,0,473,0.0,True
2022-08-31,493,493,0,473,0.0,True
2022-09-01,493,493,0,473,0.0,True
2022-09-02,493,493,0,473,0.0,True
2022-09-06,493,493,0,473,0.0,True
2022-09-07,493,493,0,473,0.0,True
2022-09-08,493,493,0,473,0.0,True
2022-09-09,493,493,0,473,0.0,True
2022-09-12,493,493,0,473,0.0,True
2022-09-13,493,493,0,473,0.0,True
2022-09-14,493,493,0,473,0.0,True
2022-09-15,493,493,0,473,0.0,True
2022-09-16,493,493,0,473,0.0,True
2022-09-19,493,495,0,473,0.0,True
2022-09-20,495,493,2,472,0.00404040404040404,True
2022-09-21,493,493,0,472,0.0,True
2022-09-22,493,493,0,472,0.0,True
2022-09-23,493,493,0,472,0.0,True
2022-09-26,493,493,0,472,0.0,True
2022-09-27,493,493,0,472,0.0,True
2022-09-28,493,493,0,472,0.0,True
2022-09-29,493,493,0,472,0.0,True
2022-09-30,493,493,0,472,0.0,True
2022-10-03,493,495,0,472,0.0,True
2022-10-04,495,494,1,471,0.00202020202020202,True
2022-10-05,494,494,0,471,0.0,True
2022-10-06,494,494,0,471,0.0,True
2022-10-07,494,494,0,471,0.0,True
2022-10-10,494,494,0,473,0.0,True
2022-10-11,494,494,0,473,0.0,True
2022-10-12,494,495,0,473,0.0,True
2022-10-13,495,494,1,472,0.00202020202020202,True
2022-10-14,494,494,0,472,0.0,True
2022-10-17,494,494,0,472,0.0,True
2022-10-18,494,494,0,472,0.0,True
2022-10-19,494,494,0,472,0.0,True
2022-10-20,494,494,0,472,0.0,True
2022-10-21,494,494,0,472,0.0,True
2022-10-24,494,494,0,473,0.0,True
2022-10-25,494,494,0,473,0.0,True
2022-10-26,494,494,0,473,0.0,True
2022-10-27,494,494,0,473,0.0,True
2022-10-28,494,494,0,473,0.0,True
2022-10-31,494,494,0,473,0.0,True
2022-11-01,494,495,0,473,0.0,True
2022-11-02,495,494,1,472,0.00202020202020202,True
2022-11-03,494,494,0,472,0.0,True
2022-11-04,494,494,0,472,0.0,True
2022-11-07,494,494,0,472,0.0,True
2022-11-08,494,495,0,472,0.0,True
2022-11-09,495,494,1,471,0.00202020202020202,True
2022-11-10,494,494,0,471,0.0,True
2022-11-11,494,494,0,471,0.0,True
2022-11-14,494,494,0,471,0.0,True
2022-11-15,494,494,0,471,0.0,True
2022-11-16,494,494,0,471,0.0,True
2022-11-17,494,494,0,471,0.0,True
2022-11-18,494,494,0,471,0.0,True
2022-11-21,494,494,0,471,0.0,True
2022-11-22,494,494,0,471,0.0,True
2022-11-23,494,494,0,471,0.0,True
2022-11-25,494,494,0,471,0.0,True
2022-11-28,494,494,0,471,0.0,True
2022-11-29,494,494,0,471,0.0,True
2022-11-30,494,494,0,471,0.0,True
2022-12-01,494,494,0,471,0.0,True
2022-12-02,494,494,0,471,0.0,True
2022-12-05,494,494,0,471,0.0,True
2022-12-06,494,494,0,471,0.0,True
2022-12-07,494,494,0,471,0.0,True
2022-12-08,494,494,0,471,0.0,True
2022-12-09,494,494,0,471,0.0,True
2022-12-12,494,494,0,471,0.0,True
2022-12-13,494,494,0,471,0.0,True
2022-12-14,494,494,0,471,0.0,True
2022-12-15,494,494,0,471,0.0,True
2022-12-16,494,494,0,471,0.0,True
2022-12-19,494,495,0,471,0.0,True
2022-12-20,495,494,1,470,0.00202020202020202,True
2022-12-21,494,494,0,470,0.0,True
2022-12-22,494,495,0,470,0.0,True
2023-01-05,496,493,3,468,0.006048387096774193,True
2023-01-06,493,493,0,468,0.0,True
2023-01-09,493,493,0,468,0.0,True
2023-01-10,493,493,0,468,0.0,True
2023-01-11,493,493,0,468,0.0,True
2023-01-12,493,493,0,468,0.0,True
2023-01-13,493,493,0,468,0.0,True
2023-01-17,493,493,0,469,0.0,True
2023-01-18,493,493,0,469,0.0,True
2023-01-19,493,493,0,469,0.0,True
2023-01-20,493,493,0,469,0.0,True
2023-01-23,493,493,0,472,0.0,True
2023-01-24,493,493,0,472,0.0,True
2023-01-25,493,493,0,472,0.0,True
2023-01-26,493,493,0,472,0.0,True
2023-01-27,493,493,0,472,0.0,True
2023-01-30,493,493,0,472,0.0,True
2023-01-31,493,493,0,472,0.0,True
2023-02-01,493,493,0,472,0.0,True
2023-02-02,493,493,0,472,0.0,True
2023-02-03,493,493,0,472,0.0,True
2023-02-06,493,493,0,472,0.0,True
2023-02-07,493,493,0,472,0.0,True
2023-02-08,493,493,0,472,0.0,True
2023-02-09,493,493,0,472,0.0,True
2023-02-10,493,493,0,472,0.0,True
2023-02-13,493,493,0,472,0.0,True
2023-02-14,493,493,0,473,0.0,True
2023-02-15,493,493,0,473,0.0,True
2023-02-16,493,493,0,473,0.0,True
2023-02-17,493,493,0,473,0.0,True
2023-02-21,493,493,0,473,0.0,True
2023-02-22,493,493,0,473,0.0,True
2023-02-23,493,493,0,473,0.0,True
2023-02-24,493,493,0,473,0.0,True
2023-02-27,493,493,0,473,0.0,True
2023-02-28,493,493,0,474,0.0,True
2023-03-01,493,493,0,474,0.0,True
2023-03-02,493,493,0,474,0.0,True
2023-03-03,493,493,0,474,0.0,True
2023-03-06,493,493,0,474,0.0,True
2023-03-07,493,493,0,474,0.0,True
2023-03-08,493,493,0,474,0.0,True
2023-03-09,493,493,0,474,0.0,True
2023-03-10,493,493,0,474,0.0,True
2023-03-13,493,493,0,474,0.0,True
2023-03-14,493,493,0,475,0.0,True
2023-03-15,493,495,0,475,0.0,True
2023-03-16,495,494,1,474,0.00202020202020202,True
2023-03-17,494,494,0,474,0.0,True
2023-03-20,494,495,0,474,0.0,True
2023-03-21,495,494,1,473,0.00202020202020202,True
2023-03-22,494,494,0,473,0.0,True
2023-03-23,494,494,0,473,0.0,True
2023-03-24,494,494,0,473,0.0,True
2023-03-27,494,494,0,473,0.0,True
2023-03-28,494,494,0,473,0.0,True
2023-03-29,494,494,0,473,0.0,True
2023-03-30,494,494,0,473,0.0,True
2023-03-31,494,494,0,473,0.0,True
2023-04-03,494,494,0,473,0.0,True
2023-04-04,494,494,0,473,0.0,True
2023-04-05,494,494,0,473,0.0,True
2023-04-06,494,494,0,473,0.0,True
2023-04-10,494,494,0,473,0.0,True
2023-04-11,494,494,0,473,0.0,True
2023-04-12,494,494,0,473,0.0,True
2023-04-13,494,494,0,473,0.0,True
2023-04-14,494,494,0,473,0.0,True
2023-04-17,494,494,0,474,0.0,True
2023-04-18,494,494,0,474,0.0,True
2023-04-19,494,494,0,474,0.0,True
2023-04-20,494,494,0,474,0.0,True
2023-04-21,494,494,0,474,0.0,True
2023-04-24,494,494,0,475,0.0,True
2023-04-25,494,494,0,475,0.0,True
2023-04-26,494,494,0,475,0.0,True
2023-04-27,494,494,0,475,0.0,True
2023-04-28,494,494,0,475,0.0,True
2023-05-01,494,494,0,475,0.0,True
2023-05-02,494,494,0,475,0.0,True
2023-05-03,494,494,0,475,0.0,True
2023-05-04,494,495,0,475,0.0,True
2023-05-05,495,494,1,474,0.00202020202020202,True
2023-05-08,494,494,0,474,0.0,True
2023-05-09,494,494,0,474,0.0,True
2023-05-10,494,494,0,474,0.0,True
2023-05-11,494,494,0,474,0.0,True
2023-05-12,494,494,0,474,0.0,True
2023-05-15,494,494,0,474,0.0,True
2023-05-16,494,495,0,474,0.0,True
2023-05-17,495,495,0,474,0.0,True
2023-05-18,495,495,0,474,0.0,True
2023-05-19,495,495,0,474,0.0,True
2023-05-22,495,495,0,475,0.0,True
2023-05-23,495,495,0,475,0.0,True
2023-05-24,495,495,0,475,0.0,True
2023-05-25,495,495,0,475,0.0,True
2023-05-26,495,495,0,475,0.0,True
2023-05-30,495,495,0,475,0.0,True
2023-05-31,495,495,0,475,0.0,True
2023-06-01,495,495,0,475,0.0,True
2023-06-02,495,495,0,475,0.0,True
2023-06-05,495,495,0,475,0.0,True
2023-06-06,495,495,0,475,0.0,True
2023-06-07,495,496,0,475,0.0,True
2023-06-08,496,495,1,474,0.0020161290322580645,True
2023-06-09,495,495,0,474,0.0,True
2023-06-12,495,495,0,474,0.0,True
2023-06-13,495,495,0,474,0.0,True
2023-06-14,495,495,0,474,0.0,True
2023-06-15,495,495,0,474,0.0,True
2023-06-16,495,495,0,474,0.0,True
2023-06-20,495,496,0,474,0.0,True
2023-06-21,496,496,0,475,0.0,True
2023-06-22,496,496,0,476,0.0,True
2023-06-23,496,496,0,476,0.0,True
2023-06-26,496,496,0,476,0.0,True
2023-06-27,496,496,0,476,0.0,True
2023-06-28,496,496,0,476,0.0,True
2023-06-29,496,496,0,476,0.0,True
2023-06-30,496,496,0,476,0.0,True
2023-07-03,496,496,0,478,0.0,True
2023-07-05,496,496,0,478,0.0,True
2023-07-06,496,496,0,478,0.0,True
2023-07-07,496,496,0,478,0.0,True
2023-07-10,496,497,0,478,0.0,True
2023-07-11,497,496,1,478,0.002012072434607646,True
2023-07-12,496,496,0,478,0.0,True
2023-07-13,496,496,0,478,0.0,True
2023-07-14,496,496,0,478,0.0,True
2023-07-17,496,496,0,478,0.0,True
2023-07-18,496,496,0,478,0.0,True
2023-07-19,496,496,0,478,0.0,True
2023-07-20,496,496,0,478,0.0,True
2023-07-21,496,496,0,478,0.0,True
2023-07-24,496,496,0,478,0.0,True
2023-07-25,496,496,0,478,0.0,True
2023-07-26,496,496,0,478,0.0,True
2023-07-27,496,496,0,478,0.0,True
2023-07-28,496,496,0,478,0.0,True
2023-07-31,496,496,0,478,0.0,True
2023-08-01,496,496,0,478,0.0,True
2023-08-02,496,496,0,478,0.0,True
2023-08-03,496,496,0,478,0.0,True
2023-08-04,496,496,0,478,0.0,True
2023-08-07,496,496,0,478,0.0,True
2023-08-08,496,496,0,478,0.0,True
2023-08-09,496,496,0,478,0.0,True
2023-08-10,496,496,0,478,0.0,True
2023-08-11,496,496,0,478,0.0,True
2023-08-14,496,496,0,478,0.0,True
2023-08-15,496,496,0,478,0.0,True
2023-08-16,496,496,0,478,0.0,True
2023-08-17,496,496,0,478,0.0,True
2023-08-18,496,496,0,478,0.0,True
2023-08-21,496,496,0,478,0.0,True
2023-08-22,496,496,0,478,0.0,True
2023-08-23,496,496,0,478,0.0,True
2023-08-24,496,496,0,478,0.0,True
2023-08-25,496,497,0,478,0.0,True
2023-08-28,497,496,1,477,0.002012072434607646,True
2023-08-29,496,496,0,477,0.0,True
2023-08-30,496,497,0,477,0.0,True
2023-08-31,497,495,2,475,0.004024144869215292,True
2023-09-01,495,495,0,475,0.0,True
2023-09-05,495,495,0,475,0.0,True
2023-09-06,495,495,0,475,0.0,True
2023-09-07,495,495,0,475,0.0,True
2023-09-08,495,495,0,475,0.0,True
2023-09-11,495,495,0,475,0.0,True
2023-09-12,495,495,0,475,0.0,True
2023-09-13,495,495,0,475,0.0,True
2023-09-14,495,495,0,475,0.0,True
2023-09-15,495,495,0,475,0.0,True
2023-09-18,495,497,0,475,0.0,True
2023-09-19,497,496,1,474,0.002012072434607646,True
2023-09-20,496,496,0,474,0.0,True
2023-09-21,496,496,0,474,0.0,True
2023-09-22,496,496,0,474,0.0,True
2023-09-25,496,496,0,474,0.0,True
2023-09-26,496,496,0,474,0.0,True
2023-09-27,496,496,0,474,0.0,True
2023-09-28,496,496,0,474,0.0,True
2023-09-29,496,496,0,476,0.0,True
2023-10-02,496,497,0,476,0.0,True
2023-10-03,497,495,2,474,0.004024144869215292,True
2023-10-04,495,495,0,474,0.0,True
2023-10-05,495,495,0,474,0.0,True
2023-10-06,495,495,0,474,0.0,True
2023-10-09,495,495,0,474,0.0,True
2023-10-10,495,495,0,474,0.0,True
2023-10-11,495,495,0,474,0.0,True
2023-10-12,495,495,0,474,0.0,True
2023-10-13,495,495,0,476,0.0,True
2023-10-16,495,495,0,476,0.0,True
2023-10-17,495,495,0,476,0.0,True
2023-10-18,495,497,0,476,0.0,True
2023-10-19,497,494,3,473,0.006036217303822937,True
2023-10-20,494,494,0,473,0.0,True
2023-10-23,494,494,0,473,0.0,True
2023-10-24,494,494,0,474,0.0,True
2023-10-25,494,494,0,474,0.0,True
2023-10-26,494,494,0,474,0.0,True
2023-10-27,494,494,0,474,0.0,True
2023-10-30,494,494,0,474,0.0,True
2023-10-31,494,494,0,474,0.0,True
2023-11-01,494,494,0,474,0.0,True
2023-11-02,494,494,0,474,0.0,True
2023-11-03,494,494,0,474,0.0,True
2023-11-06,494,494,0,474,0.0,True
2023-11-07,494,494,0,474,0.0,True
2023-11-08,494,494,0,474,0.0,True
2023-11-09,494,494,0,474,0.0,True
2023-11-10,494,494,0,474,0.0,True
2023-11-13,494,494,0,475,0.0,True
2023-11-14,494,494,0,475,0.0,True
2023-11-15,494,494,0,475,0.0,True
2023-11-16,494,494,0,475,0.0,True
2023-11-17,494,494,0,475,0.0,True
2023-11-20,494,494,0,476,0.0,True
2023-11-21,494,494,0,476,0.0,True
2023-11-22,494,494,0,476,0.0,True
2023-11-24,494,494,0,476,0.0,True
2023-11-27,494,494,0,476,0.0,True
2023-11-28,494,494,0,476,0.0,True
2023-11-29,494,494,0,476,0.0,True
2023-11-30,494,494,0,476,0.0,True
2023-12-01,494,494,0,476,0.0,True
2023-12-04,494,494,0,476,0.0,True
2023-12-05,494,494,0,476,0.0,True
2023-12-06,494,494,0,476,0.0,True
2023-12-07,494,494,0,476,0.0,True
2023-12-08,494,494,0,476,0.0,True
2023-12-11,494,494,0,476,0.0,True
2023-12-12,494,494,0,476,0.0,True
2023-12-13,494,494,0,476,0.0,True
2023-12-14,494,494,0,476,0.0,True
2023-12-15,494,494,0,476,0.0,True
2023-12-18,494,497,0,476,0.0,True
2024-02-02,498,498,0,476,0.0,True
2024-02-05,498,498,0,476,0.0,True
2024-02-06,498,498,0,476,0.0,True
2024-02-07,498,498,0,476,0.0,True
2024-02-08,498,498,0,476,0.0,True
2024-02-09,498,498,0,476,0.0,True
2024-02-12,498,498,0,476,0.0,True
2024-02-13,498,498,0,476,0.0,True
2024-02-14,498,498,0,477,0.0,True
2024-02-15,498,498,0,477,0.0,True
2024-02-16,498,498,0,477,0.0,True
2024-02-20,498,498,0,479,0.0,True
2024-02-21,498,498,0,479,0.0,True
2024-02-22,498,498,0,479,0.0,True
2024-02-23,498,498,0,479,0.0,True
2024-02-26,498,498,0,479,0.0,True
2024-02-27,498,498,0,479,0.0,True
2024-02-28,498,498,0,479,0.0,True
2024-02-29,498,498,0,479,0.0,True
2024-03-01,498,498,0,479,0.0,True
2024-03-04,498,499,0,479,0.0,True
2024-03-05,499,497,2,477,0.004008016032064128,True
2024-03-06,497,497,0,477,0.0,True
2024-03-07,497,497,0,477,0.0,True
2024-03-08,497,497,0,477,0.0,True
2024-03-11,497,497,0,477,0.0,True
2024-03-12,497,497,0,477,0.0,True
2024-03-13,497,497,0,477,0.0,True
2024-03-14,497,497,0,477,0.0,True
2024-03-15,497,497,0,477,0.0,True
2024-03-18,497,499,0,477,0.0,True
2024-03-19,499,498,1,476,0.002004008016032064,True
2024-03-20,498,498,0,476,0.0,True
2024-03-21,498,498,0,476,0.0,True
2024-03-22,498,498,0,476,0.0,True
2024-03-25,498,499,0,476,0.0,True
2024-03-26,499,498,1,475,0.002004008016032064,True
2024-03-27,498,498,0,475,0.0,True
2024-03-28,498,498,0,475,0.0,True
2024-04-01,498,499,0,475,0.0,True
2024-04-02,499,499,1,474,0.002004008016032064,True
2024-04-03,499,498,1,473,0.002004008016032064,True
2024-04-04,498,498,0,473,0.0,True
2024-04-05,498,498,0,473,0.0,True
2024-04-08,498,498,0,473,0.0,True
2024-04-09,498,498,0,473,0.0,True
2024-04-10,498,498,0,473,0.0,True
2024-04-11,498,498,0,473,0.0,True
2024-04-12,498,498,0,473,0.0,True
2024-04-15,498,498,0,473,0.0,True
2024-04-16,498,498,0,473,0.0,True
2024-04-17,498,498,0,473,0.0,True
2024-04-18,498,498,0,473,0.0,True
2024-04-19,498,498,0,473,0.0,True
2024-04-22,498,498,0,473,0.0,True
2024-04-23,498,498,0,473,0.0,True
2024-04-24,498,498,0,473,0.0,True
2024-04-25,498,498,0,473,0.0,True
2024-04-26,498,498,0,473,0.0,True
2024-04-29,498,498,0,475,0.0,True
2024-04-30,498,498,0,475,0.0,True
2024-05-01,498,498,0,475,0.0,True
2024-05-02,498,498,0,476,0.0,True
2024-05-03,498,498,0,476,0.0,True
2024-05-06,498,498,0,476,0.0,True
2024-05-07,498,498,0,476,0.0,True
2024-05-08,498,499,0,476,0.0,True
2024-05-09,499,496,3,473,0.006012024048096192,True
2024-05-10,496,496,0,473,0.0,True
2024-05-13,496,496,0,473,0.0,True
2024-05-14,496,496,0,473,0.0,True
2024-05-15,496,496,0,473,0.0,True
2024-05-16,496,496,0,473,0.0,True
2024-05-17,496,496,0,473,0.0,True
2024-05-20,496,496,0,473,0.0,True
2024-05-21,496,496,0,473,0.0,True
2024-05-22,496,496,0,473,0.0,True
2024-05-23,496,496,0,473,0.0,True
2024-05-24,496,496,0,473,0.0,True
2024-05-28,496,496,0,473,0.0,True
2024-05-29,496,496,0,473,0.0,True
2024-05-30,496,496,0,473,0.0,True
2024-05-31,496,496,0,473,0.0,True
2024-06-03,496,496,0,473,0.0,True
2024-06-04,496,496,0,473,0.0,True
2024-06-05,496,496,0,473,0.0,True
2024-06-06,496,496,0,473,0.0,True
2024-06-07,496,496,0,473,0.0,True
2024-06-10,496,496,0,473,0.0,True
2024-06-11,496,496,0,473,0.0,True
2024-06-12,496,496,0,473,0.0,True
2024-06-13,496,496,0,473,0.0,True
2024-06-14,496,496,0,473,0.0,True
2024-06-17,496,496,0,473,0.0,True
2024-06-18,496,496,0,474,0.0,True
2024-06-20,496,496,0,474,0.0,True
2024-06-21,496,496,0,474,0.0,True
2024-06-24,496,499,0,474,0.0,True
2024-06-25,499,498,1,473,0.002004008016032064,True
2024-06-26,498,498,0,473,0.0,True
2024-06-27,498,498,0,473,0.0,True
2024-06-28,498,498,0,473,0.0,True
2024-07-01,498,498,0,474,0.0,True
2024-07-02,498,498,0,474,0.0,True
2024-07-03,498,498,0,474,0.0,True
2024-07-05,498,498,0,474,0.0,True
2024-07-08,498,499,0,474,0.0,True
2024-07-09,499,496,3,471,0.006012024048096192,True
2024-07-10,496,496,0,471,0.0,True
2024-07-11,496,496,0,471,0.0,True
2024-07-12,496,496,0,471,0.0,True
2024-07-15,496,496,0,471,0.0,True
2024-07-16,496,496,0,471,0.0,True
2024-07-17,496,496,0,471,0.0,True
2024-07-18,496,496,0,471,0.0,True
2024-07-19,496,496,0,471,0.0,True
2024-07-22,496,496,0,471,0.0,True
2024-07-23,496,496,0,472,0.0,True
2024-07-24,496,496,0,472,0.0,True
2024-07-25,496,496,0,472,0.0,True
2024-07-26,496,496,0,472,0.0,True
2024-07-29,496,496,0,472,0.0,True
2024-07-30,496,496,0,472,0.0,True
2024-07-31,496,496,0,472,0.0,True
2024-08-01,496,496,0,472,0.0,True
2024-08-02,496,496,0,473,0.0,True
2024-08-05,496,496,0,473,0.0,True
2024-08-06,496,496,0,473,0.0,True
2024-08-07,496,496,0,473,0.0,True
2024-08-08,496,496,0,473,0.0,True
2024-08-09,496,496,0,473,0.0,True
2024-08-12,496,496,0,473,0.0,True
2024-08-13,496,496,0,473,0.0,True
2024-08-14,496,496,0,473,0.0,True
2024-08-15,496,496,0,473,0.0,True
2024-08-16,496,496,0,473,0.0,True
2024-08-19,496,496,0,473,0.0,True
2024-08-20,496,496,0,473,0.0,True
2024-08-21,496,496,0,474,0.0,True
2024-08-22,496,496,0,474,0.0,True
2024-08-23,496,496,0,474,0.0,True
2024-08-26,496,496,0,474,0.0,True
2024-08-27,496,496,0,474,0.0,True
2024-08-28,496,496,0,474,0.0,True
2024-08-29,496,496,0,474,0.0,True
2024-08-30,496,496,0,474,0.0,True
2024-09-03,496,496,0,474,0.0,True
2024-09-04,496,496,0,474,0.0,True
2024-09-05,496,496,0,474,0.0,True
2024-09-06,496,496,0,474,0.0,True
2024-09-09,496,496,0,474,0.0,True
2024-09-10,496,496,0,474,0.0,True
2024-09-11,496,496,0,474,0.0,True
2024-09-12,496,496,0,474,0.0,True
2024-09-13,496,496,0,474,0.0,True
2024-09-16,496,496,0,474,0.0,True
2024-09-17,496,496,0,474,0.0,True
2024-09-18,496,496,0,474,0.0,True
2024-09-19,496,496,0,474,0.0,True
2024-09-20,496,496,0,474,0.0,True
2024-09-23,496,499,0,474,0.0,True
2024-09-24,499,499,0,474,0.0,True
2024-09-25,499,499,0,474,0.0,True
2024-09-26,499,499,0,474,0.0,True
2024-09-27,499,499,0,474,0.0,True
2024-09-30,499,500,0,474,0.0,True
2024-10-01,500,499,1,473,0.002,True
2024-10-02,499,498,1,472,0.002004008016032064,True
2024-10-03,498,498,0,472,0.0,True
2024-10-04,498,498,0,472,0.0,True
2024-10-07,498,498,0,472,0.0,True
2024-10-08,498,498,0,472,0.0,True
2024-10-09,498,498,0,473,0.0,True
2024-10-10,498,498,0,473,0.0,True
2024-10-11,498,498,0,473,0.0,True
2024-10-14,498,498,0,474,0.0,True
2024-10-15,498,498,0,474,0.0,True
2024-10-16,498,498,0,474,0.0,True
2024-10-17,498,498,0,474,0.0,True
2024-10-18,498,498,0,474,0.0,True
2024-10-21,498,498,0,474,0.0,True
2024-10-22,498,498,0,474,0.0,True
2024-10-23,498,498,0,474,0.0,True
2024-10-24,498,498,0,474,0.0,True
2024-10-25,498,498,0,474,0.0,True
2024-10-28,498,498,0,474,0.0,True
2024-10-29,498,498,0,474,0.0,True
2024-10-30,498,498,0,476,0.0,True
2024-10-31,498,498,0,476,0.0,True
2024-11-01,498,498,0,476,0.0,True
2024-11-04,498,498,0,476,0.0,True
2024-11-05,498,498,0,476,0.0,True
2024-11-06,498,498,0,476,0.0,True
2024-11-07,498,498,0,476,0.0,True
2024-11-08,498,498,0,476,0.0,True
2024-11-11,498,498,0,476,0.0,True
2024-11-12,498,498,0,476,0.0,True
2024-11-13,498,498,0,477,0.0,True
2024-11-14,498,498,0,477,0.0,True
2024-11-15,498,498,0,477,0.0,True
2024-11-18,498,498,0,477,0.0,True
2024-11-19,498,498,0,477,0.0,True
2024-11-20,498,498,0,477,0.0,True
2024-11-21,498,498,0,477,0.0,True
2024-11-22,498,498,0,477,0.0,True
2024-11-25,498,498,0,477,0.0,True
2024-11-26,498,499,0,477,0.0,True
2024-11-27,499,496,3,475,0.006012024048096192,True
2024-11-29,496,496,0,475,0.0,True
2024-12-02,496,496,0,477,0.0,True
2024-12-03,496,496,0,477,0.0,True
2024-12-04,496,496,0,477,0.0,True
2024-12-05,496,496,0,477,0.0,True
2024-12-06,496,496,0,477,0.0,True
2024-12-09,496,496,0,477,0.0,True
2024-12-10,496,496,0,477,0.0,True
2024-12-11,496,496,0,477,0.0,True
2024-12-12,496,496,0,477,0.0,True
2024-12-13,496,496,0,477,0.0,True
2024-12-16,496,496,0,477,0.0,True
2024-12-17,496,496,0,477,0.0,True
2024-12-18,496,496,0,477,0.0,True
2024-12-19,496,496,0,477,0.0,True
2024-12-20,496,496,0,477,0.0,True
2024-12-23,496,499,0,477,0.0,True
2025-03-25,503,498,5,472,0.009940357852882704,True
2025-03-26,498,498,0,472,0.0,True
2025-03-27,498,498,0,472,0.0,True
2025-03-28,498,498,0,472,0.0,True
2025-03-31,498,498,0,472,0.0,True
2025-04-01,498,498,0,472,0.0,True
2025-04-02,498,498,0,472,0.0,True
2025-04-03,498,498,0,472,0.0,True
2025-04-04,498,498,0,472,0.0,True
2025-04-07,498,498,0,472,0.0,True
2025-04-08,498,498,0,472,0.0,True
2025-04-09,498,498,0,472,0.0,True
2025-04-10,498,498,0,472,0.0,True
2025-04-11,498,498,0,472,0.0,True
2025-04-14,498,498,0,472,0.0,True
2025-04-15,498,498,0,472,0.0,True
2025-04-16,498,498,0,472,0.0,True
2025-04-17,498,498,0,472,0.0,True
2025-04-21,498,498,0,472,0.0,True
2025-04-22,498,498,0,472,0.0,True
2025-04-23,498,498,0,472,0.0,True
2025-04-24,498,498,0,472,0.0,True
2025-04-25,498,498,0,472,0.0,True
2025-04-28,498,498,0,472,0.0,True
2025-04-29,498,498,0,472,0.0,True
2025-04-30,498,498,0,472,0.0,True
2025-05-01,498,498,0,476,0.0,True
2025-05-02,498,498,0,476,0.0,True
2025-05-05,498,498,0,476,0.0,True
2025-05-06,498,498,0,476,0.0,True
2025-05-07,498,498,0,476,0.0,True
2025-05-08,498,498,0,476,0.0,True
2025-05-09,498,498,0,476,0.0,True
2025-05-12,498,498,0,476,0.0,True
2025-05-13,498,498,0,476,0.0,True
2025-05-14,498,498,0,476,0.0,True
2025-05-15,498,498,0,476,0.0,True
2025-05-16,498,498,0,476,0.0,True
2025-05-19,498,499,0,476,0.0,True
2025-05-20,499,498,1,475,0.002004008016032064,True
2025-05-21,498,498,0,475,0.0,True
2025-05-22,498,498,0,475,0.0,True
2025-05-23,498,498,0,475,0.0,True
2025-05-27,498,498,0,475,0.0,True
2025-05-28,498,498,0,475,0.0,True
2025-05-29,498,498,0,475,0.0,True
2025-05-30,498,498,0,475,0.0,True
2025-06-02,498,498,0,476,0.0,True
2025-06-03,498,498,0,476,0.0,True
2025-06-04,498,498,0,476,0.0,True
2025-06-05,498,498,0,476,0.0,True
2025-06-06,498,498,0,476,0.0,True
2025-06-09,498,498,0,476,0.0,True
2025-06-10,498,498,0,476,0.0,True
2025-06-11,498,498,0,476,0.0,True
2025-06-12,498,498,0,476,0.0,True
2025-06-13,498,498,0,476,0.0,True
2025-06-16,498,498,0,478,0.0,True
2025-06-17,498,498,0,478,0.0,True
2025-06-18,498,498,0,478,0.0,True
2025-06-20,498,498,0,478,0.0,True
2025-06-23,498,498,0,478,0.0,True
2025-06-24,498,498,0,479,0.0,True
2025-06-25,498,498,0,479,0.0,True
2025-06-26,498,498,0,479,0.0,True
2025-06-27,498,498,0,479,0.0,True
2025-06-30,498,498,0,480,0.0,True
2025-07-01,498,498,0,481,0.0,True
2025-07-02,498,498,0,481,0.0,True
2025-07-03,498,498,0,481,0.0,True
2025-07-07,498,498,0,481,0.0,True
2025-07-08,498,498,0,481,0.0,True
2025-07-09,498,499,0,481,0.0,True
2025-07-10,499,498,1,480,0.002004008016032064,True
2025-07-11,498,498,0,480,0.0,True
2025-07-14,498,498,0,480,0.0,True
2025-07-15,498,498,0,480,0.0,True
2025-07-16,498,498,0,480,0.0,True
2025-07-17,498,498,0,480,0.0,True
2025-07-18,498,499,0,480,0.0,True
2025-07-21,499,498,1,479,0.002004008016032064,True
2025-07-22,498,498,0,479,0.0,True
2025-07-23,498,499,0,479,0.0,True
2025-07-24,499,499,0,479,0.0,True
2025-07-25,499,499,0,479,0.0,True
2025-07-28,499,499,0,479,0.0,True
2025-07-29,499,499,0,479,0.0,True
2025-07-30,499,499,0,479,0.0,True
2025-07-31,499,499,0,479,0.0,True
2025-08-01,499,499,0,479,0.0,True
2025-08-04,499,499,0,479,0.0,True
2025-08-05,499,499,0,479,0.0,True
2025-08-06,499,499,0,479,0.0,True
2025-08-07,499,499,0,480,0.0,True
2025-08-08,499,500,0,480,0.0,True
2025-08-11,500,499,1,479,0.002,True
2025-08-12,499,499,0,479,0.0,True
2025-08-13,499,499,0,479,0.0,True
2025-08-14,499,499,0,479,0.0,True
2025-08-15,499,499,0,479,0.0,True
2025-08-18,499,499,0,479,0.0,True
2025-08-19,499,499,0,479,0.0,True
2025-08-20,499,499,0,479,0.0,True
2025-08-21,499,499,0,479,0.0,True
2025-08-22,499,499,0,479,0.0,True
2025-08-25,499,499,0,479,0.0,True
2025-08-26,499,499,0,479,0.0,True
2025-08-27,499,499,0,479,0.0,True
2025-08-28,499,500,0,479,0.0,True
2025-08-29,500,497,3,476,0.006,True
2025-09-02,497,497,0,476,0.0,True
2025-09-03,497,497,0,476,0.0,True
2025-09-04,497,497,0,476,0.0,True
2025-09-05,497,497,0,476,0.0,True
2025-09-08,497,497,0,476,0.0,True
2025-09-09,497,497,0,476,0.0,True
2025-09-10,497,497,0,476,0.0,True
2025-09-11,497,497,0,476,0.0,True
2025-09-12,497,497,0,476,0.0,True
2025-09-15,497,497,0,476,0.0,True
2025-09-16,497,497,0,476,0.0,True
2025-09-17,497,497,0,476,0.0,True
2025-09-18,497,497,0,476,0.0,True
2025-09-19,497,497,0,476,0.0,True
2025-09-22,497,500,0,479,0.0,True
2025-09-23,500,500,0,479,0.0,True
2025-09-24,500,500,0,479,0.0,True
2025-09-25,500,500,0,479,0.0,True
2025-09-26,500,500,0,479,0.0,True
2025-09-29,500,500,0,479,0.0,True
2025-09-30,500,500,0,479,0.0,True
2025-10-01,500,500,0,479,0.0,True
2025-10-02,500,500,0,479,0.0,True
2025-10-03,500,500,0,480,0.0,True
2025-10-06,500,500,0,480,0.0,True
2025-10-07,500,500,0,480,0.0,True
2025-10-08,500,500,0,480,0.0,True
2025-10-09,500,500,0,480,0.0,True
2025-10-10,500,500,0,480,0.0,True
2025-10-13,500,500,0,480,0.0,True
2025-10-14,500,500,0,480,0.0,True
2025-10-15,500,500,0,480,0.0,True
2025-10-16,500,500,0,480,0.0,True
2025-10-17,500,500,0,480,0.0,True
2025-10-20,500,500,0,480,0.0,True
2025-10-21,500,500,0,480,0.0,True
2025-10-22,500,500,0,480,0.0,True
2025-10-23,500,500,0,480,0.0,True
2025-10-24,500,500,0,480,0.0,True
2025-10-27,500,500,0,480,0.0,True
2025-10-28,500,500,0,480,0.0,True
2025-10-29,500,500,0,480,0.0,True
2025-10-30,500,501,0,480,0.0,True
2025-10-31,501,500,1,479,0.001996007984031936,True
2025-11-03,500,501,0,479,0.0,True
2025-11-04,501,500,1,478,0.001996007984031936,True
2025-11-05,500,499,1,477,0.002,True
2025-11-06,499,499,0,477,0.0,True
2025-11-07,499,499,0,477,0.0,True
2025-11-10,499,499,0,477,0.0,True
2025-11-11,499,500,0,477,0.0,True
2025-11-12,500,499,1,476,0.002,True
2025-11-13,499,499,0,476,0.0,True
2025-11-14,499,499,0,476,0.0,True
2025-11-17,499,499,0,476,0.0,True
2025-11-18,499,499,0,476,0.0,True
2025-11-19,499,499,0,476,0.0,True
2025-11-20,499,499,0,476,0.0,True
2025-11-21,499,499,0,476,0.0,True
2025-11-24,499,499,0,476,0.0,True
2025-11-25,499,499,0,476,0.0,True
2025-11-26,499,499,0,476,0.0,True
2025-11-28,499,500,0,476,0.0,True
2025-12-01,500,499,1,475,0.002,True
2025-12-02,499,499,0,475,0.0,True
2025-12-03,499,499,0,475,0.0,True
2025-12-04,499,499,0,475,0.0,True
2025-12-05,499,499,0,475,0.0,True
2025-12-08,499,499,0,475,0.0,True
2025-12-09,499,499,0,475,0.0,True
2025-12-10,499,499,0,475,0.0,True
2025-12-11,499,500,0,475,0.0,True
2025-12-12,500,497,3,473,0.006,True
2025-12-15,497,497,0,473,0.0,True
2025-12-16,497,497,0,473,0.0,True
2025-12-17,497,497,0,473,0.0,True
2025-12-18,497,497,0,473,0.0,True
2025-12-19,497,497,0,476,0.0,True
2025-12-22,497,500,0,476,0.0,True
2026-01-15,501,499,2,474,0.003992015968063872,True
2026-01-16,499,499,0,474,0.0,True
2026-01-20,499,499,0,474,0.0,True
2026-01-21,499,499,0,474,0.0,True
2026-01-22,499,499,0,474,0.0,True
2026-01-23,499,499,0,474,0.0,True
2026-01-26,499,499,0,474,0.0,True
2026-01-27,499,499,0,474,0.0,True
2026-01-28,499,499,0,474,0.0,True
2026-01-29,499,499,0,474,0.0,True
2026-01-30,499,499,0,474,0.0,True
2026-02-02,499,499,0,474,0.0,True
2026-02-03,499,499,0,474,0.0,True
2026-02-04,499,499,0,474,0.0,True
2026-02-05,499,499,0,474,0.0,True
2026-02-06,499,499,0,474,0.0,True
2026-02-09,499,500,0,474,0.0,True
2026-02-10,500,496,4,470,0.008,True
2026-02-11,496,496,0,470,0.0,True
2026-02-12,496,496,0,470,0.0,True
2026-02-13,496,496,0,470,0.0,True
2026-02-17,496,496,0,470,0.0,True
2026-02-18,496,496,0,470,0.0,True
2026-02-19,496,496,0,470,0.0,True
2026-02-20,496,496,0,470,0.0,True
2026-02-23,496,496,0,470,0.0,True
2026-02-24,496,496,0,470,0.0,True
2026-02-25,496,496,0,470,0.0,True
2026-02-26,496,496,0,470,0.0,True
2026-02-27,496,496,0,470,0.0,True
2026-03-02,496,496,0,470,0.0,True
2026-03-03,496,496,0,470,0.0,True
2026-03-04,496,496,0,470,0.0,True
2026-03-05,496,496,0,470,0.0,True
2026-03-06,496,496,0,470,0.0,True
2026-03-09,496,496,0,470,0.0,True
2026-03-10,496,496,0,470,0.0,True
2026-03-11,496,496,0,470,0.0,True
2026-03-12,496,496,0,470,0.0,True
2026-03-13,496,496,0,470,0.0,True
2026-03-16,496,496,0,470,0.0,True
2026-03-17,496,496,0,470,0.0,True
2026-03-18,496,496,0,470,0.0,True
2026-03-19,496,496,0,470,0.0,True
2026-03-20,496,496,0,471,0.0,True
2026-03-23,496,500,0,471,0.0,True
2026-03-24,500,499,1,470,0.002,True
2026-03-25,499,499,0,470,0.0,True
2026-03-26,499,499,0,470,0.0,True
2026-03-27,499,499,0,470,0.0,True
2026-03-30,499,499,0,470,0.0,True
2026-03-31,499,499,0,470,0.0,True
2026-04-01,499,499,0,470,0.0,True
2026-04-02,499,499,0,470,0.0,True
2026-04-06,499,499,0,470,0.0,True
2026-04-07,499,499,0,470,0.0,True
2026-04-08,499,499,0,470,0.0,True
2026-04-09,499,500,0,470,0.0,True
2026-04-10,500,499,1,469,0.002,True
2026-04-13,499,499,0,469,0.0,True
2026-04-14,499,499,0,469,0.0,True
2026-04-15,499,499,0,469,0.0,True
2026-04-16,499,499,0,476,0.0,True
2026-04-17,499,499,0,476,0.0,True
2026-04-20,499,499,0,476,0.0,True
2026-04-21,499,499,0,476,0.0,True
2026-04-22,499,499,0,476,0.0,True
2026-04-23,499,499,0,476,0.0,True
2026-04-24,499,499,0,476,0.0,True
2026-04-27,499,499,0,476,0.0,True
2026-04-28,499,499,0,476,0.0,True
2026-04-29,499,499,0,476,0.0,True
2026-04-30,499,499,0,476,0.0,True
2026-05-01,499,499,0,476,0.0,True
2026-05-04,499,499,0,476,0.0,True
2026-05-05,499,499,0,476,0.0,True
2026-05-06,499,499,0,476,0.0,True
2026-05-07,499,500,0,476,0.0,True
2026-05-08,500,499,1,475,0.002,True
2026-05-11,499,499,0,475,0.0,True
2026-05-12,499,499,0,475,0.0,True
2026-05-13,499,499,0,475,0.0,True
2026-05-14,499,499,0,475,0.0,True
2026-05-15,499,499,0,475,0.0,True
2026-05-18,499,499,0,475,0.0,True
2026-05-19,499,499,0,475,0.0,True
2026-05-20,499,499,0,475,0.0,True
2026-05-21,499,500,0,475,0.0,True
2026-05-22,500,500,0,475,0.0,True
2026-05-26,500,500,0,475,0.0,True
2026-05-27,500,500,0,475,0.0,True
2026-05-28,500,500,0,475,0.0,True
2026-05-29,500,500,0,475,0.0,True
2026-06-01,500,501,0,475,0.0,True
2026-06-02,501,500,1,474,0.001996007984031936,True
2026-06-03,500,498,2,472,0.004,True
2026-06-04,498,498,0,472,0.0,True
2026-06-05,498,498,0,472,0.0,True
2026-06-08,498,498,0,472,0.0,True
2026-06-09,498,498,0,472,0.0,True
2026-06-10,498,498,0,472,0.0,True
2026-06-11,498,498,0,473,0.0,True
2026-06-12,498,498,0,473,0.0,True
2026-06-15,498,498,0,473,0.0,True
2026-06-16,498,498,0,473,0.0,True
2026-06-17,498,498,0,473,0.0,True
2026-06-18,498,498,0,473,0.0,True
2026-06-22,498,500,0,473,0.0,True
2026-06-23,500,499,1,473,0.002,True
2026-06-24,499,500,0,473,0.0,True
2026-06-25,500,500,0,473,0.0,True
2026-06-26,500,500,0,473,0.0,True
2026-06-29,500,501,0,473,0.0,True
2026-06-30,501,500,1,472,0.001996007984031936,True
