date,return,turnover
2005-01-07,9.999999999998899e-05,0.0
2005-01-10,9.999999999998899e-05,0.0
2005-01-11,9.999999999998899e-05,0.0
2005-01-12,9.999999999998899e-05,0.0
2005-01-13,9.999999999998899e-05,0.0
2005-01-14,9.999999999998899e-05,0.0
2005-01-18,9.999999999998899e-05,0.0
2005-01-19,9.999999999998899e-05,0.0
2005-01-20,9.999999999998899e-05,0.0
2005-01-21,9.999999999998899e-05,0.0
2005-01-24,9.999999999998899e-05,0.0
2005-01-25,9.999999999998899e-05,0.0
2005-01-26,9.999999999998899e-05,0.0
2005-01-27,9.999999999998899e-05,0.0
2005-01-28,9.999999999998899e-05,0.0
2005-01-31,9.999999999998899e-05,0.0
2005-02-01,-0.00040004999999998514,1.0
2005-02-02,0.005024246695734508,0.0
2005-02-03,0.11185487231277183,0.0
2005-02-04,0.011386043806988065,0.0
2005-02-07,-0.0008344731332814387,0.0
2005-02-08,0.0009460531860984898,0.0
2005-02-09,-0.011175010479126432,0.0
2005-02-10,-0.09856203402247558,0.0
2005-02-11,0.01071113339645768,0.0
2005-02-14,0.11087625997891883,0.0
2005-02-15,-0.09450355262348661,0.0
2005-02-16,-0.0014497011515164945,0.0
2005-02-17,0.10124507841794862,0.0
2005-02-18,0.0018731590158808321,0.0
2005-02-22,-0.11389123646125356,0.0
2005-02-23,0.0040423380412479,0.0
2005-02-24,0.008696290713561256,0.0
2005-02-25,0.13835905770259307,0.0
2005-02-28,-0.006941102170323989,0.0
2005-03-01,-0.10402035405760057,0.051786783249298814
2005-03-02,-0.002136773068349297,0.0
2005-03-03,0.000361311667276017,0.0
2005-03-04,0.1194472576458894,0.0
2005-03-07,-0.09398563449176109,0.0
2005-03-08,-0.006131211246078292,0.0
2005-03-09,0.09787387274159519,0.0
2005-03-10,0.0005322135009999086,0.0
2005-03-11,-0.10303805410228672,0.0
2005-03-14,0.006712767207082772,0.0
2005-03-15,0.0998483631570966,0.0
2005-03-16,-0.008441380503235419,0.0
2005-03-17,-0.09602885436600389,0.0
2005-03-18,0.10936936224194214,0.0
2005-03-21,-0.1015311189173119,0.0
2005-03-22,0.10286005925878006,0.0
2005-03-23,-0.10319555374723413,0.0
2005-03-24,0.0012443863117944408,0.0
2005-03-28,0.00043326547926839055,0.0
2005-03-29,-0.009594641769914937,0.0
2005-03-30,0.013938485383976403,0.0
2005-03-31,0.11507313422105633,0.0
2005-04-01,-0.006042858018349584,0.20462893260418152
2005-04-04,-0.00036225496312519093,0.0
2005-04-05,0.006069469298846843,0.0
2005-04-06,0.0024700096965799227,0.0
2005-04-07,0.006177358786917175,0.0
2005-04-08,-0.008201896956592559,0.0
2005-04-11,-0.0035497873508901034,0.0
2005-04-12,0.007273334654633975,0.0
2005-04-13,-0.014130371236717287,0.0
2005-04-14,-0.01388386621340896,0.0
2005-04-15,-0.019644540780705908,0.0
2005-04-18,0.004281252746581362,0.0
2005-04-19,0.007968220429147488,0.0
2005-04-20,-0.013245778801581367,0.0
2005-04-21,0.019480391953779326,0.0
2005-04-22,-0.008768125034479848,0.0
2005-04-25,0.009396073153520965,0.0
2005-04-26,-0.011774095337951063,0.0
2005-04-27,0.004602964895640254,0.0
2005-04-28,-0.0144099344035007,0.0
2005-04-29,0.011344644741083224,0.0
2005-05-02,0.006825254114795065,0.06951308585765344
2005-05-03,-0.0008730843552140319,0.0
2005-05-04,0.012124425003126063,0.0
2005-05-05,-0.002309826262294867,0.0
2005-05-06,0.0010356747741677834,0.0
2005-05-09,0.0065060787811665214,0.0
2005-05-10,-0.010238565363775098,0.0
2005-05-11,0.0038351983961827456,0.0
2005-05-12,-0.011416483255786567,0.0
2005-05-13,-0.0022899778092493844,0.0
2005-05-16,0.008452291601609001,0.0
2005-05-17,0.010933294885928086,0.0
2005-05-18,0.014061587821228735,0.0
2005-05-19,0.0024261433556872903,0.0
2005-05-20,0.0013143130557531505,0.0
2005-05-23,0.005779024772965234,0.0
2005-05-24,-0.0011925649281519359,0.0
2005-05-25,-0.005642723423044336,0.0
2005-05-26,0.008009166653652783,0.0
2005-05-27,0.0024673706251370233,0.0
2005-05-31,-0.004077966674820015,0.0
2005-06-01,0.011316858607274272,0.050973953990829865
2005-06-02,0.0005792197391785757,0.0
2005-06-03,-0.0036973970757863597,0.0
2005-06-06,-0.0008465233919122456,0.0
2005-06-07,7.78788222577512e-05,0.0
2005-06-08,-0.001994996320570679,0.0
2005-06-09,0.0072579843406268794,0.0
2005-06-10,-0.0021782631762672132,0.0
2005-06-13,0.0012187288532539541,0.0
2005-06-14,0.006420062529296841,0.0
2005-06-15,0.002608429854813581,0.0
2005-06-16,0.0020859478540098076,0.0
2005-06-17,0.004382358548091784,0.0
2005-06-20,-0.0014583003829516507,0.0
2005-06-21,0.0010829505631322245,0.0
2005-06-22,0.00029330140740770224,0.0
2005-06-23,-0.00935918515361069,0.0
2005-06-24,-0.008458178866213868,0.0
2005-06-27,-0.0016025838981917034,0.0
2005-06-28,0.009371703262430434,0.0
2005-06-29,-0.0009998275411842042,0.0
2005-06-30,-0.004121231076980229,0.0
2005-07-01,0.005647260478223393,0.05224830493589272
2005-07-05,0.006591688503806643,0.0
2005-07-06,-0.003267317923260059,0.0
2005-07-07,0.002269416595737415,0.0
2005-07-08,0.009673192469107892,0.0
2005-07-11,0.01069744613010362,0.0
2005-07-12,0.001191323075536186,0.0
2005-07-13,-0.002405901851321144,0.0
2005-07-14,0.003288128204648984,0.0
2005-07-15,0.004274592325084542,0.0
2005-07-18,-0.0021504777456722197,0.0
2005-07-19,0.008638521511846735,0.0
2005-07-20,0.00807139327419109,0.0
2005-07-21,-0.007804088698032525,0.0
2005-07-22,0.002952247584860555,0.0
2005-07-25,-0.006529184072440509,0.0
2005-07-26,0.00382736456696307,0.0
2005-07-27,0.006835867123556272,0.0
2005-07-28,0.006570553528601598,0.0
2005-07-29,-0.008094708773361655,0.0
2005-08-01,-0.0004821841691827755,0.05293758521521366
2005-08-02,0.006133444529281424,0.0
2005-08-03,0.0015812817992391832,0.0
2005-08-04,-0.011004994132464424,0.0
2005-08-05,-0.009876158295392005,0.0
2005-08-08,9.750881233460239e-05,0.0
2005-08-09,0.003928116785756219,0.0
2005-08-10,7.397404048485986e-05,0.0
2005-08-11,0.0055071790475141715,0.0
2005-08-12,-0.0017322452459538197,0.0
2005-08-15,0.0020531183154889835,0.0
2005-08-16,-0.016034919485170558,0.0
2005-08-17,0.004187932314492155,0.0
2005-08-18,-0.0027770920277919763,0.0
2005-08-19,-0.0018058503845796007,0.0
2005-08-22,0.004944777175718271,0.0
2005-08-23,-0.0058965692136680155,0.0
2005-08-24,-0.008779945002435074,0.0
2005-08-25,0.006143358391649641,0.0
2005-08-26,-0.0046050704583450305,0.0
2005-08-29,0.0009404388853697528,0.0
2005-08-30,-0.0013525493940132656,0.0
2005-08-31,0.010885962579365874,0.0
2005-09-01,0.0002461581299837423,0.05481578895638016
2005-09-02,-0.004979153099666519,0.0
2005-09-06,0.013941566385123576,0.0
2005-09-07,0.0014022899513921494,0.0
2005-09-08,-0.004603687320414386,0.0
2005-09-09,0.00818761060555791,0.0
2005-09-12,0.002809301894755164,0.0
2005-09-13,-0.0042413240643233915,0.0
2005-09-14,-0.006270304544297604,0.0
2005-09-15,-0.001124663164251083,0.0
2005-09-16,0.010897728596173504,0.0
2005-09-19,-0.008755105583058637,0.0
2005-09-20,-0.009168380750967141,0.0
2005-09-21,-0.01395409154004697,0.0
2005-09-22,0.006032727287786424,0.0
2005-09-23,0.001020192059465044,0.0
2005-09-26,-6.590776292737055e-05,0.0
2005-09-27,0.0031386983211532733,0.0
2005-09-28,-0.0007869346928419997,0.0
2005-09-29,0.009328369475601297,0.0
2005-09-30,0.006912056173168041,0.0
2005-10-03,-0.0026756724069189053,0.05455229752738426
2005-10-04,-0.008776652492819368,0.0
2005-10-05,0.16064639232810982,0.0
2005-10-06,-0.007099268951312434,0.0
2005-10-07,0.004002282790037887,0.0
2005-10-10,-0.010821504274758878,0.0
2005-10-11,-0.15743412680409957,0.0
2005-10-12,-0.008456541641720088,0.0
2005-10-13,0.1827826885225,0.0
2005-10-14,-0.1476030037459866,0.0
2005-10-17,0.004590483880469285,0.0
2005-10-18,0.1717199472588814,0.0
2005-10-19,0.015527433878934327,0.0
2005-10-20,-0.010845737080898539,0.0
2005-10-21,0.0033891385545163507,0.0
2005-10-24,0.014318442630633421,0.0
2005-10-25,-0.0030854170146820724,0.0
2005-10-26,-0.004391251154657287,0.0
2005-10-27,-0.010591691843021682,0.0
2005-10-28,0.016972405601326786,0.0
2005-10-31,0.011312958733128223,0.0
2005-11-01,-0.16200842237270874,0.06645332684367139
2005-11-02,0.2450476031298504,0.0
2005-11-03,0.0031118064249307234,0.0
2005-11-04,-0.1862034794533936,0.0
2005-11-07,0.004123183842954011,0.0
2005-11-08,0.22175831470147242,0.0
2005-11-09,-0.18454763724605142,0.0
2005-11-10,0.24278303301369947,0.0
2005-11-11,-0.18608685469528966,0.0
2005-11-14,-0.0006060646590748766,0.0
2005-11-15,0.2265591200881853,0.0
2005-11-16,-0.1876236545062385,0.0
2005-11-17,0.012249975257705548,0.0
2005-11-18,0.23520553713024267,0.0
2005-11-21,0.00229847499272397,0.0
2005-11-22,0.0029064692927797792,0.0
2005-11-23,0.0027928677622912363,0.0
2005-11-25,-0.18171524713515355,0.0
2005-11-28,-0.008059673041806336,0.0
2005-11-29,0.0005266291000391159,0.0
2005-11-30,0.30100272687781415,0.0
2005-12-01,0.018092471304895552,0.47185243391063747
2005-12-02,0.0019725896659138426,0.0
2005-12-05,-0.006082238742359963,0.0
2005-12-06,0.0043614707366398855,0.0
2005-12-07,-0.007484776609622456,0.0
2005-12-08,-0.0003393028116018833,0.0
2005-12-09,0.004914446866060745,0.0
2005-12-12,0.0026459740278377305,0.0
2005-12-13,0.003952521718699232,0.0
2005-12-14,0.0014881840935781073,0.0
2005-12-15,-0.003293119006391264,0.0
2005-12-16,0.0011312057940222327,0.0
2005-12-19,-0.012270000544027358,0.0
2005-12-20,0.0029058432687772725,0.0
2005-12-21,0.0019950273493780125,0.0
2005-12-22,0.0046203219033975436,0.0
2005-12-23,0.004389563192905703,0.0
2005-12-27,-0.008710911750680703,0.0
2005-12-28,0.0024618579182451843,0.0
2005-12-29,-0.003173368335468241,0.0
2005-12-30,-0.01019125681864953,0.0
2006-01-03,0.012283694312826388,0.048287093758908856
2006-01-04,0.22132627197927013,0.0
2006-01-05,0.0029164140149009928,0.0
2006-01-06,-0.16984772258765604,0.0
2006-01-09,0.005916810172850492,0.0
2006-01-10,0.0009058000511763848,0.0
2006-01-11,0.0024270460548429648,0.0
2006-01-12,0.2139382674669594,0.0
2006-01-13,0.0023737538856823427,0.0
2006-01-17,-0.0026577344269587645,0.0
2006-01-18,-0.0011629620991498034,0.0
2006-01-19,-0.17772360332393167,0.0
2006-01-20,0.21024324497045496,0.0
2006-01-23,-0.18502918549102268,0.0
2006-01-24,0.23560257198635962,0.0
2006-01-25,-0.0020764748203352546,0.0
2006-01-26,-0.17734386441360178,0.0
2006-01-27,0.2306358811865795,0.0
2006-01-30,0.004341743666123658,0.0
2006-01-31,-0.19141711865497654,0.0
2006-02-01,0.2367920007924158,0.3822922358473888
2006-02-02,-0.011316205201618034,0.0
2006-02-03,-0.007926915576703676,0.0
2006-02-06,0.002670536940130974,0.0
2006-02-07,-0.007550428223553547,0.0
2006-02-08,0.00955171596291733,0.0
2006-02-09,-0.002759940532057943,0.0
2006-02-10,0.0019235701389181807,0.0
2006-02-13,-0.0025955190001591246,0.0
2006-02-14,0.012132048514555762,0.0
2006-02-15,0.0018535926016239302,0.0
2006-02-16,0.010779312429184344,0.0
2006-02-17,-0.0006894776789447218,0.0
2006-02-21,-0.009108236117060737,0.0
2006-02-22,0.010517933144288507,0.0
2006-02-23,-0.0028467932635882105,0.0
2006-02-24,0.00015794966984663205,0.0
2006-02-27,0.0078068773772895774,0.0
2006-02-28,-0.011262935579301995,0.0
2006-03-01,0.006728370799584438,0.05074958170948661
2006-03-02,0.20303815431403874,0.0
2006-03-03,-0.17221722728542016,0.0
2006-03-06,-0.008755422991524982,0.0
2006-03-07,0.20466067325159665,0.0
2006-03-08,-0.17285534414303894,0.0
2006-03-09,-0.002971353614423621,0.0
2006-03-10,0.21978708855523207,0.0
2006-03-13,-0.1716838976817523,0.0
2006-03-14,0.22474006269330105,0.0
2006-03-15,-0.16944611201944004,0.0
2006-03-16,0.21304065467262176,0.0
2006-03-17,-0.17127670338962328,0.0
2006-03-20,0.20425153651935612,0.0
2006-03-21,-0.004373806236851612,0.0
2006-03-22,-0.16832573292365813,0.0
2006-03-23,-0.0012462156227445998,0.0
2006-03-24,0.002909814978488253,0.0
2006-03-27,-0.0020309298788148008,0.0
2006-03-28,0.2106466779473028,0.0
2006-03-29,0.00748768192244032,0.0
2006-03-30,-0.17922472381519802,0.0
2006-03-31,0.2100488585724534,0.0
2006-04-03,0.0020357289666308453,0.3594465873209288
2006-04-04,0.002231203690227885,0.0
2006-04-05,0.004980174614137429,0.0
2006-04-06,0.001985509078112001,0.0
2006-04-07,-0.00981250213625539,0.0
2006-04-10,-0.003745450716510358,0.0
2006-04-11,-0.007027836104567787,0.0
2006-04-12,0.0024191982349031456,0.0
2006-04-13,-0.0018218290325438158,0.0
2006-04-17,-0.003592951048553945,0.0
2006-04-18,0.023144159016916386,0.0
2006-04-19,0.0037851055337686,0.0
2006-04-20,-0.001053682221454771,0.0
2006-04-21,-0.0010492977993547372,0.0
2006-04-24,0.0008484872120636006,0.0
2006-04-25,-0.00457584563552808,0.0
2006-04-26,0.0026229022890179162,0.0
2006-04-27,-0.0025483354086455194,0.0
2006-04-28,0.0033000849596392583,0.0
2006-05-01,-0.006218147767154236,0.05445801416131998
2006-05-02,0.0057351877875026925,0.0
2006-05-03,-0.0019683524538982307,0.0
2006-05-04,0.18717201739243186,0.0
2006-05-05,-0.14648838012759893,0.0
2006-05-08,0.0006476619766349195,0.0
2006-05-09,0.1798332098104674,0.0
2006-05-10,-0.0006653050058224459,0.0
2006-05-11,-0.015988596501044592,0.0
2006-05-12,-0.16138109595123512,0.0
2006-05-15,0.17791940129357003,0.0
2006-05-16,-0.15421839871655696,0.0
2006-05-17,0.1582877040522653,0.0
2006-05-18,-0.15435234576275766,0.0
2006-05-19,0.18105616853822193,0.0
2006-05-22,-0.007918309462823878,0.0
2006-05-23,-0.0004984559844020663,0.0
2006-05-24,-0.1504752416027363,0.0
2006-05-25,0.19284191599077657,0.0
2006-05-26,0.005720162509379192,0.0
2006-05-30,-0.015319252965401096,0.0
2006-05-31,-0.14246726778060143,0.0
2006-06-01,0.012931168318541575,0.04965754543528606
2006-06-02,0.0006625368335711759,0.0
2006-06-05,-0.01845522234159958,0.0
2006-06-06,0.2462475839752874,0.0
2006-06-07,-0.20500183196351615,0.0
2006-06-08,0.0006626814825393395,0.0
2006-06-09,0.243065411034645,0.0
2006-06-12,-0.014575729400902121,0.0
2006-06-13,-0.010224094012236049,0.0
2006-06-14,0.008939572809987351,0.0
2006-06-15,0.023869737091204168,0.0
2006-06-16,-0.005030673421671218,0.0
2006-06-19,-0.2091989846316527,0.0
2006-06-20,0.24986464093155453,0.0
2006-06-21,-0.19312347652653225,0.0
2006-06-22,0.24944374742875064,0.0
2006-06-23,0.0031992905215807634,0.0
2006-06-26,0.007349272594911326,0.0
2006-06-27,-0.011638616363347315,0.0
2006-06-28,0.005666697333830888,0.0
2006-06-29,-0.19105279991965898,0.0
2006-06-30,0.2718308325441803,0.0
2006-07-03,0.005842553887484669,0.42447429835588874
2006-07-05,-0.011331445300199323,0.0
2006-07-06,0.003878480213536651,0.0
2006-07-07,-0.011025125420103964,0.0
2006-07-10,0.0008310777045573732,0.0
2006-07-11,0.005537919768144737,0.0
2006-07-12,-0.0158676222408726,0.0
2006-07-13,-0.011311980176294903,0.0
2006-07-14,-0.006917275830293331,0.0
2006-07-17,-0.0017243243807508845,0.0
2006-07-18,-0.0006723510434281874,0.0
2006-07-19,0.018652901218510577,0.0
2006-07-20,-0.011451851104315314,0.0
2006-07-21,-0.009563485035059358,0.0
2006-07-24,0.01682340223271684,0.0
2006-07-25,0.008242890309229062,0.0
2006-07-26,-0.0006509857897827421,0.0
2006-07-27,-0.006619112971958322,0.0
2006-07-28,0.013096565421066755,0.0
2006-07-31,-0.00048265560536463106,0.0
2006-08-01,-0.01109662703187042,0.07981541035165321
2006-08-02,0.007910307192122027,0.0
2006-08-03,0.0050139331518739,0.0
2006-08-04,-0.0031565519109780587,0.0
2006-08-07,0.00028663943135017546,0.0
2006-08-08,-0.003427571548025035,0.0
2006-08-09,-0.006607320299042915,0.0
2006-08-10,0.00364131490962463,0.0
2006-08-11,-0.003182080676937129,0.0
2006-08-14,0.0036037467845057335,0.0
2006-08-15,0.01601725465141733,0.0
2006-08-16,0.01014023981973992,0.0
2006-08-17,0.005673289787547706,0.0
2006-08-18,0.001700367276536639,0.0
2006-08-21,-0.008367574562008259,0.0
2006-08-22,0.0012713769979208237,0.0
2006-08-23,-0.005450822779885037,0.0
2006-08-24,0.003133031838060168,0.0
2006-08-25,-0.00027354152486694833,0.0
2006-08-28,0.00644454884934996,0.0
2006-08-29,0.0037214806704551685,0.0
2006-08-30,0.001227013269272593,0.0
2006-08-31,-0.00010007735384303244,0.0
2006-09-01,0.007498556417226743,0.06215605805794492
2006-09-05,0.001752271442040593,0.0
2006-09-06,-0.012992545556019426,0.0
2006-09-07,-0.002877102570594991,0.0
2006-09-08,0.006322021530858217,0.0
2006-09-11,0.0011123947218354573,0.0
2006-09-12,0.013996541626213506,0.0
2006-09-13,0.004974951843362041,0.0
2006-09-14,-0.001787752688213464,0.0
2006-09-15,0.002880798009640035,0.0
2006-09-18,0.000374938281291597,0.0
2006-09-19,-0.0025761393452034317,0.0
2006-09-20,0.005822749524163702,0.0
2006-09-21,-0.006940346447658551,0.0
2006-09-22,-0.0035108322267192694,0.0
2006-09-25,0.010238417018894073,0.0
2006-09-26,0.006097446064015886,0.0
2006-09-27,0.0008151448643511797,0.0
2006-09-28,0.0027457587627050585,0.0
2006-09-29,-0.009873108197993198,0.0
2006-10-02,-0.0027441610633118785,0.04156543784729546
2006-10-03,0.0001296582126420349,0.0
2006-10-04,0.012066025813616332,0.0
2006-10-05,0.005140822551004974,0.0
2006-10-06,-0.004448511393564106,0.0
2006-10-09,0.002248387103554055,0.0
2006-10-10,0.0031556813128914745,0.0
2006-10-11,-0.0008550744833771297,0.0
2006-10-12,0.009843805846803196,0.0
2006-10-13,0.0023665937671634336,0.0
2006-10-16,0.005483518026875332,0.0
2006-10-17,-0.005088262324607476,0.0
2006-10-18,-5.597071453179752e-05,0.0
2006-10-19,-0.00036895487846148455,0.0
2006-10-20,-0.00163310708824704,0.0
2006-10-23,0.006937589248691173,0.0
2006-10-24,0.002199606232847675,0.0
2006-10-25,0.0020304493023934576,0.0
2006-10-26,0.005080337711738792,0.0
2006-10-27,-0.008057753569261555,0.0
2006-10-30,0.0029165931964826074,0.0
2006-10-31,-0.0003325106412665791,0.0
2006-11-01,-0.00810225588378255,0.05522324839872987
2006-11-02,0.0005206663736655702,0.0
2006-11-03,-0.003227241520200327,0.0
2006-11-06,0.01172801292459084,0.0
2006-11-07,0.002568970875796983,0.0
2006-11-08,-0.0029517109874199945,0.0
2006-11-09,-0.005291947791445338,0.0
2006-11-10,0.0039014439619970307,0.0
2006-11-13,0.0035249423221124826,0.0
2006-11-14,0.007648771462566357,0.0
2006-11-15,0.0044570978155261815,0.0
2006-11-16,0.002723490798400354,0.0
2006-11-17,-0.0013753478556740874,0.0
2006-11-20,-0.0009088504798994032,0.0
2006-11-21,0.0031366238335117248,0.0
2006-11-22,0.0038925938634225502,0.0
2006-11-24,-0.004982100265371783,0.0
2006-11-27,-0.014877007410535398,0.0
2006-11-28,0.001748061159134922,0.0
2006-11-29,0.010122900490432773,0.0
2006-11-30,0.0031126766592318705,0.0
2006-12-01,-0.0041594141708996,0.043470746361336354
2006-12-04,0.01241198942883859,0.0
2006-12-05,0.004150409175504658,0.0
2006-12-06,7.51522089344732e-05,0.0
2006-12-07,-0.004708647570662888,0.0
2006-12-08,0.0009586218111341432,0.0
2006-12-11,0.0008783568902965622,0.0
2006-12-12,-0.004248973677156937,0.0
2006-12-13,0.00042959557029217466,0.0
2006-12-14,0.00828495249196872,0.0
2006-12-15,-0.0006960908184189686,0.0
2006-12-18,-0.0019904688112960065,0.0
2006-12-19,0.006088436240335546,0.0
2006-12-20,-3.4861261669488924e-05,0.0
2006-12-21,-0.0034166648393449215,0.0
2006-12-22,-0.0038758011589463933,0.0
2006-12-26,0.0019348568630092584,0.0
2006-12-27,0.00630530719193393,0.0
2006-12-28,0.0008299282978192399,0.0
2006-12-29,-0.004201662676436283,0.0
2007-01-03,-0.005269957968029537,0.05390947485587419
2007-01-04,0.0006331146440278596,0.0
2007-01-05,-0.00752226244640344,0.0
2007-01-08,-0.00236431805054679,0.0
2007-01-09,0.00374546563819488,0.0
2007-01-10,0.003486694672633364,0.0
2007-01-11,0.007703124370731887,0.0
2007-01-12,0.0036286055861823067,0.0
2007-01-16,0.0009393903509196702,0.0
2007-01-17,-0.0031286947264678616,0.0
2007-01-18,-0.0010363936472300678,0.0
2007-01-19,0.004252892051760072,0.0
2007-01-22,-0.00498315961532081,0.0
2007-01-23,0.005834495537950191,0.0
2007-01-24,0.007142243582808894,0.0
2007-01-25,-0.004900976964902822,0.0
2007-01-26,-0.009844796822961518,0.0
2007-01-29,0.008843058140254977,0.0
2007-01-30,-0.00432384570002921,0.0
2007-01-31,0.008064661972860258,0.0
2007-02-01,0.007461001536178902,0.05615241005838468
2007-02-02,0.0768104178878073,0.0
2007-02-05,-0.007936682997979368,0.0
2007-02-06,-0.0027250160241924083,0.0
2007-02-07,-0.0023823251658804476,0.0
2007-02-08,-0.005877615890259952,0.0
2007-02-09,-0.011160911324613929,0.0
2007-02-12,-0.009755682248305168,0.0
2007-02-13,0.003797223534831661,0.0
2007-02-14,0.004075757677690835,0.0
2007-02-15,-0.002560804136258971,0.0
2007-02-16,0.0009401878007410543,0.0
2007-02-20,0.003993521691481707,0.0
2007-02-21,-0.0021566999066797332,0.0
2007-02-22,-0.0020875186935606182,0.0
2007-02-23,-0.005536668420329301,0.0
2007-02-26,-0.00146029390044154,0.0
2007-02-27,-0.03010549054430541,0.0
2007-02-28,0.0028264192013365574,0.0
2007-03-01,-0.003641755350065279,0.07454241794523005
2007-03-02,-0.013439750992158835,0.0
2007-03-05,-0.011279079000710965,0.0
2007-03-06,0.015148300678350483,0.0
2007-03-07,-0.00168715728808957,0.0
2007-03-08,0.008491562339092281,0.0
2007-03-09,0.0022397662434987774,0.0
2007-03-12,0.0027750555245778614,0.0
2007-03-13,-0.02022331893501278,0.0
2007-03-14,0.0056564904732710475,0.0
2007-03-15,0.005174385909282629,0.0
2007-03-16,-0.005022117158126526,0.0
2007-03-19,0.009910353511588983,0.0
2007-03-20,0.007045476834420963,0.0
2007-03-21,0.015313669227523462,0.0
2007-03-22,-0.0027568946008214757,0.0
2007-03-23,-0.0009224945447020503,0.0
2007-03-26,-0.0006090821604538729,0.0
2007-03-27,-0.005647978243576153,0.0
2007-03-28,-0.007674326926529154,0.0
2007-03-29,-9.209061627996506e-05,0.0
2007-03-30,-4.5280341487218745e-05,0.0
2007-04-02,0.0034650818029191566,0.04556498175464231
2007-04-03,0.008953471448890863,0.0
2007-04-04,-0.0003996237575901256,0.0
2007-04-05,0.003134207677838963,0.0
2007-04-09,-0.000991586142543925,0.0
2007-04-10,0.0037506109861885515,0.0
2007-04-11,-0.006124942598570094,0.0
2007-04-12,0.0060071807679108625,0.0
2007-04-13,0.0026556486071051023,0.0
2007-04-16,0.010909958593465992,0.0
2007-04-17,0.0022666197994266135,0.0
2007-04-18,0.0017179291896756122,0.0
2007-04-19,-0.0018698507829767804,0.0
2007-04-20,0.008825731408967571,0.0
2007-04-23,0.00025317924760288586,0.0
2007-04-24,-3.301130565565506e-05,0.0
2007-04-25,0.009249629289284408,0.0
2007-04-26,0.0005551053642494588,0.0
2007-04-27,-0.0013255431949560177,0.0
2007-04-30,-0.009717136404893393,0.0
2007-05-01,0.001440103473886012,0.0570920826972019
2007-05-02,0.014469407468928771,0.0
2007-05-03,0.003310671256127539,0.0
2007-05-04,0.0014368986466784,0.0
2007-05-07,0.0013339107436284062,0.0
2007-05-08,-0.001316770091148784,0.0
2007-05-09,0.005225358330705532,0.0
2007-05-10,-0.01330841754249817,0.0
2007-05-11,0.008245635558551009,0.0
2007-05-14,-0.0024050488607121247,0.0
2007-05-15,-0.0029024661596544652,0.0
2007-05-16,0.006574304575385168,0.0
2007-05-17,-0.0036109911079965766,0.0
2007-05-18,0.008328365734262272,0.0
2007-05-21,0.002189483124960394,0.0
2007-05-22,0.0005753629948835315,0.0
2007-05-23,-0.004357707541221402,0.0
2007-05-24,-0.008697530509213729,0.0
2007-05-25,0.005213014661720895,0.0
2007-05-29,0.0027778499170185733,0.0
2007-05-30,0.007167014133374028,0.0
2007-05-31,0.0031237926562804174,0.0
2007-06-01,0.002606075149312881,0.04828957417257325
2007-06-04,0.017037055984787122,0.0
2007-06-05,-0.006158516697757891,0.0
2007-06-06,-0.009142457028446852,0.0
2007-06-07,-0.01799070281309443,0.0
2007-06-08,0.01139029795392823,0.0
2007-06-11,-0.015224662418650357,0.0
2007-06-12,0.0049841084043957505,0.0
2007-06-13,0.01309103724693905,0.0
2007-06-14,0.004749543172431274,0.0
2007-06-15,0.00601219758761851,0.0
2007-06-18,-0.0016452282141400745,0.0
2007-06-19,0.0007039425213674345,0.0
2007-06-20,-0.02902503360905745,0.0
2007-06-21,0.023981516026136518,0.0
2007-06-22,-0.010013743379037626,0.0
2007-06-25,-0.004380398187765028,0.0
2007-06-26,-0.004615747329495316,0.0
2007-06-27,0.004885617414422406,0.0
2007-06-28,-9.419565733954588e-05,0.0
2007-06-29,-0.001504465671285502,0.0
2007-07-02,0.009302869207114428,0.062053451764102346
2007-07-03,0.0025657945306464085,0.0
2007-07-05,0.0007503633653180156,0.0
2007-07-06,0.004593002271086896,0.0
2007-07-09,3.5034575310077786e-05,0.0
2007-07-10,-0.014949223919182315,0.0
2007-07-11,0.0028945796681530923,0.0
2007-07-12,0.01620678908089045,0.0
2007-07-13,0.003471041108956091,0.0
2007-07-16,-0.003986974914811307,0.0
2007-07-17,0.00043930642289624806,0.0
2007-07-18,-0.001804451687936921,0.0
2007-07-19,0.00540763323068591,0.0
2007-07-20,-0.013123623634455328,0.0
2007-07-23,-0.0004803858702960909,0.0
2007-07-24,-0.01694848819967113,0.0
2007-07-25,0.0011405732994533549,0.0
2007-07-26,-0.023988105494475272,0.0
2007-07-27,-0.016758570902129344,0.0
2007-07-30,0.011484695463661265,0.0
2007-07-31,-0.011876026143833245,0.0
2007-08-01,0.004707242805013889,0.06063362257747869
2007-08-02,0.0028184974911057356,0.0
2007-08-03,-0.026257376390296832,0.0
2007-08-06,0.020807587259926624,0.0
2007-08-07,0.004316283967716947,0.0
2007-08-08,0.012127203847878743,0.0
2007-08-09,-0.027357901918923795,0.0
2007-08-10,-0.0001692544403915302,0.0
2007-08-13,0.0011136687537698052,0.0
2007-08-14,-0.018636694010261363,0.0
2007-08-15,-0.015219144907582643,0.0
2007-08-16,0.00248034992485442,0.0
2007-08-17,0.02366105674745242,0.0
2007-08-20,0.0014097894119181487,0.0
2007-08-21,0.002649417188459649,0.0
2007-08-22,0.012798934208114565,0.0
2007-08-23,-0.0031166080885937095,0.0
2007-08-24,0.011312761558553597,0.0
2007-08-27,-0.012773885439079204,0.0
2007-08-28,-0.02409962727458847,0.0
2007-08-29,0.02236968212476953,0.0
2007-08-30,-0.00452694248441428,0.0
2007-08-31,0.012462187723375692,0.0
2007-09-04,0.009388722660190973,0.04584349251202441
2007-09-05,-0.015322708032486494,0.0
2007-09-06,0.004513175586986348,0.0
2007-09-07,-0.017483627081473108,0.0
2007-09-10,-0.004863375965009197,0.0
2007-09-11,0.011843527540759544,0.0
2007-09-12,-0.0008983980086529192,0.0
2007-09-13,0.007113521800386977,0.0
2007-09-14,0.0010335095911905906,0.0
2007-09-17,-0.005561767181480816,0.0
2007-09-18,0.030880162413152997,0.0
2007-09-19,0.007664602328595513,0.0
2007-09-20,-0.00970827871001988,0.0
2007-09-21,0.003239136225730013,0.0
2007-09-24,-0.006663913493195367,0.0
2007-09-25,-0.002085719168057808,0.0
2007-09-26,0.00534372252364348,0.0
2007-09-27,0.004801771029691551,0.0
2007-09-28,-0.0031407189141869703,0.0
2007-10-01,0.011470311449543136,0.047355127789246186
2007-10-02,-0.0002789773988423937,0.0
2007-10-03,-0.002845647566524548,0.0
2007-10-04,0.00021180966978868594,0.0
2007-10-05,0.010873946892334693,0.0
2007-10-08,-0.004203177866251544,0.0
2007-10-09,0.007892295853908247,0.0
2007-10-10,-0.007228548395438622,0.0
2007-10-11,-0.0038982579645687244,0.0
2007-10-12,0.0035325653909562137,0.0
2007-10-15,-0.01043589350206247,0.0
2007-10-16,-0.007450911482859287,0.0
2007-10-17,-0.0002152811052631042,0.0
2007-10-18,-0.00141406433867736,0.0
2007-10-19,-0.024398660027730848,0.0
2007-10-22,0.007159551799167999,0.0
2007-10-23,0.005914485240657042,0.0
2007-10-24,-0.003482638322789102,0.0
2007-10-25,0.003100852682786502,0.0
2007-10-26,0.01014160423714445,0.0
2007-10-29,-0.0004145037643897808,0.0
2007-10-30,-0.003941133103758697,0.0
2007-10-31,0.011265362689715595,0.0
2007-11-01,-0.025554725693814895,0.0687584303809653
2007-11-02,-0.0007420503822125404,0.0
2007-11-05,-0.005770720618361708,0.0
2007-11-06,0.010927346154390042,0.0
2007-11-07,-0.028313132343439972,0.0
2007-11-08,0.003429223880368474,0.0
2007-11-09,-0.010952054629022795,0.0
2007-11-12,-0.008510946049125563,0.0
2007-11-13,0.02753224410308719,0.0
2007-11-14,-0.008104241170798623,0.0
2007-11-15,-0.012848871826152412,0.0
2007-11-16,0.0009500039667770741,0.0
2007-11-19,-0.018813278192124874,0.0
2007-11-20,0.00020094068836991308,0.0
2007-11-21,-0.013961364107337018,0.0
2007-11-23,0.018358380115271643,0.0
2007-11-26,-0.024993324375678277,0.0
2007-11-27,0.016364806773310772,0.0
2007-11-28,0.029504874958532892,0.0
2007-11-29,-0.004713829013254063,0.0
2007-11-30,0.012323052446035711,0.0
2007-12-03,-0.004632576229270158,0.07777784681443117
2007-12-04,-0.005971357461360292,0.0
2007-12-05,0.011637365668859586,0.0
2007-12-06,0.020296414193225802,0.0
2007-12-07,-0.0003537351589822298,0.0
2007-12-10,0.011416832055609399,0.0
2007-12-11,-0.031061279676823143,0.0
2007-12-12,0.0024007015713615027,0.0
2007-12-13,-0.0025651531116344384,0.0
2007-12-14,-0.015389193025138956,0.0
2007-12-17,-0.01474472651889699,0.0
2007-12-18,0.0022914756000529998,0.0
2007-12-19,-0.004202394282919798,0.0
2007-12-20,0.005739291387183169,0.0
2007-12-21,0.015477512717326534,0.0
2007-12-24,0.007986488766299923,0.0
2007-12-26,-0.002895936160735234,0.0
2007-12-27,-0.012579942976922406,0.0
2007-12-28,0.028044127252155906,0.0
2007-12-31,-0.03813897431613611,0.0
2008-01-02,0.01783055603721917,0.10014648399102491
2008-01-03,-0.01070550800883981,0.0
2008-01-04,-0.023895362913879302,0.0
2008-01-07,0.003413771260597684,0.0
2008-01-08,-0.0213297596597007,0.0
2008-01-09,0.008643900268345878,0.0
2008-01-10,0.012261691483994919,0.0
2008-01-11,-0.0152451839558516,0.0
2008-01-14,0.011208002378475935,0.0
2008-01-15,-0.02477585698943352,0.0
2008-01-16,0.0036996190646948045,0.0
2008-01-17,-0.02830791659707386,0.0
2008-01-18,-0.003180134166097002,0.0
2008-01-22,-0.004718012833983526,0.0
2008-01-23,0.03243080306293212,0.0
2008-01-24,0.004932028285671772,0.0
2008-01-25,-0.009966078730238947,0.0
2008-01-28,0.020980024334134748,0.0
2008-01-29,0.00808232954190984,0.0
2008-01-30,-0.0034843821182109227,0.0
2008-01-31,0.018952561701409743,0.0
2008-02-01,0.02242570604073335,0.08580775835478442
2008-02-04,-0.011695364859932073,0.0
2008-02-05,-0.03158560005926595,0.0
2008-02-06,-0.0072359185857464,0.0
2008-02-07,0.009171687219497387,0.0
2008-02-08,-0.004716571117719955,0.0
2008-02-11,0.007093075720774055,0.0
2008-02-12,0.005863046673254244,0.0
2008-02-13,0.01334976060919717,0.0
2008-02-14,-0.015524546220464688,0.0
2008-02-15,-0.0012335056279107112,0.0
2008-02-19,-0.00118600692537944,0.0
2008-02-20,0.013396661289930143,0.0
2008-02-21,-0.014546911766115472,0.0
2008-02-22,0.006051001513031243,0.0
2008-02-25,0.01829335726351703,0.0
2008-02-26,0.006265791439105902,0.0
2008-02-27,0.00012637587016753354,0.0
2008-02-28,-0.012229782260571531,0.0
2008-02-29,-0.028423393960142342,0.0
2008-03-03,-6.099081617383373e-05,0.08060393710349834
2008-03-04,-0.0016025753236513203,0.0
2008-03-05,0.005145667703107503,0.0
2008-03-06,-0.02612691069722134,0.0
2008-03-07,-0.007236542133358576,0.0
2008-03-10,-0.016937644347344124,0.0
2008-03-11,0.03656307064767944,0.0
2008-03-12,-0.008851920269985604,0.0
2008-03-13,0.007110925113810562,0.0
2008-03-14,-0.020310223717215827,0.0
2008-03-17,-0.013686143569708048,0.0
2008-03-18,0.04133036686890819,0.0
2008-03-19,-0.02200344138762026,0.0
2008-03-20,0.023832518502881244,0.0
2008-03-24,0.014572132828819319,0.0
2008-03-25,0.006926457574264001,0.0
2008-03-26,-0.011336882612172527,0.0
2008-03-27,-0.011631400007396948,0.0
2008-03-28,-0.013531701183280096,0.0
2008-03-31,0.009540076806435227,0.0
2008-04-01,0.036871952249862616,0.0783024731543395
2008-04-02,0.03014244159735372,0.0
2008-04-03,0.001540230787669341,0.0
2008-04-04,0.0014213270789214766,0.0
2008-04-07,-0.0011329358651841885,0.0
2008-04-08,-0.033242792482141195,0.0
2008-04-09,0.017300935823140684,0.0
2008-04-10,-0.025229717257518533,0.0
2008-04-11,0.011787827120033012,0.0
2008-04-14,-0.03331304260112409,0.0
2008-04-15,0.034422231545532624,0.0
2008-04-16,-0.0069306486650395,0.0
2008-04-17,0.03285388216937352,0.0
2008-04-18,0.017075007980980363,0.0
2008-04-21,-0.002052439089925582,0.0
2008-04-22,-0.04219707713958255,0.0
2008-04-23,0.029306532329676557,0.0
2008-04-24,0.008989588824179615,0.0
2008-04-25,0.011228055815626326,0.0
2008-04-28,0.00038064606462599206,0.0
2008-04-29,-0.02767555659641534,0.0
2008-04-30,0.020164869786367848,0.0
2008-05-01,-0.009856405776183852,0.06676753281883492
2008-05-02,0.012098985606245125,0.0
2008-05-05,0.027146053754390914,0.0
2008-05-06,0.006355827182167189,0.0
2008-05-07,-0.047586400155417735,0.0
2008-05-08,0.001543015206115951,0.0
2008-05-09,-0.00484240179251493,0.0
2008-05-12,0.014685692679799052,0.0
2008-05-13,0.0012047716333185095,0.0
2008-05-14,0.007716533803963454,0.0
2008-05-15,0.01154204299115539,0.0
2008-05-16,-0.0011801252587637675,0.0
2008-05-19,-0.0010737406299202762,0.0
2008-05-20,-0.009595861246376371,0.0
2008-05-21,-0.01611662537708591,0.0
2008-05-22,0.0026193932379881915,0.0
2008-05-23,-0.01449539414276043,0.0
2008-05-27,0.00970362025041482,0.0
2008-05-28,0.005022996004710106,0.0
2008-05-29,0.0077464536461389595,0.0
2008-05-30,0.0008976352380553072,0.0
2008-06-02,-0.014418896836216999,0.0681082150428858
2008-06-03,-6.080870720888279e-06,0.0
2008-06-04,0.002569818543968267,0.0
2008-06-05,0.015285972893183675,0.0
2008-06-06,-0.03334231862127502,0.0
2008-06-09,-0.0003709071183612474,0.0
2008-06-10,-0.002328129499569817,0.0
2008-06-11,-0.02177251267223003,0.0
2008-06-12,0.007071959095226759,0.0
2008-06-13,0.016924684374162398,0.0
2008-06-16,0.0020587794267102988,0.0
2008-06-17,-0.010782282124391938,0.0
2008-06-18,-0.012055273587283227,0.0
2008-06-19,0.0033227308127212235,0.0
2008-06-20,-0.019118923644360027,0.0
2008-06-23,-0.007415939537079643,0.0
2008-06-24,-0.0028749212367056793,0.0
2008-06-25,0.009027288403495185,0.0
2008-06-26,-0.029711716086938417,0.0
2008-06-27,-0.004008496924801618,0.0
2008-06-30,-0.0032909400688347604,0.0
2008-07-01,-0.005828494215924129,0.08381385991250058
2008-07-02,-0.019321008751399586,0.0
2008-07-03,-0.0021697580674295497,0.0
2008-07-07,-0.009932654760432967,0.0
2008-07-08,0.02603643280996816,0.0
2008-07-09,-0.02601183890535575,0.0
2008-07-10,0.0007871075964041017,0.0
2008-07-11,-0.013792350681066679,0.0
2008-07-14,-0.014075316802057994,0.0
2008-07-15,-0.006665761663953558,0.0
2008-07-16,0.035472839157329336,0.0
2008-07-17,0.022490160575080596,0.0
2008-07-18,0.00033615449855376725,0.0
2008-07-21,-0.002627846903271286,0.0
2008-07-22,0.021068430799047543,0.0
2008-07-23,0.008600425690377764,0.0
2008-07-24,-0.0314942138261042,0.0
2008-07-25,0.0010775098521991612,0.0
2008-07-28,-0.018320467747924035,0.0
2008-07-29,0.05370919416679284,0.0
2008-07-30,0.007534273347575291,0.0
2008-07-31,-0.007860176981349415,0.0
2008-08-01,-0.003913164152635984,0.13361825908612104
2008-08-04,-0.006611684593385248,0.0
2008-08-05,0.03231250771001226,0.0
2008-08-06,0.0027856936213263516,0.0
2008-08-07,-0.01855437576277582,0.0
2008-08-08,0.028643330373109184,0.0
2008-08-11,0.012668721260655116,0.0
2008-08-12,-0.0154595114425836,0.0
2008-08-13,-0.005060485636878168,0.0
2008-08-14,0.011662904037877304,0.0
2008-08-15,0.005390068486475017,0.0
2008-08-18,-0.005805955072553941,0.0
2008-08-19,-0.018064696349928265,0.0
2008-08-20,0.0017535487302097262,0.0
2008-08-21,-0.0002692232774745353,0.0
2008-08-22,0.013190778220757907,0.0
2008-08-25,-0.019317395284256026,0.0
2008-08-26,-0.0004224261697559216,0.0
2008-08-27,0.01072702024943621,0.0
2008-08-28,0.02025544463440048,0.0
2008-08-29,-0.009700900557147181,0.0
2008-09-02,0.0031865720712762613,0.07736476317992447
2008-09-03,0.0012565106408174145,0.0
2008-09-04,-0.031038211449745036,0.0
2008-09-05,0.005594298350468017,0.0
2008-09-08,0.019661397093481713,0.0
2008-09-09,-0.03518985929035129,0.0
2008-09-10,0.004398905428377878,0.0
2008-09-11,0.012886090450406043,0.0
2008-09-12,0.002809141366132304,0.0
2008-09-15,-0.04352659079323345,0.0
2008-09-16,0.013870527243163507,0.0
2008-09-17,-0.04811454493281427,0.0
2008-09-18,0.0497289969764578,0.0
2008-09-19,0.03807093790964888,0.0
2008-09-22,-0.0466760357577847,0.0
2008-09-23,-0.015921013419501157,0.0
2008-09-24,-0.003445164072254169,0.0
2008-09-25,0.0163662080045594,0.0
2008-09-26,0.0024100288871386115,0.0
2008-09-29,-0.08455929442260726,0.0
2008-09-30,0.045656494930422106,0.0
2008-10-01,-0.004943242275791904,0.11071843455006206
2008-10-02,-0.04895644886962132,0.0
2008-10-03,-0.01713152209957382,0.0
2008-10-06,-0.03845535969320312,0.0
2008-10-07,-0.061179941550526556,0.0
2008-10-08,-0.014340254480508926,0.0
2008-10-09,-0.07871804679509378,0.0
2008-10-10,-0.005268448903347623,0.0
2008-10-13,0.10666607228946759,0.0
2008-10-14,-0.004127162293115454,0.0
2008-10-15,-0.09428043656271334,0.0
2008-10-16,0.0351051810411309,0.0
2008-10-17,-0.004935538867407814,0.0
2008-10-20,0.043703815308591895,0.0
2008-10-21,-0.032467319098653614,0.0
2008-10-22,-0.061709281705434646,0.0
2008-10-23,-0.00752267045508135,0.0
2008-10-24,-0.034031136983264265,0.0
2008-10-27,-0.034565286368068424,0.0
2008-10-28,0.1008987469454024,0.0
2008-10-29,-0.007181359857173948,0.0
2008-10-30,0.03135159690633349,0.0
2008-10-31,0.02184875354268278,0.0
2008-11-03,-0.0002713000077805283,0.14843545165769023
2008-11-04,0.04362404800915509,0.0
2008-11-05,-0.05440637272195105,0.0
2008-11-06,-0.05687188532670462,0.0
2008-11-07,0.024102710855564168,0.0
2008-11-10,-0.026143255016253013,0.0
2008-11-11,-0.02924581738527107,0.0
2008-11-12,-0.05861283448302264,0.0
2008-11-13,0.07411754560315423,0.0
2008-11-14,-0.05332921960681432,0.0
2008-11-17,-0.02992362483636439,0.0
2008-11-18,0.0003789340642528861,0.0
2008-11-19,-0.07348599545877697,0.0
2008-11-20,-0.0686259665699823,0.0
2008-11-21,0.062498763608952526,0.0
2008-11-24,0.07936784479616357,0.0
2008-11-25,0.014241691355937502,0.0
2008-11-26,0.04297953476289783,0.0
2008-11-28,0.011925831787271978,0.0
2008-12-01,-0.0955590195460364,0.14249905958867637
2008-12-02,0.0427987367506586,0.0
2008-12-03,0.030225520585728992,0.0
2008-12-04,-0.02730404817844865,0.0
2008-12-05,0.0482068378894598,0.0
2008-12-08,0.04339024116541325,0.0
2008-12-09,-0.02246903800745798,0.0
2008-12-10,0.020214398215533096,0.0
2008-12-11,-0.03980373638346555,0.0
2008-12-12,0.013790425581297826,0.0
2008-12-15,-0.020458232944501772,0.0
2008-12-16,0.06518848204696415,0.0
2008-12-17,0.013416197175613744,0.0
2008-12-18,-0.022880945358059523,0.0
2008-12-19,0.008949347311247653,0.0
2008-12-22,-0.02969274169414978,0.0
2008-12-23,0.007380325539224001,0.0
2008-12-24,-0.0208805747983816,0.0
2008-12-26,0.007936423268495307,0.0
2008-12-29,-0.008564077300320013,0.0
2008-12-30,0.03058553551880256,0.0
2008-12-31,0.04247968150379759,0.0
2009-01-02,0.01770781292893342,0.1347449432944699
2009-01-05,0.0037154366310459225,0.0
2009-01-06,0.02212691146424796,0.0
2009-01-07,-0.03456376399165752,0.0
2009-01-08,0.009929322649646442,0.0
2009-01-09,-0.025423604727429307,0.0
2009-01-12,-0.03129827316643789,0.0
2009-01-13,0.0008912523443668312,0.0
2009-01-14,-0.039660053639141435,0.0
2009-01-15,0.006056658383375187,0.0
2009-01-16,0.01322263522045886,0.0
2009-01-20,-0.057296727241263806,0.0
2009-01-21,0.045388968801927956,0.0
2009-01-22,-0.016571788987868926,0.0
2009-01-23,0.0032297837715288247,0.0
2009-01-26,0.0038792916102382644,0.0
2009-01-27,0.01496280165500021,0.0
2009-01-28,0.045228318625281136,0.0
2009-01-29,-0.04301643868659985,0.0
2009-01-30,-0.03558369772933527,0.0
2009-02-02,-0.00240254463250833,0.1245263881749695
2009-02-03,0.016119355508703734,0.0
2009-02-04,-0.006353602034419174,0.0
2009-02-05,0.02101878538442598,0.0
2009-02-06,0.03576055534582541,0.0
2009-02-09,0.001583621962358595,0.0
2009-02-10,-0.060127473928282944,0.0
2009-02-11,0.01133380021106962,0.0
2009-02-12,0.0018391398794199445,0.0
2009-02-13,-0.012117828832110615,0.0
2009-02-17,-0.053129585986529906,0.0
2009-02-18,-0.007211306728227359,0.0
2009-02-19,-0.022630569354237483,0.0
2009-02-20,-0.00869436369671868,0.0
2009-02-23,-0.038920122867743115,0.0
2009-02-24,0.0517568011730242,0.0
2009-02-25,-0.0145954414098869,0.0
2009-02-26,-0.017732204914989128,0.0
2009-02-27,-0.021474232304307485,0.0
2009-03-02,-0.05587555096983288,0.12551802633487874
2009-03-03,-0.016341638557333137,0.0
2009-03-04,0.03265155157540696,0.0
2009-03-05,-0.05382558470850471,0.0
2009-03-06,-0.003684342013367689,0.0
2009-03-09,-0.007327517138530264,0.0
2009-03-10,0.08201445680069464,0.0
2009-03-11,0.0064534777899418515,0.0
2009-03-12,0.04939989358960246,0.0
2009-03-13,0.010016777930106623,0.0
2009-03-16,-0.0028281577956179955,0.0
2009-03-17,0.03814377253152895,0.0
2009-03-18,0.04196118310471011,0.0
2009-03-19,-0.01665061203690958,0.0
2009-03-20,-0.032052749618501616,0.0
2009-03-23,0.08760134546395788,0.0
2009-03-24,-0.021623871304525734,0.0
2009-03-25,0.010048714679902364,0.0
2009-03-26,0.03391876904439224,0.0
2009-03-27,-0.023558353737606223,0.0
2009-03-30,-0.052790117119760734,0.0
2009-03-31,0.018148045947548295,0.0
2009-04-01,0.01902253033739898,0.10837526288779753
2009-04-02,0.041580579565420425,0.0
2009-04-03,0.0171641949019842,0.0
2009-04-06,-0.010919399778986342,0.0
2009-04-07,-0.030695904548173863,0.0
2009-04-08,0.017732676056757955,0.0
2009-04-09,0.0595519918792414,0.0
2009-04-13,0.005970407824960876,0.0
2009-04-14,-0.024564388955712127,0.0
2009-04-15,0.019798728789193906,0.0
2009-04-16,0.024400216591750803,0.0
2009-04-17,0.014957139546024588,0.0
2009-04-20,-0.060043293892391825,0.0
2009-04-21,0.032645269428441454,0.0
2009-04-22,-0.00016244062112274235,0.0
2009-04-23,0.011756440456583271,0.0
2009-04-24,0.02574745030525418,0.0
2009-04-27,-0.0197107037382906,0.0
2009-04-28,-0.0035761863441255417,0.0
2009-04-29,0.028176102788617256,0.0
2009-04-30,0.0008608435101175316,0.0
2009-05-01,0.006609507550091598,0.12940715982542506
2009-05-04,0.09824961700489256,0.0
2009-05-05,-0.00100184220113966,0.0
2009-05-06,-0.033092271055310436,0.0
2009-05-07,-0.019459282224602192,0.0
2009-05-08,0.03718439221445286,0.0
2009-05-11,-0.028669397633413325,0.0
2009-05-12,-0.009118033068384752,0.0
2009-05-13,-0.041221291448743785,0.0
2009-05-14,0.07301100330358984,0.0
2009-05-15,-0.06436678989760129,0.0
2009-05-18,0.0931481386102351,0.0
2009-05-19,0.0024800275687540084,0.0
2009-05-20,-0.05538852045556952,0.0
2009-05-21,-0.01897111818541266,0.0
2009-05-22,-0.0007389832506426913,0.0
2009-05-26,0.031842223701355477,0.0
2009-05-27,-0.01991117344450165,0.0
2009-05-28,0.014329362667200104,0.0
2009-05-29,0.01760110250461868,0.0
2009-06-01,0.035823994325276054,0.09136890465581687
2009-06-02,0.6073681533739917,0.0
2009-06-03,-0.3895544938681171,0.0
2009-06-04,0.015031567901104506,0.0
2009-06-05,-0.002096013261079272,0.0
2009-06-08,0.6187412140473557,0.0
2009-06-09,-0.3796368185369032,0.0
2009-06-10,-0.0047121527365275905,0.0
2009-06-11,0.00378465380087205,0.0
2009-06-12,-0.000692951683207781,0.0
2009-06-15,-0.0272949763034514,0.0
2009-06-16,-0.015332108420735664,0.0
2009-06-17,-0.003677987820306066,0.0
2009-06-18,0.006688692486665867,0.0
2009-06-19,0.005251131679074888,0.0
2009-06-22,-0.035592890835347876,0.0
2009-06-23,0.0008944073546929111,0.0
2009-06-24,0.010327372266679725,0.0
2009-06-25,0.023772784693565013,0.0
2009-06-26,-0.0007846899821028899,0.0
2009-06-29,0.6724348883541058,0.0
2009-06-30,-0.39951439057616717,0.0
2009-07-01,0.005618276683713175,0.08576766528929469
2009-07-02,-0.034305175220534445,0.0
2009-07-06,0.47194009800940423,0.0
2009-07-07,-0.3367005888153641,0.0
2009-07-08,-0.00348739947454636,0.0
2009-07-09,0.007128697043263279,0.0
2009-07-10,-0.0023485002982184112,0.0
2009-07-13,0.02453814301704229,0.0
2009-07-14,0.008777312214915426,0.0
2009-07-15,0.03229898970623175,0.0
2009-07-16,0.009722549210051851,0.0
2009-07-17,-0.0019248450792505268,0.0
2009-07-20,0.01706187147940583,0.0
2009-07-21,-0.0020723408318420143,0.0
2009-07-22,0.0034713950387398745,0.0
2009-07-23,0.029837995753847275,0.0
2009-07-24,0.4565156082062474,0.0
2009-07-27,-0.30470971766959315,0.0
2009-07-28,-0.0028489138081969965,0.0
2009-07-29,-0.007147201638371353,0.0
2009-07-30,0.015128205882378143,0.0
2009-07-31,0.0027204365703446865,0.0
2009-08-03,0.020075057759590953,0.08653665230668836
2009-08-04,0.007240090600190557,0.0
2009-08-05,0.0002305642283940326,0.0
2009-08-06,-0.0043736182014609635,0.0
2009-08-07,0.023944719863472817,0.0
2009-08-10,-0.006086761395432674,0.0
2009-08-11,-0.013071216846426805,0.0
2009-08-12,0.014432243390788742,0.0
2009-08-13,0.00823415061592774,0.0
2009-08-14,-0.0113027364710065,0.0
2009-08-17,-0.028388409169568238,0.0
2009-08-18,0.5093810625472801,0.0
2009-08-19,-0.3250230708859122,0.0
2009-08-20,0.013141865431864776,0.0
2009-08-21,0.021109255714202073,0.0
2009-08-24,-0.002846189292423488,0.0
2009-08-25,0.005499422757332863,0.0
2009-08-26,0.0015164076380770478,0.0
2009-08-27,0.005938047189282302,0.0
2009-08-28,0.0020218685562440487,0.0
2009-08-31,-0.011243208459376016,0.0
2009-09-01,-0.029731894215205168,0.061124175542530045
2009-09-02,-0.003873547696987628,0.0
2009-09-03,0.4016901289916088,0.0
2009-09-04,-0.26562751066513274,0.0
2009-09-08,0.011209796831613428,0.0
2009-09-09,0.01159548562682239,0.0
2009-09-10,0.012925811467056661,0.0
2009-09-11,-0.0005010841649476027,0.0
2009-09-14,0.008946036468725112,0.0
2009-09-15,0.36707003155556384,0.0
2009-09-16,-0.24858683645457927,0.0
2009-09-17,0.37154858981386013,0.0
2009-09-18,-0.2739239186720376,0.0
2009-09-21,0.38139451397243734,0.0
2009-09-22,-0.273047170814998,0.0
2009-09-23,-0.013208425611822183,0.0
2009-09-24,-0.015717452141889066,0.0
2009-09-25,-0.006588423449848769,0.0
2009-09-28,0.021007213753597327,0.0
2009-09-29,0.02070848731522366,0.0
2009-09-30,-0.02349790886578054,0.0
2009-10-01,0.3861424002199454,0.6056296283178743
2009-10-02,-0.010157937319529728,0.0
2009-10-05,0.020717676586921453,0.0
2009-10-06,0.01134968608595104,0.0
2009-10-07,0.0020317434068243016,0.0
2009-10-08,0.012221079854258672,0.0
2009-10-09,0.006101011183040224,0.0
2009-10-12,0.003686649305992713,0.0
2009-10-13,-0.0024789889467893766,0.0
2009-10-14,0.019369004986683883,0.0
2009-10-15,0.004108390591264189,0.0
2009-10-16,-0.009562932647494506,0.0
2009-10-19,0.009840252341454204,0.0
2009-10-20,-0.0077738445126719034,0.0
2009-10-21,-0.010062366518917972,0.0
2009-10-22,0.015520444921080137,0.0
2009-10-23,-0.016651697750477774,0.0
2009-10-26,-0.011577559197820945,0.0
2009-10-27,-0.010979895675487914,0.0
2009-10-28,-0.026159903493679814,0.0
2009-10-29,0.025155042621558633,0.0
2009-10-30,-0.029558596050188367,0.0
2009-11-02,0.005826650625545549,0.06950226985919854
2009-11-03,0.42320457932713906,0.0
2009-11-04,0.0032005506284024793,0.0
2009-11-05,-0.27952459443999667,0.0
2009-11-06,0.39257554494791774,0.0
2009-11-09,-0.26217596693708123,0.0
2009-11-10,-0.0036040758399502326,0.0
2009-11-11,0.006130283391353027,0.0
2009-11-12,0.3829522828420452,0.0
2009-11-13,-0.003274859537193974,0.0
2009-11-16,0.01640637383659834,0.0
2009-11-17,-0.004491923959384679,0.0
2009-11-18,0.002755710114201607,0.0
2009-11-19,-0.017439860135756078,0.0
2009-11-20,-0.004785902055119819,0.0
2009-11-23,0.009257928693184475,0.0
2009-11-24,-0.022185828833872927,0.0
2009-11-25,0.005775586600227727,0.0
2009-11-27,-0.27223416760599517,0.0
2009-11-30,0.003276031370557498,0.0
2009-12-01,0.3754172229885999,0.5255086373184318
2009-12-02,0.004396893527540148,0.0
2009-12-03,-0.010704582891450126,0.0
2009-12-04,0.010748300747973004,0.0
2009-12-07,-0.0012100109445959204,0.0
2009-12-08,-0.011281595803800214,0.0
2009-12-09,0.0021788344347090107,0.0
2009-12-10,0.00895086478471237,0.0
2009-12-11,0.006433761796789407,0.0
2009-12-14,0.011786985385583202,0.0
2009-12-15,-0.005355883689303176,0.0
2009-12-16,0.004607761956691711,0.0
2009-12-17,-0.006807439696215429,0.0
2009-12-18,-0.0011697512475594583,0.0
2009-12-21,0.00906780033007408,0.0
2009-12-22,0.009012009508446947,0.0
2009-12-23,0.0050338345322995266,0.0
2009-12-24,0.005576231974631092,0.0
2009-12-28,-0.003458495171632039,0.0
2009-12-29,-0.0017940999759141906,0.0
2009-12-30,0.0002269672029556344,0.0
2009-12-31,-0.010923983514285291,0.0
2010-01-04,0.015081769865728178,0.06624907311540644
2010-01-05,0.004742528505195421,0.0
2010-01-06,0.4963975142253843,0.0
2010-01-07,-0.325156542438024,0.0
2010-01-08,0.4953237669824141,0.0
2010-01-11,-0.32778308242606774,0.0
2010-01-12,-0.011240814243915325,0.0
2010-01-13,0.009941908717537959,0.0
2010-01-14,0.0022732126459294915,0.0
2010-01-15,-0.011328036955896535,0.0
2010-01-19,0.503392186964499,0.0
2010-01-20,-0.3329856939848541,0.0
2010-01-21,0.474220463624074,0.0
2010-01-22,-0.34847757834607335,0.0
2010-01-25,0.004779167123350301,0.0
2010-01-26,-0.003986379528265697,0.0
2010-01-27,0.0042178868600188275,0.0
2010-01-28,-0.010178663939020765,0.0
2010-01-29,0.012034535848543273,0.0
2010-02-01,0.016029161807470826,0.08670775262587851
2010-02-02,0.01524925541913602,0.0
2010-02-03,-0.010218723088471226,0.0
2010-02-04,-0.033143703699809124,0.0
2010-02-05,0.0022254285694543537,0.0
2010-02-08,-0.007346244381490386,0.0
2010-02-09,0.013781861832043628,0.0
2010-02-10,-0.001767023793694802,0.0
2010-02-11,0.010355988022100308,0.0
2010-02-12,-0.0006713238647439281,0.0
2010-02-16,0.018643797749745984,0.0
2010-02-17,0.004724574097896469,0.0
2010-02-18,0.005441819408780411,0.0
2010-02-19,0.005629677633898388,0.0
2010-02-22,-0.0014364036830176118,0.0
2010-02-23,-0.011564450688234501,0.0
2010-02-24,0.007103243687062069,0.0
2010-02-25,0.0004877481366633778,0.0
2010-02-26,0.002863313079821306,0.0
2010-03-01,0.013011537425435593,0.05436401055412523
2010-03-02,0.003784645487539407,0.0
2010-03-03,0.0012001747785536307,0.0
2010-03-04,0.0040489544979648885,0.0
2010-03-05,0.0163357111568425,0.0
2010-03-08,0.0010009246407455966,0.0
2010-03-09,0.0018430236804357423,0.0
2010-03-10,0.005841417955740511,0.0
2010-03-11,0.0033956588575316565,0.0
2010-03-12,-0.00247847301253157,0.0
2010-03-15,-0.0007265099549114575,0.0
2010-03-16,0.010235755496150089,0.0
2010-03-17,0.007902290975107053,0.0
2010-03-18,-0.0017539173331979135,0.0
2010-03-19,-0.006881390163694155,0.0
2010-03-22,0.007186203719496548,0.0
2010-03-23,0.007450377220153571,0.0
2010-03-24,-0.006336628460135655,0.0
2010-03-25,-0.003675661287361456,0.0
2010-03-26,0.0015051780066893026,0.0
2010-03-29,0.007701519533616403,0.0
2010-03-30,-0.00010045890547549404,0.0
2010-03-31,-0.003771084689746865,0.0
2010-04-01,0.008836508405843935,0.05524988465608631
2010-04-05,0.01189309894504888,0.0
2010-04-06,0.0026807199831978303,0.0
2010-04-07,-0.006341792735603159,0.0
2010-04-08,0.0015640974063478525,0.0
2010-04-09,0.007438470449159986,0.0
2010-04-12,0.0014190972000706755,0.0
2010-04-13,0.0015075978030410588,0.0
2010-04-14,0.012554535460475226,0.0
2010-04-15,0.0003674311594616689,0.0
2010-04-16,-0.015938973389178657,0.0
2010-04-19,0.001836774271638846,0.0
2010-04-20,0.01213576132524142,0.0
2010-04-21,0.0022121356720906887,0.0
2010-04-22,0.00541835426744577,0.0
2010-04-23,0.00836219166282022,0.0
2010-04-26,-0.0032478879242199762,0.0
2010-04-27,-0.026400146104570938,0.0
2010-04-28,0.005816125768011166,0.0
2010-04-29,0.014448735181882472,0.0
2010-04-30,-0.01941729368007779,0.0
2010-05-03,0.01493692215482012,0.06020630337374802
2010-05-04,-0.026257997995564487,0.0
2010-05-05,-0.0066131599311080305,0.0
2010-05-06,-0.03173351297073924,0.0
2010-05-07,-0.01933822226028219,0.0
2010-05-10,0.04908456048082302,0.0
2010-05-11,-0.0026196733780885846,0.0
2010-05-12,0.017630688848632312,0.0
2010-05-13,-0.012838562481336455,0.0
2010-05-14,-0.0205342537833419,0.0
2010-05-17,0.0028799538184849614,0.0
2010-05-18,-0.014834709147137783,0.0
2010-05-19,-0.0064688176928292245,0.0
2010-05-20,-0.04113450038520007,0.0
2010-05-21,0.017227070772900876,0.0
2010-05-24,-0.012778413715553662,0.0
2010-05-25,0.0005200603982100788,0.0
2010-05-26,-0.0022974278569001944,0.0
2010-05-27,0.03600610983955241,0.0
2010-05-28,-0.011963345568532843,0.0
2010-06-01,-0.02227502080504129,0.05439682227800702
2010-06-02,0.027585271449944736,0.0
2010-06-03,0.0053300851223089,0.0
2010-06-04,-0.03886055236666423,0.0
2010-06-07,-0.016586764869918932,0.0
2010-06-08,0.009320385237930159,0.0
2010-06-09,-0.0014954834286714197,0.0
2010-06-10,0.03405230048290376,0.0
2010-06-11,0.006106976358479615,0.0
2010-06-14,0.0001443742161736445,0.0
2010-06-15,0.025650882053536914,0.0
2010-06-16,-0.002284004266332922,0.0
2010-06-17,-0.00014161431392783558,0.0
2010-06-18,0.0003274060701764979,0.0
2010-06-21,-0.004278497826654567,0.0
2010-06-22,-0.022322679427409557,0.0
2010-06-23,-0.001163403823722666,0.0
2010-06-24,-0.018660177256706822,0.0
2010-06-25,0.0073063829428580375,0.0
2010-06-28,-0.003973505475129377,0.0
2010-06-29,-0.035575056023958926,0.0
2010-06-30,-0.011020571225970575,0.0
2010-07-01,-0.0024453839676893407,0.05416113142804192
2010-07-02,-0.006787467139432923,0.0
2010-07-06,0.0019982844134042383,0.0
2010-07-07,0.03381776631019107,0.0
2010-07-08,0.009891079254853892,0.0
2010-07-09,0.009234061431095883,0.0
2010-07-12,-0.0023315212914250044,0.0
2010-07-13,0.01938115960962637,0.0
2010-07-14,-0.0016641847699429401,0.0
2010-07-15,0.0006680845059669981,0.0
2010-07-16,-0.031226875557454372,0.0
2010-07-19,0.007407030999039003,0.0
2010-07-20,0.014466812051538231,0.0
2010-07-21,-0.014451746449351544,0.0
2010-07-22,0.025716930060820098,0.0
2010-07-23,0.01179973870295158,0.0
2010-07-26,0.014448672621632873,0.0
2010-07-27,-0.00594056837702828,0.0
2010-07-28,-0.00928564949413539,0.0
2010-07-29,-0.0042621527904097385,0.0
2010-07-30,0.0013378499005582158,0.0
2010-08-02,0.022301404783583223,0.05979052282170293
2010-08-03,-0.007629583680379585,0.0
2010-08-04,0.008065050912425388,0.0
2010-08-05,-0.0012949739588006934,0.0
2010-08-06,-0.003993313540789283,0.0
2010-08-09,0.0068818222108656315,0.0
2010-08-10,-0.007842691778571352,0.0
2010-08-11,-0.03133379132764723,0.0
2010-08-12,-0.0049656477583878205,0.0
2010-08-13,-0.003523979668285179,0.0
2010-08-16,-0.0005904184310360926,0.0
2010-08-17,0.015472212848630144,0.0
2010-08-18,0.003141129817672864,0.0
2010-08-19,-0.01750180704602903,0.0
2010-08-20,-0.0024226631850553636,0.0
2010-08-23,-0.005527603405457526,0.0
2010-08-24,-0.015143359374920904,0.0
2010-08-25,0.004824280151968762,0.0
2010-08-26,-0.007844288217957136,0.0
2010-08-27,0.019518722078479437,0.0
2010-08-30,-0.01654537274770642,0.0
2010-08-31,-0.001254879142636881,0.0
2010-09-01,0.0330048745468714,0.05674071657886731
2010-09-02,0.013157620424055546,0.0
2010-09-03,0.014448292788384949,0.0
2010-09-07,-0.01411140234894077,0.0
2010-09-08,0.006447067425072414,0.0
2010-09-09,0.003859186801875497,0.0
2010-09-10,0.005115743286060698,0.0
2010-09-13,0.013578331768736688,0.0
2010-09-14,-0.0007445825178384199,0.0
2010-09-15,0.0030458190457879506,0.0
2010-09-16,-0.0018108310992288382,0.0
2010-09-17,0.0020752945969229725,0.0
2010-09-20,0.018130765840671685,0.0
2010-09-21,-0.004921115608550665,0.0
2010-09-22,-0.007687189026921413,0.0
2010-09-23,-0.008604053480636349,0.0
2010-09-24,0.02500169555670336,0.0
2010-09-27,-0.005760392369611187,0.0
2010-09-28,0.008497609837060837,0.0
2010-09-29,-0.0015999088412172314,0.0
2010-09-30,-0.001959718083409388,0.0
2010-10-01,0.0034882076477618096,0.048195731897673205
2010-10-04,-0.008713920249394748,0.0
2010-10-05,0.021385364378836074,0.0
2010-10-06,-0.00372067953274347,0.0
2010-10-07,-0.001161836022503318,0.0
2010-10-08,0.00784900430708009,0.0
2010-10-11,0.0017840320455557055,0.0
2010-10-12,0.002694929404311562,0.0
2010-10-13,0.008474521139883232,0.0
2010-10-14,-0.005192381047385829,0.0
2010-10-15,0.0014783139939441665,0.0
2010-10-18,0.005158157341700339,0.0
2010-10-19,-0.016381571624768512,0.0
2010-10-20,0.010765480363417023,0.0
2010-10-21,0.0006092168380551492,0.0
2010-10-22,0.0031300541801740555,0.0
2010-10-25,0.0034997355825193985,0.0
2010-10-26,-0.001502565244708993,0.0
2010-10-27,-0.001789488894488208,0.0
2010-10-28,-0.0007554869646222697,0.0
2010-10-29,0.0031358021173494375,0.0
2010-11-01,-0.0007028404858822057,0.048562694289286466
2010-11-02,0.009459317562452503,0.0
2010-11-03,0.0027041780208127116,0.0
2010-11-04,0.02077006340595377,0.0
2010-11-05,0.005971051041252657,0.0
2010-11-08,-0.0018859091890246556,0.0
2010-11-09,-0.01280861381797331,0.0
2010-11-10,0.005141841676235153,0.0
2010-11-11,-0.0010605015921365225,0.0
2010-11-12,-0.013237399552285653,0.0
2010-11-15,-0.0008214934786922202,0.0
2010-11-16,-0.01774582135396225,0.0
2010-11-17,0.0021900960528036017,0.0
2010-11-18,0.0141228875999498,0.0
2010-11-19,0.003789283791879977,0.0
2010-11-22,0.0011987984790557203,0.0
2010-11-23,-0.013907997698345668,0.0
2010-11-24,0.017213513443524814,0.0
2010-11-26,-0.006804644660319597,0.0
2010-11-29,-0.001113133984752021,0.0
2010-11-30,-0.004469579216569408,0.0
2010-12-01,0.021977171234666804,0.05162601139286588
2010-12-02,0.014635826095196793,0.0
2010-12-03,0.003308915278432239,0.0
2010-12-06,-0.001284572946839751,0.0
2010-12-07,0.0009503430709302645,0.0
2010-12-08,0.003180191564610838,0.0
2010-12-09,0.004307612666259014,0.0
2010-12-10,0.007845764262130107,0.0
2010-12-13,-0.0016578004798281894,0.0
2010-12-14,0.00021614938935892968,0.0
2010-12-15,-0.005144947860251839,0.0
2010-12-16,0.008016951769832636,0.0
2010-12-17,0.003193727896151549,0.0
2010-12-20,-0.00636298997671874,0.0
2010-12-21,0.007099430294933784,0.0
2010-12-22,0.003230139471811431,0.0
2010-12-23,-0.003115919352234699,0.0
2010-12-27,0.001089165842750835,0.0
2010-12-28,-0.00045466260687665406,0.0
2010-12-29,0.0013428425485470592,0.0
2010-12-30,-0.0007123141837220082,0.0
2010-12-31,-0.0010741761247547374,0.0
2011-01-03,0.009077850702305268,0.06458315331841322
2011-01-04,-0.005213024714266292,0.0
2011-01-05,0.005482279787703114,0.0
2011-01-06,-0.001705242655503972,0.0
2011-01-07,-0.0017864846012622575,0.0
2011-01-10,-0.00046636262402217796,0.0
2011-01-11,0.0036695364267484163,0.0
2011-01-12,0.009166404304302557,0.0
2011-01-13,-0.0035254563830091432,0.0
2011-01-14,0.006582434058764677,0.0
2011-01-18,0.0033301315763974823,0.0
2011-01-19,-0.012942648529972366,0.0
2011-01-20,-0.0015258047412631945,0.0
2011-01-21,0.0005380801446475577,0.0
2011-01-24,0.006166883569592988,0.0
2011-01-25,-0.0005329494351614235,0.0
2011-01-26,0.006871151858336436,0.0
2011-01-27,0.0040402928530456125,0.0
2011-01-28,-0.019085272046016108,0.0
2011-01-31,0.007514447001098141,0.0
2011-02-01,0.015118088156730103,0.05405870821911826
2011-02-02,-0.0028057608829331736,0.0
2011-02-03,0.004959486294971257,0.0
2011-02-04,0.005324429540511936,0.0
2011-02-07,0.0064723149296824775,0.0
2011-02-08,0.004244327270630321,0.0
2011-02-09,-0.0024029449724709746,0.0
2011-02-10,0.003696577080687975,0.0
2011-02-11,0.006915390730734072,0.0
2011-02-14,0.0014245774805796657,0.0
2011-02-15,-0.003346894148342709,0.0
2011-02-16,0.008623933999070917,0.0
2011-02-17,0.004571926620860959,0.0
2011-02-18,0.0014222975562734478,0.0
2011-02-22,-0.023718860766057028,0.0
2011-02-23,-0.010163389347119122,0.0
2011-02-24,-0.0013807445789542723,0.0
2011-02-25,0.013432139362287814,0.0
2011-02-28,0.004692896146698686,0.0
2011-03-01,-0.01933468866046384,0.05206370635484481
2011-03-02,0.0030197168538342958,0.0
2011-03-03,0.01841868941890636,0.0
2011-03-04,-0.006852855374703827,0.0
2011-03-07,-0.009909590515179315,0.0
2011-03-08,0.010773057305973163,0.0
2011-03-09,-0.0010955609378240417,0.0
2011-03-10,-0.01862441426115663,0.0
2011-03-11,0.00894036216446649,0.0
2011-03-14,-0.0073683817911850665,0.0
2011-03-15,-0.010038257402554722,0.0
2011-03-16,-0.015687058706532076,0.0
2011-03-17,0.01082077454293073,0.0
2011-03-18,0.005546090016428742,0.0
2011-03-21,0.014791957225821672,0.0
2011-03-22,-0.004438616211812887,0.0
2011-03-23,0.0035968069970622107,0.0
2011-03-24,0.01066227957227418,0.0
2011-03-25,0.003554649842522425,0.0
2011-03-28,-0.003967859641439502,0.0
2011-03-29,0.007784570818330724,0.0
2011-03-30,0.008735016527341793,0.0
2011-03-31,-0.0009070075959588856,0.0
2011-04-01,0.006525864803715864,0.04351714917734921
2011-04-04,-0.00020608398011720357,0.0
2011-04-05,0.0008040805738936063,0.0
2011-04-06,0.0024052281951788337,0.0
2011-04-07,-0.0027187599985427687,0.0
2011-04-08,-0.0056539844374862615,0.0
2011-04-11,-0.0032312020884431546,0.0
2011-04-12,-0.0067246751894246715,0.0
2011-04-13,0.0010735271649100807,0.0
2011-04-14,0.001220014582414193,0.0
2011-04-15,0.006326906248836475,0.0
2011-04-18,-0.011339216980853257,0.0
2011-04-19,0.005132309058444419,0.0
2011-04-20,0.014603427091619617,0.0
2011-04-21,0.00530843488422633,0.0
2011-04-25,-0.0019316758347891387,0.0
2011-04-26,0.0058681555696638785,0.0
2011-04-27,0.005279178638681204,0.0
2011-04-28,0.00303966254765885,0.0
2011-04-29,0.0012479823967825655,0.0
2011-05-02,-0.0014121058396928676,0.04506485443326097
2011-05-03,-0.005034568958366031,0.0
2011-05-04,-0.007064193598979299,0.0
2011-05-05,-0.004950271436357687,0.0
2011-05-06,0.004355230478930657,0.0
2011-05-09,0.004946997641356018,0.0
2011-05-10,0.009951414876931228,0.0
2011-05-11,-0.009972881810685189,0.0
2011-05-12,0.006863306847658367,0.0
2011-05-13,-0.008474532795236543,0.0
2011-05-16,-0.0052484110547295825,0.0
2011-05-17,-0.001426943339933047,0.0
2011-05-18,0.010482322214134084,0.0
2011-05-19,0.002517748391109617,0.0
2011-05-20,-0.007946104742189375,0.0
2011-05-23,-0.013095288231348666,0.0
2011-05-24,-0.004502806298592314,0.0
2011-05-25,0.002987138621382608,0.0
2011-05-26,0.005563838368841176,0.0
2011-05-27,0.005225534930858147,0.0
2011-05-31,0.008716150543572818,0.0
2011-06-01,-0.02428392877638408,0.043588289032579136
2011-06-02,-0.001270227375930756,0.0
2011-06-03,-0.012645795192069618,0.0
2011-06-06,-0.012071330966862068,0.0
2011-06-07,0.0015662419329050162,0.0
2011-06-08,-0.007019127262587586,0.0
2011-06-09,0.007830649703902789,0.0
2011-06-10,-0.014938538366677101,0.0
2011-06-13,-0.0007285662430772824,0.0
2011-06-14,0.015322617168854519,0.0
2011-06-15,-0.01786907041782268,0.0
2011-06-16,0.0009536772618632108,0.0
2011-06-17,0.004190751950379426,0.0
2011-06-20,0.007017280944202034,0.0
2011-06-21,0.015313487348282355,0.0
2011-06-22,-0.006581788384475679,0.0
2011-06-23,-0.0022559146994424843,0.0
2011-06-24,-0.010773278657594216,0.0
2011-06-27,0.010180007733276028,0.0
2011-06-28,0.014345275248688161,0.0
2011-06-29,0.008353307560536958,0.0
2011-06-30,0.009273717489022195,0.0
2011-07-01,0.015771964731466248,0.04156587064369463
2011-07-05,-0.003316355008016714,0.0
2011-07-06,0.0009018539654931415,0.0
2011-07-07,0.01187927805424677,0.0
2011-07-08,-0.008868028905062605,0.0
2011-07-11,-0.02059205516047433,0.0
2011-07-12,-0.004327255940419688,0.0
2011-07-13,0.002041301010197079,0.0
2011-07-14,-0.009665430585576666,0.0
2011-07-15,0.005547755575460206,0.0
2011-07-18,-0.011594794041694953,0.0
2011-07-19,0.01640715211412644,0.0
2011-07-20,-8.639840236163154e-06,0.0
2011-07-21,0.013767827204998005,0.0
2011-07-22,0.0007984425166741623,0.0
2011-07-25,-0.006350114727749615,0.0
2011-07-26,-0.004482932413493087,0.0
2011-07-27,-0.023540845680478675,0.0
2011-07-28,-0.00519238591920399,0.0
2011-07-29,-0.004857725276313229,0.0
2011-08-01,-0.008167472543193943,0.05614494735114935
2011-08-02,-0.030102838006637385,0.0
2011-08-03,0.0062286624308629055,0.0
2011-08-04,-0.051504503092464585,0.0
2011-08-05,-0.002278060436681637,0.0
2011-08-08,-0.07355122227924149,0.0
2011-08-09,0.050384658305726124,0.0
2011-08-10,-0.04290904705687666,0.0
2011-08-11,0.04982049890367981,0.0
2011-08-12,0.0051711876855733505,0.0
2011-08-15,0.022510156346406306,0.0
2011-08-16,-0.010872093731568317,0.0
2011-08-17,-0.0018611528207715467,0.0
2011-08-18,-0.04842848225988338,0.0
2011-08-19,-0.014411149916494928,0.0
2011-08-22,0.0012543129020190949,0.0
2011-08-23,0.03566245840289821,0.0
2011-08-24,0.014914147989850005,0.0
2011-08-25,-0.018757928531114798,0.0
2011-08-26,0.01857384680902298,0.0
2011-08-29,0.03396466529553179,0.0
2011-08-30,0.004602297829338072,0.0
2011-08-31,0.0066605102215089905,0.0
2011-09-01,-0.014471044998712879,0.06992798832261589
2011-09-02,-0.02879107067038791,0.0
2011-09-06,-0.00878283000610126,0.0
2011-09-07,0.03521835969551099,0.0
2011-09-08,-0.013356917524052202,0.0
2011-09-09,-0.02747735258463755,0.0
2011-09-12,0.006112232351025209,0.0
2011-09-13,0.013067216102252522,0.0
2011-09-14,0.015847709800831465,0.0
2011-09-15,0.01707675073337437,0.0
2011-09-16,0.0038227452393917024,0.0
2011-09-19,-0.01307965395258849,0.0
2011-09-20,-0.004440309070801475,0.0
2011-09-21,-0.03353895016010647,0.0
2011-09-22,-0.03412691249282149,0.0
2011-09-23,0.00862045122239044,0.0
2011-09-26,0.023856658387843552,0.0
2011-09-27,0.013157114823821758,0.0
2011-09-28,-0.026538041070930773,0.0
2011-09-29,0.008556654297595823,0.0
2011-09-30,-0.02802946415753069,0.0
2011-10-03,-0.035326128560031256,0.07791011009485693
2011-10-04,0.030104588775175262,0.0
2011-10-05,0.02245197034003508,0.0
2011-10-06,0.02342285217816953,0.0
2011-10-07,-0.012598489556999368,0.0
2011-10-10,0.036500271277769496,0.0
2011-10-11,0.0010055724058181472,0.0
2011-10-12,0.01004580137747785,0.0
2011-10-13,-0.0036588425635333257,0.0
2011-10-14,0.016697749672905514,0.0
2011-10-17,-0.02433489326823829,0.0
2011-10-18,0.026004434860564685,0.0
2011-10-19,-0.013890997158706148,0.0
2011-10-20,0.006897473965355165,0.0
2011-10-21,0.02405742816022147,0.0
2011-10-24,0.020031408596059237,0.0
2011-10-25,-0.024440951631843715,0.0
2011-10-26,0.011946859712992088,0.0
2011-10-27,0.04148179026004401,0.0
2011-10-28,0.002452516989813324,0.0
2011-10-31,-0.02790870481277893,0.0
2011-11-01,-0.03353860803115227,0.06914308038567599
2011-11-02,0.01922080835932028,0.0
2011-11-03,0.020398978065341154,0.0
2011-11-04,-0.0036232600095563827,0.0
2011-11-07,0.004274535384836332,0.0
2011-11-08,0.011959955480814409,0.0
2011-11-09,-0.04092237450808384,0.0
2011-11-10,0.009516998089678971,0.0
2011-11-11,0.021860680128264854,0.0
2011-11-14,-0.010933589436782822,0.0
2011-11-15,0.005510715502912084,0.0
2011-11-16,-0.016356878488193026,0.0
2011-11-17,-0.020060978376321745,0.0
2011-11-18,-0.000231153040662325,0.0
2011-11-21,-0.020940426509435547,0.0
2011-11-22,-0.006570409981211271,0.0
2011-11-23,-0.024508633310797258,0.0
2011-11-25,-0.0012986075262150143,0.0
2011-11-28,0.031318538641013395,0.0
2011-11-29,0.001627100858418249,0.0
2011-11-30,0.0468742673819913,0.0
2011-12-01,-0.0021327400895497783,0.0434939932327597
2011-12-02,-0.0012878538335078455,0.0
2011-12-05,0.012826061067369537,0.0
2011-12-06,-0.0008573127740445117,0.0
2011-12-07,0.0013595473138787895,0.0
2011-12-08,-0.024801872123897204,0.0
2011-12-09,0.019049194934411234,0.0
2011-12-12,-0.016168499096947907,0.0
2011-12-13,-0.01304731634487862,0.0
2011-12-14,-0.01246553130623442,0.0
2011-12-15,0.0008987586195604823,0.0
2011-12-16,0.004270114134916526,0.0
2011-12-19,-0.010864321252075742,0.0
2011-12-20,0.03336093210150209,0.0
2011-12-21,0.0014224018749282548,0.0
2011-12-22,0.010852742709691766,0.0
2011-12-23,0.007761803358118083,0.0
2011-12-27,0.00016233820196768524,0.0
2011-12-28,-0.014585935049926746,0.0
2011-12-29,0.01205626799823646,0.0
2011-12-30,-0.004342022729054252,0.0
2012-01-03,0.014928816082052432,0.05525597974265843
2012-01-04,-0.001115389395238167,0.0
2012-01-05,0.00489856561548446,0.0
2012-01-06,-0.001720629193328562,0.0
2012-01-09,0.003475703845675738,0.0
2012-01-10,0.01210466471381877,0.0
2012-01-11,0.0013952325201072578,0.0
2012-01-12,0.0033344839254585887,0.0
2012-01-13,-0.0062881917471126186,0.0
2012-01-17,0.003194947435693098,0.0
2012-01-18,0.014746199239754744,0.0
2012-01-19,0.00785691026576657,0.0
2012-01-20,-0.0016423176823855902,0.0
2012-01-23,0.0007353013860892743,0.0
2012-01-24,0.0018412201351356884,0.0
2012-01-25,0.008571036452783022,0.0
2012-01-26,-0.00666869227563136,0.0
2012-01-27,6.475728076632256e-05,0.0
2012-01-30,-0.005256715789248375,0.0
2012-01-31,-0.00037641754463470185,0.0
2012-02-01,0.012753746032492908,0.057023571919854445
2012-02-02,0.001787562028144354,0.0
2012-02-03,0.01801070524816547,0.0
2012-02-06,-0.0023792527933198995,0.0
2012-02-07,0.0014622987335596686,0.0
2012-02-08,0.0031540285451833,0.0
2012-02-09,0.0029540269282430018,0.0
2012-02-10,-0.008594304106286692,0.0
2012-02-13,0.006225982647067733,0.0
2012-02-14,-0.0006648634255577005,0.0
2012-02-15,-0.003073549802536165,0.0
2012-02-16,0.01239155734428363,0.0
2012-02-17,0.0019934279199130974,0.0
2012-02-21,-0.0028422278199378426,0.0
2012-02-22,-0.004271519987109029,0.0
2012-02-23,0.005350314385403872,0.0
2012-02-24,0.0018235604604446508,0.0
2012-02-27,0.0012846617005979706,0.0
2012-02-28,0.0003204352069057615,0.0
2012-02-29,-0.005587446821989342,0.0
2012-03-01,0.005887326165712192,0.05038887743568041
2012-03-02,-0.005042443641985722,0.0
2012-03-05,-0.005224946727342451,0.0
2012-03-06,-0.017449888111559397,0.0
2012-03-07,0.008205400990299198,0.0
2012-03-08,0.011803276168442307,0.0
2012-03-09,0.005670795165282088,0.0
2012-03-12,-0.0019355420979431548,0.0
2012-03-13,0.018805895744757342,0.0
2012-03-14,-0.0038675947928585746,0.0
2012-03-15,0.00852840233437531,0.0
2012-03-16,0.001031052285112155,0.0
2012-03-19,0.002642165228621732,0.0
2012-03-20,-0.005109177873824143,0.0
2012-03-21,-0.0003815215734162051,0.0
2012-03-22,-0.008801236534194191,0.0
2012-03-23,0.0007459018808277196,0.0
2012-03-26,0.013694169004748749,0.0
2012-03-27,-0.002330598422840348,0.0
2012-03-28,-0.007293460755544866,0.0
2012-03-29,-0.001158495134148658,0.0
2012-03-30,0.0037852731853664926,0.0
2012-04-02,0.008034296108379912,0.040568392194771666
2012-04-03,-0.005269328832430137,0.0
2012-04-04,-0.01058437219985978,0.0
2012-04-05,-0.0022554927189462736,0.0
2012-04-09,-0.01363783586395504,0.0
2012-04-10,-0.01859624524496504,0.0
2012-04-11,0.010295356550299891,0.0
2012-04-12,0.01636585117258578,0.0
2012-04-13,-0.012075371227142816,0.0
2012-04-16,-0.00016598013025851196,0.0
2012-04-17,0.014830029066134082,0.0
2012-04-18,-0.004830293600975435,0.0
2012-04-19,-0.003540279958118733,0.0
2012-04-20,0.0018649288040439205,0.0
2012-04-23,-0.010311352031043122,0.0
2012-04-24,0.0027844723009162577,0.0
2012-04-25,0.012342076796387057,0.0
2012-04-26,0.007248179428695641,0.0
2012-04-27,0.0031777860894736795,0.0
2012-04-30,-0.0034152009272504493,0.0
2012-05-01,0.003594363831037617,0.056148133712754136
2012-05-02,-0.0032842539328572576,0.0
2012-05-03,-0.009894609241917889,0.0
2012-05-04,-0.016203215266034982,0.0
2012-05-07,-0.0009285824206281038,0.0
2012-05-08,-0.005139044918713101,0.0
2012-05-09,-0.00496669172571885,0.0
2012-05-10,0.0015287702067306353,0.0
2012-05-11,-0.002256015005522964,0.0
2012-05-14,-0.011409313910306161,0.0
2012-05-15,-0.007566311540534746,0.0
2012-05-16,-0.006953740929296915,0.0
2012-05-17,-0.018746042007018526,0.0
2012-05-18,-0.008850389541933719,0.0
2012-05-21,0.018510184802073767,0.0
2012-05-22,0.0007616227576868337,0.0
2012-05-23,0.003699594582835722,0.0
2012-05-24,0.00156339730931164,0.0
2012-05-25,0.0007720888433530611,0.0
2012-05-29,0.01264699190814916,0.0
2012-05-30,-0.01831129947110244,0.0
2012-05-31,-0.0031801224664400963,0.0
2012-06-01,-0.02757366919464732,0.06659106963671846
2012-06-04,-0.0020127277589016895,0.0
2012-06-05,0.00793585071466092,0.0
2012-06-06,0.024604623715248936,0.0
2012-06-07,-0.0016226509263852832,0.0
2012-06-08,0.007633903464794246,0.0
2012-06-11,-0.016113705901297563,0.0
2012-06-12,0.012592632956123315,0.0
2012-06-13,-0.010227395483458883,0.0
2012-06-14,0.010059591101491535,0.0
2012-06-15,0.01237369903869051,0.0
2012-06-18,0.0025717589316582266,0.0
2012-06-19,0.0118795127974201,0.0
2012-06-20,-0.0014648816987859726,0.0
2012-06-21,-0.02526227471699107,0.0
2012-06-22,0.00699506421876181,0.0
2012-06-25,-0.018090446216376073,0.0
2012-06-26,0.0045749519628469956,0.0
2012-06-27,0.010157471902375887,0.0
2012-06-28,0.00020009018386393898,0.0
2012-06-29,0.027403708289671147,0.0
2012-07-02,0.0015949972018738379,0.04449751218475963
2012-07-03,0.008887531120463713,0.0
2012-07-05,-0.00377150941693229,0.0
2012-07-06,-0.011132210056107626,0.0
2012-07-09,-0.005387423460917166,0.0
2012-07-10,-0.009759284321886528,0.0
2012-07-11,0.00023046599707065565,0.0
2012-07-12,-0.005946004057666895,0.0
2012-07-13,0.016135438667850097,0.0
2012-07-16,-0.004062449178097006,0.0
2012-07-17,0.007651581625927274,0.0
2012-07-18,0.008420023902881966,0.0
2012-07-19,0.0044654161421495645,0.0
2012-07-20,-0.012742183280099142,0.0
2012-07-23,-0.01104671462614289,0.0
2012-07-24,-0.010633934685675993,0.0
2012-07-25,-0.0005068669891806482,0.0
2012-07-26,0.017144300941999466,0.0
2012-07-27,0.01986194095880866,0.0
2012-07-30,-0.0022371604299145855,0.0
2012-07-31,-0.005876294501687427,0.0
2012-08-01,-0.004205780689857441,0.058194967726928934
2012-08-02,-0.007663478905643506,0.0
2012-08-03,0.022199694657434935,0.0
2012-08-06,0.004237809534115894,0.0
2012-08-07,0.00945330306856769,0.0
2012-08-08,0.002577504588336754,0.0
2012-08-09,0.001693433405182528,0.0
2012-08-10,0.002091961385915267,0.0
2012-08-13,-0.0018119125450374882,0.0
2012-08-14,-0.0017341328753272861,0.0
2012-08-15,0.003989484139983033,0.0
2012-08-16,0.009015558936979714,0.0
2012-08-17,0.0027468942733141163,0.0
2012-08-20,-0.0007863757064795685,0.0
2012-08-21,-0.0012899077526003402,0.0
2012-08-22,-0.0014736752173598966,0.0
2012-08-23,-0.009060786468683048,0.0
2012-08-24,0.0055151517582935315,0.0
2012-08-27,-0.001761723326373577,0.0
2012-08-28,-0.0004979315058822292,0.0
2012-08-29,0.00216340010017639,0.0
2012-08-30,-0.008044921973038662,0.0
2012-08-31,0.005078939862423925,0.0
2012-09-04,-0.0014605333193248304,0.0469312560443902
2012-09-05,-0.0009416565013362502,0.0
2012-09-06,0.022075225839745406,0.0
2012-09-07,0.006678391563328457,0.0
2012-09-10,-0.004787861436837857,0.0
2012-09-11,0.005205312087808654,0.0
2012-09-12,0.00391154635547178,0.0
2012-09-13,0.014780248344783248,0.0
2012-09-14,0.007650124065941374,0.0
2012-09-17,-0.007114294470429628,0.0
2012-09-18,-0.003484357171303444,0.0
2012-09-19,0.0023462790028715734,0.0
2012-09-20,-0.002829698811054173,0.0
2012-09-21,-0.0004634446129556466,0.0
2012-09-24,-0.003175210998053616,0.0
2012-09-25,-0.013596166087103036,0.0
2012-09-26,-0.008039264639957144,0.0
2012-09-27,0.00993862769651705,0.0
2012-09-28,-0.0036708844786573964,0.0
2012-10-01,0.0020138252042718463,0.03974184072008194
2012-10-02,0.0016494922949595728,0.0
2012-10-03,0.0026602346970415894,0.0
2012-10-04,0.008994561113659778,0.0
2012-10-05,0.0004941605362898395,0.0
2012-10-08,-0.0019100634590000349,0.0
2012-10-09,-0.009545302648595126,0.0
2012-10-10,-0.006184957138461338,0.0
2012-10-11,0.0041569312643122,0.0
2012-10-12,-0.00479030589961433,0.0
2012-10-15,0.007780359017998451,0.0
2012-10-16,0.011256445782117678,0.0
2012-10-17,0.005419800885766287,0.0
2012-10-18,0.0005733658746154839,0.0
2012-10-19,-0.016400315431445163,0.0
2012-10-22,-7.783801367869679e-05,0.0
2012-10-23,-0.011507496993390442,0.0
2012-10-24,-0.005245139297922815,0.0
2012-10-25,0.003833102642421076,0.0
2012-10-26,-0.0004131568982049806,0.0
2012-10-31,0.00237727139510127,0.0
2012-11-01,0.01431097818737359,0.055282005752992774
2012-11-02,-0.009661298910683914,0.0
2012-11-05,0.0032473783268541154,0.0
2012-11-06,0.01019047954976637,0.0
2012-11-07,-0.021350088857390877,0.0
2012-11-08,-0.01281564512325931,0.0
2012-11-09,0.0006616400302022559,0.0
2012-11-12,0.0011098039349526688,0.0
2012-11-13,-0.003067644088380312,0.0
2012-11-14,-0.013343900640362418,0.0
2012-11-15,-9.802958036390509e-05,0.0
2012-11-16,0.0057052192988425975,0.0
2012-11-19,0.0179218070537166,0.0
2012-11-20,-7.335760977010607e-05,0.0
2012-11-21,0.0025102614542658825,0.0
2012-11-23,0.012563067437309674,0.0
2012-11-26,-0.002814650440622748,0.0
2012-11-27,-0.004314484757593679,0.0
2012-11-28,0.008426687202421634,0.0
2012-11-29,0.004082158614184952,0.0
2012-11-30,0.0007958785754218872,0.0
2012-12-03,-0.004832246188141487,0.045742898392350795
2012-12-04,-0.0001244642523562428,0.0
2012-12-05,0.0037135227096774495,0.0
2012-12-06,0.0036036121804718835,0.0
2012-12-07,0.003948292448706604,0.0
2012-12-10,-8.128022184554278e-05,0.0
2012-12-11,0.006062262842347304,0.0
2012-12-12,0.0009450963689199383,0.0
2012-12-13,-0.004841828536990302,0.0
2012-12-14,-0.0012227008107321994,0.0
2012-12-17,0.011862902037812088,0.0
2012-12-18,0.013214005800441523,0.0
2012-12-19,-0.00519317219844672,0.0
2012-12-20,0.005501758900384774,0.0
2012-12-21,-0.008876028920148871,0.0
2012-12-24,-0.004806539131494795,0.0
2012-12-26,-0.005716188334326853,0.0
2012-12-27,-0.0011759418871661103,0.0
2012-12-28,-0.010343497544309951,0.0
2012-12-31,0.01570857441116645,0.0
2013-01-02,0.0241211341943115,0.049818839346215504
2013-01-03,0.00012690159536791204,0.0
2013-01-04,0.007793352606959348,0.0
2013-01-07,-0.0038027524569089195,0.0
2013-01-08,-0.0045290507608204385,0.0
2013-01-09,0.0038659054907366,0.0
2013-01-10,0.006737354901322838,0.0
2013-01-11,-0.0005144924128140641,0.0
2013-01-14,0.0004989098892498678,0.0
2013-01-15,0.003975465165035382,0.0
2013-01-16,-0.0013608050266974744,0.0
2013-01-17,0.008628282912791212,0.0
2013-01-18,0.0038042659303282192,0.0
2013-01-22,0.006436964981865745,0.0
2013-01-23,-0.0008158647301891288,0.0
2013-01-24,0.004973127169816671,0.0
2013-01-25,0.007277659515853525,0.0
2013-01-28,-0.002664435834257851,0.0
2013-01-29,0.003712044009270678,0.0
2013-01-30,-0.003688976553828431,0.0
2013-01-31,-0.0002063471031606538,0.0
2013-02-01,0.009001818938030981,0.04382294030860413
2013-02-04,-0.010779778864987068,0.0
2013-02-05,0.010107375164396852,0.0
2013-02-06,0.0022397860725324008,0.0
2013-02-07,-0.0037137475529612453,0.0
2013-02-08,0.005698514922274761,0.0
2013-02-11,-0.0003565166556398454,0.0
2013-02-12,0.003795216929338794,0.0
2013-02-13,0.000697818716937196,0.0
2013-02-14,0.0018687997055535613,0.0
2013-02-15,-0.0006448966603707152,0.0
2013-02-19,0.007185274973646776,0.0
2013-02-20,-0.015422525118648445,0.0
2013-02-21,-0.007935390133253638,0.0
2013-02-22,0.009671451004927726,0.0
2013-02-25,-0.019862391397810222,0.0
2013-02-26,0.005674391714210282,0.0
2013-02-27,0.014371252137326963,0.0
2013-02-28,-0.0001978468837151675,0.0
2013-03-01,0.002421289003034399,0.044027835152871224
2013-03-04,0.004231156242418368,0.0
2013-03-05,0.010113679115974819,0.0
2013-03-06,0.001981322568074798,0.0
2013-03-07,0.00270230098054745,0.0
2013-03-08,0.006481720826280664,0.0
2013-03-11,0.0032298014953905316,0.0
2013-03-12,-0.0012798712385586617,0.0
2013-03-13,0.0034169515512974128,0.0
2013-03-14,0.005198699776050467,0.0
2013-03-15,-0.0019323773915404683,0.0
2013-03-18,-0.0057492037392198984,0.0
2013-03-19,-0.004241651313961623,0.0
2013-03-20,0.008576969409186917,0.0
2013-03-21,-0.0094535281699571,0.0
2013-03-22,0.0055841178377542405,0.0
2013-03-25,-0.0030985091556245724,0.0
2013-03-26,0.007904107793300743,0.0
2013-03-27,9.842522584115793e-05,0.0
2013-03-28,0.006525538162018315,0.0
2013-04-01,-0.00732203884747562,0.03938154878774426
2013-04-02,0.0013316009435011893,0.0
2013-04-03,-0.01160673079179173,0.0
2013-04-04,0.005374933136785615,0.0
2013-04-05,-0.003493743419794927,0.0
2013-04-08,0.008388740351422027,0.0
2013-04-09,0.0038198188974214843,0.0
2013-04-10,0.012311270977106624,0.0
2013-04-11,0.005028710342664033,0.0
2013-04-12,-0.003997904600510799,0.0
2013-04-15,-0.027586310430096087,0.0
2013-04-16,0.015309248502655658,0.0
2013-04-17,-0.01566275273660722,0.0
2013-04-18,-0.005735704842115566,0.0
2013-04-19,0.009687688394804491,0.0
2013-04-22,0.003682032288507486,0.0
2013-04-23,0.010936701383514897,0.0
2013-04-24,0.0031863682003288084,0.0
2013-04-25,0.006068394478413366,0.0
2013-04-26,-0.004323435984284862,0.0
2013-04-29,0.007117623975722417,0.0
2013-04-30,0.0035058696313432754,0.0
2013-05-01,-0.009581271962555427,0.049573964790669806
2013-05-02,0.01032296653741833,0.0
2013-05-03,0.010266873243650422,0.0
2013-05-06,0.0022367943598023757,0.0
2013-05-07,0.006273046923260474,0.0
2013-05-08,0.006094254851533042,0.0
2013-05-09,-0.002878141106982523,0.0
2013-05-10,0.006489631816968665,0.0
2013-05-13,-0.0019229865194601437,0.0
2013-05-14,0.012419544406461452,0.0
2013-05-15,0.006164146114530715,0.0
2013-05-16,-0.006626338596709902,0.0
2013-05-17,0.012194419928468442,0.0
2013-05-20,0.0001197433832339338,0.0
2013-05-21,0.0010087471911996194,0.0
2013-05-22,-0.012318384744665083,0.0
2013-05-23,-0.0020523940670789447,0.0
2013-05-24,-0.002513823192816585,0.0
2013-05-28,0.006836207059114588,0.0
2013-05-29,-0.00866617130426124,0.0
2013-05-30,0.005271460901974126,0.0
2013-05-31,-0.013312662410478734,0.0
2013-06-03,0.0029702581170725217,0.06011020170717351
2013-06-04,-0.00607794446108801,0.0
2013-06-05,-0.01406405820009609,0.0
2013-06-06,0.00967422545909798,0.0
2013-06-07,0.01146791724188421,0.0
2013-06-10,-0.00084263963633277,0.0
2013-06-11,-0.01111412597929863,0.0
2013-06-12,-0.009303569673675235,0.0
2013-06-13,0.018165553254413713,0.0
2013-06-14,-0.005567680596657,0.0
2013-06-17,0.00835027420743778,0.0
2013-06-18,0.0077925617939970555,0.0
2013-06-19,-0.014374334511057005,0.0
2013-06-20,-0.027811945275486673,0.0
2013-06-21,0.002659568319377835,0.0
2013-06-24,-0.012242672364461237,0.0
2013-06-25,0.011295866339516635,0.0
2013-06-26,0.009151483748322507,0.0
2013-06-27,0.00931494436245099,0.0
2013-06-28,-0.005388336629081474,0.0
2013-07-01,0.009109126223407094,0.04312760518075344
2013-07-02,-0.001659631423253611,0.0
2013-07-03,-0.0006033225732999479,0.0
2013-07-05,0.010676731125903678,0.0
2013-07-08,0.005119020992808926,0.0
2013-07-09,0.007941374604385576,0.0
2013-07-10,0.0015286861406090058,0.0
2013-07-11,0.0150823483635911,0.0
2013-07-12,0.002997195286226372,0.0
2013-07-15,0.0015910296172055255,0.0
2013-07-16,-0.004717074382586013,0.0
2013-07-17,0.002396256615022598,0.0
2013-07-18,0.006935580286610267,0.0
2013-07-19,0.0020471788092656256,0.0
2013-07-22,0.001956170412813818,0.0
2013-07-23,-0.001770893394711766,0.0
2013-07-24,-0.007094334041472048,0.0
2013-07-25,0.005416126147306772,0.0
2013-07-26,0.0005089929973287244,0.0
2013-07-29,-0.0037212352488857946,0.0
2013-07-30,0.002173585173823097,0.0
2013-07-31,0.0015999741423940598,0.0
2013-08-01,0.015565528266677342,0.049289769545915796
2013-08-02,0.0009439994642865233,0.0
2013-08-05,-0.0011853652298098754,0.0
2013-08-06,-0.005849514309226162,0.0
2013-08-07,-0.00530573804775064,0.0
2013-08-08,0.005850345753997739,0.0
2013-08-09,-0.0008100328495491682,0.0
2013-08-12,-0.0011115584129561856,0.0
2013-08-13,0.0015929594741896397,0.0
2013-08-14,-0.004960144180110648,0.0
2013-08-15,-0.014825189378749945,0.0
2013-08-16,-0.0038237447811667867,0.0
2013-08-19,-0.00821614120460713,0.0
2013-08-20,0.00811618957055724,0.0
2013-08-21,-0.0066832563660891514,0.0
2013-08-22,0.010662879755264185,0.0
2013-08-23,0.0031952106373964355,0.0
2013-08-26,-0.003945756401162238,0.0
2013-08-27,-0.017970172836960188,0.0
2013-08-28,0.001641243456607054,0.0
2013-08-29,0.0029080784760818043,0.0
2013-08-30,-0.004134747193555999,0.0
2013-09-03,0.004785722128873848,0.037439479188407156
2013-09-04,0.009430219170727342,0.0
2013-09-05,0.0023325252333505466,0.0
2013-09-06,0.0010451806135831445,0.0
2013-09-09,0.012187183042772417,0.0
2013-09-10,0.005931862638304853,0.0
2013-09-11,0.0035075614527341325,0.0
2013-09-12,-0.00442594061371988,0.0
2013-09-13,0.0029676906249783484,0.0
2013-09-16,0.007061262058249494,0.0
2013-09-17,0.004541291864333281,0.0
2013-09-18,0.012327628167233446,0.0
2013-09-19,-0.0019639111574067,0.0
2013-09-20,-0.008394692062776696,0.0
2013-09-23,-0.005368067392188428,0.0
2013-09-24,1.2851389352679691e-05,0.0
2013-09-25,-0.002385154792934287,0.0
2013-09-26,0.003090875009602201,0.0
2013-09-27,-0.004705694998484339,0.0
2013-09-30,-0.004333590885126121,0.0
2013-10-01,0.008435179534476811,0.03955941748692127
2013-10-02,-0.0003123801009780712,0.0
2013-10-03,-0.009136429544226905,0.0
2013-10-04,0.008068312822928199,0.0
2013-10-07,-0.009380020111545895,0.0
2013-10-08,-0.012451367014815168,0.0
2013-10-09,0.0007268648983877368,0.0
2013-10-10,0.02213872378633879,0.0
2013-10-11,0.00664688790754116,0.0
2013-10-14,0.0033601849649619216,0.0
2013-10-15,-0.008564084458005779,0.0
2013-10-16,0.013306250488890004,0.0
2013-10-17,0.00868301004181867,0.0
2013-10-18,0.005205561859955361,0.0
2013-10-21,-0.0005733007291802395,0.0
2013-10-22,0.006259998224673767,0.0
2013-10-23,-0.004971772534446586,0.0
2013-10-24,0.0029332478057334074,0.0
2013-10-25,0.005254495304099093,0.0
2013-10-28,0.00030246041815172933,0.0
2013-10-29,0.0065284463706208554,0.0
2013-10-30,-0.006315759085961386,0.0
2013-10-31,-0.0028565230523076696,0.0
2013-11-01,0.0035802341414392647,0.052983229887167506
2013-11-04,0.005507322524612789,0.0
2013-11-05,-0.0037017920585344375,0.0
2013-11-06,0.0027586334731934015,0.0
2013-11-07,-0.014374072039336199,0.0
2013-11-08,0.013163637501661812,0.0
2013-11-11,0.00135734421328078,0.0
2013-11-12,-0.0023663319487120344,0.0
2013-11-13,0.009319927645153249,0.0
2013-11-14,0.005271488073655654,0.0
2013-11-15,0.003964501626357822,0.0
2013-11-18,-0.005378204575118601,0.0
2013-11-19,-0.0037021854665965233,0.0
2013-11-20,-0.0036151833108325915,0.0
2013-11-21,0.00889256203112274,0.0
2013-11-22,0.004126879046304705,0.0
2013-11-25,-0.0018011784883238673,0.0
2013-11-26,0.0005274691293176627,0.0
2013-11-27,0.002843653841516966,0.0
2013-11-29,-0.0045716085176666765,0.0
2013-12-02,-0.002464495185500626,0.041523347378848253
2013-12-03,-0.0030682816532899915,0.0
2013-12-04,-0.0032914736147361956,0.0
2013-12-05,-0.004321920013292974,0.0
2013-12-06,0.01163660735968822,0.0
2013-12-09,0.0013197777655742887,0.0
2013-12-10,-0.002539443950179277,0.0
2013-12-11,-0.01298487111287483,0.0
2013-12-12,-0.002623186254410924,0.0
2013-12-13,0.0015076559996322662,0.0
2013-12-16,0.006801445954067969,0.0
2013-12-17,-0.0012114269626539954,0.0
2013-12-18,0.014886575630501376,0.0
2013-12-19,-0.0053258243512466046,0.0
2013-12-20,0.006561991229910656,0.0
2013-12-23,0.004768399381987211,0.0
2013-12-24,0.003797854154089438,0.0
2013-12-26,0.0034164485539532243,0.0
2013-12-27,0.0005567046697108179,0.0
2013-12-30,0.0012301878122480611,0.0
2013-12-31,0.0031883124463218298,0.0
2014-01-02,-0.00971573657993896,0.0397011554861423
2014-01-03,0.0006050247344489652,0.0
2014-01-06,-0.0036828719429443475,0.0
2014-01-07,0.0066008070512663585,0.0
2014-01-08,0.0007212192333451315,0.0
2014-01-09,0.0018410998557497132,0.0
2014-01-10,0.004201260261343138,0.0
2014-01-13,-0.01423389739852931,0.0
2014-01-14,0.010885329429137301,0.0
2014-01-15,0.0038377860316592062,0.0
2014-01-16,-0.0010569494691356036,0.0
2014-01-17,-0.0035292888556359052,0.0
2014-01-21,0.0024026132647811385,0.0
2014-01-22,0.0025123798828088914,0.0
2014-01-23,-0.009852249625808447,0.0
2014-01-24,-0.022135412012320763,0.0
2014-01-27,-0.004120567229177451,0.0
2014-01-28,0.008972168478927671,0.0
2014-01-29,-0.009343332501506997,0.0
2014-01-30,0.01197494904403552,0.0
2014-01-31,-0.0054864927191506695,0.0
2014-02-03,-0.0243253219321371,0.059888774804789435
2014-02-04,0.008149012967670326,0.0
2014-02-05,-0.001959459896230373,0.0
2014-02-06,0.014343616366576654,0.0
2014-02-07,0.01222651700987704,0.0
2014-02-10,0.0018319775478455155,0.0
2014-02-11,0.010429276086758168,0.0
2014-02-12,0.0016546007798437247,0.0
2014-02-13,0.0064833664535849725,0.0
2014-02-14,0.005130519996435098,0.0
2014-02-18,0.0026911764928822567,0.0
2014-02-19,-0.0048012958993648176,0.0
2014-02-20,0.007151054476921773,0.0
2014-02-21,0.0002404734896066735,0.0
2014-02-24,0.005929884051797283,0.0
2014-02-25,-0.0012303791024779647,0.0
2014-02-26,0.0007044106281532118,0.0
2014-02-27,0.0045633456054861654,0.0
2014-02-28,0.003298845945023643,0.0
2014-03-03,-0.006853487666165892,0.04009254547585747
2014-03-04,0.014920320906569123,0.0
2014-03-05,-0.0005946434775826946,0.0
2014-03-06,0.0027244356496951673,0.0
2014-03-07,0.0008492059711225565,0.0
2014-03-10,-0.002199952063383897,0.0
2014-03-11,-0.005306349763455785,0.0
2014-03-12,0.000949303994780405,0.0
2014-03-13,-0.013483231444005463,0.0
2014-03-14,-0.00018058387518916824,0.0
2014-03-17,0.008348700387131742,0.0
2014-03-18,0.0070178585339443645,0.0
2014-03-19,-0.005596163588252543,0.0
2014-03-20,0.0051005768224216454,0.0
2014-03-21,-0.001119468386446385,0.0
2014-03-24,-0.0063882749944683724,0.0
2014-03-25,0.002451742336536493,0.0
2014-03-26,-0.00707769678476927,0.0
2014-03-27,-0.0018668948490781082,0.0
2014-03-28,0.0064749610152579525,0.0
2014-03-31,0.009335123730319382,0.0
2014-04-01,0.00768588912149859,0.03561341286797669
2014-04-02,0.0015830035280569614,0.0
2014-04-03,-0.0012878589205531999,0.0
2014-04-04,-0.011595139301790758,0.0
2014-04-07,-0.012994317635757478,0.0
2014-04-08,0.005438676811972875,0.0
2014-04-09,0.009482845391478192,0.0
2014-04-10,-0.020523414648233484,0.0
2014-04-11,-0.011074660655509473,0.0
2014-04-14,0.008529364492132038,0.0
2014-04-15,0.005719059579455368,0.0
2014-04-16,0.010442936094235878,0.0
2014-04-17,0.0018710422020238099,0.0
2014-04-21,0.002306802539645822,0.0
2014-04-22,0.004339879767515717,0.0
2014-04-23,-0.003429717064067813,0.0
2014-04-24,0.0011112010064128271,0.0
2014-04-25,-0.009143036499172471,0.0
2014-04-28,0.00032978477462455684,0.0
2014-04-29,0.0036374049895992466,0.0
2014-04-30,0.0044042619762255045,0.0
2014-05-01,2.2766203521262796e-05,0.04195072271891165
2014-05-02,-0.0001579235177015993,0.0
2014-05-05,0.0008224122841246319,0.0
2014-05-06,-0.008359986079822367,0.0
2014-05-07,0.0036612183716157685,0.0
2014-05-08,-0.0014339148153681767,0.0
2014-05-09,0.0014909821608932593,0.0
2014-05-12,0.011236862315865345,0.0
2014-05-13,-0.0006974809469700598,0.0
2014-05-14,-0.005642996251835638,0.0
2014-05-15,-0.008740557915680982,0.0
2014-05-16,0.004229259441414877,0.0
2014-05-19,0.0038116145551995843,0.0
2014-05-20,-0.008082583286649282,0.0
2014-05-21,0.006800161820851401,0.0
2014-05-22,0.003001724562917139,0.0
2014-05-23,0.0050371001980070015,0.0
2014-05-27,0.006066499474802474,0.0
2014-05-28,-0.00018841812640604322,0.0
2014-05-29,0.005488419856416352,0.0
2014-05-30,0.001521309080935349,0.0
2014-06-02,0.0014807810912154107,0.04005257635136922
2014-06-03,0.0001084049894389944,0.0
2014-06-04,0.0031947228535832073,0.0
2014-06-05,0.006825394306143387,0.0
2014-06-06,0.005502439346720896,0.0
2014-06-09,0.0011494072418662495,0.0
2014-06-10,-0.00204301176544822,0.0
2014-06-11,-0.003910015689768895,0.0
2014-06-12,-0.006213694502912709,0.0
2014-06-13,0.0035451590172247208,0.0
2014-06-16,0.0015690493667824199,0.0
2014-06-17,0.004092383237193874,0.0
2014-06-18,0.0078953632556944,0.0
2014-06-19,0.001507367802135185,0.0
2014-06-20,0.0027643112589609935,0.0
2014-06-23,-0.001072386412305203,0.0
2014-06-24,-0.006988542375476414,0.0
2014-06-25,0.003762484284250225,0.0
2014-06-26,-2.7982800812435208e-05,0.0
2014-06-27,0.0022618944837854036,0.0
2014-06-30,0.0009485324388952643,0.0
2014-07-01,0.005495518372320651,0.03733175035077841
2014-07-02,-0.003192110676974374,0.0
2014-07-03,0.005914551654575589,0.0
2014-07-07,-0.005523992852141174,0.0
2014-07-08,-0.006119618872616479,0.0
2014-07-09,0.0043148773782954696,0.0
2014-07-10,-0.004709121286009206,0.0
2014-07-11,0.0007733922266804085,0.0
2014-07-14,0.0029153422870644074,0.0
2014-07-15,-0.0023561897849765983,0.0
2014-07-16,0.003478900739377416,0.0
2014-07-17,-0.011647362288874346,0.0
2014-07-18,0.010119187277078844,0.0
2014-07-21,-0.0028697279456881613,0.0
2014-07-22,0.005045946401756034,0.0
2014-07-23,9.500738335282803e-05,0.0
2014-07-24,0.0018927539268637536,0.0
2014-07-25,-0.004208484673671738,0.0
2014-07-28,0.0005060546907792523,0.0
2014-07-29,-0.004843968148677382,0.0
2014-07-30,-0.0001891759535395495,0.0
2014-07-31,-0.01872003724783526,0.0
2014-08-01,-0.002090173084797531,0.04569866576393287
2014-08-04,0.006988974975678089,0.0
2014-08-05,-0.008388791280842328,0.0
2014-08-06,-4.97509016984867e-05,0.0
2014-08-07,-0.005833750052917394,0.0
2014-08-08,0.01315272153948815,0.0
2014-08-11,0.0031702508115071344,0.0
2014-08-12,-0.001965901059844182,0.0
2014-08-13,0.005838419096683945,0.0
2014-08-14,0.002814154721431323,0.0
2014-08-15,-0.00033562320864363124,0.0
2014-08-18,0.009139540729772815,0.0
2014-08-19,0.005285240447918598,0.0
2014-08-20,0.003349723336010595,0.0
2014-08-21,0.0023058049073662523,0.0
2014-08-22,-0.001832818206477716,0.0
2014-08-25,0.0043628625288148395,0.0
2014-08-26,0.00034823112055365436,0.0
2014-08-27,0.00014209373701615447,0.0
2014-08-28,-0.0008418983155301837,0.0
2014-08-29,0.0037339041563285774,0.0
2014-09-02,-0.0007596237752172108,0.028032780692373065
2014-09-03,9.478987221400594e-05,0.0
2014-09-04,-0.001086148460463521,0.0
2014-09-05,0.004785969387377155,0.0
2014-09-08,-0.0029276190506549475,0.0
2014-09-09,-0.007193121699898179,0.0
2014-09-10,0.0018548216971732978,0.0
2014-09-11,0.0021353016937984397,0.0
2014-09-12,-0.006992375512162182,0.0
2014-09-15,-0.0015395458027303065,0.0
2014-09-16,0.006677744897211035,0.0
2014-09-17,0.0005381449248743609,0.0
2014-09-18,0.0035964811968375327,0.0
2014-09-19,-0.002137880231272839,0.0
2014-09-22,-0.014136554056617831,0.0
2014-09-23,-0.007058959582635611,0.0
2014-09-24,0.0071488621726563915,0.0
2014-09-25,-0.014487599721264042,0.0
2014-09-26,0.007346158090916138,0.0
2014-09-29,-0.0014999534869972334,0.0
2014-09-30,-0.0041821598482292876,0.0
2014-10-01,-0.01285410244994234,0.04534166861172824
2014-10-02,0.0011211173834071322,0.0
2014-10-03,0.010360913204623859,0.0
2014-10-06,-0.0021304578107200264,0.0
2014-10-07,-0.016123675067688727,0.0
2014-10-08,0.017343620524551857,0.0
2014-10-09,-0.022320469041148115,0.0
2014-10-10,-0.012183777271139624,0.0
2014-10-13,-0.017067420987698326,0.0
2014-10-14,0.0059581862846702655,0.0
2014-10-15,-0.004859725837436436,0.0
2014-10-16,0.0026515746545216824,0.0
2014-10-17,0.011314808734176457,0.0
2014-10-20,0.010259610856535328,0.0
2014-10-21,0.021342395405541156,0.0
2014-10-22,-0.008753326079558362,0.0
2014-10-23,0.012384470881409978,0.0
2014-10-24,0.00747150637583302,0.0
2014-10-27,-0.0018845194422404687,0.0
2014-10-28,0.0129735246561146,0.0
2014-10-29,-0.0020383714752411496,0.0
2014-10-30,0.007383331144718796,0.0
2014-10-31,0.01216262451320266,0.0
2014-11-03,0.0003248945897267319,0.05084539350575513
2014-11-04,-0.004547423742707871,0.0
2014-11-05,0.00721595369617486,0.0
2014-11-06,0.004342090879734223,0.0
2014-11-07,0.0011251806093137329,0.0
2014-11-10,0.002723138721971191,0.0
2014-11-11,0.00044301084945888504,0.0
2014-11-12,-0.00017682344441547474,0.0
2014-11-13,-0.0021923556481784814,0.0
2014-11-14,-0.00011512115181228668,0.0
2014-11-17,0.0010830083113003537,0.0
2014-11-18,0.005421855056419126,0.0
2014-11-19,-0.00143013118302816,0.0
2014-11-20,0.0033039061635886436,0.0
2014-11-21,0.006211176487201256,0.0
2014-11-24,0.00325028353339688,0.0
2014-11-25,-0.0010590467695847747,0.0
2014-11-26,0.0012850171920955637,0.0
2014-11-28,-0.002776271426776308,0.0
2014-12-01,-0.008118499994725581,0.045431111134266504
2014-12-02,0.006148103435668522,0.0
2014-12-03,0.006919921271797226,0.0
2014-12-04,-0.002464940024695137,0.0
2014-12-05,-0.0008219098549762025,0.0
2014-12-08,-0.008816838517861025,0.0
2014-12-09,0.0019459054238287112,0.0
2014-12-10,-0.01812534844702602,0.0
2014-12-11,0.004966873609857328,0.0
2014-12-12,-0.01640287706381787,0.0
2014-12-15,-0.005406030586423574,0.0
2014-12-16,-0.006215720740545809,0.0
2014-12-17,0.021624802594872615,0.0
2014-12-18,0.02216519758663243,0.0
2014-12-19,0.00644590954119649,0.0
2014-12-22,0.0035482224970888854,0.0
2014-12-23,0.003685880359668084,0.0
2014-12-24,0.0001976948138827908,0.0
2015-01-08,0.018124596090227874,0.042158681328704845
2015-01-09,-0.00888886205636014,0.0
2015-01-12,-0.009169597679198246,0.0
2015-01-13,-0.003045823722321674,0.0
2015-01-14,-0.005099548857077815,0.0
2015-01-15,-0.009207367841377025,0.0
2015-01-16,0.011532934488422686,0.0
2015-01-20,-0.0006020254583015221,0.0
2015-01-21,0.0072765606110527245,0.0
2015-01-22,0.014104721060077062,0.0
2015-01-23,-0.005650343650824048,0.0
2015-01-26,0.004861389491419808,0.0
2015-01-27,-0.008327115445719445,0.0
2015-01-28,-0.014715765199467132,0.0
2015-01-29,0.009574014967169402,0.0
2015-01-30,-0.012862665843229197,0.0
2015-02-02,0.013249674375735543,0.04155302800354731
2015-02-03,0.017498002827882518,0.0
2015-02-04,-0.004921289704710925,0.0
2015-02-05,0.011029775569090359,0.0
2015-02-06,-0.003727765922037248,0.0
2015-02-09,-0.0033538612564258195,0.0
2015-02-10,0.009860863316059612,0.0
2015-02-11,-0.0012512596141661947,0.0
2015-02-12,0.010884177083922603,0.0
2015-02-13,0.004359404097496701,0.0
2015-02-17,0.0018437656571248667,0.0
2015-02-18,0.0006596928515242221,0.0
2015-02-19,-0.0007116624957190206,0.0
2015-02-20,0.005936600612699864,0.0
2015-02-23,-0.001033675213904167,0.0
2015-02-24,0.0023151877262649724,0.0
2015-02-25,-0.0003420670406654095,0.0
2015-02-26,-0.003751178803435093,0.0
2015-02-27,-0.001764310776808363,0.0
2015-03-02,0.005606932502195239,0.053576436463556795
2015-03-03,-0.004345375539773728,0.0
2015-03-04,-0.005233080378626004,0.0
2015-03-05,0.0020581377904201276,0.0
2015-03-06,-0.01525237069687671,0.0
2015-03-09,0.003227890305203975,0.0
2015-03-10,-0.015437511656292166,0.0
2015-03-11,-6.524459313261589e-05,0.0
2015-03-12,0.010741736186128918,0.0
2015-03-13,-0.006579404810868992,0.0
2015-03-16,0.011281185508321093,0.0
2015-03-17,-0.00343732494224606,0.0
2015-03-18,0.01363937271168622,0.0
2015-03-19,-0.00543461234971814,0.0
2015-03-20,0.0037492829876588168,0.0
2015-03-23,-0.0017754481462800037,0.0
2015-03-24,-0.005946098008215515,0.0
2015-03-25,-0.013398143150390273,0.0
2015-03-26,-0.00221948420297491,0.0
2015-03-27,0.0035825414876219114,0.0
2015-03-30,0.01231755062784939,0.0
2015-03-31,-0.006694106520306044,0.0
2015-04-01,-0.005821625716310619,0.035897054783762164
2015-04-02,0.0047780264241252535,0.0
2015-04-06,0.0069174429579589025,0.0
2015-04-07,-0.0035045001324471,0.0
2015-04-08,0.0036333310944069736,0.0
2015-04-09,0.0034307462702782635,0.0
2015-04-10,0.0032448772288274502,0.0
2015-04-13,-0.0047418405988854054,0.0
2015-04-14,0.0018380663103105324,0.0
2015-04-15,0.005987057970827001,0.0
2015-04-16,-0.001620993663049733,0.0
2015-04-17,-0.010825576651641224,0.0
2015-04-20,0.00772203265490283,0.0
2015-04-21,-0.0009140565755319365,0.0
2015-04-22,0.004187868165776787,0.0
2015-04-23,0.002697044662933642,0.0
2015-04-24,-0.0004898317018923041,0.0
2015-04-27,-0.005217427126866646,0.0
2015-04-28,0.0025412338214132824,0.0
2015-04-29,-0.003577638735613993,0.0
2015-04-30,-0.008466367828264456,0.0
2015-05-01,0.010395686525201286,0.05221692269771301
2015-05-04,0.0035427454674818127,0.0
2015-05-05,-0.012057024210613991,0.0
2015-05-06,-0.0035749392461676445,0.0
2015-05-07,0.003061489249143566,0.0
2015-05-08,0.011664280936176278,0.0
2015-05-11,-0.003310019444565346,0.0
2015-05-12,-0.0035422861862680942,0.0
2015-05-13,-0.00025710988360114786,0.0
2015-05-14,0.009056620116856862,0.0
2015-05-15,0.0013543095406970134,0.0
2015-05-18,0.00369439750491759,0.0
2015-05-19,-0.001851636115010177,0.0
2015-05-20,9.435233168181439e-05,0.0
2015-05-21,0.002226204968764838,0.0
2015-05-22,-0.0016873069361275318,0.0
2015-05-26,-0.01109508173062216,0.0
2015-05-27,0.00796783271836408,0.0
2015-05-28,-0.0015575604091423753,0.0
2015-05-29,-0.006167646969949839,0.0
2015-06-01,0.001555273934656043,0.044864542595250606
2015-06-02,2.5596841683095044e-05,0.0
2015-06-03,0.001722422330234577,0.0
2015-06-04,-0.009033921506218385,0.0
2015-06-05,0.00022239864725158494,0.0
2015-06-08,-0.006473284515703046,0.0
2015-06-09,-0.00032304047755532083,0.0
2015-06-10,0.010998081400307226,0.0
2015-06-11,0.0024919231114884375,0.0
2015-06-12,-0.00841831418074274,0.0
2015-06-15,-0.004961399353000307,0.0
2015-06-16,0.005800252065900521,0.0
2015-06-17,0.002686031494523747,0.0
2015-06-18,0.009418725137142536,0.0
2015-06-19,-0.004381485397930791,0.0
2015-06-22,0.005285871518363284,0.0
2015-06-23,-0.00040025179867412956,0.0
2015-06-24,-0.007459671383391996,0.0
2015-06-25,-0.005831828426814654,0.0
2015-06-26,0.0010226883077957085,0.0
2015-06-29,-0.021617209255932298,0.0
2015-06-30,0.002727410988290951,0.0
2015-07-01,0.0042716449808191115,0.04172597163601759
2015-07-02,-0.004895642893896415,0.0
2015-07-06,-0.007693343068008822,0.0
2015-07-07,0.005378508860321872,0.0
2015-07-08,-0.01739101947378515,0.0
2015-07-09,0.0025017630556072863,0.0
2015-07-10,0.010506926237497879,0.0
2015-07-13,0.010446123154971586,0.0
2015-07-14,0.0034125077057317646,0.0
2015-07-15,-0.003541042809995012,0.0
2015-07-16,0.006090918634455496,0.0
2015-07-17,-0.004344570807036674,0.0
2015-07-20,-0.002174619396840704,0.0
2015-07-21,-0.0038671924926458314,0.0
2015-07-22,0.0007708342416781012,0.0
2015-07-23,-0.004934821457560948,0.0
2015-07-24,-0.01081811190838961,0.0
2015-07-27,-0.006376701141112752,0.0
2015-07-28,0.012890273915729385,0.0
2015-07-29,0.008739293317002652,0.0
2015-07-30,0.0009899259787295145,0.0
2015-07-31,-0.00034591603182577947,0.0
2015-08-03,-0.0035007694553179647,0.06718269261490212
2015-08-04,-0.00105662449394713,0.0
2015-08-05,0.0034235709311856467,0.0
2015-08-06,-0.006047180905304551,0.0
2015-08-07,-0.0021842629288394283,0.0
2015-08-10,0.015367814487408284,0.0
2015-08-11,-0.00898047893350512,0.0
2015-08-12,0.0016886238786477739,0.0
2015-08-13,-0.0025602535548454857,0.0
2015-08-14,0.004303989561230535,0.0
2015-08-17,0.005577653828128887,0.0
2015-08-18,-0.0020843755926506,0.0
2015-08-19,-0.008257328381656756,0.0
2015-08-20,-0.020578451052585427,0.0
2015-08-21,-0.027601000256301227,0.0
2015-08-24,-0.039825521259393704,0.0
2015-08-25,-0.01405427833384257,0.0
2015-08-26,0.03211450255218168,0.0
2015-08-27,0.026049517377540653,0.0
2015-08-28,0.0023853227234948934,0.0
2015-08-31,-0.006751680259873773,0.0
2015-09-01,-0.029151801040036895,0.04581070214402339
2015-09-02,0.013037761679997362,0.0
2015-09-03,0.0038548775516709707,0.0
2015-09-04,-0.015392411889464644,0.0
2015-09-08,0.025280151621487078,0.0
2015-09-09,-0.013280936353559019,0.0
2015-09-10,0.003696141763613896,0.0
2015-09-11,0.0037274291036551045,0.0
2015-09-14,-0.004753532221559585,0.0
2015-09-15,0.012403684013166381,0.0
2015-09-16,0.010724510307348606,0.0
2015-09-17,-0.0021585210055337033,0.0
2015-09-18,-0.017945357829506885,0.0
2015-09-21,0.003716386241456522,0.0
2015-09-22,-0.014776305298785448,0.0
2015-09-23,-0.003991477160654552,0.0
2015-09-24,-0.003024996027887941,0.0
2015-09-25,0.0011193644448862718,0.0
2015-09-28,-0.026764249476442632,0.0
2015-09-29,0.0018536903169815246,0.0
2015-09-30,0.018573440123768895,0.0
2015-10-01,-0.0006722781814175738,0.05175360571401386
2015-10-02,0.017219169870761372,0.0
2015-10-05,0.021157385903175674,0.0
2015-10-06,-0.005492474923423621,0.0
2015-10-07,0.01050639635629609,0.0
2015-10-08,0.012114000297699075,0.0
2015-10-09,-0.0011530274306816891,0.0
2015-10-12,-0.0012979975358985108,0.0
2015-10-13,-0.008453422079131395,0.0
2015-10-14,-0.003850234705157709,0.0
2015-10-15,0.01281153945421213,0.0
2015-10-16,0.0013173552927932572,0.0
2015-10-19,-0.0015782368581194388,0.0
2015-10-20,0.001207587388620515,0.0
2015-10-21,-0.0074315705932729076,0.0
2015-10-22,0.015229569124932797,0.0
2015-10-23,0.004304847044100937,0.0
2015-10-26,-0.0037650919857558527,0.0
2015-10-27,-0.005937924312107419,0.0
2015-10-28,0.013087037662725806,0.0
2015-10-29,-0.0036880563388647504,0.0
2015-10-30,-0.0007752724131149974,0.0
2015-11-02,0.0133995113606864,0.060607568642684254
2015-11-03,0.0026728133614950314,0.0
2015-11-04,-0.0038331611294775752,0.0
2015-11-05,-0.0005985511240924155,0.0
2015-11-06,-0.0020574709344127994,0.0
2015-11-09,-0.009562304133941043,0.0
2015-11-10,0.002705478201513006,0.0
2015-11-11,-0.005632981767220341,0.0
2015-11-12,-0.015280138262925586,0.0
2015-11-13,-0.010761594391385416,0.0
2015-11-16,0.0158868263872549,0.0
2015-11-17,-0.002285008841821248,0.0
2015-11-18,0.01144030927641178,0.0
2015-11-19,-0.0009175829324427109,0.0
2015-11-20,0.0035169448763078736,0.0
2015-11-23,0.00027157070213736973,0.0
2015-11-24,0.003102083525424344,0.0
2015-11-25,0.0009721804170859123,0.0
2015-11-27,-0.0002539827127274102,0.0
2015-11-30,-0.0030648790443046233,0.0
2015-12-01,0.00935813045885081,0.046642077729116625
2015-12-02,-0.013413151624256308,0.0
2015-12-03,-0.014000563237188466,0.0
2015-12-04,0.01551462254146226,0.0
2015-12-07,-0.007231735532750643,0.0
2015-12-08,-0.007460765284703472,0.0
2015-12-09,-0.0073435500861265424,0.0
2015-12-10,0.0016962963830905607,0.0
2015-12-11,-0.019352749673758204,0.0
2015-12-14,-0.0003751157100818788,0.0
2015-12-15,0.011750726807150101,0.0
2015-12-16,0.014624816390779992,0.0
2015-12-17,-0.016639389675062663,0.0
2015-12-18,-0.015491027188209404,0.0
2015-12-21,0.00778196960759263,0.0
2015-12-22,0.010683285924100137,0.0
2015-12-23,0.01588957565004974,0.0
2015-12-24,-0.0012968688946877974,0.0
2015-12-28,-0.0037152739980901256,0.0
2015-12-29,0.009894013707119108,0.0
2015-12-30,-0.007879585205129647,0.0
2015-12-31,-0.007456166263094069,0.0
2016-01-04,-0.012390395111462116,0.053163340658475194
2016-01-05,0.00020482450467681265,0.0
2016-01-06,-0.017741571627670785,0.0
2016-01-07,-0.022690935180659268,0.0
2016-01-08,-0.01178679253140949,0.0
2016-01-11,-0.0037566250420475694,0.0
2016-01-12,0.005402842390808928,0.0
2016-01-13,-0.025036478364472835,0.0
2016-01-14,0.014032319500938877,0.0
2016-01-15,-0.019096428758610853,0.0
2016-01-19,-0.0026393530309329477,0.0
2016-01-20,-0.0100670856400606,0.0
2016-01-21,0.00803135381145921,0.0
2016-01-22,0.019286252415102352,0.0
2016-01-25,-0.018467631857424432,0.0
2016-01-26,0.018191539993690522,0.0
2016-01-27,-0.012129740101413211,0.0
2016-01-28,0.0012074843493591436,0.0
2016-01-29,0.027386310932302108,0.0
2016-02-01,0.000615511850172723,0.07874796181537358
2016-02-02,-0.022320371918503685,0.0
2016-02-03,0.009383770517122896,0.0
2016-02-04,0.0062713071688396144,0.0
2016-02-05,-0.016887149427110608,0.0
2016-02-08,-0.021208487255113324,0.0
2016-02-09,-0.0024429991176826726,0.0
2016-02-10,0.0013817683995608603,0.0
2016-02-11,-0.01521536980950448,0.0
2016-02-12,0.023069284545441625,0.0
2016-02-16,0.01984736834063892,0.0
2016-02-17,0.01963631445376489,0.0
2016-02-18,-0.003250095976231075,0.0
2016-02-19,-0.002728779536583177,0.0
2016-02-22,0.018208294739351007,0.0
2016-02-23,-0.01213371843195438,0.0
2016-02-24,0.0055145034042668704,0.0
2016-02-25,0.010958474223702403,0.0
2016-02-26,0.001917441315536138,0.0
2016-02-29,-0.009312825835837693,0.0
2016-03-01,0.02252793026456623,0.052366942837712586
2016-03-02,0.00789285036520638,0.0
2016-03-03,0.010233842349083044,0.0
2016-03-04,0.0029248498470011066,0.0
2016-03-07,0.005392985674921284,0.0
2016-03-08,-0.017563517724162293,0.0
2016-03-09,0.005259139711236762,0.0
2016-03-10,0.0007031329566940783,0.0
2016-03-11,0.0206127527583342,0.0
2016-03-14,-0.001994116312961376,0.0
2016-03-15,-0.006171950355630394,0.0
2016-03-16,0.009844161724814404,0.0
2016-03-17,0.009280586551418743,0.0
2016-03-18,0.005469382641568685,0.0
2016-03-21,-0.00042917864552576994,0.0
2016-03-22,-0.0007707603101300851,0.0
2016-03-23,-0.011152512123984146,0.0
2016-03-24,-0.0011698971742529333,0.0
2016-03-28,0.0015212056716628216,0.0
2016-03-29,0.010024278593339653,0.0
2016-03-30,0.000677502773868903,0.0
2016-03-31,0.0005476361542037514,0.0
2016-04-01,0.0034274861625931408,0.056648470823482
2016-04-04,-0.005605824641757131,0.0
2016-04-05,-0.011290079340371647,0.0
2016-04-06,0.010366772812171413,0.0
2016-04-07,-0.012723650717349237,0.0
2016-04-08,0.004457931288048683,0.0
2016-04-11,-0.0015828132262215113,0.0
2016-04-12,0.010625400438267651,0.0
2016-04-13,0.012979139284347688,0.0
2016-04-14,-0.00187440001135713,0.0
2016-04-15,0.00010781882148655668,0.0
2016-04-18,0.0042713603200717435,0.0
2016-04-19,0.0053239512371180304,0.0
2016-04-20,0.0015715739113479187,0.0
2016-04-21,-0.008263261429871925,0.0
2016-04-22,0.006015856593926177,0.0
2016-04-25,-0.004680782422612728,0.0
2016-04-26,0.006583956246171088,0.0
2016-04-27,0.006211929562300422,0.0
2016-04-28,-0.011423138895504078,0.0
2016-04-29,-0.006802784227130166,0.0
2016-05-02,0.006690266879025186,0.06078049773395691
2016-05-03,-0.010649663901629192,0.0
2016-05-04,-0.006750771711437151,0.0
2016-05-05,-0.00011622212681052944,0.0
2016-05-06,0.002370624728491145,0.0
2016-05-09,2.004489079322541e-05,0.0
2016-05-10,0.012578040722982457,0.0
2016-05-11,-0.00999145547773614,0.0
2016-05-12,-0.0016340256491914446,0.0
2016-05-13,-0.008956671119668724,0.0
2016-05-16,0.00979535952450173,0.0
2016-05-17,-0.006710685260601411,0.0
2016-05-18,-0.0041510388195100095,0.0
2016-05-19,-0.0036421928370281996,0.0
2016-05-20,0.008244994445437453,0.0
2016-05-23,-0.004258070159073294,0.0
2016-05-24,0.01398203357056576,0.0
2016-05-25,0.00685477529135464,0.0
2016-05-26,-0.00016357935751451936,0.0
2016-05-27,0.0052054655703034115,0.0
2016-05-31,0.001144261107111294,0.0
2016-06-01,0.0018967299013863403,0.04215926541577862
2016-06-02,0.004600802112333274,0.0
2016-06-03,-0.0029967744595444643,0.0
2016-06-06,0.0066045752482332045,0.0
2016-06-07,0.003134332433845993,0.0
2016-06-08,0.003252635647758126,0.0
2016-06-09,-0.0028966970676412734,0.0
2016-06-10,-0.013370603931884596,0.0
2016-06-13,-0.008351658013902682,0.0
2016-06-14,-0.0029089413504993673,0.0
2016-06-15,-0.00011069630940042059,0.0
2016-06-16,0.0015067484321454932,0.0
2016-06-17,0.0011333729329885845,0.0
2016-06-20,0.0080261148866906,0.0
2016-06-21,-0.0007934667620494034,0.0
2016-06-22,-0.0016166402983905904,0.0
2016-06-23,0.014850754331700924,0.0
2016-06-24,-0.0410995261605869,0.0
2016-06-27,-0.025514324814316328,0.0
2016-06-28,0.017425794422266393,0.0
2016-06-29,0.01916707386892631,0.0
2016-06-30,0.015672243283992287,0.0
2016-07-01,0.0030388372689202914,0.05764226248546894
2016-07-05,-0.012462544203595872,0.0
2016-07-06,0.006088474670141925,0.0
2016-07-07,0.0006479269256162736,0.0
2016-07-08,0.018664051168614592,0.0
2016-07-11,0.003838184138672939,0.0
2016-07-12,0.011664796027342359,0.0
2016-07-13,-0.0001969024336146044,0.0
2016-07-14,0.004512915705508905,0.0
2016-07-15,-0.0008907430348724398,0.0
2016-07-18,0.0022575122917123263,0.0
2016-07-19,-0.00310449406052767,0.0
2016-07-20,0.005288707605540346,0.0
2016-07-21,-0.0033084187389356163,0.0
2016-07-22,0.0058852158006315845,0.0
2016-07-25,-0.002027642495430084,0.0
2016-07-26,0.005016945673136878,0.0
2016-07-27,-0.0054112786545102605,0.0
2016-07-28,0.0018509248443353155,0.0
2016-07-29,0.0008073063606070178,0.0
2016-08-01,-0.004235975492315247,0.062596731184026
2016-08-02,-0.009626360803370258,0.0
2016-08-03,0.006237278347497974,0.0
2016-08-04,-0.0005434460617382798,0.0
2016-08-05,0.009841833709598478,0.0
2016-08-08,0.0001347978138244207,0.0
2016-08-09,-0.0012663388031249213,0.0
2016-08-10,-0.0029544125392888363,0.0
2016-08-11,0.007320841146419188,0.0
2016-08-12,-0.000727815021188708,0.0
2016-08-15,0.004775130181962807,0.0
2016-08-16,-0.005950297461774869,0.0
2016-08-17,0.001584735901502566,0.0
2016-08-18,0.0049988377060929505,0.0
2016-08-19,8.350910396549111e-05,0.0
2016-08-22,-0.0011326960713449316,0.0
2016-08-23,0.003871327338831042,0.0
2016-08-24,-0.006642310607874461,0.0
2016-08-25,-0.000916130061156691,0.0
2016-08-26,-0.002389744087323868,0.0
2016-08-29,0.005791907894333451,0.0
2016-08-30,-0.0018706262346538923,0.0
2016-08-31,-0.003601378737293538,0.0
2016-09-01,-0.001138980144697932,0.05118496383647872
2016-09-02,0.005347278203612474,0.0
2016-09-06,0.0013037950541532684,0.0
2016-09-07,0.002233055069403564,0.0
2016-09-08,-0.0019436306424573736,0.0
2016-09-09,-0.0274594886082827,0.0
2016-09-12,0.015769035126440706,0.0
2016-09-13,-0.016775319846274478,0.0
2016-09-14,-0.0019595509628247292,0.0
2016-09-15,0.01039138791953874,0.0
2016-09-16,-0.004117915070509166,0.0
2016-09-19,-0.00014958229799085128,0.0
2016-09-20,-0.0022100584795241083,0.0
2016-09-21,0.013077306159735663,0.0
2016-09-22,0.007721740441932088,0.0
2016-09-23,-0.005327782585134652,0.0
2016-09-26,-0.007562384187927413,0.0
2016-09-27,0.005105572033691318,0.0
2016-09-28,0.007059903677048429,0.0
2016-09-29,-0.008799505264484545,0.0
2016-09-30,0.008508544241926345,0.0
2016-10-03,-0.003956869733166113,0.038394596130202796
2016-10-04,-0.006327251969749054,0.0
2016-10-05,0.005972939659314749,0.0
2016-10-06,0.00047223246594158686,0.0
2016-10-07,-0.0052563745034083335,0.0
2016-10-10,0.004404663677439173,0.0
2016-10-11,-0.01413361482748555,0.0
2016-10-12,0.001178663590682503,0.0
2016-10-13,-0.00379900584768618,0.0
2016-10-14,-0.0007617838963285343,0.0
2016-10-17,-0.003553057875321678,0.0
2016-10-18,0.007236045579923748,0.0
2016-10-19,0.004692778738303973,0.0
2016-10-20,-0.001110695430910893,0.0
2016-10-21,-0.0006291235970178632,0.0
2016-10-24,0.0032933638270258455,0.0
2016-10-25,-0.006430294877694306,0.0
2016-10-26,-0.000296859826215725,0.0
2016-10-27,-0.0055855495163672775,0.0
2016-10-28,-0.00019824398551281618,0.0
2016-10-31,0.0019318123533307893,0.0
2016-11-01,-0.008015060578886901,0.05281215036031839
2016-11-02,-0.007322300527398024,0.0
2016-11-03,-0.0029954101614992623,0.0
2016-11-04,-0.00011348605212920776,0.0
2016-11-07,0.021896094104227645,0.0
2016-11-08,0.003342827111078561,0.0
2016-11-09,0.013187913219055783,0.0
2016-11-10,0.007108745399075722,0.0
2016-11-11,6.744178602386948e-05,0.0
2016-11-14,0.008902318037729066,0.0
2016-11-15,0.007036253154536475,0.0
2016-11-16,-0.004063427321439627,0.0
2016-11-17,0.005177491038305918,0.0
2016-11-18,-0.0030309086484179033,0.0
2016-11-21,0.007621896392531088,0.0
2016-11-22,0.002631919551925192,0.0
2016-11-23,0.0026055609641470042,0.0
2016-11-25,0.003475496509522707,0.0
2016-11-28,-0.006447509855502542,0.0
2016-11-29,8.784080405791741e-05,0.0
2016-11-30,-0.004461910185432629,0.0
2016-12-01,-0.002913220929171678,0.0904552960155422
2016-12-02,0.0010075157985213535,0.0
2016-12-05,0.007812288347628274,0.0
2016-12-06,0.0041798240444878235,0.0
2016-12-07,0.014561255592646927,0.0
2016-12-08,0.004460285508962215,0.0
2016-12-09,0.0025762579658839845,0.0
2016-12-12,-0.004208566528471321,0.0
2016-12-13,0.004210265542470091,0.0
2016-12-14,-0.01091374560804759,0.0
2016-12-15,0.0032179805684950267,0.0
2016-12-16,-0.0023432164998667265,0.0
2016-12-19,0.001299124699808312,0.0
2016-12-20,0.004000180322890343,0.0
2016-12-21,-0.0023693619038760647,0.0
2016-12-22,-0.0034536493806086176,0.0
2016-12-23,0.001995475097984001,0.0
2016-12-27,0.003257087326136478,0.0
2016-12-28,-0.009950076120175018,0.0
2016-12-29,0.00060915977832676,0.0
2016-12-30,-0.003913650368150062,0.0
2017-01-03,0.009574932517444346,0.0403040713732612
2017-01-04,0.007832361932321704,0.0
2017-01-05,-0.003296499020140272,0.0
2017-01-06,0.002524050366981276,0.0
2017-01-09,-0.00561013649677744,0.0
2017-01-10,0.0014454478618799796,0.0
2017-01-11,0.0032131840377709513,0.0
2017-01-12,-0.0020077415597668743,0.0
2017-01-13,0.002081916352995725,0.0
2017-01-17,-0.0023163238686593505,0.0
2017-01-18,0.0030462719328918694,0.0
2017-01-19,-0.005150192268735627,0.0
2017-01-20,0.004008792794982815,0.0
2017-01-23,-0.0030001365689164474,0.0
2017-01-24,0.009772494136171024,0.0
2017-01-25,0.0076920656628680995,0.0
2017-01-26,-0.0034288341522312367,0.0
2017-01-27,-0.002242794633437631,0.0
2017-01-30,-0.005807486181532932,0.0
2017-01-31,0.0008842095774143947,0.0
2017-02-01,-0.002326584510163099,0.060813297608368455
2017-02-02,0.0012809250945629686,0.0
2017-02-03,0.007279122383885604,0.0
2017-02-06,-0.003269396441175353,0.0
2017-02-07,-0.0014410937430193043,0.0
2017-02-08,0.002007271585198324,0.0
2017-02-09,0.007473476495974744,0.0
2017-02-10,0.005451275882369088,0.0
2017-02-13,0.004397966265429215,0.0
2017-02-14,0.0030572702760316775,0.0
2017-02-15,0.004817894605923798,0.0
2017-02-16,-0.002428106002304072,0.0
2017-02-17,0.002082826465372647,0.0
2017-02-21,0.007039126194776117,0.0
2017-02-22,-0.0028432287725164334,0.0
2017-02-23,-0.0011315710223435628,0.0
2017-02-24,0.0025368322450287613,0.0
2017-02-27,0.0018490758152439912,0.0
2017-02-28,-0.004975880901047478,0.0
2017-03-01,0.010014368086389558,0.04120939616247533
2017-03-02,-0.008549085884582627,0.0
2017-03-03,-0.0004938708474091839,0.0
2017-03-06,-0.004555810400587501,0.0
2017-03-07,-0.004643205421451,0.0
2017-03-08,-0.002323575389553619,0.0
2017-03-09,-0.000744821240755983,0.0
2017-03-10,0.003938041600114413,0.0
2017-03-13,-0.0030502799723951994,0.0
2017-03-14,-0.004286046799601701,0.0
2017-03-15,0.011183971137140574,0.0
2017-03-16,-0.002090026711595202,0.0
2017-03-17,-0.00046325051774389866,0.0
2017-03-20,-0.00711726506173584,0.0
2017-03-21,-0.012927991804037146,0.0
2017-03-22,0.002352101594117317,0.0
2017-03-23,0.0001703960512791049,0.0
2017-03-24,-0.000511233744946023,0.0
2017-03-27,-0.001112350314521817,0.0
2017-03-28,0.008126896989966331,0.0
2017-03-29,0.0030649006199352114,0.0
2017-03-30,0.0023832879512601926,0.0
2017-03-31,-0.003240845946243444,0.0
2017-04-03,-0.004131149962261049,0.04444275300430023
2017-04-04,-0.001024707475881001,0.0
2017-04-05,-0.0029118973785337175,0.0
2017-04-06,0.005032533063174498,0.0
2017-04-07,-0.0011310804764433505,0.0
2017-04-10,0.0025764874119039213,0.0
2017-04-11,2.585717193233197e-06,0.0
2017-04-12,-0.006255655230507482,0.0
2017-04-13,-0.00684913214928318,0.0
2017-04-17,0.008917466123460399,0.0
2017-04-18,-0.0031764233038167446,0.0
2017-04-19,0.00021807246345436664,0.0
2017-04-20,0.008383398372954648,0.0
2017-04-21,-0.0034587948590433524,0.0
2017-04-24,0.010392651105002922,0.0
2017-04-25,0.004836959777979034,0.0
2017-04-26,-5.062807946851341e-05,0.0
2017-04-27,-5.931620306430941e-05,0.0
2017-04-28,-0.005151267334793299,0.0
2017-05-01,-0.0005952504650972301,0.04791206886781621
2017-05-02,0.0017290187266328697,0.0
2017-05-03,-0.0029399247953642736,0.0
2017-05-04,0.0010090291166778161,0.0
2017-05-05,0.005980073812940495,0.0
2017-05-08,-0.0014141047215679048,0.0
2017-05-09,-0.00024993700423329,0.0
2017-05-10,0.0027842197256418687,0.0
2017-05-11,-0.0043813980201088416,0.0
2017-05-12,-0.004515902031622182,0.0
2017-05-15,0.006222303901789617,0.0
2017-05-16,-0.0027266495543570106,0.0
2017-05-17,-0.016185411484440776,0.0
2017-05-18,0.0025963075446468176,0.0
2017-05-19,0.008219211615054489,0.0
2017-05-22,0.005466623692459527,0.0
2017-05-23,2.0224712543616587e-05,0.0
2017-05-24,-0.00014271423252584532,0.0
2017-05-25,0.003992284722323714,0.0
2017-05-26,-8.01771695802116e-05,0.0
2017-05-30,-0.001815309312078389,0.0
2017-05-31,0.0003235989681904761,0.0
2017-06-01,0.011017773976582657,0.05913514707852978
2017-06-02,0.0008429436705351967,0.0
2017-06-05,-0.002131128199963527,0.0
2017-06-06,-0.0038884118655561294,0.0
2017-06-07,0.0009327320448292235,0.0
2017-06-08,-0.001074705052705762,0.0
2017-06-09,0.004370129564190759,0.0
2017-06-12,0.0018861840678697063,0.0
2017-06-13,0.005168637156127158,0.0
2017-06-14,-0.0019052988111466782,0.0
2017-06-15,-0.0021660845158052236,0.0
2017-06-16,0.0001274215369666987,0.0
2017-06-19,-0.0003633929621015852,0.0
2017-06-20,-0.008869581613548335,0.0
2017-06-21,-0.0032711374180445984,0.0
2017-06-22,0.00034286836914151935,0.0
2017-06-23,0.002765921695413914,0.0
2017-06-26,0.0030792556444276874,0.0
2017-06-27,-0.006459646915610192,0.0
2017-06-28,0.007910509402770468,0.0
2017-06-29,-0.006911918564124568,0.0
2017-06-30,0.0031644426684523845,0.0
2017-07-03,0.004637772676841845,0.04910373836950108
2017-07-05,-0.0021385717471372042,0.0
2017-07-06,-0.010837965230157356,0.0
2017-07-07,0.00656078246921514,0.0
2017-07-10,5.1562963430491085e-06,0.0
2017-07-11,-0.0013153927547467211,0.0
2017-07-12,0.007132922487892782,0.0
2017-07-13,0.0031106986539359517,0.0
2017-07-14,0.004833034697933954,0.0
2017-07-17,0.0011381014472021571,0.0
2017-07-18,-0.0019130904266249724,0.0
2017-07-19,0.006964362700370095,0.0
2017-07-20,-0.0009374687245470062,0.0
2017-07-21,-0.0014763367411439457,0.0
2017-07-24,-0.002044829453898926,0.0
2017-07-25,0.004303296939881576,0.0
2017-07-26,-0.006133164058328646,0.0
2017-07-27,-0.0010815973838091673,0.0
2017-07-28,-0.0013431383255362874,0.0
2017-07-31,-0.0007315470700663816,0.0
2017-08-01,0.0012594512327290808,0.049751572453216264
2017-08-02,-0.0020516532753144653,0.0
2017-08-03,-0.0024324761276432053,0.0
2017-08-04,0.001344697130383233,0.0
2017-08-07,0.0012751279265413031,0.0
2017-08-08,-0.004157977243840503,0.0
2017-08-09,-0.0017564536799861588,0.0
2017-08-10,-0.014657990490129905,0.0
2017-08-11,0.0006875373882390084,0.0
2017-08-14,0.009221089651845212,0.0
2017-08-15,-0.002692506598991957,0.0
2017-08-16,0.0026593244538570403,0.0
2017-08-17,-0.015080846215613015,0.0
2017-08-18,-0.004782100906935201,0.0
2017-08-21,0.000607650582399241,0.0
2017-08-22,0.009432552387874278,0.0
2017-08-23,-0.002939766933463879,0.0
2017-08-24,-0.0012007572938187256,0.0
2017-08-25,0.0035692970362998775,0.0
2017-08-28,-0.0006464955511806963,0.0
2017-08-29,-0.001061876964269742,0.0
2017-08-30,0.004241519187285825,0.0
2017-08-31,0.0053849122861719155,0.0
2017-09-01,0.004125440729117802,0.0454340398007833
2017-09-05,-0.0066769203911877404,0.0
2017-09-06,0.003929390521716978,0.0
2017-09-07,-0.00034523601857970555,0.0
2017-09-08,0.000682550188115034,0.0
2017-09-11,0.010355975127534124,0.0
2017-09-12,0.003942830961058117,0.0
2017-09-13,0.0003979050933955179,0.0
2017-09-14,-0.00016894348310853897,0.0
2017-09-15,0.0025487639958928165,0.0
2017-09-18,0.0007805892226720963,0.0
2017-09-19,-0.001067177828923745,0.0
2017-09-20,0.0012663121305618425,0.0
2017-09-21,-0.0020520106303144525,0.0
2017-09-22,0.002239745833574152,0.0
2017-09-25,0.0015573839354740679,0.0
2017-09-26,0.001243313043526317,0.0
2017-09-27,0.0040051706710407635,0.0
2017-09-28,0.0008028629918690396,0.0
2017-09-29,0.0035099832032911187,0.0
2017-10-02,0.004147443606385082,0.052134978834250084
2017-10-03,0.001661612718168001,0.0
2017-10-04,0.002967420644934467,0.0
2017-10-05,0.0034018222690456717,0.0
2017-10-06,-0.0020466098940168016,0.0
2017-10-09,-0.0036682922174498672,0.0
2017-10-10,0.002762564553635641,0.0
2017-10-11,-0.0019333010775352264,0.0
2017-10-12,-1.854916037364446e-05,0.0
2017-10-13,0.0009580609004640939,0.0
2017-10-16,0.0003437560135516243,0.0
2017-10-17,-9.46519695699982e-05,0.0
2017-10-18,0.0011161059980567237,0.0
2017-10-19,0.0015819517318633896,0.0
2017-10-20,0.006702277504708112,0.0
2017-10-23,-0.0033019235251189804,0.0
2017-10-24,0.0010920162854303871,0.0
2017-10-25,-0.006322629436892426,0.0
2017-10-26,0.0020329940998091776,0.0
2017-10-27,-0.00027095066724615237,0.0
2017-10-30,-0.004369304881053135,0.0
2017-10-31,0.0007231231986920449,0.0
2017-11-01,0.0010356947936926986,0.05091023020910273
2017-11-02,-0.0008069543699714388,0.0
2017-11-03,0.0013145615497234806,0.0
2017-11-06,0.0033134430523949834,0.0
2017-11-07,-0.0012870603748961053,0.0
2017-11-08,0.001649246378968006,0.0
2017-11-09,-0.002132094583673488,0.0
2017-11-10,0.0004261384850650631,0.0
2017-11-13,0.0020089240212469188,0.0
2017-11-14,-8.374336733968265e-05,0.0
2017-11-15,-0.0053769529385281414,0.0
2017-11-16,0.00877918960010976,0.0
2017-11-17,0.0017590761831601219,0.0
2017-11-20,0.0014909347245893835,0.0
2017-11-21,0.0032163349307051357,0.0
2017-11-22,-6.085221708671882e-06,0.0
2017-11-24,0.0006616605758682709,0.0
2017-11-27,-0.0012466372518977675,0.0
2017-11-28,0.011962225277623067,0.0
2017-11-29,0.00592324417593502,0.0
2017-11-30,0.00739761908139282,0.0
2017-12-01,-0.0020272883834884237,0.04379483258826114
2017-12-04,0.003080017072794709,0.0
2017-12-05,-0.006825551671420902,0.0
2017-12-06,-0.002098782641674026,0.0
2017-12-07,0.004256811955036036,0.0
2017-12-08,0.006869305571946372,0.0
2017-12-11,0.0009522779070515144,0.0
2017-12-12,-0.00011029602317421899,0.0
2017-12-13,-0.0005657525873478366,0.0
2017-12-14,-0.005606596376143396,0.0
2017-12-15,0.009890452535880867,0.0
2017-12-18,0.007138339324305385,0.0
2017-12-19,-0.0028111810050780468,0.0
2017-12-20,-9.761470225363804e-06,0.0
2017-12-21,0.0022592528929495453,0.0
2017-12-22,0.0007256086290037371,0.0
2017-12-26,0.0014748225548550774,0.0
2017-12-27,-0.00016684598231189455,0.0
2017-12-28,0.0003331486240025416,0.0
2017-12-29,-0.005074828593373183,0.0
2018-01-02,0.00804526408205919,0.046215496358579466
2018-01-03,0.005199581027463283,0.0
2018-01-04,0.003092987397532141,0.0
2018-01-05,0.005518545297658304,0.0
2018-01-08,0.003034833260591697,0.0
2018-01-09,-0.00025006908705278334,0.0
2018-01-10,-0.002698348089029773,0.0
2018-01-11,0.009054498278918773,0.0
2018-01-12,0.006453424466731636,0.0
2018-01-16,-0.006628741795891239,0.0
2018-01-17,0.008359718745855393,0.0
2018-01-18,-0.0023856871802739816,0.0
2018-01-19,0.006225879217621027,0.0
2018-01-22,0.006845880355133067,0.0
2018-01-23,0.0027116975797542658,0.0
2018-01-24,6.888116830592338e-05,0.0
2018-01-25,-0.00047472918015786705,0.0
2018-01-26,0.009501466303104953,0.0
2018-01-29,-0.007125264085697635,0.0
2018-01-30,-0.011304529571343199,0.0
2018-01-31,-0.00024643543633740873,0.0
2018-02-01,-0.0023644211749045407,0.054809390727524165
2018-02-02,-0.020047461937159297,0.0
2018-02-05,-0.036458470763305134,0.0
2018-02-06,0.014021011709465634,0.0
2018-02-07,-0.002601385981606682,0.0
2018-02-08,-0.03436031854214351,0.0
2018-02-09,0.012878502558283492,0.0
2018-02-12,0.012664642281203346,0.0
2018-02-13,0.0030234931636766845,0.0
2018-02-14,0.014308180588415143,0.0
2018-02-15,0.01078930826540784,0.0
2018-02-16,0.0003890030448521358,0.0
2018-02-20,-0.006755837972540169,0.0
2018-02-21,-0.005794338907446167,0.0
2018-02-22,4.9840657710099705e-05,0.0
2018-02-23,0.01562239308965534,0.0
2018-02-26,0.007658429527565205,0.0
2018-02-27,-0.01320603166141308,0.0
2018-02-28,-0.0104540119416958,0.0
2018-03-01,-0.012697978752713612,0.047540459499557784
2018-03-02,0.006081610093727029,0.0
2018-03-05,0.011469320475037239,0.0
2018-03-06,0.004373310314289945,0.0
2018-03-07,-0.001329154003903504,0.0
2018-03-08,0.0032247461740499707,0.0
2018-03-09,0.015516517693825393,0.0
2018-03-12,-0.001488452151158041,0.0
2018-03-13,-0.003996404999647899,0.0
2018-03-14,-0.00606026411146583,0.0
2018-03-15,-0.0023579586518979218,0.0
2018-03-16,0.0045460546815250065,0.0
2018-03-19,-0.0151781024137018,0.0
2018-03-20,0.0006670124195991352,0.0
2018-03-21,0.0002892491627345848,0.0
2018-03-22,-0.02213489170377158,0.0
2018-03-23,-0.018467566858461997,0.0
2018-03-26,0.023674388775944164,0.0
2018-03-27,-0.0124532678913664,0.0
2018-03-28,-0.0007880728006035125,0.0
2018-03-29,0.012608481356600957,0.0
2018-04-02,-0.021590838889249397,0.055024810184581205
2018-04-03,0.010052147110309552,0.0
2018-04-04,0.011991132916020247,0.0
2018-04-05,0.006454410131180734,0.0
2018-04-06,-0.021376057539872005,0.0
2018-04-09,0.0014509243393622325,0.0
2018-04-10,0.01461431771506451,0.0
2018-04-11,-0.004142750461028026,0.0
2018-04-12,0.005528535548961005,0.0
2018-04-13,-0.002454729026537708,0.0
2018-04-16,0.00986956627684838,0.0
2018-04-17,0.007992747943673242,0.0
2018-04-18,0.0025223090938392085,0.0
2018-04-19,-0.007039418932822594,0.0
2018-04-20,-0.007444603571855949,0.0
2018-04-23,0.002181025400075358,0.0
2018-04-24,-0.010016561056123812,0.0
2018-04-25,0.0026784156246780545,0.0
2018-04-26,0.007546568320434583,0.0
2018-04-27,0.0030482933453180147,0.0
2018-04-30,-0.008904389568609554,0.0
2018-05-01,0.00025768269321813086,0.0517632960218319
2018-05-02,-0.00831374250966907,0.0
2018-05-03,-0.0036619063683322123,0.0
2018-05-04,0.011818672795759641,0.0
2018-05-07,0.001470297792274049,0.0
2018-05-08,-0.001053125492210661,0.0
2018-05-09,0.007969222481126777,0.0
2018-05-10,0.008800756772571527,0.0
2018-05-11,0.0010671410378933583,0.0
2018-05-14,0.0002856915846734333,0.0
2018-05-15,-0.004801843990383579,0.0
2018-05-16,0.005701333325721215,0.0
2018-05-17,0.0013275163129062872,0.0
2018-05-18,-0.0021461401917175814,0.0
2018-05-21,0.006246732341349958,0.0
2018-05-22,-0.0036327929550705636,0.0
2018-05-23,0.002024035226647112,0.0
2018-05-24,-0.0003097533062468691,0.0
2018-05-25,-0.00143732025282496,0.0
2018-05-29,-0.011131224055375737,0.0
2018-05-30,0.01260546179697756,0.0
2018-05-31,-0.009408271737769189,0.0
2018-06-01,0.008943781704161324,0.05407732247523993
2018-06-04,0.002259865170465084,0.0
2018-06-05,0.0018441079402337207,0.0
2018-06-06,0.00783603691781264,0.0
2018-06-07,0.0011325584115311513,0.0
2018-06-08,0.004852410381566699,0.0
2018-06-11,0.0024265319906472483,0.0
2018-06-12,0.002976262706917087,0.0
2018-06-13,-0.005669734755176813,0.0
2018-06-14,0.002819230651683879,0.0
2018-06-15,-0.0013712450160363043,0.0
2018-06-18,-0.0061881738025046235,0.0
2018-06-19,-0.003906874758302781,0.0
2018-06-20,0.0024036061035379837,0.0
2018-06-21,-0.00537226766652751,0.0
2018-06-22,0.002746240667930074,0.0
2018-06-25,-0.010267008334586492,0.0
2018-06-26,0.0006049624048715282,0.0
2018-06-27,-0.008141477473629151,0.0
2018-06-28,0.003896765772565773,0.0
2018-06-29,0.000662191236988209,0.0
2018-07-02,0.0002297832440463221,0.0529898363817603
2018-07-03,-0.0013489332192473985,0.0
2018-07-05,0.00801757051871063,0.0
2018-07-06,0.007689245193725632,0.0
2018-07-09,0.008119902137820802,0.0
2018-07-10,0.0026825508657612415,0.0
2018-07-11,-0.008289906699658386,0.0
2018-07-12,0.005354358540192519,0.0
2018-07-13,0.00129310807594864,0.0
2018-07-16,-0.003581642774732061,0.0
2018-07-17,0.0034354595760325143,0.0
2018-07-18,0.002484702654732284,0.0
2018-07-19,-0.00033262431402639306,0.0
2018-07-20,-0.0034020202929237278,0.0
2018-07-23,0.00042866069621163834,0.0
2018-07-24,-0.0006589269325628615,0.0
2018-07-25,0.007990273625338534,0.0
2018-07-26,0.004482255739322651,0.0
2018-07-27,-0.005234024890927487,0.0
2018-07-30,-0.0037127888929546233,0.0
2018-07-31,0.007658735551960649,0.0
2018-08-01,-0.007002464155311583,0.05379307172491468
2018-08-02,0.004001242363129933,0.0
2018-08-03,0.005172816682431145,0.0
2018-08-06,0.00216924768883979,0.0
2018-08-07,0.00216419349332699,0.0
2018-08-08,-0.00157304297431448,0.0
2018-08-09,-0.001270780223939482,0.0
2018-08-10,-0.007624771247956746,0.0
2018-08-13,-0.0047871810223746375,0.0
2018-08-14,0.008407696662339786,0.0
2018-08-15,-0.006963043412713872,0.0
2018-08-16,0.00828838313452647,0.0
2018-08-17,0.0055722291282318485,0.0
2018-08-20,0.004854520334143384,0.0
2018-08-21,0.0007078847988593971,0.0
2018-08-22,-0.002619323897406999,0.0
2018-08-23,-0.002477158531926313,0.0
2018-08-24,0.0051792508791648996,0.0
2018-08-27,0.005908603989752027,0.0
2018-08-28,0.0006468504968562971,0.0
2018-08-29,0.0038754046646362703,0.0
2018-08-30,-0.0068134868826478494,0.0
2018-08-31,0.0006788524449862761,0.0
2018-09-04,-0.0015556028025254243,0.05263213349375043
2018-09-05,0.001316974534148211,0.0
2018-09-06,-0.0024618020746380344,0.0
2018-09-07,-0.0035808961678944896,0.0
2018-09-10,0.003925835311787195,0.0
2018-09-11,0.0007270427539331618,0.0
2018-09-12,0.002190122392792515,0.0
2018-09-13,0.004301774404258777,0.0
2018-09-14,0.0015747956650712645,0.0
2018-09-17,-0.0029236325064366147,0.0
2018-09-18,0.004370553150612753,0.0
2018-09-19,-0.0014966357237184463,0.0
2018-09-20,0.0065798871281939775,0.0
2018-09-21,0.0010634491979895722,0.0
2018-09-24,-0.007775755371071722,0.0
2018-09-25,-0.0055638794085182035,0.0
2018-09-26,-0.0036005299645555195,0.0
2018-09-27,9.833270398820425e-05,0.0
2018-09-28,0.0018502713856177134,0.0
2018-10-01,0.0007351400494053362,0.047564817311655044
2018-10-02,-0.0014775062551883999,0.0
2018-10-03,-0.00012362515526247286,0.0
2018-10-04,-0.006787336583755467,0.0
2018-10-05,-0.0046949101000251636,0.0
2018-10-08,0.00146596201104057,0.0
2018-10-09,-0.005178596571759552,0.0
2018-10-10,-0.02818060762388603,0.0
2018-10-11,-0.02408603605968483,0.0
2018-10-12,0.008737174755286861,0.0
2018-10-15,-0.0007047525443719764,0.0
2018-10-16,0.019812859208403193,0.0
2018-10-17,-0.0024665508065437477,0.0
2018-10-18,-0.013023167932240265,0.0
2018-10-19,-0.001834940604530295,0.0
2018-10-22,-0.006622047470136866,0.0
2018-10-23,-0.005709376920774567,0.0
2018-10-24,-0.02620734626165519,0.0
2018-10-25,0.012894542128162394,0.0
2018-10-26,-0.015842064342776623,0.0
2018-10-29,0.0009236058617044941,0.0
2018-10-30,0.02013848355199971,0.0
2018-10-31,0.005282780515375098,0.0
2018-11-01,0.014745335696815243,0.06710004753972455
2018-11-02,-0.0034124102747401215,0.0
2018-11-05,0.0069818890662016915,0.0
2018-11-06,0.007599959906617007,0.0
2018-11-07,0.015471083193823981,0.0
2018-11-08,-0.0014048065956694864,0.0
2018-11-09,-0.008518627208233804,0.0
2018-11-12,-0.015423042645779648,0.0
2018-11-13,-0.0002643317470638034,0.0
2018-11-14,-0.0061776990174609156,0.0
2018-11-15,0.0083777865603943,0.0
2018-11-16,0.0010323840759190392,0.0
2018-11-19,-0.013123084423145645,0.0
2018-11-20,-0.016303856769542435,0.0
2018-11-21,0.005784143836168451,0.0
2018-11-23,-0.003291245272788764,0.0
2018-11-26,0.013817722730705381,0.0
2018-11-27,0.0005120461845807806,0.0
2018-11-28,0.018194822083393812,0.0
2018-11-29,-0.0056103240277163655,0.0
2018-11-30,0.0038948729875004696,0.0
2018-12-03,0.010836962792980964,0.05202123138842171
2018-12-04,-0.03187206177410336,0.0
2018-12-06,-0.0025072725300092995,0.0
2018-12-07,-0.021707036778245127,0.0
2018-12-10,-0.002490540812203598,0.0
2018-12-11,-0.001584304834872302,0.0
2018-12-12,0.0053155042871136605,0.0
2018-12-13,-0.004679749798827503,0.0
2018-12-14,-0.014524446542159904,0.0
2018-12-17,-0.02144894276828536,0.0
2018-12-18,-0.0014646627245630886,0.0
2018-12-19,-0.015091407218304488,0.0
2018-12-20,-0.018426333286208782,0.0
2018-12-21,-0.01832732784454966,0.0
2018-12-24,-0.02676014610266054,0.0
2018-12-26,0.04210199472234571,0.0
2018-12-27,0.00830153057512081,0.0
2018-12-28,-0.0019445811999126627,0.0
2018-12-31,0.008279112197801511,0.0
2019-01-02,-0.00021847447545619847,0.049215969706290094
2019-01-03,-0.01860367155236517,0.0
2019-01-04,0.033388647073267316,0.0
2019-01-07,0.010205317466952106,0.0
2019-01-08,0.010650172887164647,0.0
2019-01-09,0.006735872466866505,0.0
2019-01-10,0.006405703430340782,0.0
2019-01-11,0.0014459604562935598,0.0
2019-01-14,-0.00445759941118338,0.0
2019-01-15,0.006761173960823032,0.0
2019-01-16,0.0025918765870782292,0.0
2019-01-17,0.009275045828828625,0.0
2019-01-18,0.01501167408021191,0.0
2019-01-22,-0.013530052535730402,0.0
2019-01-23,-0.0001608364473327156,0.0
2019-01-24,0.004665340188754799,0.0
2019-01-25,0.010588431742972589,0.0
2019-01-28,-0.0038523725258969802,0.0
2019-01-29,0.0017563262572828022,0.0
2019-01-30,0.010730566968644401,0.0
2019-01-31,0.0068753768563666225,0.0
2019-02-01,0.0023285918183695298,0.054215710874120374
2019-02-04,0.005483103959607537,0.0
2019-02-05,0.004098908985943397,0.0
2019-02-06,-0.0007777380979899333,0.0
2019-02-07,-0.006779832965091448,0.0
2019-02-08,0.0019064663726178195,0.0
2019-02-11,0.0025379107480709316,0.0
2019-02-12,0.012843627361311595,0.0
2019-02-13,0.004194027446417407,0.0
2019-02-14,-0.0023604845934574173,0.0
2019-02-15,0.010559415778738342,0.0
2019-02-19,0.00019122716023973107,0.0
2019-02-20,0.003213053664906656,0.0
2019-02-21,-0.003612399680199313,0.0
2019-02-22,0.005523930828543746,0.0
2019-02-25,-0.0005661330330749364,0.0
2019-02-26,-0.0025015015746813474,0.0
2019-02-27,0.00023003970177169736,0.0
2019-02-28,-0.0040978068460906306,0.0
2019-03-01,0.006647980854687763,0.040497964560979
2019-03-04,-0.005099438552437348,0.0
2019-03-05,-0.0030380450377520303,0.0
2019-03-06,-0.008376013682432223,0.0
2019-03-07,-0.007550581082581063,0.0
2019-03-08,-0.002949463289290114,0.0
2019-03-11,0.013209750599368054,0.0
2019-03-12,0.002750131794302621,0.0
2019-03-13,0.005739902777048499,0.0
2019-03-14,-0.001164284480347014,0.0
2019-03-15,0.0033526748114466247,0.0
2019-03-18,0.004592214502115534,0.0
2019-03-19,-0.0018034389292614639,0.0
2019-03-20,-0.0067202405619686875,0.0
2019-03-21,0.012793575447960306,0.0
2019-03-22,-0.01978778288246024,0.0
2019-03-25,0.0003442994120691012,0.0
2019-03-26,0.00856505030869703,0.0
2019-03-27,-0.0031525950079306516,0.0
2019-03-28,0.005000136179818629,0.0
2019-03-29,0.006508522292122279,0.0
2019-04-01,0.01227954856002511,0.047981140062491864
2019-04-02,-0.001039738519960167,0.0
2019-04-03,0.0006775409249764931,0.0
2019-04-04,0.0037359991866228533,0.0
2019-04-05,0.006764860211614938,0.0
2019-04-08,0.00016963763740298756,0.0
2019-04-09,-0.008608942859718815,0.0
2019-04-10,0.005697530910167318,0.0
2019-04-11,0.0012998340232645376,0.0
2019-04-12,0.007277959303234631,0.0
2019-04-15,-0.0027378058018949327,0.0
2019-04-16,-0.0001769766674068064,0.0
2019-04-17,-0.005419644657229913,0.0
2019-04-18,0.0023163891273647623,0.0
2019-04-22,-0.003067119613001896,0.0
2019-04-23,0.00909580585051251,0.0
2019-04-24,-0.00032349187266822997,0.0
2019-04-25,-0.005612270509729303,0.0
2019-04-26,0.006171313538628506,0.0
2019-04-29,0.0003315602157889639,0.0
2019-04-30,0.002954608741917171,0.0
2019-05-01,-0.010123409659036464,0.04777536703230115
2019-05-02,0.00019741819131496174,0.0
2019-05-03,0.00927071883648058,0.0
2019-05-06,-0.004891461255349993,0.0
2019-05-07,-0.0159806353760708,0.0
2019-05-08,-0.0021892472440931997,0.0
2019-05-09,-0.0011845034774657789,0.0
2019-05-10,0.003786831511869009,0.0
2019-05-13,-0.024319245635034556,0.0
2019-05-14,0.009417238819043685,0.0
2019-05-15,0.0030372279345908864,0.0
2019-05-16,0.006454285514097898,0.0
2019-05-17,-0.00624724234652792,0.0
2019-05-20,-0.005848035565733539,0.0
2019-05-21,0.010766222205082198,0.0
2019-05-22,-0.005030034276371161,0.0
2019-05-23,-0.01263521471337592,0.0
2019-05-24,0.0014924336744812886,0.0
2019-05-28,-0.010532429832128303,0.0
2019-05-29,-0.007117269702624329,0.0
2019-05-30,0.0009283370164812671,0.0
2019-05-31,-0.010919816687020268,0.0
2019-06-03,0.00261304035011789,0.06827966090207431
2019-06-04,0.020367058089955373,0.0
2019-06-05,0.006709714865374932,0.0
2019-06-06,0.004568219840598469,0.0
2019-06-07,0.006973045521477358,0.0
2019-06-10,0.003770203894816793,0.0
2019-06-11,-0.0004243391413663917,0.0
2019-06-12,-0.0022459939236995395,0.0
2019-06-13,0.006920639644501128,0.0
2019-06-14,-0.0033423040270521473,0.0
2019-06-17,-0.0007682077430479412,0.0
2019-06-18,0.010155153019736412,0.0
2019-06-19,0.003849638816952821,0.0
2019-06-20,0.009235072183820517,0.0
2019-06-21,-0.0023611794852986907,0.0
2019-06-24,-0.004449965972082527,0.0
2019-06-25,-0.00661738738915076,0.0
2019-06-26,-0.0019184952927534743,0.0
2019-06-27,0.006513456699313212,0.0
2019-06-28,0.009222614492921987,0.0
2019-07-01,0.006553716927839792,0.05738816848038997
2019-07-02,-0.002233301069628172,0.0
2019-07-03,0.009167663859928532,0.0
2019-07-05,-0.001420162676534015,0.0
2019-07-08,-0.005416301614471056,0.0
2019-07-09,-0.00032651382333230116,0.0
2019-07-10,0.001180737312543647,0.0
2019-07-11,0.0016425344229934063,0.0
2019-07-12,0.007019850969589413,0.0
2019-07-15,-0.0010520539463290813,0.0
2019-07-16,-0.0034279180806098875,0.0
2019-07-17,-0.008842070634129316,0.0
2019-07-18,0.003939491367064568,0.0
2019-07-19,-0.00482436677657474,0.0
2019-07-22,6.900366380173765e-05,0.0
2019-07-23,0.009258237252611545,0.0
2019-07-24,0.0070433324907513304,0.0
2019-07-25,-0.006858564742636735,0.0
2019-07-26,0.005327853648852925,0.0
2019-07-29,-0.0022345525287139163,0.0
2019-07-30,-0.00034099795355257154,0.0
2019-07-31,-0.009725545278207742,0.0
2019-08-01,-0.013163981240134626,0.05077570788592782
2019-08-02,-0.007786763039306793,0.0
2019-08-05,-0.02850849519153213,0.0
2019-08-06,0.010846975036153865,0.0
2019-08-07,0.0011439015889834795,0.0
2019-08-08,0.018521378905471765,0.0
2019-08-09,-0.011372586545003626,0.0
2019-08-12,-0.015434218501601364,0.0
2019-08-13,0.012651493309678307,0.0
2019-08-14,-0.030752867776206914,0.0
2019-08-15,0.0003856474243636188,0.0
2019-08-16,0.015504512166908044,0.0
2019-08-19,0.012282568846841658,0.0
2019-08-20,-0.008497335804410013,0.0
2019-08-21,0.00827993200947814,0.0
2019-08-22,0.000643558861150688,0.0
2019-08-23,-0.0269081126913205,0.0
2019-08-26,0.008894015600490891,0.0
2019-08-27,-0.005600044684989416,0.0
2019-08-28,0.008748832927489101,0.0
2019-08-29,0.013563927195936964,0.0
2019-08-30,0.0015195368294767617,0.0
2019-09-03,-0.006975890210608404,0.06939502250104185
2019-09-04,0.011704181832289485,0.0
2019-09-05,0.015817920716067215,0.0
2019-09-06,0.0025602003301951953,0.0
2019-09-09,0.007296422214281555,0.0
2019-09-10,0.007160959903497907,0.0
2019-09-11,0.008032905004462063,0.0
2019-09-12,0.00021007222633926886,0.0
2019-09-13,0.001173626310410777,0.0
2019-09-16,0.001061836075484442,0.0
2019-09-17,-0.0015533325296264921,0.0
2019-09-18,-0.0015846501926841455,0.0
2019-09-19,-0.002899919499347841,0.0
2019-09-20,-0.00400132413239162,0.0
2019-09-23,0.000698509000768117,0.0
2019-09-24,-0.010639879612797536,0.0
2019-09-25,0.0060154562675422425,0.0
2019-09-26,-0.00254247572989727,0.0
2019-09-27,-0.005361789228747426,0.0
2019-09-30,0.0045476211124181095,0.0
2019-10-01,-0.016110685597193863,0.045073712862999896
2019-10-02,-0.018742490263670315,0.0
2019-10-03,0.0067791978307358055,0.0
2019-10-04,0.009477257788266677,0.0
2019-10-07,-0.005037109755195418,0.0
2019-10-08,-0.017787870422170938,0.0
2019-10-09,0.008850251973886709,0.0
2019-10-10,0.00783103151823105,0.0
2019-10-11,0.01483621184980035,0.0
2019-10-14,-0.002451243663126352,0.0
2019-10-15,0.00870871293994634,0.0
2019-10-16,-0.0018887246739042838,0.0
2019-10-17,0.003434224521388739,0.0
2019-10-18,-0.0007683968574197264,0.0
2019-10-21,0.005680199260129533,0.0
2019-10-22,0.0009929268491258472,0.0
2019-10-23,0.0030031602772297473,0.0
2019-10-24,0.00024885615937287795,0.0
2019-10-25,0.0035800224087268453,0.0
2019-10-28,0.0034255172801650096,0.0
2019-10-29,0.0015911570615340159,0.0
2019-10-30,-2.2868153980209732e-05,0.0
2019-10-31,-0.005968490189730043,0.0
2019-11-01,0.01272455851719645,0.061285227632639355
2019-11-04,0.0058714109544304935,0.0
2019-11-05,-2.7471978880339466e-05,0.0
2019-11-06,-0.0028970099019100847,0.0
2019-11-07,0.002395518366979182,0.0
2019-11-08,0.002096544216480199,0.0
2019-11-11,-0.0025779336647653163,0.0
2019-11-12,0.000301162597908346,0.0
2019-11-13,-0.0012269779876641568,0.0
2019-11-14,0.001979366394386453,0.0
2019-11-15,0.007685422966663446,0.0
2019-11-18,-0.00094957866568003,0.0
2019-11-19,-0.0012000410700198096,0.0
2019-11-20,-0.003588572938066562,0.0
2019-11-21,-0.002518612765998922,0.0
2019-11-22,-0.0008172565340648874,0.0
2019-11-25,0.008531241915802144,0.0
2019-11-26,0.0014679449799292737,0.0
2019-11-27,0.004199202536447344,0.0
2019-11-29,-0.004826097992775107,0.0
2019-12-02,-0.00804710311246093,0.04876141187466586
2019-12-03,-0.00807334972026663,0.0
2019-12-04,0.0075286349199710344,0.0
2019-12-05,0.0019488817801926984,0.0
2019-12-06,0.00939511550412331,0.0
2019-12-09,-0.0024100811339743356,0.0
2019-12-10,-0.003451441702142482,0.0
2019-12-11,-0.003916210721166483,0.0
2019-12-12,0.010687519622698576,0.0
2019-12-13,-0.002871351521487077,0.0
2019-12-16,0.006364546341556073,0.0
2019-12-17,0.0005232292253257518,0.0
2019-12-18,0.0013412010315694569,0.0
2019-12-19,0.003276727941402464,0.0
2019-12-20,0.005764423679589551,0.0
2019-12-23,0.0004362571707938911,0.0
2020-01-29,-0.010560371199022756,0.04353989929669072
2020-01-30,0.0021099583200757197,0.0
2020-01-31,-0.019066285506695015,0.0
2020-02-03,0.006066587831068393,0.022170059569251964
2020-02-04,0.014393337145442123,0.0
2020-02-05,0.01596074429813401,0.0
2020-02-06,-0.0009373885452480234,0.0
2020-02-07,-0.00893098284924818,0.0
2020-02-10,0.0042058458827407405,0.0
2020-02-11,0.005975033887494348,0.0
2020-02-12,0.007422108552482469,0.0
2020-02-13,-0.001887179578119641,0.0
2020-02-14,0.00014605843229228516,0.0
2020-02-18,-0.004047580549407423,0.0
2020-02-19,0.003557741164975695,0.0
2020-02-20,0.000840682190437991,0.0
2020-02-21,-0.008883401697881713,0.0
2020-02-24,-0.0316661716734084,0.0
2020-02-25,-0.0338068536936382,0.0
2020-02-26,-0.010535094327764612,0.0
2020-02-27,-0.03975252004801866,0.0
2020-02-28,-0.011853486876475293,0.0
2020-03-02,0.03829199756767099,0.05791254939921435
2020-03-03,-0.025871429281422678,0.0
2020-03-04,0.035326332404095044,0.0
2020-03-05,-0.03695533529545638,0.0
2020-03-06,-0.021124775647572293,0.0
2020-03-09,-0.0873431915529766,0.0
2020-03-10,0.04708370784965482,0.0
2020-03-11,-0.05515526909600319,0.0
2020-03-12,-0.10182334014824565,0.0
2020-03-13,0.081770984827129,0.0
2020-03-16,-0.12313038965006207,0.0
2020-03-17,0.05535826594129101,0.0
2020-03-18,-0.07094076748206785,0.0
2020-03-19,0.00820733221201324,0.0
2020-03-20,-0.04569270156426616,0.0
2020-03-23,-0.03609576140565219,0.0
2020-03-24,0.10687377393196595,0.0
2020-03-25,0.02539791162752435,0.0
2020-03-26,0.06062380552420382,0.0
2020-03-27,-0.033879016664248446,0.0
2020-03-30,0.024818113084533123,0.0
2020-03-31,-0.017933267909205634,0.0
2020-04-01,-0.050351974289522095,0.17327102409092948
2020-04-02,0.014105766126953474,0.0
2020-04-03,-0.015957239112040826,0.0
2020-04-06,0.0799999125240105,0.0
2020-04-07,0.008331950279075672,0.0
2020-04-08,0.04747843086743238,0.0
2020-04-09,0.026175006963528924,0.0
2020-04-13,-0.02459536446604467,0.0
2020-04-14,0.0231703946822267,0.0
2020-04-15,-0.03633101978550719,0.0
2020-04-16,-0.006356477857103867,0.0
2020-04-17,0.0444341991115815,0.0
2020-04-20,-0.023084764739249655,0.0
2020-04-21,-0.027858431168529596,0.0
2020-04-22,0.019565548082536556,0.0
2020-04-23,0.004017205099496553,0.0
2020-04-24,0.014376511624037303,0.0
2020-04-27,0.02779580121528437,0.0
2020-04-28,0.013339778986848183,0.0
2020-04-29,0.03536528715084219,0.0
2020-04-30,-0.02535005532822307,0.0
2020-05-01,-0.03738130594823741,0.08264337100826308
2020-05-04,0.0011846224912737114,0.0
2020-05-05,0.004456287091839293,0.0
2020-05-06,-0.013825182144062188,0.0
2020-05-07,0.01651123339348322,0.0
2020-05-08,0.027291402360013914,0.0
2020-05-11,-0.010937463076825069,0.0
2020-05-12,-0.02600134576255312,0.0
2020-05-13,-0.030894472683495815,0.0
2020-05-14,0.01496447773319846,0.0
2020-05-15,0.00175215839184236,0.0
2020-05-18,0.05275016351649362,0.0
2020-05-19,-0.014289795492171208,0.0
2020-05-20,0.01875153733322931,0.0
2020-05-21,-0.005141354567068446,0.0
2020-05-22,0.0010488232010728011,0.0
2020-05-26,0.025337866394711868,0.0
2020-05-27,0.025049719659993072,0.0
2020-05-28,-0.00953638715039104,0.0
2020-05-29,-0.0022034151583014538,0.0
2020-06-01,0.011238538717454505,0.05586140989218447
2020-06-02,0.012619176148733001,0.0
2020-06-03,0.027396274910304948,0.0
2020-06-04,0.005413949150738036,0.0
2020-06-05,0.03549474074221409,0.0
2020-06-08,0.024550195545170614,0.0
2020-06-09,-0.02550400322025194,0.0
2020-06-10,-0.023796373824875625,0.0
2020-06-11,-0.06929709026701103,0.0
2020-06-12,0.021142455623037557,0.0
2020-06-15,0.010007647717101591,0.0
2020-06-16,0.0208859571045589,0.0
2020-06-17,-0.010526039929472,0.0
2020-06-18,-0.0007634369777310105,0.0
2020-06-19,-0.010217661911330491,0.0
2020-06-22,0.0012726772854084706,0.0
2020-06-23,-0.0005040672471187449,0.0
2020-06-24,-0.034340603899526395,0.0
2020-06-25,0.011037067511041252,0.0
2020-06-26,-0.021146211834356374,0.0
2020-06-29,0.020791956370957387,0.0
2020-06-30,0.013877938255736348,0.0
2020-07-01,-0.0031690374747869177,0.04929328841176525
2020-07-02,0.006526702370261395,0.0
2020-07-06,0.011473406566999694,0.0
2020-07-07,-0.0174120479101266,0.0
2020-07-08,0.0031301764812157705,0.0
2020-07-09,-0.017032416492875485,0.0
2020-07-10,0.017276858745057147,0.0
2020-07-13,-0.0032557381084524243,0.0
2020-07-14,0.016029627374461758,0.0
2020-07-15,0.02381672594739375,0.0
2020-07-16,-0.0019440196435186183,0.0
2020-07-17,0.0023038395197525264,0.0
2020-07-20,-0.005757336769243406,0.0
2020-07-21,0.01133086777746363,0.0
2020-07-22,0.00686408126426003,0.0
2020-07-23,-0.0015770909848836635,0.0
2020-07-24,-0.007189688991416464,0.0
2020-07-27,0.004831552296347427,0.0
2020-07-28,-0.00674999846134786,0.0
2020-07-29,0.016395152334873427,0.0
2020-07-30,-0.00826803528759174,0.0
2020-07-31,-0.0022671890035090153,0.0
2020-08-03,0.002636100632602334,0.07082253537333871
2020-08-04,0.005538840380959376,0.0
2020-08-05,0.008545868651298368,0.0
2020-08-06,-0.001144362732031363,0.0
2020-08-07,0.010124215814734102,0.0
2020-08-10,0.013187512935510926,0.0
2020-08-11,-0.0009180026046624599,0.0
2020-08-12,0.005816117742120947,0.0
2020-08-13,-0.005557224218674007,0.0
2020-08-14,0.0027317683520366766,0.0
2020-08-17,-0.0010649835848553701,0.0
2020-08-18,-0.005143704028077737,0.0
2020-08-19,-0.004597295216745789,0.0
2020-08-20,-0.005911970327513729,0.0
2020-08-21,-0.0013984829641511217,0.0
2020-08-24,0.017350058710408754,0.0
2020-08-25,-0.00022776653806451066,0.0
2020-08-26,-0.002498558530296728,0.0
2020-08-27,0.006268863270921644,0.0
2020-08-28,0.009447149241408818,0.0
2020-08-31,-0.008961556988662727,0.0
2020-09-01,0.0036378320193559688,0.06412701855414335
2020-09-02,0.01839890755668809,0.0
2020-09-03,-0.021783532981205105,0.0
2020-09-04,-0.0015842241219242363,0.0
2020-09-08,-0.02152571878689754,0.0
2020-09-09,0.011991017429392882,0.0
2020-09-10,-0.015048971716319512,0.0
2020-09-11,0.004553468029586299,0.0
2020-09-14,0.01720579943668349,0.0
2020-09-15,0.0003683415793827706,0.0
2020-09-16,0.007738590490254653,0.0
2020-09-17,-0.004812330583296057,0.0
2020-09-18,-0.012062392224812467,0.0
2020-09-21,-0.032516797706641246,0.0
2020-09-22,0.002473519638820646,0.0
2020-09-23,-0.02139099388671106,0.0
2020-09-24,0.0016875796757167129,0.0
2020-09-25,0.013034207984911303,0.0
2020-09-28,0.018647933830948673,0.0
2020-09-29,-0.008027154326326391,0.0
2020-09-30,0.006651585564501623,0.0
2020-10-01,0.002490108540312841,0.055345408365994934
2020-10-02,0.004852404064449842,0.0
2020-10-05,0.018352158150442135,0.0
2020-10-06,-0.011512364491907137,0.0
2020-10-07,0.017900148307272164,0.0
2020-10-08,0.013898515155435984,0.0
2020-10-09,0.0014116312724551457,0.0
2020-10-12,0.007084370367629874,0.0
2020-10-13,-0.012569522154178468,0.0
2020-10-14,-0.0021911246403569797,0.0
2020-10-15,0.003967919020418831,0.0
2020-10-16,-0.0010468939973574084,0.0
2020-10-19,-0.013510260017102869,0.0
2020-10-20,0.006105257869403912,0.0
2020-10-21,-0.00364640238725234,0.0
2020-10-22,0.012686181443073694,0.0
2020-10-23,0.004797242424818982,0.0
2020-10-26,-0.023345321057676238,0.0
2020-10-27,-0.011847481090154731,0.0
2020-10-28,-0.03195899584557706,0.0
2020-10-29,0.010786280309727092,0.0
2020-10-30,-0.002099604023321629,0.0
2020-11-02,0.023260307917446932,0.06824341518396038
2020-11-03,0.019485958679417156,0.0
2020-11-04,0.00016841336243908944,0.0
2020-11-05,0.019135487887328183,0.0
2020-11-06,-0.004326584557248268,0.0
2020-11-09,0.04656400822026842,0.0
2020-11-10,0.0067178956548979716,0.0
2020-11-11,-0.003075048962056686,0.0
2020-11-12,-0.016201848853090676,0.0
2020-11-13,0.023588991737445837,0.0
2020-11-16,0.021490390275286347,0.0
2020-11-17,-0.0029789130616331523,0.0
2020-11-18,-0.013002061850611143,0.0
2020-11-19,0.0041366796212934705,0.0
2020-11-20,-0.005849580292721424,0.0
2020-11-23,0.01657802926409449,0.0
2020-11-24,0.02280386517103273,0.0
2020-11-25,-0.007201345312259874,0.0
2020-11-27,-0.0009884319060923861,0.0
2020-11-30,-0.012185749499137779,0.0
2020-12-01,0.0098461264808134,0.08508467613266321
2020-12-02,0.00283411183378387,0.0
2020-12-03,0.005414603293061297,0.0
2020-12-04,0.016247983360623754,0.0
2020-12-07,-0.005592991102188946,0.0
2020-12-08,0.0028231309655150786,0.0
2020-12-09,-0.0022658039290133995,0.0
2020-12-10,-0.000382831995648784,0.0
2020-12-11,-0.005183725141562184,0.0
2020-12-14,-0.00754459045979795,0.0
2020-12-15,0.01585724622528327,0.0
2020-12-16,-0.0021585897344115904,0.0
2020-12-17,0.006594611161449589,0.0
2020-12-18,-0.0035306771443338264,0.0
2020-12-21,-0.007101775395559581,0.0
2021-01-08,-0.0029840747071837592,0.04370830154483828
2021-01-11,-0.0008761018996240643,0.0
2021-01-12,0.008023550154350663,0.0
2021-01-13,-0.003201462977089912,0.0
2021-01-14,0.003942715045767832,0.0
2021-01-15,-0.0073228764275328,0.0
2021-01-19,0.0048714913425431435,0.0
2021-01-20,0.0067886359625906655,0.0
2021-01-21,-0.005534477861356887,0.0
2021-01-22,-0.006213843046419596,0.0
2021-01-25,-0.0007138080355513302,0.0
2021-01-26,-0.004898683117144382,0.0
2021-01-27,-0.022737689054385106,0.0
2021-01-28,0.010661257837713824,0.0
2021-01-29,-0.018038676018424665,0.0
2021-02-01,0.012420701965862646,0.06310596502247431
2021-02-02,0.012872676582062693,0.0
2021-02-03,0.003280580546036455,0.0
2021-02-04,0.012445359825914314,0.0
2021-02-05,0.005864122476258725,0.0
2021-02-08,0.01149022789964032,0.0
2021-02-09,7.600955786337515e-05,0.0
2021-02-10,0.0033358726020428237,0.0
2021-02-11,6.970329102701476e-05,0.0
2021-02-12,0.005393579193802608,0.0
2021-02-16,-0.004763027891041829,0.0
2021-02-17,-0.00018732857135821655,0.0
2021-02-18,-0.005281307901445672,0.0
2021-02-19,0.007817771618747887,0.0
2021-02-22,0.0036288599706217842,0.0
2021-02-23,0.003584731865784946,0.0
2021-02-24,0.014944526713994802,0.0
2021-02-25,-0.022618684929215864,0.0
2021-02-26,-0.00770488084665016,0.0
2021-03-01,0.02189904171490875,0.09782643799811061
2021-03-02,-0.003596357392204591,0.0
2021-03-03,-0.00488412293965729,0.0
2021-03-04,-0.013118596704024228,0.0
2021-03-05,0.023632878864092648,0.0
2021-03-08,0.007314539853299983,0.0
2021-03-09,0.0007045845189310059,0.0
2021-03-10,0.01051108257217866,0.0
2021-03-11,0.005774634559065097,0.0
2021-03-12,0.007471608903951094,0.0
2021-03-15,0.009283994139180518,0.0
2021-03-16,-0.008612624300438581,0.0
2021-03-17,0.004276935484624107,0.0
2021-03-18,-0.008669340014853175,0.0
2021-03-19,-0.0014053871804651724,0.0
2021-03-22,0.0005437081855197042,0.0
2021-03-23,-0.01689910240046868,0.0
2021-03-24,-0.0011993148238911779,0.0
2021-03-25,0.012246527888824688,0.0
2021-03-26,0.017206601532847865,0.0
2021-03-29,-0.0047094784160720965,0.0
2021-03-30,0.0013030706923521603,0.0
2021-03-31,-0.001999650739009726,0.0
2021-04-01,0.010437098222688013,0.05017002630853737
2021-04-05,0.009762067698228204,0.0
2021-04-06,0.0007976479210484884,0.0
2021-04-07,-0.003206532911306516,0.0
2021-04-08,0.000922555652657677,0.0
2021-04-09,0.0060675032357555845,0.0
2021-04-12,0.0016435992397839318,0.0
2021-04-13,-0.002285781639225722,0.0
2021-04-14,0.0019433136003758763,0.0
2021-04-15,0.007738256978976123,0.0
2021-04-16,0.0043691823025511535,0.0
2021-04-19,-0.004354241848280047,0.0
2021-04-20,-0.0075667302735097225,0.0
2021-04-21,0.010772153434699661,0.0
2021-04-22,-0.006820801107566164,0.0
2021-04-23,0.01084945978194392,0.0
2021-04-26,0.0014223625312597592,0.0
2021-04-27,0.0015591569850740344,0.0
2021-04-28,0.00033283578246526713,0.0
2021-04-29,0.007583822307997606,0.0
2021-04-30,-0.007588997466400048,0.0
2021-05-03,0.00657049727849035,0.05130922681976528
2021-05-04,-0.0008715491489723292,0.0
2021-05-05,0.002879502314854971,0.0
2021-05-06,0.0059425979142402365,0.0
2021-05-07,0.010324121150249489,0.0
2021-05-10,-0.003437582334747577,0.0
2021-05-11,-0.011649650602856935,0.0
2021-05-12,-0.022014659984159798,0.0
2021-05-13,0.014406837424117434,0.0
2021-05-14,0.014762522847901645,0.0
2021-05-17,-0.0021764169360865503,0.0
2021-05-18,-0.009104115371782125,0.0
2021-05-19,-0.0057996350691286065,0.0
2021-05-20,0.006664447093541721,0.0
2021-05-21,0.0016359286482915101,0.0
2021-05-24,0.006006414132423161,0.0
2021-05-25,-0.005047331698775389,0.0
2021-05-26,0.0042119768377367325,0.0
2021-05-27,0.005282251093586826,0.0
2021-05-28,0.0007866173011827347,0.0
2021-06-01,0.004615152617704066,0.04965524498480567
2021-06-02,0.0010107836104149741,0.0
2021-06-03,-0.0011024545431639002,0.0
2021-06-04,0.004819507572732359,0.0
2021-06-07,-0.004176078116159702,0.0
2021-06-08,0.0015752812615354088,0.0
2021-06-09,-0.004545491855424435,0.0
2021-06-10,0.0008031241349738458,0.0
2021-06-11,0.0034132520284908836,0.0
2021-06-14,-0.004033662335367905,0.0
2021-06-15,0.0007165572219001897,0.0
2021-06-16,-0.007087501331626845,0.0
2021-06-17,-0.010483650458586579,0.0
2021-06-18,-0.01679669854201033,0.0
2021-06-21,0.0195128840524491,0.0
2021-06-22,0.0011861659485067847,0.0
2021-06-23,-0.001710022218867427,0.0
2021-06-24,0.006182989771069989,0.0
2021-06-25,0.007384775228229161,0.0
2021-06-28,-0.0047964867209851275,0.0
2021-06-29,-0.0010237494783010069,0.0
2021-06-30,0.0023559142750017156,0.0
2021-07-01,0.007045787511852808,0.05129637616209928
2021-07-02,0.002421464298995521,0.0
2021-07-06,-0.008943018671099352,0.0
2021-07-07,0.00258741695016062,0.0
2021-07-08,-0.010646363775569816,0.0
2021-07-09,0.016095799556041658,0.0
2021-07-12,0.0025305256858985993,0.0
2021-07-13,-0.009372644597276308,0.0
2021-07-14,-0.0008214854039332837,0.0
2021-07-15,-0.002369408864285618,0.0
2021-07-16,-0.00806641584814233,0.0
2021-07-19,-0.01905134757264073,0.0
2021-07-20,0.019278300503799053,0.0
2021-07-21,0.009795065386269106,0.0
2021-07-22,-0.003186138122812921,0.0
2021-07-23,0.008136483485513357,0.0
2021-07-26,0.003367222435303324,0.0
2021-07-27,-0.0015295637492593317,0.0
2021-07-28,-0.000506315604840258,0.0
2021-07-29,0.00795673020157667,0.0
2021-07-30,-0.003115283435791142,0.0
2021-08-02,-0.001660205821916394,0.05954411057883108
2021-08-03,0.007820825344752057,0.0
2021-08-04,-0.012186147817769324,0.0
2021-08-05,0.008204806887520403,0.0
2021-08-06,0.005228291554977197,0.0
2021-08-09,-0.0030740826705813497,0.0
2021-08-10,0.00542347298841591,0.0
2021-08-11,0.007588687444060967,0.0
2021-08-12,-0.0008783867794248507,0.0
2021-08-13,-0.0005722789416932883,0.0
2021-08-16,0.0002861083354845393,0.0
2021-08-17,-0.008223833961576206,0.0
2021-08-18,-0.010518671886868051,0.0
2021-08-19,-0.003036360161510486,0.0
2021-08-20,0.00706687361161645,0.0
2021-08-23,0.007165058365157091,0.0
2021-08-24,0.004683730865233665,0.0
2021-08-25,0.005334872657323603,0.0
2021-08-26,-0.008106527231787083,0.0
2021-08-27,0.011139643460012009,0.0
2021-08-30,-0.0027060333546958157,0.0
2021-08-31,-0.005010714313212683,0.0
2021-09-01,-0.0002531917516291893,0.043654506729048914
2021-09-02,0.006671308118586508,0.0
2021-09-03,-0.004051895431875785,0.0
2021-09-07,-0.00897741575865285,0.0
2021-09-08,-0.0008296956224378589,0.0
2021-09-09,-0.0027913985732085896,0.0
2021-09-10,-0.007016836976046615,0.0
2021-09-13,0.004798594815020039,0.0
2021-09-14,-0.008329510449835795,0.0
2021-09-15,0.009415578538535583,0.0
2021-09-16,-0.0022951736718177878,0.0
2021-09-17,-0.00802211993268468,0.0
2021-09-20,-0.0153514311402989,0.0
2021-09-21,-0.0035798492207753246,0.0
2021-09-22,0.011626739079488763,0.0
2021-09-23,0.014717777102377712,0.0
2021-09-24,0.001559741687131958,0.0
2021-09-27,0.0031345996269621966,0.0
2021-09-28,-0.014083125926127883,0.0
2021-09-29,0.002127841057126121,0.0
2021-09-30,-0.016349914689967215,0.0
2021-10-01,0.013498363426181381,0.057897119051450056
2021-10-04,-0.005905320945489456,0.0
2021-10-05,0.005816144503601875,0.0
2021-10-06,0.0008767119580048636,0.0
2021-10-07,0.008276718221825605,0.0
2021-10-08,-0.0021522136353976295,0.0
2021-10-11,-0.005638493452191993,0.0
2021-10-12,-5.284608042056431e-05,0.0
2021-10-13,0.0015213249430462046,0.0
2021-10-14,0.017284491767704593,0.0
2021-10-15,0.0031978087752214755,0.0
2021-10-18,-5.4554848590697175e-06,0.0
2021-10-19,0.005427416289591033,0.0
2021-10-20,0.007994151256868084,0.0
2021-10-21,0.0008463311999446779,0.0
2021-10-22,0.003230391176930443,0.0
2021-10-25,0.0013352448484708168,0.0
2021-10-26,-0.0016619724326097517,0.0
2021-10-27,-0.013618514100364385,0.0
2021-10-28,0.010274966520648658,0.0
2021-10-29,-0.0021958509588781033,0.0
2021-11-01,0.007449834895988827,0.06071360440383784
2021-11-02,0.0034005559901390215,0.0
2021-11-03,0.006501468231101901,0.0
2021-11-04,-0.0012210168049211377,0.0
2021-11-05,0.007864057542215292,0.0
2021-11-08,0.0012182902027763841,0.0
2021-11-09,0.0005575230155163754,0.0
2021-11-10,-0.005930139432689918,0.0
2021-11-11,0.0021652547461737635,0.0
2021-11-12,0.005083354087907728,0.0
2021-11-15,0.0019378648499533144,0.0
2021-11-16,0.0009685320510748221,0.0
2021-11-17,-0.005283094312120661,0.0
2021-11-18,-0.0035584490167785325,0.0
2021-11-19,-0.0065770637067948685,0.0
2021-11-22,0.0016118628319126082,0.0
2021-11-23,0.00424850602094648,0.0
2021-11-24,-0.0001437647729208412,0.0
2021-11-26,-0.025723962098859264,0.0
2021-11-29,0.007517848535375366,0.0
2021-11-30,-0.02592542096987309,0.0
2021-12-01,-0.012513413269959583,0.06254621020907214
2021-12-02,0.024794899761383226,0.0
2021-12-03,-0.003959771243377959,0.0
2021-12-06,0.015886562232575074,0.0
2021-12-07,0.015827092446023313,0.0
2021-12-08,0.00333609727134283,0.0
2021-12-09,-0.006817184000856612,0.0
2021-12-10,0.006268988735956088,0.0
2021-12-13,-0.00748794468355712,0.0
2021-12-14,-0.0054631746899732655,0.0
2021-12-15,0.004590954527035918,0.0
2021-12-16,-0.0005535945350803577,0.0
2021-12-17,-0.009947567286224987,0.0
2021-12-20,-0.013287898615001847,0.0
2022-01-11,0.004669630209517939,0.041630356271916066
2022-01-12,0.0009454083798751076,0.0
2022-01-13,-0.004216326046772792,0.0
2022-01-14,-0.0015150928687901423,0.0
2022-01-18,-0.01571915750180843,0.0
2022-01-19,-0.009956844371344614,0.0
2022-01-20,-0.01231478091419023,0.0
2022-01-21,-0.013914273034492403,0.0
2022-01-24,0.006742768805097736,0.0
2022-01-25,-0.009851401591670481,0.0
2022-01-26,-0.007043602885886039,0.0
2022-01-27,-0.005698208466174599,0.0
2022-01-28,0.01664360096302974,0.0
2022-01-31,0.015282468356721783,0.0
2022-02-01,0.006946874523951152,0.04500588345178335
2022-02-02,0.0072690180590400544,0.0
2022-02-03,-0.015342207954609935,0.0
2022-02-04,-0.001486077041279667,0.0
2022-02-07,0.001001653869812356,0.0
2022-02-08,0.009862080574875195,0.0
2022-02-09,0.016912719325411368,0.0
2022-02-10,-0.016263163580076193,0.0
2022-02-11,-0.013816647617720787,0.0
2022-02-14,-0.007773915807457173,0.0
2022-02-15,0.015410167766907287,0.0
2022-02-16,0.0006043681435121753,0.0
2022-02-17,-0.01765882530092032,0.0
2022-02-18,-0.004310756266909346,0.0
2022-02-22,-0.00958605069911704,0.0
2022-02-23,-0.016176550024696156,0.0
2022-02-24,0.009171269798703313,0.0
2022-02-25,0.02771657876598624,0.0
2022-02-28,-0.005414146464506047,0.0
2022-03-01,-0.01888422031843573,0.06238718467795874
2022-03-02,0.02226578663175268,0.0
2022-03-03,-0.0043765833021476895,0.0
2022-03-04,-0.007396592633613964,0.0
2022-03-07,-0.02951308928263638,0.0
2022-03-08,-0.0057553366284716825,0.0
2022-03-09,0.02172877993937758,0.0
2022-03-10,-0.0023906650819010083,0.0
2022-03-11,-0.01050275312585494,0.0
2022-03-14,-0.003066161695005175,0.0
2022-03-15,0.016400650842570003,0.0
2022-03-16,0.019663331897413983,0.0
2022-03-17,0.012337495610891853,0.0
2022-03-18,0.007572138650512377,0.0
2022-03-21,-0.0018682324252634291,0.0
2022-03-22,0.00691064649030673,0.0
2022-03-23,-0.013274482547827631,0.0
2022-03-24,0.01169740347786172,0.0
2022-03-25,0.00778385704948014,0.0
2022-03-28,0.0018140003413947754,0.0
2022-03-29,0.015541888409223412,0.0
2022-03-30,-0.006728847797609421,0.0
2022-03-31,-0.013830410694681144,0.0
2022-04-01,0.0039489642182879425,0.06213469015822327
2022-04-04,0.0018247460849760866,0.0
2022-04-05,-0.014539849721919101,0.0
2022-04-06,-0.004456518953467152,0.0
2022-04-07,0.003094814735859436,0.0
2022-04-08,0.0020870952618363674,0.0
2022-04-11,-0.009436848338301865,0.0
2022-04-12,-0.004633638385921741,0.0
2022-04-13,0.010865553876144796,0.0
2022-04-14,-0.006251805861440115,0.0
2022-04-18,-0.0019564279651231586,0.0
2022-04-19,0.017447057376788595,0.0
2022-04-20,0.007379946499287035,0.0
2022-04-21,-0.013636779031121845,0.0
2022-04-22,-0.027347063650752512,0.0
2022-04-25,0.0025964108030140736,0.0
2022-04-26,-0.02329363737155813,0.0
2022-04-27,0.00170180856118523,0.0
2022-04-28,0.017402074222876086,0.0
2022-04-29,-0.03039565076685044,0.0
2022-05-02,0.0020154435620627353,0.06710225585957585
2022-05-03,0.008288987686027633,0.0
2022-05-04,0.028061833891183198,0.0
2022-05-05,-0.03103525439265376,0.0
2022-05-06,-0.00932727212943902,0.0
2022-05-09,-0.029235492485277337,0.0
2022-05-10,-0.0028216191102906404,0.0
2022-05-11,-0.014391738767914861,0.0
2022-05-12,0.004394488418846189,0.0
2022-05-13,0.02277755725670861,0.0
2022-05-16,-0.0038292235106649596,0.0
2022-05-17,0.021441609265904507,0.0
2022-05-18,-0.03851138230343146,0.0
2022-05-19,-0.002456456516555861,0.0
2022-05-20,0.0005097062846192979,0.0
2022-05-23,0.014072727841589886,0.0
2022-05-24,-0.006088475856160568,0.0
2022-05-25,0.011691269402438313,0.0
2022-05-26,0.02118403039500441,0.0
2022-05-27,0.022632604228976363,0.0
2022-05-31,-0.008654292557955238,0.0
2022-06-01,-0.010368445129158022,0.06268042972320156
2022-06-02,0.018513914085942374,0.0
2022-06-03,-0.012141876112992313,0.0
2022-06-06,0.0032750891993599375,0.0
2022-06-07,0.009410924553142517,0.0
2022-06-08,-0.014466350310639916,0.0
2022-06-09,-0.021908808246459657,0.0
2022-06-10,-0.033679317537532685,0.0
2022-06-13,-0.0405749036003937,0.0
2022-06-14,-0.0052773670530297054,0.0
2022-06-15,0.010533064956624313,0.0
2022-06-16,-0.03593097576747077,0.0
2022-06-17,0.002990540691508317,0.0
2022-06-21,0.018298850559809437,0.0
2022-06-22,-0.003135474187983428,0.0
2022-06-23,0.007763053649862916,0.0
2022-06-24,0.032193587664589664,0.0
2022-06-27,-0.0007644594013376667,0.0
2022-06-28,-0.014780098770039423,0.0
2022-06-29,-0.009452012418632062,0.0
2022-06-30,-0.00655903594794828,0.0
2022-07-01,0.012294179953532325,0.07076437379620548
2022-07-05,-0.0031984677241608207,0.0
2022-07-06,-3.4856929017033976e-05,0.0
2022-07-07,0.014735635485070104,0.0
2022-07-08,-0.00387260830054727,0.0
2022-07-11,-0.009303306726283605,0.0
2022-07-12,-0.004534058925853415,0.0
2022-07-13,-0.005689323908564064,0.0
2022-07-14,-0.007612118826520289,0.0
2022-07-15,0.01960085400455054,0.0
2022-07-18,-0.004288094353652343,0.0
2022-07-19,0.03005327087866059,0.0
2022-07-20,0.006468870638517766,0.0
2022-07-21,0.006792745119200589,0.0
2022-07-22,-0.0061031782136247185,0.0
2022-07-25,0.0033462944997201876,0.0
2022-07-26,-0.008306987596101961,0.0
2022-07-27,0.019970634325459237,0.0
2022-07-28,0.0151074480589974,0.0
2022-07-29,0.009100111861484742,0.0
2022-08-01,-0.002117848014578372,0.059083762523610736
2022-08-02,-0.00741719958499529,0.0
2022-08-03,0.00982146499985874,0.0
2022-08-04,-0.00297308471249209,0.0
2022-08-05,0.0018568206449675914,0.0
2022-08-08,0.0030864914302728913,0.0
2022-08-09,-0.005183565556707712,0.0
2022-08-10,0.02162885942585937,0.0
2022-08-11,0.004671508254045192,0.0
2022-08-12,0.015845751335627677,0.0
2022-08-15,0.0016162969870084976,0.0
2022-08-16,0.003459324337673637,0.0
2022-08-17,-0.009562701073683476,0.0
2022-08-18,0.003626894442225966,0.0
2022-08-19,-0.012803511224927644,0.0
2022-08-22,-0.021293737021076467,0.0
2022-08-23,-0.0009156275140181695,0.0
2022-08-24,0.004722741245555682,0.0
2022-08-25,0.014886782244428697,0.0
2022-08-26,-0.032159652786157095,0.0
2022-08-29,-0.005337892123826366,0.0
2022-08-30,-0.010858484243326217,0.0
2022-08-31,-0.007482984331547432,0.0
2022-09-01,0.0010506678167405692,0.05441631839235567
2022-09-02,-0.00742573660587131,0.0
2022-09-06,-0.0034115622214014956,0.0
2022-09-07,0.022014605417711705,0.0
2022-09-08,0.008637262677611793,0.0
2022-09-09,0.014473282044590623,0.0
2022-09-12,0.009011479069898905,0.0
2022-09-13,-0.039637139386500445,0.0
2022-09-14,-0.00013648664246306328,0.0
2022-09-15,-0.007904834911907802,0.0
2022-09-16,-0.010495287551906644,0.0
2022-09-19,0.007749496171469149,0.0
2022-09-20,-0.020364294318189605,0.0
2022-09-21,-0.01632664411474183,0.0
2022-09-22,-0.014235815837910577,0.0
2022-09-23,-0.01730591646804125,0.0
2022-09-26,-0.014740297612575868,0.0
2022-09-27,-0.003030373714246655,0.0
2022-09-28,0.0239329182503063,0.0
2022-09-29,-0.01966128121266457,0.0
2022-09-30,-0.012079459747594735,0.0
2022-10-03,0.02921773325071375,0.05185252916303172
2022-10-04,0.03279244236349428,0.0
2022-10-05,-0.0042146473258330135,0.0
2022-10-06,-0.011465633128894377,0.0
2022-10-07,-0.02415581451659434,0.0
2022-10-10,-0.006772280162228086,0.0
2022-10-11,-0.004474182169810245,0.0
2022-10-12,-0.004935220234576236,0.0
2022-10-13,0.021683223080235372,0.0
2022-10-14,-0.022573357162787945,0.0
2022-10-17,0.02284412699557615,0.0
2022-10-18,0.014390855624909424,0.0
2022-10-19,-0.011754955714777804,0.0
2022-10-20,-0.01094983201445245,0.0
2022-10-21,0.02387201988047124,0.0
2022-10-24,0.010741606357541521,0.0
2022-10-25,0.020051020444731393,0.0
2022-10-26,0.0016750948545210579,0.0
2022-10-27,0.00122654978378344,0.0
2022-10-28,0.021226372062792424,0.0
2022-10-31,-0.004804902781315585,0.0
2022-11-01,0.002439946616233035,0.07425136251956892
2022-11-02,-0.02664322058745051,0.0
2022-11-03,-0.006233349119776129,0.0
2022-11-04,0.01691894634583395,0.0
2022-11-07,0.007943087695824047,0.0
2022-11-08,0.006443322991044479,0.0
2022-11-09,-0.020390682531888187,0.0
2022-11-10,0.05618130124739404,0.0
2022-11-11,0.011072141267622923,0.0
2022-11-14,-0.01201354330999306,0.0
2022-11-15,0.009991858768589518,0.0
2022-11-16,-0.011559644694596104,0.0
2022-11-17,-0.005866986764674922,0.0
2022-11-18,0.0072907552825201335,0.0
2022-11-21,-0.0005400214623454649,0.0
2022-11-22,0.013158581408287292,0.0
2022-11-23,0.004340685735566042,0.0
2022-11-25,0.002344442346531285,0.0
2022-11-28,-0.016794163217356294,0.0
2022-11-29,0.003494408411648617,0.0
2022-11-30,0.02482353798444413,0.0
2022-12-01,0.000995408401978759,0.053258711181763646
2022-12-02,-0.0007048798302825323,0.0
2022-12-05,-0.019511122327131102,0.0
2022-12-06,-0.011334884488384626,0.0
2022-12-07,-0.001479149333301916,0.0
2022-12-08,0.006252974421282723,0.0
2022-12-09,-0.007399876497387471,0.0
2022-12-12,0.014934456704374535,0.0
2022-12-13,0.007433436860606765,0.0
2022-12-14,-0.00676832333540256,0.0
2022-12-15,-0.022047848355361634,0.0
2022-12-16,-0.01167605631439389,0.0
2022-12-19,-0.008706970851642811,0.0
2022-12-20,-0.0011734417320907933,0.0
2022-12-21,0.015137791872143449,0.0
2022-12-22,-0.010665257130583458,0.0
2023-01-05,-0.013849550737851435,0.045512237461160523
2023-01-06,0.023793184764932054,0.0
2023-01-09,-1.8599562142013303e-05,0.0
2023-01-10,0.007428192450138629,0.0
2023-01-11,0.01189945029184059,0.0
2023-01-12,0.0035137165693461003,0.0
2023-01-13,0.0022444060624617463,0.0
2023-01-17,-0.0024122455694092783,0.0
2023-01-18,-0.015232195565036083,0.0
2023-01-19,-0.010403464824181537,0.0
2023-01-20,0.017808910774497436,0.0
2023-01-23,0.012359666582870878,0.0
2023-01-24,-0.0019421350581751028,0.0
2023-01-25,0.0018826644734707897,0.0
2023-01-26,0.00813937740357244,0.0
2023-01-27,0.0014675814542482834,0.0
2023-01-30,-0.010400972675377264,0.0
2023-01-31,0.01676257757522818,0.0
2023-02-01,0.010195259664944833,0.07186592987763495
2023-02-02,0.010000319072073214,0.0
2023-02-03,-0.011345080088804195,0.0
2023-02-06,-0.007223183786462928,0.0
2023-02-07,0.009070528909463412,0.0
2023-02-08,-0.009826023234302724,0.0
2023-02-09,-0.009299190972139909,0.0
2023-02-10,0.003512852110707835,0.0
2023-02-13,0.01086370696210722,0.0
2023-02-14,-0.002047576069835228,0.0
2023-02-15,0.004274610323670454,0.0
2023-02-16,-0.011099002527850857,0.0
2023-02-17,-0.0017267154180955397,0.0
2023-02-21,-0.021117947266789994,0.0
2023-02-22,-0.001680407968102458,0.0
2023-02-23,0.0036721952179715276,0.0
2023-02-24,-0.008550730028294849,0.0
2023-02-27,0.00126853538462823,0.0
2023-02-28,-0.0028386814419293694,0.0
2023-03-01,-0.00276248481446284,0.05120073231694547
2023-03-02,0.008067853317597422,0.0
2023-03-03,0.013156515748141544,0.0
2023-03-06,-0.004627100834053341,0.0
2023-03-07,-0.016233588343262842,0.0
2023-03-08,0.0021782972511504616,0.0
2023-03-09,-0.020230290769496607,0.0
2023-03-10,-0.020001140699108473,0.0
2023-03-13,-0.009431909050727483,0.0
2023-03-14,0.01330032055299302,0.0
2023-03-15,-0.013997792980140198,0.0
2023-03-16,0.011232169655481496,0.0
2023-03-17,-0.0164835716268929,0.0
2023-03-20,0.012614689108798973,0.0
2023-03-21,0.012066387711898456,0.0
2023-03-22,-0.0215591285507922,0.0
2023-03-23,-0.0027408076288830637,0.0
2023-03-24,0.007974296359048115,0.0
2023-03-27,0.006471836533410179,0.0
2023-03-28,0.0020389667798725664,0.0
2023-03-29,0.014941630115337366,0.0
2023-03-30,0.004847173579436837,0.0
2023-03-31,0.015111816434055642,0.0
2023-04-03,0.0009720638101575751,0.0649267185977687
2023-04-04,-0.010441447334492522,0.0
2023-04-05,-0.0020258988260507356,0.0
2023-04-06,0.0007179432117560738,0.0
2023-04-10,0.0062484438771106925,0.0
2023-04-11,0.0066088522784801314,0.0
2023-04-12,-0.005193660823021686,0.0
2023-04-13,0.00824158211688625,0.0
2023-04-14,-0.004684606796680218,0.0
2023-04-17,0.006607137700232739,0.0
2023-04-18,0.000160790984504268,0.0
2023-04-19,0.0003367462689304135,0.0
2023-04-20,-0.005441737188274471,0.0
2023-04-21,-0.00019745297411671132,0.0
2023-04-24,0.0020050298372749106,0.0
2023-04-25,-0.017315087582377642,0.0
2023-04-26,-0.010474275492966971,0.0
2023-04-27,0.01599004012412873,0.0
2023-04-28,0.011492657104999426,0.0
2023-05-01,-0.0009601363788994677,0.050495317367464466
2023-05-02,-0.015519747251936947,0.0
2023-05-03,-0.00631907761343377,0.0
2023-05-04,-0.009357912604413526,0.0
2023-05-05,0.01539116452466516,0.0
2023-05-08,-0.0019447560340240247,0.0
2023-05-09,-0.004142433191380199,0.0
2023-05-10,-0.0003728949932148378,0.0
2023-05-11,-0.005129443904318923,0.0
2023-05-12,-0.00018445167975759835,0.0
2023-05-15,0.006393054702623505,0.0
2023-05-16,-0.014273827399670657,0.0
2023-05-17,0.013983170799777291,0.0
2023-05-18,0.008169243774311299,0.0
2023-05-19,-0.002973520107614901,0.0
2023-05-22,0.002245812429459159,0.0
2023-05-23,-0.01051671699204893,0.0
2023-05-24,-0.01158141112096515,0.0
2023-05-25,-0.0001759818228061222,0.0
2023-05-26,0.008643515178943491,0.0
2023-05-30,-0.0017143944819517716,0.0
2023-05-31,-0.009669743829556238,0.0
2023-06-01,0.008016719312204712,0.06752454151719448
2023-06-02,0.023060432843864786,0.0
2023-06-05,-0.0037899621774522916,0.0
2023-06-06,0.007496754049191846,0.0
2023-06-07,0.00883379787925416,0.0
2023-06-08,-0.0022644730928154254,0.0
2023-06-09,-0.0016489518086434246,0.0
2023-06-12,0.006363953572874543,0.0
2023-06-13,0.010197744877611502,0.0
2023-06-14,-0.0023990766443303026,0.0
2023-06-15,0.012017551359630724,0.0
2023-06-16,-0.0010854852920222594,0.0
2023-06-20,-0.009089771937219413,0.0
2023-06-21,-0.0011971975253527094,0.0
2023-06-22,-0.00467024091982366,0.0
2023-06-23,-0.008304643313127856,0.0
2023-06-26,0.006039638203766374,0.0
2023-06-27,0.012458341715483809,0.0
2023-06-28,-0.001867162950377475,0.0
2023-06-29,0.007867162493494515,0.0
2023-06-30,0.009312857983353406,0.0
2023-07-03,0.0032210443535853894,0.05061027789218679
2023-07-05,-0.004884562650140952,0.0
2023-07-06,-0.008287958563361633,0.0
2023-07-07,0.002445691783724937,0.0
2023-07-10,0.008636696999058252,0.0
2023-07-11,0.009225099398395102,0.0
2023-07-12,0.004987613271081861,0.0
2023-07-13,0.005070081665553986,0.0
2023-07-14,-0.006302874057784612,0.0
2023-07-17,0.0017450863700653367,0.0
2023-07-18,0.006296166347583176,0.0
2023-07-19,0.004978769609961964,0.0
2023-07-20,-0.0008112459274217213,0.0
2023-07-21,0.0016408410617549723,0.0
2023-07-24,0.002644949060947358,0.0
2023-07-25,0.0008142201543613008,0.0
2023-07-26,0.00237232370628644,0.0
2023-07-27,-0.00874236834098842,0.0
2023-07-28,0.004991098526849123,0.0
2023-07-31,0.00263570052154783,0.0
2023-08-01,-0.003721206814866762,0.05389683255254217
2023-08-02,-0.009279946932510958,0.0
2023-08-03,-0.005044834443364541,0.0
2023-08-04,-0.004835864915613367,0.0
2023-08-07,0.008353359359902347,0.0
2023-08-08,-0.0047215164881274745,0.0
2023-08-09,-0.00288824444634314,0.0
2023-08-10,-0.0011671243608761589,0.0
2023-08-11,0.0002714831893296383,0.0
2023-08-14,-0.000291598840841734,0.0
2023-08-15,-0.013439851645034497,0.0
2023-08-16,-0.006838521336725185,0.0
2023-08-17,-0.007225922092795062,0.0
2023-08-18,0.001111749741485355,0.0
2023-08-21,-0.00017886750716702664,0.0
2023-08-22,-0.0035140009950552693,0.0
2023-08-23,0.008365068190668484,0.0
2023-08-24,-0.00963740173148845,0.0
2023-08-25,0.005284497582949172,0.0
2023-08-28,0.005161274632088602,0.0
2023-08-29,0.011217292088714975,0.0
2023-08-30,0.002724967141985495,0.0
2023-08-31,-0.007503243837458262,0.0
2023-09-01,0.003395090805215162,0.05047534003181642
2023-09-05,-0.011773444684293767,0.0
2023-09-06,-0.003407156644978226,0.0
2023-09-07,-0.004455382174481019,0.0
2023-09-08,0.0006180092574141803,0.0
2023-09-11,0.0018238528933737668,0.0
2023-09-12,-0.0014568616334234641,0.0
2023-09-13,-0.0035628736253015634,0.0
2023-09-14,0.011667678463135423,0.0
2023-09-15,-0.008204676228394804,0.0
2023-09-18,-0.002111096052606871,0.0
2023-09-19,-0.003950829891190579,0.0
2023-09-20,-0.004176020241520846,0.0
2023-09-21,-0.01660915602719364,0.0
2023-09-22,-0.0039360120839853855,0.0
2023-09-25,0.0025276078111202594,0.0
2023-09-26,-0.014261582444640156,0.0
2023-09-27,0.00034902919826424936,0.0
2023-09-28,0.006990531817723916,0.0
2023-09-29,-0.002647003201026441,0.0
2023-10-02,-0.011109137334826213,0.046922337133865524
2023-10-03,-0.016010261484731905,0.0
2023-10-04,0.006198525607655574,0.0
2023-10-05,-0.0034301725466526502,0.0
2023-10-06,0.008503547653996735,0.0
2023-10-09,0.007485132301405252,0.0
2023-10-10,0.007726646810668594,0.0
2023-10-11,0.0023906825446145395,0.0
2023-10-12,-0.012779843739249532,0.0
2023-10-13,-0.0022804576664810674,0.0
2023-10-16,0.012715524744656367,0.0
2023-10-17,0.004965833097584456,0.0
2023-10-18,-0.016276388861905175,0.0
2023-10-19,-0.017579446334598625,0.0
2023-10-20,-0.01229400711379106,0.0
2023-10-23,-0.00655841495427068,0.0
2023-10-24,0.00655718970297379,0.0
2023-10-25,-0.011429234601076733,0.0
2023-10-26,-0.0014432242905525923,0.0
2023-10-27,-0.011948310863045382,0.0
2023-10-30,0.008294400101253955,0.0
2023-10-31,0.008837618128167475,0.0
2023-11-01,0.002819106973799279,0.06961058139622947
2023-11-02,0.02253149548043592,0.0
2023-11-03,0.01633940929021513,0.0
2023-11-06,-0.005043593500831892,0.0
2023-11-07,-0.00223656882313951,0.0
2023-11-08,-0.0013891780862351306,0.0
2023-11-09,-0.009016934811006756,0.0
2023-11-10,0.011931885331901725,0.0
2023-11-13,-0.0021395456619622577,0.0
2023-11-14,0.029525351652734753,0.0
2023-11-15,0.0054188857787527914,0.0
2023-11-16,-0.0032963244017435445,0.0
2023-11-17,0.004623857036041529,0.0
2023-11-20,0.003830878574807902,0.0
2023-11-21,-0.0022360351710482068,0.0
2023-11-22,0.004642029706660075,0.0
2023-11-24,0.0033084001231598542,0.0
2023-11-27,-0.0029091807490101785,0.0
2023-11-28,-0.00026872883576776964,0.0
2023-11-29,0.0039424229082518,0.0
2023-11-30,0.007812196453686603,0.0
2023-12-01,0.015715992747533214,0.06126656214049166
2023-12-04,0.0006860221475829887,0.0
2023-12-05,-0.009134001488280908,0.0
2023-12-06,0.0015413495372702157,0.0
2023-12-07,0.005017957774026768,0.0
2023-12-08,0.0027170454379731425,0.0
2023-12-11,0.008791951058825511,0.0
2023-12-12,0.0018031967784124072,0.0
2023-12-13,0.021474142472072102,0.0
2023-12-14,0.01384249665823002,0.0
2023-12-15,-0.006960707386965496,0.0
2023-12-18,0.0008158695042758373,0.0
2024-02-02,-0.0011086069447068247,0.04489240822914058
2024-02-05,-0.009010988629818166,0.0
2024-02-06,0.005814383113074568,0.0
2024-02-07,0.003477318865692673,0.0
2024-02-08,0.002520863904091171,0.0
2024-02-09,0.0015824775891899936,0.0
2024-02-12,0.006510912479051844,0.0
2024-02-13,-0.01716157157598427,0.0
2024-02-14,0.009311490855740432,0.0
2024-02-15,0.011914070802841124,0.0
2024-02-16,-0.004011729398952309,0.0
2024-02-20,-0.002772505482826616,0.0
2024-02-21,0.0039576203116339186,0.0
2024-02-22,0.009485188673240504,0.0
2024-02-23,0.0025102859444739193,0.0
2024-02-26,-0.004854144901852313,0.0
2024-02-27,0.004305663515972971,0.0
2024-02-28,-6.84926515251918e-05,0.0
2024-02-29,0.005544159920497239,0.0
2024-03-01,0.005470595166092718,0.054613190719498245
2024-03-04,0.0025731678289212952,0.0
2024-03-05,-0.009185687314430984,0.0
2024-03-06,0.006125323864725108,0.0
2024-03-07,0.007661531954272464,0.0
2024-03-08,-0.0010124119865450437,0.0
2024-03-11,0.0024865187650365446,0.0
2024-03-12,0.0019435182265969807,0.0
2024-03-13,0.0006054955679078982,0.0
2024-03-14,-0.009093482644611989,0.0
2024-03-15,-0.0011013600694558365,0.0
2024-03-18,0.0030504241084159237,0.0
2024-03-19,0.003654934881375905,0.0
2024-03-20,0.00832626519298135,0.0
2024-03-21,0.006881914800220478,0.0
2024-03-22,-0.005891115824599156,0.0
2024-03-25,-0.0022178614236216332,0.0
2024-03-26,-0.003442626025870809,0.0
2024-03-27,0.016336987205476584,0.0
2024-03-28,0.004691429532090599,0.0
2024-04-01,-0.00606786844969931,0.04432638875509569
2024-04-02,-0.011102237341547787,0.0
2024-04-03,-0.0014412764546585881,0.0
2024-04-04,-0.010030719937913535,0.0
2024-04-05,0.00651887310552702,0.0
2024-04-08,0.0028697525514320295,0.0
2024-04-09,0.004393416684975312,0.0
2024-04-10,-0.01686194634363166,0.0
2024-04-11,-0.0013796150890712502,0.0
2024-04-12,-0.015542889947598509,0.0
2024-04-15,-0.008881959600852318,0.0
2024-04-16,-0.005592945011337817,0.0
2024-04-17,-0.0023953204922711486,0.0
2024-04-18,-0.000523954900337462,0.0
2024-04-19,0.0038149710247894287,0.0
2024-04-22,0.007939990944725743,0.0
2024-04-23,0.007997590332851637,0.0
2024-04-24,0.0018792522139121236,0.0
2024-04-25,-0.0027153420323815557,0.0
2024-04-26,0.0012837056274228897,0.0
2024-04-29,0.0069373074053045705,0.0
2024-04-30,-0.014474757385272676,0.0
2024-05-01,-0.0030954392459476843,0.06006837973849549
2024-05-02,0.005934878616471735,0.0
2024-05-03,0.007040166136192282,0.0
2024-05-06,0.007429099985366341,0.0
2024-05-07,0.003412419764876453,0.0
2024-05-08,-0.0005902553583232602,0.0
2024-05-09,0.0025703053046093327,0.0
2024-05-10,0.0017525066577461176,0.0
2024-05-13,-0.00010245654382639555,0.0
2024-05-14,0.004349000427152295,0.0
2024-05-15,0.00786071389436818,0.0
2024-05-16,-0.0014399882446224227,0.0
2024-05-17,0.001613086477239535,0.0
2024-05-20,-0.0007444336257448336,0.0
2024-05-21,-0.0007017508654953286,0.0
2024-05-22,-0.0030892998290250606,0.0
2024-05-23,-0.014463348034836055,0.0
2024-05-24,0.006116153012440257,0.0
2024-05-28,-0.007337038088894779,0.0
2024-05-29,-0.011575612874132318,0.0
2024-05-30,0.004648914389468807,0.0
2024-05-31,0.013767296334530502,0.0
2024-06-03,-0.004361977482624124,0.054969978942217994
2024-06-04,-0.0021767929740189543,0.0
2024-06-05,0.005967660242393766,0.0
2024-06-06,-0.001900489981950514,0.0
2024-06-07,-0.0032709403876954373,0.0
2024-06-10,0.0022465743701416945,0.0
2024-06-11,-0.003780350721862622,0.0
2024-06-12,0.005022437467979385,0.0
2024-06-13,-0.002602017265571569,0.0
2024-06-14,-0.00629716051982045,0.0
2024-06-17,0.006879064959094447,0.0
2024-06-18,0.0025108439626906473,0.0
2024-06-20,0.0012629620252590007,0.0
2024-06-21,0.0018395756621027528,0.0
2024-06-24,0.005066151839490203,0.0
2024-06-25,-0.009108678504862602,0.0
2024-06-26,-0.0034252538704172913,0.0
2024-06-27,0.0007516080351731534,0.0
2024-06-28,0.0013868613624967358,0.0
2024-07-01,-0.007646876402494618,0.04761470987786047
2024-07-02,0.004128624311228152,0.0
2024-07-03,0.0005441825064997652,0.0
2024-07-05,-0.0009361494084901007,0.0
2024-07-08,0.001886483241127509,0.0
2024-07-09,-0.007900024134404847,0.0
2024-07-10,0.009274461267889196,0.0
2024-07-11,0.011872584446191894,0.0
2024-07-12,0.007767058441440711,0.0
2024-07-15,0.0009460808474439169,0.0
2024-07-16,0.017281965122732473,0.0
2024-07-17,-0.0028190474141948896,0.0
2024-07-18,-0.008425286063471187,0.0
2024-07-19,-0.006952874567229275,0.0
2024-07-22,0.008515445186893995,0.0
2024-07-23,-0.0038081841146484345,0.0
2024-07-24,-0.011350117625120684,0.0
2024-07-25,0.0016118557027948945,0.0
2024-07-26,0.014239617571621165,0.0
2024-07-29,0.001372690610600402,0.0
2024-07-30,0.0049597821252946785,0.0
2024-07-31,0.0043593650609697904,0.0
2024-08-01,-0.009728563555581271,0.07468379950405432
2024-08-02,-0.017498973223473817,0.0
2024-08-05,-0.023683034659434044,0.0
2024-08-06,0.010083914865699057,0.0
2024-08-07,-0.0072011603983024594,0.0
2024-08-08,0.018777081209310067,0.0
2024-08-09,0.0018916743576184289,0.0
2024-08-12,-0.0046258472829351135,0.0
2024-08-13,0.011398420766274092,0.0
2024-08-14,0.0021188280558691094,0.0
2024-08-15,0.013479279424232422,0.0
2024-08-16,0.0028642784687643633,0.0
2024-08-19,0.0077301778869231855,0.0
2024-08-20,-0.004269033154074189,0.0
2024-08-21,0.007324877308650442,0.0
2024-08-22,-0.0033482397153473424,0.0
2024-08-23,0.01260989702191387,0.0
2024-08-26,-0.00038854296909835687,0.0
2024-08-27,0.00023835871729527096,0.0
2024-08-28,-0.0028174949362106496,0.0
2024-08-29,0.0032240848767174884,0.0
2024-08-30,0.007902507184391774,0.0
2024-09-03,-0.013439229303957134,0.04946892319344335
2024-09-04,-0.0011667251084249517,0.0
2024-09-05,-0.005983542261452415,0.0
2024-09-06,-0.011749836322897063,0.0
2024-09-09,0.009963988269228893,0.0
2024-09-10,0.00023442412066642816,0.0
2024-09-11,0.001507407997691894,0.0
2024-09-12,0.005312171946221396,0.0
2024-09-13,0.009387843576746768,0.0
2024-09-16,0.006658833256856187,0.0
2024-09-17,0.001777251386474285,0.0
2024-09-18,-0.002098731361236907,0.0
2024-09-19,0.01142012657095788,0.0
2024-09-20,-0.004208252650256405,0.0
2024-09-23,0.0050730069841248655,0.0
2024-09-24,0.0017204130725785687,0.0
2024-09-25,-0.006679752503804816,0.0
2024-09-26,0.009175632254956798,0.0
2024-09-27,0.0035016893701900727,0.0
2024-09-30,0.0016264903950333623,0.0
2024-10-01,-0.007201351593988936,0.04491083589183278
2024-10-02,-0.0034421284830575853,0.0
2024-10-03,-0.004988540447829756,0.0
2024-10-04,0.0068348931137472285,0.0
2024-10-07,-0.008237341501246758,0.0
2024-10-08,0.0026245368916115,0.0
2024-10-09,0.007032975448875745,0.0
2024-10-10,-0.003962693236097402,0.0
2024-10-11,0.009554837194752584,0.0
2024-10-14,0.006791758823813914,0.0
2024-10-15,-0.003841231452259307,0.0
2024-10-16,0.006294072787905407,0.0
2024-10-17,-0.001478366234390254,0.0
2024-10-18,0.002887889812588381,0.0
2024-10-21,-0.00879644649400951,0.0
2024-10-22,-0.004069416731964942,0.0
2024-10-23,-0.00338242536483365,0.0
2024-10-24,-0.00012812519962231985,0.0
2024-10-25,-0.00479597693123574,0.0
2024-10-28,0.005345379952014747,0.0
2024-10-29,-0.003251030767021819,0.0
2024-10-30,-0.0012887665447608198,0.0
2024-10-31,-0.010701891567490601,0.0
2024-11-01,0.0005410120754187897,0.06781849137728813
2024-11-04,0.0016663820106383653,0.0
2024-11-05,0.010633182440396443,0.0
2024-11-06,0.021598137250636185,0.0
2024-11-07,0.0005853052463491021,0.0
2024-11-08,0.004962647528529642,0.0
2024-11-11,0.004514636179436015,0.0
2024-11-12,-0.0071713727754855044,0.0
2024-11-13,0.0006109882844849185,0.0
2024-11-14,-0.007147307402618345,0.0
2024-11-15,-0.007931696870316751,0.0
2024-11-18,0.004602137051755967,0.0
2024-11-19,-0.0035623157137395344,0.0
2024-11-20,0.003053799156407029,0.0
2024-11-21,0.012228857487301433,0.0
2024-11-22,0.007452887203658803,0.0
2024-11-25,0.009291909451459983,0.0
2024-11-26,-9.365386840116347e-05,0.0
2024-11-27,-0.0041928960390117155,0.0
2024-11-29,0.0027104625086802185,0.0
2024-12-02,-0.002818933435560611,0.05618371137310607
2024-12-03,-0.004624384514307214,0.0
2024-12-04,-0.0007640649592003256,0.0
2024-12-05,-0.005187194370655572,0.0
2024-12-06,-0.0015346794563675212,0.0
2024-12-09,-0.0028013798424147206,0.0
2024-12-10,-0.005524105797415645,0.0
2024-12-11,-6.622875743120759e-05,0.0
2024-12-12,-0.0035395890426758413,0.0
2024-12-13,-0.0037090619653082396,0.0
2024-12-16,-0.004122601693223793,0.0
2024-12-17,-0.006701403939489975,0.0
2024-12-18,-0.028613968653532773,0.0
2024-12-19,-0.004450389587561037,0.0
2024-12-20,0.013325472327963613,0.0
2024-12-23,0.0019472825158437417,0.0
2025-03-25,-0.012863642548189946,0.051411509305585724
2025-03-26,-0.0007576944492571731,0.0
2025-03-27,-0.002010430081679689,0.0
2025-03-28,-0.014317219346264077,0.0
2025-03-31,0.008051216822817248,0.0
2025-04-01,0.000685257289065655,0.03455349822369541
2025-04-02,0.008151560929679846,0.0
2025-04-03,-0.04684222552230574,0.0
2025-04-04,-0.05582889713655592,0.0
2025-04-07,-0.00900510336356318,0.0
2025-04-08,-0.01938449695988612,0.0
2025-04-09,0.07843518335000299,0.0
2025-04-10,-0.03301297618968719,0.0
2025-04-11,0.015672334880000617,0.0
2025-04-14,0.012545906755436638,0.0
2025-04-15,-0.003688464517669031,0.0
2025-04-16,-0.013534098479375105,0.0
2025-04-17,0.007494825814637139,0.0
2025-04-21,-0.019602151814897086,0.0
2025-04-22,0.02488413080007569,0.0
2025-04-23,0.009095570909090564,0.0
2025-04-24,0.016128065762288587,0.0
2025-04-25,-0.0014626190050467374,0.0
2025-04-28,0.0029813603725107047,0.0
2025-04-29,0.0054327144202560235,0.0
2025-04-30,0.0021107632413662155,0.0
2025-05-01,-0.0015393367189914242,0.05751450140993402
2025-05-02,0.017513086502634737,0.0
2025-05-05,-0.004027908237563076,0.0
2025-05-06,-0.007107762845264822,0.0
2025-05-07,0.006703861815358881,0.0
2025-05-08,0.00874840940783616,0.0
2025-05-09,0.0003011022509370787,0.0
2025-05-12,0.028165971229698425,0.0
2025-05-13,0.0009282003487963837,0.0
2025-05-14,-0.006729893035220181,0.0
2025-05-15,0.009235002574020186,0.0
2025-05-16,0.009641212845033859,0.0
2025-05-19,-0.0001395986195610348,0.0
2025-05-20,-0.00486477053887323,0.0
2025-05-21,-0.021649428384214457,0.0
2025-05-22,-0.0033300581558479026,0.0
2025-05-23,-0.003470367901603685,0.0
2025-05-27,0.01854302350567902,0.0
2025-05-28,-0.008995967296581694,0.0
2025-05-29,0.0036621614681548375,0.0
2025-05-30,-0.00033287974882532207,0.0
2025-06-02,3.0205446168496408e-05,0.062079199192223655
2025-06-03,0.008029854789184566,0.0
2025-06-04,-0.0021188257113908112,0.0
2025-06-05,-0.0017946712994521595,0.0
2025-06-06,0.008700168054136316,0.0
2025-06-09,0.0007220130655319493,0.0
2025-06-10,0.006504620263785326,0.0
2025-06-11,-0.0035833360305034586,0.0
2025-06-12,0.0023605461093673375,0.0
2025-06-13,-0.012303676165178655,0.0
2025-06-16,0.00900761545691086,0.0
2025-06-17,-0.010706089863087378,0.0
2025-06-18,-0.0001530564528181028,0.0
2025-06-20,0.0016444823298394765,0.0
2025-06-23,0.008643628479185041,0.0
2025-06-24,0.009219899997104573,0.0
2025-06-25,-0.007398682427961401,0.0
2025-06-26,0.007443427217494223,0.0
2025-06-27,0.004119335824335322,0.0
2025-06-30,0.004606289761155159,0.0
2025-07-01,0.012309556368971242,0.060221044915515845
2025-07-02,0.00221712977910713,0.0
2025-07-03,0.004868763341282214,0.0
2025-07-07,-0.008761439978092669,0.0
2025-07-08,0.0029758608293824116,0.0
2025-07-09,0.002849785412765797,0.0
2025-07-10,0.0037841795889098136,0.0
2025-07-11,-0.00760679920733013,0.0
2025-07-14,0.000525550578166539,0.0
2025-07-15,-0.01372446487330294,0.0
2025-07-16,0.00404364171113246,0.0
2025-07-17,0.00726139096747605,0.0
2025-07-18,-0.00011511753818889078,0.0
2025-07-21,-0.005216003573986498,0.0
2025-07-22,0.013529640160423555,0.0
2025-07-23,0.006947025952285085,0.0
2025-07-24,-0.0035170541135585067,0.0
2025-07-25,0.004876408190588905,0.0
2025-07-28,-0.005932741599720983,0.0
2025-07-29,-0.0006779227184705893,0.0
2025-07-30,-0.007035936596504236,0.0
2025-07-31,-0.009273990022710007,0.0
2025-08-01,-0.009973318374092321,0.06933765251944236
2025-08-04,0.011850372022013065,0.0
2025-08-05,-0.002932738138872755,0.0
2025-08-06,-0.002253570160933371,0.0
2025-08-07,-0.000606212555156256,0.0
2025-08-08,0.0032480325556851902,0.0
2025-08-11,-0.005430272181772151,0.0
2025-08-12,0.013373527155635872,0.0
2025-08-13,0.014152926135990382,0.0
2025-08-14,-0.005822248099629947,0.0
2025-08-15,-0.0018577192232621389,0.0
2025-08-18,-0.0002644262653296746,0.0
2025-08-19,0.0060304018758247716,0.0
2025-08-20,-0.0003553844140128999,0.0
2025-08-21,-0.0037225270536140297,0.0
2025-08-22,0.01963322927773267,0.0
2025-08-25,-0.007761975990906885,0.0
2025-08-26,0.00041225736193730274,0.0
2025-08-27,0.003813106013082328,0.0
2025-08-28,-0.0011087445437494626,0.0
2025-08-29,-0.006519052285031049,0.0
2025-09-02,-0.0069493702889784625,0.05654803353687732
2025-09-03,-0.0015853895435139279,0.0
2025-09-04,0.006990172207232717,0.0
2025-09-05,0.0012197933797568595,0.0
2025-09-08,-0.0007325957922534557,0.0
2025-09-09,-0.003170612528161607,0.0
2025-09-10,-0.0019724123131131662,0.0
2025-09-11,0.015409069978339116,0.0
2025-09-12,-0.007786358742355192,0.0
2025-09-15,-0.0024639204754624507,0.0
2025-09-16,-0.0021965601521910846,0.0
2025-09-17,0.0011562045528784404,0.0
2025-09-18,0.005669499652144272,0.0
2025-09-19,-0.002328012623099584,0.0
2025-09-22,0.0008305511132329966,0.0
2025-09-23,0.0007840914223249496,0.0
2025-09-24,-0.0017568836894126182,0.0
2025-09-25,-0.008571651338825502,0.0
2025-09-26,0.01028365702756099,0.0
2025-09-29,0.0023605633708798264,0.0
2025-09-30,0.0031953120952826824,0.0
2025-10-01,0.0020300344014774208,0.0657822108467164
2025-10-02,0.0021026379888563216,0.0
2025-10-03,0.0038626576731595895,0.0
2025-10-06,-0.0006866813852506423,0.0
2025-10-07,-0.004603870737607526,0.0
2025-10-08,0.0022496924316637197,0.0
2025-10-09,-0.007822865177137428,0.0
2025-10-10,-0.02151214078799674,0.0
2025-10-13,0.009778955386672235,0.0
2025-10-14,0.00918602671647881,0.0
2025-10-15,0.0013266559345653697,0.0
2025-10-16,-0.008800128367109944,0.0
2025-10-17,0.005005340134567474,0.0
2025-10-20,0.009706432313963084,0.0
2025-10-21,0.005037252262696466,0.0
2025-10-22,-0.0043761004462622224,0.0
2025-10-23,0.004118280231789282,0.0
2025-10-24,0.0017723722843630137,0.0
2025-10-27,0.004362036827669058,0.0
2025-10-28,-0.009125631814258007,0.0
2025-10-29,-0.011700772241996163,0.0
2025-10-30,-0.0031354298481056555,0.0
2025-10-31,-0.0005061661876197722,0.0
2025-11-03,-0.0029151773819711124,0.06751711862837864
2025-11-04,-0.0071150039630158615,0.0
2025-11-05,0.0030608516235986778,0.0
2025-11-06,-0.0066358124125839545,0.0
2025-11-07,0.00980392472022819,0.0
2025-11-10,0.004170835460334515,0.0
2025-11-11,0.006858646637183188,0.0
2025-11-12,0.0006767726871151113,0.0
2025-11-13,-0.010283928438136808,0.0
2025-11-14,-0.0033871080560364656,0.0
2025-11-17,-0.01272435635690125,0.0
2025-11-18,0.00048239406089437687,0.0
2025-11-19,-0.00314311897540835,0.0
2025-11-20,-0.009735080186348959,0.0
2025-11-21,0.020131367050225384,0.0
2025-11-24,0.002847255299187918,0.0
2025-11-25,0.014838893434161098,0.0
2025-11-26,0.005855778134566347,0.0
2025-11-28,0.0046658319177938536,0.0
2025-12-01,-0.008436330641000467,0.05283934819272344
2025-12-02,-0.0008734900941794743,0.0
2025-12-03,0.007575956262192552,0.0
2025-12-04,7.77954801415563e-05,0.0
2025-12-05,0.0020261123274985665,0.0
2025-12-08,-0.0064882906828616195,0.0
2025-12-09,-0.002219267332930023,0.0
2025-12-10,0.013757031911113144,0.0
2025-12-11,0.009078601831297313,0.0
2025-12-12,-0.009205896731070643,0.0
2025-12-15,0.001583214850153014,0.0
2025-12-16,-0.0073222530033040965,0.0
2025-12-17,-0.001918927541952551,0.0
2025-12-18,0.0013160344231780325,0.0
2025-12-19,0.0027591114432880376,0.0
2025-12-22,0.007720529260016424,0.0
2026-01-15,0.0008657449360784941,0.05982044846094692
2026-01-16,-0.0029591370812301803,0.0
2026-01-20,-0.015221360165432895,0.0
2026-01-21,0.015702505806873428,0.0
2026-01-22,0.0018161005811914409,0.0
2026-01-23,-0.004047301884043187,0.0
2026-01-26,0.0028011328010762596,0.0
2026-01-27,-0.0015302665665753298,0.0
2026-01-28,-0.003330984319269434,0.0
2026-01-29,0.0011509469622420698,0.0
2026-01-30,-0.002173381320986112,0.0
2026-02-02,0.004595191966920931,0.048570595475915454
2026-02-03,-0.003357872706849876,0.0
2026-02-04,0.011030575927591383,0.0
2026-02-05,-0.008386356307587679,0.0
2026-02-06,0.017234503925766094,0.0
2026-02-09,0.0003107985291556344,0.0
2026-02-10,-0.004299857651167896,0.0
2026-02-11,0.0016609100968681878,0.0
2026-02-12,-0.013478554767682647,0.0
2026-02-13,0.010323498420529308,0.0
2026-02-17,-0.002096126482642497,0.0
2026-02-18,0.005294060541151117,0.0
2026-02-19,-0.003113083093854428,0.0
2026-02-20,0.004484375538524623,0.0
2026-02-23,-0.011029620713354343,0.0
2026-02-24,0.00808630633402726,0.0
2026-02-25,7.887525842232552e-05,0.0
2026-02-26,0.006248648920340903,0.0
2026-02-27,0.001000084075690045,0.0
2026-03-02,-0.0017495959301958575,0.08012235146690155
2026-03-03,-0.01019442173220849,0.0
2026-03-04,0.0034172035106565094,0.0
2026-03-05,-0.009280307699178918,0.0
2026-03-06,-0.011699698623513579,0.0
2026-03-09,0.001458263543716918,0.0
2026-03-10,-0.008796184436988354,0.0
2026-03-11,-0.0038059184989434193,0.0
2026-03-12,-0.014829921674432846,0.0
2026-03-13,-0.0006330616573161001,0.0
2026-03-16,0.006649387911377862,0.0
2026-03-17,0.005123057819192079,0.0
2026-03-18,-0.013718541932674317,0.0
2026-03-19,-0.0007920627409652572,0.0
2026-03-20,-0.01385022940134931,0.0
2026-03-23,0.010246476148024316,0.0
2026-03-24,-0.000956850159724919,0.0
2026-03-25,0.004493691622608608,0.0
2026-03-26,-0.007164745633554635,0.0
2026-03-27,-0.013134080074387537,0.0
2026-03-30,-0.0011388878210764927,0.0
2026-03-31,0.018962168373266173,0.0
2026-04-01,0.0024132076984044737,0.059949986922596246
2026-04-02,0.002552307730230181,0.0
2026-04-06,0.004691220312811592,0.0
2026-04-07,-0.0028466948108497687,0.0
2026-04-08,0.02302698250849329,0.0
2026-04-09,0.00030588786545739685,0.0
2026-04-10,-0.010150436640561429,0.0
2026-04-13,0.01091861740505423,0.0
2026-04-14,0.0037444706650704746,0.0
2026-04-15,-0.0006519418444921161,0.0
2026-04-16,0.004641599545593835,0.0
2026-04-17,0.012120676369765337,0.0
2026-04-20,0.0019793018852178284,0.0
2026-04-21,-0.005509256311348298,0.0
2026-04-22,-0.0007689329236966059,0.0
2026-04-23,0.0001179545780402972,0.0
2026-04-24,-0.0021756784849515424,0.0
2026-04-27,-0.002000407353878229,0.0
2026-04-28,-0.0036377803226379395,0.0
2026-04-29,-0.0019815808259255334,0.0
2026-04-30,0.01378703949490817,0.0
2026-05-01,-0.003862498511524648,0.09244476852661301
2026-05-04,-0.007194677664448407,0.0
2026-05-05,0.006689485982832699,0.0
2026-05-06,0.007670455137006594,0.0
2026-05-07,-0.005331054560811555,0.0
2026-05-08,-0.0017639022729477674,0.0
2026-05-11,-0.0034600904532773695,0.0
2026-05-12,0.00016604442668485803,0.0
2026-05-13,-0.00498459037411453,0.0
2026-05-14,0.0035258712091381025,0.0
2026-05-15,-0.009812975986634023,0.0
2026-05-18,0.009087459245331428,0.0
2026-05-19,-0.005273983846542901,0.0
2026-05-20,0.011162590982493524,0.0
2026-05-21,0.0030368016880701404,0.0
2026-05-22,0.00919875874428212,0.0
2026-05-26,0.0029528283341432064,0.0
2026-05-27,-0.0001588415579299031,0.0
2026-05-28,0.0036630831569076814,0.0
2026-05-29,0.0013841332393149993,0.0
2026-06-01,0.0014488709618085682,0.08767212043296205
2026-06-02,-0.00017799255418505058,0.0
2026-06-03,-0.0077295617824993095,0.0
2026-06-04,0.009661186671484672,0.0
2026-06-05,-0.007665407601863432,0.0
2026-06-08,-0.003487227459729034,0.0
2026-06-09,0.010981915329386818,0.0
2026-06-10,-0.011892551383339538,0.0
2026-06-11,0.012429118065477043,0.0
2026-06-12,0.008209267990699994,0.0
2026-06-15,0.0018571375577963421,0.0
2026-06-16,-0.00032855510755182217,0.0
2026-06-17,-0.016272225609664147,0.0
2026-06-18,0.0030415192991401193,0.0
2026-06-22,0.0003455551251568404,0.0
2026-06-23,-0.001103897574652979,0.0
2026-06-24,0.008003003037899192,0.0
2026-06-25,0.006814835250500388,0.0
2026-06-26,0.005629263934162149,0.0
2026-06-29,0.0010405394774681128,0.0
2026-06-30,-0.004376082696523344,0.0
