date,return,turnover
2005-01-07,9.999999999998899e-05,0.0
2005-01-10,9.999999999998899e-05,0.0
2005-01-11,9.999999999998899e-05,0.0
2005-01-12,9.999999999998899e-05,0.0
2005-01-13,9.999999999998899e-05,0.0
2005-01-14,9.999999999998899e-05,0.0
2005-01-18,9.999999999998899e-05,0.0
2005-01-19,9.999999999998899e-05,0.0
2005-01-20,9.999999999998899e-05,0.0
2005-01-21,9.999999999998899e-05,0.0
2005-01-24,9.999999999998899e-05,0.0
2005-01-25,9.999999999998899e-05,0.0
2005-01-26,9.999999999998899e-05,0.0
2005-01-27,9.999999999998899e-05,0.0
2005-01-28,9.999999999998899e-05,0.0
2005-01-31,9.999999999998899e-05,0.0
2005-02-01,-0.0024002499999999927,1.0
2005-02-02,0.0066209085453634645,0.0
2005-02-03,0.37556828814102,0.0
2005-02-04,0.010628780084012832,0.0
2005-02-07,-0.0013127796272145594,0.0
2005-02-08,0.0015489863872072108,0.0
2005-02-09,-0.013300004021210347,0.0
2005-02-10,-0.26809288583106095,0.0
2005-02-11,0.011474765006741437,0.0
2005-02-14,0.3676569075311742,0.0
2005-02-15,-0.2611852505886773,0.0
2005-02-16,0.001149843834694702,0.0
2005-02-17,0.3509335910171728,0.0
2005-02-18,0.006425793605693331,0.0
2005-02-22,-0.27812956662127497,0.0
2005-02-23,0.005043815293985029,0.0
2005-02-24,0.012931887339149607,0.0
2005-02-25,0.4275897022061901,0.0
2005-02-28,-0.009375132425873595,0.0
2005-03-01,-0.2859922318777265,0.44334628181203006
2005-03-02,0.002028822290753919,0.0
2005-03-03,0.0020862890486183054,0.0
2005-03-04,0.37748176601250244,0.0
2005-03-07,-0.26223432153930454,0.0
2005-03-08,-0.007424599011497243,0.0
2005-03-09,0.34442486087634133,0.0
2005-03-10,-0.0036768844954023225,0.0
2005-03-11,-0.26435174175602366,0.0
2005-03-14,0.004877739396198583,0.0
2005-03-15,0.34844330612724705,0.0
2005-03-16,-0.007094195253312306,0.0
2005-03-17,-0.26028762002996425,0.0
2005-03-18,0.3637789621536616,0.0
2005-03-21,-0.26683053696978554,0.0
2005-03-22,0.3593432074703039,0.0
2005-03-23,-0.27513157769014573,0.0
2005-03-24,0.004816540900872755,0.0
2005-03-28,0.0005849781500805349,0.0
2005-03-29,-0.014369841883096961,0.0
2005-03-30,0.013426689285641804,0.0
2005-03-31,0.37790098021495955,0.0
2005-04-01,-0.004201864823552781,0.7896380628313053
2005-04-04,0.0016760721387140008,0.0
2005-04-05,0.0031252835731557797,0.0
2005-04-06,0.002643948520253394,0.0
2005-04-07,0.004032962855253406,0.0
2005-04-08,-0.011708613299014433,0.0
2005-04-11,0.0014200341892981402,0.0
2005-04-12,0.0033707822957184915,0.0
2005-04-13,-0.016172746511709378,0.0
2005-04-14,-0.017619198554634122,0.0
2005-04-15,-0.02377909082225412,0.0
2005-04-18,0.003266660348656183,0.0
2005-04-19,0.012686293776578265,0.0
2005-04-20,-0.014089887584338174,0.0
2005-04-21,0.021173360748030577,0.0
2005-04-22,-0.006452519363022673,0.0
2005-04-25,0.01152855490238423,0.0
2005-04-26,-0.011843726957126372,0.0
2005-04-27,-0.0016915049936831084,0.0
2005-04-28,-0.008927496135470687,0.0
2005-04-29,0.008935554780441111,0.0
2005-05-02,0.007540146902227596,0.3615763093564358
2005-05-03,-0.005639892459979637,0.0
2005-05-04,0.005135116932624961,0.0
2005-05-05,0.0063175599236061876,0.0
2005-05-06,0.00162453052116569,0.0
2005-05-09,0.007877456240199301,0.0
2005-05-10,-0.011764866820599374,0.0
2005-05-11,0.005487603831710897,0.0
2005-05-12,-0.020577715970426028,0.0
2005-05-13,-0.0012898680108450007,0.0
2005-05-16,0.0015686813272518738,0.0
2005-05-17,0.021054907721887183,0.0
2005-05-18,0.013061808847830503,0.0
2005-05-19,-0.002539384823298837,0.0
2005-05-20,-0.0015897605121938546,0.0
2005-05-23,0.015517563899866966,0.0
2005-05-24,-0.0020267915257023475,0.0
2005-05-25,-0.012474542593624993,0.0
2005-05-26,0.007958684542248871,0.0
2005-05-27,0.004953065913306305,0.0
2005-05-31,-0.004127665923672149,0.0
2005-06-01,0.01874727151220834,0.3561085679468806
2005-06-02,0.003817408016657223,0.0
2005-06-03,-0.0021998711084635723,0.0
2005-06-06,0.004389583809759741,0.0
2005-06-07,-0.0009348078674123802,0.0
2005-06-08,-0.003172168299384341,0.0
2005-06-09,0.007569911255644128,0.0
2005-06-10,-0.0016476963654738597,0.0
2005-06-13,0.0024104507618813503,0.0
2005-06-14,0.0044926499411916156,0.0
2005-06-15,0.0038040922978426184,0.0
2005-06-16,0.004056019662114752,0.0
2005-06-17,0.007641638947166376,0.0
2005-06-20,-0.0017439467938917647,0.0
2005-06-21,-0.005362635939526714,0.0
2005-06-22,0.00241401895814387,0.0
2005-06-23,-0.007824486302089125,0.0
2005-06-24,-0.007666974985562162,0.0
2005-06-27,0.004195120928645566,0.0
2005-06-28,0.009507061852034128,0.0
2005-06-29,-0.0012321397157760237,0.0
2005-06-30,-0.002300811254628907,0.0
2005-07-01,0.004496897291749402,0.36840860628479705
2005-07-05,0.002582550673894399,0.0
2005-07-06,0.001665084169955023,0.0
2005-07-07,0.004869504141285548,0.0
2005-07-08,0.00036302691522002327,0.0
2005-07-11,0.015878407619798078,0.0
2005-07-12,0.0013881188187514536,0.0
2005-07-13,-0.010619247517391068,0.0
2005-07-14,-0.002687484565579914,0.0
2005-07-15,0.012942626143412555,0.0
2005-07-18,0.0004176980786876985,0.0
2005-07-19,0.00968120969631231,0.0
2005-07-20,0.00932593977306859,0.0
2005-07-21,-0.012149206848275647,0.0
2005-07-22,1.9090807081541584e-05,0.0
2005-07-25,-0.012367247291375871,0.0
2005-07-26,0.004529415097848455,0.0
2005-07-27,0.015477761905723936,0.0
2005-07-28,0.009585136168818877,0.0
2005-07-29,-0.006202907255958745,0.0
2005-08-01,-0.0007547647571726213,0.378461897072112
2005-08-02,0.007387250818445424,0.0
2005-08-03,0.0028903318886249934,0.0
2005-08-04,-0.006989612202750571,0.0
2005-08-05,-0.012831545295684019,0.0
2005-08-08,-0.0045603943893943975,0.0
2005-08-09,0.0034576691185894616,0.0
2005-08-10,0.004759211383816194,0.0
2005-08-11,0.009974642524891943,0.0
2005-08-12,-0.002251050170261549,0.0
2005-08-15,-0.004498806284948979,0.0
2005-08-16,-0.014454159853963077,0.0
2005-08-17,-0.002244248595927889,0.0
2005-08-18,-0.0014638029232009293,0.0
2005-08-19,0.0024365538246117844,0.0
2005-08-22,0.0051533796119564,0.0
2005-08-23,-0.009390548281998302,0.0
2005-08-24,-0.008993223975597254,0.0
2005-08-25,0.0042233344523499045,0.0
2005-08-26,0.0003994184094097769,0.0
2005-08-29,-0.0015937217061324648,0.0
2005-08-30,-0.0003527058419089811,0.0
2005-08-31,0.01387474882677912,0.0
2005-09-01,0.0028605603715730066,0.4397174304417255
2005-09-02,-0.012282066643316606,0.0
2005-09-06,0.021674389318725156,0.0
2005-09-07,-0.0022621861028251982,0.0
2005-09-08,-0.0028407077945602132,0.0
2005-09-09,0.012031366969356421,0.0
2005-09-12,-0.0017051221677190423,0.0
2005-09-13,0.0028206892670210254,0.0
2005-09-14,-0.011167123302024814,0.0
2005-09-15,0.001561213473280543,0.0
2005-09-16,0.018329921665861615,0.0
2005-09-19,-0.007716980860784141,0.0
2005-09-20,-0.00981945726688968,0.0
2005-09-21,-0.017260187163481863,0.0
2005-09-22,0.011645293194143726,0.0
2005-09-23,-0.0058187432478872,0.0
2005-09-26,0.003911692493156354,0.0
2005-09-27,0.009582671818563048,0.0
2005-09-28,-0.006681398645686416,0.0
2005-09-29,0.020372116923802516,0.0
2005-09-30,0.012318754024567474,0.0
2005-10-03,-0.007067307227351272,0.38305348968393615
2005-10-04,-0.013301581532654228,0.0
2005-10-05,0.5689341986008626,0.0
2005-10-06,-0.011003353419451804,0.0
2005-10-07,0.006585883675918657,0.0
2005-10-10,-0.011149607106831282,0.0
2005-10-11,-0.37951124261581315,0.0
2005-10-12,-0.012625269979159155,0.0
2005-10-13,0.6139915086102293,0.0
2005-10-14,-0.37772762134495186,0.0
2005-10-17,0.008623803167014742,0.0
2005-10-18,0.5987049721074743,0.0
2005-10-19,0.024977838799897754,0.0
2005-10-20,-0.012310345364108244,0.0
2005-10-21,0.00677389210244791,0.0
2005-10-24,0.014376885775612726,0.0
2005-10-25,-0.001473220280755804,0.0
2005-10-26,-0.008855005580172564,0.0
2005-10-27,-0.00810504469967752,0.0
2005-10-28,0.01835275680972087,0.0
2005-10-31,0.014170123615803705,0.0
2005-11-01,-0.39244049153079175,0.33702100443427857
2005-11-02,0.7862643888257874,0.0
2005-11-03,0.004248123361956985,0.0
2005-11-04,-0.433285108213963,0.0
2005-11-07,0.0014663546647566915,0.0
2005-11-08,0.7499625894999192,0.0
2005-11-09,-0.4320029623886535,0.0
2005-11-10,0.7818299015019468,0.0
2005-11-11,-0.4344712614998734,0.0
2005-11-14,0.000653041844270906,0.0
2005-11-15,0.77050965053691,0.0
2005-11-16,-0.4322609886988688,0.0
2005-11-17,0.013169513269461867,0.0
2005-11-18,0.7638755852102032,0.0
2005-11-21,0.0020244915500466478,0.0
2005-11-22,0.0032089303728804848,0.0
2005-11-23,-0.0004179247920588732,0.0
2005-11-25,-0.4241043970690892,0.0
2005-11-28,-0.012419478957379028,0.0
2005-11-29,0.003523643142505219,0.0
2005-11-30,1.0040652012216271,0.0
2005-12-01,0.019673405161999336,1.1428564878113256
2005-12-02,0.001543995500293674,0.0
2005-12-05,-0.007088104423647839,0.0
2005-12-06,0.013635391990842812,0.0
2005-12-07,-0.0177973773974548,0.0
2005-12-08,0.004514453324254484,0.0
2005-12-09,0.0037943896512948085,0.0
2005-12-12,0.0066180441774009524,0.0
2005-12-13,0.0031133224748285723,0.0
2005-12-14,-0.0028597192281530435,0.0
2005-12-15,-0.00514611555138339,0.0
2005-12-16,0.006118785072412771,0.0
2005-12-19,-0.022542091138474427,0.0
2005-12-20,0.01418201554109346,0.0
2005-12-21,-0.005345535674087053,0.0
2005-12-22,0.003140166449062978,0.0
2005-12-23,0.009869454586234725,0.0
2005-12-27,-0.01138546230146498,0.0
2005-12-28,0.004207233414899356,0.0
2005-12-29,-0.0066892410276238705,0.0
2005-12-30,-0.004501250347486791,0.0
2006-01-03,0.01566881759301042,0.33143146763012854
2006-01-04,0.7261360320472655,0.0
2006-01-05,0.00488490046223025,0.0
2006-01-06,-0.41108255469536453,0.0
2006-01-09,0.005334627185830007,0.0
2006-01-10,0.0039310596771826144,0.0
2006-01-11,0.0015217306631776098,0.0
2006-01-12,0.7193953228717971,0.0
2006-01-13,0.00525614401335394,0.0
2006-01-17,0.0029704389119646086,0.0
2006-01-18,-0.0013073099966776282,0.0
2006-01-19,-0.419507501614761,0.0
2006-01-20,0.7264111657716823,0.0
2006-01-23,-0.4259302236414452,0.0
2006-01-24,0.746827142345233,0.0
2006-01-25,-0.0037048712861685526,0.0
2006-01-26,-0.4172138174012623,0.0
2006-01-27,0.7355331371070091,0.0
2006-01-30,0.01160358557855947,0.0
2006-01-31,-0.42815124232632873,0.0
2006-02-01,0.7545174411154738,1.020803658929695
2006-02-02,-0.01369924534208679,0.0
2006-02-03,-0.0045863241384682665,0.0
2006-02-06,0.0061742616201908365,0.0
2006-02-07,-0.014248528362339377,0.0
2006-02-08,0.0021691683170313968,0.0
2006-02-09,-0.0021061979013422116,0.0
2006-02-10,-0.0001662522274997782,0.0
2006-02-13,-0.0024344815956627965,0.0
2006-02-14,0.008276027420475517,0.0
2006-02-15,0.0040995093929199105,0.0
2006-02-16,0.011665032267828047,0.0
2006-02-17,-0.002571962667315346,0.0
2006-02-21,-0.008911936513444838,0.0
2006-02-22,0.013133334296406946,0.0
2006-02-23,-0.0022365281798841278,0.0
2006-02-24,0.0004462122546944596,0.0
2006-02-27,0.0037392034132698276,0.0
2006-02-28,-0.013250112872554254,0.0
2006-03-01,0.014085020685722816,0.3203087171253732
2006-03-02,0.6826961041588194,0.0
2006-03-03,-0.4068347798206226,0.0
2006-03-06,-0.014332674305795457,0.0
2006-03-07,0.6824482950596031,0.0
2006-03-08,-0.41133186286287954,0.0
2006-03-09,-0.0042226395795242535,0.0
2006-03-10,0.7163160745092646,0.0
2006-03-13,-0.4101978072636555,0.0
2006-03-14,0.7287501941571093,0.0
2006-03-15,-0.4064924657081926,0.0
2006-03-16,0.7009619595971509,0.0
2006-03-17,-0.40855513330269266,0.0
2006-03-20,0.6787465113251819,0.0
2006-03-21,-0.004569763914831972,0.0
2006-03-22,-0.4069051297227238,0.0
2006-03-23,0.0016993098513519143,0.0
2006-03-24,0.005903454208929725,0.0
2006-03-27,-0.0011728331738184454,0.0
2006-03-28,0.7075046321712172,0.0
2006-03-29,0.007931023592113395,0.0
2006-03-30,-0.415238979190655,0.0
2006-03-31,0.7046798024574844,0.0
2006-04-03,-0.0009755550782845068,1.0463119406943853
2006-04-04,-0.00487642290941874,0.0
2006-04-05,0.006956152459287145,0.0
2006-04-06,0.009633161355392413,0.0
2006-04-07,-0.011557808328925993,0.0
2006-04-10,-0.010186085862595473,0.0
2006-04-11,-0.0026130856893921313,0.0
2006-04-12,0.006726414182523857,0.0
2006-04-13,-0.009087339035599856,0.0
2006-04-17,-0.007199024662887343,0.0
2006-04-18,0.03826558229074674,0.0
2006-04-19,0.005045133580756863,0.0
2006-04-20,-0.008552897361310154,0.0
2006-04-21,0.001063030391502812,0.0
2006-04-24,0.006061407393089755,0.0
2006-04-25,-0.0070234647970470205,0.0
2006-04-26,-0.0007819022117149387,0.0
2006-04-27,-0.017034015790023727,0.0
2006-04-28,0.008039495847101188,0.0
2006-05-01,-0.010868260807270547,0.4175126422222454
2006-05-02,0.010048560585545811,0.0
2006-05-03,-0.004461882888569936,0.0
2006-05-04,0.6140717441360223,0.0
2006-05-05,-0.3719485729117525,0.0
2006-05-08,-0.0011187718357497539,0.0
2006-05-09,0.6032302532586875,0.0
2006-05-10,-0.0018791615113117025,0.0
2006-05-11,-0.022904587766051174,0.0
2006-05-12,-0.38596425878556456,0.0
2006-05-15,0.5920700743651294,0.0
2006-05-16,-0.3775424867877177,0.0
2006-05-17,0.5698037086153828,0.0
2006-05-18,-0.3845224082178863,0.0
2006-05-19,0.6111580728774185,0.0
2006-05-22,-0.014766908725814605,0.0
2006-05-23,0.00838021105741609,0.0
2006-05-24,-0.3812690626778165,0.0
2006-05-25,0.6438820884397903,0.0
2006-05-26,0.006472743815019376,0.0
2006-05-30,-0.01896751297672728,0.0
2006-05-31,-0.3720921266387649,0.0
2006-06-01,0.015070955060547009,0.36724355179403234
2006-06-02,0.0017404206965953327,0.0
2006-06-05,-0.024261911849822716,0.0
2006-06-06,0.8278866392587472,0.0
2006-06-07,-0.4642291266903144,0.0
2006-06-08,-0.0012912321751629152,0.0
2006-06-09,0.8265711800985773,0.0
2006-06-12,-0.018685677618766078,0.0
2006-06-13,-0.01311585292017212,0.0
2006-06-14,0.018839194134468808,0.0
2006-06-15,0.0337976250248046,0.0
2006-06-16,-0.006972135968995798,0.0
2006-06-19,-0.4700484469747115,0.0
2006-06-20,0.8507620014509368,0.0
2006-06-21,-0.44935981250060014,0.0
2006-06-22,0.8506792136516382,0.0
2006-06-23,0.00948984923576839,0.0
2006-06-26,0.011469928294871817,0.0
2006-06-27,-0.014197890901097016,0.0
2006-06-28,0.00800853522567218,0.0
2006-06-29,-0.4530154447256274,0.0
2006-06-30,0.9004386225691781,0.0
2006-07-03,0.004263688200077054,1.14947364340114
2006-07-05,-0.016286216370623257,0.0
2006-07-06,0.008815502895186084,0.0
2006-07-07,-0.022019825372245803,0.0
2006-07-10,-0.0016069685989963474,0.0
2006-07-11,0.012195596539008924,0.0
2006-07-12,-0.02052019649830769,0.0
2006-07-13,-0.00929099568532294,0.0
2006-07-14,-0.006401406777444065,0.0
2006-07-17,-0.010783405612319785,0.0
2006-07-18,-0.0005903943114880678,0.0
2006-07-19,0.021187004818813644,0.0
2006-07-20,-0.01770879980892781,0.0
2006-07-21,-0.016619515152451927,0.0
2006-07-24,0.019935811569959223,0.0
2006-07-25,0.010711763499330023,0.0
2006-07-26,-0.00326037371260902,0.0
2006-07-27,-0.004412784666363556,0.0
2006-07-28,0.015287466640365661,0.0
2006-07-31,0.004812802522627394,0.0
2006-08-01,-0.01160210160989572,0.43063687361448744
2006-08-02,0.009774193579961628,0.0
2006-08-03,0.007266977164362717,0.0
2006-08-04,-0.001759767973383281,0.0
2006-08-07,-0.002892570263245458,0.0
2006-08-08,-0.0032446983449295327,0.0
2006-08-09,-0.007417262638491302,0.0
2006-08-10,0.0054349293451259415,0.0
2006-08-11,-0.001169063959429484,0.0
2006-08-14,-0.003548524002003343,0.0
2006-08-15,0.02078055716803345,0.0
2006-08-16,0.016636900598646365,0.0
2006-08-17,0.001016365408283054,0.0
2006-08-18,0.002604676032894957,0.0
2006-08-21,-0.006472005975717947,0.0
2006-08-22,0.0014372999352627665,0.0
2006-08-23,-0.0067894046454654204,0.0
2006-08-24,-0.0006749850460723366,0.0
2006-08-25,0.0007688382565101616,0.0
2006-08-28,0.002822900370874827,0.0
2006-08-29,0.000751598620328375,0.0
2006-08-30,-0.0003815817181672944,0.0
2006-08-31,0.0028675194494574663,0.0
2006-09-01,0.005370088835841447,0.4250396635749325
2006-09-05,0.003363279580896948,0.0
2006-09-06,-0.021759481025436386,0.0
2006-09-07,-0.00018586583629013687,0.0
2006-09-08,0.0031177238075359237,0.0
2006-09-11,-0.0033524523959463496,0.0
2006-09-12,0.013627933016837698,0.0
2006-09-13,0.008391946299610605,0.0
2006-09-14,-0.003308499780900009,0.0
2006-09-15,0.0025685575648352133,0.0
2006-09-18,0.003634966611167638,0.0
2006-09-19,-0.004191911479693425,0.0
2006-09-20,0.002839004956365949,0.0
2006-09-21,-0.008211082678622271,0.0
2006-09-22,-0.004144372898798666,0.0
2006-09-25,0.009054124463912759,0.0
2006-09-26,0.008860492083816621,0.0
2006-09-27,0.004279520452871548,0.0
2006-09-28,0.0033078552364799244,0.0
2006-09-29,-0.012342354468765183,0.0
2006-10-02,-0.00417634532285005,0.5025791224745495
2006-10-03,-0.0006571894353445018,0.0
2006-10-04,0.013706205873214108,0.0
2006-10-05,0.0071041060932723445,0.0
2006-10-06,-0.005845340533681015,0.0
2006-10-09,0.004839993797545201,0.0
2006-10-10,0.002082172399290624,0.0
2006-10-11,7.995779963439611e-05,0.0
2006-10-12,0.010312553657487275,0.0
2006-10-13,0.0044643261026891135,0.0
2006-10-16,0.007434862704390591,0.0
2006-10-17,-0.006403944233197226,0.0
2006-10-18,1.8509014731254795e-05,0.0
2006-10-19,-0.0015416018474250224,0.0
2006-10-20,-0.002294131815804012,0.0
2006-10-23,0.007743720663796272,0.0
2006-10-24,0.0036202698519354516,0.0
2006-10-25,-0.003362002023605586,0.0
2006-10-26,0.006649992669756967,0.0
2006-10-27,-0.010066074877554738,0.0
2006-10-30,0.004356293675944721,0.0
2006-10-31,-0.00157439233877001,0.0
2006-11-01,-0.012558485061013647,0.44818739392898904
2006-11-02,-0.00260445711045212,0.0
2006-11-03,-0.004856472320149646,0.0
2006-11-06,0.015562840870011325,0.0
2006-11-07,0.002296754833134629,0.0
2006-11-08,-0.006286167789534404,0.0
2006-11-09,-0.0040654859454057266,0.0
2006-11-10,0.004214184682856515,0.0
2006-11-13,0.0027748554302845225,0.0
2006-11-14,0.010439319705908563,0.0
2006-11-15,0.002111880199232207,0.0
2006-11-16,0.00449912385286896,0.0
2006-11-17,-0.0013100765839956367,0.0
2006-11-20,0.0027144361677833516,0.0
2006-11-21,0.004176661964596253,0.0
2006-11-22,0.004140185551468518,0.0
2006-11-24,-0.002378743019898703,0.0
2006-11-27,-0.018427329317542016,0.0
2006-11-28,0.0011658281765506624,0.0
2006-11-29,0.011879017436767055,0.0
2006-11-30,0.0017618921667861731,0.0
2006-12-01,-0.006228703966448923,0.4584749956265459
2006-12-04,0.016252323340595544,0.0
2006-12-05,0.002229656986958359,0.0
2006-12-06,-0.001221255117474934,0.0
2006-12-07,-0.003612057572512253,0.0
2006-12-08,0.0018355897110536453,0.0
2006-12-11,4.2809587861339024e-05,0.0
2006-12-12,-0.0037596363291790068,0.0
2006-12-13,0.0007555930452317978,0.0
2006-12-14,0.006740666368236576,0.0
2006-12-15,-0.001679963601389884,0.0
2006-12-18,-0.004502406824679983,0.0
2006-12-19,0.0011885231104353784,0.0
2006-12-20,-0.0019498416783165805,0.0
2006-12-21,-0.0038323372876910337,0.0
2006-12-22,-0.003953218493092805,0.0
2006-12-26,0.003090338634761751,0.0
2006-12-27,0.008304727492651081,0.0
2006-12-28,-0.0021532057576668113,0.0
2006-12-29,-0.0042538985652569574,0.0
2007-01-03,-0.010298826303859254,0.4220505469872966
2007-01-04,-0.0006102017687573911,0.0
2007-01-05,-0.009557957824998691,0.0
2007-01-08,0.004621115308358427,0.0
2007-01-09,0.0032526707224300347,0.0
2007-01-10,0.006511196616082874,0.0
2007-01-11,0.008361734682890514,0.0
2007-01-12,0.002944678954842213,0.0
2007-01-16,0.0013638393018986798,0.0
2007-01-17,-0.0004184436666889005,0.0
2007-01-18,-0.005206852432566919,0.0
2007-01-19,0.004472985345034811,0.0
2007-01-22,-0.004821457538024823,0.0
2007-01-23,0.006207846328601165,0.0
2007-01-24,0.008228053216734565,0.0
2007-01-25,-0.010578866827469743,0.0
2007-01-26,0.000445981719489585,0.0
2007-01-29,0.0002207901831487549,0.0
2007-01-30,0.004619748987843867,0.0
2007-01-31,0.009026816261365552,0.0
2007-02-01,0.008328463060001345,0.4540111746628398
2007-02-02,0.0016929699065140452,0.0
2007-02-05,0.0015692254654114958,0.0
2007-02-06,0.005809545335287002,0.0
2007-02-07,0.003472523418877346,0.0
2007-02-08,-0.0012447298982009316,0.0
2007-02-09,-0.008697486312075113,0.0
2007-02-12,-0.011223770021254891,0.0
2007-02-13,0.008511818217922112,0.0
2007-02-14,0.006388901403125629,0.0
2007-02-15,-0.003917325801079926,0.0
2007-02-16,0.00073230322013516,0.0
2007-02-20,-0.003438051292365776,0.0
2007-02-21,0.00038202955827165724,0.0
2007-02-22,-0.003938909277327934,0.0
2007-02-23,-0.012075387666919311,0.0
2007-02-26,-0.0026089480610849277,0.0
2007-02-27,-0.02314558789594035,0.0
2007-02-28,0.005728463667193149,0.0
2007-03-01,-0.006057478015332185,0.5116941187381617
2007-03-02,-0.014404117551955954,0.0
2007-03-05,-0.012661813289310276,0.0
2007-03-06,0.01771998486521072,0.0
2007-03-07,-0.0014338292116819259,0.0
2007-03-08,0.012061078543279483,0.0
2007-03-09,0.005124661948110427,0.0
2007-03-12,0.005270624633801294,0.0
2007-03-13,-0.021640536879515365,0.0
2007-03-14,0.005415200141710086,0.0
2007-03-15,0.0058305668202618365,0.0
2007-03-16,-0.008673678468720747,0.0
2007-03-19,0.010914832708086752,0.0
2007-03-20,0.009511154710943506,0.0
2007-03-21,0.014891807533689846,0.0
2007-03-22,-0.00041623431541540443,0.0
2007-03-23,0.0012086663063400561,0.0
2007-03-26,-0.0001679675568844139,0.0
2007-03-27,-0.006306631985126541,0.0
2007-03-28,-0.006822097685397074,0.0
2007-03-29,0.00529240703906328,0.0
2007-03-30,0.0003613261335793044,0.0
2007-04-02,0.002260311977630103,0.5232898527299606
2007-04-03,0.00843882535445728,0.0
2007-04-04,-0.00011203215877985621,0.0
2007-04-05,0.0032870126092533368,0.0
2007-04-09,0.0019505310210279545,0.0
2007-04-10,0.0006656084343163919,0.0
2007-04-11,-0.005990810547379429,0.0
2007-04-12,0.0031757275720527764,0.0
2007-04-13,0.0015133528939953878,0.0
2007-04-16,0.008971254380955272,0.0
2007-04-17,0.002834621082928385,0.0
2007-04-18,-0.00025650159023552253,0.0
2007-04-19,-0.0031786440308014747,0.0
2007-04-20,0.0104695668366543,0.0
2007-04-23,0.00425339363907008,0.0
2007-04-24,-0.003742401915157518,0.0
2007-04-25,0.005571839605988646,0.0
2007-04-26,-0.0017993514917334986,0.0
2007-04-27,-0.0002035346919015257,0.0
2007-04-30,-0.008506906423958942,0.0
2007-05-01,-0.0007229947910122325,0.45518032811714626
2007-05-02,0.006941692865317022,0.0
2007-05-03,0.002263469647991302,0.0
2007-05-04,0.00289805320773721,0.0
2007-05-07,0.002263224392323862,0.0
2007-05-08,-0.0018798489446712461,0.0
2007-05-09,0.004282603315236135,0.0
2007-05-10,-0.012407958300250838,0.0
2007-05-11,0.00624746234460436,0.0
2007-05-14,-0.0010215940251182298,0.0
2007-05-15,-0.0027695746394242543,0.0
2007-05-16,0.00450572644878216,0.0
2007-05-17,-0.0089856119541638,0.0
2007-05-18,0.012572548525649773,0.0
2007-05-21,0.0031482731246582924,0.0
2007-05-22,0.00019005026440558302,0.0
2007-05-23,-0.011475862595926579,0.0
2007-05-24,-0.006411401591383694,0.0
2007-05-25,0.006249561222892482,0.0
2007-05-29,0.004173829858997563,0.0
2007-05-30,0.008647539971605542,0.0
2007-05-31,0.0016169597370591674,0.0
2007-06-01,-0.004388626302831211,0.5184373551849474
2007-06-04,0.05074173041974196,0.0
2007-06-05,-0.0049379618395701316,0.0
2007-06-06,-0.01041458748174133,0.0
2007-06-07,-0.020588716454169334,0.0
2007-06-08,0.011484988074900702,0.0
2007-06-11,-0.048457421450385944,0.0
2007-06-12,0.039129578261606346,0.0
2007-06-13,0.014879535585910984,0.0
2007-06-14,0.004868136526254457,0.0
2007-06-15,0.006760587545547227,0.0
2007-06-18,-0.0019112200553009732,0.0
2007-06-19,0.001487241306055195,0.0
2007-06-20,-0.07091220149159999,0.0
2007-06-21,0.06774120730761878,0.0
2007-06-22,-0.013219262112829557,0.0
2007-06-25,-0.002917553645702238,0.0
2007-06-26,-0.007278359176987419,0.0
2007-06-27,0.01194973666006028,0.0
2007-06-28,-0.0009193808075179972,0.0
2007-06-29,-0.00020801822019323412,0.0
2007-07-02,0.011673931903741774,0.4231886372999222
2007-07-03,0.004253393086791221,0.0
2007-07-05,0.00034485852793265747,0.0
2007-07-06,0.00394407570498285,0.0
2007-07-09,5.5813568967737334e-05,0.0
2007-07-10,-0.016912649869058334,0.0
2007-07-11,-0.0017545557300653256,0.0
2007-07-12,0.018692571034799738,0.0
2007-07-13,0.004228700787100413,0.0
2007-07-16,-0.004186906251177647,0.0
2007-07-17,0.0005050417485083816,0.0
2007-07-18,0.0004557721162744679,0.0
2007-07-19,0.007715119356435011,0.0
2007-07-20,-0.015419162247014333,0.0
2007-07-23,-0.004479114215900409,0.0
2007-07-24,-0.013109580060460814,0.0
2007-07-25,0.00212549978563215,0.0
2007-07-26,-0.02555548982486072,0.0
2007-07-27,-0.01769112578518787,0.0
2007-07-30,0.014216591446243175,0.0
2007-07-31,-0.0080468756999513,0.0
2007-08-01,0.0029937988096189194,0.554490200691123
2007-08-02,-0.001382185770649141,0.0
2007-08-03,-0.017976216112902534,0.0
2007-08-06,0.017592389591638943,0.0
2007-08-07,0.004425327470282547,0.0
2007-08-08,0.006561952700569775,0.0
2007-08-09,-0.03173081248201219,0.0
2007-08-10,-0.00046582909396729495,0.0
2007-08-13,0.006240571173625293,0.0
2007-08-14,-0.01451028157952651,0.0
2007-08-15,-0.019117525560103113,0.0
2007-08-16,-0.0051527294817902275,0.0
2007-08-17,0.024228088891457916,0.0
2007-08-20,0.005399025564472722,0.0
2007-08-21,0.004760596536227916,0.0
2007-08-22,0.017846483421809625,0.0
2007-08-23,-0.002889719658895909,0.0
2007-08-24,0.013327072779982945,0.0
2007-08-27,-0.010031335558968391,0.0
2007-08-28,-0.025160991130135844,0.0
2007-08-29,0.027548786948108098,0.0
2007-08-30,-0.004575044101840277,0.0
2007-08-31,0.014469835011637344,0.0
2007-09-04,0.009149453182443201,0.5458054987044971
2007-09-05,-0.012311148519604893,0.0
2007-09-06,0.005360219866751457,0.0
2007-09-07,-0.019791323685075527,0.0
2007-09-10,-0.003266862331642341,0.0
2007-09-11,0.014147029082952494,0.0
2007-09-12,7.3076066563106e-05,0.0
2007-09-13,0.006976165642461571,0.0
2007-09-14,0.0005912586228916828,0.0
2007-09-17,-0.005699543113397286,0.0
2007-09-18,0.03327730714496478,0.0
2007-09-19,0.00817055127308732,0.0
2007-09-20,-0.004685539760248859,0.0
2007-09-21,0.00483065106662217,0.0
2007-09-24,-0.006165697675314854,0.0
2007-09-25,-0.0016932826920635726,0.0
2007-09-26,0.007098772539395653,0.0
2007-09-27,0.004500109541497538,0.0
2007-09-28,-0.0034737258753751083,0.0
2007-10-01,0.006664999501403868,0.43018996389631675
2007-10-02,-0.010785974943901709,0.0
2007-10-03,-0.006945319612834988,0.0
2007-10-04,0.002479281357498481,0.0
2007-10-05,0.012577346403328464,0.0
2007-10-08,-0.001720823861709091,0.0
2007-10-09,0.011468267518195947,0.0
2007-10-10,-0.007238624876182552,0.0
2007-10-11,-0.0007192580503160957,0.0
2007-10-12,0.007062732910051021,0.0
2007-10-15,-0.005676443156784585,0.0
2007-10-16,-0.003018666513355228,0.0
2007-10-17,0.0037563306429355204,0.0
2007-10-18,0.0035389975731004537,0.0
2007-10-19,-0.02781645421004657,0.0
2007-10-22,0.003754524121810467,0.0
2007-10-23,0.007786116972209265,0.0
2007-10-24,-0.0023731474617211933,0.0
2007-10-25,0.011537772426666966,0.0
2007-10-26,0.009596110962946061,0.0
2007-10-29,-0.005092875206648873,0.0
2007-10-30,-0.009218620898402046,0.0
2007-10-31,0.0133160155760563,0.0
2007-11-01,-0.02244625427322,0.47786645986985554
2007-11-02,0.007067877628891832,0.0
2007-11-05,-0.0032586423831797843,0.0
2007-11-06,0.015554259010326473,0.0
2007-11-07,-0.02645009224380471,0.0
2007-11-08,-7.103733666982733e-05,0.0
2007-11-09,-0.016952332231668227,0.0
2007-11-12,-0.02052317084513905,0.0
2007-11-13,0.024442503490999884,0.0
2007-11-14,-0.0019893500406223813,0.0
2007-11-15,-0.01321434269984998,0.0
2007-11-16,0.006532463125023643,0.0
2007-11-19,-0.015578456608497403,0.0
2007-11-20,0.009681014513333648,0.0
2007-11-21,-0.01435686769330875,0.0
2007-11-23,0.016591761634792403,0.0
2007-11-26,-0.01938517320196341,0.0
2007-11-27,0.017003014238317113,0.0
2007-11-28,0.027814657191925746,0.0
2007-11-29,-0.00798816421336698,0.0
2007-11-30,0.01171181496788053,0.0
2007-12-03,-0.0028181299798712978,0.3802656510640379
2007-12-04,-0.002742829045692459,0.0
2007-12-05,0.0078996995564688,0.0
2007-12-06,0.024836253429861725,0.0
2007-12-07,0.00035327266647892545,0.0
2007-12-10,0.005205120435113883,0.0
2007-12-11,-0.02545504342164713,0.0
2007-12-12,0.008402506764937076,0.0
2007-12-13,-0.003222990452201087,0.0
2007-12-14,-0.01202893873021275,0.0
2007-12-17,-0.02098223005032754,0.0
2007-12-18,0.007080338102304199,0.0
2007-12-19,-0.003602371814011138,0.0
2007-12-20,0.012121852526808826,0.0
2007-12-21,0.020201011942713842,0.0
2007-12-24,0.007806978954324012,0.0
2007-12-26,-0.0008419404543846824,0.0
2007-12-27,-0.014259815401377503,0.0
2007-12-28,0.003948402204913085,0.0
2007-12-31,-0.007628692332404336,0.0
2008-01-02,-0.009925745332641678,0.31288080394389506
2008-01-03,0.0030919153947825554,0.0
2008-01-04,-0.024060773180325193,0.0
2008-01-07,0.001518398076972369,0.0
2008-01-08,-0.015196318283140295,0.0
2008-01-09,0.013804416704934052,0.0
2008-01-10,0.004456274450239942,0.0
2008-01-11,-0.01798056566848183,0.0
2008-01-14,0.013083339065519195,0.0
2008-01-15,-0.025064955266011234,0.0
2008-01-16,-0.009930719451427213,0.0
2008-01-17,-0.03233333201711625,0.0
2008-01-18,-0.0034357591750554927,0.0
2008-01-22,-0.019053638481885304,0.0
2008-01-23,0.011371950243713552,0.0
2008-01-24,0.011613811411038916,0.0
2008-01-25,-0.008569525234987099,0.0
2008-01-28,0.011391935895058899,0.0
2008-01-29,0.004747110915776768,0.0
2008-01-30,-0.00553567606803986,0.0
2008-01-31,0.012192223455818873,0.0
2008-02-01,0.014863069025356168,0.3370077796888426
2008-02-04,-0.004966274619279538,0.0
2008-02-05,-0.03348056883260772,0.0
2008-02-06,-0.008377706011996179,0.0
2008-02-07,0.008682507218570404,0.0
2008-02-08,0.0031251361975835794,0.0
2008-02-11,0.01253441725114116,0.0
2008-02-12,0.006716094094117716,0.0
2008-02-13,0.017290395766402337,0.0
2008-02-14,-0.012795219908764494,0.0
2008-02-15,-0.0009652207956501595,0.0
2008-02-19,0.004073215257748437,0.0
2008-02-20,0.010314473682880795,0.0
2008-02-21,-0.014997194258491824,0.0
2008-02-22,0.006821514299729938,0.0
2008-02-25,0.0163325163496443,0.0
2008-02-26,0.008124923977175829,0.0
2008-02-27,-0.005187587866088057,0.0
2008-02-28,0.0002098425392056231,0.0
2008-02-29,-0.02838546448713706,0.0
2008-03-03,0.003054392598433875,0.40646017113150623
2008-03-04,-0.003141085183393973,0.0
2008-03-05,0.010471846128726602,0.0
2008-03-06,-0.020029910066058983,0.0
2008-03-07,-0.012614030887764676,0.0
2008-03-10,-0.01613900657809382,0.0
2008-03-11,0.03455964707776354,0.0
2008-03-12,-0.0071015008850030354,0.0
2008-03-13,0.008631085942186274,0.0
2008-03-14,-0.01783074100467142,0.0
2008-03-17,-0.014784659151539765,0.0
2008-03-18,0.03679813815220008,0.0
2008-03-19,-0.029445203818267637,0.0
2008-03-20,0.012498629427972672,0.0
2008-03-24,0.006578565517303073,0.0
2008-03-25,0.010409992531998652,0.0
2008-03-26,0.0042932113357931284,0.0
2008-03-27,-0.011154118519737856,0.0
2008-03-28,-0.014832105888745629,0.0
2008-03-31,0.014213053611266754,0.0
2008-04-01,0.021553112677670905,0.37239402944508393
2008-04-02,0.09631468723309665,0.0
2008-04-03,0.003927969673727571,0.0
2008-04-04,0.004672097484329368,0.0
2008-04-07,-0.0042921968760326595,0.0
2008-04-08,-0.08400385056293326,0.0
2008-04-09,0.09120695593945749,0.0
2008-04-10,-0.08416005311034482,0.0
2008-04-11,0.07892468191627956,0.0
2008-04-14,-0.08669605833784781,0.0
2008-04-15,0.09923086146763277,0.0
2008-04-16,-0.06406847199498915,0.0
2008-04-17,0.09255161868134906,0.0
2008-04-18,0.014117862422919387,0.0
2008-04-21,0.0028554662722312923,0.0
2008-04-22,-0.09058362861102584,0.0
2008-04-23,0.09102610344214812,0.0
2008-04-24,-0.005244692162618319,0.0
2008-04-25,0.013368401337682233,0.0
2008-04-28,-0.00031032520360541906,0.0
2008-04-29,-0.08620446374436289,0.0
2008-04-30,0.0881413489713463,0.0
2008-05-01,-0.07640219102776458,0.3688315064027
2008-05-02,0.022026554572881815,0.0
2008-05-05,5.116538936167823e-05,0.0
2008-05-06,0.010076720389753763,0.0
2008-05-07,-0.016130722732804435,0.0
2008-05-08,0.010106321506524029,0.0
2008-05-09,-0.00644420087301106,0.0
2008-05-12,0.009045550971515468,0.0
2008-05-13,0.006004026706832793,0.0
2008-05-14,0.0014364619491960737,0.0
2008-05-15,0.009840769130347874,0.0
2008-05-16,0.006124976302105743,0.0
2008-05-19,0.000935127679833464,0.0
2008-05-20,-0.00350751432888876,0.0
2008-05-21,-0.0145542142430231,0.0
2008-05-22,1.7702681137832017e-05,0.0
2008-05-23,-0.01178050586989271,0.0
2008-05-27,0.005583350822892524,0.0
2008-05-28,0.00835680971646236,0.0
2008-05-29,0.0012579013909180968,0.0
2008-05-30,0.0043236457809860155,0.0
2008-06-02,-0.007666140152626788,0.34560570945609725
2008-06-03,0.00574838274201894,0.0
2008-06-04,0.0009626362983556026,0.0
2008-06-05,0.02107840616688608,0.0
2008-06-06,-0.025569457959199494,0.0
2008-06-09,0.006109796669838974,0.0
2008-06-10,-0.005349908183359712,0.0
2008-06-11,-0.013260430324197338,0.0
2008-06-12,0.00258591537846787,0.0
2008-06-13,0.015554345717238675,0.0
2008-06-16,0.0006489735547467498,0.0
2008-06-17,-0.005515184639547855,0.0
2008-06-18,-0.004547066378698074,0.0
2008-06-19,0.006211895397136997,0.0
2008-06-20,-0.013463635184753214,0.0
2008-06-23,0.006429909617296652,0.0
2008-06-24,-0.009589890101014246,0.0
2008-06-25,0.003948339849052589,0.0
2008-06-26,-0.02416413221724985,0.0
2008-06-27,0.0008186524669089156,0.0
2008-06-30,0.0028247936759021454,0.0
2008-07-01,-0.016994811142069688,0.29857323401174896
2008-07-02,-0.02435267147961618,0.0
2008-07-03,-0.0005227132090793635,0.0
2008-07-07,-0.006961469864838961,0.0
2008-07-08,0.013564619386508296,0.0
2008-07-09,-0.018253558770977448,0.0
2008-07-10,0.012836240814963727,0.0
2008-07-11,-0.006412618552645901,0.0
2008-07-14,-0.004549649214806252,0.0
2008-07-15,-0.011300551570300185,0.0
2008-07-16,0.01383801466366413,0.0
2008-07-17,-0.0017429094970623014,0.0
2008-07-18,-0.0010394745843638295,0.0
2008-07-21,0.005825805414050974,0.0
2008-07-22,0.009276134489232177,0.0
2008-07-23,-0.008643793487776516,0.0
2008-07-24,-0.013563873482347262,0.0
2008-07-25,0.007324831159598687,0.0
2008-07-28,-0.012723677671456154,0.0
2008-07-29,0.01804267923543012,0.0
2008-07-30,0.019346593477745318,0.0
2008-07-31,-0.01684631457087958,0.0
2008-08-01,-0.012379912323243758,0.4374870027443142
2008-08-04,-0.015552361973844388,0.0
2008-08-05,0.018753717797712018,0.0
2008-08-06,0.005809296934655378,0.0
2008-08-07,-0.014280854403969508,0.0
2008-08-08,0.015746387682437277,0.0
2008-08-11,0.0021335870601373935,0.0
2008-08-12,-0.007780893816506244,0.0
2008-08-13,0.007794476352940273,0.0
2008-08-14,0.001789237911261573,0.0
2008-08-15,-0.001759893235795115,0.0
2008-08-18,-0.009540615862191036,0.0
2008-08-19,-0.0004451982517611902,0.0
2008-08-20,0.008828655820549796,0.0
2008-08-21,0.00658523502719943,0.0
2008-08-22,0.003722314827800598,0.0
2008-08-25,-0.016433612830889142,0.0
2008-08-26,0.0046228814833851346,0.0
2008-08-27,0.008663290346061222,0.0
2008-08-28,0.0076818592425649075,0.0
2008-08-29,-0.01306931731674208,0.0
2008-09-02,-0.014527388626120463,0.39037167544013773
2008-09-03,-0.004709356225425551,0.0
2008-09-04,-0.025702703952670256,0.0
2008-09-05,0.0013720530263175898,0.0
2008-09-08,0.008978402369709535,0.0
2008-09-09,-0.03573280253623076,0.0
2008-09-10,0.012327690692963704,0.0
2008-09-11,0.0163333528795725,0.0
2008-09-12,0.005557858075213126,0.0
2008-09-15,-0.040099442957661,0.0
2008-09-16,0.0187180227806932,0.0
2008-09-17,-0.03920303103130333,0.0
2008-09-18,0.029944535448019997,0.0
2008-09-19,0.030583899224248055,0.0
2008-09-22,-0.029913585374092853,0.0
2008-09-23,-0.016915793953800228,0.0
2008-09-24,-0.002041678997280928,0.0
2008-09-25,0.013322839055213564,0.0
2008-09-26,-0.000879102685474828,0.0
2008-09-29,-0.07745898928621603,0.0
2008-09-30,0.04442730356218527,0.0
2008-10-01,-0.01578575996955167,0.41292544542296183
2008-10-02,-0.04624263103118169,0.0
2008-10-03,-0.010743175410473888,0.0
2008-10-06,-0.038064515127972987,0.0
2008-10-07,-0.06290490972192096,0.0
2008-10-08,-0.001041032689835459,0.0
2008-10-09,-0.07017271806832254,0.0
2008-10-10,-0.011589353320222796,0.0
2008-10-13,0.10414645541671666,0.0
2008-10-14,-0.014423415147721141,0.0
2008-10-15,-0.09080265987806689,0.0
2008-10-16,0.045262248528437105,0.0
2008-10-17,-0.003786380357235812,0.0
2008-10-20,0.04784312354891412,0.0
2008-10-21,-0.02926337851011903,0.0
2008-10-22,-0.05930180667062354,0.0
2008-10-23,-0.0014438524894641832,0.0
2008-10-24,-0.028270510939452556,0.0
2008-10-27,-0.03647883708898303,0.0
2008-10-28,0.09524910959276517,0.0
2008-10-29,-0.0019480103519022075,0.0
2008-10-30,0.03383409072042437,0.0
2008-10-31,0.016108355971781813,0.0
2008-11-03,-0.009493280435295959,0.6969925255348919
2008-11-04,0.028079157182143266,0.0
2008-11-05,-0.0423365230658458,0.0
2008-11-06,-0.03795267213215883,0.0
2008-11-07,0.02203410536788033,0.0
2008-11-10,-0.01583120897318888,0.0
2008-11-11,-0.01803773622364596,0.0
2008-11-12,-0.04167122161294379,0.0
2008-11-13,0.0660298939708677,0.0
2008-11-14,-0.04774288413396893,0.0
2008-11-17,-0.022161369635257007,0.0
2008-11-18,0.001392622095892469,0.0
2008-11-19,-0.060821179563866956,0.0
2008-11-20,-0.058733459352836005,0.0
2008-11-21,0.05720125797624074,0.0
2008-11-24,0.053872968920438954,0.0
2008-11-25,0.008303301222370791,0.0
2008-11-26,0.028622575452767536,0.0
2008-11-28,0.005693525741850424,0.0
2008-12-01,-0.08201722869265349,0.46679552272636415
2008-12-02,0.032369526205682536,0.0
2008-12-03,0.02823890733834964,0.0
2008-12-04,-0.022319264805008537,0.0
2008-12-05,0.026494572503366242,0.0
2008-12-08,0.021548697905474132,0.0
2008-12-09,-0.026023336685313588,0.0
2008-12-10,0.01247891577964096,0.0
2008-12-11,-0.030352490012822052,0.0
2008-12-12,0.010170331058302867,0.0
2008-12-15,-0.010863510766551591,0.0
2008-12-16,0.05068354652680809,0.0
2008-12-17,-0.003833542762694304,0.0
2008-12-18,-0.014343002748277526,0.0
2008-12-19,-0.0006203345411798136,0.0
2008-12-22,-0.01327745372129652,0.0
2008-12-23,-0.018852631377926338,0.0
2008-12-24,-0.002176373929862569,0.0
2008-12-26,0.005167518582101254,0.0
2008-12-29,0.00022104663383640212,0.0
2008-12-30,0.024986565934363235,0.0
2008-12-31,0.009197506333472471,0.0
2009-01-02,0.028498143476536564,0.42541751828103896
2009-01-05,-0.006399886718653275,0.0
2009-01-06,-0.0049489050862359454,0.0
2009-01-07,-0.018390103308902638,0.0
2009-01-08,-0.0020295079405314633,0.0
2009-01-09,-0.017711654518556164,0.0
2009-01-12,-0.012453354193589065,0.0
2009-01-13,-0.0026657719684703898,0.0
2009-01-14,-0.02564010808129657,0.0
2009-01-15,0.008733844862212247,0.0
2009-01-16,0.009807243263225504,0.0
2009-01-20,-0.03949501818990322,0.0
2009-01-21,0.025599880679223468,0.0
2009-01-22,-0.008756965428444447,0.0
2009-01-23,-0.004289015680830606,0.0
2009-01-26,0.006390660107086433,0.0
2009-01-27,0.009552559532504099,0.0
2009-01-28,0.021729398500544055,0.0
2009-01-29,-0.02614482853649674,0.0
2009-01-30,-0.018120978182186033,0.0
2009-02-02,-0.0024520237783987042,0.50670902065749
2009-02-03,0.01987951940501332,0.0
2009-02-04,-0.00854145826692256,0.0
2009-02-05,0.009806098940595292,0.0
2009-02-06,0.019966115717085862,0.0
2009-02-09,-0.002133168417230899,0.0
2009-02-10,-0.04030331272217085,0.0
2009-02-11,0.0060262856373297785,0.0
2009-02-12,0.005414088589352745,0.0
2009-02-13,-0.00993647802196928,0.0
2009-02-17,-0.03650752426582979,0.0
2009-02-18,-0.002506386837940248,0.0
2009-02-19,-0.008224764957696718,0.0
2009-02-20,-0.007557512965732778,0.0
2009-02-23,-0.03135763209138592,0.0
2009-02-24,0.03232722435871224,0.0
2009-02-25,-0.011728712826947698,0.0
2009-02-26,-0.0318215715377836,0.0
2009-02-27,-0.01563336659832812,0.0
2009-03-02,-0.03824316674051442,0.3757648181533989
2009-03-03,-0.011790092744205992,0.0
2009-03-04,0.02066159927712416,0.0
2009-03-05,-0.03326154573908835,0.0
2009-03-06,0.0034301835795324006,0.0
2009-03-09,-0.01578726056493971,0.0
2009-03-10,0.047410305294396,0.0
2009-03-11,-0.0017627899589568025,0.0
2009-03-12,0.03384445518342859,0.0
2009-03-13,0.011311989473940229,0.0
2009-03-16,-0.0050753487874803885,0.0
2009-03-17,0.028770313123934174,0.0
2009-03-18,0.015761023251230945,0.0
2009-03-19,-0.010742500252892313,0.0
2009-03-20,-0.011378486065908026,0.0
2009-03-23,0.04963706209908411,0.0
2009-03-24,-0.017742424818414655,0.0
2009-03-25,0.006445695901083237,0.0
2009-03-26,0.02344648390020504,0.0
2009-03-27,-0.015011229622727839,0.0
2009-03-30,-0.01860860645146363,0.0
2009-03-31,0.01024828104168909,0.0
2009-04-01,0.005844159588566766,0.4152921640715592
2009-04-02,0.010163453083539135,0.0
2009-04-03,0.0015512497403368504,0.0
2009-04-06,-0.006712768882226179,0.0
2009-04-07,-0.016920948961323325,0.0
2009-04-08,0.012445686394772771,0.0
2009-04-09,0.01533429534002059,0.0
2009-04-13,-0.003983342117627022,0.0
2009-04-14,-0.010703452602625046,0.0
2009-04-15,0.009312616669605948,0.0
2009-04-16,0.014696169347104077,0.0
2009-04-17,0.004066436891736083,0.0
2009-04-20,-0.02144051772576766,0.0
2009-04-21,0.008032806579784528,0.0
2009-04-22,-0.0032182095815648055,0.0
2009-04-23,-0.0012213467230505798,0.0
2009-04-24,0.006057831988449101,0.0
2009-04-27,-0.0019392410550805935,0.0
2009-04-28,0.0006517144326525131,0.0
2009-04-29,0.009931385772151012,0.0
2009-04-30,-0.002397144264427444,0.0
2009-05-01,-0.0015500528454917006,0.3565884073380182
2009-05-04,0.01920478499236291,0.0
2009-05-05,0.0009358420409097872,0.0
2009-05-06,0.0006759585149459029,0.0
2009-05-07,-0.0070301164069412145,0.0
2009-05-08,0.006891347289543757,0.0
2009-05-11,-0.008762308843669346,0.0
2009-05-12,0.0021415672069477116,0.0
2009-05-13,-0.018618509406280542,0.0
2009-05-14,0.003882360068426245,0.0
2009-05-15,-0.008067210793562127,0.0
2009-05-18,0.01908153872127314,0.0
2009-05-19,0.00044846861560042723,0.0
2009-05-20,-0.0061982970199202965,0.0
2009-05-21,-0.011291800039469207,0.0
2009-05-22,0.0020631977902048296,0.0
2009-05-26,0.026622631282886163,0.0
2009-05-27,-0.018344031123679126,0.0
2009-05-28,0.00781430721864749,0.0
2009-05-29,0.01377690572976367,0.0
2009-06-01,0.02319874557277468,0.4447258438229491
2009-06-02,0.005108261105185161,0.0
2009-06-03,-0.008233968780039925,0.0
2009-06-04,0.0008323164423006853,0.0
2009-06-05,-0.0009917074553889324,0.0
2009-06-08,0.002306949836764694,0.0
2009-06-09,0.0032459580487160604,0.0
2009-06-10,-0.004599693686445864,0.0
2009-06-11,0.00017141423846154055,0.0
2009-06-12,0.00224029256135311,0.0
2009-06-15,-0.020234543264815896,0.0
2009-06-16,-0.012352972616003785,0.0
2009-06-17,0.00881935344741815,0.0
2009-06-18,0.006981701190284653,0.0
2009-06-19,0.0017005252755238507,0.0
2009-06-22,-0.017097619572142512,0.0
2009-06-23,-0.0046056657507931465,0.0
2009-06-24,0.006573347764547046,0.0
2009-06-25,0.02062260885094791,0.0
2009-06-26,-0.0036538905599120697,0.0
2009-06-29,0.008273920976729798,0.0
2009-06-30,-0.005972989710837171,0.0
2009-07-01,0.00555039157877224,0.5451343833562448
2009-07-02,-0.02951084092394593,0.0
2009-07-06,0.005274362794732456,0.0
2009-07-07,-0.019601531382770113,0.0
2009-07-08,0.0011042619031850025,0.0
2009-07-09,0.004556189506450693,0.0
2009-07-10,-0.003034828973333823,0.0
2009-07-13,0.020801448400695113,0.0
2009-07-14,0.006459226908892111,0.0
2009-07-15,0.02339536592011439,0.0
2009-07-16,0.006581481775456215,0.0
2009-07-17,0.0004532297378517814,0.0
2009-07-20,0.010458337595360634,0.0
2009-07-21,0.0007475890909286804,0.0
2009-07-22,0.003495439203107256,0.0
2009-07-23,0.02136336198337225,0.0
2009-07-24,0.003437484811714211,0.0
2009-07-27,0.0014712974027500637,0.0
2009-07-28,0.0006428094411448463,0.0
2009-07-29,-0.002031675107065199,0.0
2009-07-30,0.00906836058842522,0.0
2009-07-31,0.0003980623186715664,0.0
2009-08-03,0.01175497712627549,0.5448010862789436
2009-08-04,6.120627977185549e-05,0.0
2009-08-05,-0.004786536468020372,0.0
2009-08-06,-0.0037340579027646623,0.0
2009-08-07,0.015144595484290337,0.0
2009-08-10,-0.005755912748020632,0.0
2009-08-11,-0.003920404620815145,0.0
2009-08-12,0.007297892816317735,0.0
2009-08-13,0.005553679335395931,0.0
2009-08-14,-0.010159801983096902,0.0
2009-08-17,-0.018051433491544373,0.0
2009-08-18,0.008897094888990459,0.0
2009-08-19,0.006347714172663985,0.0
2009-08-20,0.008366272169887421,0.0
2009-08-21,0.014908950884548841,0.0
2009-08-24,-0.004327045368497118,0.0
2009-08-25,0.006386293286295128,0.0
2009-08-26,0.001487356112589752,0.0
2009-08-27,0.001987482190265922,0.0
2009-08-28,-0.0016319828881384054,0.0
2009-08-31,-0.008037742744211332,0.0
2009-09-01,-0.01777749159628217,0.3789420658402216
2009-09-02,-0.0022633663358608306,0.0
2009-09-03,0.006230820877743111,0.0
2009-09-04,0.025483642220427923,0.0
2009-09-08,0.005748990818873628,0.0
2009-09-09,0.0080909123033849,0.0
2009-09-10,0.008627760204938769,0.0
2009-09-11,-0.0024446996339356573,0.0
2009-09-14,0.005006206563510389,0.0
2009-09-15,0.00219826301250088,0.0
2009-09-16,0.014076867299449828,0.0
2009-09-17,-0.004851548397267507,0.0
2009-09-18,0.0027463117858690786,0.0
2009-09-21,-0.0005809269627629523,0.0
2009-09-22,0.00149861743698827,0.0
2009-09-23,-0.007527387508719398,0.0
2009-09-24,-0.008362800388029315,0.0
2009-09-25,-0.0042132185233135135,0.0
2009-09-28,0.015178419136142497,0.0
2009-09-29,-0.0007726857625046282,0.0
2009-09-30,-0.0008452154405967295,0.0
2009-10-01,-0.02373258548758994,0.6468104559589136
2009-10-02,-0.00726675002267506,0.0
2009-10-05,0.018716374295458995,0.0
2009-10-06,0.01548408219429787,0.0
2009-10-07,0.0027298300898850577,0.0
2009-10-08,0.009878956024299147,0.0
2009-10-09,0.008741979079813215,0.0
2009-10-12,0.003769028247852817,0.0
2009-10-13,-0.0011761707880449058,0.0
2009-10-14,0.01772545389591689,0.0
2009-10-15,0.0018232161630150074,0.0
2009-10-16,-0.015998554017192173,0.0
2009-10-19,0.01310721165699683,0.0
2009-10-20,-0.006140927963060042,0.0
2009-10-21,-0.010362588705587938,0.0
2009-10-22,0.010702201264099046,0.0
2009-10-23,-0.013557958970461678,0.0
2009-10-26,-0.010884729803589555,0.0
2009-10-27,-0.009718144647336478,0.0
2009-10-28,-0.02832738664025511,0.0
2009-10-29,0.025005796002576648,0.0
2009-10-30,-0.028722596858059363,0.0
2009-11-02,0.00490300126793386,0.8872120342923424
2009-11-03,1.3892270663931783,0.0
2009-11-04,0.007058681543201417,0.0
2009-11-05,-0.5711317472575416,0.0
2009-11-06,1.297428462782198,0.0
2009-11-09,-0.5514558742309202,0.0
2009-11-10,-0.0026098836155245375,0.0
2009-11-11,0.006026702109176508,0.0
2009-11-12,1.2914003525131625,0.0
2009-11-13,-0.012625290503819067,0.0
2009-11-16,0.015395962667782693,0.0
2009-11-17,-0.007785811293261038,0.0
2009-11-18,0.0064450821503702,0.0
2009-11-19,-0.02174901549941688,0.0
2009-11-20,-0.005772840305549404,0.0
2009-11-23,0.006438143859791743,0.0
2009-11-24,-0.044480160894622235,0.0
2009-11-25,0.004425796290930756,0.0
2009-11-27,-0.5458094159132435,0.0
2009-11-30,0.0019007381594125477,0.0
2009-12-01,1.213835918579682,1.235239053945957
2009-12-02,0.004898562381358858,0.0
2009-12-03,-0.012759526800737138,0.0
2009-12-04,0.01041925923972582,0.0
2009-12-07,-0.00047311501050327834,0.0
2009-12-08,-0.008231204298227317,0.0
2009-12-09,0.003839802591166591,0.0
2009-12-10,0.007013686553424454,0.0
2009-12-11,0.0029354129023127814,0.0
2009-12-14,0.013563376703314802,0.0
2009-12-15,-0.005793119049324077,0.0
2009-12-16,0.009882516571293904,0.0
2009-12-17,0.0019258823420172256,0.0
2009-12-18,-0.0016552503039026119,0.0
2009-12-21,0.01459501726146873,0.0
2009-12-22,0.008862149240098075,0.0
2009-12-23,0.007879176518476513,0.0
2009-12-24,0.004984843314366685,0.0
2009-12-28,-0.0018386156843796877,0.0
2009-12-29,-0.002146993355676102,0.0
2009-12-30,-0.0008342172198990729,0.0
2009-12-31,-0.01002024021548286,0.0
2010-01-04,0.016149902602091037,0.41315590115884604
2010-01-05,0.010713938933943486,0.0
2010-01-06,1.6241939350698336,0.0
2010-01-07,-0.615877261069295,0.0
2010-01-08,1.6277428193152237,0.0
2010-01-11,-0.61769350320993,0.0
2010-01-12,-0.015812693462960884,0.0
2010-01-13,0.00962112624139073,0.0
2010-01-14,-9.359523989077015e-05,0.0
2010-01-15,-0.012704365359650867,0.0
2010-01-19,1.6433045916211357,0.0
2010-01-20,-0.6229433906904185,0.0
2010-01-21,1.6234751908874494,0.0
2010-01-22,-0.638463659094257,0.0
2010-01-25,0.006294091148584089,0.0
2010-01-26,-0.003326260990878834,0.0
2010-01-27,0.003698242636666428,0.0
2010-01-28,-0.015233095526226694,0.0
2010-01-29,0.059699006704798274,0.0
2010-02-01,0.02146850419944113,0.5672470249481776
2010-02-02,0.016813924168288703,0.0
2010-02-03,-0.005590736499227403,0.0
2010-02-04,-0.04167523647638017,0.0
2010-02-05,0.00391843225666977,0.0
2010-02-08,-0.008304546974325325,0.0
2010-02-09,0.019055066554508157,0.0
2010-02-10,-0.0025093837743513387,0.0
2010-02-11,0.01638545439798534,0.0
2010-02-12,0.002268559754210202,0.0
2010-02-16,0.02483688756339897,0.0
2010-02-17,0.004423007349093076,0.0
2010-02-18,0.005704969405736282,0.0
2010-02-19,0.003653032678784674,0.0
2010-02-22,-0.002063010553667359,0.0
2010-02-23,-0.0170999747311325,0.0
2010-02-24,0.012509766415543591,0.0
2010-02-25,0.00036697554867637854,0.0
2010-02-26,0.00677519131825142,0.0
2010-03-01,0.0198840155078992,0.5049563927967435
2010-03-02,0.00463472056617226,0.0
2010-03-03,0.002208499056955048,0.0
2010-03-04,0.005147093515488877,0.0
2010-03-05,0.02195241695602393,0.0
2010-03-08,0.0008971874890573912,0.0
2010-03-09,0.004182507518331973,0.0
2010-03-10,0.008561850746324644,0.0
2010-03-11,0.002764998046182813,0.0
2010-03-12,-0.005603158703080655,0.0
2010-03-15,-0.0027186922594115612,0.0
2010-03-16,0.01472466013959324,0.0
2010-03-17,0.009146173995889944,0.0
2010-03-18,-0.005098467475876084,0.0
2010-03-19,-0.011308730016995481,0.0
2010-03-22,0.011905116697069628,0.0
2010-03-23,0.009321661526471339,0.0
2010-03-24,-0.005353169457427922,0.0
2010-03-25,-0.0034064351372919185,0.0
2010-03-26,0.0037096647647104457,0.0
2010-03-29,0.009101375774449062,0.0
2010-03-30,-0.0011845670091903595,0.0
2010-03-31,-0.004790287742854807,0.0
2010-04-01,0.010101103677666812,0.38797080884054413
2010-04-05,0.01817560791668956,0.0
2010-04-06,0.004646309539495654,0.0
2010-04-07,-0.010595464127653748,0.0
2010-04-08,0.003241888888753393,0.0
2010-04-09,0.00822901798433133,0.0
2010-04-12,0.001178654246221311,0.0
2010-04-13,0.0018893262071553736,0.0
2010-04-14,0.016470154539630008,0.0
2010-04-15,-0.0010180295379042244,0.0
2010-04-16,-0.022051945170887023,0.0
2010-04-19,0.00022444761762406654,0.0
2010-04-20,0.015735946333988355,0.0
2010-04-21,0.007811721293881213,0.0
2010-04-22,0.004572124352498635,0.0
2010-04-23,0.010642787256016188,0.0
2010-04-26,-0.0024072845127598077,0.0
2010-04-27,-0.036544214265572486,0.0
2010-04-28,0.0062304312233996085,0.0
2010-04-29,0.01932358436856016,0.0
2010-04-30,-0.028634063668919324,0.0
2010-05-03,0.02047474836443497,0.4066911722973931
2010-05-04,-0.030387315527003366,0.0
2010-05-05,-0.009435959610362867,0.0
2010-05-06,-0.03567217854088016,0.0
2010-05-07,-0.0255840113040003,0.0
2010-05-10,0.06350043788614444,0.0
2010-05-11,-0.00270237434047291,0.0
2010-05-12,0.024487747408631855,0.0
2010-05-13,-0.014912205544420926,0.0
2010-05-14,-0.02707288968393159,0.0
2010-05-17,-0.0019345188429788105,0.0
2010-05-18,-0.01854402547161323,0.0
2010-05-19,-0.009257573004648932,0.0
2010-05-20,-0.04896651759245315,0.0
2010-05-21,0.025339301262579456,0.0
2010-05-24,-0.01391131666985187,0.0
2010-05-25,0.0033478831484683846,0.0
2010-05-26,0.0011455599739940972,0.0
2010-05-27,0.047379658113865866,0.0
2010-05-28,-0.01568230595051285,0.0
2010-06-01,-0.028596524811350443,0.5170319952694236
2010-06-02,0.02919755364401561,0.0
2010-06-03,0.003287803804375701,0.0
2010-06-04,-0.047682774305614094,0.0
2010-06-07,-0.024658393440252627,0.0
2010-06-08,0.008779837723572359,0.0
2010-06-09,0.004249264840986807,0.0
2010-06-10,0.0428926595655234,0.0
2010-06-11,0.008479842645790077,0.0
2010-06-14,0.0015436532323234848,0.0
2010-06-15,0.030838380328379864,0.0
2010-06-16,-0.004190951553920658,0.0
2010-06-17,-0.0015583632952164811,0.0
2010-06-18,3.109246636722214e-05,0.0
2010-06-21,-0.002444547389837977,0.0
2010-06-22,-0.02527407021752502,0.0
2010-06-23,0.0011568971291966415,0.0
2010-06-24,-0.0249362279907675,0.0
2010-06-25,0.01215239792478692,0.0
2010-06-28,-0.008260338023945862,0.0
2010-06-29,-0.045877314403984584,0.0
2010-06-30,-0.013421053489902576,0.0
2010-07-01,-0.004141242595490424,0.4120627866071406
2010-07-02,-0.012205886765091531,0.0
2010-07-06,-0.0013309400661751423,0.0
2010-07-07,0.040941294878172683,0.0
2010-07-08,0.010818295903557857,0.0
2010-07-09,0.012386019849074642,0.0
2010-07-12,-0.003636073802788334,0.0
2010-07-13,0.024269285323921717,0.0
2010-07-14,-0.003503595439268417,0.0
2010-07-15,-0.002825967062978823,0.0
2010-07-16,-0.03837435750401696,0.0
2010-07-19,0.006182665187166451,0.0
2010-07-20,0.01668788228414833,0.0
2010-07-21,-0.013952077039489917,0.0
2010-07-22,0.031327432905058565,0.0
2010-07-23,0.017471290589094225,0.0
2010-07-26,0.018864673687861946,0.0
2010-07-27,-0.008024449326436364,0.0
2010-07-28,-0.010905795030638717,0.0
2010-07-29,-0.0018061780322640572,0.0
2010-07-30,-5.6624660976528954e-05,0.0
2010-08-02,0.02498957747170416,0.4581103488415147
2010-08-03,-0.0074280682904060286,0.0
2010-08-04,0.007933287416088354,0.0
2010-08-05,-0.0020057390459529557,0.0
2010-08-06,-0.005040490378022866,0.0
2010-08-09,0.007417345909699046,0.0
2010-08-10,-0.00783839744777533,0.0
2010-08-11,-0.033858879816873605,0.0
2010-08-12,-0.005239984473735984,0.0
2010-08-13,-0.0031427983005109005,0.0
2010-08-16,-0.0009284597123663671,0.0
2010-08-17,0.01642016877379212,0.0
2010-08-18,0.006285550796256373,0.0
2010-08-19,-0.02268914468209381,0.0
2010-08-20,-0.0023459737492623075,0.0
2010-08-23,-0.008742314247248294,0.0
2010-08-24,-0.018325357164249143,0.0
2010-08-25,0.007200912442372669,0.0
2010-08-26,-0.007905678084491255,0.0
2010-08-27,0.021249735305773246,0.0
2010-08-30,-0.01690791002634881,0.0
2010-08-31,-0.000662945507404344,0.0
2010-09-01,0.035883468002119834,0.5138130861453603
2010-09-02,0.01632173338699818,0.0
2010-09-03,0.014533427031208994,0.0
2010-09-07,-0.014743120167969255,0.0
2010-09-08,0.008728594535452164,0.0
2010-09-09,0.0002795294009671997,0.0
2010-09-10,0.005610563173557067,0.0
2010-09-13,0.017365367002034122,0.0
2010-09-14,-0.001783930943010032,0.0
2010-09-15,0.003384011923817624,0.0
2010-09-16,-0.0020900829217370374,0.0
2010-09-17,0.004272865282422199,0.0
2010-09-20,0.019601414681987256,0.0
2010-09-21,-0.007266746323362442,0.0
2010-09-22,-0.009949711809714759,0.0
2010-09-23,-0.009821072152538551,0.0
2010-09-24,0.027292484163591348,0.0
2010-09-27,-0.007192703451416549,0.0
2010-09-28,0.008139982601939242,0.0
2010-09-29,-0.0015610906483407346,0.0
2010-09-30,-0.004534952494028501,0.0
2010-10-01,0.0013263399996470415,0.6830318347220208
2010-10-04,-0.005739015904850106,0.0
2010-10-05,0.0195362175473068,0.0
2010-10-06,-0.007705318247954306,0.0
2010-10-07,-0.0016095297732033435,0.0
2010-10-08,0.006176674339269411,0.0
2010-10-11,-0.00031242135731716285,0.0
2010-10-12,0.0031218435645503865,0.0
2010-10-13,0.008962608797116169,0.0
2010-10-14,-0.0003185745621121815,0.0
2010-10-15,0.0005434494536458819,0.0
2010-10-18,0.0033426649137690573,0.0
2010-10-19,-0.013909816313129342,0.0
2010-10-20,0.013745390357364703,0.0
2010-10-21,0.0010454066909156953,0.0
2010-10-22,0.004917505658284707,0.0
2010-10-25,0.004630104948591883,0.0
2010-10-26,-0.0018473635100754548,0.0
2010-10-27,-0.0037398608122551687,0.0
2010-10-28,-0.0010210655205371995,0.0
2010-10-29,0.004313148138197593,0.0
2010-11-01,-0.0011243558352114214,0.5211565091616922
2010-11-02,0.008818288934616078,0.0
2010-11-03,0.0033310380722801026,0.0
2010-11-04,0.018969927451023032,0.0
2010-11-05,0.00334765514378913,0.0
2010-11-08,-0.0028808616351751215,0.0
2010-11-09,-0.020252213840788545,0.0
2010-11-10,0.005839220901245796,0.0
2010-11-11,-0.0002830338316918131,0.0
2010-11-12,-0.01335761353546485,0.0
2010-11-15,0.0003335522863318536,0.0
2010-11-16,-0.01935931679037778,0.0
2010-11-17,0.0015390790551145861,0.0
2010-11-18,0.013813383087059369,0.0
2010-11-19,0.005137213446144823,0.0
2010-11-22,0.004949337775378364,0.0
2010-11-23,-0.013174950414774927,0.0
2010-11-24,0.018452748478715808,0.0
2010-11-26,-0.0036028670964006453,0.0
2010-11-29,-0.0011613905946927501,0.0
2010-11-30,-0.0036178374024141034,0.0
2010-12-01,0.019043365722588357,0.39717461105431606
2010-12-02,0.013362496929781158,0.0
2010-12-03,0.002584714942381163,0.0
2010-12-06,-0.0012726848508925082,0.0
2010-12-07,0.0014414175234594086,0.0
2010-12-08,0.00040534029188179767,0.0
2010-12-09,0.0023697022435976703,0.0
2010-12-10,0.007244158967541978,0.0
2010-12-13,-0.004671974901358804,0.0
2010-12-14,-0.0016232290434752051,0.0
2010-12-15,-0.005593197384356942,0.0
2010-12-16,0.008113899298339361,0.0
2010-12-17,0.003211991412958988,0.0
2010-12-20,0.0031078166787607982,0.0
2010-12-21,0.008507830460128032,0.0
2010-12-22,-0.0007157683391412805,0.0
2010-12-23,-0.003481179043038675,0.0
2010-12-27,0.0014320082901118406,0.0
2010-12-28,-0.00129495223118386,0.0
2010-12-29,0.002226688199810681,0.0
2010-12-30,-0.0004894797360465217,0.0
2010-12-31,-0.002888336107582626,0.0
2011-01-03,0.0030989669307086576,0.5584857400457032
2011-01-04,-0.010174917404991797,0.0
2011-01-05,0.006188826445547175,0.0
2011-01-06,-0.006235243178406084,0.0
2011-01-07,-0.0016196002475550265,0.0
2011-01-10,0.001620356206482139,0.0
2011-01-11,0.0014053046768168725,0.0
2011-01-12,0.007728701320263858,0.0
2011-01-13,-0.0010185568176171206,0.0
2011-01-14,0.006626060929004713,0.0
2011-01-18,0.003347870556895424,0.0
2011-01-19,-0.014198933518621447,0.0
2011-01-20,-0.008883041619210727,0.0
2011-01-21,-0.0013690182796878593,0.0
2011-01-24,0.005163693405447686,0.0
2011-01-25,-0.0034955789018884277,0.0
2011-01-26,0.012169308806052843,0.0
2011-01-27,0.0021217501310467554,0.0
2011-01-28,-0.020509168676269764,0.0
2011-01-31,0.01035601516250047,0.0
2011-02-01,0.015155685775704919,0.3474694493521027
2011-02-02,-0.0027980956638298856,0.0
2011-02-03,0.007029551582444485,0.0
2011-02-04,0.0071660298366859245,0.0
2011-02-07,0.0074670269061608355,0.0
2011-02-08,0.004150517305007103,0.0
2011-02-09,-0.0008715606270761924,0.0
2011-02-10,0.006531411943606155,0.0
2011-02-11,0.011128071670659215,0.0
2011-02-14,0.003713367419403251,0.0
2011-02-15,-0.006339563445615157,0.0
2011-02-16,0.012696953498067973,0.0
2011-02-17,0.0027470779871115528,0.0
2011-02-18,-0.000939061315529407,0.0
2011-02-22,-0.028606655312208767,0.0
2011-02-23,-0.013551436892133808,0.0
2011-02-24,0.002326465631961722,0.0
2011-02-25,0.017564685030273336,0.0
2011-02-28,0.0045359962934938235,0.0
2011-03-01,-0.021139386447912134,0.4724593724053974
2011-03-02,0.005686475860644752,0.0
2011-03-03,0.02250423001565352,0.0
2011-03-04,-0.007601483287338873,0.0
2011-03-07,-0.013849798440067848,0.0
2011-03-08,0.010755759603162069,0.0
2011-03-09,-0.00696246295792547,0.0
2011-03-10,-0.02183652436295737,0.0
2011-03-11,0.011377580771628475,0.0
2011-03-14,-0.004987942004345282,0.0
2011-03-15,-0.009627568464654021,0.0
2011-03-16,-0.016385000383815653,0.0
2011-03-17,0.01401629085426558,0.0
2011-03-18,0.003168541224972353,0.0
2011-03-21,0.020680012385300723,0.0
2011-03-22,-0.007576606998851008,0.0
2011-03-23,0.005528164350855246,0.0
2011-03-24,0.014401157626774467,0.0
2011-03-25,0.004383217912352572,0.0
2011-03-28,-0.004554663580069094,0.0
2011-03-29,0.011304602435808655,0.0
2011-03-30,0.008493581215562119,0.0
2011-03-31,3.716931068593296e-05,0.0
2011-04-01,0.004495086566565387,0.5489364669572658
2011-04-04,-0.0005579063790967742,0.0
2011-04-05,0.0014902143718572955,0.0
2011-04-06,-0.004114275059040058,0.0
2011-04-07,-0.0027063917473463834,0.0
2011-04-08,-0.006126489403358865,0.0
2011-04-11,-0.005543133633634939,0.0
2011-04-12,-0.011596805640382976,0.0
2011-04-13,0.005697788442167456,0.0
2011-04-14,0.0015713813147277308,0.0
2011-04-15,0.006231188915224786,0.0
2011-04-18,-0.013336520932503985,0.0
2011-04-19,0.006057957071414016,0.0
2011-04-20,0.021627106161785127,0.0
2011-04-21,0.007871844687000584,0.0
2011-04-25,-0.0027648524948682912,0.0
2011-04-26,0.006732658345114064,0.0
2011-04-27,0.0020816159564980884,0.0
2011-04-28,-0.0003002922151351126,0.0
2011-04-29,0.0034471236158051285,0.0
2011-05-02,-0.006983301458250546,0.416491508240894
2011-05-03,-0.01108415062948423,0.0
2011-05-04,-0.009801684336389069,0.0
2011-05-05,-0.002163360352065608,0.0
2011-05-06,0.006382218003253042,0.0
2011-05-09,0.009506286172368962,0.0
2011-05-10,0.011252450476435586,0.0
2011-05-11,-0.015417612720710476,0.0
2011-05-12,0.005536615115571554,0.0
2011-05-13,-0.008106605766932472,0.0
2011-05-16,-0.009181240666950245,0.0
2011-05-17,-0.0034410544739807893,0.0
2011-05-18,0.01853113952640564,0.0
2011-05-19,0.0017108668360311338,0.0
2011-05-20,-0.00708810263324322,0.0
2011-05-23,-0.014528534981316515,0.0
2011-05-24,-0.00850081363035652,0.0
2011-05-25,0.007170751914738119,0.0
2011-05-26,0.009801872646545848,0.0
2011-05-27,0.004766420572679892,0.0
2011-05-31,0.008307607214818935,0.0
2011-06-01,-0.025636158289988442,0.3360502144430428
2011-06-02,0.002104456137129548,0.0
2011-06-03,-0.013310707353553816,0.0
2011-06-06,-0.015728255637508775,0.0
2011-06-07,0.002915009006040137,0.0
2011-06-08,-0.009188399356215451,0.0
2011-06-09,0.011271228832689802,0.0
2011-06-10,-0.01853988165000847,0.0
2011-06-13,-0.006477022303594205,0.0
2011-06-14,0.021419888260208242,0.0
2011-06-15,-0.022014098910916383,0.0
2011-06-16,-0.003634414136943162,0.0
2011-06-17,0.0023752097716516207,0.0
2011-06-20,0.008952233183010219,0.0
2011-06-21,0.022246608000291497,0.0
2011-06-22,-0.006062525861780863,0.0
2011-06-23,-0.0003011057641497975,0.0
2011-06-24,-0.011866515145697816,0.0
2011-06-27,0.008930226672288159,0.0
2011-06-28,0.020291386610506168,0.0
2011-06-29,0.008061089701812902,0.0
2011-06-30,0.01095073976429393,0.0
2011-07-01,0.014120309385424745,0.33955829597099907
2011-07-05,0.0011042933043239073,0.0
2011-07-06,0.002084372339783266,0.0
2011-07-07,0.011386195732253503,0.0
2011-07-08,-0.007245456723307183,0.0
2011-07-11,-0.022941474113605816,0.0
2011-07-12,-0.007633616893742748,0.0
2011-07-13,0.004874468387771214,0.0
2011-07-14,-0.010154610751779872,0.0
2011-07-15,0.010608437598755759,0.0
2011-07-18,-0.009138627893121483,0.0
2011-07-19,0.020445151828926023,0.0
2011-07-20,-0.004506609786101487,0.0
2011-07-21,0.01276546708157111,0.0
2011-07-22,0.0009024817533305569,0.0
2011-07-25,-0.005783963204352949,0.0
2011-07-26,-0.005179375566450926,0.0
2011-07-27,-0.028318574178149744,0.0
2011-07-28,-0.005591850843140227,0.0
2011-07-29,-0.005858352629761832,0.0
2011-08-01,-0.007282391759215634,0.4724862879042309
2011-08-02,-0.03514854457699333,0.0
2011-08-03,0.006825933950400275,0.0
2011-08-04,-0.05750826220872468,0.0
2011-08-05,-0.0021992073003188947,0.0
2011-08-08,-0.08012093691506489,0.0
2011-08-09,0.05868440828390769,0.0
2011-08-10,-0.03831238455437962,0.0
2011-08-11,0.051042364099719906,0.0
2011-08-12,0.012267594031053916,0.0
2011-08-15,0.021985589988089648,0.0
2011-08-16,-0.014393907073978874,0.0
2011-08-17,-0.004193102315156743,0.0
2011-08-18,-0.05913361375793266,0.0
2011-08-19,-0.01621418664968141,0.0
2011-08-22,0.002279877889723801,0.0
2011-08-23,0.04415773582916199,0.0
2011-08-24,0.012950429699197985,0.0
2011-08-25,-0.020310348342441935,0.0
2011-08-26,0.025176641667512812,0.0
2011-08-29,0.03449432492675816,0.0
2011-08-30,0.007336087562417632,0.0
2011-08-31,0.005688736263896861,0.0
2011-09-01,-0.012506658359592526,0.4976500553011798
2011-09-02,-0.02749729359813448,0.0
2011-09-06,-0.005452883657999674,0.0
2011-09-07,0.03463668644547713,0.0
2011-09-08,-0.011717772288985715,0.0
2011-09-09,-0.029640571156446,0.0
2011-09-12,0.007755986630507887,0.0
2011-09-13,0.015675047075309576,0.0
2011-09-14,0.017000216701997625,0.0
2011-09-15,0.016932030752633626,0.0
2011-09-16,0.0049848010003833675,0.0
2011-09-19,-0.0074847128557055526,0.0
2011-09-20,-0.009082830151207064,0.0
2011-09-21,-0.0342638610501985,0.0
2011-09-22,-0.04066186219403344,0.0
2011-09-23,0.005476173370462179,0.0
2011-09-26,0.02368347420364543,0.0
2011-09-27,0.012964734127229517,0.0
2011-09-28,-0.027283116443719394,0.0
2011-09-29,-0.002522319171221032,0.0
2011-09-30,-0.028676671061092493,0.0
2011-10-03,-0.035762039892984876,0.607078701369856
2011-10-04,0.028005258890813133,0.0
2011-10-05,0.020748208719702177,0.0
2011-10-06,0.022352776543856517,0.0
2011-10-07,-0.008201562229507735,0.0
2011-10-10,0.038057455156796594,0.0
2011-10-11,0.0007206639818343916,0.0
2011-10-12,0.0009576087861493301,0.0
2011-10-13,-0.0005855498966201905,0.0
2011-10-14,0.019801443564547334,0.0
2011-10-17,-0.02125006392832348,0.0
2011-10-18,0.019064455338763556,0.0
2011-10-19,-0.012456322856466542,0.0
2011-10-20,0.005397841939977557,0.0
2011-10-21,0.022110445733421934,0.0
2011-10-24,0.018336275799153746,0.0
2011-10-25,-0.021393228211799824,0.0
2011-10-26,0.011967785216094609,0.0
2011-10-27,0.03487280412187712,0.0
2011-10-28,-0.0005170095115672503,0.0
2011-10-31,-0.023788639638384172,0.0
2011-11-01,-0.026914120287053755,0.6113321771482418
2011-11-02,0.014917993522070785,0.0
2011-11-03,0.014718945726046234,0.0
2011-11-04,-0.0039029732088777724,0.0
2011-11-07,0.00458414556781858,0.0
2011-11-08,0.007339266833155736,0.0
2011-11-09,-0.030369029269235646,0.0
2011-11-10,0.008227497061565465,0.0
2011-11-11,0.018387772658307558,0.0
2011-11-14,-0.00934380077957418,0.0
2011-11-15,0.005324586554416361,0.0
2011-11-16,-0.01984857808714826,0.0
2011-11-17,-0.012413226460390466,0.0
2011-11-18,0.0002537566264772203,0.0
2011-11-21,-0.013323780308535475,0.0
2011-11-22,-0.002386746744281822,0.0
2011-11-23,-0.019933103111536007,0.0
2011-11-25,-0.0006308190287793246,0.0
2011-11-28,0.02402748016315981,0.0
2011-11-29,0.004135290785752146,0.0
2011-11-30,0.03609263020372906,0.0
2011-12-01,-0.0011720591334006825,0.4241574059592189
2011-12-02,-0.004818194295017567,0.0
2011-12-05,0.008296750131303309,0.0
2011-12-06,-0.0008621175646072404,0.0
2011-12-07,0.0003483702065868847,0.0
2011-12-08,-0.017894852930027433,0.0
2011-12-09,0.016257897740805972,0.0
2011-12-12,-0.011684316600977934,0.0
2011-12-13,-0.010943555430351689,0.0
2011-12-14,-0.009928849441574891,0.0
2011-12-15,0.005628852636795191,0.0
2011-12-16,0.0031467884877277317,0.0
2011-12-19,-0.0097607367288444,0.0
2011-12-20,0.029962125365785623,0.0
2011-12-21,0.0040197880933969775,0.0
2011-12-22,0.004725246054829059,0.0
2011-12-23,0.009110249137225034,0.0
2011-12-27,0.0039270868469439635,0.0
2011-12-28,-0.011478792809649113,0.0
2011-12-29,0.009094761597264175,0.0
2011-12-30,-0.006287376553096274,0.0
2012-01-03,0.0039753981579260245,0.43806132161839134
2012-01-04,-0.0005415291489392657,0.0
2012-01-05,0.004085229689328268,0.0
2012-01-06,-0.003400967740167524,0.0
2012-01-09,0.0009095302527430955,0.0
2012-01-10,0.006759675471182244,0.0
2012-01-11,-0.0031997451583317717,0.0
2012-01-12,0.0006398796302661044,0.0
2012-01-13,-0.002959220327463305,0.0
2012-01-17,0.00593812631876785,0.0
2012-01-18,0.008048850030214647,0.0
2012-01-19,0.0003969596312771555,0.0
2012-01-20,-0.002539389003259241,0.0
2012-01-23,0.0020668186233989854,0.0
2012-01-24,-0.00021864304096312284,0.0
2012-01-25,0.008254564014747055,0.0
2012-01-26,-0.0070401821463273225,0.0
2012-01-27,-0.002381339180089742,0.0
2012-01-30,-0.0029959891798210367,0.0
2012-01-31,0.002166034875829382,0.0
2012-02-01,0.007441822233349216,0.4312219758866947
2012-02-02,0.0008840218150740554,0.0
2012-02-03,0.010245784373712931,0.0
2012-02-06,-0.00274388269676791,0.0
2012-02-07,0.004030743870930728,0.0
2012-02-08,0.0019753355179932108,0.0
2012-02-09,0.0038444060410717743,0.0
2012-02-10,-0.006119732939127192,0.0
2012-02-13,0.0050178839560420085,0.0
2012-02-14,0.0006944414528704185,0.0
2012-02-15,-0.00524113216574597,0.0
2012-02-16,0.007567400733775232,0.0
2012-02-17,0.00275765340683111,0.0
2012-02-21,-0.002409978129710208,0.0
2012-02-22,-0.0005234825104071196,0.0
2012-02-23,0.0034725017349273085,0.0
2012-02-24,0.0028843136965661198,0.0
2012-02-27,0.0010120390216055912,0.0
2012-02-28,-0.0008901297377723336,0.0
2012-02-29,-0.002639890908425869,0.0
2012-03-01,0.0050405807044719975,0.42719014793997956
2012-03-02,-0.002773368015558431,0.0
2012-03-05,-0.00048625357550120254,0.0
2012-03-06,-0.013235956055565667,0.0
2012-03-07,0.007095905322890787,0.0
2012-03-08,0.010434528273640956,0.0
2012-03-09,0.004160731904540143,0.0
2012-03-12,0.0023476959967485625,0.0
2012-03-13,0.012155968681720966,0.0
2012-03-14,-0.004754075584616596,0.0
2012-03-15,0.0035734460507082354,0.0
2012-03-16,-0.0007031198054342298,0.0
2012-03-19,0.001895659521287671,0.0
2012-03-20,-0.0013340869062384063,0.0
2012-03-21,0.0007757208613874142,0.0
2012-03-22,-0.004082022605432592,0.0
2012-03-23,0.0016442132036494125,0.0
2012-03-26,0.01329700524488774,0.0
2012-03-27,0.00021722940879525442,0.0
2012-03-28,-0.006267194523847223,0.0
2012-03-29,0.002251991486152778,0.0
2012-03-30,0.0024250570872665082,0.0
2012-04-02,0.005560766853904164,0.3958124239629256
2012-04-03,-0.0006350787325080799,0.0
2012-04-04,-0.007835828580716802,0.0
2012-04-05,0.0017619543142180264,0.0
2012-04-09,-0.009098000779483405,0.0
2012-04-10,-0.01901189519933369,0.0
2012-04-11,0.0107634313754841,0.0
2012-04-12,0.01099632865185666,0.0
2012-04-13,-0.004748409554834688,0.0
2012-04-16,-0.00013702511386872232,0.0
2012-04-17,0.011292303202431084,0.0
2012-04-18,-0.001660525633099708,0.0
2012-04-19,-0.0037067256306857707,0.0
2012-04-20,0.007994209184977905,0.0
2012-04-23,-0.011149277182592447,0.0
2012-04-24,0.0005243418992300797,0.0
2012-04-25,0.014393954263368931,0.0
2012-04-26,0.010038536669869914,0.0
2012-04-27,0.008040389623053024,0.0
2012-04-30,-0.004057634294908065,0.0
2012-05-01,0.0028440439694734643,0.30429005863174663
2012-05-02,0.0023466535991990686,0.0
2012-05-03,-0.00592508049645085,0.0
2012-05-04,-0.013833413649207146,0.0
2012-05-07,0.00036985424107157825,0.0
2012-05-08,-0.005871389226898229,0.0
2012-05-09,-0.004502574728636273,0.0
2012-05-10,0.0015692537852109718,0.0
2012-05-11,-0.00025828311450776817,0.0
2012-05-14,-0.010271891440791717,0.0
2012-05-15,-0.0014131773570521715,0.0
2012-05-16,-0.003523784675687088,0.0
2012-05-17,-0.022195354991611335,0.0
2012-05-18,-0.005654642994763452,0.0
2012-05-21,0.017000759315058827,0.0
2012-05-22,0.003408094104289626,0.0
2012-05-23,0.0034077585328658607,0.0
2012-05-24,0.0029961239226991006,0.0
2012-05-25,-0.0007671554686729551,0.0
2012-05-29,0.010598832448795236,0.0
2012-05-30,-0.012785224937891592,0.0
2012-05-31,-0.0012748655930312372,0.0
2012-06-01,-0.028458163760703536,0.3241349276478428
2012-06-04,0.001376810100655754,0.0
2012-06-05,-0.0011496596885581817,0.0
2012-06-06,0.02163518542386522,0.0
2012-06-07,-0.0005175836899014516,0.0
2012-06-08,0.009274140052902557,0.0
2012-06-11,-0.013119436955357285,0.0
2012-06-12,0.011254927193254997,0.0
2012-06-13,-0.009381469390128905,0.0
2012-06-14,0.011496361314376624,0.0
2012-06-15,0.010199030948503204,0.0
2012-06-18,0.007157933689955732,0.0
2012-06-19,0.008061280020224416,0.0
2012-06-20,-0.0032175430063789857,0.0
2012-06-21,-0.02164173509355878,0.0
2012-06-22,0.0085602069297353,0.0
2012-06-25,-0.014512737262040463,0.0
2012-06-26,0.0064514386274451135,0.0
2012-06-27,0.0035480427886032096,0.0
2012-06-28,-0.004027946591000867,0.0
2012-06-29,0.023096267376526924,0.0
2012-07-02,0.0038410903635943683,0.3296050949596193
2012-07-03,0.0019715939285891316,0.0
2012-07-05,0.0007922150828858191,0.0
2012-07-06,-0.006517652547307016,0.0
2012-07-09,-0.003041850366065058,0.0
2012-07-10,-0.006510392867467929,0.0
2012-07-11,-0.0033576251463224545,0.0
2012-07-12,0.00015716714424582334,0.0
2012-07-13,0.014932337442093501,0.0
2012-07-16,-0.003832217341798905,0.0
2012-07-17,0.008598106361908782,0.0
2012-07-18,0.00497513409241334,0.0
2012-07-19,0.0036803663625668732,0.0
2012-07-20,-0.008993332274415922,0.0
2012-07-23,-0.009911090487291368,0.0
2012-07-24,-0.008816130031480178,0.0
2012-07-25,-0.003260806028619594,0.0
2012-07-26,0.017273689035602977,0.0
2012-07-27,0.010913538199735194,0.0
2012-07-30,-0.000629252346100643,0.0
2012-07-31,-0.008186218611536095,0.0
2012-08-01,-0.007262070465134607,0.32872215122652426
2012-08-02,-3.349230253113554e-05,0.0
2012-08-03,0.01719616511995066,0.0
2012-08-06,-0.000855369138505312,0.0
2012-08-07,0.0027967596163836145,0.0
2012-08-08,-0.000661752738287263,0.0
2012-08-09,-0.0014802246779389368,0.0
2012-08-10,-0.000539377012636999,0.0
2012-08-13,-0.0011028506164929286,0.0
2012-08-14,-1.9015940957087713e-05,0.0
2012-08-15,0.003301798738219777,0.0
2012-08-16,0.007520253372312988,0.0
2012-08-17,0.002004825996143511,0.0
2012-08-20,-0.0038837950194220055,0.0
2012-08-21,-0.004490600433294657,0.0
2012-08-22,0.0019773943874682974,0.0
2012-08-23,-0.008224751377345168,0.0
2012-08-24,0.006689093413958926,0.0
2012-08-27,-0.0011582840785900267,0.0
2012-08-28,-0.000594775880294308,0.0
2012-08-29,0.002305762844346748,0.0
2012-08-30,-0.005895948875485765,0.0
2012-08-31,0.0036438543509231683,0.0
2012-09-04,0.0017267970852219428,0.5163827379743113
2012-09-05,-0.0017454701790953434,0.0
2012-09-06,0.019477043671833102,0.0
2012-09-07,0.0006883165543947382,0.0
2012-09-10,-0.0045725270839644845,0.0
2012-09-11,0.0023422386674512427,0.0
2012-09-12,0.002952716421820536,0.0
2012-09-13,0.014199923706609639,0.0
2012-09-14,0.0033907613704670194,0.0
2012-09-17,-0.004814004038519382,0.0
2012-09-18,-0.0038904856021709736,0.0
2012-09-19,0.004506268318826498,0.0
2012-09-20,0.0005199876879528212,0.0
2012-09-21,0.0016003170461082441,0.0
2012-09-24,-0.0019015970234045388,0.0
2012-09-25,-0.009928725893930825,0.0
2012-09-26,-0.007326070103830764,0.0
2012-09-27,0.008973485495121388,0.0
2012-09-28,-0.0024637327035667515,0.0
2012-10-01,9.040004989846473e-05,0.5269111867934982
2012-10-02,0.0018408329188081844,0.0
2012-10-03,0.007651346053919542,0.0
2012-10-04,0.007434846934306856,0.0
2012-10-05,0.001358897500958443,0.0
2012-10-08,-0.0046014023118642906,0.0
2012-10-09,-0.014325670709724632,0.0
2012-10-10,-0.005004017552366795,0.0
2012-10-11,-8.296615566371127e-05,0.0
2012-10-12,-0.005322023825944512,0.0
2012-10-15,0.009688685649818306,0.0
2012-10-16,0.00969808903995906,0.0
2012-10-17,0.004672026795658693,0.0
2012-10-18,0.0008869531184885707,0.0
2012-10-19,-0.014090636529854116,0.0
2012-10-22,-0.00037887482442502073,0.0
2012-10-23,-0.012633502159018168,0.0
2012-10-24,-0.0020876514189546447,0.0
2012-10-25,-4.5489120767047524e-05,0.0
2012-10-26,0.0001285745614094157,0.0
2012-10-31,0.001386390581509763,0.0
2012-11-01,0.011041259397511993,0.42477273779982827
2012-11-02,-0.008266423707677807,0.0
2012-11-05,0.0027640601334697167,0.0
2012-11-06,0.007742562881855153,0.0
2012-11-07,-0.01762407514328765,0.0
2012-11-08,-0.011416538916021778,0.0
2012-11-09,0.0007956420109510465,0.0
2012-11-12,0.00038252581354938215,0.0
2012-11-13,-0.0016471117987983718,0.0
2012-11-14,-0.016072111453783938,0.0
2012-11-15,-0.0018865283690033508,0.0
2012-11-16,0.0088165929882929,0.0
2012-11-19,0.019857306630558902,0.0
2012-11-20,0.005907793620586857,0.0
2012-11-21,0.0011516284466197178,0.0
2012-11-23,0.013227933777304642,0.0
2012-11-26,-0.0035015570763416454,0.0
2012-11-27,-0.005123150399100617,0.0
2012-11-28,0.006187944484967008,0.0
2012-11-29,0.004062155597454004,0.0
2012-11-30,0.000951388240144811,0.0
2012-12-03,-0.00624125242823681,0.5115187773867234
2012-12-04,-0.0034654489307190117,0.0
2012-12-05,0.0011456482344778388,0.0
2012-12-06,0.0038366871835018856,0.0
2012-12-07,0.0032802886639604796,0.0
2012-12-10,-0.006062156998627025,0.0
2012-12-11,0.0062903385225487425,0.0
2012-12-12,0.0014342479955674146,0.0
2012-12-13,-0.006389975011383615,0.0
2012-12-14,-0.0003773875517678196,0.0
2012-12-17,0.016527859048726664,0.0
2012-12-18,0.011792024536423647,0.0
2012-12-19,-0.00691314372456223,0.0
2012-12-20,0.006903572981870705,0.0
2012-12-21,-0.010674542731804092,0.0
2012-12-24,-0.0006028541484610429,0.0
2012-12-26,-0.006549207140211339,0.0
2012-12-27,-0.0004493757566769738,0.0
2012-12-28,-0.009713204082643392,0.0
2012-12-31,0.011143363953438156,0.0
2013-01-02,0.024136850986450353,0.4555110922850047
2013-01-03,-0.003601372601225795,0.0
2013-01-04,0.00827812302955958,0.0
2013-01-07,-0.0037722095764142296,0.0
2013-01-08,-0.002263745268899343,0.0
2013-01-09,0.004361041071122383,0.0
2013-01-10,0.005738656805208625,0.0
2013-01-11,-0.0008692634663920484,0.0
2013-01-14,-0.0011695356925174058,0.0
2013-01-15,0.00292700100985568,0.0
2013-01-16,-0.0012326649821134102,0.0
2013-01-17,0.008900936190577084,0.0
2013-01-18,0.002324087856564138,0.0
2013-01-22,0.0052747141980425995,0.0
2013-01-23,0.0009367392484681391,0.0
2013-01-24,0.0042762515841294774,0.0
2013-01-25,0.0063618868985547,0.0
2013-01-28,-0.0046474667116871374,0.0
2013-01-29,0.004911635585993919,0.0
2013-01-30,-0.0031302856974486305,0.0
2013-01-31,-0.002814210334616639,0.0
2013-02-01,0.008636246235669942,0.486384197381762
2013-02-04,-0.013529408796788963,0.0
2013-02-05,0.010382711727115152,0.0
2013-02-06,0.002075653835825256,0.0
2013-02-07,-0.0034300104315168702,0.0
2013-02-08,0.005217691269562522,0.0
2013-02-11,-0.0011818535434912048,0.0
2013-02-12,0.004891231892901465,0.0
2013-02-13,0.000982904092204166,0.0
2013-02-14,0.003047887331868015,0.0
2013-02-15,-0.0002650108647035433,0.0
2013-02-19,0.0051524609698846814,0.0
2013-02-20,-0.017426493478910374,0.0
2013-02-21,-0.0067060268782755976,0.0
2013-02-22,0.010778141372443664,0.0
2013-02-25,-0.020588796051809168,0.0
2013-02-26,0.009296843453320585,0.0
2013-02-27,0.01569083606615273,0.0
2013-02-28,0.0010242847696574962,0.0
2013-03-01,0.005123629245461059,0.4626064063454556
2013-03-04,0.00918458397959096,0.0
2013-03-05,0.010502546910537636,0.0
2013-03-06,0.0006929170808380512,0.0
2013-03-07,0.0019149722768372823,0.0
2013-03-08,0.006930932675830143,0.0
2013-03-11,0.0021406797351588534,0.0
2013-03-12,-0.002176578307031633,0.0
2013-03-13,0.0037075693411338815,0.0
2013-03-14,0.0042355448513412206,0.0
2013-03-15,-0.005065758560665663,0.0
2013-03-18,-0.004813748108470404,0.0
2013-03-19,-0.0021734994720157583,0.0
2013-03-20,0.010744098301976647,0.0
2013-03-21,-0.010748977259940255,0.0
2013-03-22,0.005408765199194293,0.0
2013-03-25,-0.003039090050500306,0.0
2013-03-26,0.0080469823459073,0.0
2013-03-27,0.0001318845126351601,0.0
2013-03-28,0.0074643859549221436,0.0
2013-04-01,-0.007820329634732781,0.49952593938073575
2013-04-02,0.003232804483948695,0.0
2013-04-03,-0.014821672962442238,0.0
2013-04-04,0.004644311819722502,0.0
2013-04-05,-0.0018469940293086814,0.0
2013-04-08,0.009074388979735677,0.0
2013-04-09,0.0016300203852279438,0.0
2013-04-10,0.011424165453452949,0.0
2013-04-11,0.006432372928930265,0.0
2013-04-12,-0.0014437344400308643,0.0
2013-04-15,-0.025986145942333345,0.0
2013-04-16,0.016668219781301983,0.0
2013-04-17,-0.013011417985007318,0.0
2013-04-18,-0.006006878473909709,0.0
2013-04-19,0.013527345874426843,0.0
2013-04-22,0.005472713308542555,0.0
2013-04-23,0.0117904929340906,0.0
2013-04-24,-0.0029455028730462347,0.0
2013-04-25,0.00397139718227006,0.0
2013-04-26,-0.005708116059244286,0.0
2013-04-29,0.003271170111035274,0.0
2013-04-30,0.0009171698623714697,0.0
2013-05-01,-0.01010243091794849,0.4401570641547091
2013-05-02,0.012933618411696787,0.0
2013-05-03,0.004923395739640188,0.0
2013-05-06,0.0013932491671009308,0.0
2013-05-07,0.005347316109715281,0.0
2013-05-08,0.0023094705365902042,0.0
2013-05-09,-0.003700030562270343,0.0
2013-05-10,0.007787190765716552,0.0
2013-05-13,0.001419685282579932,0.0
2013-05-14,0.015198731326255155,0.0
2013-05-15,0.007815877603424058,0.0
2013-05-16,-0.010284642042537113,0.0
2013-05-17,0.013128210055159496,0.0
2013-05-20,-0.003228479274818766,0.0
2013-05-21,0.0008632470617227089,0.0
2013-05-22,-0.011073620664897029,0.0
2013-05-23,-0.002988980004479558,0.0
2013-05-24,-0.002062172772650345,0.0
2013-05-28,0.007213498719214723,0.0
2013-05-29,-0.010382347393890308,0.0
2013-05-30,0.0061789838440813065,0.0
2013-05-31,-0.012741129891185055,0.0
2013-06-03,-0.0017745728488315349,0.5629564850770995
2013-06-04,-0.00808462491334001,0.0
2013-06-05,-0.016558825045505897,0.0
2013-06-06,0.012784190455363213,0.0
2013-06-07,0.008081261333340618,0.0
2013-06-10,-0.001690246127541305,0.0
2013-06-11,-0.011068262274005505,0.0
2013-06-12,-0.012357693560031411,0.0
2013-06-13,0.020642827560938083,0.0
2013-06-14,-0.005990232373926619,0.0
2013-06-17,0.009056037341626046,0.0
2013-06-18,0.007316059393019046,0.0
2013-06-19,-0.015416620327907207,0.0
2013-06-20,-0.029448140744571864,0.0
2013-06-21,-0.0004140399560693614,0.0
2013-06-24,-0.014135587842125341,0.0
2013-06-25,0.012862100447443174,0.0
2013-06-26,0.01117657119353304,0.0
2013-06-27,0.011174958518589517,0.0
2013-06-28,-0.005913102298342324,0.0
2013-07-01,0.006757144223909828,0.5276474527066985
2013-07-02,-0.0027347360894927905,0.0
2013-07-03,-0.00019237469175527512,0.0
2013-07-05,0.013624741641534766,0.0
2013-07-08,0.004830884134245751,0.0
2013-07-09,0.009732562192201831,0.0
2013-07-10,-0.0016318468666015856,0.0
2013-07-11,0.014799117649422691,0.0
2013-07-12,0.006111058775664622,0.0
2013-07-15,0.00036108528717584607,0.0
2013-07-16,-0.007446454459686995,0.0
2013-07-17,0.004752546454129397,0.0
2013-07-18,0.007108882656640526,0.0
2013-07-19,0.003590804886750844,0.0
2013-07-22,0.003537899021334323,0.0
2013-07-23,-0.0027850590137661947,0.0
2013-07-24,-0.0061667179106783335,0.0
2013-07-25,0.005429661234513119,0.0
2013-07-26,0.0004490106069499435,0.0
2013-07-29,-0.005723762957982117,0.0
2013-07-30,0.004067203246093122,0.0
2013-07-31,0.005313383807801503,0.0
2013-08-01,0.0180451394552823,0.4944637265889644
2013-08-02,0.0005687375626715638,0.0
2013-08-05,-0.0014609568985250244,0.0
2013-08-06,-0.0067036832501249175,0.0
2013-08-07,-0.007455656446389372,0.0
2013-08-08,0.006569769725852463,0.0
2013-08-09,-0.001039838996442952,0.0
2013-08-12,-0.0012262738225329297,0.0
2013-08-13,0.004012134121455883,0.0
2013-08-14,-0.006064443467668715,0.0
2013-08-15,-0.019514455060635247,0.0
2013-08-16,7.591749583012544e-05,0.0
2013-08-19,-0.009601583414231516,0.0
2013-08-20,0.009749094498093878,0.0
2013-08-21,-0.005426442259178584,0.0
2013-08-22,0.012580560355624965,0.0
2013-08-23,0.0009708877802766056,0.0
2013-08-26,-0.004189630205738784,0.0
2013-08-27,-0.024139702243650196,0.0
2013-08-28,0.003598816758418195,0.0
2013-08-29,0.006025271701810941,0.0
2013-08-30,-0.007096764616968651,0.0
2013-09-03,0.009001703442313103,0.4343812462783982
2013-09-04,0.011247318357303596,0.0
2013-09-05,0.0030805620468722316,0.0
2013-09-06,-0.0011103946517041835,0.0
2013-09-09,0.010832444832077334,0.0
2013-09-10,0.011459162004700821,0.0
2013-09-11,0.00292029454758077,0.0
2013-09-12,-0.004867142321984527,0.0
2013-09-13,0.004247861518518904,0.0
2013-09-16,0.007809876041380113,0.0
2013-09-17,0.00464101435376206,0.0
2013-09-18,0.006765385576409712,0.0
2013-09-19,-0.0023553142592589874,0.0
2013-09-20,-0.006616654352787311,0.0
2013-09-23,-0.008961193475953555,0.0
2013-09-24,0.003577249859890873,0.0
2013-09-25,5.7949630438223067e-05,0.0
2013-09-26,0.003973755793150159,0.0
2013-09-27,-0.0025151069853202113,0.0
2013-09-30,-0.004412080778130811,0.0
2013-10-01,0.009936277212641897,0.35236961419860785
2013-10-02,-0.001570124548873881,0.0
2013-10-03,-0.008054828955488678,0.0
2013-10-04,0.012311183837088829,0.0
2013-10-07,-0.012406257383229282,0.0
2013-10-08,-0.016425253261246654,0.0
2013-10-09,0.0008663186789135008,0.0
2013-10-10,0.02793322032265464,0.0
2013-10-11,0.008070126302813025,0.0
2013-10-14,0.005069904925550019,0.0
2013-10-15,-0.008787174383267322,0.0
2013-10-16,0.016248434113076315,0.0
2013-10-17,0.008405594450468868,0.0
2013-10-18,0.005767677220295229,0.0
2013-10-21,-0.001427320833537621,0.0
2013-10-22,0.004771189687808697,0.0
2013-10-23,-0.007053685702570797,0.0
2013-10-24,0.0021336464295336026,0.0
2013-10-25,0.004326548293091107,0.0
2013-10-28,-0.0028393671209026626,0.0
2013-10-29,0.007815689310833894,0.0
2013-10-30,-0.005888945216592441,0.0
2013-10-31,-8.611163866491126e-05,0.0
2013-11-01,0.004166994000236901,0.4162923750738764
2013-11-04,0.00573492399491338,0.0
2013-11-05,-0.0008066309005818329,0.0
2013-11-06,-0.0021664737822204515,0.0
2013-11-07,-0.0168740272636371,0.0
2013-11-08,0.01870763617577453,0.0
2013-11-11,0.002782829621621714,0.0
2013-11-12,-0.0011454466005475583,0.0
2013-11-13,0.011594328360251805,0.0
2013-11-14,0.0045206969338979965,0.0
2013-11-15,0.00255442704014785,0.0
2013-11-18,-0.006742950037524197,0.0
2013-11-19,-0.005355061467998669,0.0
2013-11-20,-0.0017415362830359871,0.0
2013-11-21,0.01311091021935472,0.0
2013-11-22,0.006480300578206475,0.0
2013-11-25,-0.0028585595481832775,0.0
2013-11-26,0.0019123456818806717,0.0
2013-11-27,0.003369724525976765,0.0
2013-11-29,-0.0022372320234253736,0.0
2013-12-02,-0.002082834242115972,0.4276134078082947
2013-12-03,-0.006580246981771249,0.0
2013-12-04,-0.010167364173477555,0.0
2013-12-05,-0.005848441287661189,0.0
2013-12-06,0.013524722298193133,0.0
2013-12-09,0.0004305918867356745,0.0
2013-12-10,0.0007285433366789557,0.0
2013-12-11,-0.014445159194336159,0.0
2013-12-12,-0.0006753994182207123,0.0
2013-12-13,0.003067147354846414,0.0
2013-12-16,0.006713905821807899,0.0
2013-12-17,-0.0004090529302895502,0.0
2013-12-18,0.015440308771553158,0.0
2013-12-19,-0.0002380076160411662,0.0
2013-12-20,0.007858128497034312,0.0
2013-12-23,0.004517927252225855,0.0
2013-12-24,0.003335346447693302,0.0
2013-12-26,0.004403007299154023,0.0
2013-12-27,-0.0029861773006056524,0.0
2013-12-30,-5.821156810226048e-05,0.0
2013-12-31,0.0042064151435909055,0.0
2014-01-02,-0.01031409680870532,0.422840406113094
2014-01-03,0.0018004584353511135,0.0
2014-01-06,-0.004834468550432602,0.0
2014-01-07,0.007916303341353514,0.0
2014-01-08,0.005895831107535598,0.0
2014-01-09,0.0031064124876762694,0.0
2014-01-10,0.002614805644284089,0.0
2014-01-13,-0.01741897610086928,0.0
2014-01-14,0.011471100279856481,0.0
2014-01-15,0.002331264127660765,0.0
2014-01-16,-0.004481876133120936,0.0
2014-01-17,-0.0033265798267745417,0.0
2014-01-21,0.0021344929193254938,0.0
2014-01-22,0.004715863058049458,0.0
2014-01-23,-0.012788255005424801,0.0
2014-01-24,-0.027196659435091624,0.0
2014-01-27,-0.007357593520186462,0.0
2014-01-28,0.010953382682983268,0.0
2014-01-29,-0.0108680477118688,0.0
2014-01-30,0.01721680489421383,0.0
2014-01-31,-0.00532808688547236,0.0
2014-02-03,-0.030596388734967284,0.4120084138034193
2014-02-04,0.01008410403001768,0.0
2014-02-05,0.00035167335366652027,0.0
2014-02-06,0.013813974709826067,0.0
2014-02-07,0.01641306177148586,0.0
2014-02-10,0.0012023835748779825,0.0
2014-02-11,0.011064809277528762,0.0
2014-02-12,0.003936608540590308,0.0
2014-02-13,0.008702387261972408,0.0
2014-02-14,0.004362125483894883,0.0
2014-02-18,0.006057232398245876,0.0
2014-02-19,-0.006282845775535942,0.0
2014-02-20,0.007730709863877489,0.0
2014-02-21,0.0013225628026289525,0.0
2014-02-24,0.008170490947844604,0.0
2014-02-25,-0.001177145859469878,0.0
2014-02-26,-0.0007676461085757169,0.0
2014-02-27,0.006338358340208508,0.0
2014-02-28,0.004635781923121066,0.0
2014-03-03,-0.00872741625570983,0.3840175772547661
2014-03-04,0.01960620100827959,0.0
2014-03-05,0.0004537942285206286,0.0
2014-03-06,0.0017773038254524148,0.0
2014-03-07,-0.00011506019087432053,0.0
2014-03-10,-0.0007683253600763273,0.0
2014-03-11,-0.0072046410509779245,0.0
2014-03-12,0.0004948869831254657,0.0
2014-03-13,-0.022129392784122917,0.0
2014-03-14,-0.0012475776016805046,0.0
2014-03-17,0.010862089824616256,0.0
2014-03-18,0.008641546539091398,0.0
2014-03-19,-0.002694795895826034,0.0
2014-03-20,0.007097252547538305,0.0
2014-03-21,-0.00723219231326224,0.0
2014-03-24,-0.010012807877964068,0.0
2014-03-25,-0.0007069734188043105,0.0
2014-03-26,-0.009696593900070816,0.0
2014-03-27,-0.006282996008491424,0.0
2014-03-28,0.006074413451705335,0.0
2014-03-31,0.012152726080256481,0.0
2014-04-01,0.010169632206668888,0.4166449762291995
2014-04-02,0.0036454288753395474,0.0
2014-04-03,-0.005015745859849657,0.0
2014-04-04,-0.020214743685887243,0.0
2014-04-07,-0.01766798118895357,0.0
2014-04-08,0.004361829870869723,0.0
2014-04-09,0.01673409798633716,0.0
2014-04-10,-0.03004588816535039,0.0
2014-04-11,-0.013653921272992163,0.0
2014-04-14,0.009362261297283965,0.0
2014-04-15,0.006405507128111022,0.0
2014-04-16,0.01468178107812655,0.0
2014-04-17,0.0044608462188278405,0.0
2014-04-21,0.004483875072430681,0.0
2014-04-22,0.007081328004265131,0.0
2014-04-23,-0.0024851003847742707,0.0
2014-04-24,-0.002600538486747693,0.0
2014-04-25,-0.015549937013678678,0.0
2014-04-28,-0.006762479814556426,0.0
2014-04-29,0.00805184285372467,0.0
2014-04-30,0.00796627585870234,0.0
2014-05-01,-0.0015573271576307945,0.38384517955577513
2014-05-02,0.0025264936166440235,0.0
2014-05-05,0.001900552832035021,0.0
2014-05-06,-0.010628333490298916,0.0
2014-05-07,0.005389958446281358,0.0
2014-05-08,-0.001709615132137226,0.0
2014-05-09,0.0010503435089666477,0.0
2014-05-12,0.018454053266206985,0.0
2014-05-13,-0.0018740204269232484,0.0
2014-05-14,-0.009107850726570908,0.0
2014-05-15,-0.012756319415755914,0.0
2014-05-16,0.0034455125838011155,0.0
2014-05-19,0.008963472634967537,0.0
2014-05-20,-0.009611232006683457,0.0
2014-05-21,0.008383694228772672,0.0
2014-05-22,0.004768230249174891,0.0
2014-05-23,0.008570753522503149,0.0
2014-05-27,0.008529199614932606,0.0
2014-05-28,-8.316616561374166e-05,0.0
2014-05-29,0.00582185216473296,0.0
2014-05-30,-0.0013539266931188057,0.0
2014-06-02,0.001855447526747822,0.5550499055986078
2014-06-03,-0.0004615287814983515,0.0
2014-06-04,0.0032324877328547847,0.0
2014-06-05,0.006746139269311137,0.0
2014-06-06,0.006482376250573377,0.0
2014-06-09,-0.0005888510767773711,0.0
2014-06-10,-0.003007365691182839,0.0
2014-06-11,-0.0023446663262247512,0.0
2014-06-12,-0.009384562694036556,0.0
2014-06-13,0.004574118323548357,0.0
2014-06-16,0.0004627882561197001,0.0
2014-06-17,0.004376002042276148,0.0
2014-06-18,0.00874953994753634,0.0
2014-06-19,0.001322562130616492,0.0
2014-06-20,0.0038696126758325745,0.0
2014-06-23,-0.0026602379105699846,0.0
2014-06-24,-0.008057120299570541,0.0
2014-06-25,0.005876374094983755,0.0
2014-06-26,0.0007315370605596159,0.0
2014-06-27,0.002374250147794357,0.0
2014-06-30,0.0007149328056767049,0.0
2014-07-01,0.007253887827109118,0.4366478123881463
2014-07-02,-0.007663822737635865,0.0
2014-07-03,0.0059219447933275245,0.0
2014-07-07,-0.008190180201028407,0.0
2014-07-08,-0.008806114681903041,0.0
2014-07-09,0.004784973493547292,0.0
2014-07-10,-0.004407013736954769,0.0
2014-07-11,0.0023425360260758924,0.0
2014-07-14,0.004883787357274322,0.0
2014-07-15,-0.005043928303967294,0.0
2014-07-16,0.0019792096975756648,0.0
2014-07-17,-0.012320245551105124,0.0
2014-07-18,0.012180591458346154,0.0
2014-07-21,-0.0020656798543856685,0.0
2014-07-22,0.007944555779212652,0.0
2014-07-23,0.001099236390142434,0.0
2014-07-24,0.0015558378955196884,0.0
2014-07-25,-0.004058832530875262,0.0
2014-07-28,-0.0013952761388838697,0.0
2014-07-29,-0.004147072336504632,0.0
2014-07-30,-0.0013188796752137072,0.0
2014-07-31,-0.021157556266781258,0.0
2014-08-01,-0.00362014888084905,0.492481836712753
2014-08-04,0.008572850020363842,0.0
2014-08-05,-0.010049163080973589,0.0
2014-08-06,-0.002500221917186451,0.0
2014-08-07,-0.006504978377996677,0.0
2014-08-08,0.012008854781267866,0.0
2014-08-11,0.004937414041761899,0.0
2014-08-12,-0.0026036098317773542,0.0
2014-08-13,0.008828971650600016,0.0
2014-08-14,0.0021873394191307075,0.0
2014-08-15,0.0012218677884511928,0.0
2014-08-18,0.009310634495191159,0.0
2014-08-19,0.004740799088725593,0.0
2014-08-20,0.003215237261235123,0.0
2014-08-21,0.001291049446770253,0.0
2014-08-22,-0.0013985473724495304,0.0
2014-08-25,0.004368208780702073,0.0
2014-08-26,0.00044272963414289477,0.0
2014-08-27,-0.0008488525205662739,0.0
2014-08-28,-0.0010855168491918186,0.0
2014-08-29,0.004527571312424288,0.0
2014-09-02,-0.0004514538296140902,0.4704829580117901
2014-09-03,-0.000297558530855887,0.0
2014-09-04,-0.003440092175971513,0.0
2014-09-05,0.0055844864838684016,0.0
2014-09-08,-0.00133518146469012,0.0
2014-09-09,-0.007485148597569211,0.0
2014-09-10,0.0027949830851219165,0.0
2014-09-11,0.0016669157997193243,0.0
2014-09-12,-0.007891504397254334,0.0
2014-09-15,-0.0032744921501733455,0.0
2014-09-16,0.009911048638981672,0.0
2014-09-17,0.0006250439316913807,0.0
2014-09-18,0.004501679673373362,0.0
2014-09-19,-0.0031210051524773828,0.0
2014-09-22,-0.011792092162856564,0.0
2014-09-23,-0.00595482064338384,0.0
2014-09-24,0.009243605942757712,0.0
2014-09-25,-0.01639763517136067,0.0
2014-09-26,0.009165483440003728,0.0
2014-09-29,-0.00014069524415575468,0.0
2014-09-30,-0.004866287092759648,0.0
2014-10-01,-0.017457755631093974,0.5044698111736108
2014-10-02,-0.0011735674266518154,0.0
2014-10-03,0.013088357781292768,0.0
2014-10-06,-0.004621282957796033,0.0
2014-10-07,-0.017857493556519624,0.0
2014-10-08,0.018734499775595236,0.0
2014-10-09,-0.026112190781229706,0.0
2014-10-10,-0.017688225076840026,0.0
2014-10-13,-0.024124205999441727,0.0
2014-10-14,0.0036352980758495557,0.0
2014-10-15,-0.0053195263499076825,0.0
2014-10-16,0.0045557970414619965,0.0
2014-10-17,0.014337076382984704,0.0
2014-10-20,0.012396330747156905,0.0
2014-10-21,0.025445624961595133,0.0
2014-10-22,-0.011725578237271108,0.0
2014-10-23,0.014540227032126138,0.0
2014-10-24,0.009734921073774126,0.0
2014-10-27,-0.002454725112080865,0.0
2014-10-28,0.013408101699713727,0.0
2014-10-29,0.00014487158932037752,0.0
2014-10-30,0.006427704584539403,0.0
2014-10-31,0.014670673350181903,0.0
2014-11-03,-0.0012864127991677465,0.5197685800229022
2014-11-04,-0.003317239803052735,0.0
2014-11-05,0.0039015620726080523,0.0
2014-11-06,0.005518244239071088,0.0
2014-11-07,-0.0024635915507053257,0.0
2014-11-10,0.006208152670661039,0.0
2014-11-11,0.0012199353995447702,0.0
2014-11-12,0.0009165062911959396,0.0
2014-11-13,-0.001186826183354354,0.0
2014-11-14,-0.0016092883273901364,0.0
2014-11-17,0.002147679206659379,0.0
2014-11-18,0.007107483304045151,0.0
2014-11-19,-0.002972475037423681,0.0
2014-11-20,0.0018977613595813417,0.0
2014-11-21,0.0052172683237616466,0.0
2014-11-24,0.00556349173186631,0.0
2014-11-25,-3.843684979674836e-05,0.0
2014-11-26,0.003811226713362114,0.0
2014-11-28,0.00018438633588284523,0.0
2014-12-01,-0.011917238146878062,0.585289657039036
2014-12-02,0.006667678536985079,0.0
2014-12-03,0.0030487050396621057,0.0
2014-12-04,-0.0005379478021064002,0.0
2014-12-05,0.001607425772164346,0.0
2014-12-08,-0.0042525758856792745,0.0
2014-12-09,0.0013942292988306845,0.0
2014-12-10,-0.015225311752244217,0.0
2014-12-11,0.006728997272024471,0.0
2014-12-12,-0.015386091583351545,0.0
2014-12-15,-0.005842669827018723,0.0
2014-12-16,-0.00750970124232849,0.0
2014-12-17,0.02082847919174919,0.0
2014-12-18,0.022932336193458924,0.0
2014-12-19,0.0033578433828758423,0.0
2014-12-22,0.005440656415604116,0.0
2014-12-23,-0.0012227224752866632,0.0
2014-12-24,0.003560426269541732,0.0
2015-01-08,0.017259646939510098,0.38477752319474934
2015-01-09,-0.0067036052287980045,0.0
2015-01-12,-0.006249844836552812,0.0
2015-01-13,-0.0017802302655324045,0.0
2015-01-14,-0.0004813598758818538,0.0
2015-01-15,-0.0044970991240800146,0.0
2015-01-16,0.013292855721582637,0.0
2015-01-20,0.0021571730396183005,0.0
2015-01-21,0.0043825147570303235,0.0
2015-01-22,0.01311192375374899,0.0
2015-01-23,-0.002295032573461431,0.0
2015-01-26,0.0039277879925378005,0.0
2015-01-27,-0.009601104230914771,0.0
2015-01-28,-0.009522313759449192,0.0
2015-01-29,0.010852447518397352,0.0
2015-01-30,-0.019385981096244065,0.0
2015-02-02,0.0063443229814441615,0.4259579343504768
2015-02-03,0.01174840505254603,0.0
2015-02-04,-0.002336815844941546,0.0
2015-02-05,0.012851565302649843,0.0
2015-02-06,-0.013628994765316649,0.0
2015-02-09,-0.00749382980091523,0.0
2015-02-10,0.015592816997669914,0.0
2015-02-11,-0.0011837285873016945,0.0
2015-02-12,0.008771426250942755,0.0
2015-02-13,-0.0020291014469212185,0.0
2015-02-17,0.0015519085659437774,0.0
2015-02-18,0.005893235184671841,0.0
2015-02-19,-0.003375184847677023,0.0
2015-02-20,0.007684162801805058,0.0
2015-02-23,0.002784660521526269,0.0
2015-02-24,-0.00046985586365945497,0.0
2015-02-25,-0.004853636160483028,0.0
2015-02-26,-0.0029039499809789754,0.0
2015-02-27,-0.0008613271417295977,0.0
2015-03-02,0.0032558417858750133,0.4668551210935431
2015-03-03,-0.004976422733225473,0.0
2015-03-04,-0.005948689414628776,0.0
2015-03-05,0.0036604000450516363,0.0
2015-03-06,-0.019314710313634804,0.0
2015-03-09,0.00630104209461727,0.0
2015-03-10,-0.011779277858323991,0.0
2015-03-11,-0.0019344218779615632,0.0
2015-03-12,0.007049690006024158,0.0
2015-03-13,-0.0039264534923015605,0.0
2015-03-16,0.008559342917985392,0.0
2015-03-17,-0.0038522570817672353,0.0
2015-03-18,0.014081217044826072,0.0
2015-03-19,-0.0024406404636389562,0.0
2015-03-20,0.009184804550742373,0.0
2015-03-23,-0.0027484222788709345,0.0
2015-03-24,-0.006055220254115552,0.0
2015-03-25,-0.015933488410056672,0.0
2015-03-26,-0.004599326583857026,0.0
2015-03-27,0.007519475790023859,0.0
2015-03-30,0.011187918081141425,0.0
2015-03-31,-0.008263751756456616,0.0
2015-04-01,-0.005259370018232956,0.6092367406206723
2015-04-02,0.004835129082723773,0.0
2015-04-06,0.0031775203033583303,0.0
2015-04-07,-0.003768779318975753,0.0
2015-04-08,0.005765728233482726,0.0
2015-04-09,0.0020044448126361916,0.0
2015-04-10,0.004630794325405635,0.0
2015-04-13,-0.006553726357856466,0.0
2015-04-14,-0.0009307387706328455,0.0
2015-04-15,0.000483877902940192,0.0
2015-04-16,-0.0012801708215951107,0.0
2015-04-17,-0.012047524232682042,0.0
2015-04-20,0.008968015160045445,0.0
2015-04-21,0.002598000216488285,0.0
2015-04-22,0.003410378663390722,0.0
2015-04-23,0.0020741044990164664,0.0
2015-04-24,-0.0015940464658243706,0.0
2015-04-27,-0.008718209865447444,0.0
2015-04-28,0.0008762526716857108,0.0
2015-04-29,-0.011008922551652079,0.0
2015-04-30,-0.010931814396704764,0.0
2015-05-01,0.013654425848189211,0.5055924609937064
2015-05-04,0.003651039767146472,0.0
2015-05-05,-0.014353332898331647,0.0
2015-05-06,-0.0009227050049955016,0.0
2015-05-07,0.007971874675780796,0.0
2015-05-08,0.013084310584275522,0.0
2015-05-11,-0.0016371366164024113,0.0
2015-05-12,-0.0036243119194473497,0.0
2015-05-13,-0.0007868937407611379,0.0
2015-05-14,0.010090911832419844,0.0
2015-05-15,0.0023519743843833296,0.0
2015-05-18,0.00547980346998259,0.0
2015-05-19,0.00042769677056209577,0.0
2015-05-20,-0.0025542736428812154,0.0
2015-05-21,0.00119667034662626,0.0
2015-05-22,-0.0011146321246788269,0.0
2015-05-26,-0.010659106184155368,0.0
2015-05-27,0.0116791827243957,0.0
2015-05-28,-0.0019542434911505088,0.0
2015-05-29,-0.004838761239475027,0.0
2015-06-01,0.0018556480887423898,0.5061347339239339
2015-06-02,-0.0021246697273810374,0.0
2015-06-03,0.00346354615643402,0.0
2015-06-04,-0.009626514189681759,0.0
2015-06-05,0.001638707304249077,0.0
2015-06-08,-0.006595244321639174,0.0
2015-06-09,-0.00013118706133778625,0.0
2015-06-10,0.012652651873590848,0.0
2015-06-11,0.0026499274786509768,0.0
2015-06-12,-0.0060695833393286155,0.0
2015-06-15,-0.0036302020233423245,0.0
2015-06-16,0.006276732958846535,0.0
2015-06-17,0.001881750533134425,0.0
2015-06-18,0.011760496245672315,0.0
2015-06-19,-0.0033908344857443815,0.0
2015-06-22,0.007828992356543472,0.0
2015-06-23,-4.634323331217255e-05,0.0
2015-06-24,-0.00853327880655675,0.0
2015-06-25,-0.006135653050358701,0.0
2015-06-26,-0.0005568228086770288,0.0
2015-06-29,-0.023897142183564837,0.0
2015-06-30,0.0034072581567874396,0.0
2015-07-01,0.009382429518143498,0.37476917003249
2015-07-02,-0.0029446873312539267,0.0
2015-07-06,-0.010522254640765826,0.0
2015-07-07,0.005317997242857325,0.0
2015-07-08,-0.016987286921028574,0.0
2015-07-09,0.0040535385935911205,0.0
2015-07-10,0.015345949012388905,0.0
2015-07-13,0.010787415512891623,0.0
2015-07-14,0.0032831768042163615,0.0
2015-07-15,-0.0009577173968039654,0.0
2015-07-16,0.007176474990698746,0.0
2015-07-17,-0.001271972289371382,0.0
2015-07-20,0.0017723809023529114,0.0
2015-07-21,-0.0044228227401902735,0.0
2015-07-22,0.004322570061943521,0.0
2015-07-23,-0.0035763526617863146,0.0
2015-07-24,-0.008911834123087405,0.0
2015-07-27,-0.01002154877403176,0.0
2015-07-28,0.012829237418562029,0.0
2015-07-29,0.007588185244074247,0.0
2015-07-30,0.0010342514220992036,0.0
2015-07-31,0.0010073556857896262,0.0
2015-08-03,-0.0018606190035272974,0.3903163601768818
2015-08-04,0.002753913622150984,0.0
2015-08-05,0.006495251699340521,0.0
2015-08-06,-0.012287719647829883,0.0
2015-08-07,-0.00108510885761071,0.0
2015-08-10,0.010919034918804991,0.0
2015-08-11,-0.008403881038434369,0.0
2015-08-12,-0.0023715410464120418,0.0
2015-08-13,0.0027619105177667095,0.0
2015-08-14,0.0038040958384903873,0.0
2015-08-17,0.00718747806219467,0.0
2015-08-18,0.00045159678952596486,0.0
2015-08-19,-0.005613518476521655,0.0
2015-08-20,-0.023910600277758855,0.0
2015-08-21,-0.033640157474618466,0.0
2015-08-24,-0.039746018897004,0.0
2015-08-25,-0.008988815046336626,0.0
2015-08-26,0.03729994426106827,0.0
2015-08-27,0.0213281423563793,0.0
2015-08-28,-0.00015848600653301827,0.0
2015-08-31,-0.00972628383287968,0.0
2015-09-01,-0.02932727628381049,0.3634487514110745
2015-09-02,0.011829241195731567,0.0
2015-09-03,0.003633118122597613,0.0
2015-09-04,-0.013661327546654223,0.0
2015-09-08,0.02804650289907882,0.0
2015-09-09,-0.013503694082844733,0.0
2015-09-10,0.004604220207578806,0.0
2015-09-11,0.00710555779173072,0.0
2015-09-14,-0.004667929622536619,0.0
2015-09-15,0.012467450660539326,0.0
2015-09-16,0.0061502155742218356,0.0
2015-09-17,0.00067812443577262,0.0
2015-09-18,-0.01593943974667996,0.0
2015-09-21,0.004718405111035398,0.0
2015-09-22,-0.013157271719254763,0.0
2015-09-23,0.0019961351551127824,0.0
2015-09-24,-0.005853188217468936,0.0
2015-09-25,-0.0005417731369539481,0.0
2015-09-28,-0.03061721618394502,0.0
2015-09-29,-0.0004064273250461958,0.0
2015-09-30,0.01971910141115269,0.0
2015-10-01,0.005145480337541697,0.4782815775739411
2015-10-02,0.012399589211023064,0.0
2015-10-05,0.013983136418268453,0.0
2015-10-06,-0.01329600920802167,0.0
2015-10-07,0.007941625381746429,0.0
2015-10-08,0.00796594281483789,0.0
2015-10-09,0.0025261807503090673,0.0
2015-10-12,0.005864759716864343,0.0
2015-10-13,-0.008607231815182642,0.0
2015-10-14,-0.007850339248758356,0.0
2015-10-15,0.013025788094074713,0.0
2015-10-16,0.006789654977305627,0.0
2015-10-19,0.003368988979177077,0.0
2015-10-20,-0.001604012417277753,0.0
2015-10-21,-0.006675484698716282,0.0
2015-10-22,0.014224436987895085,0.0
2015-10-23,0.004961555727793912,0.0
2015-10-26,0.0012861916020577816,0.0
2015-10-27,-0.0006071576817228386,0.0
2015-10-28,0.009125245347377235,0.0
2015-10-29,-0.0018385322802721032,0.0
2015-10-30,-0.0022891213575510286,0.0
2015-11-02,0.008893051356491322,0.35726962681657015
2015-11-03,-0.002570043018334184,0.0
2015-11-04,-0.002855948715279618,0.0
2015-11-05,0.002150907951117948,0.0
2015-11-06,0.0012643756312550928,0.0
2015-11-09,-0.009927192627740498,0.0
2015-11-10,0.004648400931388269,0.0
2015-11-11,-0.0010970727380818814,0.0
2015-11-12,-0.013170491771554382,0.0
2015-11-13,-0.014145021396056737,0.0
2015-11-16,0.013328208012692572,0.0
2015-11-17,0.0013620550098167243,0.0
2015-11-18,0.014696931042758155,0.0
2015-11-19,-0.000386087069067044,0.0
2015-11-20,0.007913200354880554,0.0
2015-11-23,0.0007385445323147785,0.0
2015-11-24,-0.0005055921023522541,0.0
2015-11-25,0.0031831085324682913,0.0
2015-11-27,0.002596624565847417,0.0
2015-11-30,-0.007021414449952499,0.0
2015-12-01,0.010272206403783901,0.38317239195131836
2015-12-02,-0.008399576332788884,0.0
2015-12-03,-0.013773515060482142,0.0
2015-12-04,0.022723604059865204,0.0
2015-12-07,-0.005981758360261413,0.0
2015-12-08,-0.0026953288093859323,0.0
2015-12-09,-0.013132436416450793,0.0
2015-12-10,0.002652932224040345,0.0
2015-12-11,-0.017624206661904507,0.0
2015-12-14,0.004572978070828684,0.0
2015-12-15,0.009918362698202343,0.0
2015-12-16,0.014504427195008756,0.0
2015-12-17,-0.014318204380951546,0.0
2015-12-18,-0.016720345207364186,0.0
2015-12-21,0.007737757267000831,0.0
2015-12-22,0.007300985993177383,0.0
2015-12-23,0.008257027278003202,0.0
2015-12-24,-0.0007329478590957761,0.0
2015-12-28,0.0004271956359608515,0.0
2015-12-29,0.009907775769781543,0.0
2015-12-30,-0.006268412005625906,0.0
2015-12-31,-0.009767028799899009,0.0
2016-01-04,-0.018316869993216134,0.2962875199972664
2016-01-05,0.003034748899831032,0.0
2016-01-06,-0.011228374869394715,0.0
2016-01-07,-0.022186214061575435,0.0
2016-01-08,-0.01268198181620789,0.0
2016-01-11,0.002818462891810607,0.0
2016-01-12,0.011343784646325746,0.0
2016-01-13,-0.030182244756745906,0.0
2016-01-14,0.012747470576373661,0.0
2016-01-15,-0.019176937508715037,0.0
2016-01-19,0.0013872892834502517,0.0
2016-01-20,-0.009992236220877833,0.0
2016-01-21,0.002976707067580712,0.0
2016-01-22,0.019879902349098776,0.0
2016-01-25,-0.014708630783617869,0.0
2016-01-26,0.011767639341363179,0.0
2016-01-27,-0.02008679994962787,0.0
2016-01-28,0.0035776070479824913,0.0
2016-01-29,0.025684536010183008,0.0
2016-02-01,0.0019146797030809015,0.3425930989760796
2016-02-02,-0.02221955200928858,0.0
2016-02-03,-0.0017319838922301755,0.0
2016-02-04,-0.0014233709286653497,0.0
2016-02-05,-0.02427077965866089,0.0
2016-02-08,-0.022081123465760757,0.0
2016-02-09,0.008095835076030901,0.0
2016-02-10,0.004166454223714326,0.0
2016-02-11,-0.013241679948296024,0.0
2016-02-12,0.02042995921382662,0.0
2016-02-16,0.019394492963786744,0.0
2016-02-17,0.016407673392567823,0.0
2016-02-18,-0.00772108687746199,0.0
2016-02-19,0.005130596842640443,0.0
2016-02-22,0.014293761912321425,0.0
2016-02-23,-0.008883932096052389,0.0
2016-02-24,0.006103623057726989,0.0
2016-02-25,0.014101076145043483,0.0
2016-02-26,-0.00012149496118458167,0.0
2016-02-29,-0.00904950712830348,0.0
2016-03-01,0.022298437595009046,0.6693236752994614
2016-03-02,0.002176824712171976,0.0
2016-03-03,0.002653081289937364,0.0
2016-03-04,0.0013705452422130223,0.0
2016-03-07,-0.0036794238476317957,0.0
2016-03-08,-0.002730010673461388,0.0
2016-03-09,0.005373488261721834,0.0
2016-03-10,0.0021643934634836097,0.0
2016-03-11,0.01137510953218535,0.0
2016-03-14,0.00017888512358949621,0.0
2016-03-15,0.0002561532051468192,0.0
2016-03-16,0.005718471300130187,0.0
2016-03-17,0.0037126695691554017,0.0
2016-03-18,0.0008810060158318382,0.0
2016-03-21,-0.0006273531315684323,0.0
2016-03-22,-0.0009866746226253782,0.0
2016-03-23,-0.0007716447977186837,0.0
2016-03-24,-0.0008647998542338829,0.0
2016-03-28,0.002812713324507284,0.0
2016-03-29,0.01104001279515025,0.0
2016-03-30,0.0037444745632531995,0.0
2016-03-31,-0.0010541995534405883,0.0
2016-04-01,0.00815765968533455,0.37744564954165194
2016-04-04,-0.0027796959489470984,0.0
2016-04-05,-0.010109181450716204,0.0
2016-04-06,0.007673153505249772,0.0
2016-04-07,-0.008923328572648681,0.0
2016-04-08,0.002723055815657204,0.0
2016-04-11,-0.004216317647868059,0.0
2016-04-12,0.004964805822932167,0.0
2016-04-13,0.0031262130075568584,0.0
2016-04-14,-0.002970303481530408,0.0
2016-04-15,0.003492692100213416,0.0
2016-04-18,0.005973247046001989,0.0
2016-04-19,-0.0018094072148248498,0.0
2016-04-20,-0.005191498750075021,0.0
2016-04-21,-0.011151003330798201,0.0
2016-04-22,0.0008192552055956898,0.0
2016-04-25,0.0019281583042964187,0.0
2016-04-26,0.0017194446743329776,0.0
2016-04-27,0.004308145259528618,0.0
2016-04-28,-0.0070771790996175445,0.0
2016-04-29,-0.0015506046093670253,0.0
2016-05-02,0.009214346575048937,0.36134625794704206
2016-05-03,-0.005199766516799606,0.0
2016-05-04,-2.001570961601229e-05,0.0
2016-05-05,4.951221451742545e-05,0.0
2016-05-06,0.004530737209182399,0.0
2016-05-09,0.005471170241381541,0.0
2016-05-10,0.009146957364451473,0.0
2016-05-11,-0.007173127243876295,0.0
2016-05-12,0.004124136075480139,0.0
2016-05-13,-0.005751626002540255,0.0
2016-05-16,0.006240506562247715,0.0
2016-05-17,-0.013608531930771606,0.0
2016-05-18,-0.011395351893432062,0.0
2016-05-19,-0.0015255577517452041,0.0
2016-05-20,0.003225301188710819,0.0
2016-05-23,-0.010036185950163224,0.0
2016-05-24,0.015605080458006845,0.0
2016-05-25,-0.0010985577685251428,0.0
2016-05-26,0.0027311808814297236,0.0
2016-05-27,0.00418662975179306,0.0
2016-05-31,-0.0013822547290190232,0.0
2016-06-01,0.0017042734719707742,0.3214630553205888
2016-06-02,0.00205469112085684,0.0
2016-06-03,0.002753727951890171,0.0
2016-06-06,0.00010680234948206332,0.0
2016-06-07,0.0021015493471761553,0.0
2016-06-08,0.005664632679961355,0.0
2016-06-09,0.004237702591072413,0.0
2016-06-10,-0.006398042053725276,0.0
2016-06-13,-0.005724688852744245,0.0
2016-06-14,0.0010805151029104362,0.0
2016-06-15,-0.001597823034988755,0.0
2016-06-16,0.004866663926489049,0.0
2016-06-17,-0.0033664035499202626,0.0
2016-06-20,0.0055003212506737915,0.0
2016-06-21,-0.004668663324970998,0.0
2016-06-22,-0.0014802780675960006,0.0
2016-06-23,0.007975898607266298,0.0
2016-06-24,-0.021673910709494544,0.0
2016-06-27,-0.008424484242611666,0.0
2016-06-28,0.004398419902321317,0.0
2016-06-29,0.013752600458211892,0.0
2016-06-30,0.016280838859407024,0.0
2016-07-01,0.00019521031905944675,0.32873474556193183
2016-07-05,0.0003760343383402194,0.0
2016-07-06,0.004029988807410697,0.0
2016-07-07,-0.003761307124608291,0.0
2016-07-08,0.01408479387668155,0.0
2016-07-11,0.0012446799996727888,0.0
2016-07-12,0.00019000190647539938,0.0
2016-07-13,0.0018303063726427585,0.0
2016-07-14,0.0007332846580971648,0.0
2016-07-15,-0.0007436474775938505,0.0
2016-07-18,0.0004701607449583764,0.0
2016-07-19,0.00039668221105074923,0.0
2016-07-20,0.0018142429604549638,0.0
2016-07-21,-0.00545979143258794,0.0
2016-07-22,0.0070434485436064445,0.0
2016-07-25,-0.001377350270648952,0.0
2016-07-26,0.0017266584070023308,0.0
2016-07-27,-0.006239857385162176,0.0
2016-07-28,0.004807398004198939,0.0
2016-07-29,0.002936840961895903,0.0
2016-08-01,-0.0015444519760841047,0.4370654584203706
2016-08-02,-0.006563322415936105,0.0
2016-08-03,-0.0015747738136229605,0.0
2016-08-04,0.0004057224459844285,0.0
2016-08-05,0.0004897533531521131,0.0
2016-08-08,-0.0013021074011370078,0.0
2016-08-09,0.002114269943892979,0.0
2016-08-10,-0.0007803776722521915,0.0
2016-08-11,0.001850340279026646,0.0
2016-08-12,0.0007480241622764136,0.0
2016-08-15,-0.0016162572474536876,0.0
2016-08-16,-0.00905478019511881,0.0
2016-08-17,0.003673040232652309,0.0
2016-08-18,0.005392055655615288,0.0
2016-08-19,-0.0014083304546180942,0.0
2016-08-22,0.0010176133837781676,0.0
2016-08-23,-0.00028843280070157767,0.0
2016-08-24,-0.0049892709915126,0.0
2016-08-25,-0.001155425810091403,0.0
2016-08-26,-0.006382127168134194,0.0
2016-08-29,0.0075954511116109015,0.0
2016-08-30,-0.005483563478182691,0.0
2016-08-31,-0.001379001902029333,0.0
2016-09-01,-0.0004499351005197161,0.4797538896478316
2016-09-02,0.006791640951293089,0.0
2016-09-06,0.004192600415588622,0.0
2016-09-07,-0.0014175270562549296,0.0
2016-09-08,-0.0037419726443019235,0.0
2016-09-09,-0.030784327633652228,0.0
2016-09-12,0.01621837229440585,0.0
2016-09-13,-0.01606656323157847,0.0
2016-09-14,0.000856454047985797,0.0
2016-09-15,0.010438764948506474,0.0
2016-09-16,-0.0015930442596240775,0.0
2016-09-19,0.003947571940012288,0.0
2016-09-20,-0.0003134476214290758,0.0
2016-09-21,0.015410108337401222,0.0
2016-09-22,0.007647679335595458,0.0
2016-09-23,-0.004878261523884892,0.0
2016-09-26,-0.004655933795124822,0.0
2016-09-27,0.0022722265955688937,0.0
2016-09-28,0.0036976397748381467,0.0
2016-09-29,-0.010543089045177702,0.0
2016-09-30,0.0036860883511351215,0.0
2016-10-03,-0.008222957037156697,0.6146576004363211
2016-10-04,-0.009772809807140913,0.0
2016-10-05,0.004220289933017685,0.0
2016-10-06,0.0014610760247888092,0.0
2016-10-07,-0.00564055766517546,0.0
2016-10-10,0.003542723099749799,0.0
2016-10-11,-0.014661632729468358,0.0
2016-10-12,0.0031640117466380036,0.0
2016-10-13,-0.0030104187695133384,0.0
2016-10-14,-0.0009789050838250463,0.0
2016-10-17,-0.0022638550570764594,0.0
2016-10-18,0.005344267177841846,0.0
2016-10-19,0.002402146699066254,0.0
2016-10-20,-0.002439338676486495,0.0
2016-10-21,-0.00218250191708456,0.0
2016-10-24,0.0049501422319978405,0.0
2016-10-25,-0.008432068572989108,0.0
2016-10-26,-0.00503458181324066,0.0
2016-10-27,-0.008471848200114249,0.0
2016-10-28,0.0012403524919755316,0.0
2016-10-31,0.0030561668187143926,0.0
2016-11-01,-0.009205752429401581,0.5563683019265058
2016-11-02,-0.007210247158172039,0.0
2016-11-03,-0.000811442473188258,0.0
2016-11-04,-0.0005808686600357908,0.0
2016-11-07,0.021225158153735914,0.0
2016-11-08,0.005294240976160092,0.0
2016-11-09,0.00046222051864991626,0.0
2016-11-10,-0.004025710866818617,0.0
2016-11-11,-0.002014698335649308,0.0
2016-11-14,0.0006787895536731096,0.0
2016-11-15,0.012429737134653535,0.0
2016-11-16,-0.0015519670424292194,0.0
2016-11-17,0.0022751377347803615,0.0
2016-11-18,-0.0023569299347232014,0.0
2016-11-21,0.007512346906328698,0.0
2016-11-22,0.0026188980102827978,0.0
2016-11-23,0.00044635526837647887,0.0
2016-11-25,0.0054796277415746775,0.0
2016-11-28,-0.0038479434680593785,0.0
2016-11-29,0.0017807998106932723,0.0
2016-11-30,-0.006185435471490121,0.0
2016-12-01,-0.012048448085800856,0.5620036767044565
2016-12-02,0.004118877642404075,0.0
2016-12-05,0.007140245736922502,0.0
2016-12-06,0.002074036168067386,0.0
2016-12-07,0.013828048307378193,0.0
2016-12-08,0.002039146377999892,0.0
2016-12-09,0.002296865556080274,0.0
2016-12-12,-0.0017269992294492202,0.0
2016-12-13,0.004057915974759357,0.0
2016-12-14,-0.010860759851564067,0.0
2016-12-15,0.0012233502013032685,0.0
2016-12-16,-0.0014822675593410984,0.0
2016-12-19,0.002760804427611286,0.0
2016-12-20,0.0029519908070673308,0.0
2016-12-21,-0.0010320225952591318,0.0
2016-12-22,-0.0016248382536047721,0.0
2016-12-23,0.0013290459294035928,0.0
2016-12-27,0.00276761246879412,0.0
2016-12-28,-0.009426104315287172,0.0
2016-12-29,0.0038059954237408353,0.0
2016-12-30,-0.005292908610592618,0.0
2017-01-03,0.0025126392394436703,0.8742427629011623
2017-01-04,0.0025037741667593744,0.0
2017-01-05,-0.0038667735077193744,0.0
2017-01-06,0.002600367196829642,0.0
2017-01-09,-0.007955652309171031,0.0
2017-01-10,0.002713295091706245,0.0
2017-01-11,0.005556113879278196,0.0
2017-01-12,-0.005201720545772779,0.0
2017-01-13,0.003238596638513145,0.0
2017-01-17,-0.008199867104010663,0.0
2017-01-18,0.005902479480480106,0.0
2017-01-19,-0.002769140327149418,0.0
2017-01-20,0.0040628820586659144,0.0
2017-01-23,-0.004021552945892992,0.0
2017-01-24,0.014572045977103527,0.0
2017-01-25,0.009729193433870648,0.0
2017-01-26,-0.0034887643859446513,0.0
2017-01-27,-0.0008649311669566735,0.0
2017-01-30,-0.009681653198025043,0.0
2017-01-31,-0.0025633652442721856,0.0
2017-02-01,-0.0033501330331088264,0.5271078137743688
2017-02-02,-0.0020608320910334736,0.0
2017-02-03,0.011473919136686004,0.0
2017-02-06,-0.004346900402848845,0.0
2017-02-07,-0.0032085816395446476,0.0
2017-02-08,-0.0023402014858848793,0.0
2017-02-09,0.008160014237306085,0.0
2017-02-10,0.004860515781786746,0.0
2017-02-13,0.007017918416247495,0.0
2017-02-14,0.0043533178105277445,0.0
2017-02-15,0.0045159212288488765,0.0
2017-02-16,-0.0025764504593450404,0.0
2017-02-17,-0.001190680035735703,0.0
2017-02-21,0.00677431262219963,0.0
2017-02-22,-0.003950239891705341,0.0
2017-02-23,-0.0038162065269510066,0.0
2017-02-24,-0.00124137017554097,0.0
2017-02-27,0.005460584504142143,0.0
2017-02-28,-0.003969277799492414,0.0
2017-03-01,0.02095173850718357,0.3893741845193906
2017-03-02,-0.013371844413145078,0.0
2017-03-03,0.003054973027475717,0.0
2017-03-06,-0.0031033560842293932,0.0
2017-03-07,-0.004893890779704695,0.0
2017-03-08,-0.007034928412749624,0.0
2017-03-09,-0.000572773974441967,0.0
2017-03-10,0.003227735569127488,0.0
2017-03-13,-0.011750769028207243,0.0
2017-03-14,-0.006896456788379933,0.0
2017-03-15,0.011124449203568407,0.0
2017-03-16,-0.0018216545760579668,0.0
2017-03-17,-0.002184617218287215,0.0
2017-03-20,-0.0024919003639718214,0.0
2017-03-21,-0.023073943793614854,0.0
2017-03-22,0.0038675741538276905,0.0
2017-03-23,0.00024217928730328628,0.0
2017-03-24,-0.0006465751648679363,0.0
2017-03-27,-0.0028340175010015387,0.0
2017-03-28,0.012138887725049098,0.0
2017-03-29,0.004710564094173741,0.0
2017-03-30,0.007000646863226125,0.0
2017-03-31,-0.00855495950591829,0.0
2017-04-03,-0.005380608486071803,0.3683529527192002
2017-04-04,0.0005224520508307882,0.0
2017-04-05,-0.006426203324070452,0.0
2017-04-06,0.006572117625303017,0.0
2017-04-07,-0.0008264310916486392,0.0
2017-04-10,-2.949353266169211e-05,0.0
2017-04-11,-0.000456305817069441,0.0
2017-04-12,-0.010967196015718397,0.0
2017-04-13,-0.009857576790742522,0.0
2017-04-17,0.011755398227847704,0.0
2017-04-18,-0.0044505261116833785,0.0
2017-04-19,-0.0005244918751647057,0.0
2017-04-20,0.012221190608070557,0.0
2017-04-21,-0.003736831076626903,0.0
2017-04-24,0.016061871617204255,0.0
2017-04-25,0.007739552459636376,0.0
2017-04-26,-0.002176154971679742,0.0
2017-04-27,-0.0021399861656681432,0.0
2017-04-28,-0.007359660753464389,0.0
2017-05-01,0.001603349114720265,0.507755688523975
2017-05-02,0.00043789641816777835,0.0
2017-05-03,-0.000275370455985668,0.0
2017-05-04,-0.0010163860379619003,0.0
2017-05-05,0.004813848896764162,0.0
2017-05-08,-0.0012400478040972686,0.0
2017-05-09,0.0014780889183240468,0.0
2017-05-10,0.005155476963587115,0.0
2017-05-11,-0.0034543762292727795,0.0
2017-05-12,-0.0040438353887458315,0.0
2017-05-15,0.008184483562809031,0.0
2017-05-16,0.002277661163197454,0.0
2017-05-17,-0.02795091490014984,0.0
2017-05-18,0.005164222252033817,0.0
2017-05-19,0.008809251639175186,0.0
2017-05-22,0.007427802253820616,0.0
2017-05-23,0.002860832735134054,0.0
2017-05-24,0.0016039921948398192,0.0
2017-05-25,0.007008390762012203,0.0
2017-05-26,0.00030306748586314905,0.0
2017-05-30,-0.0017221972869383884,0.0
2017-05-31,-0.00026103597420916355,0.0
2017-06-01,0.008404158168065834,0.375816917669416
2017-06-02,0.0017726541541819279,0.0
2017-06-05,-0.0026660368308637295,0.0
2017-06-06,-0.004493718919495966,0.0
2017-06-07,0.004370438740184057,0.0
2017-06-08,0.006935043440116995,0.0
2017-06-09,-0.00510013211997179,0.0
2017-06-12,-0.0021307853357676967,0.0
2017-06-13,0.0059897743312825906,0.0
2017-06-14,-0.0037288870006015307,0.0
2017-06-15,-0.00243831389113829,0.0
2017-06-16,0.0013608625434976265,0.0
2017-06-19,0.004278038054075074,0.0
2017-06-20,-0.010188525117020238,0.0
2017-06-21,-0.000867626309873429,0.0
2017-06-22,-0.0008037670771534754,0.0
2017-06-23,0.0018658357078025242,0.0
2017-06-26,-0.0002795262883818014,0.0
2017-06-27,-0.00783404352474229,0.0
2017-06-28,0.011987573321274297,0.0
2017-06-29,-0.008586592118621181,0.0
2017-06-30,0.0022069406468647437,0.0
2017-07-03,0.0015122500323001553,0.3502670459779512
2017-07-05,0.007599237261687587,0.0
2017-07-06,-0.00737590451130573,0.0
2017-07-07,0.011150782233015175,0.0
2017-07-10,0.0038726586645413136,0.0
2017-07-11,-0.0003882740074682155,0.0
2017-07-12,0.009061709303825518,0.0
2017-07-13,0.002055699453774426,0.0
2017-07-14,0.0034854638843333763,0.0
2017-07-17,-0.0004499816535053205,0.0
2017-07-18,-0.00026742573692973485,0.0
2017-07-19,0.005213360893871751,0.0
2017-07-20,-0.0006648006776449289,0.0
2017-07-21,-0.00040834712784478693,0.0
2017-07-24,0.001162052372794165,0.0
2017-07-25,0.002357155381690618,0.0
2017-07-26,-0.0018338627403171111,0.0
2017-07-27,-0.007291405972059319,0.0
2017-07-28,-0.0016271790476217254,0.0
2017-07-31,-0.002983576554752501,0.0
2017-08-01,0.002129475232059308,0.37679592249691307
2017-08-02,5.340784473908684e-05,0.0
2017-08-03,-0.0010202682152270156,0.0
2017-08-04,0.003330057799220072,0.0
2017-08-07,0.0026308980984142125,0.0
2017-08-08,-0.0032990723852577538,0.0
2017-08-09,-0.00261862684539026,0.0
2017-08-10,-0.019982717046035152,0.0
2017-08-11,0.002207013819223469,0.0
2017-08-14,0.013515834467099173,0.0
2017-08-15,0.0007539503844234919,0.0
2017-08-16,0.0013457016131862513,0.0
2017-08-17,-0.019670003141589266,0.0
2017-08-18,-0.007688767268316217,0.0
2017-08-21,-0.0012097946786154726,0.0
2017-08-22,0.012891290554574,0.0
2017-08-23,-0.004233016421405951,0.0
2017-08-24,-0.00030880715432655997,0.0
2017-08-25,0.0020132268986241555,0.0
2017-08-28,-0.000298918589230134,0.0
2017-08-29,-0.0014950973417599135,0.0
2017-08-30,0.005850368643953925,0.0
2017-08-31,0.005243381143559048,0.0
2017-09-01,0.004201999200067252,0.3450282467261111
2017-09-05,-0.013014529966929572,0.0
2017-09-06,0.0005044656572784934,0.0
2017-09-07,-0.0021016985487791275,0.0
2017-09-08,0.001569810533300877,0.0
2017-09-11,0.01514379312771863,0.0
2017-09-12,0.005720924939250527,0.0
2017-09-13,-0.0005020606795846112,0.0
2017-09-14,-0.0020492939846844856,0.0
2017-09-15,0.002937131410821639,0.0
2017-09-18,0.004824209399006031,0.0
2017-09-19,0.0035363838208325826,0.0
2017-09-20,0.0008326278901711654,0.0
2017-09-21,-0.000851443707590158,0.0
2017-09-22,0.0018529002676515693,0.0
2017-09-25,-0.007132001542266502,0.0
2017-09-26,0.0017636557158283753,0.0
2017-09-27,0.00901608710948993,0.0
2017-09-28,0.002799999824613034,0.0
2017-09-29,0.006294345865072254,0.0
2017-10-02,0.00322327862362104,0.33631005379257506
2017-10-03,0.0033625632995331806,0.0
2017-10-04,0.0015895537919962995,0.0
2017-10-05,0.004778808652481123,0.0
2017-10-06,0.0016945181414908025,0.0
2017-10-09,-0.0017584798259063367,0.0
2017-10-10,0.0014044058392849086,0.0
2017-10-11,0.0019083752030363372,0.0
2017-10-12,-0.00024028130352443346,0.0
2017-10-13,0.0005648361755581996,0.0
2017-10-16,0.002763775428880555,0.0
2017-10-17,-0.002056115540336839,0.0
2017-10-18,0.0024542264222101903,0.0
2017-10-19,0.0011054245010294833,0.0
2017-10-20,0.007305956493922753,0.0
2017-10-23,-0.003419238890542648,0.0
2017-10-24,0.005334210915530617,0.0
2017-10-25,-0.005562985787157271,0.0
2017-10-26,0.004237320857730589,0.0
2017-10-27,0.004811117870348646,0.0
2017-10-30,-0.003720367040637265,0.0
2017-10-31,0.0024053975927906352,0.0
2017-11-01,-0.0024287889236364046,0.5154980517975019
2017-11-02,0.00398485378603174,0.0
2017-11-03,0.0029644727883177554,0.0
2017-11-06,0.001682498111497896,0.0
2017-11-07,-0.0035039005533763073,0.0
2017-11-08,0.0002456987972580298,0.0
2017-11-09,-0.008670153692177192,0.0
2017-11-10,0.00046714290283053443,0.0
2017-11-13,0.0031763615139493062,0.0
2017-11-14,0.0007300022430419227,0.0
2017-11-15,-0.0047883606565247375,0.0
2017-11-16,0.009981185206699161,0.0
2017-11-17,-0.0021571551887575135,0.0
2017-11-20,0.004979739567865501,0.0
2017-11-21,0.006264827378565377,0.0
2017-11-22,-0.0027050709229102217,0.0
2017-11-24,0.002192055413479042,0.0
2017-11-27,-0.0018699546839783645,0.0
2017-11-28,0.011628564411004145,0.0
2017-11-29,-0.0036380723505031586,0.0
2017-11-30,0.009878099247033091,0.0
2017-12-01,-0.0053475956566231275,0.652323024920652
2017-12-04,-0.012030852089121455,0.0
2017-12-05,-0.0016887055108651724,0.0
2017-12-06,0.0007507035052161015,0.0
2017-12-07,0.006517232069956076,0.0
2017-12-08,0.005931032780515186,0.0
2017-12-11,0.0007526578002474507,0.0
2017-12-12,-0.0021873299662907037,0.0
2017-12-13,-0.00023764896621121772,0.0
2017-12-14,-0.004459152569353114,0.0
2017-12-15,0.00914255340200762,0.0
2017-12-18,0.006594274215785483,0.0
2017-12-19,-0.002633468943136784,0.0
2017-12-20,-0.00023452329596289383,0.0
2017-12-21,-0.0033253702465824483,0.0
2017-12-22,-0.0005596000251573785,0.0
2017-12-26,-0.001021083934638281,0.0
2017-12-27,0.002304529713019844,0.0
2017-12-28,-0.004365332478716348,0.0
2017-12-29,-0.005950894710731538,0.0
2018-01-02,0.0063699898237423724,0.377991177144941
2018-01-03,0.00916662861596344,0.0
2018-01-04,0.003551062412501246,0.0
2018-01-05,0.008642706764187559,0.0
2018-01-08,0.004973050938422877,0.0
2018-01-09,0.00279452924315957,0.0
2018-01-10,-0.004884323679223789,0.0
2018-01-11,0.007856123541452638,0.0
2018-01-12,0.009102872369502059,0.0
2018-01-16,-0.00623663255206713,0.0
2018-01-17,0.01363213108328203,0.0
2018-01-18,-0.0018439547056678148,0.0
2018-01-19,0.006291238334588164,0.0
2018-01-22,0.005481573495984323,0.0
2018-01-23,0.002520046327057804,0.0
2018-01-24,-0.0012091309061066408,0.0
2018-01-25,0.0008547743163030926,0.0
2018-01-26,0.01258274481393463,0.0
2018-01-29,-0.008966366002143653,0.0
2018-01-30,-0.009371346051980645,0.0
2018-01-31,0.001899087316849317,0.0
2018-02-01,-0.0019883450572329986,0.3620026610692896
2018-02-02,-0.021166188915479157,0.0
2018-02-05,-0.03811320060886708,0.0
2018-02-06,0.01911408181184939,0.0
2018-02-07,-0.002289481715571147,0.0
2018-02-08,-0.041068101947009605,0.0
2018-02-09,0.016730678264762433,0.0
2018-02-12,0.01480042924732835,0.0
2018-02-13,0.0042350528460617775,0.0
2018-02-14,0.016877626226095097,0.0
2018-02-15,0.011710053868583967,0.0
2018-02-16,0.0004986227599055489,0.0
2018-02-20,-0.004307339276041996,0.0
2018-02-21,-0.0036571695336394157,0.0
2018-02-22,0.0013923727007677093,0.0
2018-02-23,0.015511297714149492,0.0
2018-02-26,0.009136763599100407,0.0
2018-02-27,-0.010862904736434581,0.0
2018-02-28,-0.010856694094201896,0.0
2018-03-01,-0.015457423345499821,0.3271559515944716
2018-03-02,0.005949280894005746,0.0
2018-03-05,0.010100408590989684,0.0
2018-03-06,0.006798113021917145,0.0
2018-03-07,0.0020695612900666228,0.0
2018-03-08,0.002394121753200607,0.0
2018-03-09,0.020102479037881982,0.0
2018-03-12,-0.0038965917273702327,0.0
2018-03-13,-0.004145760515671827,0.0
2018-03-14,-0.004568020281005935,0.0
2018-03-15,-0.00044620507707492264,0.0
2018-03-16,0.0040100949249651146,0.0
2018-03-19,-0.010593205586818486,0.0
2018-03-20,0.007847174471773714,0.0
2018-03-21,-0.0006247586468014464,0.0
2018-03-22,-0.02845046476204234,0.0
2018-03-23,-0.01989738294018439,0.0
2018-03-26,0.029148917353356146,0.0
2018-03-27,-0.020314162470278754,0.0
2018-03-28,-0.007669676090527305,0.0
2018-03-29,0.017386525227752705,0.0
2018-04-02,-0.022983735008777373,0.3608085332468307
2018-04-03,0.0043943201268005876,0.0
2018-04-04,0.011399424231286566,0.0
2018-04-05,0.007510193719097286,0.0
2018-04-06,-0.025005368262840354,0.0
2018-04-09,0.0035418889226753393,0.0
2018-04-10,0.018336711301720262,0.0
2018-04-11,-0.007044666594659087,0.0
2018-04-12,0.012429920383961094,0.0
2018-04-13,-0.006839344950934398,0.0
2018-04-16,0.010110471047204816,0.0
2018-04-17,0.012393634963163723,0.0
2018-04-18,0.004068372029589463,0.0
2018-04-19,-0.004911141578817425,0.0
2018-04-20,-0.006489518517199762,0.0
2018-04-23,-7.068541248500478e-05,0.0
2018-04-24,-0.01744625002269936,0.0
2018-04-25,-9.012110829578128e-05,0.0
2018-04-26,0.006926620986315873,0.0
2018-04-27,-0.0007203061577850742,0.0
2018-04-30,-0.009785271407241712,0.0
2018-05-01,-0.0008963309139959907,0.38796475387167584
2018-05-02,-0.0073854420419280815,0.0
2018-05-03,0.0011376691549174955,0.0
2018-05-04,0.010635581437955802,0.0
2018-05-07,0.004217150602185974,0.0
2018-05-08,0.003519260362655607,0.0
2018-05-09,0.010362951724566302,0.0
2018-05-10,0.008712828253530501,0.0
2018-05-11,0.000989886912196759,0.0
2018-05-14,8.817568764068375e-05,0.0
2018-05-15,-0.004882576457977798,0.0
2018-05-16,0.005628585548113825,0.0
2018-05-17,0.0016756318123396325,0.0
2018-05-18,9.370450443312633e-05,0.0
2018-05-21,0.007630354834465256,0.0
2018-05-22,-0.005841966893814091,0.0
2018-05-23,0.0028795312742501177,0.0
2018-05-24,0.0026032660983042666,0.0
2018-05-25,-0.005508734530496266,0.0
2018-05-29,-0.0121648611542625,0.0
2018-05-30,0.011507908700036769,0.0
2018-05-31,-0.010853074595636562,0.0
2018-06-01,0.013763978679719457,0.4832234266129086
2018-06-04,0.0057725803912303305,0.0
2018-06-05,0.004759034628498062,0.0
2018-06-06,0.009261724487749175,0.0
2018-06-07,-0.0019196979697928152,0.0
2018-06-08,0.004793278882855549,0.0
2018-06-11,0.0009610937252112735,0.0
2018-06-12,0.0028884152169269877,0.0
2018-06-13,-0.0048472207424946,0.0
2018-06-14,-0.0009152291242063497,0.0
2018-06-15,-0.0016725766278556098,0.0
2018-06-18,0.001409480052674971,0.0
2018-06-19,-0.006781806207206473,0.0
2018-06-20,0.0026009301335609553,0.0
2018-06-21,-0.007232647482635089,0.0
2018-06-22,-0.0035322651160364493,0.0
2018-06-25,-0.017452611805662765,0.0
2018-06-26,0.002924825534393085,0.0
2018-06-27,-0.009745812035319478,0.0
2018-06-28,0.00533931550565516,0.0
2018-06-29,0.0018971780570448135,0.0
2018-07-02,-0.0010039406526700656,0.586179155926598
2018-07-03,-0.005290582137649474,0.0
2018-07-05,0.005920936005067191,0.0
2018-07-06,0.007227628781377228,0.0
2018-07-09,0.010985827899471468,0.0
2018-07-10,0.003795860260979159,0.0
2018-07-11,-0.00974479123544026,0.0
2018-07-12,0.009864345283741588,0.0
2018-07-13,0.0015085598498481875,0.0
2018-07-16,-0.0036048843288196434,0.0
2018-07-17,0.006608349688815314,0.0
2018-07-18,0.005432055206368126,0.0
2018-07-19,-0.0026424416774265555,0.0
2018-07-20,-0.0015108085778243437,0.0
2018-07-23,0.00018967110090525695,0.0
2018-07-24,-0.0029159286356818326,0.0
2018-07-25,0.01122862130015427,0.0
2018-07-26,0.003473277660453425,0.0
2018-07-27,-0.009820761578061405,0.0
2018-07-30,-0.01014054041971538,0.0
2018-07-31,0.010103273906817953,0.0
2018-08-01,-0.007259734749557323,0.3782939441413803
2018-08-02,0.007968220994943122,0.0
2018-08-03,0.0008159615039378062,0.0
2018-08-06,0.005452990695627572,0.0
2018-08-07,0.004153033901954283,0.0
2018-08-08,0.0020139040127168913,0.0
2018-08-09,-0.000862222854443584,0.0
2018-08-10,-0.004046482120070505,0.0
2018-08-13,-0.006006755236722738,0.0
2018-08-14,0.010877137932696982,0.0
2018-08-15,-0.013614887564588722,0.0
2018-08-16,0.005949582179357716,0.0
2018-08-17,0.004352429398810813,0.0
2018-08-20,0.0068296099508424,0.0
2018-08-21,0.002938759115483476,0.0
2018-08-22,0.0024947349153244093,0.0
2018-08-23,0.000659943275253699,0.0
2018-08-24,0.006252413568141768,0.0
2018-08-27,0.005000655576844549,0.0
2018-08-28,0.00021306739345250462,0.0
2018-08-29,0.005634264334268441,0.0
2018-08-30,-0.006955094783173424,0.0
2018-08-31,0.002197201201267874,0.0
2018-09-04,-0.00014162494712810503,0.4306689420097086
2018-09-05,-0.006575114408531077,0.0
2018-09-06,-0.0039085336566988945,0.0
2018-09-07,-0.003731223316634841,0.0
2018-09-10,0.004940596906460471,0.0
2018-09-11,0.00377583414598096,0.0
2018-09-12,0.000501662011848568,0.0
2018-09-13,0.0022091948433067875,0.0
2018-09-14,0.002451256052644564,0.0
2018-09-17,-0.007812750881168711,0.0
2018-09-18,0.007911452314365776,0.0
2018-09-19,-0.009190812830484292,0.0
2018-09-20,0.004395674323326992,0.0
2018-09-21,0.0010218093965979383,0.0
2018-09-24,-0.0004217045228434806,0.0
2018-09-25,-0.005258662714432399,0.0
2018-09-26,-0.0019425324651020837,0.0
2018-09-27,0.0011661833618060453,0.0
2018-09-28,0.0014644624968653476,0.0
2018-10-01,0.0020052857858461337,0.35194518466246283
2018-10-02,-0.007551042534424359,0.0
2018-10-03,0.0020691590452443405,0.0
2018-10-04,-0.012736687200265124,0.0
2018-10-05,-0.005683766546222959,0.0
2018-10-08,-0.0048007552891277065,0.0
2018-10-09,-0.0031742177482258147,0.0
2018-10-10,-0.03896175159670284,0.0
2018-10-11,-0.01880897295922665,0.0
2018-10-12,0.018459722955960326,0.0
2018-10-15,-0.004854371559601573,0.0
2018-10-16,0.02422421906161639,0.0
2018-10-17,-0.005856042120977073,0.0
2018-10-18,-0.013703464036140487,0.0
2018-10-19,-0.009604555481431841,0.0
2018-10-22,0.003506385876443055,0.0
2018-10-23,-0.010390575655373747,0.0
2018-10-24,-0.03567956256865102,0.0
2018-10-25,0.016841897035650907,0.0
2018-10-26,-0.015844596105554692,0.0
2018-10-29,-0.0014578276016408002,0.0
2018-10-30,0.023612856301078306,0.0
2018-10-31,0.010809525655957304,0.0
2018-11-01,0.012357878678417311,0.3752824826937414
2018-11-02,-0.0013901522501813604,0.0
2018-11-05,0.004573550209327827,0.0
2018-11-06,0.007048065781740822,0.0
2018-11-07,0.018991317088972733,0.0
2018-11-08,5.744993164719864e-05,0.0
2018-11-09,-0.0118122965627247,0.0
2018-11-12,-0.019437553968054515,0.0
2018-11-13,-0.0035040210209381605,0.0
2018-11-14,-0.008714745277060301,0.0
2018-11-15,0.009725942945736586,0.0
2018-11-16,0.0005477055134893592,0.0
2018-11-19,-0.02334108640529295,0.0
2018-11-20,-0.0224357596569621,0.0
2018-11-21,0.010264657716315823,0.0
2018-11-23,-0.004870816704802327,0.0
2018-11-26,0.01529368000502053,0.0
2018-11-27,0.0019263831505990038,0.0
2018-11-28,0.02561058381888413,0.0
2018-11-29,-0.0016712455684455567,0.0
2018-11-30,0.0036003111659489093,0.0
2018-12-03,0.012089218655442213,0.41528669033074544
2018-12-04,-0.0293844376717378,0.0
2018-12-06,5.448283991968828e-06,0.0
2018-12-07,-0.025626617188047006,0.0
2018-12-10,0.001335971138746506,0.0
2018-12-11,0.0009130181365488089,0.0
2018-12-12,0.006848328277541152,0.0
2018-12-13,-0.004041810405129581,0.0
2018-12-14,-0.019052760652267818,0.0
2018-12-17,-0.025258573844793422,0.0
2018-12-18,0.000790060880848755,0.0
2018-12-19,-0.015386601748184429,0.0
2018-12-20,-0.026950335815542296,0.0
2018-12-21,-0.017884764823442888,0.0
2018-12-24,-0.02596487304833098,0.0
2018-12-26,0.04992212545932609,0.0
2018-12-27,0.008074920037754405,0.0
2018-12-28,-0.0019717992806034933,0.0
2018-12-31,0.011518574092331407,0.0
2019-01-02,-0.0052508194742413306,0.3700176058226932
2019-01-03,-0.02034781516597048,0.0
2019-01-04,0.02903167724524171,0.0
2019-01-07,0.009964127381432597,0.0
2019-01-08,0.012494766919451554,0.0
2019-01-09,0.005874255824335294,0.0
2019-01-10,0.00465993233828838,0.0
2019-01-11,0.00020294966971266606,0.0
2019-01-14,-0.006858242715933598,0.0
2019-01-15,0.012352218725821366,0.0
2019-01-16,0.00017894520989881552,0.0
2019-01-17,0.0075416891776229865,0.0
2019-01-18,0.01282759660302496,0.0
2019-01-22,-0.01065588272145044,0.0
2019-01-23,0.001478837264574878,0.0
2019-01-24,-0.00017714839843596385,0.0
2019-01-25,0.006271785569357216,0.0
2019-01-28,-0.0062848254075970385,0.0
2019-01-29,-7.73778028161222e-05,0.0
2019-01-30,0.014785598008215984,0.0
2019-01-31,0.007788467335036877,0.0
2019-02-01,0.00013957954549126406,0.5136762276158438
2019-02-04,0.005998110446867699,0.0
2019-02-05,0.003058268621681834,0.0
2019-02-06,-0.00033760234639310495,0.0
2019-02-07,0.0005414400083742117,0.0
2019-02-08,0.004716089448311122,0.0
2019-02-11,0.0027315813218571103,0.0
2019-02-12,0.008090730424661498,0.0
2019-02-13,0.0015653096568067704,0.0
2019-02-14,0.0001996671666001233,0.0
2019-02-15,0.00663288393129094,0.0
2019-02-19,0.0010499969269654433,0.0
2019-02-20,0.0006968214078738794,0.0
2019-02-21,0.0005381348259388139,0.0
2019-02-22,0.006875157433725293,0.0
2019-02-25,-0.003434414868921702,0.0
2019-02-26,-0.000931334648993604,0.0
2019-02-27,0.0010541372005503798,0.0
2019-02-28,0.002008177346805682,0.0
2019-03-01,0.003146037836865734,0.3993027584631379
2019-03-04,-0.006034609424736018,0.0
2019-03-05,-0.0004905961096578245,0.0
2019-03-06,-0.006660738160601884,0.0
2019-03-07,-0.004323805961384633,0.0
2019-03-08,-0.002704809423300386,0.0
2019-03-11,0.012098377198399925,0.0
2019-03-12,0.0046377375923868465,0.0
2019-03-13,0.005433086948897575,0.0
2019-03-14,-0.0008400943799053372,0.0
2019-03-15,0.003168611860760278,0.0
2019-03-18,0.0012606165621629783,0.0
2019-03-19,-0.0013926736109591646,0.0
2019-03-20,-0.0018039340431039341,0.0
2019-03-21,0.012871164809697043,0.0
2019-03-22,-0.01180715375571531,0.0
2019-03-25,0.003194721591483994,0.0
2019-03-26,0.006061943994221903,0.0
2019-03-27,-0.004684232426803854,0.0
2019-03-28,0.0034946375987226167,0.0
2019-03-29,0.005201914373002801,0.0
2019-04-01,0.0033533267236913744,0.4478041555678643
2019-04-02,-0.0003069026930299874,0.0
2019-04-03,0.001591476946803607,0.0
2019-04-04,-0.0006397218739174327,0.0
2019-04-05,0.006239234315736423,0.0
2019-04-08,-0.0021729538168118196,0.0
2019-04-09,-0.004513816830636419,0.0
2019-04-10,0.005897444700230351,0.0
2019-04-11,-0.00011180059766924196,0.0
2019-04-12,0.0027001610928004986,0.0
2019-04-15,-0.0006491748344830521,0.0
2019-04-16,-0.008071475074542103,0.0
2019-04-17,-0.009876980436439493,0.0
2019-04-18,0.0029446660865174177,0.0
2019-04-22,-0.0027938831429585417,0.0
2019-04-23,0.008899687867888794,0.0
2019-04-24,0.0019510816254901544,0.0
2019-04-25,-0.0003984226716368945,0.0
2019-04-26,0.00573157934826153,0.0
2019-04-29,-0.0036439503849951603,0.0
2019-04-30,0.005871891882413308,0.0
2019-05-01,-0.01355026926360492,0.39020842989556415
2019-05-02,0.0046460646637275504,0.0
2019-05-03,0.007066062109880155,0.0
2019-05-06,-0.0034327105433846292,0.0
2019-05-07,-0.015181398300817994,0.0
2019-05-08,-0.0016445524351395308,0.0
2019-05-09,0.0003044062043575941,0.0
2019-05-10,0.007012960777244266,0.0
2019-05-13,-0.016396730105672348,0.0
2019-05-14,0.00635264000745689,0.0
2019-05-15,0.0029264857130297563,0.0
2019-05-16,0.00880001233564607,0.0
2019-05-17,-0.0027096864318759896,0.0
2019-05-20,-0.006029788374365394,0.0
2019-05-21,0.008401646745430941,0.0
2019-05-22,0.001528024546534076,0.0
2019-05-23,-0.007946451933495162,0.0
2019-05-24,-0.00041363984509818863,0.0
2019-05-28,-0.00920515947158389,0.0
2019-05-29,-0.008724564982531265,0.0
2019-05-30,0.006995066679223388,0.0
2019-05-31,-0.0038698379930767906,0.0
2019-06-03,0.0012282489535926366,0.42980878317958743
2019-06-04,0.015294055694047771,0.0
2019-06-05,0.015510456919149944,0.0
2019-06-06,0.007567349031441676,0.0
2019-06-07,0.007421183163652358,0.0
2019-06-10,0.001514213261205684,0.0
2019-06-11,-0.0023535646978578963,0.0
2019-06-12,0.00392257106820217,0.0
2019-06-13,0.0014451649007100231,0.0
2019-06-14,0.0002560731864456911,0.0
2019-06-17,-0.0015628366527397752,0.0
2019-06-18,0.006039569528598559,0.0
2019-06-19,0.007565488039903425,0.0
2019-06-20,0.007337332393055302,0.0
2019-06-21,-0.004039293780504338,0.0
2019-06-24,-0.0011373325743951658,0.0
2019-06-25,-0.00785952118834842,0.0
2019-06-26,-0.009638022662034274,0.0
2019-06-27,0.005212237931830984,0.0
2019-06-28,0.006519104850904414,0.0
2019-07-01,0.0053605790015121,0.3861150561160662
2019-07-02,-0.0007903091692309451,0.0
2019-07-03,0.009548424852843376,0.0
2019-07-05,-0.003003322291871344,0.0
2019-07-08,-0.0027867396379295814,0.0
2019-07-09,0.0012544810821107063,0.0
2019-07-10,0.003045499889825494,0.0
2019-07-11,-0.00046637732830922017,0.0
2019-07-12,0.002383573746612409,0.0
2019-07-15,0.001538302528081703,0.0
2019-07-16,-0.0018308739872457773,0.0
2019-07-17,-0.004797841570319189,0.0
2019-07-18,0.0051989500206217456,0.0
2019-07-19,-0.010494836933847496,0.0
2019-07-22,0.0007484099816370139,0.0
2019-07-23,0.0027581472537870264,0.0
2019-07-24,0.002240009225802774,0.0
2019-07-25,-0.0035434029609513733,0.0
2019-07-26,0.00549988431723036,0.0
2019-07-29,-0.00020379290442369956,0.0
2019-07-30,-0.0051367673042200775,0.0
2019-07-31,-0.010806028946915201,0.0
2019-08-01,-0.004868557342198598,0.3304509972275761
2019-08-02,-0.006260614128567026,0.0
2019-08-05,-0.02607583580560284,0.0
2019-08-06,0.016534993961247857,0.0
2019-08-07,0.004138736460053711,0.0
2019-08-08,0.019606538687929137,0.0
2019-08-09,-0.0035837477577374335,0.0
2019-08-12,-0.01765078219107509,0.0
2019-08-13,0.011262061320466107,0.0
2019-08-14,-0.024627676348305816,0.0
2019-08-15,0.008189773997798102,0.0
2019-08-16,0.01215457034846502,0.0
2019-08-19,0.009973235118638908,0.0
2019-08-20,-0.007128887777832219,0.0
2019-08-21,0.00726908421344372,0.0
2019-08-22,-0.00036072797810768,0.0
2019-08-23,-0.022819158190521875,0.0
2019-08-26,0.011804679397041324,0.0
2019-08-27,-2.7792428594647864e-05,0.0
2019-08-28,0.004779845530765426,0.0
2019-08-29,0.01115678474124837,0.0
2019-08-30,-0.0020723217108438827,0.0
2019-09-03,-0.004592347825307375,0.4456419428639552
2019-09-04,0.007451620228759848,0.0
2019-09-05,0.0051742597698601536,0.0
2019-09-06,0.001362994958018907,0.0
2019-09-09,-0.012745431674859982,0.0
2019-09-10,-0.011145606239883595,0.0
2019-09-11,0.003422756589029836,0.0
2019-09-12,0.006108786719666606,0.0
2019-09-13,-0.0037190418187038297,0.0
2019-09-16,-0.0012407258420246744,0.0
2019-09-17,0.010675508834889625,0.0
2019-09-18,5.336399979485085e-05,0.0
2019-09-19,0.00030949361111506056,0.0
2019-09-20,-0.003434624815869658,0.0
2019-09-23,0.0011925741086489961,0.0
2019-09-24,-0.0027754261723816715,0.0
2019-09-25,0.0027828388890096473,0.0
2019-09-26,0.0030194312260772363,0.0
2019-09-27,-0.008842266641299414,0.0
2019-09-30,0.005308829485857142,0.0
2019-10-01,-0.011357032105964948,0.37384494402587387
2019-10-02,-0.01371893251905881,0.0
2019-10-03,0.008675271225450651,0.0
2019-10-04,0.014727998069980226,0.0
2019-10-07,-0.005319776100398362,0.0
2019-10-08,-0.012422243319618506,0.0
2019-10-09,0.008683184255704243,0.0
2019-10-10,0.0033189246063670763,0.0
2019-10-11,0.0022121923426196865,0.0
2019-10-14,-0.002546548156347758,0.0
2019-10-15,0.0032511120785326734,0.0
2019-10-16,-0.0013991629033758453,0.0
2019-10-17,0.0027284719709790265,0.0
2019-10-18,7.6029013708876e-05,0.0
2019-10-21,0.0026406242871990313,0.0
2019-10-22,-0.010519073020214913,0.0
2019-10-23,-0.00012204210841941741,0.0
2019-10-24,0.0042698300610047035,0.0
2019-10-25,-0.002750875757349883,0.0
2019-10-28,-0.0015749245681013937,0.0
2019-10-29,0.002713996470983313,0.0
2019-10-30,0.006957566974598981,0.0
2019-10-31,-0.0032892808895191613,0.0
2019-11-01,-0.0002324653040713942,0.5131261127344029
2019-11-04,-0.006182646298380114,0.0
2019-11-05,-0.006486991214532278,0.0
2019-11-06,-0.00405014118047024,0.0
2019-11-07,-0.003483021142756176,0.0
2019-11-08,4.334818834542055e-05,0.0
2019-11-11,-0.0005044934971618576,0.0
2019-11-12,0.001073016485195231,0.0
2019-11-13,0.0059689009341481036,0.0
2019-11-14,0.004133846113425179,0.0
2019-11-15,0.005068449538319803,0.0
2019-11-18,0.0024083708137093394,0.0
2019-11-19,0.0016929967966758893,0.0
2019-11-20,-0.0009643441442669103,0.0
2019-11-21,-0.006790276565448667,0.0
2019-11-22,-0.0014743904378394551,0.0
2019-11-25,0.005558798962939607,0.0
2019-11-26,0.007351460953017989,0.0
2019-11-27,0.002333058946098314,0.0
2019-11-29,-0.004766356547144049,0.0
2019-12-02,-0.01170821822505519,0.45216799395593554
2019-12-03,-0.0037077399328049,0.0
2019-12-04,0.0052530933372561955,0.0
2019-12-05,0.0029272887121846317,0.0
2019-12-06,0.005433184851376385,0.0
2019-12-09,-0.0032959879221972337,0.0
2019-12-10,-0.008222979317298295,0.0
2019-12-11,0.004036071177389843,0.0
2019-12-12,0.0049957508172117256,0.0
2019-12-13,-9.486886160878013e-05,0.0
2019-12-16,0.006121975021287701,0.0
2019-12-17,-0.0010731714140119128,0.0
2019-12-18,0.00043072561999581653,0.0
2019-12-19,0.003758720664117671,0.0
2019-12-20,0.007037972202316993,0.0
2019-12-23,-0.003293019818678009,0.0
2020-01-29,-0.011416144325969935,0.5269668788752202
2020-01-30,0.0032445794911189997,0.0
2020-01-31,-0.022080772912892146,0.0
2020-02-03,0.007953697688290351,0.1759335242618485
2020-02-04,0.014740474330893117,0.0
2020-02-05,0.011297053647477557,0.0
2020-02-06,0.0006566942857598275,0.0
2020-02-07,-0.007484579057242385,0.0
2020-02-10,0.008255343765880396,0.0
2020-02-11,0.0070810102135631745,0.0
2020-02-12,0.005604426069052831,0.0
2020-02-13,0.0016172525301124212,0.0
2020-02-14,0.00210136865620994,0.0
2020-02-18,-0.004104670131771001,0.0
2020-02-19,0.004702742003865917,0.0
2020-02-20,-0.0024362200359991336,0.0
2020-02-21,-0.011176367094612543,0.0
2020-02-24,-0.03014972721360253,0.0
2020-02-25,-0.031082439965372646,0.0
2020-02-26,-0.006391817131414588,0.0
2020-02-27,-0.03931553398692955,0.0
2020-02-28,-0.01091884810555737,0.0
2020-03-02,0.041060592206540125,0.44104101922214434
2020-03-03,-0.022901873285688868,0.0
2020-03-04,0.03588469303996718,0.0
2020-03-05,-0.03580132431231859,0.0
2020-03-06,-0.01914862546576143,0.0
2020-03-09,-0.07647869812478444,0.0
2020-03-10,0.048159326972721614,0.0
2020-03-11,-0.0505014824956887,0.0
2020-03-12,-0.09554791612526498,0.0
2020-03-13,0.07653190936069576,0.0
2020-03-16,-0.12387367541174969,0.0
2020-03-17,0.055795090022317625,0.0
2020-03-18,-0.073173607747636,0.0
2020-03-19,0.00839021521555517,0.0
2020-03-20,-0.04580036832468833,0.0
2020-03-23,-0.029637046440413137,0.0
2020-03-24,0.11049223869061259,0.0
2020-03-25,0.024819271989828688,0.0
2020-03-26,0.06171590340346667,0.0
2020-03-27,-0.03150102830164855,0.0
2020-03-30,0.028928720075966016,0.0
2020-03-31,-0.023047231333035295,0.0
2020-04-01,-0.04995878529400366,0.5936819370722362
2020-04-02,0.017788097359839803,0.0
2020-04-03,-0.017561625825448072,0.0
2020-04-06,0.07517672777164572,0.0
2020-04-07,-0.007698001955078958,0.0
2020-04-08,0.03806009998135693,0.0
2020-04-09,0.01933947007450175,0.0
2020-04-13,-0.01792585179916975,0.0
2020-04-14,0.03229364334059484,0.0
2020-04-15,-0.02700558301709725,0.0
2020-04-16,0.008279623994754425,0.0
2020-04-17,0.031798347386086494,0.0
2020-04-20,-0.021353062601982314,0.0
2020-04-21,-0.027476634399003257,0.0
2020-04-22,0.023164812805108244,0.0
2020-04-23,-0.006021535678615445,0.0
2020-04-24,0.014705497163776659,0.0
2020-04-27,0.020656252700205435,0.0
2020-04-28,9.109132883495174e-05,0.0
2020-04-29,0.01945294039388698,0.0
2020-04-30,-0.01898758048355329,0.0
2020-05-01,-0.025266872782650496,0.6352314948834344
2020-05-04,0.003712863853955162,0.0
2020-05-05,0.015449348982762233,0.0
2020-05-06,-0.0062467846885653645,0.0
2020-05-07,0.00882493311262382,0.0
2020-05-08,0.01363118045269801,0.0
2020-05-11,0.006423297768817074,0.0
2020-05-12,-0.019633506248619093,0.0
2020-05-13,-0.011630979661223752,0.0
2020-05-14,0.008928825087189153,0.0
2020-05-15,0.004714125010945305,0.0
2020-05-18,0.022664752086508314,0.0
2020-05-19,-0.010239410951396397,0.0
2020-05-20,0.01223787104967929,0.0
2020-05-21,-0.010284080953982953,0.0
2020-05-22,0.005216844866416626,0.0
2020-05-26,0.0032612747153907932,0.0
2020-05-27,0.013554062271125395,0.0
2020-05-28,0.008499174209499456,0.0
2020-05-29,0.01226493742772906,0.0
2020-06-01,0.0008950512903493912,0.43593959436272756
2020-06-02,0.005883899416902639,0.0
2020-06-03,0.004507499984262019,0.0
2020-06-04,-0.007610031666100661,0.0
2020-06-05,0.01759454982567038,0.0
2020-06-08,0.006984565178648276,0.0
2020-06-09,-0.006851560365767298,0.0
2020-06-10,-0.0011173519570228953,0.0
2020-06-11,-0.048996611176143484,0.0
2020-06-12,0.0068780941366245905,0.0
2020-06-15,0.009874592321046234,0.0
2020-06-16,0.017811283312563334,0.0
2020-06-17,0.0014929489248707345,0.0
2020-06-18,-0.0022747239969036414,0.0
2020-06-19,0.0010315023094154465,0.0
2020-06-22,0.003966675714871683,0.0
2020-06-23,-0.0007084083611809439,0.0
2020-06-24,-0.02228827423606125,0.0
2020-06-25,0.009810694384912031,0.0
2020-06-26,-0.013630259483040728,0.0
2020-06-29,0.01067224526236814,0.0
2020-06-30,0.017312444210076598,0.0
2020-07-01,0.002801609723152687,0.5320236656868843
2020-07-02,0.007731849599744658,0.0
2020-07-06,0.012096154056081271,0.0
2020-07-07,-0.007100426848009906,0.0
2020-07-08,0.004022014619250363,0.0
2020-07-09,-0.0004917100759736909,0.0
2020-07-10,0.0036329175739609762,0.0
2020-07-13,-0.010414884024005417,0.0
2020-07-14,0.02006534042023556,0.0
2020-07-15,0.009029243975949995,0.0
2020-07-16,-0.0009572590631755538,0.0
2020-07-17,0.008386035647529193,0.0
2020-07-20,0.007369814256308195,0.0
2020-07-21,0.0014600068001727922,0.0
2020-07-22,0.007012916028839921,0.0
2020-07-23,-0.007824224008563568,0.0
2020-07-24,-0.0074356990544184026,0.0
2020-07-27,0.013110559850075181,0.0
2020-07-28,-0.010132113030915709,0.0
2020-07-29,0.013341826737463758,0.0
2020-07-30,-0.0017761897908048752,0.0
2020-07-31,0.0003715054448379711,0.0
2020-08-03,0.008604894342352454,0.3159128398601482
2020-08-04,0.0022102802863445893,0.0
2020-08-05,0.0020394771667813154,0.0
2020-08-06,6.23328787559523e-05,0.0
2020-08-07,0.0007874787546412357,0.0
2020-08-10,-0.0022449464397620114,0.0
2020-08-11,-0.010763852800747733,0.0
2020-08-12,0.017012065821111,0.0
2020-08-13,0.0005647179882260925,0.0
2020-08-14,-0.000980507229626153,0.0
2020-08-17,0.008806186132109614,0.0
2020-08-18,0.000760978698845577,0.0
2020-08-19,-0.004338512198768246,0.0
2020-08-20,-0.0007668096738331295,0.0
2020-08-21,0.0008798921754252715,0.0
2020-08-24,0.002772007518008922,0.0
2020-08-25,0.0035605801877337325,0.0
2020-08-26,0.0076991810243063315,0.0
2020-08-27,-0.0029325947078694442,0.0
2020-08-28,0.004717206903546156,0.0
2020-08-31,0.0006497795807393162,0.0
2020-09-01,0.005250649820131681,0.3967067197939984
2020-09-02,0.018662815618845738,0.0
2020-09-03,-0.03699678657590638,0.0
2020-09-04,-0.011016049824513548,0.0
2020-09-08,-0.023292836149571138,0.0
2020-09-09,0.022091858957491356,0.0
2020-09-10,-0.015057140805390763,0.0
2020-09-11,0.0028525508629392666,0.0
2020-09-14,0.012054876449018249,0.0
2020-09-15,0.006347218042983131,0.0
2020-09-16,-0.005576381193254465,0.0
2020-09-17,-0.006378032336041697,0.0
2020-09-18,-0.007580755569026732,0.0
2020-09-21,-0.009874805419269363,0.0
2020-09-22,0.010103299203262785,0.0
2020-09-23,-0.01988421881835322,0.0
2020-09-24,0.0038319122424479045,0.0
2020-09-25,0.01394146655507217,0.0
2020-09-28,0.016335176363168336,0.0
2020-09-29,-0.002243347712340076,0.0
2020-09-30,0.006728570032142571,0.0
2020-10-01,0.0037509179321293384,0.40607155409541495
2020-10-02,-0.005790858635780067,0.0
2020-10-05,0.02190763897350927,0.0
2020-10-06,-0.012789155384588755,0.0
2020-10-07,0.01985130314675635,0.0
2020-10-08,0.008338733439272435,0.0
2020-10-09,0.009196259403611892,0.0
2020-10-12,0.010963759550181763,0.0
2020-10-13,-0.0013030897366138234,0.0
2020-10-14,-0.004284758021147889,0.0
2020-10-15,0.0012385561460388809,0.0
2020-10-16,0.0006223424960325771,0.0
2020-10-19,-0.013423713406138033,0.0
2020-10-20,0.004731127300367581,0.0
2020-10-21,-0.004598982582076982,0.0
2020-10-22,0.00232873705367876,0.0
2020-10-23,0.005899478188445893,0.0
2020-10-26,-0.01842596324966619,0.0
2020-10-27,-0.004484927701245788,0.0
2020-10-28,-0.0292770457041732,0.0
2020-10-29,0.006711572265227306,0.0
2020-10-30,-0.007956775170617787,0.0
2020-11-02,0.01970825201527071,0.32229511758512785
2020-11-03,0.01879549393093576,0.0
2020-11-04,0.02181683644227474,0.0
2020-11-05,0.02161904444143889,0.0
2020-11-06,0.00339246863239747,0.0
2020-11-09,-0.015399545465613782,0.0
2020-11-10,-0.0037075010694899413,0.0
2020-11-11,0.012102438231179735,0.0
2020-11-12,-0.009559682487519327,0.0
2020-11-13,0.012049302631939426,0.0
2020-11-16,0.008723610770918438,0.0
2020-11-17,-0.004465989569665008,0.0
2020-11-18,-0.009179006108351484,0.0
2020-11-19,0.006735237086421455,0.0
2020-11-20,-0.0036658041555491664,0.0
2020-11-23,0.005091772835911651,0.0
2020-11-24,0.00697278839318098,0.0
2020-11-25,-0.0028108350444624114,0.0
2020-11-27,0.006894586435895236,0.0
2020-11-30,0.0015882700397800156,0.0
2020-12-01,0.00496941259851158,0.3699207476599403
2020-12-02,-0.006677352699780878,0.0
2020-12-03,-0.0018866964374671612,0.0
2020-12-04,0.010307116281082523,0.0
2020-12-07,0.0010181827208697847,0.0
2020-12-08,0.004438176136456483,0.0
2020-12-09,-0.00922548686748174,0.0
2020-12-10,-0.002087671827265739,0.0
2020-12-11,-0.002383488528014983,0.0
2020-12-14,0.002995808847521947,0.0
2020-12-15,0.01213138549160038,0.0
2020-12-16,0.000545534620745459,0.0
2020-12-17,0.01044345355636702,0.0
2020-12-18,0.0021635913256369435,0.0
2020-12-21,-0.004141301699314493,0.0
2021-01-08,0.0031874587807994015,0.38451843089593635
2021-01-11,-0.0005200577334824348,0.0
2021-01-12,0.0030178695831736403,0.0
2021-01-13,-0.0051147893201578445,0.0
2021-01-14,-0.0007341379300359529,0.0
2021-01-15,-0.006599464274109078,0.0
2021-01-19,0.010074739364784643,0.0
2021-01-20,0.00933787890420699,0.0
2021-01-21,-0.001653735058196243,0.0
2021-01-22,-0.0043319550310714165,0.0
2021-01-25,-0.0010597730286385286,0.0
2021-01-26,-0.007625608995746662,0.0
2021-01-27,-0.03147370656503525,0.0
2021-01-28,0.014692584030718901,0.0
2021-01-29,-0.01521535993179941,0.0
2021-02-01,0.01579740000068819,0.2887103949185419
2021-02-02,0.013817826859248058,0.0
2021-02-03,-0.005631733893768401,0.0
2021-02-04,0.009693526347584797,0.0
2021-02-05,0.008702348581303957,0.0
2021-02-08,0.012108376705361534,0.0
2021-02-09,0.0003424425148146484,0.0
2021-02-10,0.0007665840597706003,0.0
2021-02-11,0.005430801370251198,0.0
2021-02-12,0.008742942058646293,0.0
2021-02-16,-0.0008871187901904404,0.0
2021-02-17,-0.005503914702599903,0.0
2021-02-18,-0.007854413667096105,0.0
2021-02-19,0.006106214111694227,0.0
2021-02-22,-0.011335597746475065,0.0
2021-02-23,-0.002230485097933033,0.0
2021-02-24,0.012578645676633034,0.0
2021-02-25,-0.026000913973272463,0.0
2021-02-26,0.0002292624433556207,0.0
2021-03-01,0.02313336375561814,0.5595441351080948
2021-03-02,-0.009211735931006361,0.0
2021-03-03,-0.020093038346732303,0.0
2021-03-04,-0.020753103398114606,0.0
2021-03-05,0.022743311534344716,0.0
2021-03-08,-0.00944641687309754,0.0
2021-03-09,0.018418108056076302,0.0
2021-03-10,0.005492341896430776,0.0
2021-03-11,0.01513171371940886,0.0
2021-03-12,0.00022219732989376713,0.0
2021-03-15,0.010782801938360984,0.0
2021-03-16,-0.003155671753139255,0.0
2021-03-17,0.0038280964136753626,0.0
2021-03-18,-0.01495823855574821,0.0
2021-03-19,0.005569401452136872,0.0
2021-03-22,0.009268737527501795,0.0
2021-03-23,-0.020748818864328188,0.0
2021-03-24,-0.010303651409098176,0.0
2021-03-25,0.007313915234047523,0.0
2021-03-26,0.024478580419630483,0.0
2021-03-29,-0.004368953261954464,0.0
2021-03-30,-0.001750170427808456,0.0
2021-03-31,0.005188971212448235,0.0
2021-04-01,0.010100231234275059,1.1002626887454434
2021-04-05,0.007977610329170735,0.0
2021-04-06,0.003129347582670447,0.0
2021-04-07,-0.005220301033956905,0.0
2021-04-08,0.002839443622778297,0.0
2021-04-09,0.007153355544278749,0.0
2021-04-12,-0.0005777780461150984,0.0
2021-04-13,-0.005318658591377669,0.0
2021-04-14,0.003464533818940738,0.0
2021-04-15,0.004224845525914445,0.0
2021-04-16,0.002540055654832204,0.0
2021-04-19,-0.007437910997857416,0.0
2021-04-20,-0.020299320424160168,0.0
2021-04-21,0.019781959275902775,0.0
2021-04-22,-0.009176166573881418,0.0
2021-04-23,0.0174331230868884,0.0
2021-04-26,0.008093664905777238,0.0
2021-04-27,0.003983397375390834,0.0
2021-04-28,0.002294627634944706,0.0
2021-04-29,0.004341522021496114,0.0
2021-04-30,-0.013401131985330828,0.0
2021-05-03,0.004012653559939627,0.5251902770985245
2021-05-04,-0.0025144732629769242,0.0
2021-05-05,0.009504633115354408,0.0
2021-05-06,0.0037671532508361796,0.0
2021-05-07,0.01651056561429297,0.0
2021-05-10,-0.010128622196874701,0.0
2021-05-11,-0.013651567574168045,0.0
2021-05-12,-0.030968660020382895,0.0
2021-05-13,0.016078959671306018,0.0
2021-05-14,0.025084912216508062,0.0
2021-05-17,0.0024708256888376075,0.0
2021-05-18,-0.012670056359508537,0.0
2021-05-19,-0.008632228641052102,0.0
2021-05-20,0.004109260104749296,0.0
2021-05-21,0.002202726873299601,0.0
2021-05-24,0.009931870861918147,0.0
2021-05-25,-0.005616782391318239,0.0
2021-05-26,0.010998751114289227,0.0
2021-05-27,0.013795248894950603,0.0
2021-05-28,-0.002861467790544521,0.0
2021-06-01,0.011464038547517097,0.423714266759487
2021-06-02,-0.004194264946020269,0.0
2021-06-03,-0.003640594725658776,0.0
2021-06-04,0.0027135211371665004,0.0
2021-06-07,-0.0027340689142147617,0.0
2021-06-08,0.004810889454037918,0.0
2021-06-09,-0.012269115194535843,0.0
2021-06-10,-0.010102494940514638,0.0
2021-06-11,0.006953406888806864,0.0
2021-06-14,-0.011704589584493828,0.0
2021-06-15,0.0023767649746669647,0.0
2021-06-16,-0.005223246572300246,0.0
2021-06-17,-0.023736822194053105,0.0
2021-06-18,-0.019047926493005067,0.0
2021-06-21,0.02506157752437426,0.0
2021-06-22,0.0007902141314332378,0.0
2021-06-23,0.003936114399301762,0.0
2021-06-24,0.009060723476147548,0.0
2021-06-25,0.006760553682810498,0.0
2021-06-28,-0.010713469390142935,0.0
2021-06-29,-0.0006277979682790275,0.0
2021-06-30,0.006137290925222437,0.0
2021-07-01,0.006197355103715996,0.4010953823178279
2021-07-02,-0.00045596555151909473,0.0
2021-07-06,-0.015932607099796797,0.0
2021-07-07,0.0017812044494660362,0.0
2021-07-08,-0.015086914038323651,0.0
2021-07-09,0.024944965496530695,0.0
2021-07-12,0.005642665211471642,0.0
2021-07-13,-0.014648878315490438,0.0
2021-07-14,-0.004547167249398886,0.0
2021-07-15,-0.005120420206272781,0.0
2021-07-16,-0.018658548038683446,0.0
2021-07-19,-0.023801315371904545,0.0
2021-07-20,0.028415840641281907,0.0
2021-07-21,0.018736272436756005,0.0
2021-07-22,-0.007722834917811358,0.0
2021-07-23,0.0075659749008203485,0.0
2021-07-26,0.00710718385532151,0.0
2021-07-27,-0.006201231571642854,0.0
2021-07-28,0.001891773744705918,0.0
2021-07-29,0.012682912904201843,0.0
2021-07-30,-0.004617663248058594,0.0
2021-08-02,-0.004022487102528838,0.43458313834159024
2021-08-03,0.013070676293377808,0.0
2021-08-04,-0.012468360114460167,0.0
2021-08-05,0.014697787392486353,0.0
2021-08-06,0.008026015631392337,0.0
2021-08-09,-0.004800258402424739,0.0
2021-08-10,0.009987652827468298,0.0
2021-08-11,0.010429818161973985,0.0
2021-08-12,-0.0018678248021969004,0.0
2021-08-13,-0.005450467082849266,0.0
2021-08-16,-0.005578222583507047,0.0
2021-08-17,-0.018100470887078383,0.0
2021-08-18,-0.010169500028481989,0.0
2021-08-19,-0.010229922226978428,0.0
2021-08-20,0.008474946377426774,0.0
2021-08-23,0.01416296611306143,0.0
2021-08-24,0.011052588162779231,0.0
2021-08-25,0.01117634950256632,0.0
2021-08-26,-0.010937780071298541,0.0
2021-08-27,0.01804358118403749,0.0
2021-08-30,-0.00804409444837183,0.0
2021-08-31,-0.0067753612558078815,0.0
2021-09-01,-0.004673605796468916,0.47876518565888526
2021-09-02,0.006251691965105419,0.0
2021-09-03,-0.0036115187897982305,0.0
2021-09-07,-0.008826372188015286,0.0
2021-09-08,-0.005161511970186097,0.0
2021-09-09,0.0016062766198542482,0.0
2021-09-10,-0.005977245090977216,0.0
2021-09-13,0.0048784129318650326,0.0
2021-09-14,-0.008789820249879676,0.0
2021-09-15,0.011506376004450088,0.0
2021-09-16,-0.0008617773812854765,0.0
2021-09-17,-0.009767651147712605,0.0
2021-09-20,-0.01882058170106618,0.0
2021-09-21,-0.003420088270119145,0.0
2021-09-22,0.016954204881008385,0.0
2021-09-23,0.021990281625426787,0.0
2021-09-24,0.0013715297508637013,0.0
2021-09-27,0.004336246012294977,0.0
2021-09-28,-0.017113128687039163,0.0
2021-09-29,-0.0023587957084016745,0.0
2021-09-30,-0.01736067823488377,0.0
2021-10-01,0.017747211686055087,0.5145760063377791
2021-10-04,-0.007963274176950225,0.0
2021-10-05,0.011970631686595817,0.0
2021-10-06,-0.003519691747477885,0.0
2021-10-07,0.009879270689547998,0.0
2021-10-08,-0.0017677064166132612,0.0
2021-10-11,-0.005853674039206003,0.0
2021-10-12,0.0003862903158423805,0.0
2021-10-13,0.0008866081696773065,0.0
2021-10-14,0.019058805917437367,0.0
2021-10-15,0.0038083232532538707,0.0
2021-10-18,0.004524763509506136,0.0
2021-10-19,0.0028487827395740494,0.0
2021-10-20,0.0072365507981626675,0.0
2021-10-21,-0.0006072641413249684,0.0
2021-10-22,0.005567405471093481,0.0
2021-10-25,0.0032565818619703373,0.0
2021-10-26,-0.00202398505483229,0.0
2021-10-27,-0.014691982093340753,0.0
2021-10-28,0.01577962305464812,0.0
2021-10-29,-0.0028678666029093598,0.0
2021-11-01,0.007862626449572696,0.4713666059517654
2021-11-02,0.0038301198865252645,0.0
2021-11-03,0.00840598585934146,0.0
2021-11-04,-0.0012886389019100778,0.0
2021-11-05,0.013418262640636329,0.0
2021-11-08,0.003095670880324969,0.0
2021-11-09,-0.0012958668748113975,0.0
2021-11-10,-0.012524604818651313,0.0
2021-11-11,0.005704339284027163,0.0
2021-11-12,0.002690049332102017,0.0
2021-11-15,0.0020650045749852058,0.0
2021-11-16,-0.00041038230007160064,0.0
2021-11-17,-0.007588010647646328,0.0
2021-11-18,-0.0009763853633087335,0.0
2021-11-19,-0.012379226546405938,0.0
2021-11-22,0.0036088537277817454,0.0
2021-11-23,0.009174372052598002,0.0
2021-11-24,0.0026391858935993625,0.0
2021-11-26,-0.03922782886254866,0.0
2021-11-29,0.010730969990679746,0.0
2021-11-30,-0.027887576353274435,0.0
2021-12-01,-0.018364148787956336,0.581329533554451
2021-12-02,0.027839647324153963,0.0
2021-12-03,-0.014057542202710518,0.0
2021-12-06,0.012375544884961696,0.0
2021-12-07,0.025869777710144856,0.0
2021-12-08,0.001278605659615753,0.0
2021-12-09,-0.010617386879492895,0.0
2021-12-10,0.009067900757217815,0.0
2021-12-13,-0.01552740357644903,0.0
2021-12-14,-0.008086938005939797,0.0
2021-12-15,0.012903787030287137,0.0
2021-12-16,-0.005601517295623844,0.0
2021-12-17,-0.010924704687284684,0.0
2021-12-20,-0.01675161142485112,0.0
2022-01-11,0.012622268388097435,0.442503863039044
2022-01-12,0.0023552470139106777,0.0
2022-01-13,-0.013443944859328228,0.0
2022-01-14,-0.004176607580690212,0.0
2022-01-18,-0.01947257570011008,0.0
2022-01-19,-0.012489402522836094,0.0
2022-01-20,-0.014270075586957231,0.0
2022-01-21,-0.017889063683886593,0.0
2022-01-24,0.011136167297497262,0.0
2022-01-25,-0.012488341945573817,0.0
2022-01-26,-0.007379111221525414,0.0
2022-01-27,-0.006640502776801909,0.0
2022-01-28,0.02109440560710273,0.0
2022-01-31,0.020499460778075042,0.0
2022-02-01,0.010459074264964174,0.3133808781461995
2022-02-02,0.013061707515536047,0.0
2022-02-03,-0.025277090102641266,0.0
2022-02-04,0.0007538077583114605,0.0
2022-02-07,-0.0016921375305717797,0.0
2022-02-08,0.007826582784611095,0.0
2022-02-09,0.019213882616459274,0.0
2022-02-10,-0.018552425903317075,0.0
2022-02-11,-0.017524773869214534,0.0
2022-02-14,-0.011255203416318455,0.0
2022-02-15,0.016150172563201677,0.0
2022-02-16,0.002709473700082717,0.0
2022-02-17,-0.021662958355347345,0.0
2022-02-18,-0.004583690411449758,0.0
2022-02-22,-0.012474200898540348,0.0
2022-02-23,-0.01745005841630609,0.0
2022-02-24,0.016688241826851663,0.0
2022-02-25,0.02772441586846776,0.0
2022-02-28,-0.0015830371652366464,0.0
2022-03-01,-0.019542961825452565,0.5389036314775283
2022-03-02,0.023844002634966617,0.0
2022-03-03,0.0019203101586361031,0.0
2022-03-04,0.0003919589683091206,0.0
2022-03-07,-0.023239324623916695,0.0
2022-03-08,-0.006821884922012987,0.0
2022-03-09,0.018052850597803656,0.0
2022-03-10,0.002634124273820783,0.0
2022-03-11,-0.009555556156489078,0.0
2022-03-14,-0.00388011475149896,0.0
2022-03-15,0.012839973203162054,0.0
2022-03-16,0.013295756304457899,0.0
2022-03-17,0.015023948125882067,0.0
2022-03-18,0.006731904676096779,0.0
2022-03-21,0.0036561168864068135,0.0
2022-03-22,0.0049272706577941534,0.0
2022-03-23,-0.008447455101130876,0.0
2022-03-24,0.01094651238897788,0.0
2022-03-25,0.009792013940403346,0.0
2022-03-28,-0.000593981980742776,0.0
2022-03-29,0.011368115356854537,0.0
2022-03-30,-0.00484371787323211,0.0
2022-03-31,-0.013496458633297133,0.0
2022-04-01,0.0019953983891989324,0.653364663150417
2022-04-04,0.0007895163355763847,0.0
2022-04-05,-0.008467362367554377,0.0
2022-04-06,0.000961046194961084,0.0
2022-04-07,0.011085415421258562,0.0
2022-04-08,0.0025654996820597795,0.0
2022-04-11,-0.017151140956799163,0.0
2022-04-12,-0.0017916809332642904,0.0
2022-04-13,0.009114002141878564,0.0
2022-04-14,-0.007979382891086547,0.0
2022-04-18,-0.0020748637113077537,0.0
2022-04-19,0.01216396298738651,0.0
2022-04-20,0.009637713166426864,0.0
2022-04-21,-0.02041308101668884,0.0
2022-04-22,-0.030175100148448996,0.0
2022-04-25,-0.0008152017704950029,0.0
2022-04-26,-0.020359953723418395,0.0
2022-04-27,0.0015599203204638154,0.0
2022-04-28,0.01841641944956093,0.0
2022-04-29,-0.033579177394499615,0.0
2022-05-02,-0.0030707962203184724,0.5045528493994333
2022-05-03,0.009741369099988656,0.0
2022-05-04,0.027166088014159512,0.0
2022-05-05,-0.0271184466263919,0.0
2022-05-06,-0.001337698950880645,0.0
2022-05-09,-0.04322102749421085,0.0
2022-05-10,0.0029199478025858003,0.0
2022-05-11,-0.013974866700679645,0.0
2022-05-12,0.000522923887399109,0.0
2022-05-13,0.026481651506001243,0.0
2022-05-16,4.240677139566353e-05,0.0
2022-05-17,0.014883876069441965,0.0
2022-05-18,-0.0375260132289081,0.0
2022-05-19,0.0006287336593497633,0.0
2022-05-20,0.0022665524827829215,0.0
2022-05-23,0.016649303574564955,0.0
2022-05-24,-0.0007157475186124902,0.0
2022-05-25,0.00787605223150257,0.0
2022-05-26,0.01729693201845715,0.0
2022-05-27,0.025208621067141834,0.0
2022-05-31,-0.01226812224938052,0.0
2022-06-01,-0.008009222321258003,0.47827467502251936
2022-06-02,0.014126353304567293,0.0
2022-06-03,-0.009274631818876238,0.0
2022-06-06,0.0013084365638996488,0.0
2022-06-07,0.011821471689856164,0.0
2022-06-08,-0.015028827650757184,0.0
2022-06-09,-0.021491825010078763,0.0
2022-06-10,-0.017798193557135238,0.0
2022-06-13,-0.03944497835688372,0.0
2022-06-14,-0.004336617096784562,0.0
2022-06-15,0.005631779887524329,0.0
2022-06-16,-0.03091457609809123,0.0
2022-06-17,-0.004346353053282397,0.0
2022-06-21,0.025262053975196486,0.0
2022-06-22,-0.009384904900605872,0.0
2022-06-23,0.008714381345389904,0.0
2022-06-24,0.024608370155639457,0.0
2022-06-27,0.005723863827309683,0.0
2022-06-28,-0.010927135144520709,0.0
2022-06-29,-0.0037051435370978126,0.0
2022-06-30,-0.0026052608274698534,0.0
2022-07-01,0.010090640686946761,0.443597189774549
2022-07-05,-0.01747187927642668,0.0
2022-07-06,0.004374289286561995,0.0
2022-07-07,0.012000013806582468,0.0
2022-07-08,0.00037306923691571823,0.0
2022-07-11,-0.004894767535858873,0.0
2022-07-12,-0.011803524602783501,0.0
2022-07-13,-0.003784740965679393,0.0
2022-07-14,-0.005935162617117582,0.0
2022-07-15,0.014880049161679492,0.0
2022-07-18,-0.0061985437630147616,0.0
2022-07-19,0.022876089910176218,0.0
2022-07-20,-0.0003813050817738598,0.0
2022-07-21,0.0057697706316923066,0.0
2022-07-22,-0.003320412486813548,0.0
2022-07-25,0.010887960600147737,0.0
2022-07-26,-0.0021336759693376325,0.0
2022-07-27,0.01795153199026015,0.0
2022-07-28,0.015741073503106974,0.0
2022-07-29,0.011916313485402084,0.0
2022-08-01,-0.005273574429617511,0.394769257804922
2022-08-02,-0.0029452354130583914,0.0
2022-08-03,0.001618230597510778,0.0
2022-08-04,-0.007156346039304478,0.0
2022-08-05,0.0060340047692492675,0.0
2022-08-08,0.0027430695568769203,0.0
2022-08-09,0.00608102561936657,0.0
2022-08-10,0.009971489156271291,0.0
2022-08-11,0.0033040572754230143,0.0
2022-08-12,0.01461030100329212,0.0
2022-08-15,0.0030921813548016076,0.0
2022-08-16,0.001987012153908791,0.0
2022-08-17,-0.0011691997418986297,0.0
2022-08-18,0.006306743614943192,0.0
2022-08-19,-0.0036880697023728513,0.0
2022-08-22,-0.011732636434393552,0.0
2022-08-23,5.001311881030544e-05,0.0
2022-08-24,0.005411477915195077,0.0
2022-08-25,0.008641004908438565,0.0
2022-08-26,-0.022196846807103585,0.0
2022-08-29,-0.0007231906452528474,0.0
2022-08-30,-0.014979576864409809,0.0
2022-08-31,-0.00784062173174618,0.0
2022-09-01,0.0008006701360594448,0.3839048419119322
2022-09-02,-0.004369257455609453,0.0
2022-09-06,-0.003101690713421826,0.0
2022-09-07,0.01684317050246252,0.0
2022-09-08,0.002888723821463112,0.0
2022-09-09,0.01073582152041827,0.0
2022-09-12,0.007024851050857911,0.0
2022-09-13,-0.031668441589272595,0.0
2022-09-14,0.005015417569663292,0.0
2022-09-15,-0.013914237643926599,0.0
2022-09-16,-0.005197411909116029,0.0
2022-09-19,0.0061993338578309595,0.0
2022-09-20,-0.017767233765950723,0.0
2022-09-21,-0.01278179016424119,0.0
2022-09-22,-0.006331939566147293,0.0
2022-09-23,-0.02263907063338466,0.0
2022-09-26,-0.015360410248411324,0.0
2022-09-27,-0.0027039540064491925,0.0
2022-09-28,0.02154336580890982,0.0
2022-09-29,-0.01840259441432731,0.0
2022-09-30,-0.010569225781041074,0.0
2022-10-03,0.029087671571115692,0.33022704817643134
2022-10-04,0.01882888233706318,0.0
2022-10-05,-0.005192125511921572,0.0
2022-10-06,-0.012195544390942666,0.0
2022-10-07,-0.016114645179033105,0.0
2022-10-10,-0.001397241725138491,0.0
2022-10-11,-0.0004712990458274234,0.0
2022-10-12,-0.009110985215301227,0.0
2022-10-13,0.024570621640505937,0.0
2022-10-14,-0.025029467426250902,0.0
2022-10-17,0.01790441625728212,0.0
2022-10-18,0.01577085820549233,0.0
2022-10-19,-0.0035030415564209945,0.0
2022-10-20,-0.010561405179995176,0.0
2022-10-21,0.023262517885565277,0.0
2022-10-24,0.01096043785949112,0.0
2022-10-25,0.011692832787966376,0.0
2022-10-26,0.005093533384795381,0.0
2022-10-27,0.006811903586931614,0.0
2022-10-28,0.019745718468649465,0.0
2022-10-31,-0.002308537135087263,0.0
2022-11-01,0.000743150775209811,0.41497600193797773
2022-11-02,-0.018016898702495662,0.0
2022-11-03,0.0033792249980962655,0.0
2022-11-04,0.006384731610588225,0.0
2022-11-07,0.0035247286873407125,0.0
2022-11-08,0.0064901028457195736,0.0
2022-11-09,-0.01738270780019486,0.0
2022-11-10,0.030931264863947594,0.0
2022-11-11,-0.010135941605489534,0.0
2022-11-14,-0.004039353596389404,0.0
2022-11-15,0.006048027837624145,0.0
2022-11-16,0.00032222308522013255,0.0
2022-11-17,-0.002262585023464045,0.0
2022-11-18,0.009786461322127012,0.0
2022-11-21,0.003477314160470848,0.0
2022-11-22,0.010814971437721208,0.0
2022-11-23,0.0013439631443612355,0.0
2022-11-25,0.0038791674664000555,0.0
2022-11-28,-0.01173869480209053,0.0
2022-11-29,-0.0004530519823888655,0.0
2022-11-30,0.020088877294642447,0.0
2022-12-01,-0.0033649448511264834,0.3231396861205571
2022-12-02,0.003734013001657156,0.0
2022-12-05,-0.014440432043051656,0.0
2022-12-06,-0.008977678081864542,0.0
2022-12-07,0.0013456047049036194,0.0
2022-12-08,0.0010574194276648597,0.0
2022-12-09,-0.012661703624230834,0.0
2022-12-12,0.014315921164382042,0.0
2022-12-13,6.127939344171404e-05,0.0
2022-12-14,-0.002276773278800461,0.0
2022-12-15,-0.014132526334373353,0.0
2022-12-16,-0.009032499850381875,0.0
2022-12-19,-0.004045557599844287,0.0
2022-12-20,0.0030903671391084905,0.0
2022-12-21,0.013677933461034006,0.0
2022-12-22,-0.00962374187029613,0.0
2023-01-05,-0.005599233389993685,0.2965079469261072
2023-01-06,0.02118148770088203,0.0
2023-01-09,-0.005482173399325838,0.0
2023-01-10,0.004535172930244862,0.0
2023-01-11,0.005936677362210033,0.0
2023-01-12,0.0019388725781005886,0.0
2023-01-13,0.0012007421436534696,0.0
2023-01-17,-0.0035810991903224816,0.0
2023-01-18,-0.017677152815302227,0.0
2023-01-19,-0.005573920756241666,0.0
2023-01-20,0.009371082089804389,0.0
2023-01-23,0.004426932037148365,0.0
2023-01-24,0.0032274601648205753,0.0
2023-01-25,0.002446296246975224,0.0
2023-01-26,0.008780319462975191,0.0
2023-01-27,-0.005247040776462703,0.0
2023-01-30,-0.006516817078249815,0.0
2023-01-31,0.01101138031925077,0.0
2023-02-01,-0.0021251487578204387,0.31982660025791887
2023-02-02,-0.008841365933871356,0.0
2023-02-03,-0.005715581209823378,0.0
2023-02-06,0.0012299031802877067,0.0
2023-02-07,0.007249416269718216,0.0
2023-02-08,-0.00586250885835833,0.0
2023-02-09,-0.007244046134252254,0.0
2023-02-10,0.014601310438337747,0.0
2023-02-13,0.00628951684009799,0.0
2023-02-14,-0.004399004304860284,0.0
2023-02-15,-8.56589219592814e-05,0.0
2023-02-16,-0.008241382569257397,0.0
2023-02-17,-0.0012909547580363886,0.0
2023-02-21,-0.011573197124682766,0.0
2023-02-22,-0.0016109190313699077,0.0
2023-02-23,0.002946539620080663,0.0
2023-02-24,-0.004261811971325526,0.0
2023-02-27,0.0016072226263354832,0.0
2023-02-28,-0.007942318249937578,0.0
2023-03-01,0.0002600866661708334,0.30662230391166223
2023-03-02,0.008958704491997017,0.0
2023-03-03,0.010877423819755181,0.0
2023-03-06,-0.0005853723520694907,0.0
2023-03-07,-0.013222084403718132,0.0
2023-03-08,-0.0012519173391403022,0.0
2023-03-09,-0.015850691977982542,0.0
2023-03-10,-0.014872595585198631,0.0
2023-03-13,-0.005660353995886639,0.0
2023-03-14,0.011153525885806027,0.0
2023-03-15,-0.018529015049350832,0.0
2023-03-16,0.010096159003661724,0.0
2023-03-17,-0.016835018903907085,0.0
2023-03-20,0.016172856795923344,0.0
2023-03-21,0.010409926679670167,0.0
2023-03-22,-0.017196902233954724,0.0
2023-03-23,-0.004862755928972505,0.0
2023-03-24,0.009382340921635871,0.0
2023-03-27,0.008019857460973343,0.0
2023-03-28,0.004509557671844407,0.0
2023-03-29,0.01088411155330959,0.0
2023-03-30,0.003192773820848293,0.0
2023-03-31,0.01197594768375964,0.0
2023-04-03,0.00856935376572121,0.6136615099978217
2023-04-04,-0.014911280975112875,0.0
2023-04-05,-0.0020416279028898435,0.0
2023-04-06,-0.002282873552899795,0.0
2023-04-10,0.006847665734702475,0.0
2023-04-11,0.005832995237093938,0.0
2023-04-12,-0.00011828559167468598,0.0
2023-04-13,0.0066491457879319545,0.0
2023-04-14,-0.0018183701631084039,0.0
2023-04-17,0.004230565733480978,0.0
2023-04-18,0.003270866054911974,0.0
2023-04-19,-0.004260999802095471,0.0
2023-04-20,-0.0004478202289033622,0.0
2023-04-21,-0.0018659631477790802,0.0
2023-04-24,0.0047644518839526995,0.0
2023-04-25,-0.012593118662577066,0.0
2023-04-26,-0.012791352473056867,0.0
2023-04-27,0.015776512087464303,0.0
2023-04-28,0.007821132826086825,0.0
2023-05-01,0.0004245013361963146,0.4921906027062513
2023-05-02,-0.009204120859375707,0.0
2023-05-03,-0.0071446514369131586,0.0
2023-05-04,-0.008369536066267535,0.0
2023-05-05,0.014277399044382563,0.0
2023-05-08,-0.00035030682343057827,0.0
2023-05-09,-0.0018769878230950328,0.0
2023-05-10,0.001308570834622224,0.0
2023-05-11,-0.0032897100193582905,0.0
2023-05-12,0.0015098962505367226,0.0
2023-05-15,0.0051383297896373924,0.0
2023-05-16,-0.010633344200379372,0.0
2023-05-17,0.011739318172589384,0.0
2023-05-18,0.0081792652137734,0.0
2023-05-19,-0.002118637456708086,0.0
2023-05-22,-0.0029365408434463705,0.0
2023-05-23,-0.014201103450688654,0.0
2023-05-24,-0.008856535186211914,0.0
2023-05-25,0.007983075773199,0.0
2023-05-26,0.008040729537308403,0.0
2023-05-30,-0.00233620736934677,0.0
2023-05-31,-0.010973233904780897,0.0
2023-06-01,0.007370445351400745,0.5430473723693807
2023-06-02,0.019564039947063815,0.0
2023-06-05,-0.002329274782436811,0.0
2023-06-06,0.0015743370802701027,0.0
2023-06-07,0.0006208456802666341,0.0
2023-06-08,0.005622376726164707,0.0
2023-06-09,0.00024468991918256744,0.0
2023-06-12,0.006768209524961892,0.0
2023-06-13,0.008906219973244008,0.0
2023-06-14,0.0009790071120960012,0.0
2023-06-15,0.011065248433656267,0.0
2023-06-16,-0.0033686474042346182,0.0
2023-06-20,-0.006477146899541215,0.0
2023-06-21,0.0010557459643534125,0.0
2023-06-22,-0.0011951014742077374,0.0
2023-06-23,-0.00596339706223935,0.0
2023-06-26,0.0019832606248525388,0.0
2023-06-27,0.012594710170674225,0.0
2023-06-28,-0.0018034281962052488,0.0
2023-06-29,0.006142250455118518,0.0
2023-06-30,0.011069522796562935,0.0
2023-07-03,-0.003304377269513603,0.424878469454606
2023-07-05,-0.006057847470316728,0.0
2023-07-06,-0.008921925033211313,0.0
2023-07-07,-0.0013860520799513594,0.0
2023-07-10,0.014921974898758225,0.0
2023-07-11,0.005495963538750782,0.0
2023-07-12,0.004811568390145862,0.0
2023-07-13,0.005085098883087989,0.0
2023-07-14,-0.0014239588461435364,0.0
2023-07-17,0.00570177600931766,0.0
2023-07-18,0.004718988313415164,0.0
2023-07-19,-0.0021393573499816926,0.0
2023-07-20,-0.005024754558741124,0.0
2023-07-21,0.00035162834207867896,0.0
2023-07-24,-0.000673561977403171,0.0
2023-07-25,0.004422074635354514,0.0
2023-07-26,-0.0030079957889099034,0.0
2023-07-27,-0.005908204267145052,0.0
2023-07-28,0.005968424064380903,0.0
2023-07-31,0.002821722792785272,0.0
2023-08-01,-0.0033036581379385366,0.37948136518747866
2023-08-02,-0.012362281536182223,0.0
2023-08-03,-0.003911246557665223,0.0
2023-08-04,-0.00574747928517407,0.0
2023-08-07,0.011724127645237203,0.0
2023-08-08,-0.004905392632164826,0.0
2023-08-09,-0.00537749741576564,0.0
2023-08-10,-0.003345128374814213,0.0
2023-08-11,-0.002268690729863237,0.0
2023-08-14,0.00570564496321678,0.0
2023-08-15,-0.010000656813271308,0.0
2023-08-16,-0.008771811571752412,0.0
2023-08-17,-0.01212574364401469,0.0
2023-08-18,0.0019875110061481627,0.0
2023-08-21,0.004038159433856107,0.0
2023-08-22,-0.0012039562489730507,0.0
2023-08-23,0.011050073313201389,0.0
2023-08-24,-0.01437246360720669,0.0
2023-08-25,0.007371290162907691,0.0
2023-08-28,0.000266559426251201,0.0
2023-08-29,0.013140592780472433,0.0
2023-08-30,0.004145764117431387,0.0
2023-08-31,-0.0019811175751718022,0.0
2023-09-01,0.00476518835803974,0.37355030301773184
2023-09-05,-0.011730294781603798,0.0
2023-09-06,0.0013534703632254235,0.0
2023-09-07,-0.004265580432847553,0.0
2023-09-08,0.00019189378029908175,0.0
2023-09-11,0.0026594394451101436,0.0
2023-09-12,-0.005883817957205746,0.0
2023-09-13,-0.005732901032091958,0.0
2023-09-14,0.009595659776836055,0.0
2023-09-15,-0.013146899490567604,0.0
2023-09-18,0.0021122972359990397,0.0
2023-09-19,-0.0032864373437071076,0.0
2023-09-20,-0.006173645870314878,0.0
2023-09-21,-0.018304507451537135,0.0
2023-09-22,-0.0005144386465146615,0.0
2023-09-25,0.0038889707513728314,0.0
2023-09-26,-0.012335292125446096,0.0
2023-09-27,0.005293827754662448,0.0
2023-09-28,0.010021546379971108,0.0
2023-09-29,-0.007908435376444577,0.0
2023-10-02,-0.007072623367889164,0.42525828009602573
2023-10-03,-0.021519659777886238,0.0
2023-10-04,0.008580349776993896,0.0
2023-10-05,-0.0034446408340270715,0.0
2023-10-06,0.012910444475483751,0.0
2023-10-09,0.005807572424929321,0.0
2023-10-10,0.007893915848543986,0.0
2023-10-11,0.0034273008739059345,0.0
2023-10-12,-0.009530698502007972,0.0
2023-10-13,-0.008540263876831742,0.0
2023-10-16,0.011888056208548357,0.0
2023-10-17,0.003746270611644562,0.0
2023-10-18,-0.018742905482290205,0.0
2023-10-19,-0.010096010187661542,0.0
2023-10-20,-0.012969790057256297,0.0
2023-10-23,-0.0016557888136197595,0.0
2023-10-24,0.006012434424083056,0.0
2023-10-25,-0.01698734433005912,0.0
2023-10-26,-0.006121740119641138,0.0
2023-10-27,-0.0058511641149476745,0.0
2023-10-30,0.00842403637973856,0.0
2023-10-31,0.0072356551353425155,0.0
2023-11-01,0.009620981957535246,0.38892804444435464
2023-11-02,0.01991004703317374,0.0
2023-11-03,0.014264928253525145,0.0
2023-11-06,3.164740527364829e-05,0.0
2023-11-07,-0.000853550010676764,0.0
2023-11-08,0.0031826065739729596,0.0
2023-11-09,-0.005590513721386999,0.0
2023-11-10,0.017886877410099138,0.0
2023-11-13,0.0008684213636141736,0.0
2023-11-14,0.023893120590549745,0.0
2023-11-15,-0.0003592862634014708,0.0
2023-11-16,-0.0011742090187272223,0.0
2023-11-17,0.004551372730882263,0.0
2023-11-20,0.006409843394539734,0.0
2023-11-21,-0.0019031997799707912,0.0
2023-11-22,0.003741676326494524,0.0
2023-11-24,0.0017591536619681932,0.0
2023-11-27,-0.0009011046850503221,0.0
2023-11-28,-0.004415453318425133,0.0
2023-11-29,0.0026496402084596974,0.0
2023-11-30,0.007940406702960383,0.0
2023-12-01,0.008661675124418844,0.5702043778391076
2023-12-04,-0.004472865607823749,0.0
2023-12-05,-0.0057544570022106155,0.0
2023-12-06,-0.003994392252070442,0.0
2023-12-07,0.005614849831428748,0.0
2023-12-08,0.004891530429202628,0.0
2023-12-11,0.010636433948264619,0.0
2023-12-12,0.005382008314923248,0.0
2023-12-13,0.01189864094798631,0.0
2023-12-14,0.00016401151698876718,0.0
2023-12-15,-0.0017206953513033765,0.0
2023-12-18,0.0044898458102896645,0.0
2024-02-02,0.004522957785279003,0.3168496902863722
2024-02-05,-0.0026646233580671507,0.0
2024-02-06,0.0006349345369217929,0.0
2024-02-07,0.008551232110040389,0.0
2024-02-08,0.002446537038101961,0.0
2024-02-09,0.0038193512381518137,0.0
2024-02-12,-0.001035492011865785,0.0
2024-02-13,-0.013550165647303426,0.0
2024-02-14,0.011498926991545654,0.0
2024-02-15,0.007065176085052142,0.0
2024-02-16,-0.006099503856469334,0.0
2024-02-20,-0.004798461965202089,0.0
2024-02-21,0.0034900015437439504,0.0
2024-02-22,0.020751270135880122,0.0
2024-02-23,0.00257285838893448,0.0
2024-02-26,0.0002311368085828648,0.0
2024-02-27,0.0025455099568936707,0.0
2024-02-28,0.0016442321058714492,0.0
2024-02-29,0.006983422923589373,0.0
2024-03-01,0.010767889907446593,0.3969659113170837
2024-03-04,0.0019927492369327194,0.0
2024-03-05,-0.01049893889969526,0.0
2024-03-06,0.006327884578052006,0.0
2024-03-07,0.010378970068406065,0.0
2024-03-08,-0.007403197710992966,0.0
2024-03-11,-0.0025480873955911277,0.0
2024-03-12,0.010039597550756799,0.0
2024-03-13,-0.0027340619392238,0.0
2024-03-14,-0.007185361664233634,0.0
2024-03-15,-0.004653479941973248,0.0
2024-03-18,0.004486957144399048,0.0
2024-03-19,-0.0012377708330890457,0.0
2024-03-20,0.010917013470429133,0.0
2024-03-21,0.008466339032763021,0.0
2024-03-22,-0.0036728183708698327,0.0
2024-03-25,-0.004073811929044534,0.0
2024-03-26,2.1681421579094152e-05,0.0
2024-03-27,0.009842671891494136,0.0
2024-03-28,0.002275511860576246,0.0
2024-04-01,-0.005508685640482236,0.3043252555270931
2024-04-02,-0.010001313872215225,0.0
2024-04-03,0.005356173841188441,0.0
2024-04-04,-0.01340693601731581,0.0
2024-04-05,0.012640359272383604,0.0
2024-04-08,0.0012026691551576233,0.0
2024-04-09,-0.0027137663593863686,0.0
2024-04-10,-0.012947961103432333,0.0
2024-04-11,0.004545256106537932,0.0
2024-04-12,-0.014954086579966547,0.0
2024-04-15,-0.012048478898561896,0.0
2024-04-16,-0.0016332332572178447,0.0
2024-04-17,-0.007302668158286606,0.0
2024-04-18,-0.006116270568406376,0.0
2024-04-19,-0.005802552899566349,0.0
2024-04-22,0.007464526813846208,0.0
2024-04-23,0.013965608153811905,0.0
2024-04-24,0.0020835987215824976,0.0
2024-04-25,0.00026117491566257374,0.0
2024-04-26,0.004905717370580725,0.0
2024-04-29,0.004400964444907891,0.0
2024-04-30,-0.016690513670711643,0.0
2024-05-01,-0.005567392568764262,0.5599521416553943
2024-05-02,0.007034199708638925,0.0
2024-05-03,0.00878973640329809,0.0
2024-05-06,0.013329654753443311,0.0
2024-05-07,0.00036122306453271287,0.0
2024-05-08,0.0007486669204848443,0.0
2024-05-09,0.0075393735275137656,0.0
2024-05-10,0.0022724634449499633,0.0
2024-05-13,-0.003352488549092562,0.0
2024-05-14,0.005491320951814244,0.0
2024-05-15,0.012961500747174035,0.0
2024-05-16,-0.006662470421195636,0.0
2024-05-17,0.002493893616993654,0.0
2024-05-20,0.003416776250563722,0.0
2024-05-21,0.0010715197834037758,0.0
2024-05-22,-0.006967727579208332,0.0
2024-05-23,-0.0096432643242406,0.0
2024-05-24,0.00953416634803922,0.0
2024-05-28,-0.0033322401393359987,0.0
2024-05-29,-0.010360602935031455,0.0
2024-05-30,-0.0008834334337621525,0.0
2024-05-31,0.008193394250237566,0.0
2024-06-03,-0.007713630945886174,0.41439929645047197
2024-06-04,-0.005006284362071247,0.0
2024-06-05,0.013627168133372333,0.0
2024-06-06,-0.004762351121301326,0.0
2024-06-07,-0.001749865970232245,0.0
2024-06-10,0.00534425153411679,0.0
2024-06-11,-0.004374582324977651,0.0
2024-06-12,0.011669398654962502,0.0
2024-06-13,-0.0005846336436201405,0.0
2024-06-14,-0.008261162046731007,0.0
2024-06-17,0.012252859007924818,0.0
2024-06-18,0.005532032589754363,0.0
2024-06-20,-0.003181967544241845,0.0
2024-06-21,-0.0005699679385137771,0.0
2024-06-24,0.0035877487142639596,0.0
2024-06-25,-0.008249031459089303,0.0
2024-06-26,-0.003106322596697201,0.0
2024-06-27,0.0008185640436659037,0.0
2024-06-28,0.0024851918315061334,0.0
2024-07-01,-0.00600532376230789,0.42644810217959545
2024-07-02,0.0062264991185288394,0.0
2024-07-03,0.003736062624103609,0.0
2024-07-05,-0.003936356677373238,0.0
2024-07-08,0.0039183898697857725,0.0
2024-07-09,0.0002804360160127918,0.0
2024-07-10,0.010499143686350337,0.0
2024-07-11,0.003976927026614105,0.0
2024-07-12,0.006320529399439577,0.0
2024-07-15,0.004674911488096971,0.0
2024-07-16,0.014827405224960424,0.0
2024-07-17,-0.018390535802527704,0.0
2024-07-18,-0.0061482556124754055,0.0
2024-07-19,-0.007395882397128645,0.0
2024-07-22,0.014809775940224309,0.0
2024-07-23,-0.0012564501668470784,0.0
2024-07-24,-0.02416230810459726,0.0
2024-07-25,-0.0005181856217087716,0.0
2024-07-26,0.015286843481932932,0.0
2024-07-29,-0.00010269661229153415,0.0
2024-07-30,-0.001710708440225541,0.0
2024-07-31,0.012909371543409525,0.0
2024-08-01,-0.02502607919702704,0.4151956650652527
2024-08-02,-0.028998118167480713,0.0
2024-08-05,-0.02191039019597931,0.0
2024-08-06,0.0153866851328713,0.0
2024-08-07,-0.007769998906146859,0.0
2024-08-08,0.026978666686565185,0.0
2024-08-09,0.005412713306072861,0.0
2024-08-12,-0.001825975059231897,0.0
2024-08-13,0.011324434350820313,0.0
2024-08-14,0.004962160137348112,0.0
2024-08-15,0.015773111247860027,0.0
2024-08-16,0.001122237043447295,0.0
2024-08-19,0.008086783067018571,0.0
2024-08-20,-0.006437282855006365,0.0
2024-08-21,0.007604086783003989,0.0
2024-08-22,-0.004350332390809534,0.0
2024-08-23,0.013313770417786471,0.0
2024-08-26,-0.0025690237422946955,0.0
2024-08-27,0.0021512951568938322,0.0
2024-08-28,-0.0038868656714206983,0.0
2024-08-29,0.003507883706959239,0.0
2024-08-30,0.011364636387049116,0.0
2024-09-03,-0.02686024679796639,0.5586220889049547
2024-09-04,-0.00029421870648358475,0.0
2024-09-05,-0.007011179581068653,0.0
2024-09-06,-0.014927960988960102,0.0
2024-09-09,0.011532655232489947,0.0
2024-09-10,-0.00034391915438759866,0.0
2024-09-11,0.004873613131708317,0.0
2024-09-12,0.008024222198133122,0.0
2024-09-13,0.010038928302429573,0.0
2024-09-16,0.006080667664600681,0.0
2024-09-17,0.002222554848485307,0.0
2024-09-18,-0.0018050116638077755,0.0
2024-09-19,0.014498299817120391,0.0
2024-09-20,-0.0005791662313688966,0.0
2024-09-23,0.005031920165509779,0.0
2024-09-24,-0.0006088481361483423,0.0
2024-09-25,-0.003851926269644284,0.0
2024-09-26,0.005796745137055039,0.0
2024-09-27,-0.000629647606548066,0.0
2024-09-30,0.0040666000108440506,0.0
2024-10-01,-0.005698349250541468,0.5654132696216914
2024-10-02,0.0021958171842572653,0.0
2024-10-03,-0.0036702733054359725,0.0
2024-10-04,0.008179880562016404,0.0
2024-10-07,-0.006381252767308941,0.0
2024-10-08,0.00625919115101603,0.0
2024-10-09,0.007810987039916005,0.0
2024-10-10,-0.0051003608883978535,0.0
2024-10-11,0.012682756505933883,0.0
2024-10-14,0.009272207848224204,0.0
2024-10-15,-0.004811764980080971,0.0
2024-10-16,0.00742424243325719,0.0
2024-10-17,-0.0018201525371654417,0.0
2024-10-18,0.0029263850509922214,0.0
2024-10-21,-0.008193344009258207,0.0
2024-10-22,-0.003038974610560244,0.0
2024-10-23,-0.0019448569821365611,0.0
2024-10-24,1.6461015170536824e-05,0.0
2024-10-25,-0.007949908435829172,0.0
2024-10-28,0.006488399283873288,0.0
2024-10-29,-0.0010979884051595529,0.0
2024-10-30,-0.002249875660271751,0.0
2024-10-31,-0.012862624493991913,0.0
2024-11-01,-0.004147906896014963,0.44210061361728215
2024-11-04,0.0015388111391511266,0.0
2024-11-05,0.0165005176936453,0.0
2024-11-06,0.025232728865937214,0.0
2024-11-07,0.0033514780739854057,0.0
2024-11-08,0.010786263847877432,0.0
2024-11-11,0.003269807554268374,0.0
2024-11-12,-0.008099355404688494,0.0
2024-11-13,-0.0021613286946612917,0.0
2024-11-14,-0.006910266900231947,0.0
2024-11-15,-0.005453079028662639,0.0
2024-11-18,0.0032960759664600603,0.0
2024-11-19,0.00014364087255221418,0.0
2024-11-20,0.0018379630812411798,0.0
2024-11-21,0.012835949831778427,0.0
2024-11-22,0.008093718448742335,0.0
2024-11-25,0.005335435422646223,0.0
2024-11-26,0.004184438417200737,0.0
2024-11-27,-0.004665360223819099,0.0
2024-11-29,0.0039159933876178905,0.0
2024-12-02,-0.006870866974236112,0.3888735134935477
2024-12-03,-0.002323076911796573,0.0
2024-12-04,0.002149398632193558,0.0
2024-12-05,-0.0012167941129303751,0.0
2024-12-06,0.00038478351797775144,0.0
2024-12-09,-0.012567548780200614,0.0
2024-12-10,-0.007360188419040297,0.0
2024-12-11,0.003966143277426547,0.0
2024-12-12,-0.004535795225045192,0.0
2024-12-13,-0.0016494153201058069,0.0
2024-12-16,0.0010908094773897413,0.0
2024-12-17,-0.010773288767530571,0.0
2024-12-18,-0.034593526669190786,0.0
2024-12-19,-0.003917956206986883,0.0
2024-12-20,0.01660956588251082,0.0
2024-12-23,0.0024634744522483154,0.0
2025-03-25,-0.008416216963793466,0.4047566125500116
2025-03-26,-0.009587229631705132,0.0
2025-03-27,-0.009428891164099248,0.0
2025-03-28,-0.018997174945687045,0.0
2025-03-31,0.0073143568997073435,0.0
2025-04-01,0.003659625864200544,0.17842077825566866
2025-04-02,0.013779081972066533,0.0
2025-04-03,-0.06636738633643569,0.0
2025-04-04,-0.061652145675617755,0.0
2025-04-07,-0.0001075727016124649,0.0
2025-04-08,-0.015203684167353472,0.0
2025-04-09,0.09257028547023274,0.0
2025-04-10,-0.03791065565177946,0.0
2025-04-11,0.012149142713324887,0.0
2025-04-14,0.012048669736786059,0.0
2025-04-15,0.0015931207368263286,0.0
2025-04-16,-0.015525231547313226,0.0
2025-04-17,0.0065966061569624045,0.0
2025-04-21,-0.025051258012911935,0.0
2025-04-22,0.030286106590226625,0.0
2025-04-23,0.01584652323927462,0.0
2025-04-24,0.022149265357152614,0.0
2025-04-25,-0.0003578703887289924,0.0
2025-04-28,0.0035620413007616896,0.0
2025-04-29,0.004969561345648573,0.0
2025-04-30,-0.00035024229200376526,0.0
2025-05-01,0.004011721248697864,0.4834508856253997
2025-05-02,0.02015948553402091,0.0
2025-05-05,-0.0018267736635710955,0.0
2025-05-06,-0.0037142895728184693,0.0
2025-05-07,0.004945196293826367,0.0
2025-05-08,0.00590707500066525,0.0
2025-05-09,0.0011092964578776365,0.0
2025-05-12,0.026663970671591024,0.0
2025-05-13,0.006598625547045242,0.0
2025-05-14,-0.002526802866785914,0.0
2025-05-15,0.00691767791550041,0.0
2025-05-16,0.009967040648934724,0.0
2025-05-19,0.0017966147825393465,0.0
2025-05-20,-0.004302882014425715,0.0
2025-05-21,-0.02043423661966507,0.0
2025-05-22,-0.0021453494958180194,0.0
2025-05-23,-0.0016721246644746507,0.0
2025-05-27,0.018499049787930124,0.0
2025-05-28,-0.007346919178776164,0.0
2025-05-29,0.0020431481587253933,0.0
2025-05-30,0.00348458398108453,0.0
2025-06-02,0.0016526822213844827,0.3984160548569119
2025-06-03,0.003724972880327293,0.0
2025-06-04,-0.004234912176270672,0.0
2025-06-05,-0.0007409569736568008,0.0
2025-06-06,0.008604927290971294,0.0
2025-06-09,-0.0037341024552962955,0.0
2025-06-10,-0.00016050808818392144,0.0
2025-06-11,-0.002227074340784763,0.0
2025-06-12,0.003963360905134509,0.0
2025-06-13,-0.01122530618802256,0.0
2025-06-16,0.008228466006015605,0.0
2025-06-17,-0.008519106738468226,0.0
2025-06-18,0.0021182979984084947,0.0
2025-06-20,0.0025935599335289872,0.0
2025-06-23,0.013404743546167459,0.0
2025-06-24,0.007943127061160977,0.0
2025-06-25,-0.006800644010293237,0.0
2025-06-26,0.008304011790392935,0.0
2025-06-27,0.005780184636966302,0.0
2025-06-30,0.008101969255689461,0.0
2025-07-01,-0.0010215435153607677,0.4299442021728762
2025-07-02,0.0030065466917638993,0.0
2025-07-03,0.009930576161918399,0.0
2025-07-07,-0.0054719293257513265,0.0
2025-07-08,-0.0067374580963573665,0.0
2025-07-09,0.002983377718771338,0.0
2025-07-10,0.0036361290304558367,0.0
2025-07-11,-0.006042689867663851,0.0
2025-07-14,0.008268553935211316,0.0
2025-07-15,-0.011616691688606226,0.0
2025-07-16,0.004192809447466105,0.0
2025-07-17,0.008714939560784021,0.0
2025-07-18,0.003448121547525741,0.0
2025-07-21,-0.0015180379239861919,0.0
2025-07-22,0.0030202119348149425,0.0
2025-07-23,0.007300357586349307,0.0
2025-07-24,-0.0005738942958823405,0.0
2025-07-25,0.004043141397230785,0.0
2025-07-28,-0.004255907454944848,0.0
2025-07-29,0.002232240390657476,0.0
2025-07-30,-0.0035621961163279444,0.0
2025-07-31,-0.0034198712789560107,0.0
2025-08-01,-0.014357104355253503,0.4807384141024919
2025-08-04,0.014070072585098466,0.0
2025-08-05,-0.006186755614852104,0.0
2025-08-06,0.001665034404936843,0.0
2025-08-07,-0.006411356361997087,0.0
2025-08-08,0.003672097045848103,0.0
2025-08-11,-0.002678150832467054,0.0
2025-08-12,0.016482043151368475,0.0
2025-08-13,0.006849238525430033,0.0
2025-08-14,-0.005611296603852473,0.0
2025-08-15,-0.0056350155369086765,0.0
2025-08-18,0.00283541094079741,0.0
2025-08-19,-0.0013858206532454936,0.0
2025-08-20,-0.0004382497694918454,0.0
2025-08-21,-0.003363872843765845,0.0
2025-08-22,0.018779201009299275,0.0
2025-08-25,-0.00425475595236466,0.0
2025-08-26,0.0043064332656177,0.0
2025-08-27,0.003836454859701702,0.0
2025-08-28,0.004731804732140408,0.0
2025-08-29,-0.005471197232515817,0.0
2025-09-02,-0.007052161534616408,0.46037796448013524
2025-09-03,0.0017078750110048873,0.0
2025-09-04,0.009455224397413392,0.0
2025-09-05,-0.0017752243025593183,0.0
2025-09-08,0.003157071740508957,0.0
2025-09-09,0.0006553581183233225,0.0
2025-09-10,0.006978302322240046,0.0
2025-09-11,0.013886372987782971,0.0
2025-09-12,-0.0048751168919971945,0.0
2025-09-15,0.004781860142928793,0.0
2025-09-16,-0.006543082730724653,0.0
2025-09-17,0.0015696036913052077,0.0
2025-09-18,0.008551579574533306,0.0
2025-09-19,0.0030444238625275213,0.0
2025-09-22,0.002643209645890253,0.0
2025-09-23,-0.002400554181539144,0.0
2025-09-24,-0.005558479344935405,0.0
2025-09-25,-0.006413299075122661,0.0
2025-09-26,0.007870887612591623,0.0
2025-09-29,0.002995200304362318,0.0
2025-09-30,9.645708742479619e-05,0.0
2025-10-01,-0.0033817089825178837,0.39512862783855396
2025-10-02,0.002802769609970203,0.0
2025-10-03,5.303704130488551e-05,0.0
2025-10-06,0.001002943564988732,0.0
2025-10-07,-0.006082329248802111,0.0
2025-10-08,0.002729046966187509,0.0
2025-10-09,-0.005738816084752371,0.0
2025-10-10,-0.025284808834151365,0.0
2025-10-13,0.013980135764785954,0.0
2025-10-14,0.01002302295589344,0.0
2025-10-15,0.003575040837831566,0.0
2025-10-16,-0.013174531890108476,0.0
2025-10-17,0.0023391735153467084,0.0
2025-10-20,0.008759796467869802,0.0
2025-10-21,0.004414211013812786,0.0
2025-10-22,-0.006794434386605212,0.0
2025-10-23,0.005933152908256212,0.0
2025-10-24,0.0052892448376738455,0.0
2025-10-27,0.004638248004041023,0.0
2025-10-28,-0.008978252270693482,0.0
2025-10-29,-0.0034481235549371045,0.0
2025-10-30,-0.0015474109412316637,0.0
2025-10-31,0.0018760306098377956,0.0
2025-11-03,-0.0002882934233990886,0.5106178984576143
2025-11-04,-0.015261692499673678,0.0
2025-11-05,0.010314639027343612,0.0
2025-11-06,-0.007282314097549085,0.0
2025-11-07,0.007820448163338056,0.0
2025-11-10,0.011673260905499666,0.0
2025-11-11,-0.003224049375806044,0.0
2025-11-12,0.005310963911114794,0.0
2025-11-13,-0.023069794077273255,0.0
2025-11-14,-0.0034346814213168,0.0
2025-11-17,-0.016312510870169057,0.0
2025-11-18,-0.002881790392980042,0.0
2025-11-19,0.004485687699378873,0.0
2025-11-20,-0.020950484278482104,0.0
2025-11-21,0.016085859507663003,0.0
2025-11-24,0.013099683836203855,0.0
2025-11-25,0.013275280252407177,0.0
2025-11-26,0.009814466405673258,0.0
2025-11-28,0.006639845273955773,0.0
2025-12-01,-0.006665675232813251,0.3531817692356933
2025-12-02,0.002777487786672774,0.0
2025-12-03,0.007268634794716272,0.0
2025-12-04,0.0032932258599548065,0.0
2025-12-05,0.00446009043270711,0.0
2025-12-08,-0.0025521603177162304,0.0
2025-12-09,-4.4387708376298165e-05,0.0
2025-12-10,0.01465444177631378,0.0
2025-12-11,0.0075419703120306525,0.0
2025-12-12,-0.015544039163016046,0.0
2025-12-15,0.0006870695226536185,0.0
2025-12-16,-0.0042411477185343,0.0
2025-12-17,-0.012626813701256897,0.0
2025-12-18,0.009128150864176506,0.0
2025-12-19,0.011256082155853789,0.0
2025-12-22,0.009748914656325158,0.0
2026-01-15,0.0023579805440570034,0.34145042154906513
2026-01-16,-0.0019564350804997673,0.0
2026-01-20,-0.01906106468248889,0.0
2026-01-21,0.016043238086922464,0.0
2026-01-22,0.0018445796035651992,0.0
2026-01-23,-0.00629810195288637,0.0
2026-01-26,0.00412171587996526,0.0
2026-01-27,0.0057166534228347814,0.0
2026-01-28,0.00030270242941420733,0.0
2026-01-29,0.001009506610393306,0.0
2026-01-30,-0.011890658850556558,0.0
2026-02-02,0.009363667226123917,0.2704090995832641
2026-02-03,-0.0035291042913119094,0.0
2026-02-04,-0.00844616457203615,0.0
2026-02-05,-0.011729702234730527,0.0
2026-02-06,0.029889408203926465,0.0
2026-02-09,0.007878593305040628,0.0
2026-02-10,-0.0021560902049944813,0.0
2026-02-11,-0.0026451115382058075,0.0
2026-02-12,-0.020905068719989366,0.0
2026-02-13,0.012413074724625123,0.0
2026-02-17,0.0015933561289126325,0.0
2026-02-18,0.008697284751178227,0.0
2026-02-19,-0.0060383477627073325,0.0
2026-02-20,0.0075900360873683995,0.0
2026-02-23,-0.019854508203397386,0.0
2026-02-24,0.014884238655116764,0.0
2026-02-25,0.009556109999631898,0.0
2026-02-26,0.003211168860832677,0.0
2026-02-27,-0.00886719972068338,0.0
2026-03-02,-0.0028276315338873204,0.35063876208442873
2026-03-03,-0.01723747400647629,0.0
2026-03-04,0.006928130243297231,0.0
2026-03-05,-0.013591081937999173,0.0
2026-03-06,-0.021256270103339754,0.0
2026-03-09,0.011904052224682885,0.0
2026-03-10,-0.0018450968835321672,0.0
2026-03-11,-0.003108089296129882,0.0
2026-03-12,-0.020804706320473557,0.0
2026-03-13,-0.0048862399579779,0.0
2026-03-16,0.01081289072668349,0.0
2026-03-17,0.00751405943540371,0.0
2026-03-18,-0.010561917067337452,0.0
2026-03-19,0.0018580033978460603,0.0
2026-03-20,-0.017587622351370208,0.0
2026-03-23,0.014717343196799432,0.0
2026-03-24,0.005255588808442362,0.0
2026-03-25,0.006247252901820516,0.0
2026-03-26,-0.02160553807009957,0.0
2026-03-27,-0.016217720210865462,0.0
2026-03-30,-0.011156991636367755,0.0
2026-03-31,0.03463022969271374,0.0
2026-04-01,0.011637560255548962,0.5099987295708557
2026-04-02,-0.0004625765967924897,0.0
2026-04-06,0.0054552978787600495,0.0
2026-04-07,-0.00047156228317520846,0.0
2026-04-08,0.03586689036949238,0.0
2026-04-09,0.005204261886243082,0.0
2026-04-10,-0.003003472606374636,0.0
2026-04-13,0.007678840592936794,0.0
2026-04-14,0.00715223512784421,0.0
2026-04-15,-0.005210010799189183,0.0
2026-04-16,0.005075072764615411,0.0
2026-04-17,0.014775359012869894,0.0
2026-04-20,0.0008926807336147411,0.0
2026-04-21,-0.006385436115247477,0.0
2026-04-22,0.0013021626449401737,0.0
2026-04-23,0.006561324228405573,0.0
2026-04-24,0.0032904991711136256,0.0
2026-04-27,-0.0013663306053764974,0.0
2026-04-28,-0.010052260965312901,0.0
2026-04-29,0.0010438001851124732,0.0
2026-04-30,0.01909357778225554,0.0
2026-05-01,-0.002719757829246494,0.4887709762605468
2026-05-04,-0.005230150959486077,0.0
2026-05-05,0.013518489088008994,0.0
2026-05-06,0.012963417099015741,0.0
2026-05-07,-0.016917748177627874,0.0
2026-05-08,0.003092223288819999,0.0
2026-05-11,0.0048786285191012475,0.0
2026-05-12,-0.004100979829987608,0.0
2026-05-13,0.001516635347970105,0.0
2026-05-14,0.004933510008389844,0.0
2026-05-15,-0.014972191383791326,0.0
2026-05-18,-0.005347299174239897,0.0
2026-05-19,-0.008893661237719076,0.0
2026-05-20,0.01606189127346619,0.0
2026-05-21,0.004900965490621726,0.0
2026-05-22,0.01218788223111622,0.0
2026-05-26,0.015416600802306297,0.0
2026-05-27,-0.0014537699619811112,0.0
2026-05-28,0.0024456182852991746,0.0
2026-05-29,0.003614118790101824,0.0
2026-06-01,0.0008979697225099947,0.38210825895578715
2026-06-02,0.012324737471362288,0.0
2026-06-03,0.003946525171335737,0.0
2026-06-04,0.007320152649014832,0.0
2026-06-05,-0.02481363849352843,0.0
2026-06-08,0.006543012862373322,0.0
2026-06-09,0.003774381966121989,0.0
2026-06-10,-0.018511882720865208,0.0
2026-06-11,0.02684898732218529,0.0
2026-06-12,0.012063235316400422,0.0
2026-06-15,0.005433838342328053,0.0
2026-06-16,-0.005317048472520272,0.0
2026-06-17,-0.006698079936774468,0.0
2026-06-18,0.007051551563687752,0.0
2026-06-22,0.010724369072975354,0.0
2026-06-23,-0.017136685350266682,0.0
2026-06-24,9.104855759869423e-05,0.0
2026-06-25,0.01421498084858714,0.0
2026-06-26,-0.013054947950651184,0.0
2026-06-29,0.011586672668854534,0.0
2026-06-30,0.005090046528425292,0.0
