date,return,turnover
2005-01-07,9.999999999998899e-05,0.0
2005-01-10,9.999999999998899e-05,0.0
2005-01-11,9.999999999998899e-05,0.0
2005-01-12,9.999999999998899e-05,0.0
2005-01-13,9.999999999998899e-05,0.0
2005-01-14,9.999999999998899e-05,0.0
2005-01-18,9.999999999998899e-05,0.0
2005-01-19,9.999999999998899e-05,0.0
2005-01-20,9.999999999998899e-05,0.0
2005-01-21,9.999999999998899e-05,0.0
2005-01-24,9.999999999998899e-05,0.0
2005-01-25,9.999999999998899e-05,0.0
2005-01-26,9.999999999998899e-05,0.0
2005-01-27,9.999999999998899e-05,0.0
2005-01-28,9.999999999998899e-05,0.0
2005-01-31,9.999999999998899e-05,0.0
2005-02-01,-0.0009000999999999593,1.0
2005-02-02,0.006624875071974115,0.0
2005-02-03,0.37002254366635273,0.0
2005-02-04,0.012767308706759246,0.0
2005-02-07,0.000829657130390789,0.0
2005-02-08,0.0024275653445673014,0.0
2005-02-09,-0.014209563983530323,0.0
2005-02-10,-0.27129384354349156,0.0
2005-02-11,0.017680415909692902,0.0
2005-02-14,0.3638458589574398,0.0
2005-02-15,-0.2591728701790224,0.0
2005-02-16,-0.007884846634668432,0.0
2005-02-17,0.34883598842822316,0.0
2005-02-18,0.00675237675861629,0.0
2005-02-22,-0.2766700428819496,0.0
2005-02-23,-0.0009764785097286155,0.0
2005-02-24,0.006474614419419271,0.0
2005-02-25,0.4313273312920982,0.0
2005-02-28,-0.00723728793900881,0.0
2005-03-01,-0.2838769799200619,0.4242228503618783
2005-03-02,-0.005422076186210153,0.0
2005-03-03,-0.0033162978602768816,0.0
2005-03-04,0.37007134395227514,0.0
2005-03-07,-0.2607312280199368,0.0
2005-03-08,-0.010358571812682828,0.0
2005-03-09,0.3557033932219701,0.0
2005-03-10,-0.0008048558866848564,0.0
2005-03-11,-0.27193036068070814,0.0
2005-03-14,0.005500818108137628,0.0
2005-03-15,0.34951819255259137,0.0
2005-03-16,-0.008025032891037058,0.0
2005-03-17,-0.26918442226916867,0.0
2005-03-18,0.3731235464977679,0.0
2005-03-21,-0.27169563285235565,0.0
2005-03-22,0.36855181555559674,0.0
2005-03-23,-0.27810534240466434,0.0
2005-03-24,0.0004740203574380592,0.0
2005-03-28,-0.0018122245747794338,0.0
2005-03-29,-0.007987418996770988,0.0
2005-03-30,0.015843304018917766,0.0
2005-03-31,0.3817917895242512,0.0
2005-04-01,-0.009401713560121316,0.8532502121397654
2005-04-04,-0.006779579471867465,0.0
2005-04-05,0.011732357451334713,0.0
2005-04-06,0.003313060512772621,0.0
2005-04-07,0.0099851843328697,0.0
2005-04-08,-0.007367567411348164,0.0
2005-04-11,-0.012507153620079946,0.0
2005-04-12,0.010690875801430544,0.0
2005-04-13,-0.016042291815088105,0.0
2005-04-14,-0.01659889233113608,0.0
2005-04-15,-0.02170089538972941,0.0
2005-04-18,0.006668189555842364,0.0
2005-04-19,0.009512876991068953,0.0
2005-04-20,-0.010387510245184318,0.0
2005-04-21,0.023509314072910285,0.0
2005-04-22,-0.011931818040639941,0.0
2005-04-25,0.008076861734922686,0.0
2005-04-26,-0.0183127811095758,0.0
2005-04-27,0.006196027726460963,0.0
2005-04-28,-0.020013452289390707,0.0
2005-04-29,0.010458588432498944,0.0
2005-05-02,0.011179675914762655,0.4114634813348851
2005-05-03,0.0024826009856864914,0.0
2005-05-04,0.011371166257585061,0.0
2005-05-05,-0.0023203573875404514,0.0
2005-05-06,0.004389175214484264,0.0
2005-05-09,0.004643687128409994,0.0
2005-05-10,-0.010849740263335104,0.0
2005-05-11,0.0023268719230965552,0.0
2005-05-12,-0.008982873568910426,0.0
2005-05-13,0.010715345768102085,0.0
2005-05-16,-0.0002612877956347402,0.0
2005-05-17,0.016295143137293605,0.0
2005-05-18,0.02094437251613958,0.0
2005-05-19,0.00020301674183413,0.0
2005-05-20,0.008726076533972109,0.0
2005-05-23,0.010455656122569257,0.0
2005-05-24,-0.0009562906406375279,0.0
2005-05-25,-0.007918119280535119,0.0
2005-05-26,0.010786131199582936,0.0
2005-05-27,0.003192134143626006,0.0
2005-05-31,-0.007167422756876717,0.0
2005-06-01,0.016802269667263392,0.4504571208300969
2005-06-02,-0.0023404151110516854,0.0
2005-06-03,-0.0009151826744722095,0.0
2005-06-06,-0.007961330254259704,0.0
2005-06-07,-0.0009392558533647373,0.0
2005-06-08,-0.0014335975076387166,0.0
2005-06-09,0.014602735300321745,0.0
2005-06-10,-0.0033822043121762148,0.0
2005-06-13,-0.002178422916103988,0.0
2005-06-14,0.009928134844173538,0.0
2005-06-15,0.007291969192216436,0.0
2005-06-16,-0.0016765698905144059,0.0
2005-06-17,0.0013441921675712912,0.0
2005-06-20,-0.0026638863339799234,0.0
2005-06-21,0.0060543248775861,0.0
2005-06-22,-0.0022965160343136905,0.0
2005-06-23,-0.010417488614275269,0.0
2005-06-24,-0.01436991944384122,0.0
2005-06-27,-0.004214428654400155,0.0
2005-06-28,0.0046639021481685045,0.0
2005-06-29,-0.0005003334255364356,0.0
2005-06-30,-0.0037154024173946957,0.0
2005-07-01,0.009499071890334276,0.3793271989354218
2005-07-05,0.0016437454259602925,0.0
2005-07-06,0.006468910098426432,0.0
2005-07-07,0.0014316635561761584,0.0
2005-07-08,0.00843019913490609,0.0
2005-07-11,0.019958904602171073,0.0
2005-07-12,9.851512039680467e-05,0.0
2005-07-13,-0.008257760865841804,0.0
2005-07-14,0.010770508144389977,0.0
2005-07-15,0.01145021660004928,0.0
2005-07-18,-0.0005714415019813482,0.0
2005-07-19,0.012600909116521933,0.0
2005-07-20,0.011143259258162659,0.0
2005-07-21,-0.00787412159833973,0.0
2005-07-22,0.0036775934723010557,0.0
2005-07-25,-0.01365891853278101,0.0
2005-07-26,0.004170570388488884,0.0
2005-07-27,0.011337732000232333,0.0
2005-07-28,0.0036389374888527453,0.0
2005-07-29,-0.012816199208191366,0.0
2005-08-01,-0.0011579137284515317,0.5697123901104322
2005-08-02,0.004500902894662144,0.0
2005-08-03,0.0006993921064058789,0.0
2005-08-04,-0.013827861395351729,0.0
2005-08-05,-0.00970661973825155,0.0
2005-08-08,0.008159625294554176,0.0
2005-08-09,0.0011308526367114586,0.0
2005-08-10,0.002050149544824447,0.0
2005-08-11,0.002700436319342683,0.0
2005-08-12,0.0049633791156784585,0.0
2005-08-15,0.004412398660775497,0.0
2005-08-16,-0.0225109023334234,0.0
2005-08-17,0.009729440905298418,0.0
2005-08-18,-0.005543625229668218,0.0
2005-08-19,-0.010374119200311897,0.0
2005-08-22,0.011344546481741435,0.0
2005-08-23,-0.003761900267235204,0.0
2005-08-24,-0.016818886146888694,0.0
2005-08-25,0.01266538363188234,0.0
2005-08-26,0.0008201869661737127,0.0
2005-08-29,-0.010707333523919822,0.0
2005-08-30,0.0058331257672966765,0.0
2005-08-31,0.010598564343960906,0.0
2005-09-01,-0.0010110274498180694,0.376055461469533
2005-09-02,-0.010482781879442916,0.0
2005-09-06,0.018603038468189996,0.0
2005-09-07,0.0005096090599240122,0.0
2005-09-08,-0.003936597171191726,0.0
2005-09-09,0.008262262477339372,0.0
2005-09-12,0.005475140150638475,0.0
2005-09-13,0.0031608776627841963,0.0
2005-09-14,-0.011676386986419502,0.0
2005-09-15,-0.0061009940277199195,0.0
2005-09-16,0.018226965397008594,0.0
2005-09-19,-0.01167518739848044,0.0
2005-09-20,-0.012236029287500597,0.0
2005-09-21,-0.019777748413782374,0.0
2005-09-22,0.011906637055949758,0.0
2005-09-23,-0.003993284478146938,0.0
2005-09-26,-0.0007136437212573522,0.0
2005-09-27,0.008816242553187224,0.0
2005-09-28,-0.006822324141177989,0.0
2005-09-29,0.0186260079241429,0.0
2005-09-30,0.014125454855131893,0.0
2005-10-03,-0.008727428028334705,0.6678734958567867
2005-10-04,-0.010835366958505357,0.0
2005-10-05,0.5715966343911967,0.0
2005-10-06,-0.0110676131885252,0.0
2005-10-07,0.004269923863303031,0.0
2005-10-10,-0.014142327903587711,0.0
2005-10-11,-0.38214150106664097,0.0
2005-10-12,-0.014361174850820654,0.0
2005-10-13,0.6245368385387463,0.0
2005-10-14,-0.37875679252158295,0.0
2005-10-17,0.010340455925142806,0.0
2005-10-18,0.6009684100653943,0.0
2005-10-19,0.021768513158572138,0.0
2005-10-20,-0.011959909349334379,0.0
2005-10-21,0.004575195680029766,0.0
2005-10-24,0.011445461849615958,0.0
2005-10-25,-0.00158059949071502,0.0
2005-10-26,-0.007541120014429863,0.0
2005-10-27,-0.01014295794697952,0.0
2005-10-28,0.02029911582773611,0.0
2005-10-31,0.015566750568417713,0.0
2005-11-01,-0.39569207555707286,0.8059637931140173
2005-11-02,0.7861820576893793,0.0
2005-11-03,0.003197050249490747,0.0
2005-11-04,-0.42944578641640646,0.0
2005-11-07,0.009460887291428608,0.0
2005-11-08,0.7340428605832235,0.0
2005-11-09,-0.42983848477831876,0.0
2005-11-10,0.780639453434952,0.0
2005-11-11,-0.43150729423678574,0.0
2005-11-14,-0.0016026508040091491,0.0
2005-11-15,0.7540339094078327,0.0
2005-11-16,-0.4371674918818814,0.0
2005-11-17,0.012434566410024236,0.0
2005-11-18,0.7772710886019659,0.0
2005-11-21,-0.0013895087101597813,0.0
2005-11-22,0.002166925776227328,0.0
2005-11-23,0.0006079844682194446,0.0
2005-11-25,-0.4262520815076417,0.0
2005-11-28,-0.008453932975403537,0.0
2005-11-29,-0.003892288390954563,0.0
2005-11-30,1.0151523562470688,0.0
2005-12-01,0.021760230577266837,1.1844529621612996
2005-12-02,0.004852178521947918,0.0
2005-12-05,-0.012830568074096077,0.0
2005-12-06,0.011332503874358796,0.0
2005-12-07,-0.011621477312000172,0.0
2005-12-08,-0.0011810040489804064,0.0
2005-12-09,0.0053592731803714655,0.0
2005-12-12,0.009218621725647604,0.0
2005-12-13,0.002507983375329386,0.0
2005-12-14,-0.004382416640949207,0.0
2005-12-15,-0.005516241664118603,0.0
2005-12-16,0.005311414125629995,0.0
2005-12-19,-0.014520936087345313,0.0
2005-12-20,0.0038009077651339263,0.0
2005-12-21,-0.002744081557557306,0.0
2005-12-22,0.003528983771056979,0.0
2005-12-23,0.012245458225982352,0.0
2005-12-27,-0.009953835202287143,0.0
2005-12-28,0.0027070268363715783,0.0
2005-12-29,-0.00793819377932719,0.0
2005-12-30,-0.020255773570339135,0.0
2006-01-03,0.009522315383185598,0.325103197716324
2006-01-04,0.7180313511708821,0.0
2006-01-05,0.007681750161093428,0.0
2006-01-06,-0.41229023796434994,0.0
2006-01-09,0.009682474713644685,0.0
2006-01-10,0.0012880065087003106,0.0
2006-01-11,0.0033906242565014577,0.0
2006-01-12,0.7189578240086667,0.0
2006-01-13,0.0039298241453037995,0.0
2006-01-17,-0.0007653069141840834,0.0
2006-01-18,-0.0013814257997490742,0.0
2006-01-19,-0.4220952877980945,0.0
2006-01-20,0.7299320343069268,0.0
2006-01-23,-0.43074784341675915,0.0
2006-01-24,0.7605993961091351,0.0
2006-01-25,-0.003572585972014113,0.0
2006-01-26,-0.4247361958441821,0.0
2006-01-27,0.7501799038725694,0.0
2006-01-30,0.010513486687749832,0.0
2006-01-31,-0.42970367891669153,0.0
2006-02-01,0.7706316015894599,1.5521629163376467
2006-02-02,-0.021546561233811524,0.0
2006-02-03,-0.009131779763616229,0.0
2006-02-06,0.0025347614900514013,0.0
2006-02-07,-0.011973142655352743,0.0
2006-02-08,0.013056864412123899,0.0
2006-02-09,-0.010353417170205213,0.0
2006-02-10,0.0006228309831959654,0.0
2006-02-13,-0.0017900153669353088,0.0
2006-02-14,0.015856095593756503,0.0
2006-02-15,-0.0033023233936314736,0.0
2006-02-16,0.020087260934737696,0.0
2006-02-17,-0.0010428422320400853,0.0
2006-02-21,-0.021025731739440084,0.0
2006-02-22,0.011731881659030073,0.0
2006-02-23,-0.0043065835329326365,0.0
2006-02-24,-0.00223370381284471,0.0
2006-02-27,0.015192335147602404,0.0
2006-02-28,-0.014911376583077757,0.0
2006-03-01,0.0031991155116084524,0.4837706367093962
2006-03-02,0.6782328326888574,0.0
2006-03-03,-0.411529542225757,0.0
2006-03-06,-0.012761429150435709,0.0
2006-03-07,0.6886001723515647,0.0
2006-03-08,-0.4146563402169258,0.0
2006-03-09,-0.0032078594197088614,0.0
2006-03-10,0.7221904028522074,0.0
2006-03-13,-0.413061939776293,0.0
2006-03-14,0.7369085619389906,0.0
2006-03-15,-0.41014991000160983,0.0
2006-03-16,0.7102067030538782,0.0
2006-03-17,-0.4107705526280782,0.0
2006-03-20,0.68652992948811,0.0
2006-03-21,-0.0024947868804188747,0.0
2006-03-22,-0.4092355516113879,0.0
2006-03-23,0.0021629801238175093,0.0
2006-03-24,0.00655672588839808,0.0
2006-03-27,-0.003213679730326987,0.0
2006-03-28,0.7152052068953861,0.0
2006-03-29,0.007194071824542375,0.0
2006-03-30,-0.41659479019439927,0.0
2006-03-31,0.7095421236544774,0.0
2006-04-03,-0.0005412636400394799,1.0698895349459754
2006-04-04,-0.004919143243204369,0.0
2006-04-05,0.00824345325257825,0.0
2006-04-06,0.0124083616019561,0.0
2006-04-07,-0.011817980287686191,0.0
2006-04-10,-0.00908957904961193,0.0
2006-04-11,-0.0037764164344502443,0.0
2006-04-12,0.00410700625431537,0.0
2006-04-13,-0.007719883347759896,0.0
2006-04-17,-0.0019175937208742997,0.0
2006-04-18,0.029864362163536447,0.0
2006-04-19,0.0072117306918705,0.0
2006-04-20,-0.010304203327960691,0.0
2006-04-21,-0.0011880594448851793,0.0
2006-04-24,0.005248491101908308,0.0
2006-04-25,-0.004746424461682983,0.0
2006-04-26,0.002964799473534027,0.0
2006-04-27,-0.013709751161742357,0.0
2006-04-28,0.007045368244072187,0.0
2006-05-01,-0.011505033052018776,0.69355642127059
2006-05-02,0.005832317094823446,0.0
2006-05-03,-0.004320214765971301,0.0
2006-05-04,0.6138025536247502,0.0
2006-05-05,-0.37300553523308444,0.0
2006-05-08,0.0007884546224785644,0.0
2006-05-09,0.6000733265747008,0.0
2006-05-10,-0.0004224643046337129,0.0
2006-05-11,-0.021663963458527388,0.0
2006-05-12,-0.3808056639647017,0.0
2006-05-15,0.5936162358517745,0.0
2006-05-16,-0.3764170168929079,0.0
2006-05-17,0.5727098709318516,0.0
2006-05-18,-0.3712627759358651,0.0
2006-05-19,0.5902873279042758,0.0
2006-05-22,-0.011651030069253498,0.0
2006-05-23,0.004947797800635291,0.0
2006-05-24,-0.370248651377957,0.0
2006-05-25,0.614587577341484,0.0
2006-05-26,0.005199201323822999,0.0
2006-05-30,-0.015518925243655288,0.0
2006-05-31,-0.36571120461450984,0.0
2006-06-01,0.01179601201403302,0.8332479428243227
2006-06-02,0.0008739221007509713,0.0
2006-06-05,-0.02380353673464568,0.0
2006-06-06,0.8279511810244111,0.0
2006-06-07,-0.46380460319765815,0.0
2006-06-08,-0.0026952616689733255,0.0
2006-06-09,0.8285799776418742,0.0
2006-06-12,-0.019027897378423107,0.0
2006-06-13,-0.012329788074155898,0.0
2006-06-14,0.017321841214712856,0.0
2006-06-15,0.028665661034660526,0.0
2006-06-16,-0.006619803301390887,0.0
2006-06-19,-0.4681194964528551,0.0
2006-06-20,0.8491720065052041,0.0
2006-06-21,-0.45103096209635685,0.0
2006-06-22,0.8545756820123142,0.0
2006-06-23,0.009415367824899452,0.0
2006-06-26,0.009927744578042502,0.0
2006-06-27,-0.015499725827057359,0.0
2006-06-28,0.008470406356231959,0.0
2006-06-29,-0.45660504130754453,0.0
2006-06-30,0.9134268239267141,0.0
2006-07-03,0.005261058240700445,1.1173889225845013
2006-07-05,-0.020860634299591525,0.0
2006-07-06,0.006527754500818831,0.0
2006-07-07,-0.022271399696755418,0.0
2006-07-10,-0.004880323902398864,0.0
2006-07-11,0.013312369321360394,0.0
2006-07-12,-0.03116083503754695,0.0
2006-07-13,-0.00685788801347305,0.0
2006-07-14,-0.00776678013718675,0.0
2006-07-17,-0.008299487653379699,0.0
2006-07-18,-0.0029455307738891173,0.0
2006-07-19,0.018918109282268003,0.0
2006-07-20,-0.020228076663308354,0.0
2006-07-21,-0.01706697628221071,0.0
2006-07-24,0.019758475302131644,0.0
2006-07-25,0.013397425778155555,0.0
2006-07-26,0.0043810578036778,0.0
2006-07-27,-0.008822064853534883,0.0
2006-07-28,0.01627907879323716,0.0
2006-07-31,0.0033772873657212047,0.0
2006-08-01,-0.019232667429831207,0.5318720854292652
2006-08-02,0.014617217957313753,0.0
2006-08-03,0.009495615362900445,0.0
2006-08-04,-0.009551368702922999,0.0
2006-08-07,0.0072903727496115185,0.0
2006-08-08,-0.00562534953085033,0.0
2006-08-09,-0.00857679907050097,0.0
2006-08-10,-0.0026497056650193374,0.0
2006-08-11,-0.0013699933536786837,0.0
2006-08-14,0.0055172188802175655,0.0
2006-08-15,0.02229863841663595,0.0
2006-08-16,0.01797104684844317,0.0
2006-08-17,0.014396378390327301,0.0
2006-08-18,0.0017263356300837671,0.0
2006-08-21,-0.018872852372507156,0.0
2006-08-22,0.0019883366664020566,0.0
2006-08-23,-0.007301197793880052,0.0
2006-08-24,0.007533736957852551,0.0
2006-08-25,0.00340346036654167,0.0
2006-08-28,0.004603346862072381,0.0
2006-08-29,0.0041470196486500365,0.0
2006-08-30,0.002743981531163151,0.0
2006-08-31,-0.004714560796275349,0.0
2006-09-01,0.013484438035636703,0.44739489424385775
2006-09-05,0.004893650980891973,0.0
2006-09-06,-0.025897251558312746,0.0
2006-09-07,-0.00029223316635742076,0.0
2006-09-08,0.004085291671910863,0.0
2006-09-11,-0.002375085436403254,0.0
2006-09-12,0.0222322926957997,0.0
2006-09-13,0.00925182448801743,0.0
2006-09-14,-0.0027536477516709097,0.0
2006-09-15,0.003688950937009659,0.0
2006-09-18,0.004552573565543625,0.0
2006-09-19,-0.00779446480450659,0.0
2006-09-20,0.005571177034280899,0.0
2006-09-21,-0.007600874086378662,0.0
2006-09-22,-0.006555018110276787,0.0
2006-09-25,0.011057748255806445,0.0
2006-09-26,0.007713250666600187,0.0
2006-09-27,0.002346803363967839,0.0
2006-09-28,0.004936619645786872,0.0
2006-09-29,-0.02271615326725732,0.0
2006-10-02,-0.003897492470301467,0.43930216456185534
2006-10-03,-0.0061551805274145145,0.0
2006-10-04,0.014831336215495204,0.0
2006-10-05,0.01156056689303515,0.0
2006-10-06,-0.005661642500768115,0.0
2006-10-09,0.0026110925021924913,0.0
2006-10-10,0.0032680327639472992,0.0
2006-10-11,-0.0004947272430161389,0.0
2006-10-12,0.013635399439896913,0.0
2006-10-13,0.006366995384806882,0.0
2006-10-16,0.009386743835829065,0.0
2006-10-17,-0.010668809962146152,0.0
2006-10-18,-0.0063301113238564645,0.0
2006-10-19,0.0014194571987091982,0.0
2006-10-20,-0.005932900370405635,0.0
2006-10-23,0.005490969725479724,0.0
2006-10-24,0.005902355043591632,0.0
2006-10-25,0.005560699680976298,0.0
2006-10-26,0.006984350555919051,0.0
2006-10-27,-0.010486198037969793,0.0
2006-10-30,0.00032659851302391224,0.0
2006-10-31,-3.203191682595757e-05,0.0
2006-11-01,-0.01319529318250956,0.5178800287291865
2006-11-02,0.002510241479182226,0.0
2006-11-03,-0.0006841051165617472,0.0
2006-11-06,0.014705735807322446,0.0
2006-11-07,0.002297362466443922,0.0
2006-11-08,-0.01576038497299571,0.0
2006-11-09,-0.0073467817014259,0.0
2006-11-10,0.003446430736341455,0.0
2006-11-13,0.003995868122824574,0.0
2006-11-14,0.013045016689205194,0.0
2006-11-15,0.006041206190837225,0.0
2006-11-16,-0.0010831722601713054,0.0
2006-11-17,-0.0012476725571783378,0.0
2006-11-20,-0.0016852814378896463,0.0
2006-11-21,0.007121247725826806,0.0
2006-11-22,0.006767946675930377,0.0
2006-11-24,-0.0028171011132344164,0.0
2006-11-27,-0.017812442883343084,0.0
2006-11-28,0.0008993786842035798,0.0
2006-11-29,0.01333054279290067,0.0
2006-11-30,0.006425713667262068,0.0
2006-12-01,-0.0067553672541356136,0.5160046520708472
2006-12-04,0.015844229737919786,0.0
2006-12-05,0.003955921035189849,0.0
2006-12-06,0.001880239501381231,0.0
2006-12-07,-0.005659090118095634,0.0
2006-12-08,0.0008103192187538145,0.0
2006-12-11,-0.0015076470382120216,0.0
2006-12-12,-0.005916604960565544,0.0
2006-12-13,-0.0010943600619226083,0.0
2006-12-14,0.010230923462118378,0.0
2006-12-15,-0.001026866965880887,0.0
2006-12-18,-0.01450860736092449,0.0
2006-12-19,0.01572795289218124,0.0
2006-12-20,-0.0011205970051905215,0.0
2006-12-21,-0.004454378881087571,0.0
2006-12-22,-0.004861394779861762,0.0
2006-12-26,0.0018281567257402145,0.0
2006-12-27,5.110822512975049e-05,0.0
2006-12-28,0.007505383201501344,0.0
2006-12-29,-0.003380419247362552,0.0
2007-01-03,-0.013755435674212113,0.7903053588881223
2007-01-04,0.004442138600104746,0.0
2007-01-05,-0.006096014753719253,0.0
2007-01-08,-0.006881553042843196,0.0
2007-01-09,0.00820647079819031,0.0
2007-01-10,0.004634677368273573,0.0
2007-01-11,0.0075404564271922166,0.0
2007-01-12,0.007570107830075515,0.0
2007-01-16,-0.000602579996555134,0.0
2007-01-17,-0.009415967912524146,0.0
2007-01-18,0.0011843866092315991,0.0
2007-01-19,0.008267425043817903,0.0
2007-01-22,-0.00471163820742304,0.0
2007-01-23,0.009671499167271957,0.0
2007-01-24,0.008927009365860555,0.0
2007-01-25,0.006982596761911115,0.0
2007-01-26,-0.0322431594475913,0.0
2007-01-29,0.027268266014556827,0.0
2007-01-30,-0.022844562197214657,0.0
2007-01-31,0.010301347064253188,0.0
2007-02-01,0.00511252787419747,1.7023881717779732
2007-02-02,0.2470717409649604,0.0
2007-02-05,-0.020045687255381025,0.0
2007-02-06,-0.016489799092252306,0.0
2007-02-07,-0.013953762792624398,0.0
2007-02-08,-0.01462211992293546,0.0
2007-02-09,-0.01897671857243957,0.0
2007-02-12,-0.023495381717672313,0.0
2007-02-13,-0.0049435752910521056,0.0
2007-02-14,-0.0031031151533603566,0.0
2007-02-15,-0.013222561829708426,0.0
2007-02-16,0.0019306691947603596,0.0
2007-02-20,0.0026748396231369613,0.0
2007-02-21,-0.004968888987896867,0.0
2007-02-22,-0.006913875807674071,0.0
2007-02-23,-0.013827749108979492,0.0
2007-02-26,-0.0035249951169421877,0.0
2007-02-27,-0.023310565066442156,0.0
2007-02-28,-0.002386640702641425,0.0
2007-03-01,-0.0066314057963149375,0.8905293934053218
2007-03-02,-0.014137574057307152,0.0
2007-03-05,-0.013920662907505035,0.0
2007-03-06,0.018382592169421584,0.0
2007-03-07,-0.0021205969831083003,0.0
2007-03-08,0.010231664942329168,0.0
2007-03-09,0.004719110277673119,0.0
2007-03-12,0.004640423288102621,0.0
2007-03-13,-0.02288665441963044,0.0
2007-03-14,0.005369132169535805,0.0
2007-03-15,0.007128695088022186,0.0
2007-03-16,-0.0077504274634078545,0.0
2007-03-19,0.010156570650406933,0.0
2007-03-20,0.007997815746242662,0.0
2007-03-21,0.016169527665985405,0.0
2007-03-22,-0.00105079448167675,0.0
2007-03-23,0.0008103587269811305,0.0
2007-03-26,-0.002299113730644709,0.0
2007-03-27,-0.0062353272537258924,0.0
2007-03-28,-0.007111569794625613,0.0
2007-03-29,0.003950249867005267,0.0
2007-03-30,0.001141392763580227,0.0
2007-04-02,0.001740709948200303,0.9401824302189001
2007-04-03,0.00917511550608869,0.0
2007-04-04,-0.0020441778029202324,0.0
2007-04-05,0.004690209500431262,0.0
2007-04-09,-0.004781602340937234,0.0
2007-04-10,0.005878002786178797,0.0
2007-04-11,-0.007398304418700888,0.0
2007-04-12,0.0040623557550039,0.0
2007-04-13,0.002271232765909605,0.0
2007-04-16,0.010756655755656278,0.0
2007-04-17,0.003492149256227514,0.0
2007-04-18,0.0023455483278332807,0.0
2007-04-19,-0.0019521487605983342,0.0
2007-04-20,0.010378201519112847,0.0
2007-04-23,0.002836709632795698,0.0
2007-04-24,-0.00195778134979095,0.0
2007-04-25,0.005031179037175896,0.0
2007-04-26,0.0006832952501525519,0.0
2007-04-27,-0.00041577539629734375,0.0
2007-04-30,-0.00960034219641372,0.0
2007-05-01,-0.007025591596797387,1.2024575142663179
2007-05-02,0.031686611626106136,0.0
2007-05-03,0.0013987309708160904,0.0
2007-05-04,-0.00014567969695995255,0.0
2007-05-07,-0.00041591259772341026,0.0
2007-05-08,-0.0015852737786056113,0.0
2007-05-09,0.007730803445539516,0.0
2007-05-10,-0.01181668799838724,0.0
2007-05-11,0.006708750136600771,0.0
2007-05-14,-0.0022478718646148227,0.0
2007-05-15,-0.005277167017141455,0.0
2007-05-16,0.005537717625764467,0.0
2007-05-17,-0.009090346879852223,0.0
2007-05-18,0.012836449590722379,0.0
2007-05-21,0.0011889363838400897,0.0
2007-05-22,0.001539212637315929,0.0
2007-05-23,-0.008267864107298803,0.0
2007-05-24,-0.003163528972311344,0.0
2007-05-25,0.005467168353116805,0.0
2007-05-29,0.0037804154883839896,0.0
2007-05-30,0.007557272545868174,0.0
2007-05-31,0.0037076667828848248,0.0
2007-06-01,-0.0027718971895790423,1.3953197327339504
2007-06-04,0.05103652341697732,0.0
2007-06-05,-0.0058748943452260755,0.0
2007-06-06,-0.008353254125009892,0.0
2007-06-07,-0.02032578974235321,0.0
2007-06-08,0.010604421467353048,0.0
2007-06-11,-0.04983122262488722,0.0
2007-06-12,0.04002228452203533,0.0
2007-06-13,0.011701890999846839,0.0
2007-06-14,0.00356696789921653,0.0
2007-06-15,0.0073239931767932615,0.0
2007-06-18,-0.0017196059774113402,0.0
2007-06-19,0.0012554062175772873,0.0
2007-06-20,-0.06967345897463484,0.0
2007-06-21,0.06518587474259033,0.0
2007-06-22,-0.009842861385881323,0.0
2007-06-25,-0.003520168411410484,0.0
2007-06-26,-0.00664303580916291,0.0
2007-06-27,0.011638016980628968,0.0
2007-06-28,0.0009444415803079113,0.0
2007-06-29,-0.0025119110969608143,0.0
2007-07-02,0.011064615419205337,0.7447323052036314
2007-07-03,0.002675380904893237,0.0
2007-07-05,0.0012477886812579993,0.0
2007-07-06,0.005544101542446109,0.0
2007-07-09,-0.0017696811800712539,0.0
2007-07-10,-0.018100758955303144,0.0
2007-07-11,0.004463895519605647,0.0
2007-07-12,0.017243812581454358,0.0
2007-07-13,0.0063598234112248525,0.0
2007-07-16,-0.005620684004185016,0.0
2007-07-17,-0.00033030184817810134,0.0
2007-07-18,-0.001430490672126077,0.0
2007-07-19,0.007392027182410577,0.0
2007-07-20,-0.016414885679745285,0.0
2007-07-23,-0.008387786463948957,0.0
2007-07-24,-0.013827738083464831,0.0
2007-07-25,0.0004124811080530174,0.0
2007-07-26,-0.02593032107268981,0.0
2007-07-27,-0.0176268065934879,0.0
2007-07-30,0.012534971108967162,0.0
2007-07-31,-0.011233846034777648,0.0
2007-08-01,0.004727642046892466,0.8733350550349623
2007-08-02,-0.00035336019118239245,0.0
2007-08-03,-0.02476709199846976,0.0
2007-08-06,0.01664563462282414,0.0
2007-08-07,0.0034122792268242944,0.0
2007-08-08,0.01329246503430886,0.0
2007-08-09,-0.029058836663773065,0.0
2007-08-10,-0.008072764163771349,0.0
2007-08-13,0.005294173273253932,0.0
2007-08-14,-0.017006430047394806,0.0
2007-08-15,-0.018170020275629452,0.0
2007-08-16,-0.0023320121666630432,0.0
2007-08-17,0.028285790527650158,0.0
2007-08-20,0.002120848661528654,0.0
2007-08-21,0.006021014575778071,0.0
2007-08-22,0.016986355065008715,0.0
2007-08-23,-0.0046510253330911844,0.0
2007-08-24,0.01439345952129854,0.0
2007-08-27,-0.011719019354614349,0.0
2007-08-28,-0.02739640248187405,0.0
2007-08-29,0.025078240003986105,0.0
2007-08-30,-0.006032651585968594,0.0
2007-08-31,0.01686881028036557,0.0
2007-09-04,0.005867256691334699,0.8671159537091537
2007-09-05,-0.013108719846923588,0.0
2007-09-06,0.005058483743502849,0.0
2007-09-07,-0.019159040250520606,0.0
2007-09-10,-0.004478849006576795,0.0
2007-09-11,0.013399842890675858,0.0
2007-09-12,-0.000856557486815893,0.0
2007-09-13,0.008034587567403316,0.0
2007-09-14,0.0010415423371028958,0.0
2007-09-17,-0.006475406517620384,0.0
2007-09-18,0.033242794278663605,0.0
2007-09-19,0.00828734718370865,0.0
2007-09-20,-0.006248586877227388,0.0
2007-09-21,0.00506114789233463,0.0
2007-09-24,-0.0067978252761794564,0.0
2007-09-25,-0.0023252755048080564,0.0
2007-09-26,0.006316544956043512,0.0
2007-09-27,0.0057399411598297485,0.0
2007-09-28,-0.0043056679171284955,0.0
2007-10-01,0.007729491105278985,0.7642662654066841
2007-10-02,-0.004139085220262853,0.0
2007-10-03,-0.0032145412720621354,0.0
2007-10-04,-0.0025131881007472634,0.0
2007-10-05,0.017603785153627798,0.0
2007-10-08,-0.005350843197081469,0.0
2007-10-09,0.009446570935271457,0.0
2007-10-10,-0.010371203662583688,0.0
2007-10-11,-0.0011106679522059429,0.0
2007-10-12,0.00428378685802107,0.0
2007-10-15,-0.008975458745527036,0.0
2007-10-16,-0.005756995417044096,0.0
2007-10-17,0.0014764531098802177,0.0
2007-10-18,-0.002793582698059592,0.0
2007-10-19,-0.026385057280218404,0.0
2007-10-22,0.006978538133808915,0.0
2007-10-23,0.00618543703682466,0.0
2007-10-24,-0.00374372372781128,0.0
2007-10-25,0.011699734302834386,0.0
2007-10-26,0.007723683802344224,0.0
2007-10-29,-0.005333447893735557,0.0
2007-10-30,-0.006498194381505411,0.0
2007-10-31,0.008697798658742924,0.0
2007-11-01,-0.025576966958851144,0.9522087591085497
2007-11-02,0.003068178222589232,0.0
2007-11-05,-0.007250353025492665,0.0
2007-11-06,0.014564928314970773,0.0
2007-11-07,-0.030795951137796634,0.0
2007-11-08,-0.0025264001509608834,0.0
2007-11-09,-0.01081401772601798,0.0
2007-11-12,-0.015481570596993465,0.0
2007-11-13,0.02953023713545428,0.0
2007-11-14,-0.0052651335585267465,0.0
2007-11-15,-0.01729364486605275,0.0
2007-11-16,0.0020113118876551282,0.0
2007-11-19,-0.020639650668132954,0.0
2007-11-20,0.0046837512898749885,0.0
2007-11-21,-0.011383034186774579,0.0
2007-11-23,0.02151412826622997,0.0
2007-11-26,-0.030550199617023436,0.0
2007-11-27,0.024012550289509247,0.0
2007-11-28,0.0303414938018617,0.0
2007-11-29,-0.008319339519726934,0.0
2007-11-30,0.016874671734874946,0.0
2007-12-03,-0.0007455050952311915,1.0427936025352995
2007-12-04,-0.007958488719792284,0.0
2007-12-05,0.010512511767097204,0.0
2007-12-06,0.03088230258106485,0.0
2007-12-07,-0.0017496346120908246,0.0
2007-12-10,0.015668784731605184,0.0
2007-12-11,-0.030233119598008708,0.0
2007-12-12,0.004255693061879197,0.0
2007-12-13,-0.006187897347347801,0.0
2007-12-14,-0.0150020663676633,0.0
2007-12-17,-0.019448687310548156,0.0
2007-12-18,0.004547203031209499,0.0
2007-12-19,-0.0069013879819844635,0.0
2007-12-20,0.013790416950493706,0.0
2007-12-21,0.017695704031497256,0.0
2007-12-24,0.010290113488136935,0.0
2007-12-26,-0.0020208929882719858,0.0
2007-12-27,-0.012270373172943612,0.0
2007-12-28,-0.019145372462712983,0.0
2007-12-31,-0.005315856013118328,0.0
2008-01-02,-0.011869343827322076,0.9190357141396279
2008-01-03,-0.01213453312876296,0.0
2008-01-04,-0.014973010972218072,0.0
2008-01-07,-0.0006314890323090493,0.0
2008-01-08,-0.016349204308604464,0.0
2008-01-09,0.011781958485800296,0.0
2008-01-10,0.00696965064718757,0.0
2008-01-11,-0.024475027189644408,0.0
2008-01-14,0.019709543079678957,0.0
2008-01-15,-0.024770252449910036,0.0
2008-01-16,-0.01064233706328608,0.0
2008-01-17,-0.030201268555129827,0.0
2008-01-18,-0.0006509491196335571,0.0
2008-01-22,-0.020210164218597004,0.0
2008-01-23,0.020700083138290026,0.0
2008-01-24,0.0067578026282945555,0.0
2008-01-25,-0.0024018109299918603,0.0
2008-01-28,0.012573334138719356,0.0
2008-01-29,-0.0016505589416838488,0.0
2008-01-30,0.0007269196831712625,0.0
2008-01-31,0.011987229453589541,0.0
2008-02-01,0.025810966246560207,1.3104660867313749
2008-02-04,-0.01765244512459454,0.0
2008-02-05,-0.03773141398442408,0.0
2008-02-06,-0.01377459411442716,0.0
2008-02-07,0.013621512880695385,0.0
2008-02-08,-0.00269971589461155,0.0
2008-02-11,0.014349739006156534,0.0
2008-02-12,0.0031675896446618666,0.0
2008-02-13,0.01959230731956684,0.0
2008-02-14,-0.017355672953921476,0.0
2008-02-15,-0.0005145489511607772,0.0
2008-02-19,0.0019559633546982302,0.0
2008-02-20,0.014636787597099264,0.0
2008-02-21,-0.01667167295976362,0.0
2008-02-22,0.011025664858967344,0.0
2008-02-25,0.017395979536027575,0.0
2008-02-26,0.011724420543530203,0.0
2008-02-27,0.0004782538869257459,0.0
2008-02-28,-0.015177329809217438,0.0
2008-02-29,-0.033398648108403636,0.0
2008-03-03,-0.003852573020633465,1.0521242517582632
2008-03-04,-0.000909343693350423,0.0
2008-03-05,0.0023195807506224625,0.0
2008-03-06,-0.03646684968392518,0.0
2008-03-07,-0.0026511259028312124,0.0
2008-03-10,-0.02179794338808903,0.0
2008-03-11,0.04775850531030207,0.0
2008-03-12,-0.014360564536339042,0.0
2008-03-13,0.011615100418687574,0.0
2008-03-14,-0.02664698077823619,0.0
2008-03-17,-0.02157085088334105,0.0
2008-03-18,0.055371962311812295,0.0
2008-03-19,-0.02718913721628979,0.0
2008-03-20,0.040337214867625204,0.0
2008-03-24,0.018634022027674325,0.0
2008-03-25,0.009803611344157056,0.0
2008-03-26,-0.02566563321493476,0.0
2008-03-27,-0.01774629435674089,0.0
2008-03-28,-0.021501626710435283,0.0
2008-03-31,0.011220052907469039,0.0
2008-04-01,0.05618553235815105,0.9061231350424546
2008-04-02,0.10032399342853107,0.0
2008-04-03,0.0035262702958601673,0.0
2008-04-04,0.0015308721885744613,0.0
2008-04-07,-0.0005927979043862173,0.0
2008-04-08,-0.09375169097422685,0.0
2008-04-09,0.07957718601442708,0.0
2008-04-10,-0.08729541478616024,0.0
2008-04-11,0.07841509481183284,0.0
2008-04-14,-0.10169105577771251,0.0
2008-04-15,0.10560319029142011,0.0
2008-04-16,-0.07321600148421416,0.0
2008-04-17,0.11116872198526691,0.0
2008-04-18,0.021520075140818638,0.0
2008-04-21,0.00045535677332009516,0.0
2008-04-22,-0.10589266444327575,0.0
2008-04-23,0.08954735542811562,0.0
2008-04-24,0.015148854575949,0.0
2008-04-25,0.016537591848940762,0.0
2008-04-28,-0.00023502124215498898,0.0
2008-04-29,-0.07905757042112159,0.0
2008-04-30,0.08044382090739316,0.0
2008-05-01,-0.06971935540711094,0.8732357459005025
2008-05-02,0.03894644897350661,0.0
2008-05-05,0.09922522443799289,0.0
2008-05-06,0.005042231766129641,0.0
2008-05-07,-0.10894785141966588,0.0
2008-05-08,-0.0002579696027793938,0.0
2008-05-09,-0.0055680174484297575,0.0
2008-05-12,0.014716092199711196,0.0
2008-05-13,-0.0003958055053515598,0.0
2008-05-14,0.008876683564985173,0.0
2008-05-15,0.01782720236498564,0.0
2008-05-16,-0.0015862278960806434,0.0
2008-05-19,-0.0050448604021585495,0.0
2008-05-20,-0.013294493225564212,0.0
2008-05-21,-0.019317359346194406,0.0
2008-05-22,0.0006332658569064402,0.0
2008-05-23,-0.016582146209750938,0.0
2008-05-27,0.009399948812800167,0.0
2008-05-28,0.006109313068054742,0.0
2008-05-29,0.00709748988225396,0.0
2008-05-30,0.0027386245587145055,0.0
2008-06-02,-0.023752004684668426,0.8813055271973699
2008-06-03,0.0073006841740308704,0.0
2008-06-04,-0.00126025046548737,0.0
2008-06-05,0.015958458110788037,0.0
2008-06-06,-0.0405044131568411,0.0
2008-06-09,-0.01407157225819939,0.0
2008-06-10,-0.00011001804623179976,0.0
2008-06-11,-0.03141647020256444,0.0
2008-06-12,0.010480463174591175,0.0
2008-06-13,0.019442727983499324,0.0
2008-06-16,0.006948633724557187,0.0
2008-06-17,-0.017405514001525055,0.0
2008-06-18,-0.01647600763708337,0.0
2008-06-19,-0.004741775812696003,0.0
2008-06-20,-0.021362661111930446,0.0
2008-06-23,-0.02232246336817475,0.0
2008-06-24,0.003626257042379206,0.0
2008-06-25,0.010617089218069902,0.0
2008-06-26,-0.035869553838985144,0.0
2008-06-27,-0.007272379139485765,0.0
2008-06-30,-0.015716808738666873,0.0
2008-07-01,-0.019837337211357386,0.6903398667704783
2008-07-02,-0.02439659979124866,0.0
2008-07-03,-0.007668893649479335,0.0
2008-07-07,-0.017017492971145184,0.0
2008-07-08,0.04100651177585435,0.0
2008-07-09,-0.04316749380692466,0.0
2008-07-10,-0.0166621115231162,0.0
2008-07-11,-0.02289983602168956,0.0
2008-07-14,-0.031037480940477993,0.0
2008-07-15,-0.009929561085271776,0.0
2008-07-16,0.07087360404412335,0.0
2008-07-17,0.05325794463948747,0.0
2008-07-18,0.0009883330549387945,0.0
2008-07-21,-0.0057821968892421555,0.0
2008-07-22,0.041402191369359485,0.0
2008-07-23,0.0224400777353637,0.0
2008-07-24,-0.05780577152888552,0.0
2008-07-25,-0.0003905352025827598,0.0
2008-07-28,-0.032670041294215364,0.0
2008-07-29,0.13130894568274526,0.0
2008-07-30,0.007007190325381076,0.0
2008-07-31,-0.006018956436238599,0.0
2008-08-01,0.0038102649403612965,0.8454234089341104
2008-08-04,-0.014693597623431153,0.0
2008-08-05,0.04142712119417621,0.0
2008-08-06,0.004595795160843993,0.0
2008-08-07,-0.028793478775482204,0.0
2008-08-08,0.028174485629299112,0.0
2008-08-11,0.019667878402558292,0.0
2008-08-12,-0.02892919071805666,0.0
2008-08-13,-0.0077592110510377186,0.0
2008-08-14,0.02397685087224439,0.0
2008-08-15,-0.0004469989446859999,0.0
2008-08-18,0.01059685830491339,0.0
2008-08-19,-0.029898234329288943,0.0
2008-08-20,0.0029307522594506875,0.0
2008-08-21,-0.004856380212097432,0.0
2008-08-22,0.013739104034491708,0.0
2008-08-25,-0.02133617918933129,0.0
2008-08-26,-0.0036785058517018084,0.0
2008-08-27,0.019391884844064074,0.0
2008-08-28,0.030671670129882235,0.0
2008-08-29,-0.00428661955007094,0.0
2008-09-02,0.003414612264207806,0.5325362027726226
2008-09-03,0.008126535265803463,0.0
2008-09-04,-0.041757789301185254,0.0
2008-09-05,0.01677795341965327,0.0
2008-09-08,0.013959604625556146,0.0
2008-09-09,-0.05190344706318555,0.0
2008-09-10,0.002931203488848818,0.0
2008-09-11,0.015195657916711895,0.0
2008-09-12,0.0028260577271560484,0.0
2008-09-15,-0.06750198824031964,0.0
2008-09-16,0.022978375835111406,0.0
2008-09-17,-0.06061733830208132,0.0
2008-09-18,0.07790741268644519,0.0
2008-09-19,0.07034236085217341,0.0
2008-09-22,-0.06700001001319925,0.0
2008-09-23,-0.023169680757292678,0.0
2008-09-24,-0.00834641168138025,0.0
2008-09-25,0.019983512268812877,0.0
2008-09-26,0.0034555402917717916,0.0
2008-09-29,-0.12464715584300182,0.0
2008-09-30,0.07034749821276488,0.0
2008-10-01,0.010793477791021466,0.7999911083756861
2008-10-02,-0.07272693911693277,0.0
2008-10-03,-0.017086015299696604,0.0
2008-10-06,-0.04492139578238698,0.0
2008-10-07,-0.08106641990338517,0.0
2008-10-08,-0.01628342315261676,0.0
2008-10-09,-0.10342376721421134,0.0
2008-10-10,0.006526485090105046,0.0
2008-10-13,0.1365083347183166,0.0
2008-10-14,0.023588320553299996,0.0
2008-10-15,-0.11445305259711071,0.0
2008-10-16,0.027071779644560888,0.0
2008-10-17,-0.0016643720795614788,0.0
2008-10-20,0.05033230224459426,0.0
2008-10-21,-0.037043843583984305,0.0
2008-10-22,-0.07521637443370485,0.0
2008-10-23,-0.027504769645827404,0.0
2008-10-24,-0.037445232290262705,0.0
2008-10-27,-0.0393736281867998,0.0
2008-10-28,0.1146605856204134,0.0
2008-10-29,0.00663290259217126,0.0
2008-10-30,0.039191630203009684,0.0
2008-10-31,0.023983638823534513,0.0
2008-11-03,-0.001875970092132695,0.8433490070169385
2008-11-04,0.06953146744013147,0.0
2008-11-05,-0.07654481356174025,0.0
2008-11-06,-0.07908258098134727,0.0
2008-11-07,0.03141824436090092,0.0
2008-11-10,-0.04012177112304047,0.0
2008-11-11,-0.04499628324683995,0.0
2008-11-12,-0.09003055137818713,0.0
2008-11-13,0.0947670923423711,0.0
2008-11-14,-0.07377359269066616,0.0
2008-11-17,-0.052253436830996994,0.0
2008-11-18,-0.007381382817192909,0.0
2008-11-19,-0.10941030564389176,0.0
2008-11-20,-0.10876998604055116,0.0
2008-11-21,0.08111634121122911,0.0
2008-11-24,0.1394144539711426,0.0
2008-11-25,0.030340849033204526,0.0
2008-11-26,0.06789053604649467,0.0
2008-11-28,0.01505184086540661,0.0
2008-12-01,-0.1395920682021098,0.4363329356503437
2008-12-02,0.062225241366833814,0.0
2008-12-03,0.03568051984111093,0.0
2008-12-04,-0.03407003288884785,0.0
2008-12-05,0.07929347130568909,0.0
2008-12-08,0.0695661710536077,0.0
2008-12-09,-0.02573507976375443,0.0
2008-12-10,0.030910506286209984,0.0
2008-12-11,-0.05655566283859234,0.0
2008-12-12,0.019579195087654933,0.0
2008-12-15,-0.03046500992574311,0.0
2008-12-16,0.08860816230861192,0.0
2008-12-17,0.03109168983876563,0.0
2008-12-18,-0.037539857425184876,0.0
2008-12-19,0.01850429598932167,0.0
2008-12-22,-0.04852483373931848,0.0
2008-12-23,0.05454552412548634,0.0
2008-12-24,-0.07382022361137398,0.0
2008-12-26,0.01429375595215288,0.0
2008-12-29,-0.008057819637338494,0.0
2008-12-30,0.03393140938697039,0.0
2008-12-31,0.09451866141792832,0.0
2009-01-02,-0.013948644657113318,0.5146752777300669
2009-01-05,0.014235019994644278,0.0
2009-01-06,0.04506308675522783,0.0
2009-01-07,-0.05114889977616209,0.0
2009-01-08,0.019811107378857176,0.0
2009-01-09,-0.03462048060932317,0.0
2009-01-12,-0.05804770291549547,0.0
2009-01-13,0.008404237086237762,0.0
2009-01-14,-0.05987231384958968,0.0
2009-01-15,-0.005107905945683611,0.0
2009-01-16,0.013836211573809792,0.0
2009-01-20,-0.07677750914744738,0.0
2009-01-21,0.07495912670730817,0.0
2009-01-22,-0.020027629735225167,0.0
2009-01-23,0.008161070157053071,0.0
2009-01-26,-0.0001352929203384804,0.0
2009-01-27,0.016659177008069743,0.0
2009-01-28,0.081559376340233,0.0
2009-01-29,-0.06364977392703042,0.0
2009-01-30,-0.059362831101105934,0.0
2009-02-02,-0.0018023024759984407,0.8570343486346046
2009-02-03,0.004911114805396149,0.0
2009-02-04,-0.011137299109396152,0.0
2009-02-05,0.02338205545309755,0.0
2009-02-06,0.06162165393490305,0.0
2009-02-09,0.006225511630153299,0.0
2009-02-10,-0.0937919193837092,0.0
2009-02-11,0.027547024911715748,0.0
2009-02-12,-0.004998025982308165,0.0
2009-02-13,-0.023191549372676916,0.0
2009-02-17,-0.07776810517379663,0.0
2009-02-18,-0.013141088241969513,0.0
2009-02-19,-0.05220261544989646,0.0
2009-02-20,-0.004648990639762685,0.0
2009-02-23,-0.04744921567359249,0.0
2009-02-24,0.08895524603069195,0.0
2009-02-25,-0.02162532812856282,0.0
2009-02-26,0.006401777356581389,0.0
2009-02-27,-0.041517174908733585,0.0
2009-03-02,-0.07801271392291398,0.6866327610872471
2009-03-03,-0.04103275882102607,0.0
2009-03-04,0.03909564434011188,0.0
2009-03-05,-0.08349557186434492,0.0
2009-03-06,-0.010246415091774258,0.0
2009-03-09,0.007508165103793766,0.0
2009-03-10,0.13932517128957864,0.0
2009-03-11,0.009881612814834649,0.0
2009-03-12,0.0794691933211295,0.0
2009-03-13,0.010833702316613923,0.0
2009-03-16,-0.0008777819073429562,0.0
2009-03-17,0.051880713926111294,0.0
2009-03-18,0.08628388941191266,0.0
2009-03-19,-0.035523125856184515,0.0
2009-03-20,-0.05546350004979117,0.0
2009-03-23,0.13473487512069188,0.0
2009-03-24,-0.03603052660701932,0.0
2009-03-25,0.016917185806259987,0.0
2009-03-26,0.03409267743900515,0.0
2009-03-27,-0.03162519179306789,0.0
2009-03-30,-0.09423775613064103,0.0
2009-03-31,0.036413116397245385,0.0
2009-04-01,0.02957612838591661,0.7077589633988087
2009-04-02,0.05633303308383957,0.0
2009-04-03,0.03434981828108393,0.0
2009-04-06,-0.015141527772305291,0.0
2009-04-07,-0.037990387145396654,0.0
2009-04-08,0.018996228191832512,0.0
2009-04-09,0.10653710232403384,0.0
2009-04-13,0.023136547305615845,0.0
2009-04-14,-0.04387304498084192,0.0
2009-04-15,0.04210567895896149,0.0
2009-04-16,0.02508191060331409,0.0
2009-04-17,0.0245789990291801,0.0
2009-04-20,-0.09960850422345606,0.0
2009-04-21,0.061459337104888066,0.0
2009-04-22,-0.01527102140157264,0.0
2009-04-23,0.02295848254655855,0.0
2009-04-24,0.034995362787480166,0.0
2009-04-27,-0.03792100637684012,0.0
2009-04-28,-0.0022910384649632316,0.0
2009-04-29,0.038523703862688816,0.0
2009-04-30,-0.0045651980929485,0.0
2009-05-01,0.013268434503744597,0.6179775074951243
2009-05-04,0.26106814495004127,0.0
2009-05-05,0.0006636344462572067,0.0
2009-05-06,-0.10841215249192081,0.0
2009-05-07,-0.02339542267339117,0.0
2009-05-08,0.080519102847021,0.0
2009-05-11,-0.052488244113050225,0.0
2009-05-12,-0.0194610132428152,0.0
2009-05-13,-0.06423238784182975,0.0
2009-05-14,0.21513651961519756,0.0
2009-05-15,-0.16723781318847838,0.0
2009-05-18,0.23817393867684125,0.0
2009-05-19,-0.001832975089048583,0.0
2009-05-20,-0.15205322102233498,0.0
2009-05-21,-0.01792746548991946,0.0
2009-05-22,-0.008286036626132245,0.0
2009-05-26,0.03774084682409325,0.0
2009-05-27,-0.024946122605961095,0.0
2009-05-28,0.02231105803564108,0.0
2009-05-29,0.023624234643559262,0.0
2009-06-01,0.03317233184375268,1.7200092158251494
2009-06-02,2.033621764234711,0.0
2009-06-03,-0.6715594433293469,0.0
2009-06-04,0.006609800552350372,0.0
2009-06-05,0.0039451873250121935,0.0
2009-06-08,2.0460366414555358,0.0
2009-06-09,-0.6692642171177355,0.0
2009-06-10,-0.007418617325074895,0.0
2009-06-11,0.000932170652856179,0.0
2009-06-12,0.00434044424827878,0.0
2009-06-15,-0.025451214289381352,0.0
2009-06-16,-0.013575197869256237,0.0
2009-06-17,0.00376650603531085,0.0
2009-06-18,0.003152951757230118,0.0
2009-06-19,0.004720250609345765,0.0
2009-06-22,-0.02244636796195701,0.0
2009-06-23,-0.004063630789893652,0.0
2009-06-24,0.0076201615032526135,0.0
2009-06-25,0.02232544849156933,0.0
2009-06-26,0.0014305699986846873,0.0
2009-06-29,2.15717841920352,0.0
2009-06-30,-0.6790242334156538,0.0
2009-07-01,0.004427907222475325,1.6716076575343357
2009-07-02,-0.03790452323300393,0.0
2009-07-06,1.5661907703678604,0.0
2009-07-07,-0.6228130235464471,0.0
2009-07-08,0.0008383893023375421,0.0
2009-07-09,0.009727339942995378,0.0
2009-07-10,-0.005076534404087267,0.0
2009-07-13,0.026739470094129258,0.0
2009-07-14,0.013359252385109578,0.0
2009-07-15,0.037676171264252975,0.0
2009-07-16,0.006847472505098339,0.0
2009-07-17,-0.0016270686455846744,0.0
2009-07-20,0.023266929030426098,0.0
2009-07-21,-0.0035363683174022965,0.0
2009-07-22,0.0027001132365741263,0.0
2009-07-23,0.030962675327563815,0.0
2009-07-24,1.495485205961747,0.0
2009-07-27,-0.5918324255951121,0.0
2009-07-28,-0.0037533447111865815,0.0
2009-07-29,-0.012496712854757643,0.0
2009-07-30,0.021453605770058407,0.0
2009-07-31,0.00497766470563899,0.0
2009-08-03,0.027102315459926363,1.5938271164124274
2009-08-04,0.005835893741142797,0.0
2009-08-05,-0.0014135692394831986,0.0
2009-08-06,-0.001628700841535306,0.0
2009-08-07,0.019076430453069067,0.0
2009-08-10,-0.0027226655502507755,0.0
2009-08-11,-0.01103432553599849,0.0
2009-08-12,0.009918235295835475,0.0
2009-08-13,0.006508754089791099,0.0
2009-08-14,-0.008064487910589956,0.0
2009-08-17,-0.02011377716354666,0.0
2009-08-18,1.6460746298828042,0.0
2009-08-19,-0.6158436263094261,0.0
2009-08-20,0.0129593610025415,0.0
2009-08-21,0.018603067656378508,0.0
2009-08-24,-0.0003021027911532739,0.0
2009-08-25,0.003755057598294507,0.0
2009-08-26,0.005510656918963203,0.0
2009-08-27,0.01100053657849083,0.0
2009-08-28,1.911623089602204e-05,0.0
2009-08-31,-0.010394370393563402,0.0
2009-09-01,-0.02424197523168936,1.3385201385236232
2009-09-02,-0.0003164719014538167,0.0
2009-09-03,1.2943247736736088,0.0
2009-09-04,-0.5556109459183,0.0
2009-09-08,0.01246111551526195,0.0
2009-09-09,0.006713951028664049,0.0
2009-09-10,0.010120370175123346,0.0
2009-09-11,0.002307527458039573,0.0
2009-09-14,0.006578807588644129,0.0
2009-09-15,1.2109492547585394,0.0
2009-09-16,-0.5371887455429213,0.0
2009-09-17,1.2656928543116792,0.0
2009-09-18,-0.5609679276671546,0.0
2009-09-21,1.2943997235579583,0.0
2009-09-22,-0.5621037952966703,0.0
2009-09-23,-0.013098586382010011,0.0
2009-09-24,-0.011137738742421717,0.0
2009-09-25,-0.004239938375176852,0.0
2009-09-28,0.016040027401379824,0.0
2009-09-29,0.07059107414038095,0.0
2009-09-30,-0.06785522772652579,0.0
2009-10-01,1.3655764810919409,1.7811490438901105
2009-10-02,-0.01730438989277512,0.0
2009-10-05,0.02543260668953746,0.0
2009-10-06,0.004340203479992787,0.0
2009-10-07,0.001328105083829534,0.0
2009-10-08,0.01099915412117239,0.0
2009-10-09,0.007852532853714615,0.0
2009-10-12,0.003925805979364089,0.0
2009-10-13,-0.001748172380527232,0.0
2009-10-14,0.021772701559094103,0.0
2009-10-15,0.0048235402431206905,0.0
2009-10-16,-0.0028789339965496975,0.0
2009-10-19,0.0031840603294637764,0.0
2009-10-20,-0.007818090488862096,0.0
2009-10-21,-0.0111627230155878,0.0
2009-10-22,0.02163691142099957,0.0
2009-10-23,-0.020278596492154695,0.0
2009-10-26,-0.007439893641831224,0.0
2009-10-27,-0.013664656184541978,0.0
2009-10-28,-0.019381098071228946,0.0
2009-10-29,0.017863135842008715,0.0
2009-10-30,-0.030409531563684557,0.0
2009-11-02,0.0035920141441065923,1.4454051089450193
2009-11-03,1.3867100879133814,0.0
2009-11-04,0.00632913303674704,0.0
2009-11-05,-0.5705848570772987,0.0
2009-11-06,1.2976531317075002,0.0
2009-11-09,-0.5503699557065254,0.0
2009-11-10,-0.010710956569122649,0.0
2009-11-11,0.012688765809177363,0.0
2009-11-12,1.2902126231168713,0.0
2009-11-13,-0.014153236578723275,0.0
2009-11-16,0.01724838140865911,0.0
2009-11-17,-0.007242505709881297,0.0
2009-11-18,0.00823557246541764,0.0
2009-11-19,-0.02039400014570384,0.0
2009-11-20,-0.006722774656153999,0.0
2009-11-23,0.005878065391739192,0.0
2009-11-24,-0.0444760176391686,0.0
2009-11-25,0.004564511816969476,0.0
2009-11-27,-0.5448140338062893,0.0
2009-11-30,0.004665081517809274,0.0
2009-12-01,1.2097907231392293,1.645354755796873
2009-12-02,0.001271501449357385,0.0
2009-12-03,-0.01136305093854885,0.0
2009-12-04,0.016836423232724072,0.0
2009-12-07,-8.963517910333269e-05,0.0
2009-12-08,-0.016489777413321652,0.0
2009-12-09,0.0016377143098439046,0.0
2009-12-10,0.013274473563501228,0.0
2009-12-11,0.005842407019190577,0.0
2009-12-14,0.012468843420935936,0.0
2009-12-15,-0.004400024717559716,0.0
2009-12-16,0.008043567981443418,0.0
2009-12-17,-0.011448628886531888,0.0
2009-12-18,-0.017255208771999514,0.0
2009-12-21,0.003180327902382407,0.0
2009-12-22,0.01755303481687317,0.0
2009-12-23,0.005815737669450675,0.0
2009-12-24,0.005315246379160941,0.0
2009-12-28,-0.011359411892712267,0.0
2009-12-29,-0.0017883526314778429,0.0
2009-12-30,-1.1278985410164907e-05,0.0
2009-12-31,-0.00995115541765072,0.0
2010-01-04,0.016814501689682126,1.5545578612625903
2010-01-05,0.009736720603833059,0.0
2010-01-06,1.6275600460975392,0.0
2010-01-07,-0.6143638701919175,0.0
2010-01-08,1.620709875853992,0.0
2010-01-11,-0.61505117033517,0.0
2010-01-12,-0.010366182781025149,0.0
2010-01-13,0.008724773469325703,0.0
2010-01-14,0.003026608557539616,0.0
2010-01-15,-0.01133537550016993,0.0
2010-01-19,1.6170414836196416,0.0
2010-01-20,-0.6168084130035917,0.0
2010-01-21,1.5865592282572205,0.0
2010-01-22,-0.6291911563862722,0.0
2010-01-25,0.004069846747642375,0.0
2010-01-26,-0.006141488697412499,0.0
2010-01-27,0.004249170796590221,0.0
2010-01-28,-0.010446022998941346,0.0
2010-01-29,0.06348971891023285,0.0
2010-02-01,0.01642416287514248,1.3070595668280474
2010-02-02,0.01615396867902686,0.0
2010-02-03,-0.014946438681188765,0.0
2010-02-04,-0.04229617421224129,0.0
2010-02-05,0.004293093364324053,0.0
2010-02-08,-0.007278180237222818,0.0
2010-02-09,0.018646756950819146,0.0
2010-02-10,0.0003527548987909779,0.0
2010-02-11,0.013940886605933992,0.0
2010-02-12,0.002958879455523703,0.0
2010-02-16,0.01946574429066314,0.0
2010-02-17,0.003921916397457167,0.0
2010-02-18,0.0037385113128257956,0.0
2010-02-19,0.006800171944020798,0.0
2010-02-22,-0.0012544906185914517,0.0
2010-02-23,-0.012099964375418281,0.0
2010-02-24,0.002727897196791446,0.0
2010-02-25,0.0015827637162825316,0.0
2010-02-26,0.007942972915259049,0.0
2010-03-01,0.025402273819602916,0.9307315658777928
2010-03-02,0.004873264212941281,0.0
2010-03-03,0.002680765123590874,0.0
2010-03-04,0.006458862069513382,0.0
2010-03-05,0.020445229050426957,0.0
2010-03-08,0.0032176335843547505,0.0
2010-03-09,0.003885765410411472,0.0
2010-03-10,0.007845989349705446,0.0
2010-03-11,0.0035179954948424226,0.0
2010-03-12,-0.006807946609552184,0.0
2010-03-15,-0.004801685054513726,0.0
2010-03-16,0.015027222961002508,0.0
2010-03-17,0.011356405462739248,0.0
2010-03-18,-0.005409549730492182,0.0
2010-03-19,-0.014021344117180317,0.0
2010-03-22,0.012455394734421504,0.0
2010-03-23,0.013037017748316367,0.0
2010-03-24,-0.005610813368569005,0.0
2010-03-25,-0.0032203107126311083,0.0
2010-03-26,0.004179487823084245,0.0
2010-03-29,0.00756247098719575,0.0
2010-03-30,-0.0027864944431167313,0.0
2010-03-31,-0.004564196598329894,0.0
2010-04-01,0.00950813544242246,0.3808221184913032
2010-04-05,0.01721383462679728,0.0
2010-04-06,0.0036668351549526868,0.0
2010-04-07,-0.006026109587431975,0.0
2010-04-08,0.002338081982048962,0.0
2010-04-09,0.006322861754588476,0.0
2010-04-12,0.0029177400384235554,0.0
2010-04-13,7.75868881232371e-05,0.0
2010-04-14,0.018775757636906143,0.0
2010-04-15,-0.0008892094696661861,0.0
2010-04-16,-0.021620878971346173,0.0
2010-04-19,0.00028864328203381486,0.0
2010-04-20,0.01362865561814322,0.0
2010-04-21,0.0038081963400334144,0.0
2010-04-22,0.0038639897398903686,0.0
2010-04-23,0.01084647207437926,0.0
2010-04-26,-0.00219635170180515,0.0
2010-04-27,-0.03342846581034093,0.0
2010-04-28,0.006668740576354317,0.0
2010-04-29,0.01435596257384698,0.0
2010-04-30,-0.02555672145058711,0.0
2010-05-03,0.01761071140972925,0.4622949488793816
2010-05-04,-0.03294706075209616,0.0
2010-05-05,-0.00917828981653843,0.0
2010-05-06,-0.03574900859090852,0.0
2010-05-07,-0.02360621734713616,0.0
2010-05-10,0.060273494459182064,0.0
2010-05-11,-0.0039058865714033074,0.0
2010-05-12,0.02362748513066657,0.0
2010-05-13,-0.015949960317940878,0.0
2010-05-14,-0.027456687707049458,0.0
2010-05-17,-0.0015450668977022488,0.0
2010-05-18,-0.01879812098974063,0.0
2010-05-19,-0.007989525582188819,0.0
2010-05-20,-0.04910474799197853,0.0
2010-05-21,0.026575673521936936,0.0
2010-05-24,-0.014543768042699691,0.0
2010-05-25,0.0032749615724507295,0.0
2010-05-26,-0.0006640760395080345,0.0
2010-05-27,0.04283572248182572,0.0
2010-05-28,-0.016022221133797213,0.0
2010-06-01,-0.030396556441670164,0.7461238633713742
2010-06-02,0.0308315641505763,0.0
2010-06-03,0.004588300273052234,0.0
2010-06-04,-0.04737525711124482,0.0
2010-06-07,-0.02674669586565502,0.0
2010-06-08,0.009184922628199768,0.0
2010-06-09,0.0013958584410087955,0.0
2010-06-10,0.045866097118623286,0.0
2010-06-11,0.007637588541169007,0.0
2010-06-14,0.00013758899970367389,0.0
2010-06-15,0.0314644087212125,0.0
2010-06-16,-0.005130986852359151,0.0
2010-06-17,-0.005749718935694308,0.0
2010-06-18,-0.000497083368869567,0.0
2010-06-21,-0.0022190164494486535,0.0
2010-06-22,-0.024653575983409434,0.0
2010-06-23,0.0011679570355385023,0.0
2010-06-24,-0.023770185581975634,0.0
2010-06-25,0.014196501706172884,0.0
2010-06-28,-0.009838916858645554,0.0
2010-06-29,-0.04707903692682128,0.0
2010-06-30,-0.013988469378563455,0.0
2010-07-01,-0.0023240959007904127,0.4798266796151488
2010-07-02,-0.009096557342076334,0.0
2010-07-06,-0.0008497684440089034,0.0
2010-07-07,0.04437367941915797,0.0
2010-07-08,0.012425728225900963,0.0
2010-07-09,0.014095706684684562,0.0
2010-07-12,-0.00662060477579259,0.0
2010-07-13,0.024870941095302513,0.0
2010-07-14,-0.003392498967715909,0.0
2010-07-15,-0.003229021587755054,0.0
2010-07-16,-0.04056049816100572,0.0
2010-07-19,0.007495256308090794,0.0
2010-07-20,0.021160549254896025,0.0
2010-07-21,-0.013068578467988066,0.0
2010-07-22,0.03727813319966366,0.0
2010-07-23,0.015734807058956617,0.0
2010-07-26,0.01674780751599229,0.0
2010-07-27,-0.012037381611282148,0.0
2010-07-28,-0.011233762659730646,0.0
2010-07-29,-0.0012514754528933723,0.0
2010-07-30,0.0005726387077287073,0.0
2010-08-02,0.028065597463274417,0.4809227105164446
2010-08-03,-0.010812146581686354,0.0
2010-08-04,0.00873051309677122,0.0
2010-08-05,-0.0003932846560796002,0.0
2010-08-06,-0.006208350532358825,0.0
2010-08-09,0.0080960843779931,0.0
2010-08-10,-0.013958850639689298,0.0
2010-08-11,-0.03832164130580232,0.0
2010-08-12,-0.006082092239176147,0.0
2010-08-13,-0.002664210853181484,0.0
2010-08-16,-0.0014749935305136846,0.0
2010-08-17,0.017310759878252195,0.0
2010-08-18,0.006063489304558813,0.0
2010-08-19,-0.017343921854581786,0.0
2010-08-20,-0.004146326076988508,0.0
2010-08-23,-0.00959001834898134,0.0
2010-08-24,-0.01845774883521734,0.0
2010-08-25,0.0041505377551886375,0.0
2010-08-26,-0.010970402023539733,0.0
2010-08-27,0.026698792396444005,0.0
2010-08-30,-0.017566612919249318,0.0
2010-08-31,-0.0028402451200477156,0.0
2010-09-01,0.04115344267215382,0.5683945645039257
2010-09-02,0.017080168846979105,0.0
2010-09-03,0.01877100739542594,0.0
2010-09-07,-0.02093885761686378,0.0
2010-09-08,0.009906606713954592,0.0
2010-09-09,0.0033206012018439095,0.0
2010-09-10,0.00602821877497219,0.0
2010-09-13,0.0200302919620588,0.0
2010-09-14,-0.005050854444704685,0.0
2010-09-15,-0.0006355585964889173,0.0
2010-09-16,-0.0025272496000863964,0.0
2010-09-17,0.0010407725475668076,0.0
2010-09-20,0.02312561978327693,0.0
2010-09-21,-0.008927147406048656,0.0
2010-09-22,-0.011662132228832108,0.0
2010-09-23,-0.010539311406636779,0.0
2010-09-24,0.029217235118121465,0.0
2010-09-27,-0.007239524856295478,0.0
2010-09-28,0.008690834730497246,0.0
2010-09-29,0.0011949423820814742,0.0
2010-09-30,-0.002617603561268657,0.0
2010-10-01,0.0052271134662273955,0.687589940402724
2010-10-04,-0.00926430671475162,0.0
2010-10-05,0.023720607844835286,0.0
2010-10-06,-0.006260288140570107,0.0
2010-10-07,-0.0011671094683814442,0.0
2010-10-08,0.012698927133193233,0.0
2010-10-11,0.0037072125703899667,0.0
2010-10-12,0.005167700168680223,0.0
2010-10-13,0.0082381960999279,0.0
2010-10-14,-0.010088340727722656,0.0
2010-10-15,-0.002790860504789213,0.0
2010-10-18,0.0037843363705019656,0.0
2010-10-19,-0.017279503241039933,0.0
2010-10-20,0.011359758461892846,0.0
2010-10-21,-0.0018491807589721594,0.0
2010-10-22,0.005258175660077635,0.0
2010-10-25,0.004840338646285712,0.0
2010-10-26,-0.0016683257186188023,0.0
2010-10-27,-0.0011693768403358126,0.0
2010-10-28,-0.003289146946239542,0.0
2010-10-29,0.004858563562548147,0.0
2010-11-01,-0.0009972197777046166,0.6707262044174013
2010-11-02,0.011603182410155814,0.0
2010-11-03,0.004555284227963436,0.0
2010-11-04,0.025337958240044013,0.0
2010-11-05,0.007747994682635738,0.0
2010-11-08,-0.0004336946146557265,0.0
2010-11-09,-0.020869163985230196,0.0
2010-11-10,0.007591946115431773,0.0
2010-11-11,-0.0021619058375455767,0.0
2010-11-12,-0.01628475305822385,0.0
2010-11-15,-0.00273201782167966,0.0
2010-11-16,-0.020151183686008923,0.0
2010-11-17,0.0005043385470221833,0.0
2010-11-18,0.014585088209401622,0.0
2010-11-19,0.005502478588089103,0.0
2010-11-22,0.002751613587712534,0.0
2010-11-23,-0.014151786243583795,0.0
2010-11-24,0.018442784254093743,0.0
2010-11-26,-0.0062923501212559,0.0
2010-11-29,-0.001050899577880121,0.0
2010-11-30,-0.005609157563134948,0.0
2010-12-01,0.022734280067670865,0.6145522511819755
2010-12-02,0.017675602857237592,0.0
2010-12-03,0.004069507082703807,0.0
2010-12-06,0.001714059504735119,0.0
2010-12-07,0.002273874109349142,0.0
2010-12-08,0.0073400024895037864,0.0
2010-12-09,0.00807660022934207,0.0
2010-12-10,0.010863394683162032,0.0
2010-12-13,-0.003760125830727241,0.0
2010-12-14,-0.004088297583678443,0.0
2010-12-15,-0.006827178923349858,0.0
2010-12-16,0.008058600596359829,0.0
2010-12-17,0.0073901717065361135,0.0
2010-12-20,-0.02686332178128345,0.0
2010-12-21,0.011211308570206377,0.0
2010-12-22,0.0034038104936877527,0.0
2010-12-23,-0.004419961346142345,0.0
2010-12-27,4.988034704741238e-06,0.0
2010-12-28,-0.001945817733229516,0.0
2010-12-29,0.0016368466701840183,0.0
2010-12-30,0.00025470107548453266,0.0
2010-12-31,-0.0004599338589522917,0.0
2011-01-03,0.01565754457059043,0.6226256482110115
2011-01-04,-0.006820834202534816,0.0
2011-01-05,0.010003976659883482,0.0
2011-01-06,-0.0010799611660091508,0.0
2011-01-07,-0.001495601442048337,0.0
2011-01-10,-0.0002451595797701128,0.0
2011-01-11,0.004447878805448528,0.0
2011-01-12,0.01026221428878631,0.0
2011-01-13,-0.0101756460552119,0.0
2011-01-14,0.0065111976396297015,0.0
2011-01-18,0.0034956973953407127,0.0
2011-01-19,-0.017672652674987126,0.0
2011-01-20,-0.004807419401631282,0.0
2011-01-21,-0.00032959311726235747,0.0
2011-01-24,0.0066821789499366385,0.0
2011-01-25,-0.004389308128372122,0.0
2011-01-26,0.01096507983484291,0.0
2011-01-27,0.004698597853587661,0.0
2011-01-28,-0.023002214245199912,0.0
2011-01-31,0.008572052193276074,0.0
2011-02-01,0.01778580763831794,0.5205840359352445
2011-02-02,-0.0006343848131641382,0.0
2011-02-03,0.00803587860066485,0.0
2011-02-04,0.007313404438226392,0.0
2011-02-07,0.00888154174617373,0.0
2011-02-08,0.002842538648606355,0.0
2011-02-09,-0.002412220097607193,0.0
2011-02-10,0.005681231147074013,0.0
2011-02-11,0.009920829182869417,0.0
2011-02-14,0.002907742140784677,0.0
2011-02-15,-0.0066009017230669025,0.0
2011-02-16,0.013331140914659017,0.0
2011-02-17,0.0066778239385910515,0.0
2011-02-18,-0.0011804137631219419,0.0
2011-02-22,-0.03029287897801779,0.0
2011-02-23,-0.013036108694416461,0.0
2011-02-24,-0.004457518419395235,0.0
2011-02-25,0.01664040711663648,0.0
2011-02-28,0.0004930978725492165,0.0
2011-03-01,-0.02112661693933704,0.6069773124707161
2011-03-02,0.005202643514277388,0.0
2011-03-03,0.01840041745565502,0.0
2011-03-04,-0.007023094240615169,0.0
2011-03-07,-0.014027654852990804,0.0
2011-03-08,0.007028777551288891,0.0
2011-03-09,-0.005190183842162862,0.0
2011-03-10,-0.021303715242569295,0.0
2011-03-11,0.01273050108780931,0.0
2011-03-14,-0.005933129776114865,0.0
2011-03-15,-0.007737700730458939,0.0
2011-03-16,-0.01576923128173379,0.0
2011-03-17,0.009573950702720175,0.0
2011-03-18,0.003903029442520794,0.0
2011-03-21,0.016876881057368016,0.0
2011-03-22,-0.00756759474615793,0.0
2011-03-23,0.006439970087564559,0.0
2011-03-24,0.015053069013569988,0.0
2011-03-25,0.004192210616693546,0.0
2011-03-28,-0.004402296867059225,0.0
2011-03-29,0.008353290993239271,0.0
2011-03-30,0.01016348123934297,0.0
2011-03-31,-0.002495418943321947,0.0
2011-04-01,0.005387013570156141,0.6107989256687603
2011-04-04,-0.0014859629068964021,0.0
2011-04-05,0.003774670815407209,0.0
2011-04-06,-0.0003515966931837869,0.0
2011-04-07,-0.002756636372537419,0.0
2011-04-08,-0.005168687113205948,0.0
2011-04-11,-0.008185160753102255,0.0
2011-04-12,-0.011356248123927326,0.0
2011-04-13,0.003473588866579746,0.0
2011-04-14,0.0010496876399035658,0.0
2011-04-15,0.005028103990898078,0.0
2011-04-18,-0.012208297789982427,0.0
2011-04-19,0.006813216780224609,0.0
2011-04-20,0.019859908387903802,0.0
2011-04-21,0.006158211094718083,0.0
2011-04-25,-0.00248091869232852,0.0
2011-04-26,0.004629450267880836,0.0
2011-04-27,0.003710889071011408,0.0
2011-04-28,-0.0017452934058582376,0.0
2011-04-29,0.003292320647732009,0.0
2011-05-02,-0.004974790032702736,0.4602401170540643
2011-05-03,-0.009093895236305705,0.0
2011-05-04,-0.007786135493238514,0.0
2011-05-05,-0.002533855005874175,0.0
2011-05-06,0.003281572567384446,0.0
2011-05-09,0.0056764441098337715,0.0
2011-05-10,0.010222016820745174,0.0
2011-05-11,-0.013180002982247595,0.0
2011-05-12,0.008667294435846993,0.0
2011-05-13,-0.01134576328246932,0.0
2011-05-16,-0.009288273202112006,0.0
2011-05-17,-0.003108815364367479,0.0
2011-05-18,0.012623795424678036,0.0
2011-05-19,0.0010539700150056673,0.0
2011-05-20,-0.008152170475741929,0.0
2011-05-23,-0.014139704087214502,0.0
2011-05-24,-0.011438491892442853,0.0
2011-05-25,0.002462268852145928,0.0
2011-05-26,0.006491106783431644,0.0
2011-05-27,0.008446499349633055,0.0
2011-05-31,0.008857044530847985,0.0
2011-06-01,-0.027167352971284253,0.5240558988957088
2011-06-02,-0.0007537704766261365,0.0
2011-06-03,-0.015815320538414494,0.0
2011-06-06,-0.015578788461933949,0.0
2011-06-07,0.0018538799919371163,0.0
2011-06-08,-0.012855318795627464,0.0
2011-06-09,0.00854575107963009,0.0
2011-06-10,-0.01644615786939267,0.0
2011-06-13,-0.0034661214619686347,0.0
2011-06-14,0.020483333270322663,0.0
2011-06-15,-0.019923458890278443,0.0
2011-06-16,-0.002228838472146196,0.0
2011-06-17,0.0023959552337531366,0.0
2011-06-20,0.00803148572719973,0.0
2011-06-21,0.022224113084420974,0.0
2011-06-22,-0.00686278856789406,0.0
2011-06-23,0.0024986401568415978,0.0
2011-06-24,-0.014352096486612707,0.0
2011-06-27,0.008245935493294335,0.0
2011-06-28,0.018342068503540605,0.0
2011-06-29,0.007643720828472394,0.0
2011-06-30,0.009759094487808082,0.0
2011-07-01,0.017024070782873935,0.6065041419575155
2011-07-05,-0.003027754672160053,0.0
2011-07-06,-4.186543209105302e-05,0.0
2011-07-07,0.015312188035174788,0.0
2011-07-08,-0.009391273196636296,0.0
2011-07-11,-0.024643220183820584,0.0
2011-07-12,-0.006680324046299006,0.0
2011-07-13,0.0029850699415931757,0.0
2011-07-14,-0.012937208092228925,0.0
2011-07-15,0.00764684235205727,0.0
2011-07-18,-0.012607025182969016,0.0
2011-07-19,0.02013229270075898,0.0
2011-07-20,0.0003069719426651851,0.0
2011-07-21,0.011939267909251986,0.0
2011-07-22,0.007707371712089279,0.0
2011-07-25,-0.008011818145566195,0.0
2011-07-26,0.0002835211246359163,0.0
2011-07-27,-0.030819882522859908,0.0
2011-07-28,-0.009245128266699319,0.0
2011-07-29,-0.004371118225078473,0.0
2011-08-01,-0.009026778284300208,0.5551263071354234
2011-08-02,-0.03798954054763755,0.0
2011-08-03,0.01024814180224598,0.0
2011-08-04,-0.060764072886839514,0.0
2011-08-05,-0.006314719669532525,0.0
2011-08-08,-0.08176720435863565,0.0
2011-08-09,0.05607115050742282,0.0
2011-08-10,-0.04463723866733209,0.0
2011-08-11,0.055071215540275,0.0
2011-08-12,0.005278172459417965,0.0
2011-08-15,0.022269522597486865,0.0
2011-08-16,-0.01394978678801665,0.0
2011-08-17,-0.00632587873643803,0.0
2011-08-18,-0.05806279068600887,0.0
2011-08-19,-0.017918836645639015,0.0
2011-08-22,0.001295497267969228,0.0
2011-08-23,0.04176937365030079,0.0
2011-08-24,0.013188078743149256,0.0
2011-08-25,-0.01836481668640793,0.0
2011-08-26,0.022613692052831837,0.0
2011-08-29,0.03870044444384088,0.0
2011-08-30,0.006380158910364182,0.0
2011-08-31,0.003798139191405196,0.0
2011-09-01,-0.016606379843706165,1.1369017441119142
2011-09-02,-0.03840385482176681,0.0
2011-09-06,-0.012474490477690671,0.0
2011-09-07,0.04952980096366159,0.0
2011-09-08,-0.017333956879250774,0.0
2011-09-09,-0.032040460610041774,0.0
2011-09-12,0.00728033668228497,0.0
2011-09-13,0.015419503481304345,0.0
2011-09-14,0.017651931636984208,0.0
2011-09-15,0.022315739379597965,0.0
2011-09-16,0.0010065585107447155,0.0
2011-09-19,-0.018092567974369443,0.0
2011-09-20,-0.009999583721939893,0.0
2011-09-21,-0.042587572577547854,0.0
2011-09-22,-0.04404595017189837,0.0
2011-09-23,0.007525743541585257,0.0
2011-09-26,0.03030979903164432,0.0
2011-09-27,0.016055802568805393,0.0
2011-09-28,-0.035194902039307224,0.0
2011-09-29,0.011006385824561376,0.0
2011-09-30,-0.040535617476986696,0.0
2011-10-03,-0.04897934102971846,0.3202387102676354
2011-10-04,0.04351313679583908,0.0
2011-10-05,0.03120687177921702,0.0
2011-10-06,0.033365628468634626,0.0
2011-10-07,-0.02382646024999631,0.0
2011-10-10,0.048956678022100214,0.0
2011-10-11,0.0045685300590253535,0.0
2011-10-12,0.018898007723256765,0.0
2011-10-13,-0.006470280404444967,0.0
2011-10-14,0.022739807208827338,0.0
2011-10-17,-0.03531971871324137,0.0
2011-10-18,0.0380747560499457,0.0
2011-10-19,-0.023086357825158815,0.0
2011-10-20,0.009655462838493747,0.0
2011-10-21,0.027011160972453027,0.0
2011-10-24,0.03034647549124664,0.0
2011-10-25,-0.0365346701050398,0.0
2011-10-26,0.021307407548496613,0.0
2011-10-27,0.06103734393406471,0.0
2011-10-28,0.010014155453538526,0.0
2011-10-31,-0.039103072765467574,0.0
2011-11-01,-0.04207786810199443,0.5196035263988203
2011-11-02,0.025150679136670955,0.0
2011-11-03,0.022617664507739717,0.0
2011-11-04,-0.001176912864971623,0.0
2011-11-07,0.0016094030543225188,0.0
2011-11-08,0.01565659379261226,0.0
2011-11-09,-0.049793148688436456,0.0
2011-11-10,0.008087452614161805,0.0
2011-11-11,0.024085216712436505,0.0
2011-11-14,-0.014058155420440348,0.0
2011-11-15,0.006616950867813847,0.0
2011-11-16,-0.018531187815768645,0.0
2011-11-17,-0.02597845272369787,0.0
2011-11-18,-0.0009921975918831326,0.0
2011-11-21,-0.020945945289324662,0.0
2011-11-22,-0.007924280034803995,0.0
2011-11-23,-0.030810610057205846,0.0
2011-11-25,-0.004080169663591948,0.0
2011-11-28,0.03950963690941525,0.0
2011-11-29,-0.003203584267545811,0.0
2011-11-30,0.054454346070618845,0.0
2011-12-01,-0.0024715032279726268,0.6129312441550677
2011-12-02,0.0008279732878056088,0.0
2011-12-05,0.0171965268429477,0.0
2011-12-06,-0.003818408469683471,0.0
2011-12-07,0.0027007565760017124,0.0
2011-12-08,-0.030698287866321807,0.0
2011-12-09,0.023120512379847857,0.0
2011-12-12,-0.02237363136770857,0.0
2011-12-13,-0.021578381884744622,0.0
2011-12-14,-0.017757049406589984,0.0
2011-12-15,-0.01433138123901423,0.0
2011-12-16,0.0056605012083022245,0.0
2011-12-19,-0.021627882830444783,0.0
2011-12-20,0.03860197363137715,0.0
2011-12-21,-0.008365205365716302,0.0
2011-12-22,0.017770947709074465,0.0
2011-12-23,0.0073978849431798974,0.0
2011-12-27,-0.003121002006310575,0.0
2011-12-28,-0.018431430973016676,0.0
2011-12-29,0.0142482355978917,0.0
2011-12-30,-0.002685783048335069,0.0
2012-01-03,0.023206106527514425,0.7016766018014942
2012-01-04,-0.00022677905050207884,0.0
2012-01-05,0.008032459159596692,0.0
2012-01-06,-0.001577720815931944,0.0
2012-01-09,0.005450287465522139,0.0
2012-01-10,0.015433148187221857,0.0
2012-01-11,0.004963881826739469,0.0
2012-01-12,0.0017041896918983648,0.0
2012-01-13,-0.009506666792674333,0.0
2012-01-17,0.0016568281074612109,0.0
2012-01-18,0.022543117500434195,0.0
2012-01-19,0.01019768379049471,0.0
2012-01-20,-0.0013958822958771557,0.0
2012-01-23,0.002350221582938176,0.0
2012-01-24,0.005386425136964137,0.0
2012-01-25,0.010068768862439653,0.0
2012-01-26,-0.011802554358383621,0.0
2012-01-27,0.005229206494386572,0.0
2012-01-30,-0.007033124781585718,0.0
2012-01-31,-0.002595162461721298,0.0
2012-02-01,0.01680186314688803,0.6348608875730395
2012-02-02,0.004857506794342628,0.0
2012-02-03,0.025872640047147677,0.0
2012-02-06,-0.0010936273513921433,0.0
2012-02-07,0.0005876558049879248,0.0
2012-02-08,0.0052295046453822835,0.0
2012-02-09,0.00463012190804114,0.0
2012-02-10,-0.013121037945556961,0.0
2012-02-13,0.005060841470371676,0.0
2012-02-14,-0.0007506237966040353,0.0
2012-02-15,0.0004424989165630716,0.0
2012-02-16,0.018216648694292875,0.0
2012-02-17,0.0018268818024876872,0.0
2012-02-21,-0.0032534659289340474,0.0
2012-02-22,-0.009661714609157181,0.0
2012-02-23,0.008790838879063328,0.0
2012-02-24,0.0007730039959520827,0.0
2012-02-27,0.0016097475937052142,0.0
2012-02-28,-0.0008149389213450073,0.0
2012-02-29,-0.009054640706909462,0.0
2012-03-01,0.006816101084195614,0.8053270270070971
2012-03-02,-0.007084403084277968,0.0
2012-03-05,-0.012965791606595877,0.0
2012-03-06,-0.022562882820238248,0.0
2012-03-07,0.011967217246904048,0.0
2012-03-08,0.016378409316212164,0.0
2012-03-09,0.0058713532324661455,0.0
2012-03-12,-0.006382841544932797,0.0
2012-03-13,0.024699742712229723,0.0
2012-03-14,-0.007220643433448529,0.0
2012-03-15,0.013611889484289262,0.0
2012-03-16,0.0039702830956254015,0.0
2012-03-19,0.004590935430400012,0.0
2012-03-20,-0.007839534536551122,0.0
2012-03-21,-0.0016649432242514552,0.0
2012-03-22,-0.014220247389437177,0.0
2012-03-23,0.004127623594217932,0.0
2012-03-26,0.013657741652293404,0.0
2012-03-27,-0.004513287769797649,0.0
2012-03-28,-0.01216864870861758,0.0
2012-03-29,-0.0008541678117454123,0.0
2012-03-30,0.003135325786450157,0.0
2012-04-02,0.008638173999443444,0.856804888564161
2012-04-03,-0.009756941432431993,0.0
2012-04-04,-0.014349562110216792,0.0
2012-04-05,-0.0049263442926496225,0.0
2012-04-09,-0.015823503493688558,0.0
2012-04-10,-0.019368117536963124,0.0
2012-04-11,0.010274385759800261,0.0
2012-04-12,0.022755673327535468,0.0
2012-04-13,-0.017984669080757555,0.0
2012-04-16,-0.0039489930454779726,0.0
2012-04-17,0.01776926042391579,0.0
2012-04-18,-0.007410714843972342,0.0
2012-04-19,-0.00135073666037069,0.0
2012-04-20,-0.0024216886583073357,0.0
2012-04-23,-0.010679918356348041,0.0
2012-04-24,-0.001160008093565635,0.0
2012-04-25,0.01339966534017464,0.0
2012-04-26,0.006915167896594606,0.0
2012-04-27,0.004349755265223425,0.0
2012-04-30,-0.002114131219817126,0.0
2012-05-01,0.00016352892283966192,0.7541115000626812
2012-05-02,-0.0024659228652044755,0.0
2012-05-03,-0.015138976937291597,0.0
2012-05-04,-0.0206188496737486,0.0
2012-05-07,-0.0017712149723685074,0.0
2012-05-08,-0.008694416167953977,0.0
2012-05-09,-0.002014020373112055,0.0
2012-05-10,-0.0015063196859282698,0.0
2012-05-11,-0.004043311265823715,0.0
2012-05-14,-0.013408154709004163,0.0
2012-05-15,-0.010207878585422648,0.0
2012-05-16,-0.01190321776972338,0.0
2012-05-17,-0.020427873165268298,0.0
2012-05-18,-0.010600956582349289,0.0
2012-05-21,0.022731150503159974,0.0
2012-05-22,0.0008729645921205748,0.0
2012-05-23,0.006196943628936462,0.0
2012-05-24,-0.00283910059075788,0.0
2012-05-25,0.0020610040940702476,0.0
2012-05-29,0.014169370063064152,0.0
2012-05-30,-0.021642693712635427,0.0
2012-05-31,-0.00598317305670916,0.0
2012-06-01,-0.03139948206269094,0.6677099458144802
2012-06-04,-0.0025605388455581797,0.0
2012-06-05,0.014142997610474058,0.0
2012-06-06,0.028880442096024868,0.0
2012-06-07,-0.00688984267038191,0.0
2012-06-08,0.006548211522550917,0.0
2012-06-11,-0.022881224592237064,0.0
2012-06-12,0.015510461850216147,0.0
2012-06-13,-0.015020277404325967,0.0
2012-06-14,0.009403649711169509,0.0
2012-06-15,0.01659290702526857,0.0
2012-06-18,0.0028648368562990776,0.0
2012-06-19,0.01761320137852451,0.0
2012-06-20,0.0028182848224565593,0.0
2012-06-21,-0.03157014801961862,0.0
2012-06-22,0.011652965867182868,0.0
2012-06-25,-0.022497563135185028,0.0
2012-06-26,0.006298817421827696,0.0
2012-06-27,0.01318227869262285,0.0
2012-06-28,0.00036804255846527864,0.0
2012-06-29,0.03511498620378352,0.0
2012-07-02,0.00026560937942576857,0.6271262563494018
2012-07-03,0.01248396333154358,0.0
2012-07-05,-0.0018326418711077604,0.0
2012-07-06,-0.017425611556870738,0.0
2012-07-09,-0.009599926451845084,0.0
2012-07-10,-0.014897811329539013,0.0
2012-07-11,-0.0015992091311408906,0.0
2012-07-12,-0.006100685254644639,0.0
2012-07-13,0.017793745889334463,0.0
2012-07-16,-0.006918328552729201,0.0
2012-07-17,0.008225684667105913,0.0
2012-07-18,0.011339101113048335,0.0
2012-07-19,0.010157798392481217,0.0
2012-07-20,-0.019206530592884314,0.0
2012-07-23,-0.013710081490421865,0.0
2012-07-24,-0.012116451916308252,0.0
2012-07-25,-0.0017287088028072964,0.0
2012-07-26,0.021994806988797185,0.0
2012-07-27,0.0203825170700452,0.0
2012-07-30,-0.0072617885170355185,0.0
2012-07-31,-0.007700144106318271,0.0
2012-08-01,-0.007175879073448854,0.47517065451651425
2012-08-02,-0.00796554857724594,0.0
2012-08-03,0.02779070776682977,0.0
2012-08-06,0.010644992941249803,0.0
2012-08-07,0.01579758898882613,0.0
2012-08-08,0.0023521630416916735,0.0
2012-08-09,0.004789534333044108,0.0
2012-08-10,0.0012197766896685476,0.0
2012-08-13,-0.002733663162688171,0.0
2012-08-14,-0.004373725996806044,0.0
2012-08-15,0.007621738754276638,0.0
2012-08-16,0.015514297452994319,0.0
2012-08-17,0.00362394746873395,0.0
2012-08-20,-0.0002819084069203891,0.0
2012-08-21,0.0003482886495140065,0.0
2012-08-22,-0.00041765730984624744,0.0
2012-08-23,-0.01135508761059281,0.0
2012-08-24,0.004663500011606889,0.0
2012-08-27,-0.004561928663167558,0.0
2012-08-28,0.0005667254902673465,0.0
2012-08-29,0.0029508360827515847,0.0
2012-08-30,-0.013098291401129208,0.0
2012-08-31,0.006012748263462165,0.0
2012-09-04,-0.0034987100818256733,0.5395962836024248
2012-09-05,-0.0002723198165744745,0.0
2012-09-06,0.027183088649360306,0.0
2012-09-07,0.012298413416793623,0.0
2012-09-10,-0.005432508540292619,0.0
2012-09-11,0.009164480595172716,0.0
2012-09-12,0.0069299178159263385,0.0
2012-09-13,0.014705020350143969,0.0
2012-09-14,0.014158551559771582,0.0
2012-09-17,-0.010589591881421702,0.0
2012-09-18,-0.005723650826352695,0.0
2012-09-19,0.004263769113955245,0.0
2012-09-20,-0.0044237666410527916,0.0
2012-09-21,-0.0022585463665280993,0.0
2012-09-24,-0.008627968335926151,0.0
2012-09-25,-0.01882805098362783,0.0
2012-09-26,-0.015980171645612412,0.0
2012-09-27,0.013718230535315368,0.0
2012-09-28,-0.006343822669537375,0.0
2012-10-01,0.0010571985682008567,0.39985105928861464
2012-10-02,0.0022633191595719335,0.0
2012-10-03,-0.0003833884097034213,0.0
2012-10-04,0.011887049922554106,0.0
2012-10-05,-0.0002818310115585713,0.0
2012-10-08,-0.0020919478007312008,0.0
2012-10-09,-0.009739912675789515,0.0
2012-10-10,-0.009002197628354811,0.0
2012-10-11,0.008211515329441976,0.0
2012-10-12,-0.006313383876323123,0.0
2012-10-15,0.007904229517451638,0.0
2012-10-16,0.014334526715389208,0.0
2012-10-17,0.003981149255729842,0.0
2012-10-18,-0.0006303614770222383,0.0
2012-10-19,-0.023388379491031508,0.0
2012-10-22,0.0022204129592614257,0.0
2012-10-23,-0.011582246208072727,0.0
2012-10-24,-0.009842868041487476,0.0
2012-10-25,0.0033534280421713197,0.0
2012-10-26,0.0005538081213723356,0.0
2012-10-31,0.00047976326496887217,0.0
2012-11-01,0.020716993804498873,0.4065387141351147
2012-11-02,-0.0103831981411087,0.0
2012-11-05,0.007667460491123923,0.0
2012-11-06,0.012137579627547176,0.0
2012-11-07,-0.022915721036406926,0.0
2012-11-08,-0.016857767912739227,0.0
2012-11-09,0.00023736091691665346,0.0
2012-11-12,0.0018194947571459731,0.0
2012-11-13,-0.005204453678395712,0.0
2012-11-14,-0.013054996178753967,0.0
2012-11-15,0.000273857538642269,0.0
2012-11-16,0.004943033172363673,0.0
2012-11-19,0.02247947956192408,0.0
2012-11-20,-0.003086048299174549,0.0
2012-11-21,0.00601069074985878,0.0
2012-11-23,0.014804533898048233,0.0
2012-11-26,-0.0021526815208311586,0.0
2012-11-27,-0.005412842691025263,0.0
2012-11-28,0.011476949308608007,0.0
2012-11-29,0.0058921253213248094,0.0
2012-11-30,-0.0008946641250248193,0.0
2012-12-03,-0.005828588137987922,0.7058125619859685
2012-12-04,0.0018434350120850283,0.0
2012-12-05,0.0024538122819088718,0.0
2012-12-06,0.005255235947985527,0.0
2012-12-07,0.005021023660960038,0.0
2012-12-10,0.003624193870553332,0.0
2012-12-11,0.00830584144316818,0.0
2012-12-12,0.0010278414029498552,0.0
2012-12-13,-0.0022962838179581904,0.0
2012-12-14,0.00010759774650244598,0.0
2012-12-17,0.01323371526689096,0.0
2012-12-18,0.017125447067830472,0.0
2012-12-19,-0.004276978477980391,0.0
2012-12-20,0.004993279502127898,0.0
2012-12-21,-0.01079516437853668,0.0
2012-12-24,-0.01066485866159517,0.0
2012-12-26,-0.004204482142960623,0.0
2012-12-27,-0.001267881682666233,0.0
2012-12-28,-0.01085104978250809,0.0
2012-12-31,0.015971113153125303,0.0
2013-01-02,0.023272048582806626,0.472571355658245
2013-01-03,0.0003471145268732047,0.0
2013-01-04,0.008473204456228128,0.0
2013-01-07,-0.0017846349725380958,0.0
2013-01-08,-0.0066533817141129405,0.0
2013-01-09,0.0016569173787363977,0.0
2013-01-10,0.007214288144921696,0.0
2013-01-11,-0.00018587516859157495,0.0
2013-01-14,-4.112239226834025e-05,0.0
2013-01-15,0.006350171338004892,0.0
2013-01-16,-0.001120273087823725,0.0
2013-01-17,0.009377135570384986,0.0
2013-01-18,0.003857814979863261,0.0
2013-01-22,0.006643166629450352,0.0
2013-01-23,-0.0015145174743286223,0.0
2013-01-24,0.008478694001155062,0.0
2013-01-25,0.011870336919276067,0.0
2013-01-28,-0.003197929298953445,0.0
2013-01-29,0.0028370858887940163,0.0
2013-01-30,-0.004759246365348787,0.0
2013-01-31,0.00298313147090867,0.0
2013-02-01,0.008122777312279839,0.3742439738714216
2013-02-04,-0.011380674153088315,0.0
2013-02-05,0.011543718940665079,0.0
2013-02-06,0.002581968975373647,0.0
2013-02-07,-0.01179384756107863,0.0
2013-02-08,0.0056828858480253985,0.0
2013-02-11,0.0002772599897051917,0.0
2013-02-12,0.004731811313648495,0.0
2013-02-13,0.0007067964577660634,0.0
2013-02-14,0.005605109309433226,0.0
2013-02-15,-0.002445854871208953,0.0
2013-02-19,0.006339224865097446,0.0
2013-02-20,-0.02196827855017605,0.0
2013-02-21,-0.010004290462197156,0.0
2013-02-22,0.009931994907020389,0.0
2013-02-25,-0.02437095070938816,0.0
2013-02-26,0.005043149791270209,0.0
2013-02-27,0.014846285879175457,0.0
2013-02-28,-0.004373627064190074,0.0
2013-03-01,0.00017065816261996325,0.6580122733783573
2013-03-04,0.0025963949595557206,0.0
2013-03-05,0.011674492650667896,0.0
2013-03-06,0.003543310111338101,0.0
2013-03-07,0.004952931960498575,0.0
2013-03-08,0.008325932116241904,0.0
2013-03-11,0.0020043197667101408,0.0
2013-03-12,-0.00041631578344325146,0.0
2013-03-13,0.002922946689335379,0.0
2013-03-14,0.005391208291487975,0.0
2013-03-15,-0.002189765110936375,0.0
2013-03-18,-0.004630535945133112,0.0
2013-03-19,-0.008013291010000076,0.0
2013-03-20,0.010363295386434516,0.0
2013-03-21,-0.010479879365638302,0.0
2013-03-22,0.005192554560758198,0.0
2013-03-25,-0.0025984153725311337,0.0
2013-03-26,0.0062990503409519425,0.0
2013-03-27,-0.0011204667341541106,0.0
2013-03-28,0.004113544840990118,0.0
2013-04-01,-0.011050467096455407,0.45891001445737617
2013-04-02,-0.0028252972058801663,0.0
2013-04-03,-0.012554538679691373,0.0
2013-04-04,0.004283756678354623,0.0
2013-04-05,-0.003196909334210971,0.0
2013-04-08,0.00995216879820534,0.0
2013-04-09,0.007083174688507948,0.0
2013-04-10,0.01278436532075541,0.0
2013-04-11,0.0035376276419456986,0.0
2013-04-12,-0.004724493837135287,0.0
2013-04-15,-0.03182906188992561,0.0
2013-04-16,0.015078517535821734,0.0
2013-04-17,-0.017708852872709006,0.0
2013-04-18,-0.0060163266067547825,0.0
2013-04-19,0.00832513516746449,0.0
2013-04-22,0.004924369678130379,0.0
2013-04-23,0.016183362924062077,0.0
2013-04-24,0.003881469790347095,0.0
2013-04-25,0.007165833878592754,0.0
2013-04-26,-0.005303213389909094,0.0
2013-04-29,0.008128457474087934,0.0
2013-04-30,0.0030173146139927344,0.0
2013-05-01,-0.009165624676456874,0.5352807822984147
2013-05-02,0.013741867996504937,0.0
2013-05-03,0.017846688221926123,0.0
2013-05-06,0.004492228221903966,0.0
2013-05-07,0.004128962070521233,0.0
2013-05-08,0.011260387174970583,0.0
2013-05-09,-0.0018114450037663068,0.0
2013-05-10,0.009276873342655149,0.0
2013-05-13,-0.0038359366112772205,0.0
2013-05-14,0.013005627497504557,0.0
2013-05-15,0.003585113940393812,0.0
2013-05-16,-0.006979513055054847,0.0
2013-05-17,0.014735688156429875,0.0
2013-05-20,0.002529338030913157,0.0
2013-05-21,-0.0005209905429639066,0.0
2013-05-22,-0.01374220775437174,0.0
2013-05-23,0.0019507918219403531,0.0
2013-05-24,-0.0046175198494417015,0.0
2013-05-28,0.008313060816701833,0.0
2013-05-29,-0.009833729593723894,0.0
2013-05-30,0.006453054646792621,0.0
2013-05-31,-0.014026257100017304,0.0
2013-06-03,-0.0003912038394477957,0.47757451458850464
2013-06-04,-0.008644309217088515,0.0
2013-06-05,-0.012869189805178202,0.0
2013-06-06,0.012263764138694327,0.0
2013-06-07,0.007131927111188324,0.0
2013-06-10,-0.0015107168785019084,0.0
2013-06-11,-0.013399747452025216,0.0
2013-06-12,-0.01093594597845101,0.0
2013-06-13,0.022835652317697366,0.0
2013-06-14,-0.007168845980013721,0.0
2013-06-17,0.009040477150442802,0.0
2013-06-18,0.009029418340466576,0.0
2013-06-19,-0.014172147847702158,0.0
2013-06-20,-0.028518419691791072,0.0
2013-06-21,-0.0016260983259595249,0.0
2013-06-24,-0.01534898049397952,0.0
2013-06-25,0.011198087767801429,0.0
2013-06-26,0.00890376359090301,0.0
2013-06-27,0.011632237593781087,0.0
2013-06-28,-0.010380462796664902,0.0
2013-07-01,0.009260473753805565,0.5472119390349117
2013-07-02,-0.0031172169187787305,0.0
2013-07-03,-0.0018006912658916354,0.0
2013-07-05,0.008497413367979512,0.0
2013-07-08,0.0029307462609257924,0.0
2013-07-09,0.011473376199044032,0.0
2013-07-10,0.0007417247771802002,0.0
2013-07-11,0.021559231171719765,0.0
2013-07-12,0.003308156071982744,0.0
2013-07-15,-0.0003735840594689513,0.0
2013-07-16,-0.004508477530405812,0.0
2013-07-17,0.002717242162002426,0.0
2013-07-18,0.006313948554111277,0.0
2013-07-19,0.002684634716786531,0.0
2013-07-22,0.0014908935334056524,0.0
2013-07-23,-0.001619948961511393,0.0
2013-07-24,-0.009502035026253365,0.0
2013-07-25,0.008686596381806407,0.0
2013-07-26,0.00018934071918272756,0.0
2013-07-29,-0.004126010371974215,0.0
2013-07-30,0.005455307183808681,0.0
2013-07-31,0.0019587576327502127,0.0
2013-08-01,0.015622921740809925,0.5227150556278556
2013-08-02,0.001753299338950902,0.0
2013-08-05,0.0005499947544314997,0.0
2013-08-06,-0.007787204071932039,0.0
2013-08-07,-0.006931425310038074,0.0
2013-08-08,0.009708342917662448,0.0
2013-08-09,0.0019814551299117793,0.0
2013-08-12,-0.0004541221272906245,0.0
2013-08-13,0.0004408398115462544,0.0
2013-08-14,-0.0031360240449131165,0.0
2013-08-15,-0.015629801585974677,0.0
2013-08-16,-0.00475084747195024,0.0
2013-08-19,-0.011314268144824679,0.0
2013-08-20,0.011488034399989324,0.0
2013-08-21,-0.006323975982816839,0.0
2013-08-22,0.013660822139288865,0.0
2013-08-23,0.003785237535070477,0.0
2013-08-26,-0.002542588774073205,0.0
2013-08-27,-0.021461290847246434,0.0
2013-08-28,0.00276641290847264,0.0
2013-08-29,0.0026721841565979718,0.0
2013-08-30,-0.005515813752697663,0.0
2013-09-03,0.006538330044720819,0.5974294726962925
2013-09-04,0.012237260307913791,0.0
2013-09-05,0.0022735454383307624,0.0
2013-09-06,0.002163974105532315,0.0
2013-09-09,0.01528455450090617,0.0
2013-09-10,0.007309498345856917,0.0
2013-09-11,0.0036636140910805224,0.0
2013-09-12,-0.0060268182076992265,0.0
2013-09-13,0.0032599016437927526,0.0
2013-09-16,0.007592040293980404,0.0
2013-09-17,0.005460424320464792,0.0
2013-09-18,0.016223394146053623,0.0
2013-09-19,-0.003094676841221823,0.0
2013-09-20,-0.009908369761131689,0.0
2013-09-23,-0.009415960892175992,0.0
2013-09-24,0.0014593324640198948,0.0
2013-09-25,-0.0018752088744203293,0.0
2013-09-26,0.004150722467586706,0.0
2013-09-27,-0.00530550688919223,0.0
2013-09-30,-0.004645588156350827,0.0
2013-10-01,0.010503255615177842,0.4591532186085946
2013-10-02,0.0018927062479687294,0.0
2013-10-03,-0.008566954094876655,0.0
2013-10-04,0.008692076426033542,0.0
2013-10-07,-0.01127994141885188,0.0
2013-10-08,-0.01706434199360688,0.0
2013-10-09,0.0020788069702727847,0.0
2013-10-10,0.022558459923680475,0.0
2013-10-11,0.007221681675191274,0.0
2013-10-14,0.0035853313747599455,0.0
2013-10-15,-0.007984696111432214,0.0
2013-10-16,0.014763267865560037,0.0
2013-10-17,0.009344224159981693,0.0
2013-10-18,0.006038813287935584,0.0
2013-10-21,-0.0010513838676800991,0.0
2013-10-22,0.0058507109699160705,0.0
2013-10-23,-0.006856368148133051,0.0
2013-10-24,0.0042158229567953245,0.0
2013-10-25,0.004139658081926078,0.0
2013-10-28,-0.00035906884706398713,0.0
2013-10-29,0.0084825931649457,0.0
2013-10-30,-0.004680378862374285,0.0
2013-10-31,-0.003483547957132098,0.0
2013-11-01,0.00538496140078748,0.6441074396973475
2013-11-04,0.008204718860175451,0.0
2013-11-05,-0.0033846781944692705,0.0
2013-11-06,-0.0009584549487976826,0.0
2013-11-07,-0.014252139526688783,0.0
2013-11-08,0.014981529886120377,0.0
2013-11-11,0.0031753679940508383,0.0
2013-11-12,-0.00044779485955506997,0.0
2013-11-13,0.010625808764327357,0.0
2013-11-14,0.003303772599228042,0.0
2013-11-15,0.005096725882046616,0.0
2013-11-18,-0.008170131967602893,0.0
2013-11-19,-0.004164038057229615,0.0
2013-11-20,-0.0015994505904059048,0.0
2013-11-21,0.009386628022598882,0.0
2013-11-22,0.004124587271700126,0.0
2013-11-25,-0.002405229932265061,0.0
2013-11-26,0.0009855013056595413,0.0
2013-11-27,0.0058459344899104496,0.0
2013-11-29,-0.009390472409796497,0.0
2013-12-02,-0.004040339342548771,0.5984141490933481
2013-12-03,-0.0029096803508916044,0.0
2013-12-04,-0.008089316298916339,0.0
2013-12-05,-0.004833430903432505,0.0
2013-12-06,0.008642426149056097,0.0
2013-12-09,0.0023554605730691045,0.0
2013-12-10,-0.0018432744528667864,0.0
2013-12-11,-0.015552898649240612,0.0
2013-12-12,-0.002486943860740537,0.0
2013-12-13,0.0031739424407437626,0.0
2013-12-16,0.007298275279631382,0.0
2013-12-17,0.0005532663464229561,0.0
2013-12-18,0.012003154794962683,0.0
2013-12-19,-0.014861960362041212,0.0
2013-12-20,0.007096623421548756,0.0
2013-12-23,0.007064850557315958,0.0
2013-12-24,0.0036295520425111295,0.0
2013-12-26,0.004134875809341654,0.0
2013-12-27,0.00018798426800296713,0.0
2013-12-30,0.0010281569814112564,0.0
2013-12-31,0.0034447788158732404,0.0
2014-01-02,-0.008452016360910974,0.3576930173101319
2014-01-03,0.00015659788746962575,0.0
2014-01-06,-0.005500643895004297,0.0
2014-01-07,0.0075668938443167865,0.0
2014-01-08,0.0018640214544799305,0.0
2014-01-09,0.0013486119572051307,0.0
2014-01-10,0.004652274758101948,0.0
2014-01-13,-0.015545454409838086,0.0
2014-01-14,0.013057121056164571,0.0
2014-01-15,0.00388259521565555,0.0
2014-01-16,-0.0020246431964089195,0.0
2014-01-17,-0.0030962306636037698,0.0
2014-01-21,0.0023455930989709967,0.0
2014-01-22,0.0032986019553950304,0.0
2014-01-23,-0.0075213456138913636,0.0
2014-01-24,-0.02269563410987574,0.0
2014-01-27,-0.005194465965010476,0.0
2014-01-28,0.009006978394287633,0.0
2014-01-29,-0.010774443946903401,0.0
2014-01-30,0.014523066953402391,0.0
2014-01-31,-0.006909547140808296,0.0
2014-02-03,-0.02564907304472641,0.49696900155268553
2014-02-04,0.010765900882175475,0.0
2014-02-05,-0.0023375127435487546,0.0
2014-02-06,0.018304807199202987,0.0
2014-02-07,0.012228119185847961,0.0
2014-02-10,0.003238013675383028,0.0
2014-02-11,0.010256426571783606,0.0
2014-02-12,0.0031525561343850594,0.0
2014-02-13,0.006551840835990626,0.0
2014-02-14,0.004650105126370012,0.0
2014-02-18,0.002873036332326602,0.0
2014-02-19,-0.003876744250177806,0.0
2014-02-20,0.00845076248039866,0.0
2014-02-21,0.00023758276847765555,0.0
2014-02-24,0.006626683173254603,0.0
2014-02-25,-0.00026786215266018615,0.0
2014-02-26,0.002152375672041254,0.0
2014-02-27,0.004828572016047106,0.0
2014-02-28,0.0012438504007571058,0.0
2014-03-03,-0.00785070945400046,0.6065123481064996
2014-03-04,0.015555756239132775,0.0
2014-03-05,-0.00045189404747514414,0.0
2014-03-06,0.002497463456394394,0.0
2014-03-07,-0.000618862885538104,0.0
2014-03-10,-0.003517936503840256,0.0
2014-03-11,-0.00592930279176441,0.0
2014-03-12,0.0014497516979775655,0.0
2014-03-13,-0.02072454013090641,0.0
2014-03-14,0.0014964004836630265,0.0
2014-03-17,0.0086062567120242,0.0
2014-03-18,0.00944828407281666,0.0
2014-03-19,-0.0028180468958851563,0.0
2014-03-20,0.004627609469644727,0.0
2014-03-21,-0.0021248051506309335,0.0
2014-03-24,-0.009191727938716691,0.0
2014-03-25,0.0014762662381699824,0.0
2014-03-26,-0.007132147495479449,0.0
2014-03-27,-0.003060731070085197,0.0
2014-03-28,0.007639765140668479,0.0
2014-03-31,0.00942737066770219,0.0
2014-04-01,0.010470240314273349,0.4696415384010185
2014-04-02,-0.0027151260008024414,0.0
2014-04-03,-0.005311296857906157,0.0
2014-04-04,-0.016115728483590212,0.0
2014-04-07,-0.015748175607121488,0.0
2014-04-08,0.007541376126832011,0.0
2014-04-09,0.011501712649925697,0.0
2014-04-10,-0.024400147580177254,0.0
2014-04-11,-0.013836522608994425,0.0
2014-04-14,0.010796637429546268,0.0
2014-04-15,0.005001872095193148,0.0
2014-04-16,0.011823845703967741,0.0
2014-04-17,0.0024481875913080252,0.0
2014-04-21,0.003808888869648196,0.0
2014-04-22,0.006602357809282095,0.0
2014-04-23,-0.01247596389654041,0.0
2014-04-24,0.0030544398405299503,0.0
2014-04-25,-0.012862251348407124,0.0
2014-04-28,-0.0027021849877599475,0.0
2014-04-29,0.005541072790983008,0.0
2014-04-30,0.0069680719609576044,0.0
2014-05-01,-0.0005065952518411576,0.422777265344746
2014-05-02,0.0017891904843383992,0.0
2014-05-05,-0.00030145463037583296,0.0
2014-05-06,-0.01215962720051081,0.0
2014-05-07,-0.0007464450770293795,0.0
2014-05-08,-0.0006753880083523048,0.0
2014-05-09,0.003759927997124454,0.0
2014-05-12,0.01621707102179456,0.0
2014-05-13,-0.0007851600980594926,0.0
2014-05-14,-0.007973089356163303,0.0
2014-05-15,-0.008157788096101638,0.0
2014-05-16,0.004310698581613957,0.0
2014-05-19,0.006086555329099224,0.0
2014-05-20,-0.008535491258369573,0.0
2014-05-21,0.009280720951623099,0.0
2014-05-22,0.004370605088574888,0.0
2014-05-23,0.007846049885018193,0.0
2014-05-27,0.006123644403133857,0.0
2014-05-28,0.00024208009231065292,0.0
2014-05-29,0.006740804796195456,0.0
2014-05-30,-0.0008123840986168773,0.0
2014-06-02,0.0007501737547002119,0.6577601160923304
2014-06-03,-0.00011748630406487753,0.0
2014-06-04,0.004844308921517479,0.0
2014-06-05,0.0063598753168321205,0.0
2014-06-06,0.005734158511551988,0.0
2014-06-09,0.0002957044922318955,0.0
2014-06-10,-0.0019057764980843397,0.0
2014-06-11,-0.0014244144044447235,0.0
2014-06-12,-0.00680195402235873,0.0
2014-06-13,0.003805560240312246,0.0
2014-06-16,0.00145126626147754,0.0
2014-06-17,0.0053066726953061374,0.0
2014-06-18,0.006673107440230882,0.0
2014-06-19,-0.0015235703482081187,0.0
2014-06-20,0.003570022900860654,0.0
2014-06-23,-0.00028313390133857656,0.0
2014-06-24,-0.008068777904478592,0.0
2014-06-25,0.003845634767704423,0.0
2014-06-26,0.001693808027603461,0.0
2014-06-27,0.0022814115477079733,0.0
2014-06-30,0.0011322880998655667,0.0
2014-07-01,0.008233647961476853,0.41763287561935997
2014-07-02,0.0028533030437723553,0.0
2014-07-03,0.00784047780018592,0.0
2014-07-07,-0.007340305907255342,0.0
2014-07-08,-0.010696855253716112,0.0
2014-07-09,0.00655573498447833,0.0
2014-07-10,-0.004456222107589395,0.0
2014-07-11,0.002444707285912162,0.0
2014-07-14,0.003723188663637817,0.0
2014-07-15,-0.004714938559554528,0.0
2014-07-16,0.0016686499230762985,0.0
2014-07-17,-0.010723620343709245,0.0
2014-07-18,0.011778476910054472,0.0
2014-07-21,-0.0030501133921393584,0.0
2014-07-22,0.007456202698344743,0.0
2014-07-23,0.00022477394528023966,0.0
2014-07-24,0.0021533241731150742,0.0
2014-07-25,-0.0037039935542901364,0.0
2014-07-28,0.001269894761472457,0.0
2014-07-29,-0.0031433316535255723,0.0
2014-07-30,0.003227813392992725,0.0
2014-07-31,-0.019526161711257185,0.0
2014-08-01,-0.002718060633504993,0.5304761571724157
2014-08-04,0.008079047223934304,0.0
2014-08-05,-0.005722850623774795,0.0
2014-08-06,0.00029352388378227985,0.0
2014-08-07,-0.008111910078959355,0.0
2014-08-08,0.01324930679847176,0.0
2014-08-11,0.00414033466949445,0.0
2014-08-12,-0.0033411540352630146,0.0
2014-08-13,0.005486961189982107,0.0
2014-08-14,-0.0008533678235528482,0.0
2014-08-15,0.0008646987228798778,0.0
2014-08-18,0.01023397378456321,0.0
2014-08-19,0.006769750216033205,0.0
2014-08-20,0.0029189944112592257,0.0
2014-08-21,0.0006013673408935471,0.0
2014-08-22,0.0013235109217909439,0.0
2014-08-25,0.002700268087559442,0.0
2014-08-26,0.0010857471952657525,0.0
2014-08-27,0.0001594076125248958,0.0
2014-08-28,-0.0008431850418689056,0.0
2014-08-29,0.003385161139848183,0.0
2014-09-02,-0.0019562785942600636,0.5866298594337991
2014-09-03,-0.0007944345648828008,0.0
2014-09-04,-0.0016297347164042249,0.0
2014-09-05,0.004192708679939237,0.0
2014-09-08,-0.0028258791794546914,0.0
2014-09-09,-0.00744860657332738,0.0
2014-09-10,0.0022132558615500283,0.0
2014-09-11,0.0028174532875454503,0.0
2014-09-12,-0.007393293805304065,0.0
2014-09-15,-0.0031376888150538434,0.0
2014-09-16,0.006624910239000099,0.0
2014-09-17,-0.0006615480598977246,0.0
2014-09-18,0.003374706059541609,0.0
2014-09-19,-0.0044594674118415105,0.0
2014-09-22,-0.018596225545845713,0.0
2014-09-23,-0.00636231066974836,0.0
2014-09-24,0.0077396120314780145,0.0
2014-09-25,-0.015841291319430535,0.0
2014-09-26,0.0064384995078046,0.0
2014-09-29,-0.0014845803023319656,0.0
2014-09-30,-0.0049857594440629715,0.0
2014-10-01,-0.014932315845617938,0.36548198011239397
2014-10-02,0.001273302263408541,0.0
2014-10-03,0.008777112558559466,0.0
2014-10-06,-0.004169886150638841,0.0
2014-10-07,-0.017773575837285727,0.0
2014-10-08,0.016937874446078957,0.0
2014-10-09,-0.02615922143969234,0.0
2014-10-10,-0.014442323149979393,0.0
2014-10-13,-0.020534668186318793,0.0
2014-10-14,0.007829635809575066,0.0
2014-10-15,0.00114301932364686,0.0
2014-10-16,0.0052971205425721484,0.0
2014-10-17,0.010416762433755153,0.0
2014-10-20,0.011086777462431875,0.0
2014-10-21,0.024749590105336373,0.0
2014-10-22,-0.011041045073362264,0.0
2014-10-23,0.014516888038316677,0.0
2014-10-24,0.0047491334321422985,0.0
2014-10-27,-0.003797917384318108,0.0
2014-10-28,0.014901466740432958,0.0
2014-10-29,-0.0032179993624409722,0.0
2014-10-30,0.00423052416246602,0.0
2014-10-31,0.013125613104590891,0.0
2014-11-03,-0.0015863594613342302,0.7981835865340361
2014-11-04,-0.011468410537234136,0.0
2014-11-05,0.010402130624319023,0.0
2014-11-06,0.006043846100787756,0.0
2014-11-07,0.0033818779285664045,0.0
2014-11-10,-0.0008002469724820461,0.0
2014-11-11,0.0009283438346805136,0.0
2014-11-12,6.069772120562058e-05,0.0
2014-11-13,-0.005850851454225659,0.0
2014-11-14,0.004955257246772072,0.0
2014-11-17,-0.003442858177891256,0.0
2014-11-18,0.006561234916804479,0.0
2014-11-19,-0.0028786408303279843,0.0
2014-11-20,0.007966685154102515,0.0
2014-11-21,0.006366148504748231,0.0
2014-11-24,0.0038822332075128703,0.0
2014-11-25,-0.002837567541770485,0.0
2014-11-26,-0.00016403365723599258,0.0
2014-11-28,-0.014767764791317969,0.0
2014-12-01,-0.012039500548298387,0.5071809988416083
2014-12-02,0.006665954617995026,0.0
2014-12-03,0.012171178602979164,0.0
2014-12-04,-0.00481294280823073,0.0
2014-12-05,-0.0011615817146946755,0.0
2014-12-08,-0.022168257233782906,0.0
2014-12-09,0.007241571935829572,0.0
2014-12-10,-0.02559326754994501,0.0
2014-12-11,0.0036760201755623094,0.0
2014-12-12,-0.01815168638273754,0.0
2014-12-15,-0.0074226469924311735,0.0
2014-12-16,-0.005276437939044986,0.0
2014-12-17,0.027663794496192017,0.0
2014-12-18,0.02179584843301915,0.0
2014-12-19,0.014638122702824607,0.0
2014-12-22,-0.000895311776927145,0.0
2014-12-23,0.004455951665382629,0.0
2014-12-24,-0.0019506431673202347,0.0
2015-01-08,0.020716133405166426,0.33428219763280753
2015-01-09,-0.009022705955959578,0.0
2015-01-12,-0.01566535849195006,0.0
2015-01-13,-0.0066511639049804255,0.0
2015-01-14,-0.0058873609769038455,0.0
2015-01-15,-0.014799242942336798,0.0
2015-01-16,0.01955693173302575,0.0
2015-01-20,-0.0015393686159105753,0.0
2015-01-21,0.015454398179453164,0.0
2015-01-22,0.011616321785774117,0.0
2015-01-23,-0.006749452629981053,0.0
2015-01-26,0.008780876049588852,0.0
2015-01-27,-0.007363084672445733,0.0
2015-01-28,-0.022135282637731665,0.0
2015-01-29,0.009339703064744298,0.0
2015-01-30,-0.00439328040316111,0.0
2015-02-02,0.01919731265318192,0.4891092896957474
2015-02-03,0.024590111107415137,0.0
2015-02-04,-0.008811898735109569,0.0
2015-02-05,0.012784800861453956,0.0
2015-02-06,0.00019957126117985745,0.0
2015-02-09,-0.0006750882609171255,0.0
2015-02-10,0.007139073619052338,0.0
2015-02-11,-0.001764752882323133,0.0
2015-02-12,0.01407211785097091,0.0
2015-02-13,0.010438832897874013,0.0
2015-02-17,0.0036783051068365416,0.0
2015-02-18,-0.0042763497991037515,0.0
2015-02-19,0.0013607216213179355,0.0
2015-02-20,0.004091431659098926,0.0
2015-02-23,-0.005131596430328372,0.0
2015-02-24,0.003680007884093591,0.0
2015-02-25,0.002033222485003532,0.0
2015-02-26,-0.008414694191833454,0.0
2015-02-27,-0.001502645566794672,0.0
2015-03-02,0.005379462794544709,0.5579882710907567
2015-03-03,-0.0036180275103426247,0.0
2015-03-04,-0.004551291503563775,0.0
2015-03-05,-0.00044477452704510764,0.0
2015-03-06,-0.015346715469597472,0.0
2015-03-09,-0.0019151056194481116,0.0
2015-03-10,-0.017161641436559703,0.0
2015-03-11,0.0010614777624988253,0.0
2015-03-12,-0.0015270934681550323,0.0
2015-03-13,-0.0078494915085947,0.0
2015-03-16,0.009607148607641336,0.0
2015-03-17,-0.00351374860720265,0.0
2015-03-18,0.016637778666267204,0.0
2015-03-19,-0.008630559082476563,0.0
2015-03-20,-0.009556299927871468,0.0
2015-03-23,0.00044918728658462266,0.0
2015-03-24,-0.005881082022073492,0.0
2015-03-25,-0.007723267571290484,0.0
2015-03-26,-0.0021925912608209202,0.0
2015-03-27,-0.0009093117249666945,0.0
2015-03-30,0.012352116741631537,0.0
2015-03-31,-0.006470271553306222,0.0
2015-04-01,-0.010464232822788633,0.3774612330535464
2015-04-02,0.0069479721718191285,0.0
2015-04-06,0.012001301602487396,0.0
2015-04-07,-0.0015691615797360434,0.0
2015-04-08,0.0013478400537880878,0.0
2015-04-09,0.008599177009810322,0.0
2015-04-10,0.0024229434008853257,0.0
2015-04-13,-0.003875831351599726,0.0
2015-04-14,0.005604717531821457,0.0
2015-04-15,0.01576309508579665,0.0
2015-04-16,-0.002656100551094443,0.0
2015-04-17,-0.00944381049828764,0.0
2015-04-20,0.006764136183995585,0.0
2015-04-21,-0.002756353653596509,0.0
2015-04-22,0.004857717066180231,0.0
2015-04-23,0.004378590738700901,0.0
2015-04-24,-0.0010367133205475198,0.0
2015-04-27,-0.001410235602350967,0.0
2015-04-28,0.0023260562118431966,0.0
2015-04-29,0.002364857695105389,0.0
2015-04-30,-0.0061453280089997404,0.0
2015-05-01,0.008129769561747047,0.548681875866933
2015-05-04,0.002164353176734169,0.0
2015-05-05,-0.010136307309644406,0.0
2015-05-06,-0.005758819938553058,0.0
2015-05-07,-0.00232554291215929,0.0
2015-05-08,0.012358980550569745,0.0
2015-05-11,-0.003303709613815904,0.0
2015-05-12,-0.004890985962762892,0.0
2015-05-13,-0.0004838555981210603,0.0
2015-05-14,0.004281649284835791,0.0
2015-05-15,0.0009513388924988098,0.0
2015-05-18,0.0025306555422635046,0.0
2015-05-19,-0.008551756262141552,0.0
2015-05-20,0.0009064020600361366,0.0
2015-05-21,0.005124118654841461,0.0
2015-05-22,-0.0012205618653722136,0.0
2015-05-26,-0.015530009292216382,0.0
2015-05-27,0.005393831573475072,0.0
2015-05-28,-0.003056379644879372,0.0
2015-05-29,-0.006945853178351918,0.0
2015-06-01,0.00034634593837390426,0.5829527732977351
2015-06-02,0.003403564587124184,0.0
2015-06-03,0.000438496370954679,0.0
2015-06-04,-0.009217087220256184,0.0
2015-06-05,0.0015074672373562976,0.0
2015-06-08,-0.008492336904041348,0.0
2015-06-09,-0.0007958368493437781,0.0
2015-06-10,0.010156701837481007,0.0
2015-06-11,-5.985684561589616e-06,0.0
2015-06-12,-0.0070584888891941245,0.0
2015-06-15,-0.0057305872019233536,0.0
2015-06-16,0.005938853161431577,0.0
2015-06-17,0.0033648668928966206,0.0
2015-06-18,0.006730628383138995,0.0
2015-06-19,-0.004721392970387969,0.0
2015-06-22,0.0031050529084341596,0.0
2015-06-23,0.0019269514049190957,0.0
2015-06-24,-0.008513193312300316,0.0
2015-06-25,-0.0060296841385652665,0.0
2015-06-26,-0.0013364745834261616,0.0
2015-06-29,-0.023271172213306733,0.0
2015-06-30,0.0022869558175718867,0.0
2015-07-01,-0.007166889374949581,0.5734496492051173
2015-07-02,-0.0067157638799600055,0.0
2015-07-06,-0.017241330675925308,0.0
2015-07-07,0.007175843061886134,0.0
2015-07-08,-0.020490182246051952,0.0
2015-07-09,0.003005797742597326,0.0
2015-07-10,0.00845470319555033,0.0
2015-07-13,0.011142619158399918,0.0
2015-07-14,0.005062567405300391,0.0
2015-07-15,-0.00909522219605267,0.0
2015-07-16,0.004867018619847662,0.0
2015-07-17,-0.00761857193560656,0.0
2015-07-20,-0.00789339367411859,0.0
2015-07-21,-0.0011521746175623382,0.0
2015-07-22,-0.0013336262914310942,0.0
2015-07-23,-0.0024883690548483583,0.0
2015-07-24,-0.0157903718667511,0.0
2015-07-27,-0.008833838473339592,0.0
2015-07-28,0.015857596698589292,0.0
2015-07-29,0.007164279750949139,0.0
2015-07-30,-8.727320955479747e-05,0.0
2015-07-31,-0.003768402310167242,0.0
2015-08-03,-0.007449797684807469,0.5713395157514451
2015-08-04,-0.001986580301446725,0.0
2015-08-05,-0.0011341709921081648,0.0
2015-08-06,-0.006445587889609962,0.0
2015-08-07,-0.00672618280735803,0.0
2015-08-10,0.02512964298307052,0.0
2015-08-11,-0.015191289087045782,0.0
2015-08-12,0.003987091914133331,0.0
2015-08-13,-0.008642909948154483,0.0
2015-08-14,0.001975386477849507,0.0
2015-08-17,0.007607960546937969,0.0
2015-08-18,-0.005111980643918945,0.0
2015-08-19,-0.012354792650644472,0.0
2015-08-20,-0.023936671170780563,0.0
2015-08-21,-0.025740833615839967,0.0
2015-08-24,-0.042423820249189545,0.0
2015-08-25,-0.012680202912369327,0.0
2015-08-26,0.03142020559904134,0.0
2015-08-27,0.037211242264813905,0.0
2015-08-28,0.008496925279807437,0.0
2015-08-31,-0.001533179631341827,0.0
2015-09-01,-0.03235440068121087,0.5405720118520607
2015-09-02,0.013843217765091231,0.0
2015-09-03,0.0031847339718458533,0.0
2015-09-04,-0.01565510674195896,0.0
2015-09-08,0.024539578727455904,0.0
2015-09-09,-0.013619754105274433,0.0
2015-09-10,0.004724716823219949,0.0
2015-09-11,-0.0015571857733142475,0.0
2015-09-14,-0.007054891892998669,0.0
2015-09-15,0.013300026030266674,0.0
2015-09-16,0.016089188434830176,0.0
2015-09-17,-0.0025611712715717773,0.0
2015-09-18,-0.02385819214219291,0.0
2015-09-21,4.875915999314991e-05,0.0
2015-09-22,-0.017489433671022115,0.0
2015-09-23,-0.011763516238369225,0.0
2015-09-24,-0.0016403285479618635,0.0
2015-09-25,-0.0038901544083426625,0.0
2015-09-28,-0.03382819266893092,0.0
2015-09-29,-0.00016766525378848676,0.0
2015-09-30,0.022036255402281747,0.0
2015-10-01,-0.0008383315958737647,0.6865561101404285
2015-10-02,0.028088238735073337,0.0
2015-10-05,0.028743173719745267,0.0
2015-10-06,-0.0014079519948100782,0.0
2015-10-07,0.014408441368471532,0.0
2015-10-08,0.016005382879625246,0.0
2015-10-09,-0.004081315655350788,0.0
2015-10-12,-0.009533619603086942,0.0
2015-10-13,-0.00954887162165491,0.0
2015-10-14,0.0034255875559623763,0.0
2015-10-15,0.014837703813976286,0.0
2015-10-16,-0.005018887035559618,0.0
2015-10-19,-0.006891655204579613,0.0
2015-10-20,0.003083490632138305,0.0
2015-10-21,-0.013405222462669248,0.0
2015-10-22,0.013196250434695961,0.0
2015-10-23,0.008028867771775465,0.0
2015-10-26,-0.012887799877021152,0.0
2015-10-27,-0.012161867620029198,0.0
2015-10-28,0.020969323511258745,0.0
2015-10-29,-0.0018889606714731892,0.0
2015-10-30,0.0026706212478200876,0.0
2015-11-02,0.018828455796654486,0.5779804436924889
2015-11-03,0.009289371354614336,0.0
2015-11-04,-0.0048437509287326775,0.0
2015-11-05,-0.0025464545859092778,0.0
2015-11-06,0.004491595300464143,0.0
2015-11-09,-0.009564706686336546,0.0
2015-11-10,-0.0007939221215237516,0.0
2015-11-11,-0.013619273064963973,0.0
2015-11-12,-0.016276556866025086,0.0
2015-11-13,-0.011473576702442603,0.0
2015-11-16,0.017320418673997955,0.0
2015-11-17,-0.005636957338326745,0.0
2015-11-18,0.012607656509940588,0.0
2015-11-19,-0.00494450315110243,0.0
2015-11-20,0.0019941140513947083,0.0
2015-11-23,-0.0009265327354841082,0.0
2015-11-24,0.009505164320649188,0.0
2015-11-25,-0.000302963094385165,0.0
2015-11-27,-0.0051518593381151435,0.0
2015-11-30,-9.759960224671503e-06,0.0
2015-12-01,0.010425382000081918,0.6266444883474229
2015-12-02,-0.017339199774719857,0.0
2015-12-03,-0.013088628700509992,0.0
2015-12-04,0.0034709489286576557,0.0
2015-12-07,-0.010527969951628725,0.0
2015-12-08,-0.009009145746637028,0.0
2015-12-09,-0.0021784702350368165,0.0
2015-12-10,0.00516220578635597,0.0
2015-12-11,-0.02534986170379652,0.0
2015-12-14,-0.006384822573953999,0.0
2015-12-15,0.014247682588667602,0.0
2015-12-16,0.009586286597300066,0.0
2015-12-17,-0.023348987800906343,0.0
2015-12-18,-0.013085747783958438,0.0
2015-12-21,0.008070325805016907,0.0
2015-12-22,0.012519022320848483,0.0
2015-12-23,0.024261256067592635,0.0
2015-12-24,-0.002090641273554998,0.0
2015-12-28,-0.010013279027924843,0.0
2015-12-29,0.01104488813401424,0.0
2015-12-30,-0.011462785578010467,0.0
2015-12-31,-0.0034075046893406015,0.0
2016-01-04,-0.006482213616868848,0.4210146793588665
2016-01-05,-0.009075644598733272,0.0
2016-01-06,-0.030640177111842817,0.0
2016-01-07,-0.02529398404623432,0.0
2016-01-08,-0.01120817956056661,0.0
2016-01-11,-0.01306184945178858,0.0
2016-01-12,-0.0013628102779243447,0.0
2016-01-13,-0.028296311497873955,0.0
2016-01-14,0.01825722513215744,0.0
2016-01-15,-0.023349984960228318,0.0
2016-01-19,-0.013148828135888063,0.0
2016-01-20,-0.003917658784166746,0.0
2016-01-21,0.02109596352617215,0.0
2016-01-22,0.019794441024573547,0.0
2016-01-25,-0.028777823510474143,0.0
2016-01-26,0.02713472902503967,0.0
2016-01-27,-0.0043157456498494895,0.0
2016-01-28,0.0012162192685115265,0.0
2016-01-29,0.03363786674884926,0.0
2016-02-01,-0.003139433927709878,1.5327155886285238
2016-02-02,-0.02360737201173665,0.0
2016-02-03,0.00850627576631562,0.0
2016-02-04,0.008454133007849033,0.0
2016-02-05,-0.01697154877596834,0.0
2016-02-08,-0.02392840071430273,0.0
2016-02-09,-0.001098538388897965,0.0
2016-02-10,0.00201620167794432,0.0
2016-02-11,-0.0174258428522227,0.0
2016-02-12,0.022412514309552753,0.0
2016-02-16,0.023509389244391894,0.0
2016-02-17,0.020579100967294588,0.0
2016-02-18,-0.005238371802128163,0.0
2016-02-19,-0.0015452696965960557,0.0
2016-02-22,0.01836610593138183,0.0
2016-02-23,-0.012482821946454656,0.0
2016-02-24,0.005320607376417424,0.0
2016-02-25,0.012008647636939204,0.0
2016-02-26,0.005562417939009248,0.0
2016-02-29,-0.008339230482440278,0.0
2016-03-01,0.025120923192840205,1.221972408590278
2016-03-02,0.006806273159352588,0.0
2016-03-03,0.008959025267447983,0.0
2016-03-04,-0.004846652440868671,0.0
2016-03-07,0.006657824499273106,0.0
2016-03-08,-0.011630282607552027,0.0
2016-03-09,0.0028398949203120418,0.0
2016-03-10,-0.00023160254211538088,0.0
2016-03-11,0.018505534547288285,0.0
2016-03-14,-0.0019604870917819726,0.0
2016-03-15,-0.0069183799765396405,0.0
2016-03-16,0.008298369424286134,0.0
2016-03-17,0.009472094893461222,0.0
2016-03-18,0.004824162842339354,0.0
2016-03-21,0.0007127908344877977,0.0
2016-03-22,-8.842823648239713e-05,0.0
2016-03-23,-0.007326548880414982,0.0
2016-03-24,-0.0021501319007799983,0.0
2016-03-28,0.00025109976929556016,0.0
2016-03-29,0.008743735574074157,0.0
2016-03-30,0.003074328201354293,0.0
2016-03-31,-0.0006219475171121041,0.0
2016-04-01,0.0051129826088993635,0.6368346978750332
2016-04-04,-0.0057273973186996955,0.0
2016-04-05,-0.012163672797514472,0.0
2016-04-06,0.007951649352882624,0.0
2016-04-07,-0.013118909661505468,0.0
2016-04-08,0.0036822284361229815,0.0
2016-04-11,-0.001782111227458101,0.0
2016-04-12,0.010523678326172587,0.0
2016-04-13,0.014601747025506678,0.0
2016-04-14,-0.00046948496971158896,0.0
2016-04-15,-3.487766399973746e-06,0.0
2016-04-18,-0.0024570428308959827,0.0
2016-04-19,0.008526134124215334,0.0
2016-04-20,0.0003424348731920024,0.0
2016-04-21,-0.014334697307484424,0.0
2016-04-22,0.006608710325730989,0.0
2016-04-25,-0.004895921127487679,0.0
2016-04-26,0.005945895671936825,0.0
2016-04-27,0.006363933127025269,0.0
2016-04-28,-0.006730800137862898,0.0
2016-04-29,-0.0074725834093605226,0.0
2016-05-02,0.0057225325243484,0.8780750528956782
2016-05-03,-0.005681060745760233,0.0
2016-05-04,-0.005852762812900092,0.0
2016-05-05,0.0011760444269269795,0.0
2016-05-06,0.0008737688296115215,0.0
2016-05-09,0.0038668319401936268,0.0
2016-05-10,0.010665425170392932,0.0
2016-05-11,-0.01251140363293439,0.0
2016-05-12,-0.002032506300398292,0.0
2016-05-13,-0.007362242279025787,0.0
2016-05-16,0.009023792257719924,0.0
2016-05-17,-0.008432352336829523,0.0
2016-05-18,0.000889572167008481,0.0
2016-05-19,-0.0038887414764661905,0.0
2016-05-20,0.007157779967085906,0.0
2016-05-23,-0.010566792127502658,0.0
2016-05-24,0.013710991372103376,0.0
2016-05-25,0.006739149711123882,0.0
2016-05-26,-0.000694859092071038,0.0
2016-05-27,0.004448522449407403,0.0
2016-05-31,0.0015107542299853823,0.0
2016-06-01,0.001101751878039181,0.9192378275030815
2016-06-02,0.00176406468889923,0.0
2016-06-03,-4.094824804110698e-05,0.0
2016-06-06,0.0014944871496993975,0.0
2016-06-07,0.001442578303149292,0.0
2016-06-08,0.003604568923263122,0.0
2016-06-09,0.0012694727446631937,0.0
2016-06-10,-0.00796420076258065,0.0
2016-06-13,-0.008091431010975852,0.0
2016-06-14,-0.0014330127487439943,0.0
2016-06-15,-0.0015920030057847993,0.0
2016-06-16,0.0034036257185367496,0.0
2016-06-17,-0.0017360758424530358,0.0
2016-06-20,0.0056863622605875155,0.0
2016-06-21,-0.00505002780397083,0.0
2016-06-22,-0.001123860205746824,0.0
2016-06-23,0.011676743718310335,0.0
2016-06-24,-0.02829250441952245,0.0
2016-06-27,-0.01463273479518111,0.0
2016-06-28,0.0051875675156409715,0.0
2016-06-29,0.01605813065255169,0.0
2016-06-30,0.017841688498971643,0.0
2016-07-01,-0.00031852675460697366,0.7910669153313736
2016-07-05,-0.008555397866564788,0.0
2016-07-06,0.003694426248875068,0.0
2016-07-07,-0.000312927987720686,0.0
2016-07-08,0.017842416420486062,0.0
2016-07-11,0.004606784580836939,0.0
2016-07-12,0.005270313640504332,0.0
2016-07-13,0.0014661548771217146,0.0
2016-07-14,0.004849245825627065,0.0
2016-07-15,-0.0008097605331186337,0.0
2016-07-18,0.0033976906293078334,0.0
2016-07-19,-0.0009097775749705491,0.0
2016-07-20,0.004583159056170736,0.0
2016-07-21,-0.0037021926036772653,0.0
2016-07-22,0.006166109389393123,0.0
2016-07-25,-0.001822901244825939,0.0
2016-07-26,0.0009767683606712668,0.0
2016-07-27,-0.005347501471465045,0.0
2016-07-28,0.0015013066496327027,0.0
2016-07-29,0.0011117082630635632,0.0
2016-08-01,-0.0023476098562932313,0.8829301214658525
2016-08-02,-0.007252253168623824,0.0
2016-08-03,0.003143022627005589,0.0
2016-08-04,-0.0036147667777640252,0.0
2016-08-05,0.002060789807795913,0.0
2016-08-08,0.0002698918019787908,0.0
2016-08-09,-0.0021096113462150618,0.0
2016-08-10,-0.001641647195029356,0.0
2016-08-11,0.006385465837359206,0.0
2016-08-12,0.0007905769033149728,0.0
2016-08-15,0.0011912457824039976,0.0
2016-08-16,-0.008382217524665574,0.0
2016-08-17,0.00215219345891385,0.0
2016-08-18,0.004780103727041893,0.0
2016-08-19,-0.0003989884350458267,0.0
2016-08-22,0.0016255145852666325,0.0
2016-08-23,0.0014887987614401312,0.0
2016-08-24,-0.004681035617625451,0.0
2016-08-25,-0.0025578874824144678,0.0
2016-08-26,-0.006950207560050451,0.0
2016-08-29,0.004990604112424442,0.0
2016-08-30,-0.0013953690318737819,0.0
2016-08-31,-0.0013244262389561197,0.0
2016-09-01,-0.0015888074581976719,0.6855233889461188
2016-09-02,0.00554732409412328,0.0
2016-09-06,0.004597207185138109,0.0
2016-09-07,0.003074347776175464,0.0
2016-09-08,-0.0012607009822792423,0.0
2016-09-09,-0.02976308696657573,0.0
2016-09-12,0.01595789252603986,0.0
2016-09-13,-0.015855204195949123,0.0
2016-09-14,-0.0008696348576274671,0.0
2016-09-15,0.009224713299070887,0.0
2016-09-16,-0.0009853209685316395,0.0
2016-09-19,0.0030876427289121436,0.0
2016-09-20,-0.002625338029266441,0.0
2016-09-21,0.014298742772026751,0.0
2016-09-22,0.009232291149342396,0.0
2016-09-23,-0.003084487528377542,0.0
2016-09-26,-0.005047537266558159,0.0
2016-09-27,0.0010631363198742878,0.0
2016-09-28,0.003970523325450263,0.0
2016-09-29,-0.010124960220428048,0.0
2016-09-30,0.004207369480747885,0.0
2016-10-03,-0.007578336483802017,0.5309301580041053
2016-10-04,-0.01089527014852368,0.0
2016-10-05,0.0004499851005205073,0.0
2016-10-06,-0.001182680168581926,0.0
2016-10-07,-0.00406227833508364,0.0
2016-10-10,0.006127382884171329,0.0
2016-10-11,-0.013157898578099337,0.0
2016-10-12,0.003191164828601562,0.0
2016-10-13,0.0017771007024889106,0.0
2016-10-14,-0.004477425069659434,0.0
2016-10-17,-0.0010404867793377113,0.0
2016-10-18,0.008266990383474788,0.0
2016-10-19,0.000606131599252865,0.0
2016-10-20,-0.0004968666529267442,0.0
2016-10-21,-0.0009070246615789681,0.0
2016-10-24,0.0031631918706524903,0.0
2016-10-25,-0.003081634991566138,0.0
2016-10-26,-0.004887397392375982,0.0
2016-10-27,-0.006233939273238867,0.0
2016-10-28,0.000498345372383433,0.0
2016-10-31,0.0037162111541303765,0.0
2016-11-01,-0.010732356131965326,0.9734887778458023
2016-11-02,-0.006625286522314457,0.0
2016-11-03,-0.005955715466341412,0.0
2016-11-04,0.002513576625873762,0.0
2016-11-07,0.0222448382503492,0.0
2016-11-08,0.0012740520073065901,0.0
2016-11-09,0.013307149817655638,0.0
2016-11-10,0.006226818133844389,0.0
2016-11-11,-0.0021249668106926053,0.0
2016-11-14,0.007226129907053756,0.0
2016-11-15,0.004116483112534857,0.0
2016-11-16,-0.0037957646261622866,0.0
2016-11-17,0.005221386010587968,0.0
2016-11-18,-0.00540826649998228,0.0
2016-11-21,0.006949541338217899,0.0
2016-11-22,0.0017328141795792374,0.0
2016-11-23,0.003405661757496775,0.0
2016-11-25,0.004453061978435615,0.0
2016-11-28,-0.006979688095839038,0.0
2016-11-29,0.0007719581010695374,0.0
2016-11-30,-0.014826738254854154,0.0
2016-12-01,-0.006777955319141049,1.048605076548164
2016-12-02,0.004008721185096109,0.0
2016-12-05,0.006053246452440828,0.0
2016-12-06,0.0032464344356119873,0.0
2016-12-07,0.01495001560574161,0.0
2016-12-08,0.003754422859979539,0.0
2016-12-09,0.0028988872032264966,0.0
2016-12-12,0.0006915974951409952,0.0
2016-12-13,0.006030378626262057,0.0
2016-12-14,-0.012649026625537593,0.0
2016-12-15,0.0011289664512863767,0.0
2016-12-16,0.0017689114355308917,0.0
2016-12-19,0.002091247411429597,0.0
2016-12-20,0.0015849914539963297,0.0
2016-12-21,-0.0016691112459202274,0.0
2016-12-22,-0.00278303473949143,0.0
2016-12-23,0.0007698445417283221,0.0
2016-12-27,0.0020450803025952842,0.0
2016-12-28,-0.008777003840154238,0.0
2016-12-29,0.0039521147358468536,0.0
2016-12-30,-0.003823789227949021,0.0
2017-01-03,0.0067277462499921725,0.8127294544721988
2017-01-04,0.008877347933706634,0.0
2017-01-05,-0.0027526845945050273,0.0
2017-01-06,0.000807244673285673,0.0
2017-01-09,-0.007324696584741466,0.0
2017-01-10,0.001775426315768146,0.0
2017-01-11,0.003650792618914271,0.0
2017-01-12,-0.0014636225405524257,0.0
2017-01-13,0.0016919519973909178,0.0
2017-01-17,0.0010682383188403675,0.0
2017-01-18,0.002757420351606577,0.0
2017-01-19,-0.005382430372049633,0.0
2017-01-20,0.0039006283764794394,0.0
2017-01-23,-0.003281475827447407,0.0
2017-01-24,0.011318814367109378,0.0
2017-01-25,0.006590387753622741,0.0
2017-01-26,-0.002906453158469405,0.0
2017-01-27,-0.002496876604630738,0.0
2017-01-30,-0.004848808278942261,0.0
2017-01-31,0.001153292776189429,0.0
2017-02-01,-0.006716663683153601,1.502741479925421
2017-02-02,-0.00041654980005762144,0.0
2017-02-03,0.008499713983215001,0.0
2017-02-06,-0.003321566397552469,0.0
2017-02-07,-0.0003256682846744512,0.0
2017-02-08,-0.0011821563143578429,0.0
2017-02-09,0.006497040587828996,0.0
2017-02-10,0.004598515265870177,0.0
2017-02-13,0.005874221479625629,0.0
2017-02-14,0.002435317412088704,0.0
2017-02-15,0.004969770531200784,0.0
2017-02-16,-0.0006206641798333207,0.0
2017-02-17,-0.00015598709923137492,0.0
2017-02-21,0.005348993237241362,0.0
2017-02-22,-0.0018054485301543396,0.0
2017-02-23,-0.0008304119054771034,0.0
2017-02-24,0.0020166925285508763,0.0
2017-02-27,0.00102934940550363,0.0
2017-02-28,-0.002042853211051102,0.0
2017-03-01,0.015434419153962153,0.6259583619587747
2017-03-02,-0.009433414709892927,0.0
2017-03-03,0.001356489288918289,0.0
2017-03-06,-0.003383871458332543,0.0
2017-03-07,-0.0022377188831937105,0.0
2017-03-08,-0.003266855453585028,0.0
2017-03-09,0.0002435550974800175,0.0
2017-03-10,0.00340619278582077,0.0
2017-03-13,-0.01275336322190284,0.0
2017-03-14,-0.0042568264077926556,0.0
2017-03-15,0.007822696840516855,0.0
2017-03-16,-0.0023364136625814314,0.0
2017-03-17,0.000673414199962452,0.0
2017-03-20,-0.00239123262572678,0.0
2017-03-21,-0.016005667226396264,0.0
2017-03-22,0.0036835362621694973,0.0
2017-03-23,-0.0006046348142406362,0.0
2017-03-24,-0.0011823782521317452,0.0
2017-03-27,-0.0019759105114285657,0.0
2017-03-28,0.008498923002958948,0.0
2017-03-29,0.00048623835381544385,0.0
2017-03-30,0.0048588912547794915,0.0
2017-03-31,-0.0016773737067582294,0.0
2017-04-03,-0.003329784446430284,0.7853227091426792
2017-04-04,0.0005503018838489966,0.0
2017-04-05,-0.0024498596978635373,0.0
2017-04-06,0.0019190220388864449,0.0
2017-04-07,-0.00016979736519197672,0.0
2017-04-10,-0.00037361386144332614,0.0
2017-04-11,-0.0010378861436690686,0.0
2017-04-12,-0.0043408981763544355,0.0
2017-04-13,-0.005094977666906892,0.0
2017-04-17,0.009072961961938112,0.0
2017-04-18,-0.0013908349899289028,0.0
2017-04-19,0.00041679090441320177,0.0
2017-04-20,0.008182448687501986,0.0
2017-04-21,-0.0017553219044407623,0.0
2017-04-24,0.013512496960104913,0.0
2017-04-25,0.005147436584920862,0.0
2017-04-26,-0.00223183030126795,0.0
2017-04-27,0.0030240537482583603,0.0
2017-04-28,-0.0025398792095671207,0.0
2017-05-01,0.00033657292407696104,0.5635456276039579
2017-05-02,0.00045677757226687317,0.0
2017-05-03,-0.001621506762127032,0.0
2017-05-04,0.0032883935241821284,0.0
2017-05-05,0.004234561543829471,0.0
2017-05-08,-0.0015162469356117445,0.0
2017-05-09,0.00011424141459818733,0.0
2017-05-10,0.002585102052466816,0.0
2017-05-11,-0.002108647984557807,0.0
2017-05-12,-0.0013757845779575981,0.0
2017-05-15,0.0060375703616044,0.0
2017-05-16,-0.0007632661209371729,0.0
2017-05-17,-0.01388029251306533,0.0
2017-05-18,0.0036914453951973703,0.0
2017-05-19,0.006624330278381729,0.0
2017-05-22,0.007195298471032757,0.0
2017-05-23,0.0008119966181673688,0.0
2017-05-24,0.0034613200455627584,0.0
2017-05-25,0.007870475023273309,0.0
2017-05-26,-9.974334807148419e-07,0.0
2017-05-30,0.0013125754515495326,0.0
2017-05-31,0.00308844200871193,0.0
2017-06-01,0.007275636751732373,0.5813159621868401
2017-06-02,0.003373657894753067,0.0
2017-06-05,-0.001630604040257051,0.0
2017-06-06,-0.004431309434102552,0.0
2017-06-07,0.002956560215762974,0.0
2017-06-08,-0.008144085572982743,0.0
2017-06-09,-0.004591140108538815,0.0
2017-06-12,-0.003438619940966177,0.0
2017-06-13,0.004855498013666547,0.0
2017-06-14,0.0012834992490320992,0.0
2017-06-15,0.0003824436629350629,0.0
2017-06-16,-0.00029912182421908,0.0
2017-06-19,-0.00013367666652739762,0.0
2017-06-20,-0.004771801633742214,0.0
2017-06-21,-0.0011275569489539283,0.0
2017-06-22,-0.001692541409370863,0.0
2017-06-23,0.0008607841092587105,0.0
2017-06-26,0.0005111825398433666,0.0
2017-06-27,-0.008537224189843394,0.0
2017-06-28,0.0064147533833458364,0.0
2017-06-29,-0.012339777451009191,0.0
2017-06-30,0.0018497354965805492,0.0
2017-07-03,-0.0018308150531866074,0.6285535416666876
2017-07-05,0.0051077342218219645,0.0
2017-07-06,-0.006996696260758829,0.0
2017-07-07,0.008974470727184944,0.0
2017-07-10,0.00016409101714913552,0.0
2017-07-11,-0.0010399335174480608,0.0
2017-07-12,0.008655167860788408,0.0
2017-07-13,-0.000184620282158466,0.0
2017-07-14,0.00530344146626185,0.0
2017-07-17,0.0009670076272699428,0.0
2017-07-18,0.0009668629989791801,0.0
2017-07-19,0.005575945414875091,0.0
2017-07-20,0.0008246289358150591,0.0
2017-07-21,-0.0046376979658021384,0.0
2017-07-24,-0.0020181254810117165,0.0
2017-07-25,-0.0014430650108395835,0.0
2017-07-26,0.0008612357595132548,0.0
2017-07-27,-0.004531860755320078,0.0
2017-07-28,0.001936411425574669,0.0
2017-07-31,-0.001747501994076659,0.0
2017-08-01,0.002236556304983761,0.651120547183814
2017-08-02,0.0008513911184933867,0.0
2017-08-03,0.00018910363645135736,0.0
2017-08-04,0.0017119970667178915,0.0
2017-08-07,0.000641113939483309,0.0
2017-08-08,-0.0028372392535584426,0.0
2017-08-09,-0.0006792863833121744,0.0
2017-08-10,-0.013321251634560329,0.0
2017-08-11,0.0005136936276046525,0.0
2017-08-14,0.010228516424440368,0.0
2017-08-15,0.00047554626132921063,0.0
2017-08-16,0.0030475159383328283,0.0
2017-08-17,-0.014825464597291772,0.0
2017-08-18,-0.0011514508601329814,0.0
2017-08-21,0.002060982490440273,0.0
2017-08-22,0.009426790605499051,0.0
2017-08-23,-0.0046326134159399394,0.0
2017-08-24,-0.0013788056869013146,0.0
2017-08-25,0.0030427625145434843,0.0
2017-08-28,-0.0004327076949292263,0.0
2017-08-29,-0.0004044701035995703,0.0
2017-08-30,0.0033148009551170277,0.0
2017-08-31,0.006261393963351748,0.0
2017-09-01,0.0007751648513898424,0.5712478614268397
2017-09-05,-0.0088257297341943,0.0
2017-09-06,-0.00020007070208853867,0.0
2017-09-07,-0.0005091301768726923,0.0
2017-09-08,0.00503568395315929,0.0
2017-09-11,0.012313759437625579,0.0
2017-09-12,-0.0003456840153475075,0.0
2017-09-13,-0.0027642615150938925,0.0
2017-09-14,0.0008295482088745993,0.0
2017-09-15,0.0014802569486173321,0.0
2017-09-18,0.0020553090008801444,0.0
2017-09-19,0.0012978969252276566,0.0
2017-09-20,0.000739186061034704,0.0
2017-09-21,-0.001347782658834255,0.0
2017-09-22,-0.0006598309830826358,0.0
2017-09-25,-0.0026152935217762887,0.0
2017-09-26,0.0013494405112811113,0.0
2017-09-27,0.0019829983955808065,0.0
2017-09-28,0.0014913828985235627,0.0
2017-09-29,0.0030957006428347007,0.0
2017-10-02,0.00409794596287516,0.4936074769668786
2017-10-03,0.0013338322734975266,0.0
2017-10-04,0.003538974453648272,0.0
2017-10-05,0.0038985390139049084,0.0
2017-10-06,4.6024198749283475e-05,0.0
2017-10-09,-0.0008951488345079783,0.0
2017-10-10,0.002663221826618617,0.0
2017-10-11,0.0023163942189015556,0.0
2017-10-12,0.002653536965662806,0.0
2017-10-13,-0.0010179130713788137,0.0
2017-10-16,0.0008715027164525,0.0
2017-10-17,0.00017552049205688577,0.0
2017-10-18,3.8774036811703525e-05,0.0
2017-10-19,0.0028471936502914258,0.0
2017-10-20,0.005344676589050526,0.0
2017-10-23,-0.0006853311060951702,0.0
2017-10-24,0.003289309263613504,0.0
2017-10-25,-0.002519385844190652,0.0
2017-10-26,0.0020938634105935336,0.0
2017-10-27,0.0020631895022582445,0.0
2017-10-30,-0.004280314820267927,0.0
2017-10-31,0.0016449887453031484,0.0
2017-11-01,-0.000869868610237412,0.7362552278279645
2017-11-02,0.0020676689923871013,0.0
2017-11-03,0.0014989380888833924,0.0
2017-11-06,0.0005047309310804106,0.0
2017-11-07,-0.00027358417617655056,0.0
2017-11-08,-0.0004741149716457727,0.0
2017-11-09,-0.005603449633026525,0.0
2017-11-10,0.00040411275593700313,0.0
2017-11-13,0.0030477635256010624,0.0
2017-11-14,0.003110336356108384,0.0
2017-11-15,-0.005177635723340899,0.0
2017-11-16,0.006596560323268698,0.0
2017-11-17,-0.001562971695131914,0.0
2017-11-20,0.0036184057933736843,0.0
2017-11-21,0.0046690022150313835,0.0
2017-11-22,-0.002791787239930138,0.0
2017-11-24,0.0014482349050311235,0.0
2017-11-27,0.0013133724170118796,0.0
2017-11-28,0.01113092074029662,0.0
2017-11-29,0.0012782453815714573,0.0
2017-11-30,0.009564543483304355,0.0
2017-12-01,-0.004691770674651319,0.7257228507490106
2017-12-04,-0.00797095892683001,0.0
2017-12-05,-0.003792111939985187,0.0
2017-12-06,0.0015704122229464497,0.0
2017-12-07,0.004473788942851142,0.0
2017-12-08,0.004829936602303456,0.0
2017-12-11,0.0012938324088499023,0.0
2017-12-12,-0.003956365158335449,0.0
2017-12-13,0.0005091135518550055,0.0
2017-12-14,-0.004335479430886522,0.0
2017-12-15,0.009337384189200037,0.0
2017-12-18,0.003252930861128578,0.0
2017-12-19,-0.004020918812925083,0.0
2017-12-20,-0.0020911057507638615,0.0
2017-12-21,-0.00259862303022389,0.0
2017-12-22,7.676296498113164e-05,0.0
2017-12-26,-0.000179899455346931,0.0
2017-12-27,0.0022171990778066773,0.0
2017-12-28,-0.00400194897266609,0.0
2017-12-29,-0.004097416414315351,0.0
2018-01-02,0.0011980044502102327,0.5634433356923324
2018-01-03,0.007963887366751207,0.0
2018-01-04,0.004546055282842446,0.0
2018-01-05,0.00685686919996046,0.0
2018-01-08,0.0037588616841547377,0.0
2018-01-09,0.004073225601943377,0.0
2018-01-10,-0.003375708865889856,0.0
2018-01-11,0.006951025659965757,0.0
2018-01-12,0.007113762340846304,0.0
2018-01-16,-0.005963698542691928,0.0
2018-01-17,0.012147352157445876,0.0
2018-01-18,-0.0015998516477366245,0.0
2018-01-19,0.007057612583639966,0.0
2018-01-22,0.00461654493219399,0.0
2018-01-23,0.0011745159207468053,0.0
2018-01-24,0.0007588583398438391,0.0
2018-01-25,0.003219292413154064,0.0
2018-01-26,0.012054316138467181,0.0
2018-01-29,-0.009462471948890903,0.0
2018-01-30,-0.010107876537288002,0.0
2018-01-31,-0.0007320440249457781,0.0
2018-02-01,-0.0025911736760424464,1.3674700211944297
2018-02-02,-0.019528040130728237,0.0
2018-02-05,-0.03701744656414056,0.0
2018-02-06,0.016824382529444362,0.0
2018-02-07,-0.0024559328633637603,0.0
2018-02-08,-0.03349185888702326,0.0
2018-02-09,0.011035588234325537,0.0
2018-02-12,0.013912133104275776,0.0
2018-02-13,0.005831415939302352,0.0
2018-02-14,0.016974978105849595,0.0
2018-02-15,0.013299668645094312,0.0
2018-02-16,0.0006276812577368903,0.0
2018-02-20,-0.006901285732281881,0.0
2018-02-21,-0.003333668813140854,0.0
2018-02-22,-0.0001912520352456457,0.0
2018-02-23,0.01451513958815609,0.0
2018-02-26,0.009244643101653155,0.0
2018-02-27,-0.01323467944277655,0.0
2018-02-28,-0.008654740467336147,0.0
2018-03-01,-0.010856499690435784,1.0801112922778011
2018-03-02,0.004494486035447261,0.0
2018-03-05,0.011822448039859929,0.0
2018-03-06,0.004060346958651861,0.0
2018-03-07,0.001633799025126277,0.0
2018-03-08,0.0040013228493389055,0.0
2018-03-09,0.018497452418636706,0.0
2018-03-12,-0.003099298172044926,0.0
2018-03-13,-0.005928617931697909,0.0
2018-03-14,-0.007675609374051324,0.0
2018-03-15,-0.001055597548441349,0.0
2018-03-16,0.0038465176839955753,0.0
2018-03-19,-0.01639574340124303,0.0
2018-03-20,0.0024867591465601692,0.0
2018-03-21,-0.0008295615732026803,0.0
2018-03-22,-0.027625944529530322,0.0
2018-03-23,-0.019065355164993497,0.0
2018-03-26,0.02768433514865778,0.0
2018-03-27,-0.016602167615672764,0.0
2018-03-28,-0.002947612900976594,0.0
2018-03-29,0.014166184484605382,0.0
2018-04-02,-0.023364469498920126,0.5694287368836111
2018-04-03,0.00510375482007511,0.0
2018-04-04,0.011593284416224967,0.0
2018-04-05,0.006280941596218103,0.0
2018-04-06,-0.02437356060617433,0.0
2018-04-09,0.0027246618432210986,0.0
2018-04-10,0.01737711945529845,0.0
2018-04-11,-0.005994339251206312,0.0
2018-04-12,0.011209983560142823,0.0
2018-04-13,-0.005979296800314956,0.0
2018-04-16,0.007874357397866186,0.0
2018-04-17,0.010367785726773077,0.0
2018-04-18,0.0020839988216087707,0.0
2018-04-19,-0.004438506059799375,0.0
2018-04-20,-0.005792247482286773,0.0
2018-04-23,0.0002739270875886621,0.0
2018-04-24,-0.012979009981828354,0.0
2018-04-25,0.00047219865979354907,0.0
2018-04-26,0.007487837446480859,0.0
2018-04-27,0.0023944044634960564,0.0
2018-04-30,-0.007239660532788824,0.0
2018-05-01,0.0002156795866106176,0.7911342375350234
2018-05-02,-0.009334513911039913,0.0
2018-05-03,-0.002400665702831917,0.0
2018-05-04,0.010096213786355192,0.0
2018-05-07,0.0031224789458175178,0.0
2018-05-08,-2.4302905258996696e-05,0.0
2018-05-09,0.008451553761558019,0.0
2018-05-10,0.007990892333535926,0.0
2018-05-11,0.0012573520923118624,0.0
2018-05-14,-0.0028104164222472403,0.0
2018-05-15,-0.0029880234876117377,0.0
2018-05-16,0.004358808015596087,0.0
2018-05-17,-7.620811113130701e-05,0.0
2018-05-18,-0.0027452243101550662,0.0
2018-05-21,0.005594591498190572,0.0
2018-05-22,-0.003631030735659003,0.0
2018-05-23,0.0028544014409661506,0.0
2018-05-24,0.0016773106684389609,0.0
2018-05-25,-0.002257344479631887,0.0
2018-05-29,-0.011524047934023647,0.0
2018-05-30,0.011020130445490208,0.0
2018-05-31,-0.008751371100060547,0.0
2018-06-01,0.008212525205250287,0.9363255415928852
2018-06-04,0.0060884650016349365,0.0
2018-06-05,0.004460795575032237,0.0
2018-06-06,0.010396411094655734,0.0
2018-06-07,-0.0008152560070708392,0.0
2018-06-08,0.004921132175553265,0.0
2018-06-11,0.0015491551883444542,0.0
2018-06-12,0.0023903495522610407,0.0
2018-06-13,-0.005033719000923614,0.0
2018-06-14,0.00039438459331316635,0.0
2018-06-15,-0.0011199117642048456,0.0
2018-06-18,0.0012388046648204335,0.0
2018-06-19,-0.004626140390104188,0.0
2018-06-20,0.0002822208423166879,0.0
2018-06-21,-0.0056352865952255665,0.0
2018-06-22,-0.0005179116729838748,0.0
2018-06-25,-0.015241178726824189,0.0
2018-06-26,0.002667653412091918,0.0
2018-06-27,-0.010130795090548886,0.0
2018-06-28,0.005108811160331593,0.0
2018-06-29,-0.001115129729524968,0.0
2018-07-02,-0.0001403332478994157,0.7723152814137892
2018-07-03,-0.004608304344488849,0.0
2018-07-05,0.00816762508032746,0.0
2018-07-06,0.008202256689337658,0.0
2018-07-09,0.0111484266070141,0.0
2018-07-10,0.001509674535220486,0.0
2018-07-11,-0.007224844024091295,0.0
2018-07-12,0.006963259135781948,0.0
2018-07-13,0.0001708493934697875,0.0
2018-07-16,-0.0024231581259367523,0.0
2018-07-17,0.006101269089691573,0.0
2018-07-18,0.005469223572094142,0.0
2018-07-19,-0.002884854288936951,0.0
2018-07-20,-0.0015158824501882726,0.0
2018-07-23,0.003764526605598676,0.0
2018-07-24,-0.002121712054590306,0.0
2018-07-25,0.009739573808916598,0.0
2018-07-26,0.0017085874893396867,0.0
2018-07-27,-0.007058577473782702,0.0
2018-07-30,-0.00793548214639328,0.0
2018-07-31,0.004176995876832525,0.0
2018-08-01,-0.004483525730497484,0.7631342915982677
2018-08-02,0.004649952679461674,0.0
2018-08-03,0.0025199660701895415,0.0
2018-08-06,0.0032906173921399898,0.0
2018-08-07,0.0031933748989198154,0.0
2018-08-08,0.0005214055479686588,0.0
2018-08-09,0.0013141476476057515,0.0
2018-08-10,-0.006875164022648916,0.0
2018-08-13,-0.0028534434694896236,0.0
2018-08-14,0.011830684201427364,0.0
2018-08-15,-0.008033653698603111,0.0
2018-08-16,0.007246717637622279,0.0
2018-08-17,0.006138395039272054,0.0
2018-08-20,0.0050054676648056025,0.0
2018-08-21,0.003148727138669669,0.0
2018-08-22,-0.0006065610316937782,0.0
2018-08-23,0.00037432090505682623,0.0
2018-08-24,0.0023648640052667505,0.0
2018-08-27,0.003555843148884591,0.0
2018-08-28,0.00019212319209493874,0.0
2018-08-29,0.005077798062012714,0.0
2018-08-30,-0.006635694775842146,0.0
2018-08-31,0.001995471196334738,0.0
2018-09-04,-0.0011430955631743789,0.9116113131131776
2018-09-05,0.0005188815371054408,0.0
2018-09-06,-0.00031097432819922593,0.0
2018-09-07,-0.002474604400257796,0.0
2018-09-10,0.004423105617600726,0.0
2018-09-11,0.00045183605970456296,0.0
2018-09-12,0.0009359126610508773,0.0
2018-09-13,0.001991489462622708,0.0
2018-09-14,0.0010426301238153776,0.0
2018-09-17,-0.0037163117087652777,0.0
2018-09-18,0.005035022795762219,0.0
2018-09-19,-0.007334163785602845,0.0
2018-09-20,0.0046757335042315815,0.0
2018-09-21,0.0017848811723298365,0.0
2018-09-24,-0.0073846944809525805,0.0
2018-09-25,-0.002553523840481913,0.0
2018-09-26,3.2350529454232545e-05,0.0
2018-09-27,-0.0018077274433371568,0.0
2018-09-28,0.0024022886991191318,0.0
2018-10-01,-0.0011084252821184082,0.5931583006384444
2018-10-02,-0.004250960208085783,0.0
2018-10-03,-0.0002317555268375971,0.0
2018-10-04,-0.007565667748474253,0.0
2018-10-05,-0.005124276424371318,0.0
2018-10-08,0.0006310831200823605,0.0
2018-10-09,-0.004452331020717592,0.0
2018-10-10,-0.030460394540788003,0.0
2018-10-11,-0.028774738279625664,0.0
2018-10-12,0.013147745409199213,0.0
2018-10-15,-0.0002843549173838166,0.0
2018-10-16,0.021047393051325358,0.0
2018-10-17,-0.0029519686948282324,0.0
2018-10-18,-0.012519904810804061,0.0
2018-10-19,-0.004963552499119442,0.0
2018-10-22,-0.002736218585749433,0.0
2018-10-23,-0.007738304224144375,0.0
2018-10-24,-0.027339027642680036,0.0
2018-10-25,0.013173226854831958,0.0
2018-10-26,-0.016185154609445213,0.0
2018-10-29,0.004674580881441525,0.0
2018-10-30,0.01919117398642295,0.0
2018-10-31,0.005432247838293682,0.0
2018-11-01,0.011869000757509962,0.748140343264892
2018-11-02,-0.00257899221752712,0.0
2018-11-05,0.004783723320955065,0.0
2018-11-06,0.007046175850247905,0.0
2018-11-07,0.01942288652501376,0.0
2018-11-08,0.00019223231063808456,0.0
2018-11-09,-0.007654677469757642,0.0
2018-11-12,-0.01652835720800082,0.0
2018-11-13,-0.0015544271444068048,0.0
2018-11-14,-0.00932554465715563,0.0
2018-11-15,0.010552956663493554,0.0
2018-11-16,0.0009829407147588845,0.0
2018-11-19,-0.01867842548346857,0.0
2018-11-20,-0.01562343474097275,0.0
2018-11-21,0.006008549227097771,0.0
2018-11-23,-0.0014882114914737225,0.0
2018-11-26,0.013678070228373687,0.0
2018-11-27,0.0015458784201718605,0.0
2018-11-28,0.02175804506982547,0.0
2018-11-29,-0.0032831765453760478,0.0
2018-11-30,0.00023309333779817328,0.0
2018-12-03,0.009551188499554275,0.8842411227691033
2018-12-04,-0.02862793126253515,0.0
2018-12-06,-0.0025846863037475827,0.0
2018-12-07,-0.020893866446533314,0.0
2018-12-10,0.0013832156659545451,0.0
2018-12-11,-0.0008187178769043763,0.0
2018-12-12,0.005433945134359484,0.0
2018-12-13,-0.00419766511520331,0.0
2018-12-14,-0.01483801720463011,0.0
2018-12-17,-0.023019376659966482,0.0
2018-12-18,0.0004488866070907273,0.0
2018-12-19,-0.014362253224182464,0.0
2018-12-20,-0.019342788938500576,0.0
2018-12-21,-0.02047311956352489,0.0
2018-12-24,-0.023704638068264408,0.0
2018-12-26,0.033527525245339265,0.0
2018-12-27,0.00889686480252099,0.0
2018-12-28,-0.0016415164264572484,0.0
2018-12-31,0.009509571062970776,0.0
2019-01-02,-0.003964489889338396,0.8443087924859514
2019-01-03,-0.011097174410516313,0.0
2019-01-04,0.023898510954364884,0.0
2019-01-07,0.006593632960117537,0.0
2019-01-08,0.01081605757431436,0.0
2019-01-09,0.002835807718689602,0.0
2019-01-10,0.008503425192407965,0.0
2019-01-11,0.0011981982477031192,0.0
2019-01-14,-0.005938603001603393,0.0
2019-01-15,0.008024656987641137,0.0
2019-01-16,0.000805133195145621,0.0
2019-01-17,0.008466734597228716,0.0
2019-01-18,0.012222303902591323,0.0
2019-01-22,-0.010120813755700711,0.0
2019-01-23,0.0028058226915506734,0.0
2019-01-24,0.0036333399246985688,0.0
2019-01-25,0.006220773008842386,0.0
2019-01-28,-0.0016141870730704598,0.0
2019-01-29,0.004179377008320943,0.0
2019-01-30,0.009945569977761089,0.0
2019-01-31,0.010303759476209458,0.0
2019-02-01,-0.0007791097413711867,0.6946595065622916
2019-02-04,0.004973165238541195,0.0
2019-02-05,0.003322433337976228,0.0
2019-02-06,-0.002076292633746278,0.0
2019-02-07,0.0005838275142659772,0.0
2019-02-08,0.0033771995231513846,0.0
2019-02-11,0.002375887202813603,0.0
2019-02-12,0.007489030692242887,0.0
2019-02-13,0.0015750192652215504,0.0
2019-02-14,-0.0018453713871907846,0.0
2019-02-15,0.007526435139500518,0.0
2019-02-19,0.0007693865816910429,0.0
2019-02-20,0.001458733926667696,0.0
2019-02-21,0.0023226265775792326,0.0
2019-02-22,0.006458743381314688,0.0
2019-02-25,-0.00326606120677467,0.0
2019-02-26,-0.0008809819653609577,0.0
2019-02-27,0.0007243307371491457,0.0
2019-02-28,0.0021170429127245457,0.0
2019-03-01,0.003929668862097557,0.8799401924810777
2019-03-04,-0.004516149878979655,0.0
2019-03-05,-0.0013575217271216188,0.0
2019-03-06,-0.007321595395263231,0.0
2019-03-07,-0.005187398320762485,0.0
2019-03-08,-0.00233278572747032,0.0
2019-03-11,0.011288228584200748,0.0
2019-03-12,0.0030709457729953347,0.0
2019-03-13,0.005982032512770222,0.0
2019-03-14,-0.0002906880917745498,0.0
2019-03-15,0.0033862885973125582,0.0
2019-03-18,0.002273758872582023,0.0
2019-03-19,-0.0018738492730334725,0.0
2019-03-20,-0.0065993726345521895,0.0
2019-03-21,0.014245371422089642,0.0
2019-03-22,-0.017018820485058928,0.0
2019-03-25,0.0010594367237662693,0.0
2019-03-26,0.007543195301167462,0.0
2019-03-27,-0.0028403886691981306,0.0
2019-03-28,0.00595002650403291,0.0
2019-03-29,0.00575025274796526,0.0
2019-04-01,0.008879714939706185,0.686661097294252
2019-04-02,-0.0003149686656514852,0.0
2019-04-03,-0.005528909567788694,0.0
2019-04-04,0.0002910835207448682,0.0
2019-04-05,0.005180968224337676,0.0
2019-04-08,-0.00021857878351114654,0.0
2019-04-09,-0.005406610792214581,0.0
2019-04-10,0.00529579160686784,0.0
2019-04-11,0.0020237234525714914,0.0
2019-04-12,0.0071234279600037725,0.0
2019-04-15,-0.0016868855275053822,0.0
2019-04-16,-0.002140365117944969,0.0
2019-04-17,-0.008887477847268725,0.0
2019-04-18,0.0027584234887417024,0.0
2019-04-22,-0.0033755991498304835,0.0
2019-04-23,0.00832884332434148,0.0
2019-04-24,0.001577765603106539,0.0
2019-04-25,-0.0034975264917837413,0.0
2019-04-26,0.005662222988925849,0.0
2019-04-29,-0.002009451899794077,0.0
2019-04-30,0.0059142112192676795,0.0
2019-05-01,-0.008598302905936994,1.0232823877537238
2019-05-02,0.00206499861375656,0.0
2019-05-03,0.01034067224429518,0.0
2019-05-06,-0.006089004106466635,0.0
2019-05-07,-0.01331892194994423,0.0
2019-05-08,-0.002283364271807163,0.0
2019-05-09,-0.0012047634840448246,0.0
2019-05-10,0.0037046313203549716,0.0
2019-05-13,-0.023959515510270202,0.0
2019-05-14,0.008894544791893033,0.0
2019-05-15,0.005394500968189859,0.0
2019-05-16,0.004806562882803566,0.0
2019-05-17,-0.006934546787836261,0.0
2019-05-20,-0.007479930747448925,0.0
2019-05-21,0.009424628555293886,0.0
2019-05-22,-0.0038404488469048204,0.0
2019-05-23,-0.011649541212608333,0.0
2019-05-24,0.0016326758131627317,0.0
2019-05-28,-0.009017834151760655,0.0
2019-05-29,-0.007353377284111567,0.0
2019-05-30,0.0036703359811246714,0.0
2019-05-31,-0.011431078235031616,0.0
2019-06-03,0.004814630195611125,0.8349703161500982
2019-06-04,0.016117179244684032,0.0
2019-06-05,0.005860553231440325,0.0
2019-06-06,0.004423067466708695,0.0
2019-06-07,0.007458350863254239,0.0
2019-06-10,0.0035982444120203462,0.0
2019-06-11,-0.0009031653606125817,0.0
2019-06-12,-0.0026833169736397533,0.0
2019-06-13,0.006428738763644613,0.0
2019-06-14,-0.0029032073606518327,0.0
2019-06-17,-0.001496782623625022,0.0
2019-06-18,0.010034562075086597,0.0
2019-06-19,0.0030394565412845092,0.0
2019-06-20,0.007789871230086699,0.0
2019-06-21,-0.0032742159904334996,0.0
2019-06-24,-0.004061522342280128,0.0
2019-06-25,-0.006842114288872619,0.0
2019-06-26,-0.0006045106813463312,0.0
2019-06-27,0.006028013545562326,0.0
2019-06-28,0.009641507004285418,0.0
2019-07-01,0.006807983398038564,0.8054820973458116
2019-07-02,0.003971566771604826,0.0
2019-07-03,0.011142273149616586,0.0
2019-07-05,-0.0008449338977479415,0.0
2019-07-08,-0.003765054383081685,0.0
2019-07-09,0.00025638522329197,0.0
2019-07-10,0.0013690854992113692,0.0
2019-07-11,0.0013724587442565305,0.0
2019-07-12,0.006292132693342879,0.0
2019-07-15,-0.0004455968911877026,0.0
2019-07-16,-0.009608704624848523,0.0
2019-07-17,-0.006192142294925157,0.0
2019-07-18,0.002226744459260623,0.0
2019-07-19,-0.008029084022608275,0.0
2019-07-22,0.00026016762140637504,0.0
2019-07-23,0.007279104435960044,0.0
2019-07-24,0.003892252428254967,0.0
2019-07-25,-0.003518946375496587,0.0
2019-07-26,0.007503426260828907,0.0
2019-07-29,-0.0015230420933707695,0.0
2019-07-30,-0.005424496017974065,0.0
2019-07-31,-0.009469731851691358,0.0
2019-08-01,-0.008762403831032106,0.8923603340187645
2019-08-02,-0.011331417542263411,0.0
2019-08-05,-0.02995033810676367,0.0
2019-08-06,0.010830960498361875,0.0
2019-08-07,0.0005759419724504735,0.0
2019-08-08,0.022024020059766745,0.0
2019-08-09,-0.0173267951877086,0.0
2019-08-12,-0.02196481233298394,0.0
2019-08-13,0.015513704141479134,0.0
2019-08-14,-0.03197417783628064,0.0
2019-08-15,-0.00036218735860686527,0.0
2019-08-16,0.016369472522664994,0.0
2019-08-19,0.01221061857444991,0.0
2019-08-20,-0.008148945465603113,0.0
2019-08-21,0.01036637742641103,0.0
2019-08-22,2.14701333721494e-05,0.0
2019-08-23,-0.029041428227234302,0.0
2019-08-26,0.00924463286318579,0.0
2019-08-27,-0.005193051299785991,0.0
2019-08-28,0.008499212906278742,0.0
2019-08-29,0.015637682906623297,0.0
2019-08-30,0.0027912826791520757,0.0
2019-09-03,-0.012969931366265008,0.9207509031843968
2019-09-04,0.012186796116380624,0.0
2019-09-05,0.017039023350168638,0.0
2019-09-06,0.002904075807416044,0.0
2019-09-09,0.004099611950685401,0.0
2019-09-10,0.004977491555808157,0.0
2019-09-11,0.006887850940593954,0.0
2019-09-12,0.0010191721811468727,0.0
2019-09-13,0.00018990554753088582,0.0
2019-09-16,-0.0027231512312298747,0.0
2019-09-17,0.0006667482213720501,0.0
2019-09-18,-0.0006745472461888827,0.0
2019-09-19,-0.0016814252623435783,0.0
2019-09-20,-0.003801777432809167,0.0
2019-09-23,-0.0002345366393135716,0.0
2019-09-24,-0.008507087320771751,0.0
2019-09-25,0.005809923027828556,0.0
2019-09-26,-0.0015572377496981813,0.0
2019-09-27,-0.012582439245979743,0.0
2019-09-30,0.00574592049309265,0.0
2019-10-01,-0.015972223074497416,0.47410201550582964
2019-10-02,-0.018908406731330624,0.0
2019-10-03,0.008071082600196573,0.0
2019-10-04,0.013976347763857191,0.0
2019-10-07,-0.0057910089548534795,0.0
2019-10-08,-0.019294511814007948,0.0
2019-10-09,0.010912641300641807,0.0
2019-10-10,0.007250191883747317,0.0
2019-10-11,0.014637467348001521,0.0
2019-10-14,-0.0016909894457434428,0.0
2019-10-15,0.009206879273221658,0.0
2019-10-16,-0.0014844054770205707,0.0
2019-10-17,0.002958898573672815,0.0
2019-10-18,-0.003004157383325862,0.0
2019-10-21,-0.001266177783592707,0.0
2019-10-22,-0.005402466410159915,0.0
2019-10-23,0.0021450867161743816,0.0
2019-10-24,0.000212771340002269,0.0
2019-10-25,0.0034114103124339313,0.0
2019-10-28,0.0041414774513778944,0.0
2019-10-29,0.002619725010568956,0.0
2019-10-30,0.001227622225286901,0.0
2019-10-31,-0.0023762922368000023,0.0
2019-11-01,0.012111839918918399,0.9829803226112421
2019-11-04,0.004298071091300695,0.0
2019-11-05,-0.0003334624216580009,0.0
2019-11-06,-7.947320797299861e-05,0.0
2019-11-07,-0.0005244765109190878,0.0
2019-11-08,0.00031862062082776846,0.0
2019-11-11,-0.003039897320587538,0.0
2019-11-12,-0.00019544958153034137,0.0
2019-11-13,-0.0006333975044648786,0.0
2019-11-14,0.0024678851037622834,0.0
2019-11-15,0.005007307185482005,0.0
2019-11-18,0.00010793607058601998,0.0
2019-11-19,-0.00166374256385836,0.0
2019-11-20,-0.0024557017258965024,0.0
2019-11-21,-0.0032950804765503557,0.0
2019-11-22,0.0033073358156671595,0.0
2019-11-25,0.007417152179079305,0.0
2019-11-26,0.0015093343648057732,0.0
2019-11-27,0.003688410931378056,0.0
2019-11-29,-0.004611694489532025,0.0
2019-12-02,-0.008524006820231023,1.0049170557597669
2019-12-03,-0.009596184141315474,0.0
2019-12-04,0.0067613394013245525,0.0
2019-12-05,0.003223257689944854,0.0
2019-12-06,0.009542140055088426,0.0
2019-12-09,-0.002816255766094252,0.0
2019-12-10,3.5737271125784116e-05,0.0
2019-12-11,-0.005034623568215534,0.0
2019-12-12,0.014550422454563757,0.0
2019-12-13,-0.00438554404209991,0.0
2019-12-16,0.005498974212261752,0.0
2019-12-17,0.00028594158010049813,0.0
2019-12-18,-0.000569039747302413,0.0
2019-12-19,0.002056648829422614,0.0
2019-12-20,0.005321569568620775,0.0
2019-12-23,3.3697464403903834e-05,0.0
2020-01-29,-0.019643977927999656,0.7465657375367593
2020-01-30,0.001852512551883051,0.0
2020-01-31,-0.02102749188297237,0.0
2020-02-03,0.006688345728780298,0.37407053652201705
2020-02-04,0.013417214147946454,0.0
2020-02-05,0.01669731032176762,0.0
2020-02-06,-0.003537996411732897,0.0
2020-02-07,-0.007841663178015792,0.0
2020-02-10,0.003596830833361833,0.0
2020-02-11,0.006434500304283239,0.0
2020-02-12,0.0050872325155496955,0.0
2020-02-13,-0.0018363787088245829,0.0
2020-02-14,-0.0004463947789665369,0.0
2020-02-18,-0.0036215397606711784,0.0
2020-02-19,0.002525621250067612,0.0
2020-02-20,0.0011195939516429074,0.0
2020-02-21,-0.006812208405980464,0.0
2020-02-24,-0.02952868256995133,0.0
2020-02-25,-0.03243321296608923,0.0
2020-02-26,-0.008537463861242205,0.0
2020-02-27,-0.03687937623405832,0.0
2020-02-28,-0.013341746899527603,0.0
2020-03-02,0.03819867313669123,0.7667983107586875
2020-03-03,-0.029242423942561425,0.0
2020-03-04,0.036741166533745026,0.0
2020-03-05,-0.03846467853933946,0.0
2020-03-06,-0.016998061059096674,0.0
2020-03-09,-0.0803506592642192,0.0
2020-03-10,0.04609404401497182,0.0
2020-03-11,-0.051758553877408464,0.0
2020-03-12,-0.10336349214088014,0.0
2020-03-13,0.0811154565333593,0.0
2020-03-16,-0.1172980416635573,0.0
2020-03-17,0.06468035900806986,0.0
2020-03-18,-0.06470067758821563,0.0
2020-03-19,0.004263598668598247,0.0
2020-03-20,-0.04760133952351539,0.0
2020-03-23,-0.034688435627677566,0.0
2020-03-24,0.09876622738477908,0.0
2020-03-25,0.0232523230865449,0.0
2020-03-26,0.05883468491953814,0.0
2020-03-27,-0.03727775215794937,0.0
2020-03-30,0.026535449672588,0.0
2020-03-31,-0.015589978329363662,0.0
2020-04-01,-0.04828439621691083,1.2398691270878386
2020-04-02,0.019168968152049923,0.0
2020-04-03,-0.015126908985089582,0.0
2020-04-06,0.08678284618055324,0.0
2020-04-07,0.015526785979575724,0.0
2020-04-08,0.06066314191665978,0.0
2020-04-09,0.034765526596654966,0.0
2020-04-13,-0.02849150299322659,0.0
2020-04-14,0.01568447656168782,0.0
2020-04-15,-0.04373746512588564,0.0
2020-04-16,-0.02192475586266031,0.0
2020-04-17,0.055319809578676535,0.0
2020-04-20,-0.026036250187801195,0.0
2020-04-21,-0.027861110452054853,0.0
2020-04-22,0.020744048296179835,0.0
2020-04-23,0.011098663677595252,0.0
2020-04-24,0.012088398465054533,0.0
2020-04-27,0.028780997082267876,0.0
2020-04-28,0.0242505440402701,0.0
2020-04-29,0.05430664275898516,0.0
2020-04-30,-0.028234835170811996,0.0
2020-05-01,-0.05249887609893522,1.1174675853610514
2020-05-04,0.0025278770340394284,0.0
2020-05-05,0.010318394225434381,0.0
2020-05-06,-0.014498301602324374,0.0
2020-05-07,0.012281189848486312,0.0
2020-05-08,0.017801353997198684,0.0
2020-05-11,-0.003297838569335912,0.0
2020-05-12,-0.02190672563048969,0.0
2020-05-13,-0.018204095248089004,0.0
2020-05-14,0.00864020182283744,0.0
2020-05-15,0.002337635501407016,0.0
2020-05-18,0.034473142684451966,0.0
2020-05-19,-0.012976075490094462,0.0
2020-05-20,0.013188164808786363,0.0
2020-05-21,-0.0070380941353280005,0.0
2020-05-22,0.005475291063848106,0.0
2020-05-26,0.01749841148010578,0.0
2020-05-27,0.01870219338668517,0.0
2020-05-28,0.005080353226279297,0.0
2020-05-29,0.003993733876800218,0.0
2020-06-01,0.005807629486847876,0.7156871471136295
2020-06-02,0.011043088354123983,0.0
2020-06-03,0.027426286002357726,0.0
2020-06-04,0.0009868304984612512,0.0
2020-06-05,0.038678360663433636,0.0
2020-06-08,0.02696695772479611,0.0
2020-06-09,-0.025890745749187365,0.0
2020-06-10,-0.022264119087762775,0.0
2020-06-11,-0.06815307341653525,0.0
2020-06-12,0.019024626801172864,0.0
2020-06-15,0.009487757503962479,0.0
2020-06-16,0.021025130790625485,0.0
2020-06-17,-0.012028981812712818,0.0
2020-06-18,0.0004792927862897023,0.0
2020-06-19,-0.012162969288773223,0.0
2020-06-22,0.0036768545372230935,0.0
2020-06-23,0.0014328946776090755,0.0
2020-06-24,-0.03450264917868372,0.0
2020-06-25,0.01285703042353782,0.0
2020-06-26,-0.021970996580613005,0.0
2020-06-29,0.01979394209996234,0.0
2020-06-30,0.014562045466599673,0.0
2020-07-01,-0.00268293256471297,0.7233556647983663
2020-07-02,0.005153861221381325,0.0
2020-07-06,0.005705443928243854,0.0
2020-07-07,-0.014370752002476374,0.0
2020-07-08,0.004849110120356263,0.0
2020-07-09,-0.01563944111987152,0.0
2020-07-10,0.014084988690863368,0.0
2020-07-13,-0.0032162077259606913,0.0
2020-07-14,0.015183987889201422,0.0
2020-07-15,0.020343828359288794,0.0
2020-07-16,-0.000814955079882746,0.0
2020-07-17,0.008457551379320988,0.0
2020-07-20,-0.006545552608729193,0.0
2020-07-21,0.009820215120057625,0.0
2020-07-22,0.009642831406386691,0.0
2020-07-23,-0.0031715938919966193,0.0
2020-07-24,-0.004958602605498557,0.0
2020-07-27,0.0002944364356300109,0.0
2020-07-28,-0.003693573365431398,0.0
2020-07-29,0.01653126826010986,0.0
2020-07-30,-0.007896186969760105,0.0
2020-07-31,-0.0020577037168359787,0.0
2020-08-03,-0.0028368383056177615,1.4100946038587903
2020-08-04,0.006827991998944566,0.0
2020-08-05,0.009243756555028114,0.0
2020-08-06,-0.0006181512316081033,0.0
2020-08-07,0.010044524433704839,0.0
2020-08-10,0.015588339301646657,0.0
2020-08-11,0.0017502602470988206,0.0
2020-08-12,0.0051378697514838055,0.0
2020-08-13,-0.0061104503385325335,0.0
2020-08-14,0.002414005875348819,0.0
2020-08-17,-0.0027963364577013555,0.0
2020-08-18,-0.004241708599954478,0.0
2020-08-19,-0.004861408360088177,0.0
2020-08-20,-0.0059912180497852605,0.0
2020-08-21,-0.002632641012574044,0.0
2020-08-24,0.01918962711090667,0.0
2020-08-25,-0.0017472948122752628,0.0
2020-08-26,-0.002963783945310822,0.0
2020-08-27,0.005491160793825324,0.0
2020-08-28,0.01063814041609586,0.0
2020-08-31,-0.01030449367355245,0.0
2020-09-01,0.00556768398075258,1.042772315895177
2020-09-02,0.018409576811139517,0.0
2020-09-03,-0.02232886574554596,0.0
2020-09-04,-0.002447472009107504,0.0
2020-09-08,-0.02087845686191957,0.0
2020-09-09,0.014239368547528917,0.0
2020-09-10,-0.013277761033490125,0.0
2020-09-11,0.005630878177849019,0.0
2020-09-14,0.014386576302310283,0.0
2020-09-15,0.00016549474174027898,0.0
2020-09-16,0.007326958192816607,0.0
2020-09-17,-0.0028361100134323743,0.0
2020-09-18,-0.01004482286324632,0.0
2020-09-21,-0.030581998842953255,0.0
2020-09-22,-0.002997340834548469,0.0
2020-09-23,-0.02065166971311934,0.0
2020-09-24,0.0022400093555609017,0.0
2020-09-25,0.010254966663529038,0.0
2020-09-28,0.019096853731912822,0.0
2020-09-29,-0.006660835535142346,0.0
2020-09-30,0.006850002891202455,0.0
2020-10-01,-0.0006108468575585224,0.9179916271860349
2020-10-02,0.001684420462304076,0.0
2020-10-05,0.015476415537889473,0.0
2020-10-06,-0.01376217886047128,0.0
2020-10-07,0.016688894212047004,0.0
2020-10-08,0.010398817365443853,0.0
2020-10-09,0.004574515209575126,0.0
2020-10-12,0.006993946344486357,0.0
2020-10-13,-0.008671536093456684,0.0
2020-10-14,-0.0015007756818447605,0.0
2020-10-15,0.0014332834949414084,0.0
2020-10-16,-0.0018053489048442198,0.0
2020-10-19,-0.013177274661061613,0.0
2020-10-20,0.00518391232990331,0.0
2020-10-21,-0.003756216479875202,0.0
2020-10-22,0.009085264503401101,0.0
2020-10-23,0.002596936577970583,0.0
2020-10-26,-0.022195448431784837,0.0
2020-10-27,-0.010954211520078094,0.0
2020-10-28,-0.034141910897034236,0.0
2020-10-29,0.006800862970989613,0.0
2020-10-30,-0.003980593011001736,0.0
2020-11-02,0.018262151032262253,0.7191296820422124
2020-11-03,0.01917918374222375,0.0
2020-11-04,0.007282942515726675,0.0
2020-11-05,0.014964964509337405,0.0
2020-11-06,0.0030098621207611375,0.0
2020-11-09,0.017528233181547698,0.0
2020-11-10,0.00403740570156694,0.0
2020-11-11,0.005253896510641096,0.0
2020-11-12,-0.012205064136912896,0.0
2020-11-13,0.01760471490474156,0.0
2020-11-16,0.012988027088786273,0.0
2020-11-17,-0.004338334995967513,0.0
2020-11-18,-0.009823857731624388,0.0
2020-11-19,0.003271926755462268,0.0
2020-11-20,-0.006922952744369376,0.0
2020-11-23,0.007376373570981681,0.0
2020-11-24,0.016074917725135134,0.0
2020-11-25,-0.0031467764593486563,0.0
2020-11-27,0.002244037419428802,0.0
2020-11-30,-0.0012677921869792847,0.0
2020-12-01,0.005784924197695052,1.0200957296402917
2020-12-02,-0.0010814799976833957,0.0
2020-12-03,0.002887967965319256,0.0
2020-12-04,0.011119194128112887,0.0
2020-12-07,-0.003965187985547481,0.0
2020-12-08,0.0012615942153201254,0.0
2020-12-09,-0.0006764404375867205,0.0
2020-12-10,-0.0030660833267778928,0.0
2020-12-11,-0.0022830691460523148,0.0
2020-12-14,-0.009158446514512239,0.0
2020-12-15,0.015286788556844132,0.0
2020-12-16,-0.001287812152320916,0.0
2020-12-17,0.007902083052755542,0.0
2020-12-18,-0.0017216810829638945,0.0
2020-12-21,-0.005978828817142994,0.0
2021-01-08,-0.003981693196526526,0.7382833553252585
2021-01-11,-0.004412014088540958,0.0
2021-01-12,0.00798085139304795,0.0
2021-01-13,-0.0012769489151206515,0.0
2021-01-14,0.0013373943814388068,0.0
2021-01-15,-0.006777631770617378,0.0
2021-01-19,0.0005980574673830864,0.0
2021-01-20,0.006375622455660427,0.0
2021-01-21,-0.007548865618968708,0.0
2021-01-22,-0.004188541927508085,0.0
2021-01-25,-0.001777518106849852,0.0
2021-01-26,-0.004364988943681327,0.0
2021-01-27,-0.025064234689158426,0.0
2021-01-28,0.013374624578657322,0.0
2021-01-29,-0.0194747656777327,0.0
2021-02-01,0.010613285757058444,0.5941520386276513
2021-02-02,0.0181776998896549,0.0
2021-02-03,0.010592886185049465,0.0
2021-02-04,0.019206858184897386,0.0
2021-02-05,0.004139547961603825,0.0
2021-02-08,0.013604601547947792,0.0
2021-02-09,-0.001523407772231405,0.0
2021-02-10,0.005355120208896177,0.0
2021-02-11,-0.0010703311884273361,0.0
2021-02-12,0.005627484594148633,0.0
2021-02-16,0.002756625423861585,0.0
2021-02-17,-0.0008138281654867094,0.0
2021-02-18,-0.005888705927582255,0.0
2021-02-19,0.013652519476081044,0.0
2021-02-22,0.018407413733341507,0.0
2021-02-23,0.009512965330548021,0.0
2021-02-24,0.022675236239249753,0.0
2021-02-25,-0.02488677413925018,0.0
2021-02-26,-0.010530366289300753,0.0
2021-03-01,0.020867633389012763,0.669782167557024
2021-03-02,-0.0030478682935207555,0.0
2021-03-03,0.00032075765888247014,0.0
2021-03-04,-0.01261344881625576,0.0
2021-03-05,0.02493193606897397,0.0
2021-03-08,0.014071110781066709,0.0
2021-03-09,-0.008052907033706324,0.0
2021-03-10,0.014321102837230804,0.0
2021-03-11,0.0011931922364328156,0.0
2021-03-12,0.008966587585562276,0.0
2021-03-15,0.006104225261857818,0.0
2021-03-16,-0.011372251474185191,0.0
2021-03-17,0.006038734928214787,0.0
2021-03-18,-0.00683709018809003,0.0
2021-03-19,-0.006161650332820086,0.0
2021-03-22,-0.0025336512677084856,0.0
2021-03-23,-0.0241107320153834,0.0
2021-03-24,0.0017382657796958666,0.0
2021-03-25,0.018049040666518197,0.0
2021-03-26,0.01846641096761538,0.0
2021-03-29,-0.007155144879696123,0.0
2021-03-30,0.003851488058837519,0.0
2021-03-31,-0.006024310467926205,0.0
2021-04-01,0.007201184309618691,1.0103400278296166
2021-04-05,0.011390135867484235,0.0
2021-04-06,0.0011968429447411371,0.0
2021-04-07,-0.0016331541623474835,0.0
2021-04-08,0.002331060211202477,0.0
2021-04-09,0.0068509582737828105,0.0
2021-04-12,0.0013812670624610828,0.0
2021-04-13,-0.002600987360700336,0.0
2021-04-14,-0.00031696316660732946,0.0
2021-04-15,0.007458667409593245,0.0
2021-04-16,0.0048893117730632474,0.0
2021-04-19,-0.003262857937122477,0.0
2021-04-20,-0.006528517812576315,0.0
2021-04-21,0.004880901761636991,0.0
2021-04-22,-0.005093364352181768,0.0
2021-04-23,0.010205349190816306,0.0
2021-04-26,0.00012036398535995635,0.0
2021-04-27,0.002568719554152934,0.0
2021-04-28,-0.000598532268953799,0.0
2021-04-29,0.009354485196951763,0.0
2021-04-30,-0.006207404969140651,0.0
2021-05-03,0.002509744874718667,1.114037548933994
2021-05-04,0.002041769346423234,0.0
2021-05-05,-0.00025459055834600855,0.0
2021-05-06,0.008095847139817921,0.0
2021-05-07,0.006626122155494222,0.0
2021-05-10,0.0036071602279581444,0.0
2021-05-11,-0.012555404973010338,0.0
2021-05-12,-0.018460467703407868,0.0
2021-05-13,0.01463393936893096,0.0
2021-05-14,0.007725359397081974,0.0
2021-05-17,-0.001850585441553415,0.0
2021-05-18,-0.007050078250679512,0.0
2021-05-19,-0.0040845889472054826,0.0
2021-05-20,0.007855996978188673,0.0
2021-05-21,0.0021310760153804547,0.0
2021-05-24,0.0032361846704964266,0.0
2021-05-25,-0.006254808772757695,0.0
2021-05-26,0.0010891730617991818,0.0
2021-05-27,0.001543145294501108,0.0
2021-05-28,0.00205723354901014,0.0
2021-06-01,-0.0008472588949151039,0.844497422325578
2021-06-02,0.004067810375090835,0.0
2021-06-03,4.841033581922934e-05,0.0
2021-06-04,0.00613444987485165,0.0
2021-06-07,-0.002028322909898841,0.0
2021-06-08,8.63876295905488e-05,0.0
2021-06-09,-0.00028308727830002344,0.0
2021-06-10,0.0063672704882403565,0.0
2021-06-11,0.002794843759106576,0.0
2021-06-14,0.0009603361156915203,0.0
2021-06-15,-0.0005115885011998526,0.0
2021-06-16,-0.00796286984409902,0.0
2021-06-17,-0.0004512682618093754,0.0
2021-06-18,-0.016926751114918842,0.0
2021-06-21,0.016213535718204945,0.0
2021-06-22,0.00032125940943308917,0.0
2021-06-23,-0.004688061536849813,0.0
2021-06-24,0.004343337064774045,0.0
2021-06-25,0.0071876195445879105,0.0
2021-06-28,-0.0014593335319949734,0.0
2021-06-29,-0.002597729745223456,0.0
2021-06-30,-0.0006093888005272948,0.0
2021-07-01,0.006305445818629796,0.7821368193905146
2021-07-02,0.0025446358901335822,0.0
2021-07-06,-0.006346272421336703,0.0
2021-07-07,0.004321990050161977,0.0
2021-07-08,-0.008756283961575127,0.0
2021-07-09,0.012180177881727365,0.0
2021-07-12,0.0009616854379839996,0.0
2021-07-13,-0.007047161947924088,0.0
2021-07-14,0.001113932863757462,0.0
2021-07-15,0.00027311296957975703,0.0
2021-07-16,-0.0022262600655125354,0.0
2021-07-19,-0.017108732787183133,0.0
2021-07-20,0.013963834545602485,0.0
2021-07-21,0.0050508571128489894,0.0
2021-07-22,-0.003069287178286878,0.0
2021-07-23,0.008035324442587678,0.0
2021-07-26,0.003227416065825334,0.0
2021-07-27,0.0018298825276428922,0.0
2021-07-28,-0.0035220589640773416,0.0
2021-07-29,0.005823855116043181,0.0
2021-07-30,-0.0019176097892572535,0.0
2021-08-02,-0.001843683246957939,0.7279717941234438
2021-08-03,0.005639463476023251,0.0
2021-08-04,-0.015143512955756052,0.0
2021-08-05,0.0028369640561809284,0.0
2021-08-06,0.00243319644080791,0.0
2021-08-09,-0.0016634611610641817,0.0
2021-08-10,0.0005262543818680651,0.0
2021-08-11,0.005285495525925986,0.0
2021-08-12,-0.0010877195291113656,0.0
2021-08-13,0.003730887363228249,0.0
2021-08-16,0.004644935386829777,0.0
2021-08-17,-0.0015204856204385593,0.0
2021-08-18,-0.010802373348385996,0.0
2021-08-19,0.003466729969796126,0.0
2021-08-20,0.005812661454612492,0.0
2021-08-23,0.0020654711491745613,0.0
2021-08-24,-0.002534635658841003,0.0
2021-08-25,0.0017558369879013538,0.0
2021-08-26,-0.005515477339218775,0.0
2021-08-27,0.006401688219909849,0.0
2021-08-30,0.0016019721583588084,0.0
2021-08-31,0.001234864185154737,0.0
2021-09-01,0.0012035040153912657,0.7741225960057831
2021-09-02,0.004508309401827639,0.0
2021-09-03,-0.0027578491509286447,0.0
2021-09-07,-0.009412817687462185,0.0
2021-09-08,0.006025937997142607,0.0
2021-09-09,-0.006295386857190326,0.0
2021-09-10,-0.007706003293172553,0.0
2021-09-13,0.0015991078617782015,0.0
2021-09-14,-0.004795556559272484,0.0
2021-09-15,0.004291722702474569,0.0
2021-09-16,-0.0010355833449307516,0.0
2021-09-17,-0.007770918307881866,0.0
2021-09-20,-0.010799631464338398,0.0
2021-09-21,-0.0032271086816085567,0.0
2021-09-22,0.0068755456588510885,0.0
2021-09-23,0.006364182392113861,0.0
2021-09-24,0.0001392760291012277,0.0
2021-09-27,-0.0035142356576451975,0.0
2021-09-28,-0.013554584811341756,0.0
2021-09-29,0.007139206960069528,0.0
2021-09-30,-0.01582446594655661,0.0
2021-10-01,0.0065864099582344515,0.6502710498495727
2021-10-04,-0.006547850854613565,0.0
2021-10-05,0.0053159458435288656,0.0
2021-10-06,0.005659455317656097,0.0
2021-10-07,0.006623099023044851,0.0
2021-10-08,-0.003967474976147645,0.0
2021-10-11,-0.005947961123699667,0.0
2021-10-12,0.0006409426134134401,0.0
2021-10-13,0.004462504479057128,0.0
2021-10-14,0.015709321513299644,0.0
2021-10-15,0.0026703241012090845,0.0
2021-10-18,-0.002964232123120441,0.0
2021-10-19,0.007650272296503087,0.0
2021-10-20,0.007122927270935405,0.0
2021-10-21,0.003217952175952306,0.0
2021-10-22,0.0028038270888411728,0.0
2021-10-25,-0.0008931398491975751,0.0
2021-10-26,-0.0004892785129026291,0.0
2021-10-27,-0.008978601400013029,0.0
2021-10-28,0.00539136536321594,0.0
2021-10-29,3.8991639578653e-05,0.0
2021-11-01,0.003232691043847824,0.706392805227113
2021-11-02,0.0042573454902994036,0.0
2021-11-03,0.0029450671325186722,0.0
2021-11-04,-9.092468582630269e-05,0.0
2021-11-05,0.006185270309657816,0.0
2021-11-08,0.0008487107860215974,0.0
2021-11-09,0.0006510620476240943,0.0
2021-11-10,-0.0023823359496848153,0.0
2021-11-11,-0.0018248276806995633,0.0
2021-11-12,0.004589033973876602,0.0
2021-11-15,0.002737314385667842,0.0
2021-11-16,0.0017598561842743366,0.0
2021-11-17,-0.0034014246435091194,0.0
2021-11-18,-0.004683366590326781,0.0
2021-11-19,-0.0013105296713179265,0.0
2021-11-22,-0.00214747725584031,0.0
2021-11-23,0.0002730009716001979,0.0
2021-11-24,0.0003478185367459944,0.0
2021-11-26,-0.019226740470790336,0.0
2021-11-29,0.007005376512730558,0.0
2021-11-30,-0.025794105898680315,0.0
2021-12-01,-0.012245758108774374,0.8309478214978174
2021-12-02,0.019634073493286445,0.0
2021-12-03,0.0005170807699215508,0.0
2021-12-06,0.017045221817633405,0.0
2021-12-07,0.012386795457365441,0.0
2021-12-08,0.0034774836053616497,0.0
2021-12-09,-0.0038148589036391617,0.0
2021-12-10,0.0053675750798999515,0.0
2021-12-13,-0.0011391358345609688,0.0
2021-12-14,-0.00545062701268483,0.0
2021-12-15,0.010926057175599009,0.0
2021-12-16,0.0004461711350670197,0.0
2021-12-17,-0.0097342568225456,0.0
2021-12-20,-0.01072459699496579,0.0
2022-01-11,-0.0028724559732605792,0.8607141997547351
2022-01-12,0.0018544842404078883,0.0
2022-01-13,-0.004401439946212953,0.0
2022-01-14,-0.004428506745476311,0.0
2022-01-18,-0.016556194690542994,0.0
2022-01-19,-0.008670481417771696,0.0
2022-01-20,-0.011378291555358633,0.0
2022-01-21,-0.013105922716447,0.0
2022-01-24,0.006804252325538631,0.0
2022-01-25,-0.015082956693768232,0.0
2022-01-26,-0.007019546319945336,0.0
2022-01-27,-0.00847619107507696,0.0
2022-01-28,0.015848589046718854,0.0
2022-01-31,0.017750578276912277,0.0
2022-02-01,0.005723015327531389,0.9897300436478691
2022-02-02,0.0010445902821097403,0.0
2022-02-03,-0.02768282791600872,0.0
2022-02-04,0.002959665056465417,0.0
2022-02-07,0.0025499742587329335,0.0
2022-02-08,0.016895763357002727,0.0
2022-02-09,0.02590464030373142,0.0
2022-02-10,-0.014491621264517314,0.0
2022-02-11,-0.02453848668791976,0.0
2022-02-14,-0.004352332294368322,0.0
2022-02-15,0.028924267682083872,0.0
2022-02-16,-0.005574593679191572,0.0
2022-02-17,-0.027170957932753852,0.0
2022-02-18,-0.008839599937766084,0.0
2022-02-22,-0.012603631349448828,0.0
2022-02-23,-0.021113883082789074,0.0
2022-02-24,0.02100514019444279,0.0
2022-02-25,0.027924652528568482,0.0
2022-02-28,-0.006917474874167712,0.0
2022-03-01,-0.02901765362998865,0.8296143433851281
2022-03-02,0.022642602171806893,0.0
2022-03-03,-0.009893908986526678,0.0
2022-03-04,-0.018419985837385973,0.0
2022-03-07,-0.039460166416054654,0.0
2022-03-08,0.0028345878199901088,0.0
2022-03-09,0.0288448246973961,0.0
2022-03-10,-0.006831593478499041,0.0
2022-03-11,-0.013947660204162236,0.0
2022-03-14,-0.006504040839608707,0.0
2022-03-15,0.022391621676020244,0.0
2022-03-16,0.028123383655232335,0.0
2022-03-17,0.012199510047720108,0.0
2022-03-18,0.012122658109112712,0.0
2022-03-21,-0.007693643523145947,0.0
2022-03-22,0.01143214041716168,0.0
2022-03-23,-0.01760793051998347,0.0
2022-03-24,0.014184046624315464,0.0
2022-03-25,0.0032055415127777804,0.0
2022-03-28,0.0048277587056699146,0.0
2022-03-29,0.023802385474382667,0.0
2022-03-30,-0.01229064479499385,0.0
2022-03-31,-0.015217516124657262,0.0
2022-04-01,0.0013411966343450654,0.9018216833982741
2022-04-04,0.00890836593105797,0.0
2022-04-05,-0.033504494313788276,0.0
2022-04-06,-0.01669960235480359,0.0
2022-04-07,-0.002311193602966748,0.0
2022-04-08,-0.0007303228703498488,0.0
2022-04-11,-0.002776996133611987,0.0
2022-04-12,-0.004844587164670185,0.0
2022-04-13,0.01628794059524696,0.0
2022-04-14,-0.007670512162903329,0.0
2022-04-18,-0.0003772626125130009,0.0
2022-04-19,0.024872304167419618,0.0
2022-04-20,0.0003015245897184779,0.0
2022-04-21,-0.015044456631341546,0.0
2022-04-22,-0.024964293027374768,0.0
2022-04-25,0.008551823875168577,0.0
2022-04-26,-0.03067057471707169,0.0
2022-04-27,0.0008151765391866968,0.0
2022-04-28,0.022133717457252882,0.0
2022-04-29,-0.029833589052611676,0.0
2022-05-02,0.010330968130311868,0.7510808955386664
2022-05-03,0.008742650070303812,0.0
2022-05-04,0.031182613582606506,0.0
2022-05-05,-0.04143530932398794,0.0
2022-05-06,-0.0234548436093644,0.0
2022-05-09,-0.03674245360626347,0.0
2022-05-10,-3.346524558826575e-05,0.0
2022-05-11,-0.026304124853099325,0.0
2022-05-12,0.008175690727534315,0.0
2022-05-13,0.03357282199707779,0.0
2022-05-16,-0.01296694563637059,0.0
2022-05-17,0.03467710511790973,0.0
2022-05-18,-0.04268394007063614,0.0
2022-05-19,-0.0011422171417897772,0.0
2022-05-20,0.0011654611875346994,0.0
2022-05-23,0.011928194135841858,0.0
2022-05-24,-0.022021799421949616,0.0
2022-05-25,0.022072668265232562,0.0
2022-05-26,0.03299050257929717,0.0
2022-05-27,0.027717075060669207,0.0
2022-05-31,-0.005939369462787905,0.0
2022-06-01,-0.015533531471451312,0.9437442359218173
2022-06-02,0.026897672964394437,0.0
2022-06-03,-0.017740913484688918,0.0
2022-06-06,0.004643802542406502,0.0
2022-06-07,0.007055129245259329,0.0
2022-06-08,-0.012799073076078324,0.0
2022-06-09,-0.025209178991575844,0.0
2022-06-10,-0.054418951149078035,0.0
2022-06-13,-0.04845634959798379,0.0
2022-06-14,-0.005846288913769256,0.0
2022-06-15,0.017199015705387552,0.0
2022-06-16,-0.04361533946090318,0.0
2022-06-17,0.011932057177938143,0.0
2022-06-21,0.010363846601510327,0.0
2022-06-22,-0.0011672399376324544,0.0
2022-06-23,0.010982866763801785,0.0
2022-06-24,0.040939141842728226,0.0
2022-06-27,-0.006596749862047652,0.0
2022-06-28,-0.02074705702257647,0.0
2022-06-29,-0.021708614040429088,0.0
2022-06-30,-0.01266796567193658,0.0
2022-07-01,0.0156512943455267,0.8211948407523906
2022-07-05,0.005989870451885053,0.0
2022-07-06,-0.008926410381773327,0.0
2022-07-07,0.026350912814609675,0.0
2022-07-08,-0.0061164336739731665,0.0
2022-07-11,-0.020604016827986738,0.0
2022-07-12,0.005458221977845276,0.0
2022-07-13,-0.004247979282334575,0.0
2022-07-14,-0.008910866152777247,0.0
2022-07-15,0.02644782952166108,0.0
2022-07-18,0.003958157989750026,0.0
2022-07-19,0.040332726182114045,0.0
2022-07-20,0.01750342285186767,0.0
2022-07-21,0.004949066442271182,0.0
2022-07-22,-0.013160688831416537,0.0
2022-07-25,0.0008121783879894301,0.0
2022-07-26,-0.016855246172101213,0.0
2022-07-27,0.02984074067638207,0.0
2022-07-28,0.01351521924747143,0.0
2022-07-29,0.009022493180276082,0.0
2022-08-01,-0.00037733534535822066,0.8577223583712899
2022-08-02,-0.006663916849047684,0.0
2022-08-03,0.01367568240451755,0.0
2022-08-04,-0.006623692228808395,0.0
2022-08-05,0.000882744734467664,0.0
2022-08-08,0.0065544571836636326,0.0
2022-08-09,-0.012522674594944617,0.0
2022-08-10,0.02665635449484742,0.0
2022-08-11,0.007284392514073786,0.0
2022-08-12,0.01440510843015364,0.0
2022-08-15,0.00029901150195724846,0.0
2022-08-16,0.006365723076657894,0.0
2022-08-17,-0.016737321671356095,0.0
2022-08-18,0.0035347070692353997,0.0
2022-08-19,-0.017260530839324814,0.0
2022-08-22,-0.026752387935968187,0.0
2022-08-23,0.0018560282927512738,0.0
2022-08-24,0.006620206781085693,0.0
2022-08-25,0.018659168531090346,0.0
2022-08-26,-0.036239988562455264,0.0
2022-08-29,-0.006775551862544926,0.0
2022-08-30,-0.009688267560817376,0.0
2022-08-31,-0.008456430466746722,0.0
2022-09-01,-0.0022349240550835203,0.9467612589961651
2022-09-02,-0.00741561049985444,0.0
2022-09-06,-0.005730137277909141,0.0
2022-09-07,0.027476017304935096,0.0
2022-09-08,0.014429468659059263,0.0
2022-09-09,0.02084172989596944,0.0
2022-09-12,0.01041027035278831,0.0
2022-09-13,-0.05119121599223771,0.0
2022-09-14,-4.979644385545484e-05,0.0
2022-09-15,-0.006992626589029412,0.0
2022-09-16,-0.012178216390600077,0.0
2022-09-19,0.005963344262093031,0.0
2022-09-20,-0.019196890183327205,0.0
2022-09-21,-0.02031541269020838,0.0
2022-09-22,-0.022777123233130546,0.0
2022-09-23,-0.016490835217100486,0.0
2022-09-26,-0.014124827898656303,0.0
2022-09-27,1.7191228304626132e-05,0.0
2022-09-28,0.029461465029660044,0.0
2022-09-29,-0.02553582121207991,0.0
2022-09-30,-0.01781946869481424,0.0
2022-10-03,0.028728702001557638,0.7174224323003873
2022-10-04,0.044991387208697095,0.0
2022-10-05,-0.0036802814506977904,0.0
2022-10-06,-0.012582495086840992,0.0
2022-10-07,-0.03149621661148456,0.0
2022-10-10,-0.014396294069145082,0.0
2022-10-11,-0.008356430117199515,0.0
2022-10-12,-0.0003995029864568556,0.0
2022-10-13,0.023972522752475495,0.0
2022-10-14,-0.022337083667492614,0.0
2022-10-17,0.02680155513650381,0.0
2022-10-18,0.015232480917314634,0.0
2022-10-19,-0.016289478372129566,0.0
2022-10-20,-0.008152680084210082,0.0
2022-10-21,0.024839645449658092,0.0
2022-10-24,0.009268236388084515,0.0
2022-10-25,0.026568046327795962,0.0
2022-10-26,-0.001044034580655355,0.0
2022-10-27,-0.0023920371633650767,0.0
2022-10-28,0.022000716167792502,0.0
2022-10-31,-0.008213866728974109,0.0
2022-11-01,-0.0019393430498176878,0.8388103766132091
2022-11-02,-0.031098456904802372,0.0
2022-11-03,-0.011070184819117753,0.0
2022-11-04,0.023833343612137167,0.0
2022-11-07,0.0086443684142097,0.0
2022-11-08,0.008817398047099977,0.0
2022-11-09,-0.02891847494940529,0.0
2022-11-10,0.08242447123605465,0.0
2022-11-11,0.030013711634378607,0.0
2022-11-14,-0.018955689970194412,0.0
2022-11-15,0.01488194458316918,0.0
2022-11-16,-0.024585080143169753,0.0
2022-11-17,-0.008929853562305414,0.0
2022-11-18,0.003380310997739238,0.0
2022-11-21,-0.005209135689775176,0.0
2022-11-22,0.015152209608583246,0.0
2022-11-23,0.00835462533136828,0.0
2022-11-25,-5.0725927861518724e-05,0.0
2022-11-28,-0.019944631145899394,0.0
2022-11-29,0.006210548772147016,0.0
2022-11-30,0.032870712264976246,0.0
2022-12-01,0.0008273273066354836,0.969947934153033
2022-12-02,-0.0047645172432044195,0.0
2022-12-05,-0.026492319254242436,0.0
2022-12-06,-0.015685827868558953,0.0
2022-12-07,-0.0033226475017742348,0.0
2022-12-08,0.006086589404132514,0.0
2022-12-09,-0.0037259190653851208,0.0
2022-12-12,0.015454401967495158,0.0
2022-12-13,0.009974741312098221,0.0
2022-12-14,-0.011262065114291918,0.0
2022-12-15,-0.027379310958498746,0.0
2022-12-16,-0.014855191338298011,0.0
2022-12-19,-0.012791237125515702,0.0
2022-12-20,-0.007805610684320766,0.0
2022-12-21,0.01602831992718491,0.0
2022-12-22,-0.013474407952050972,0.0
2023-01-05,-0.023980504150661996,0.7043294779326126
2023-01-06,0.02819607407869104,0.0
2023-01-09,0.007836645566591473,0.0
2023-01-10,0.01135924239501359,0.0
2023-01-11,0.017131325904150146,0.0
2023-01-12,0.007089732018764324,0.0
2023-01-13,0.002393963207787745,0.0
2023-01-17,0.0010107301656282538,0.0
2023-01-18,-0.01270536685819688,0.0
2023-01-19,-0.013991635925919985,0.0
2023-01-20,0.02829997601001745,0.0
2023-01-23,0.023620782451765604,0.0
2023-01-24,-0.005899123500202682,0.0
2023-01-25,0.0028763798019248985,0.0
2023-01-26,0.010666809794292055,0.0
2023-01-27,0.006613695709129078,0.0
2023-01-30,-0.016608364472628843,0.0
2023-01-31,0.02206491365697356,0.0
2023-02-01,0.020483877882814694,1.41478343892721
2023-02-02,0.01149587363786003,0.0
2023-02-03,-0.011991286350902996,0.0
2023-02-06,-0.007828153422421848,0.0
2023-02-07,0.007284840307850424,0.0
2023-02-08,-0.012720104135107012,0.0
2023-02-09,-0.010320960094855572,0.0
2023-02-10,0.00526823739001427,0.0
2023-02-13,0.010373850879256189,0.0
2023-02-14,-0.0050147551749345175,0.0
2023-02-15,0.006041194887975233,0.0
2023-02-16,-0.010761991589809762,0.0
2023-02-17,0.0028177729421413012,0.0
2023-02-21,-0.02296521927029968,0.0
2023-02-22,-0.0024769623541273356,0.0
2023-02-23,0.0002333385461327213,0.0
2023-02-24,-0.009913701121770424,0.0
2023-02-27,-0.0007669909899124136,0.0
2023-02-28,-0.0029565730072265805,0.0
2023-03-01,-0.007223146025376104,1.3531912003995334
2023-03-02,0.009883603255246586,0.0
2023-03-03,0.016150553518156342,0.0
2023-03-06,-0.008674659505364639,0.0
2023-03-07,-0.01883573291059132,0.0
2023-03-08,0.0038616774737072774,0.0
2023-03-09,-0.02474029746314616,0.0
2023-03-10,-0.025422256580586097,0.0
2023-03-13,-0.012688103901104714,0.0
2023-03-14,0.012025126401922935,0.0
2023-03-15,-0.014154667064780021,0.0
2023-03-16,0.009880224513538455,0.0
2023-03-17,-0.01458888986476911,0.0
2023-03-20,0.00873606359270064,0.0
2023-03-21,0.01644445757102856,0.0
2023-03-22,-0.024642362535717992,0.0
2023-03-23,0.001198227287173905,0.0
2023-03-24,0.005385538922669252,0.0
2023-03-27,0.004330219366248051,0.0
2023-03-28,-2.2846096669568036e-05,0.0
2023-03-29,0.020216534769090858,0.0
2023-03-30,0.006388053599817294,0.0
2023-03-31,0.01775016485405099,0.0
2023-04-03,-0.0013556397793300645,1.1585635950835131
2023-04-04,-0.017768475961388953,0.0
2023-04-05,-0.00750390556493768,0.0
2023-04-06,0.002954399165838518,0.0
2023-04-10,0.01020414502549969,0.0
2023-04-11,0.013083345929769601,0.0
2023-04-12,-0.010881815810739014,0.0
2023-04-13,0.008437952256402176,0.0
2023-04-14,-0.004567445546972473,0.0
2023-04-17,0.012610469025984943,0.0
2023-04-18,-0.0007606460837966851,0.0
2023-04-19,0.005592533184650927,0.0
2023-04-20,-0.013556960407900828,0.0
2023-04-21,-0.0037338258642883445,0.0
2023-04-24,0.0010137991013486921,0.0
2023-04-25,-0.026327646613138495,0.0
2023-04-26,-0.009444362210827888,0.0
2023-04-27,0.01821947354826147,0.0
2023-04-28,0.01912486307207358,0.0
2023-05-01,-0.007533517618985908,1.0603839941144235
2023-05-02,-0.021983905788024262,0.0
2023-05-03,-0.007731581575069757,0.0
2023-05-04,-0.01564361541213382,0.0
2023-05-05,0.015865532537749825,0.0
2023-05-08,-0.0025006113311438123,0.0
2023-05-09,-0.005948654734576576,0.0
2023-05-10,-0.0021635775216572017,0.0
2023-05-11,-0.007250118515383293,0.0
2023-05-12,-0.0024868870218528235,0.0
2023-05-15,0.017222784931259803,0.0
2023-05-16,-0.017205035007990845,0.0
2023-05-17,0.02433604042977493,0.0
2023-05-18,0.01325169631530533,0.0
2023-05-19,-0.004824790750138183,0.0
2023-05-22,0.009146724774453451,0.0
2023-05-23,-0.00866880941885065,0.0
2023-05-24,-0.014557165742773725,0.0
2023-05-25,0.0033755855296073597,0.0
2023-05-26,0.017055312746332763,0.0
2023-05-30,0.0007725380640841078,0.0
2023-05-31,-0.01621567458143978,0.0
2023-06-01,0.011145721836389288,1.2877817768898345
2023-06-02,0.03239582517755945,0.0
2023-06-05,-0.006724624597711159,0.0
2023-06-06,0.013986327592377827,0.0
2023-06-07,0.01784091849824722,0.0
2023-06-08,-0.014135754934862639,0.0
2023-06-09,-0.004958984398921999,0.0
2023-06-12,0.004544825597329303,0.0
2023-06-13,0.013203828243318522,0.0
2023-06-14,-0.0070039741022783295,0.0
2023-06-15,0.014426976092158492,0.0
2023-06-16,-0.00043325114780003003,0.0
2023-06-20,-0.012507593059548336,0.0
2023-06-21,-0.0006590817330311082,0.0
2023-06-22,-0.009038613945634181,0.0
2023-06-23,-0.009489106389712705,0.0
2023-06-26,0.012133348510775514,0.0
2023-06-27,0.009529097541713823,0.0
2023-06-28,-0.0026461088879427518,0.0
2023-06-29,0.010996319285204635,0.0
2023-06-30,0.006805899748104814,0.0
2023-07-03,0.007287434676850113,1.1408399154324467
2023-07-05,-0.004608036210401713,0.0
2023-07-06,-0.008427313992784347,0.0
2023-07-07,0.002805727113452918,0.0
2023-07-10,0.004645974060873593,0.0
2023-07-11,0.006705490532545609,0.0
2023-07-12,0.006730579989840061,0.0
2023-07-13,0.006326099006239642,0.0
2023-07-14,-0.008249809097604564,0.0
2023-07-17,-6.546082714488602e-05,0.0
2023-07-18,0.006874571759630422,0.0
2023-07-19,0.011839761012766167,0.0
2023-07-20,-0.0009804263507365784,0.0
2023-07-21,0.003907680187344125,0.0
2023-07-24,0.004076349715799794,0.0
2023-07-25,0.0012972216308554734,0.0
2023-07-26,0.0039502756200623995,0.0
2023-07-27,-0.007381971827747155,0.0
2023-07-28,0.006768838517821829,0.0
2023-07-31,0.0019048227514918492,0.0
2023-08-01,-0.005271988512294268,1.4028739883231491
2023-08-02,-0.013417810545421377,0.0
2023-08-03,-0.0036169434593208614,0.0
2023-08-04,-0.00322717508516716,0.0
2023-08-07,0.005262215213782353,0.0
2023-08-08,-0.0040670574045032805,0.0
2023-08-09,-0.002565783519960815,0.0
2023-08-10,-0.0016651540216803505,0.0
2023-08-11,-0.0006670092146894107,0.0
2023-08-14,0.0018283841934324213,0.0
2023-08-15,-0.013331039015644306,0.0
2023-08-16,-0.00920723890339237,0.0
2023-08-17,-0.007389326344503721,0.0
2023-08-18,0.0007572162464593613,0.0
2023-08-21,1.3501184952280908e-05,0.0
2023-08-22,-0.004077512226883479,0.0
2023-08-23,0.008607760167291374,0.0
2023-08-24,-0.011556679735202552,0.0
2023-08-25,0.00456381797127777,0.0
2023-08-28,0.007662919776880191,0.0
2023-08-29,0.013354852831296934,0.0
2023-08-30,0.0038023945704099785,0.0
2023-08-31,-0.004318223751326871,0.0
2023-09-01,0.0005106645276531374,1.2562018095983158
2023-09-05,-0.010878042032084551,0.0
2023-09-06,-0.006223637329383438,0.0
2023-09-07,-0.010844061003251443,0.0
2023-09-08,0.0021503719303304202,0.0
2023-09-11,0.0030867628307560697,0.0
2023-09-12,0.0013232319476518114,0.0
2023-09-13,-0.006563255902140999,0.0
2023-09-14,0.014353750485707913,0.0
2023-09-15,-0.0058722474839413424,0.0
2023-09-18,-0.007688023563843736,0.0
2023-09-19,-0.009495955344666381,0.0
2023-09-20,-0.005422093837522847,0.0
2023-09-21,-0.01748241541178884,0.0
2023-09-22,-0.00785603103497979,0.0
2023-09-25,0.002029342908254266,0.0
2023-09-26,-0.015905546903574118,0.0
2023-09-27,-0.001138694213704335,0.0
2023-09-28,0.009076994740335648,0.0
2023-09-29,0.0021426767892070704,0.0
2023-10-02,-0.01608711190535994,1.0084134051869433
2023-10-03,-0.022502071773168316,0.0
2023-10-04,0.006016825400181367,0.0
2023-10-05,-0.005356252359207043,0.0
2023-10-06,0.007076283769929505,0.0
2023-10-09,0.002696443235438453,0.0
2023-10-10,0.011364272137204933,0.0
2023-10-11,0.0017455607369556534,0.0
2023-10-12,-0.016957635231504623,0.0
2023-10-13,-0.0063992490189743855,0.0
2023-10-16,0.015039903167926723,0.0
2023-10-17,0.006504947653066385,0.0
2023-10-18,-0.0239009419129321,0.0
2023-10-19,-0.03322853264579243,0.0
2023-10-20,-0.014941663480494551,0.0
2023-10-23,-0.006557353357498987,0.0
2023-10-24,0.008035371427720917,0.0
2023-10-25,-0.018909575761281883,0.0
2023-10-26,8.183909056380786e-06,0.0
2023-10-27,-0.013297642679956182,0.0
2023-10-30,0.0048707199497951045,0.0
2023-10-31,0.009220346097141917,0.0
2023-11-01,-0.005221525324375698,0.9345223740465425
2023-11-02,0.02805541974863205,0.0
2023-11-03,0.02639645603041678,0.0
2023-11-06,-0.010092586996696996,0.0
2023-11-07,0.0004519637244376353,0.0
2023-11-08,-0.0029859556651678563,0.0
2023-11-09,-0.01626053322216368,0.0
2023-11-10,0.013176331235087737,0.0
2023-11-13,-0.0047263052955351,0.0
2023-11-14,0.04418178807523019,0.0
2023-11-15,0.015187870043741558,0.0
2023-11-16,-0.009193494210442021,0.0
2023-11-17,0.00685570957258003,0.0
2023-11-20,0.004615225029294134,0.0
2023-11-21,-0.005724057690747253,0.0
2023-11-22,0.004634349878942825,0.0
2023-11-24,0.00426260969247891,0.0
2023-11-27,-0.00552766838574765,0.0
2023-11-28,0.0035653420035700292,0.0
2023-11-29,0.010349666473788259,0.0
2023-11-30,0.0034975055978555027,0.0
2023-12-01,0.025302581434647253,1.321427836182159
2023-12-04,0.002089810264796099,0.0
2023-12-05,-0.013130705951862286,0.0
2023-12-06,0.0031498215529381425,0.0
2023-12-07,0.003560540442247795,0.0
2023-12-08,0.0018870869353425088,0.0
2023-12-11,0.007391612888248687,0.0
2023-12-12,-0.003455662592986286,0.0
2023-12-13,0.029214823191218774,0.0
2023-12-14,0.01656622662852212,0.0
2023-12-15,-0.011304414797401335,0.0
2023-12-18,-0.00023277797206971025,0.0
2024-02-02,-0.007972731604841576,0.9934556076711305
2024-02-05,-0.011815576391568581,0.0
2024-02-06,0.006789552339961828,0.0
2024-02-07,-1.1218692684584054e-05,0.0
2024-02-08,-0.0007899022663598652,0.0
2024-02-09,0.0017542803864551756,0.0
2024-02-12,0.008480949610213031,0.0
2024-02-13,-0.015026525712670243,0.0
2024-02-14,0.00466250170026105,0.0
2024-02-15,0.013416557465956266,0.0
2024-02-16,-0.0020809448906296073,0.0
2024-02-20,-0.0035550824511846003,0.0
2024-02-21,0.007242133347920565,0.0
2024-02-22,0.0047107766138809685,0.0
2024-02-23,0.0027178637751174963,0.0
2024-02-26,-0.008536263997391944,0.0
2024-02-27,0.005663155897406905,0.0
2024-02-28,0.0006445490995568403,0.0
2024-02-29,0.004804055804319666,0.0
2024-03-01,-0.000449551878475396,1.2556706624676601
2024-03-04,0.004838351399926286,0.0
2024-03-05,-0.016318205081052497,0.0
2024-03-06,0.005705446189446589,0.0
2024-03-07,0.007211766177089291,0.0
2024-03-08,0.005209016461167113,0.0
2024-03-11,0.0075225225639825866,0.0
2024-03-12,-0.004571718675751856,0.0
2024-03-13,0.003466864641657216,0.0
2024-03-14,-0.013798494305734908,0.0
2024-03-15,-0.0015792019157194023,0.0
2024-03-18,0.003616756932582435,0.0
2024-03-19,-0.0031120265365221543,0.0
2024-03-20,0.007965769136771505,0.0
2024-03-21,0.0077989551781173,0.0
2024-03-22,-0.008958266143457362,0.0
2024-03-25,-0.0002064205179017817,0.0
2024-03-26,-0.010241826589479516,0.0
2024-03-27,0.022779282827120953,0.0
2024-03-28,0.006320836253521273,0.0
2024-04-01,-0.0092222075116003,1.2677815307576006
2024-04-02,-0.021154412185792486,0.0
2024-04-03,-0.0026571434989201485,0.0
2024-04-04,-0.009411085014957389,0.0
2024-04-05,0.0032256704102646173,0.0
2024-04-08,0.0032783281666441035,0.0
2024-04-09,0.009372885294559284,0.0
2024-04-10,-0.022396550025034278,0.0
2024-04-11,-0.0019342647543716376,0.0
2024-04-12,-0.01659053353514997,0.0
2024-04-15,-0.011093458043122359,0.0
2024-04-16,-0.006178571886814017,0.0
2024-04-17,-0.0029111995602118207,0.0
2024-04-18,-0.0012463400915296771,0.0
2024-04-19,0.002731105449597664,0.0
2024-04-22,0.007464083089122921,0.0
2024-04-23,0.007186540539815738,0.0
2024-04-24,-9.495465556739087e-05,0.0
2024-04-25,-0.005103707794069459,0.0
2024-04-26,0.00034397052742483165,0.0
2024-04-29,0.00867329216360404,0.0
2024-04-30,-0.016423489927745255,0.0
2024-05-01,-0.0029879024594604564,1.095335785722211
2024-05-02,0.007669157865924493,0.0
2024-05-03,0.00964070027478901,0.0
2024-05-06,0.006699614075198063,0.0
2024-05-07,0.0017501060335010895,0.0
2024-05-08,-0.002415502775849616,0.0
2024-05-09,-0.011231332205483648,0.0
2024-05-10,0.004168354165234141,0.0
2024-05-13,0.0018751737552073614,0.0
2024-05-14,0.006037763435688825,0.0
2024-05-15,0.008222496934110674,0.0
2024-05-16,-0.0005776684678882243,0.0
2024-05-17,-0.0009204908514887486,0.0
2024-05-20,-0.001970567272686504,0.0
2024-05-21,-0.004030007638530016,0.0
2024-05-22,-0.0041300785656659955,0.0
2024-05-23,-0.016790733967849674,0.0
2024-05-24,0.005727147872791356,0.0
2024-05-28,-0.004788793983099314,0.0
2024-05-29,-0.013834163847333884,0.0
2024-05-30,0.0006746383487747319,0.0
2024-05-31,0.014397432086893158,0.0
2024-06-03,-0.0022813791235390957,1.0600769903562095
2024-06-04,-0.0027049671601571544,0.0
2024-06-05,0.0025958614636071285,0.0
2024-06-06,0.0018013032770287586,0.0
2024-06-07,-0.004107119083840363,0.0
2024-06-10,-3.672886933419879e-05,0.0
2024-06-11,-0.0026596619200323105,0.0
2024-06-12,0.002229470242404494,0.0
2024-06-13,-0.00493964735739085,0.0
2024-06-14,-0.00468287070310876,0.0
2024-06-17,0.006444110439606406,0.0
2024-06-18,-0.0008136961213200751,0.0
2024-06-20,0.005144122069343297,0.0
2024-06-21,0.004970218918685007,0.0
2024-06-24,0.003693797814730175,0.0
2024-06-25,-0.008224936893411819,0.0
2024-06-26,-0.0017104077834572712,0.0
2024-06-27,0.0008270129018121664,0.0
2024-06-28,0.003542805734002397,0.0
2024-07-01,-0.010863249388014973,1.100787077672285
2024-07-02,0.0026298413058393876,0.0
2024-07-03,0.0026242012419588796,0.0
2024-07-05,-0.0013837958557032478,0.0
2024-07-08,0.0006529037772529194,0.0
2024-07-09,-0.025929179497535197,0.0
2024-07-10,0.009424892883523377,0.0
2024-07-11,0.01864148534295578,0.0
2024-07-12,0.008837048616144517,0.0
2024-07-15,-0.005733161033060442,0.0
2024-07-16,0.022624214367660475,0.0
2024-07-17,-0.0033569195750372755,0.0
2024-07-18,-0.008238235538000346,0.0
2024-07-19,-0.00760909463380029,0.0
2024-07-22,0.00924997080358489,0.0
2024-07-23,-0.004171304574978746,0.0
2024-07-24,-0.010553421771160624,0.0
2024-07-25,0.004547855136746577,0.0
2024-07-26,0.015444129602301359,0.0
2024-07-29,0.0026519646423736123,0.0
2024-07-30,0.008595190994462407,0.0
2024-07-31,0.006491053466881261,0.0
2024-08-01,-0.011906444427485008,1.3825795527008142
2024-08-02,-0.02917518375588187,0.0
2024-08-05,-0.02209861437748805,0.0
2024-08-06,0.010763963349336676,0.0
2024-08-07,-0.010707776798298551,0.0
2024-08-08,0.030279603910062774,0.0
2024-08-09,0.0019266789055588708,0.0
2024-08-12,-0.00294023508251792,0.0
2024-08-13,0.017187095388869655,0.0
2024-08-14,-0.0003561445264911366,0.0
2024-08-15,0.02516979622764173,0.0
2024-08-16,0.0019535989106276522,0.0
2024-08-19,0.009853404960006272,0.0
2024-08-20,-0.00636795605675727,0.0
2024-08-21,0.010964013124759453,0.0
2024-08-22,-0.010276238808499226,0.0
2024-08-23,0.014971545187839939,0.0
2024-08-26,-0.004770488345305701,0.0
2024-08-27,0.0015084302191159913,0.0
2024-08-28,-0.008750350430158947,0.0
2024-08-29,0.0008165361834399775,0.0
2024-08-30,0.008609122875855354,0.0
2024-09-03,-0.0258429332950717,1.1382192275323135
2024-09-04,-0.00553202461275851,0.0
2024-09-05,-0.005236076926348683,0.0
2024-09-06,-0.013171027240231024,0.0
2024-09-09,0.008574983672410661,0.0
2024-09-10,-0.0008804001122407136,0.0
2024-09-11,0.004779834708726883,0.0
2024-09-12,0.005266409741235093,0.0
2024-09-13,0.012493902751271407,0.0
2024-09-16,0.007535613378431813,0.0
2024-09-17,0.007401796075127561,0.0
2024-09-18,-0.00047601402141924694,0.0
2024-09-19,0.013203057015230332,0.0
2024-09-20,-0.010634751904123083,0.0
2024-09-23,0.00565361303126757,0.0
2024-09-24,0.0041796770035928245,0.0
2024-09-25,-0.010276317223453157,0.0
2024-09-26,0.018844679772694363,0.0
2024-09-27,0.008164341063001176,0.0
2024-09-30,-0.002297758315349174,0.0
2024-10-01,-0.015437965359309969,1.1548487420537703
2024-10-02,-0.00829262889148674,0.0
2024-10-03,-0.003709188650660645,0.0
2024-10-04,0.008624561636542839,0.0
2024-10-07,-0.007632301228651816,0.0
2024-10-08,0.0005340140677857934,0.0
2024-10-09,0.008905030730097255,0.0
2024-10-10,-0.0018391950344738175,0.0
2024-10-11,0.008256976082085976,0.0
2024-10-14,0.006308751841065493,0.0
2024-10-15,-0.012054382706971945,0.0
2024-10-16,0.0031287378969308967,0.0
2024-10-17,-0.0026038558318037274,0.0
2024-10-18,0.0019333989151786284,0.0
2024-10-21,-0.009816796657088027,0.0
2024-10-22,-0.003644116006347444,0.0
2024-10-23,-0.007073208962130345,0.0
2024-10-24,0.001948097928866867,0.0
2024-10-25,-0.0005676022736051824,0.0
2024-10-28,0.0034844505609560915,0.0
2024-10-29,-0.001301715717699285,0.0
2024-10-30,-0.003438548157529007,0.0
2024-10-31,-0.013345703268228716,0.0
2024-11-01,0.0038276313506286908,1.02627549258029
2024-11-04,0.005543710930536164,0.0
2024-11-05,0.005263703850654069,0.0
2024-11-06,0.008241294774999068,0.0
2024-11-07,0.002601575447506747,0.0
2024-11-08,-0.003076940058015433,0.0
2024-11-11,-0.0001817710461776574,0.0
2024-11-12,-0.012526843671161908,0.0
2024-11-13,5.858056003903416e-05,0.0
2024-11-14,-0.006286568497912634,0.0
2024-11-15,-0.016066639774008983,0.0
2024-11-18,0.0061492088298587926,0.0
2024-11-19,-0.006852629555084417,0.0
2024-11-20,0.006810088352118546,0.0
2024-11-21,0.012770505005863034,0.0
2024-11-22,0.007700697569128361,0.0
2024-11-25,0.015466257858678183,0.0
2024-11-26,-0.008450878011680233,0.0
2024-11-27,-0.0044937958746715835,0.0
2024-11-29,0.004659450551590156,0.0
2024-12-02,0.0038598085365657564,0.8505179899007635
2024-12-03,-0.0054542406252184195,0.0
2024-12-04,-0.003794693851553131,0.0
2024-12-05,-0.011274772954415447,0.0
2024-12-06,0.000659101239950031,0.0
2024-12-09,0.008545343881800026,0.0
2024-12-10,-0.008394496425244443,0.0
2024-12-11,-0.0010363866072532618,0.0
2024-12-12,-0.004351024799523709,0.0
2024-12-13,-0.0014747651660900727,0.0
2024-12-16,-0.004794368952479631,0.0
2024-12-17,-0.00506550345062709,0.0
2024-12-18,-0.027150533518840565,0.0
2024-12-19,-0.010476800297998206,0.0
2024-12-20,0.014256467033913731,0.0
2024-12-23,0.006047534394064673,0.0
2025-03-25,-0.033502091048667526,1.1511447199755906
2025-03-26,0.0012783846449461616,0.0
2025-03-27,-0.0016581657032771347,0.0
2025-03-28,-0.013983435394537568,0.0
2025-03-31,0.005441157368997629,0.0
2025-04-01,-4.009196235466028e-05,0.6091247380460237
2025-04-02,0.011318476500364693,0.0
2025-04-03,-0.06660460675474558,0.0
2025-04-04,-0.05459835622255123,0.0
2025-04-07,-0.007496934936669177,0.0
2025-04-08,-0.026088579726273882,0.0
2025-04-09,0.1005181836732475,0.0
2025-04-10,-0.04880484359605687,0.0
2025-04-11,0.01821303047623551,0.0
2025-04-14,0.012066199132783506,0.0
2025-04-15,-0.005110481287728582,0.0
2025-04-16,-0.014356105598609423,0.0
2025-04-17,0.008957118241032326,0.0
2025-04-21,-0.021628381816916564,0.0
2025-04-22,0.026075116138784167,0.0
2025-04-23,0.011421856087097011,0.0
2025-04-24,0.025883437976971756,0.0
2025-04-25,-0.0007682035565929172,0.0
2025-04-28,0.003229198006792117,0.0
2025-04-29,0.0028759508319661795,0.0
2025-04-30,6.783352488286836e-05,0.0
2025-05-01,-0.0001677217337248127,1.0033472517167392
2025-05-02,0.022058770559681456,0.0
2025-05-05,-0.009877608604656802,0.0
2025-05-06,-0.012380227671613278,0.0
2025-05-07,0.00946714964868891,0.0
2025-05-08,0.018781216724725967,0.0
2025-05-09,0.0006130728913855587,0.0
2025-05-12,0.04975694216919403,0.0
2025-05-13,0.003837830199983213,0.0
2025-05-14,-0.01035786354097799,0.0
2025-05-15,0.0003365447348906577,0.0
2025-05-16,0.008773159955057376,0.0
2025-05-19,-0.0042823724603862365,0.0
2025-05-20,-0.003880906137322902,0.0
2025-05-21,-0.028585547461200088,0.0
2025-05-22,-0.0040946304395758845,0.0
2025-05-23,-0.006487829479561493,0.0
2025-05-27,0.02316088541235682,0.0
2025-05-28,-0.010493364516536352,0.0
2025-05-29,0.006046224257890202,0.0
2025-05-30,-0.00740509223842571,0.0
2025-06-02,-0.0007194832068303514,0.9908804774696444
2025-06-03,0.012094142467130944,0.0
2025-06-04,0.0012197086446484257,0.0
2025-06-05,-0.002481115856441406,0.0
2025-06-06,0.010323386104959387,0.0
2025-06-09,0.006320703828858632,0.0
2025-06-10,0.014513660174363941,0.0
2025-06-11,-0.004390001806315561,0.0
2025-06-12,0.0013154092861509265,0.0
2025-06-13,-0.0112336647240201,0.0
2025-06-16,0.005988102903326941,0.0
2025-06-17,-0.015010870434596434,0.0
2025-06-18,-0.0017605417911015476,0.0
2025-06-20,0.002890013048640519,0.0
2025-06-23,0.0033353448099165683,0.0
2025-06-24,0.0110704725495612,0.0
2025-06-25,-0.008145668004835379,0.0
2025-06-26,0.00650783519772409,0.0
2025-06-27,0.00030586300955858994,0.0
2025-06-30,0.0010880156394994425,0.0
2025-07-01,0.021878886869357128,0.9722344591742933
2025-07-02,0.0008021122004125173,0.0
2025-07-03,0.0020635927806343804,0.0
2025-07-07,-0.013562411835247132,0.0
2025-07-08,0.011311976348367597,0.0
2025-07-09,0.003682417027113778,0.0
2025-07-10,0.007646125612922945,0.0
2025-07-11,-0.010634523937135792,0.0
2025-07-14,-0.005190596690343397,0.0
2025-07-15,-0.017373191815308206,0.0
2025-07-16,0.004443561804497031,0.0
2025-07-17,0.006775630964776326,0.0
2025-07-18,-0.005093606032642009,0.0
2025-07-21,-0.005441224877257353,0.0
2025-07-22,0.022014633056367104,0.0
2025-07-23,0.01086125223102364,0.0
2025-07-24,-0.01000360638372272,0.0
2025-07-25,0.008129527811864583,0.0
2025-07-28,-0.00778818719759629,0.0
2025-07-29,-0.004846794097474235,0.0
2025-07-30,-0.013512425505371732,0.0
2025-07-31,-0.018757703329069883,0.0
2025-08-01,-0.01342557647642173,1.0297895787908278
2025-08-04,0.005611107556304513,0.0
2025-08-05,0.001499774231725428,0.0
2025-08-06,-0.005496260437087482,0.0
2025-08-07,0.001871710737384599,0.0
2025-08-08,0.0036021166853555135,0.0
2025-08-11,-0.004054232056613423,0.0
2025-08-12,0.01660992257507834,0.0
2025-08-13,0.022431837111051272,0.0
2025-08-14,-0.005784652861826808,0.0
2025-08-15,0.005061391650658206,0.0
2025-08-18,-0.0010599526419628252,0.0
2025-08-19,0.010827204090584776,0.0
2025-08-20,-0.0034997266452517013,0.0
2025-08-21,-0.0032027999071013624,0.0
2025-08-22,0.025723732217878166,0.0
2025-08-25,-0.010584135508381592,0.0
2025-08-26,-0.002690214858009534,0.0
2025-08-27,0.004048785449119669,0.0
2025-08-28,-0.0042378090094085654,0.0
2025-08-29,-0.0164861402589871,0.0
2025-09-02,-0.00947473410835653,1.3066802440041823
2025-09-03,-0.0034308037002914495,0.0
2025-09-04,0.004846799927085433,0.0
2025-09-05,0.00309310186291437,0.0
2025-09-08,-0.0020180516649292222,0.0
2025-09-09,-0.002058546499586408,0.0
2025-09-10,-0.0019031564759696483,0.0
2025-09-11,0.015558339703432188,0.0
2025-09-12,-0.008854644347705954,0.0
2025-09-15,-0.0020745766128142007,0.0
2025-09-16,0.0005133490370977504,0.0
2025-09-17,-0.0010185121902167309,0.0
2025-09-18,0.006868157465141942,0.0
2025-09-19,-0.002843428687667688,0.0
2025-09-22,0.0037264995872048966,0.0
2025-09-23,-0.0028195687102305278,0.0
2025-09-24,-0.0011694018572682647,0.0
2025-09-25,-0.011905172015581382,0.0
2025-09-26,0.010832847213490572,0.0
2025-09-29,0.0013628270916688254,0.0
2025-09-30,0.004137842506390352,0.0
2025-10-01,0.005616684002472061,1.0876386780764
2025-10-02,0.004971579236851567,0.0
2025-10-03,0.00714472398665107,0.0
2025-10-06,-0.00248821992076103,0.0
2025-10-07,-0.0064981856906119705,0.0
2025-10-08,0.0048222950711203465,0.0
2025-10-09,-0.007408594751017816,0.0
2025-10-10,-0.025756208560988314,0.0
2025-10-13,0.011389221143797647,0.0
2025-10-14,0.010829020875716742,0.0
2025-10-15,-5.3388030356786445e-05,0.0
2025-10-16,-0.003138574866860628,0.0
2025-10-17,0.005478402543494762,0.0
2025-10-20,0.012455926160244827,0.0
2025-10-21,0.009147279191760116,0.0
2025-10-22,-0.0048456651487745715,0.0
2025-10-23,0.004519200804556911,0.0
2025-10-24,-0.00035213842186680234,0.0
2025-10-27,0.003942686041110258,0.0
2025-10-28,-0.009861478747585594,0.0
2025-10-29,-0.02329397701744885,0.0
2025-10-30,-0.010846192281964852,0.0
2025-10-31,-0.0030305022974718406,0.0
2025-11-03,-0.005409516182651619,1.1070674763065589
2025-11-04,-0.011149059204615456,0.0
2025-11-05,-0.002066100224325201,0.0
2025-11-06,-0.007937560793186202,0.0
2025-11-07,0.013188587419699378,0.0
2025-11-10,-0.0009785572442833571,0.0
2025-11-11,0.011428035572962143,0.0
2025-11-12,0.002063505130240545,0.0
2025-11-13,-0.005181492872605709,0.0
2025-11-14,-0.0038708303965170874,0.0
2025-11-17,-0.01531743101457257,0.0
2025-11-18,0.0019533055456680344,0.0
2025-11-19,-0.006872375634472284,0.0
2025-11-20,-0.007208059412716765,0.0
2025-11-21,0.02604742702538662,0.0
2025-11-24,-0.002538059748557318,0.0
2025-11-25,0.01812133558527671,0.0
2025-11-26,0.005542834208991645,0.0
2025-11-28,0.004632689316581097,0.0
2025-12-01,-0.004842436070039868,1.1467774692379724
2025-12-02,0.004509027758055275,0.0
2025-12-03,0.013208200397741334,0.0
2025-12-04,0.00018916881907947932,0.0
2025-12-05,0.0032553092765556886,0.0
2025-12-08,-0.0036335575167786814,0.0
2025-12-09,-0.001733791693437371,0.0
2025-12-10,0.01691552118945803,0.0
2025-12-11,0.010650252838259005,0.0
2025-12-12,-0.024578638066025758,0.0
2025-12-15,-0.0031545758103656346,0.0
2025-12-16,-0.006259916813540856,0.0
2025-12-17,-0.0066186288379167495,0.0
2025-12-18,0.0034515936817769454,0.0
2025-12-19,0.0044109689334148085,0.0
2025-12-22,0.008925771691357567,0.0
2026-01-15,0.004922352161960575,1.358315833674054
2026-01-16,-0.004151084453448415,0.0
2026-01-20,-0.009269391346112274,0.0
2026-01-21,0.013903504691158386,0.0
2026-01-22,0.0011719677710489214,0.0
2026-01-23,-0.0025987099344955593,0.0
2026-01-26,0.0019678921727940913,0.0
2026-01-27,-0.000343954548239545,0.0
2026-01-28,-0.004368873052776739,0.0
2026-01-29,-0.0020906677539071295,0.0
2026-01-30,0.0032610848247220637,0.0
2026-02-02,-0.0029489529545964066,1.0640834430651205
2026-02-03,-0.018871146335468447,0.0
2026-02-04,0.01755830345808608,0.0
2026-02-05,-0.01561522318346939,0.0
2026-02-06,0.022023078338261254,0.0
2026-02-09,0.00198443462054721,0.0
2026-02-10,-0.01786282947753868,0.0
2026-02-11,0.0009215136972017449,0.0
2026-02-12,-0.018795025351519404,0.0
2026-02-13,0.01469732624442815,0.0
2026-02-17,-0.005519959053261037,0.0
2026-02-18,0.006829399109000116,0.0
2026-02-19,-0.006855241329451053,0.0
2026-02-20,0.0013047713173569577,0.0
2026-02-23,-0.01826892302916171,0.0
2026-02-24,0.010411215600602711,0.0
2026-02-25,0.0004376940335367791,0.0
2026-02-26,0.007005999712914893,0.0
2026-02-27,0.0031916856953042496,0.0
2026-03-02,-0.004003862333919805,0.9793556878730972
2026-03-03,-0.004740705760412583,0.0
2026-03-04,0.010036140122136064,0.0
2026-03-05,-3.351175717911277e-05,0.0
2026-03-06,-0.012575623848591816,0.0
2026-03-09,0.0017234327038865987,0.0
2026-03-10,-0.016413591839107494,0.0
2026-03-11,-0.004242274040453817,0.0
2026-03-12,-0.02202622578737547,0.0
2026-03-13,0.001344340294276026,0.0
2026-03-16,0.00748314468111338,0.0
2026-03-17,0.010810078935864036,0.0
2026-03-18,-0.01164501180399174,0.0
2026-03-19,0.0008667624677216137,0.0
2026-03-20,-0.013857645972809848,0.0
2026-03-23,0.008969018568148582,0.0
2026-03-24,-0.008228819307739313,0.0
2026-03-25,0.0034725100180035538,0.0
2026-03-26,-0.009155962225702521,0.0
2026-03-27,-0.02158019921652322,0.0
2026-03-30,0.0003789347567436494,0.0
2026-03-31,0.02560753164804023,0.0
2026-04-01,0.0002020043617902978,0.9887083746099266
2026-04-02,-6.266641453690704e-05,0.0
2026-04-06,0.007022630746976252,0.0
2026-04-07,-0.004772535274745422,0.0
2026-04-08,0.03299399331690246,0.0
2026-04-09,-0.0015202852637364707,0.0
2026-04-10,-0.006304380885200083,0.0
2026-04-13,0.019373334365390908,0.0
2026-04-14,0.008083247829326875,0.0
2026-04-15,0.0017901289164437154,0.0
2026-04-16,0.00589636477927485,0.0
2026-04-17,0.01848728056622,0.0
2026-04-20,0.002640935241022673,0.0
2026-04-21,-0.006188761008561699,0.0
2026-04-22,0.0009777940976300522,0.0
2026-04-23,-0.008135763483392578,0.0
2026-04-24,0.005436970015418087,0.0
2026-04-27,-0.005339991927850828,0.0
2026-04-28,-0.012500275227053995,0.0
2026-04-29,-0.0027866191443265695,0.0
2026-04-30,0.01634784197517798,0.0
2026-05-01,-0.0018505100498413807,0.6854696170431311
2026-05-04,-0.0061866447175316485,0.0
2026-05-05,0.01041532491927974,0.0
2026-05-06,0.013252015009369345,0.0
2026-05-07,-0.0005274870307903946,0.0
2026-05-08,0.0012668240729513012,0.0
2026-05-11,-0.00988637790036373,0.0
2026-05-12,-0.0032214795632964487,0.0
2026-05-13,-0.010714891927975936,0.0
2026-05-14,0.0030024717744339935,0.0
2026-05-15,-0.01074038071946736,0.0
2026-05-18,0.01139285813319025,0.0
2026-05-19,-0.00861435508296631,0.0
2026-05-20,0.021678999077435014,0.0
2026-05-21,0.0059656855602115205,0.0
2026-05-22,0.008500387582965972,0.0
2026-05-26,0.0059063962687356955,0.0
2026-05-27,0.0029464600189093295,0.0
2026-05-28,0.015769496885468096,0.0
2026-05-29,0.010552220716676159,0.0
2026-06-01,0.011095959526679744,0.5958844771840326
2026-06-02,-0.008653717784518329,0.0
2026-06-03,-0.020080751616632538,0.0
2026-06-04,0.007928039249350144,0.0
2026-06-05,-0.020274096112058174,0.0
2026-06-08,0.0018110729391394966,0.0
2026-06-09,0.010870390428186343,0.0
2026-06-10,-0.019946954593920495,0.0
2026-06-11,0.017829166960078552,0.0
2026-06-12,0.009347296170227875,0.0
2026-06-15,0.011229652549494665,0.0
2026-06-16,-0.0031366450753255747,0.0
2026-06-17,-0.019097634007673198,0.0
2026-06-18,0.011675197454400904,0.0
2026-06-22,-0.005347345136940932,0.0
2026-06-23,-0.009834647089490367,0.0
2026-06-24,0.015361962656163106,0.0
2026-06-25,0.012784912807952917,0.0
2026-06-26,0.004012649174542269,0.0
2026-06-29,0.004458092814135242,0.0
2026-06-30,-0.006293177381395711,0.0
