date,return,turnover
2005-01-07,9.999999999998899e-05,0.0
2005-01-10,9.999999999998899e-05,0.0
2005-01-11,9.999999999998899e-05,0.0
2005-01-12,9.999999999998899e-05,0.0
2005-01-13,9.999999999998899e-05,0.0
2005-01-14,9.999999999998899e-05,0.0
2005-01-18,9.999999999998899e-05,0.0
2005-01-19,9.999999999998899e-05,0.0
2005-01-20,9.999999999998899e-05,0.0
2005-01-21,9.999999999998899e-05,0.0
2005-01-24,9.999999999998899e-05,0.0
2005-01-25,9.999999999998899e-05,0.0
2005-01-26,9.999999999998899e-05,0.0
2005-01-27,9.999999999998899e-05,0.0
2005-01-28,9.999999999998899e-05,0.0
2005-01-31,9.999999999998899e-05,0.0
2005-02-01,-0.00040004999999998514,1.0
2005-02-02,0.006861093303728823,0.0
2005-02-03,0.3711582405428514,0.0
2005-02-04,0.012650456690907676,0.0
2005-02-07,0.0007145508768076183,0.0
2005-02-08,0.0027984752308873382,0.0
2005-02-09,-0.014097757018772542,0.0
2005-02-10,-0.2708998415514133,0.0
2005-02-11,0.017761479512370316,0.0
2005-02-14,0.3633107522825936,0.0
2005-02-15,-0.25892843550513145,0.0
2005-02-16,-0.0071489214126019005,0.0
2005-02-17,0.3479411744171699,0.0
2005-02-18,0.007358313760547232,0.0
2005-02-22,-0.27606804076571995,0.0
2005-02-23,-0.0010819387022673805,0.0
2005-02-24,0.0067282768077015056,0.0
2005-02-25,0.4309885163988834,0.0
2005-02-28,-0.007441648173660275,0.0
2005-03-01,-0.2837160021201115,0.49141925353513316
2005-03-02,-0.005135235867935466,0.0
2005-03-03,-0.0031586318724007197,0.0
2005-03-04,0.37133022515228536,0.0
2005-03-07,-0.2607697711005512,0.0
2005-03-08,-0.010863064247244113,0.0
2005-03-09,0.3544051517115289,0.0
2005-03-10,-0.0010130427762226452,0.0
2005-03-11,-0.2714725725763349,0.0
2005-03-14,0.004282891829197447,0.0
2005-03-15,0.35006933126784556,0.0
2005-03-16,-0.008092258722694517,0.0
2005-03-17,-0.2692785320428851,0.0
2005-03-18,0.37432650771236403,0.0
2005-03-21,-0.27142520272845705,0.0
2005-03-22,0.36841546500449973,0.0
2005-03-23,-0.2781425415016802,0.0
2005-03-24,0.0005697908853763855,0.0
2005-03-28,-0.0031882041792343167,0.0
2005-03-29,-0.010080553728066682,0.0
2005-03-30,0.01611297953319085,0.0
2005-03-31,0.3839774150308139,0.0
2005-04-01,-0.007501205439406022,0.8639050148233982
2005-04-04,-0.006900913711790062,0.0
2005-04-05,0.011744454714507106,0.0
2005-04-06,0.002476844075311441,0.0
2005-04-07,0.009595110305339478,0.0
2005-04-08,-0.007592189031124994,0.0
2005-04-11,-0.012182308234638995,0.0
2005-04-12,0.010858645092941393,0.0
2005-04-13,-0.015925357056228214,0.0
2005-04-14,-0.01679040126805445,0.0
2005-04-15,-0.021791587243069073,0.0
2005-04-18,0.0064070139281493625,0.0
2005-04-19,0.009901227911870439,0.0
2005-04-20,-0.011371181412761234,0.0
2005-04-21,0.02418482689229782,0.0
2005-04-22,-0.011831575213537615,0.0
2005-04-25,0.008600682986631233,0.0
2005-04-26,-0.01879788691421721,0.0
2005-04-27,0.004950174410121435,0.0
2005-04-28,-0.020013971795822344,0.0
2005-04-29,0.01080079027303233,0.0
2005-05-02,0.011702188487563658,0.4088769977219068
2005-05-03,0.0022990479968010113,0.0
2005-05-04,0.01142707698227623,0.0
2005-05-05,-0.0012228142695325968,0.0
2005-05-06,0.003729079363586225,0.0
2005-05-09,0.004739607389526014,0.0
2005-05-10,-0.010849990293551801,0.0
2005-05-11,0.002443524956195618,0.0
2005-05-12,-0.009139250375195015,0.0
2005-05-13,0.010101159801509463,0.0
2005-05-16,-0.000199092694197784,0.0
2005-05-17,0.016075007029763458,0.0
2005-05-18,0.02052149103189506,0.0
2005-05-19,0.00020255397723124803,0.0
2005-05-20,0.008340333672272472,0.0
2005-05-23,0.010746914888001738,0.0
2005-05-24,-0.0009170882475900265,0.0
2005-05-25,-0.00791400190924512,0.0
2005-05-26,0.010381115577112153,0.0
2005-05-27,0.0032552582800545104,0.0
2005-05-31,-0.0068685428667222955,0.0
2005-06-01,0.016876896634604233,0.49571465180281143
2005-06-02,-0.002357996640552025,0.0
2005-06-03,-0.0010213692831285044,0.0
2005-06-06,-0.007950563189670554,0.0
2005-06-07,-0.0012529596768445783,0.0
2005-06-08,-0.0016555092806052633,0.0
2005-06-09,0.014720359545506994,0.0
2005-06-10,-0.003937415062921633,0.0
2005-06-13,-0.002072927871345125,0.0
2005-06-14,0.009830992978692707,0.0
2005-06-15,0.0074790685322239986,0.0
2005-06-16,-0.001675799934440498,0.0
2005-06-17,0.0011496127820721136,0.0
2005-06-20,-0.002435859468099811,0.0
2005-06-21,0.0060193794868211884,0.0
2005-06-22,-0.0027980519937953,0.0
2005-06-23,-0.010204254782565796,0.0
2005-06-24,-0.014387024047099906,0.0
2005-06-27,-0.00385122239849894,0.0
2005-06-28,0.00467927131160472,0.0
2005-06-29,0.0001446879812356653,0.0
2005-06-30,-0.003922165607178929,0.0
2005-07-01,0.009811969175786084,0.37857401019805537
2005-07-05,0.002549703850796582,0.0
2005-07-06,0.006507434921678753,0.0
2005-07-07,0.0024069790740510705,0.0
2005-07-08,0.008198526805635783,0.0
2005-07-11,0.01950896547066002,0.0
2005-07-12,0.00013819206758576075,0.0
2005-07-13,-0.008589854520790226,0.0
2005-07-14,0.010631313839364111,0.0
2005-07-15,0.011307818572416993,0.0
2005-07-18,-0.00029520570940401144,0.0
2005-07-19,0.013321398032316776,0.0
2005-07-20,0.009935667680976106,0.0
2005-07-21,-0.007761031714742021,0.0
2005-07-22,0.004643736856384609,0.0
2005-07-25,-0.01431194387705268,0.0
2005-07-26,0.0033197286224809276,0.0
2005-07-27,0.011953296611248575,0.0
2005-07-28,0.00411971262234178,0.0
2005-07-29,-0.013022991632334035,0.0
2005-08-01,-0.00023773963305995238,0.6373486404848419
2005-08-02,0.004654605899428387,0.0
2005-08-03,0.0005214159165776286,0.0
2005-08-04,-0.014032804791891498,0.0
2005-08-05,-0.01017282785195214,0.0
2005-08-08,0.007543613658452495,0.0
2005-08-09,0.0014980264704147505,0.0
2005-08-10,0.0026105593472641802,0.0
2005-08-11,0.002723756998833136,0.0
2005-08-12,0.0047445784049484655,0.0
2005-08-15,0.004440450977123554,0.0
2005-08-16,-0.022410390148272147,0.0
2005-08-17,0.009575335366298223,0.0
2005-08-18,-0.005416000009270443,0.0
2005-08-19,-0.01003718240099084,0.0
2005-08-22,0.011441425913577562,0.0
2005-08-23,-0.003708912832529177,0.0
2005-08-24,-0.016711491818798527,0.0
2005-08-25,0.012683850238341024,0.0
2005-08-26,0.0008133803255827273,0.0
2005-08-29,-0.010209686803026802,0.0
2005-08-30,0.005954957313035125,0.0
2005-08-31,0.010685178861881202,0.0
2005-09-01,-0.00035348819378788754,0.4884131816185174
2005-09-02,-0.011251059705586926,0.0
2005-09-06,0.018981117615507893,0.0
2005-09-07,0.0005852343840952118,0.0
2005-09-08,-0.0038711096170500805,0.0
2005-09-09,0.008787177189485133,0.0
2005-09-12,0.004722191414289634,0.0
2005-09-13,0.00334377209384573,0.0
2005-09-14,-0.01218218898152443,0.0
2005-09-15,-0.005629450624295497,0.0
2005-09-16,0.018585469426576316,0.0
2005-09-19,-0.011025602488719621,0.0
2005-09-20,-0.011227107876716203,0.0
2005-09-21,-0.01748715485202631,0.0
2005-09-22,0.010846676477013373,0.0
2005-09-23,-0.004066249593654414,0.0
2005-09-26,0.00011743885839114493,0.0
2005-09-27,0.009277846826379336,0.0
2005-09-28,-0.006999327616138167,0.0
2005-09-29,0.0180897057375288,0.0
2005-09-30,0.014084590345415244,0.0
2005-10-03,-0.007902303531325261,0.6599352318915441
2005-10-04,-0.011830003624808322,0.0
2005-10-05,0.5714873303376227,0.0
2005-10-06,-0.012492082483010265,0.0
2005-10-07,0.004543518693719361,0.0
2005-10-10,-0.014694102497176545,0.0
2005-10-11,-0.3827440604908754,0.0
2005-10-12,-0.015455265959946729,0.0
2005-10-13,0.6269034150390107,0.0
2005-10-14,-0.3796992691572828,0.0
2005-10-17,0.01044961905340437,0.0
2005-10-18,0.6030055775691423,0.0
2005-10-19,0.022703399897978257,0.0
2005-10-20,-0.01223613912265374,0.0
2005-10-21,0.004290809834578634,0.0
2005-10-24,0.012298580854689944,0.0
2005-10-25,-0.00146797518515294,0.0
2005-10-26,-0.008029032920386753,0.0
2005-10-27,-0.009443194129087958,0.0
2005-10-28,0.01966420276992,0.0
2005-10-31,0.016431787994204514,0.0
2005-11-01,-0.39593437987316127,1.0041173729483948
2005-11-02,0.7863383606607132,0.0
2005-11-03,0.0026216154990661147,0.0
2005-11-04,-0.42939744648902844,0.0
2005-11-07,0.00906680774240087,0.0
2005-11-08,0.7347944929189232,0.0
2005-11-09,-0.42997870576150166,0.0
2005-11-10,0.7814946398523044,0.0
2005-11-11,-0.431138318891308,0.0
2005-11-14,-0.0016422700891764817,0.0
2005-11-15,0.7536945404421319,0.0
2005-11-16,-0.4368676602846313,0.0
2005-11-17,0.01238325744703819,0.0
2005-11-18,0.7763698722028599,0.0
2005-11-21,-0.0011894694627014176,0.0
2005-11-22,0.002031353027370352,0.0
2005-11-23,0.0007032812531083997,0.0
2005-11-25,-0.42626440449152875,0.0
2005-11-28,-0.008645287253767314,0.0
2005-11-29,-0.003509184711614253,0.0
2005-11-30,1.0141363370230452,0.0
2005-12-01,0.02247833390797571,1.207308193451853
2005-12-02,0.004841514225223477,0.0
2005-12-05,-0.012595894606191482,0.0
2005-12-06,0.011535055356789834,0.0
2005-12-07,-0.011879708900045305,0.0
2005-12-08,-0.0011311402857906595,0.0
2005-12-09,0.0055557687928289145,0.0
2005-12-12,0.009031614892729963,0.0
2005-12-13,0.002498444972901305,0.0
2005-12-14,-0.0044697507866354345,0.0
2005-12-15,-0.006098179554226335,0.0
2005-12-16,0.005170825504022459,0.0
2005-12-19,-0.013693956931133976,0.0
2005-12-20,0.004253319403987148,0.0
2005-12-21,-0.002753619398941969,0.0
2005-12-22,0.0035059679602369087,0.0
2005-12-23,0.012247254721736035,0.0
2005-12-27,-0.010253130440190317,0.0
2005-12-28,0.0026929949145473777,0.0
2005-12-29,-0.007807372929576111,0.0
2005-12-30,-0.02034993237383457,0.0
2006-01-03,0.00967341898629459,0.35887754933845506
2006-01-04,0.7182132569412415,0.0
2006-01-05,0.00792888327480336,0.0
2006-01-06,-0.4125393973460547,0.0
2006-01-09,0.01010241670987886,0.0
2006-01-10,0.001598421360116918,0.0
2006-01-11,0.00390636845962444,0.0
2006-01-12,0.7183696145008025,0.0
2006-01-13,0.0035388021393757225,0.0
2006-01-17,-0.0011871075930378308,0.0
2006-01-18,-0.0010706912837530665,0.0
2006-01-19,-0.42182512375291903,0.0
2006-01-20,0.7291339527104136,0.0
2006-01-23,-0.43079573081145006,0.0
2006-01-24,0.7606740954176218,0.0
2006-01-25,-0.002957215969188021,0.0
2006-01-26,-0.4240670681531524,0.0
2006-01-27,0.7489643870229922,0.0
2006-01-30,0.01042556723053715,0.0
2006-01-31,-0.42906245267593957,0.0
2006-02-01,0.7705085955351361,1.5911892870075794
2006-02-02,-0.02058625232945277,0.0
2006-02-03,-0.007567953616901785,0.0
2006-02-06,0.0032051580369446614,0.0
2006-02-07,-0.011970451068824425,0.0
2006-02-08,0.01251720690287048,0.0
2006-02-09,-0.011002178876415128,0.0
2006-02-10,0.0006123643466602394,0.0
2006-02-13,-0.001291694441922215,0.0
2006-02-14,0.01609003866990375,0.0
2006-02-15,-0.003260505141513004,0.0
2006-02-16,0.0203328366654228,0.0
2006-02-17,-0.001159682074095212,0.0
2006-02-21,-0.019845350745229067,0.0
2006-02-22,0.011917301495619346,0.0
2006-02-23,-0.0033267803967386915,0.0
2006-02-24,-9.542364022651966e-05,0.0
2006-02-27,0.015058566358290247,0.0
2006-02-28,-0.014868906503936246,0.0
2006-03-01,0.0032982974849871116,0.5450824470578566
2006-03-02,0.6810005263213809,0.0
2006-03-03,-0.40783083969178197,0.0
2006-03-06,-0.012900254171518133,0.0
2006-03-07,0.6820186449701007,0.0
2006-03-08,-0.41324064951668543,0.0
2006-03-09,-0.0029168536453646745,0.0
2006-03-10,0.7171948173219203,0.0
2006-03-13,-0.41107464297371116,0.0
2006-03-14,0.7310113169400618,0.0
2006-03-15,-0.4076753640419783,0.0
2006-03-16,0.7049322530086675,0.0
2006-03-17,-0.4086405567887761,0.0
2006-03-20,0.6805766328840925,0.0
2006-03-21,-0.0030561618310871483,0.0
2006-03-22,-0.40721550716967614,0.0
2006-03-23,0.0019957048284272166,0.0
2006-03-24,0.007171378891140403,0.0
2006-03-27,-0.0025631015367121625,0.0
2006-03-28,0.7095265980745292,0.0
2006-03-29,0.0077065430522730224,0.0
2006-03-30,-0.41436381419089624,0.0
2006-03-31,0.7038829991562894,0.0
2006-04-03,0.00048746782103559205,1.1017964570756826
2006-04-04,-0.005215100698808686,0.0
2006-04-05,0.007770143915759744,0.0
2006-04-06,0.011416922558473718,0.0
2006-04-07,-0.011877465268947777,0.0
2006-04-10,-0.009283714390639228,0.0
2006-04-11,-0.0039132821190460965,0.0
2006-04-12,0.0049427263247862965,0.0
2006-04-13,-0.007127013294614891,0.0
2006-04-17,-0.007441850015155613,0.0
2006-04-18,0.03613845886089596,0.0
2006-04-19,0.006665951705925192,0.0
2006-04-20,-0.011341218692001859,0.0
2006-04-21,8.764348161796978e-05,0.0
2006-04-24,0.005379109384371694,0.0
2006-04-25,-0.005154339669280047,0.0
2006-04-26,0.002045392984995306,0.0
2006-04-27,-0.014675026703727952,0.0
2006-04-28,0.00822732278696358,0.0
2006-05-01,-0.0106513717326997,0.81462686836133
2006-05-02,0.005858571618324671,0.0
2006-05-03,-0.004217402535600253,0.0
2006-05-04,0.6139807990160426,0.0
2006-05-05,-0.37292003090656506,0.0
2006-05-08,0.0008795603434126997,0.0
2006-05-09,0.5998342112586672,0.0
2006-05-10,-0.0004153041008732357,0.0
2006-05-11,-0.021717588945811085,0.0
2006-05-12,-0.380764011221815,0.0
2006-05-15,0.5936984426923798,0.0
2006-05-16,-0.3761314309030318,0.0
2006-05-17,0.5719768052510722,0.0
2006-05-18,-0.3711033816449516,0.0
2006-05-19,0.5899350204173485,0.0
2006-05-22,-0.011866345311413768,0.0
2006-05-23,0.004910819399925853,0.0
2006-05-24,-0.3702797964952682,0.0
2006-05-25,0.6149191589356727,0.0
2006-05-26,0.005313412673984377,0.0
2006-05-30,-0.015703174227377575,0.0
2006-05-31,-0.36545531247142077,0.0
2006-06-01,0.012083149642216906,1.0181368630659229
2006-06-02,0.0006947629042711873,0.0
2006-06-05,-0.02447324305165344,0.0
2006-06-06,0.8283351019157577,0.0
2006-06-07,-0.46463446112748036,0.0
2006-06-08,-0.0023017576909721903,0.0
2006-06-09,0.829888067791092,0.0
2006-06-12,-0.01919405956089911,0.0
2006-06-13,-0.013020268107227007,0.0
2006-06-14,0.01780753143772984,0.0
2006-06-15,0.029733535415289922,0.0
2006-06-16,-0.006727076619308753,0.0
2006-06-19,-0.46905416647880177,0.0
2006-06-20,0.8515643685524088,0.0
2006-06-21,-0.45128527237112886,0.0
2006-06-22,0.8566780732180415,0.0
2006-06-23,0.009834161997190055,0.0
2006-06-26,0.011021844213461139,0.0
2006-06-27,-0.015337407894656138,0.0
2006-06-28,0.008603888498995306,0.0
2006-06-29,-0.45557522423225016,0.0
2006-06-30,0.9108159061835585,0.0
2006-07-03,0.006208433970672944,1.135008605245772
2006-07-05,-0.02038027046842391,0.0
2006-07-06,0.007262636514696229,0.0
2006-07-07,-0.02210013899511956,0.0
2006-07-10,-0.004607400273642693,0.0
2006-07-11,0.01254359905672,0.0
2006-07-12,-0.0308636355479379,0.0
2006-07-13,-0.00687364224643661,0.0
2006-07-14,-0.008842200198536342,0.0
2006-07-17,-0.007961511193647202,0.0
2006-07-18,-0.00357162857056602,0.0
2006-07-19,0.021795832037877938,0.0
2006-07-20,-0.019837652611753236,0.0
2006-07-21,-0.017618790891421286,0.0
2006-07-24,0.018922012047802937,0.0
2006-07-25,0.013369256877303774,0.0
2006-07-26,0.004273237888708467,0.0
2006-07-27,-0.006806071161294053,0.0
2006-07-28,0.016416899927565752,0.0
2006-07-31,0.0033189544778039017,0.0
2006-08-01,-0.019079139964995107,0.6673345986885204
2006-08-02,0.012567724603566513,0.0
2006-08-03,0.010429619444346266,0.0
2006-08-04,-0.010304677664102807,0.0
2006-08-07,0.007959090323428227,0.0
2006-08-08,-0.005521722285851004,0.0
2006-08-09,-0.008232210802978576,0.0
2006-08-10,-0.0025517925296970638,0.0
2006-08-11,-0.0008500184757769182,0.0
2006-08-14,0.00574634694584336,0.0
2006-08-15,0.022548645470191288,0.0
2006-08-16,0.016552638112610124,0.0
2006-08-17,0.014060405083885936,0.0
2006-08-18,0.0019412064658442874,0.0
2006-08-21,-0.017729777533356028,0.0
2006-08-22,0.00039257472894331784,0.0
2006-08-23,-0.007550811839060252,0.0
2006-08-24,0.008023792777560991,0.0
2006-08-25,0.0013259918867806813,0.0
2006-08-28,0.004645056097172221,0.0
2006-08-29,0.0029962105275820887,0.0
2006-08-30,0.0022697179140919593,0.0
2006-08-31,-0.004948552945957768,0.0
2006-09-01,0.013808901761784398,0.6148919254020175
2006-09-05,0.004282855949643354,0.0
2006-09-06,-0.02549783231969549,0.0
2006-09-07,0.00010775072787135493,0.0
2006-09-08,0.0031285947022589994,0.0
2006-09-11,-0.004980412066887278,0.0
2006-09-12,0.01747881673957532,0.0
2006-09-13,0.009917106545309843,0.0
2006-09-14,-0.003212640161512204,0.0
2006-09-15,0.00196736818381302,0.0
2006-09-18,0.006754952293038756,0.0
2006-09-19,-0.006400445886630595,0.0
2006-09-20,0.004217591076385293,0.0
2006-09-21,-0.006464976600309164,0.0
2006-09-22,-0.005147452951483753,0.0
2006-09-25,0.0107232354205917,0.0
2006-09-26,0.007574258353594258,0.0
2006-09-27,0.003523831340191439,0.0
2006-09-28,0.00414507244969662,0.0
2006-09-29,-0.022170527320470507,0.0
2006-10-02,-0.004702994198133359,0.48248167408839066
2006-10-03,-0.004536305831311797,0.0
2006-10-04,0.014078810058617972,0.0
2006-10-05,0.010430661142625903,0.0
2006-10-06,-0.006744492284005973,0.0
2006-10-09,0.003077046428199593,0.0
2006-10-10,0.003573169202840014,0.0
2006-10-11,6.669042137532522e-05,0.0
2006-10-12,0.012183227307836539,0.0
2006-10-13,0.005506645735175432,0.0
2006-10-16,0.009268907656406443,0.0
2006-10-17,-0.00906876615244636,0.0
2006-10-18,-0.002500474785043484,0.0
2006-10-19,-0.0008982400045783843,0.0
2006-10-20,-0.005001380953387525,0.0
2006-10-23,0.005758571368556122,0.0
2006-10-24,0.004838839467627309,0.0
2006-10-25,0.0021418249409901483,0.0
2006-10-26,0.006340804886728215,0.0
2006-10-27,-0.010274711968986272,0.0
2006-10-30,0.0015444284826967795,0.0
2006-10-31,3.240338722528154e-05,0.0
2006-11-01,-0.013258616291015213,0.5711228124850867
2006-11-02,0.0014209703350232836,0.0
2006-11-03,-0.0016475947391858565,0.0
2006-11-06,0.015400142272357357,0.0
2006-11-07,0.003117361311434476,0.0
2006-11-08,-0.008162088742879041,0.0
2006-11-09,-0.005993184846628759,0.0
2006-11-10,0.004675084798522055,0.0
2006-11-13,0.004129948979649479,0.0
2006-11-14,0.01257739039801903,0.0
2006-11-15,0.006731302076546725,0.0
2006-11-16,0.00012816899572785494,0.0
2006-11-17,-0.0022580039137158167,0.0
2006-11-20,-0.0017083592030575278,0.0
2006-11-21,0.005524834200240983,0.0
2006-11-22,0.005922245519272656,0.0
2006-11-24,-0.0029754401567637628,0.0
2006-11-27,-0.018196764604675446,0.0
2006-11-28,0.001097722443776147,0.0
2006-11-29,0.013361149601117638,0.0
2006-11-30,0.005706673882523532,0.0
2006-12-01,-0.005959172404768842,0.5523881189604134
2006-12-04,0.015816086529111303,0.0
2006-12-05,0.004026155177000133,0.0
2006-12-06,0.0014244470409481057,0.0
2006-12-07,-0.005713782717081716,0.0
2006-12-08,0.000984174906234531,0.0
2006-12-11,-0.0019659346410631196,0.0
2006-12-12,-0.005905660416703913,0.0
2006-12-13,-0.0010621620927874008,0.0
2006-12-14,0.01196945411574735,0.0
2006-12-15,-0.0013533573392692094,0.0
2006-12-18,-0.007798978856045193,0.0
2006-12-19,-0.0008025365174669884,0.0
2006-12-20,-0.00158409812342944,0.0
2006-12-21,-0.004615474061128656,0.0
2006-12-22,-0.004472216445587194,0.0
2006-12-26,0.0020187935588820887,0.0
2006-12-27,0.008681667937583968,0.0
2006-12-28,-0.0007243442010462625,0.0
2006-12-29,-0.0034431200799837115,0.0
2007-01-03,-0.012797141111538513,1.045536498466871
2007-01-04,0.0043248476908337675,0.0
2007-01-05,-0.005821355655554938,0.0
2007-01-08,-0.006694612731937827,0.0
2007-01-09,0.008219479516997827,0.0
2007-01-10,0.004373789775394881,0.0
2007-01-11,0.007159074627182375,0.0
2007-01-12,0.0077006961776600585,0.0
2007-01-16,-0.0006667978522038248,0.0
2007-01-17,-0.009243180676092996,0.0
2007-01-18,0.0010402718712669852,0.0
2007-01-19,0.008465163056377945,0.0
2007-01-22,-0.004683254666747305,0.0
2007-01-23,0.00976646993953129,0.0
2007-01-24,0.008902242572000086,0.0
2007-01-25,0.0069719852902731146,0.0
2007-01-26,-0.03178735478566762,0.0
2007-01-29,0.027123040485218512,0.0
2007-01-30,-0.02246840113469184,0.0
2007-01-31,0.00969702847714734,0.0
2007-02-01,0.005866940703870949,1.7024107538048905
2007-02-02,0.2469947344823982,0.0
2007-02-05,-0.02019693853937899,0.0
2007-02-06,-0.016561214690930998,0.0
2007-02-07,-0.014173827352650254,0.0
2007-02-08,-0.014624484748879802,0.0
2007-02-09,-0.018839143833472793,0.0
2007-02-12,-0.02336841413621507,0.0
2007-02-13,-0.005052054010535411,0.0
2007-02-14,-0.003028673087627754,0.0
2007-02-15,-0.013201878959834362,0.0
2007-02-16,0.0018585396273627574,0.0
2007-02-20,0.0027023618510565,0.0
2007-02-21,-0.004798572520320676,0.0
2007-02-22,-0.006798731425342286,0.0
2007-02-23,-0.013562144361762975,0.0
2007-02-26,-0.0034124035764830137,0.0
2007-02-27,-0.023183182036765657,0.0
2007-02-28,-0.002361580411164562,0.0
2007-03-01,-0.006202291408533789,0.9033359980235949
2007-03-02,-0.013978059323533201,0.0
2007-03-05,-0.013912232387773178,0.0
2007-03-06,0.018364739373604232,0.0
2007-03-07,-0.002021307146072865,0.0
2007-03-08,0.01036087456859726,0.0
2007-03-09,0.004718172237304948,0.0
2007-03-12,0.004582015049503195,0.0
2007-03-13,-0.02292216128962033,0.0
2007-03-14,0.005323160795584463,0.0
2007-03-15,0.007065928627103309,0.0
2007-03-16,-0.007708617152159902,0.0
2007-03-19,0.010239330090427788,0.0
2007-03-20,0.007982679412582893,0.0
2007-03-21,0.01609573391404085,0.0
2007-03-22,-0.0011482147318148512,0.0
2007-03-23,0.0007538833583184086,0.0
2007-03-26,-0.0023981324686574417,0.0
2007-03-27,-0.006209047806363744,0.0
2007-03-28,-0.007168576182403381,0.0
2007-03-29,0.0038439657304785877,0.0
2007-03-30,0.0010285786503985504,0.0
2007-04-02,0.0022946379358055324,0.9242269682632598
2007-04-03,0.009223674817791374,0.0
2007-04-04,-0.002030814044460684,0.0
2007-04-05,0.004571158562791825,0.0
2007-04-09,-0.004765051568618749,0.0
2007-04-10,0.005701277302227289,0.0
2007-04-11,-0.007362378551735315,0.0
2007-04-12,0.004299520343930552,0.0
2007-04-13,0.002288352895665707,0.0
2007-04-16,0.010813696270278287,0.0
2007-04-17,0.0038327141711786317,0.0
2007-04-18,0.0021469119499124005,0.0
2007-04-19,-0.002419785973656374,0.0
2007-04-20,0.010280247468260499,0.0
2007-04-23,0.0027610220379395466,0.0
2007-04-24,-0.0019458376529933531,0.0
2007-04-25,0.004856059004416289,0.0
2007-04-26,0.0005414395339699645,0.0
2007-04-27,-0.0005104080485159462,0.0
2007-04-30,-0.009694112341325951,0.0
2007-05-01,-0.006558075012767617,1.15182653196988
2007-05-02,0.031815279152236205,0.0
2007-05-03,0.0016962070176254399,0.0
2007-05-04,0.0007441765876912529,0.0
2007-05-07,8.554336107458392e-05,0.0
2007-05-08,-0.0019415025855388387,0.0
2007-05-09,0.007820137809250264,0.0
2007-05-10,-0.01212373815636687,0.0
2007-05-11,0.006704857616491433,0.0
2007-05-14,-0.0024620723950498427,0.0
2007-05-15,-0.005645457520636327,0.0
2007-05-16,0.005653032210275544,0.0
2007-05-17,-0.008996910254526494,0.0
2007-05-18,0.012666521299055624,0.0
2007-05-21,0.000930084546286993,0.0
2007-05-22,0.0014177333526614547,0.0
2007-05-23,-0.007909210521120119,0.0
2007-05-24,-0.0027239532321157844,0.0
2007-05-25,0.005745856886474941,0.0
2007-05-29,0.0037664139421820014,0.0
2007-05-30,0.007539395290999956,0.0
2007-05-31,0.00376381334728354,0.0
2007-06-01,-0.0017794503781044524,1.40862513614583
2007-06-04,0.05095043890732314,0.0
2007-06-05,-0.005898933620078761,0.0
2007-06-06,-0.00842012769177803,0.0
2007-06-07,-0.020574703982372062,0.0
2007-06-08,0.010290805065452793,0.0
2007-06-11,-0.04969857794637637,0.0
2007-06-12,0.03968076509039718,0.0
2007-06-13,0.012104655369106905,0.0
2007-06-14,0.0033302579324803673,0.0
2007-06-15,0.007126001469281263,0.0
2007-06-18,-0.0017431773735002616,0.0
2007-06-19,0.0012527205066157178,0.0
2007-06-20,-0.06980976124116368,0.0
2007-06-21,0.06494085658624922,0.0
2007-06-22,-0.010101371777570417,0.0
2007-06-25,-0.00349073990760039,0.0
2007-06-26,-0.006521528953793631,0.0
2007-06-27,0.011648481376972716,0.0
2007-06-28,0.0006860168488579176,0.0
2007-06-29,-0.0022492484361134432,0.0
2007-07-02,0.011461849226346521,0.759795336504607
2007-07-03,0.002796967421403943,0.0
2007-07-05,0.0010489837056743927,0.0
2007-07-06,0.005835820331125907,0.0
2007-07-09,-0.0011576691254835086,0.0
2007-07-10,-0.018340012061969842,0.0
2007-07-11,0.004428612248050739,0.0
2007-07-12,0.017131987448829836,0.0
2007-07-13,0.006109153640775037,0.0
2007-07-16,-0.005216374633883355,0.0
2007-07-17,-0.00018256577110313912,0.0
2007-07-18,-0.0014324370216225923,0.0
2007-07-19,0.005993537365122139,0.0
2007-07-20,-0.016525668873184164,0.0
2007-07-23,-0.008670676040342667,0.0
2007-07-24,-0.014215999761096264,0.0
2007-07-25,0.0011634315996517256,0.0
2007-07-26,-0.025858450598245628,0.0
2007-07-27,-0.017053046657307287,0.0
2007-07-30,0.012526459261492495,0.0
2007-07-31,-0.011546513591552008,0.0
2007-08-01,0.0035412295120216264,0.9235039316930697
2007-08-02,-0.0006145375006658014,0.0
2007-08-03,-0.025012679872846413,0.0
2007-08-06,0.01698979485756858,0.0
2007-08-07,0.0032976090351755855,0.0
2007-08-08,0.013687798066120185,0.0
2007-08-09,-0.028567358898739004,0.0
2007-08-10,-0.007838887361548651,0.0
2007-08-13,0.005131545643305278,0.0
2007-08-14,-0.017137660151534808,0.0
2007-08-15,-0.0184921076640135,0.0
2007-08-16,-0.002765543456927858,0.0
2007-08-17,0.02848921462363348,0.0
2007-08-20,0.0024733714887454927,0.0
2007-08-21,0.005779204101211402,0.0
2007-08-22,0.017222776246956183,0.0
2007-08-23,-0.004457531508108216,0.0
2007-08-24,0.014366541629627774,0.0
2007-08-27,-0.011950901227751907,0.0
2007-08-28,-0.027332005470008875,0.0
2007-08-29,0.025095626728741518,0.0
2007-08-30,-0.005793433019184819,0.0
2007-08-31,0.016889961983065704,0.0
2007-09-04,0.0063528981915859095,0.9174657169992684
2007-09-05,-0.021696147311230825,0.0
2007-09-06,0.0052403503340487005,0.0
2007-09-07,-0.01930275462041599,0.0
2007-09-10,-0.004255990567881587,0.0
2007-09-11,0.013529493382180928,0.0
2007-09-12,-0.0010174128758489126,0.0
2007-09-13,0.008338627707236403,0.0
2007-09-14,0.0012880359802047094,0.0
2007-09-17,-0.006376774546785726,0.0
2007-09-18,0.03368277367559306,0.0
2007-09-19,0.008402468663312956,0.0
2007-09-20,-0.006309053906741595,0.0
2007-09-21,0.004947121821551522,0.0
2007-09-24,-0.00692560185795968,0.0
2007-09-25,-0.002128623461604381,0.0
2007-09-26,0.006212431956459107,0.0
2007-09-27,0.006007035708487159,0.0
2007-09-28,-0.004281221297033256,0.0
2007-10-01,0.008208471976477005,0.8266579470581641
2007-10-02,-0.00405555368894727,0.0
2007-10-03,-0.0030499633802041183,0.0
2007-10-04,-0.002482361080344179,0.0
2007-10-05,0.01698350938328214,0.0
2007-10-08,-0.005504796146918567,0.0
2007-10-09,0.008971353442261774,0.0
2007-10-10,-0.010266779106804288,0.0
2007-10-11,-0.0004342750703366041,0.0
2007-10-12,0.0036044929955832074,0.0
2007-10-15,-0.008292325399668829,0.0
2007-10-16,-0.006175357911528476,0.0
2007-10-17,0.0011183715893944156,0.0
2007-10-18,-0.0034880178841927693,0.0
2007-10-19,-0.02611218809512362,0.0
2007-10-22,0.006476664671544067,0.0
2007-10-23,0.006149076526661001,0.0
2007-10-24,-0.0036749439519384182,0.0
2007-10-25,0.011767628769337025,0.0
2007-10-26,0.007615538696590907,0.0
2007-10-29,-0.005603814499034917,0.0
2007-10-30,-0.006698477102109801,0.0
2007-10-31,0.008602738925444301,0.0
2007-11-01,-0.025694601773124437,1.0024292583513126
2007-11-02,0.0031069778068025513,0.0
2007-11-05,-0.007618849486621492,0.0
2007-11-06,0.013809187553705254,0.0
2007-11-07,-0.030734920431733363,0.0
2007-11-08,-0.0022873004410397,0.0
2007-11-09,-0.010676332388060435,0.0
2007-11-12,-0.015371643145311196,0.0
2007-11-13,0.02911393844697686,0.0
2007-11-14,-0.005555939594416181,0.0
2007-11-15,-0.016998177257553336,0.0
2007-11-16,0.002077356396412411,0.0
2007-11-19,-0.0203291757949949,0.0
2007-11-20,0.005034785674465452,0.0
2007-11-21,-0.010780260961143897,0.0
2007-11-23,0.021298371403201552,0.0
2007-11-26,-0.030752845002207985,0.0
2007-11-27,0.023636812191626087,0.0
2007-11-28,0.030236940551145265,0.0
2007-11-29,-0.008050071486049491,0.0
2007-11-30,0.016279466792467216,0.0
2007-12-03,-0.00012235332031074186,1.0771608366203145
2007-12-04,-0.007173985554271426,0.0
2007-12-05,0.009877985455014986,0.0
2007-12-06,0.029972824899469695,0.0
2007-12-07,-0.0011790360309269705,0.0
2007-12-10,0.005487079033227553,0.0
2007-12-11,-0.029941778488251417,0.0
2007-12-12,0.004945215016888296,0.0
2007-12-13,-0.00590159694285093,0.0
2007-12-14,-0.015794224997241556,0.0
2007-12-17,-0.018929615824439396,0.0
2007-12-18,0.005283021848765082,0.0
2007-12-19,-0.006774115964714777,0.0
2007-12-20,0.01220270585333141,0.0
2007-12-21,0.0185533095712883,0.0
2007-12-24,0.010241165761438423,0.0
2007-12-26,-0.002138011202988517,0.0
2007-12-27,-0.01496778046216215,0.0
2007-12-28,0.0011487120270117692,0.0
2007-12-31,-0.005651931795824479,0.0
2008-01-02,-0.011406054901410778,0.9150990743097385
2008-01-03,-0.012201253241468353,0.0
2008-01-04,-0.01421710258996996,0.0
2008-01-07,-0.0008024214900718371,0.0
2008-01-08,-0.01637084486504057,0.0
2008-01-09,0.011874415501935852,0.0
2008-01-10,0.006559576099315317,0.0
2008-01-11,-0.024574683447799325,0.0
2008-01-14,0.01941488712678186,0.0
2008-01-15,-0.024545312684166456,0.0
2008-01-16,-0.010940788842934337,0.0
2008-01-17,-0.02970627904416613,0.0
2008-01-18,-0.000614957205402897,0.0
2008-01-22,-0.019653391962510564,0.0
2008-01-23,0.021270332456670194,0.0
2008-01-24,0.006121213105777227,0.0
2008-01-25,-0.0025808133850195166,0.0
2008-01-28,0.012422682265755203,0.0
2008-01-29,-0.0014804561744514787,0.0
2008-01-30,0.0007800059769056998,0.0
2008-01-31,0.011588239793452325,0.0
2008-02-01,0.02610855003714163,1.294920765914044
2008-02-04,-0.01545584151403249,0.0
2008-02-05,-0.037433243921575154,0.0
2008-02-06,-0.014054004112039428,0.0
2008-02-07,0.012535449342711509,0.0
2008-02-08,-0.002358435070261666,0.0
2008-02-11,0.014607866871920512,0.0
2008-02-12,0.0029285376529890185,0.0
2008-02-13,0.020404873436481626,0.0
2008-02-14,-0.016452546894543528,0.0
2008-02-15,-0.0012571722781350456,0.0
2008-02-19,0.003297659908434698,0.0
2008-02-20,0.014299871044972415,0.0
2008-02-21,-0.016446941581731045,0.0
2008-02-22,0.010851875799985446,0.0
2008-02-25,0.0175996575910366,0.0
2008-02-26,0.010700524908592034,0.0
2008-02-27,-0.0008032369593583231,0.0
2008-02-28,-0.013888408724557488,0.0
2008-02-29,-0.03295020993927025,0.0
2008-03-03,-0.003396262040085918,1.104117856428784
2008-03-04,-0.0002929316081032034,0.0
2008-03-05,5.1310726152698364e-05,0.0
2008-03-06,-0.03622026691158091,0.0
2008-03-07,-0.0028444552671444377,0.0
2008-03-10,-0.021520775060303993,0.0
2008-03-11,0.04761860950585445,0.0
2008-03-12,-0.01460230431215183,0.0
2008-03-13,0.01154726539954062,0.0
2008-03-14,-0.026448592314245675,0.0
2008-03-17,-0.021425926251281816,0.0
2008-03-18,0.05497761449059358,0.0
2008-03-19,-0.027109922095052422,0.0
2008-03-20,0.04000041709496066,0.0
2008-03-24,0.017839139890994535,0.0
2008-03-25,0.010050082658546237,0.0
2008-03-26,-0.02562636612520652,0.0
2008-03-27,-0.01766724218106002,0.0
2008-03-28,-0.02135811212725287,0.0
2008-03-31,0.011426857016895954,0.0
2008-04-01,0.05661456936780196,0.9048323227793487
2008-04-02,0.09982038646304164,0.0
2008-04-03,0.003657728707263099,0.0
2008-04-04,0.0011007713679464794,0.0
2008-04-07,-9.230353078453629e-05,0.0
2008-04-08,-0.0935637109947047,0.0
2008-04-09,0.08003628832944537,0.0
2008-04-10,-0.0870867296019931,0.0
2008-04-11,0.0784211836434413,0.0
2008-04-14,-0.10174584308874682,0.0
2008-04-15,0.10558716222298795,0.0
2008-04-16,-0.07301439372062446,0.0
2008-04-17,0.11103921801449901,0.0
2008-04-18,0.021315607256495485,0.0
2008-04-21,0.00044635667901741713,0.0
2008-04-22,-0.10594006048789165,0.0
2008-04-23,0.08993932555673433,0.0
2008-04-24,0.015367893900037854,0.0
2008-04-25,0.016799835202350975,0.0
2008-04-28,-0.00031660398094313113,0.0
2008-04-29,-0.07889705511041699,0.0
2008-04-30,0.08056444505178657,0.0
2008-05-01,-0.06914885457332265,0.9212687039950704
2008-05-02,0.03835053913665434,0.0
2008-05-05,0.10022562532041072,0.0
2008-05-06,0.005989051936580047,0.0
2008-05-07,-0.10929381092972941,0.0
2008-05-08,0.0008318104980689758,0.0
2008-05-09,-0.005604486493689614,0.0
2008-05-12,0.014099062023105964,0.0
2008-05-13,0.001036731310087906,0.0
2008-05-14,0.00807697416325415,0.0
2008-05-15,0.018237406408905966,0.0
2008-05-16,0.00035051189273196254,0.0
2008-05-19,-0.005061968492629643,0.0
2008-05-20,-0.01199805719092394,0.0
2008-05-21,-0.01903551785420652,0.0
2008-05-22,-0.00031112502416404727,0.0
2008-05-23,-0.016816409665500277,0.0
2008-05-27,0.008755466852304578,0.0
2008-05-28,0.00660492876035057,0.0
2008-05-29,0.0049461294589582105,0.0
2008-05-30,0.003105806588918767,0.0
2008-06-02,-0.02223295940651815,0.9787764304707848
2008-06-03,0.005894482397927555,0.0
2008-06-04,-0.0023638881891174727,0.0
2008-06-05,0.016406463898611383,0.0
2008-06-06,-0.04048207143059861,0.0
2008-06-09,-0.014237695850241356,0.0
2008-06-10,1.498018153458559e-05,0.0
2008-06-11,-0.03031873435712281,0.0
2008-06-12,0.008934688463661872,0.0
2008-06-13,0.0184330706141577,0.0
2008-06-16,0.006943034682627782,0.0
2008-06-17,-0.017812424687225163,0.0
2008-06-18,-0.015671433694572173,0.0
2008-06-19,-0.004954278021762756,0.0
2008-06-20,-0.02064080085936737,0.0
2008-06-23,-0.020918437703962046,0.0
2008-06-24,0.0035363126019514043,0.0
2008-06-25,0.008476648113197654,0.0
2008-06-26,-0.03591289538322701,0.0
2008-06-27,-0.008648381238145875,0.0
2008-06-30,-0.014594737346257608,0.0
2008-07-01,-0.019229052713255035,0.7234287789175204
2008-07-02,-0.0242009083956037,0.0
2008-07-03,-0.007243809563256283,0.0
2008-07-07,-0.01708936414165025,0.0
2008-07-08,0.040329494528958315,0.0
2008-07-09,-0.04217339408553787,0.0
2008-07-10,-0.01585808790856235,0.0
2008-07-11,-0.022762660181684154,0.0
2008-07-14,-0.029766338556124355,0.0
2008-07-15,-0.010347433719478565,0.0
2008-07-16,0.06976857503660154,0.0
2008-07-17,0.05361710305093834,0.0
2008-07-18,0.0006986811815394784,0.0
2008-07-21,-0.0051025812934733196,0.0
2008-07-22,0.04095742408675766,0.0
2008-07-23,0.0225801369997112,0.0
2008-07-24,-0.055271747723829645,0.0
2008-07-25,-0.0005124711777013951,0.0
2008-07-28,-0.03210639234639808,0.0
2008-07-29,0.12947967595310575,0.0
2008-07-30,-0.0017046468459108244,0.0
2008-07-31,-0.007424718961453886,0.0
2008-08-01,0.00424828515550546,0.9319277011897797
2008-08-04,-0.01587840993893595,0.0
2008-08-05,0.0398104260191742,0.0
2008-08-06,0.004745590208252233,0.0
2008-08-07,-0.028300995544335173,0.0
2008-08-08,0.0274130969339633,0.0
2008-08-11,0.018857023801405,0.0
2008-08-12,-0.028900430346839225,0.0
2008-08-13,-0.007265598458986937,0.0
2008-08-14,0.02241314841027204,0.0
2008-08-15,-0.0011986092744963415,0.0
2008-08-18,0.011231302504383771,0.0
2008-08-19,-0.02904956455251766,0.0
2008-08-20,0.003330211893382116,0.0
2008-08-21,-0.00451529120428136,0.0
2008-08-22,0.013195102329741915,0.0
2008-08-25,-0.020636688191133956,0.0
2008-08-26,-0.003467870589439285,0.0
2008-08-27,0.019073703572663622,0.0
2008-08-28,0.030015594365585166,0.0
2008-08-29,-0.004187228160441437,0.0
2008-09-02,0.00285034568207565,0.5812622707640687
2008-09-03,0.007143401994683725,0.0
2008-09-04,-0.042141438190238016,0.0
2008-09-05,0.01649987758111043,0.0
2008-09-08,0.012320469711939598,0.0
2008-09-09,-0.05257167303177007,0.0
2008-09-10,0.0034392023195758117,0.0
2008-09-11,0.015516346905938665,0.0
2008-09-12,0.003228389251496392,0.0
2008-09-15,-0.06743873889804419,0.0
2008-09-16,0.023862781753132386,0.0
2008-09-17,-0.06107740534740963,0.0
2008-09-18,0.07835400079561786,0.0
2008-09-19,0.07081871216457708,0.0
2008-09-22,-0.06722201348330079,0.0
2008-09-23,-0.02327811026116594,0.0
2008-09-24,-0.009676980764767867,0.0
2008-09-25,0.019972292160403186,0.0
2008-09-26,0.0034417285898906583,0.0
2008-09-29,-0.12597738192071284,0.0
2008-09-30,0.07277007623218591,0.0
2008-10-01,0.009616613778647753,0.8339142550092875
2008-10-02,-0.07313129832156094,0.0
2008-10-03,-0.01684020385969234,0.0
2008-10-06,-0.04467269456789734,0.0
2008-10-07,-0.0801547843671773,0.0
2008-10-08,-0.014856281213006944,0.0
2008-10-09,-0.10109523198123106,0.0
2008-10-10,0.003891275229434767,0.0
2008-10-13,0.13623765645011476,0.0
2008-10-14,0.02017415586616049,0.0
2008-10-15,-0.11423975014819845,0.0
2008-10-16,0.030187479895824765,0.0
2008-10-17,-0.0007664725607970648,0.0
2008-10-20,0.05117611185216859,0.0
2008-10-21,-0.03732152268873751,0.0
2008-10-22,-0.07489490806743862,0.0
2008-10-23,-0.02681295281119337,0.0
2008-10-24,-0.03805237526802033,0.0
2008-10-27,-0.039692006993621326,0.0
2008-10-28,0.11406047484134862,0.0
2008-10-29,0.008949923565093283,0.0
2008-10-30,0.04059565416594579,0.0
2008-10-31,0.021725520695667543,0.0
2008-11-03,-0.0032172339026578234,0.8415278718176255
2008-11-04,0.06898867175716816,0.0
2008-11-05,-0.07572338820334981,0.0
2008-11-06,-0.07882288836864113,0.0
2008-11-07,0.03134924322362521,0.0
2008-11-10,-0.040473998993714955,0.0
2008-11-11,-0.044592099513795655,0.0
2008-11-12,-0.08980431183465457,0.0
2008-11-13,0.09267319262775658,0.0
2008-11-14,-0.07353554807505232,0.0
2008-11-17,-0.05229798333682189,0.0
2008-11-18,-0.0075316181022270865,0.0
2008-11-19,-0.1088701610088,0.0
2008-11-20,-0.10853486165502865,0.0
2008-11-21,0.07803111236360999,0.0
2008-11-24,0.1394815539439866,0.0
2008-11-25,0.03116836857182756,0.0
2008-11-26,0.06806140191115537,0.0
2008-11-28,0.015159513202606783,0.0
2008-12-01,-0.13859957994421312,0.469474024703707
2008-12-02,0.06251577267731805,0.0
2008-12-03,0.035269380641004044,0.0
2008-12-04,-0.03366352742741527,0.0
2008-12-05,0.07975721201222682,0.0
2008-12-08,0.06974384729749412,0.0
2008-12-09,-0.02602075955712313,0.0
2008-12-10,0.031231870708704156,0.0
2008-12-11,-0.05647242732048479,0.0
2008-12-12,0.019207238286398864,0.0
2008-12-15,-0.030372199562606922,0.0
2008-12-16,0.08836261004751908,0.0
2008-12-17,0.0313759780444458,0.0
2008-12-18,-0.03753969637136839,0.0
2008-12-19,0.017913121030671275,0.0
2008-12-22,-0.049088916684180806,0.0
2008-12-23,0.05457646625362368,0.0
2008-12-24,-0.07406353989588532,0.0
2008-12-26,0.01418045945506606,0.0
2008-12-29,-0.008017611077413694,0.0
2008-12-30,0.0337385938837371,0.0
2008-12-31,0.09459382422706128,0.0
2009-01-02,-0.013673110451403403,0.5643744881423918
2009-01-05,0.014112995111757707,0.0
2009-01-06,0.04431791618823204,0.0
2009-01-07,-0.05029580334485659,0.0
2009-01-08,0.01989133317699818,0.0
2009-01-09,-0.03416326092304063,0.0
2009-01-12,-0.056597037872611014,0.0
2009-01-13,0.0073220253351622844,0.0
2009-01-14,-0.05918908779555553,0.0
2009-01-15,-0.0041037271242339215,0.0
2009-01-16,0.014115243088360702,0.0
2009-01-20,-0.07532470866429837,0.0
2009-01-21,0.07278762497211108,0.0
2009-01-22,-0.019271739903646723,0.0
2009-01-23,0.008268175046813231,0.0
2009-01-26,-0.0012505683594218379,0.0
2009-01-27,0.016199803417781183,0.0
2009-01-28,0.07919849186998944,0.0
2009-01-29,-0.06281057132293066,0.0
2009-01-30,-0.059102563678787155,0.0
2009-02-02,-0.0026437595869015507,0.8888074711337095
2009-02-03,0.005901688000155373,0.0
2009-02-04,-0.010992552349666864,0.0
2009-02-05,0.02321796806921549,0.0
2009-02-06,0.06177683250874971,0.0
2009-02-09,0.0059454149521131075,0.0
2009-02-10,-0.0936322343075215,0.0
2009-02-11,0.027710511895367183,0.0
2009-02-12,-0.005187594005848256,0.0
2009-02-13,-0.02329179739407148,0.0
2009-02-17,-0.07765499587966093,0.0
2009-02-18,-0.012979000577923719,0.0
2009-02-19,-0.052841576648008357,0.0
2009-02-20,-0.004410465565212311,0.0
2009-02-23,-0.04667407049901215,0.0
2009-02-24,0.08872276993769669,0.0
2009-02-25,-0.02137801828778762,0.0
2009-02-26,0.006720078908846258,0.0
2009-02-27,-0.04103113173015201,0.0
2009-03-02,-0.0764142424446208,0.7535844957443547
2009-03-03,-0.041155641721129774,0.0
2009-03-04,0.03933624260040977,0.0
2009-03-05,-0.08391871006061313,0.0
2009-03-06,-0.009603422192417463,0.0
2009-03-09,0.007489628210566532,0.0
2009-03-10,0.13862140725565486,0.0
2009-03-11,0.00878995479053026,0.0
2009-03-12,0.07783403508706094,0.0
2009-03-13,0.01064775705694858,0.0
2009-03-16,-0.00023626690882895367,0.0
2009-03-17,0.05131066056693427,0.0
2009-03-18,0.0855916302104995,0.0
2009-03-19,-0.03565355370709697,0.0
2009-03-20,-0.05593700930928624,0.0
2009-03-23,0.1344047860630752,0.0
2009-03-24,-0.034840353752873934,0.0
2009-03-25,0.016395675393870233,0.0
2009-03-26,0.03440242373604986,0.0
2009-03-27,-0.030761945788441946,0.0
2009-03-30,-0.09355174783259969,0.0
2009-03-31,0.03696554273081895,0.0
2009-04-01,0.029731536119075974,0.8042935932047091
2009-04-02,0.05313317758338688,0.0
2009-04-03,0.0322365038820904,0.0
2009-04-06,-0.015473447170792527,0.0
2009-04-07,-0.03586536383885916,0.0
2009-04-08,0.018606569178063213,0.0
2009-04-09,0.10146722378110865,0.0
2009-04-13,0.02299947887600401,0.0
2009-04-14,-0.0404920817264277,0.0
2009-04-15,0.039200939643877164,0.0
2009-04-16,0.025253504358318492,0.0
2009-04-17,0.025282593213402163,0.0
2009-04-20,-0.09686704870917902,0.0
2009-04-21,0.0598710177817232,0.0
2009-04-22,-0.014144989265879145,0.0
2009-04-23,0.02488620513427526,0.0
2009-04-24,0.03522006252626127,0.0
2009-04-27,-0.036431489381976,0.0
2009-04-28,-0.002468560552030083,0.0
2009-04-29,0.037428171484808426,0.0
2009-04-30,-0.004399456251976999,0.0
2009-05-01,0.013703523941424933,0.7070827699401292
2009-05-04,0.25945209928699103,0.0
2009-05-05,0.0013190634615037377,0.0
2009-05-06,-0.10790729084519972,0.0
2009-05-07,-0.023144838194059793,0.0
2009-05-08,0.07973283594617996,0.0
2009-05-11,-0.05109435258587537,0.0
2009-05-12,-0.018767984936030657,0.0
2009-05-13,-0.06317311508345569,0.0
2009-05-14,0.21478522192243643,0.0
2009-05-15,-0.16709803376558366,0.0
2009-05-18,0.23680893002749154,0.0
2009-05-19,-0.0016567454255002802,0.0
2009-05-20,-0.15183120999746436,0.0
2009-05-21,-0.016496616798473425,0.0
2009-05-22,-0.008765770229860683,0.0
2009-05-26,0.03720178487302323,0.0
2009-05-27,-0.02524225297428461,0.0
2009-05-28,0.022574910469997895,0.0
2009-05-29,0.023573042570286872,0.0
2009-06-01,0.03345850495912761,1.7175913627639723
2009-06-02,2.033717942512286,0.0
2009-06-03,-0.6717328818941538,0.0
2009-06-04,0.006585760335535627,0.0
2009-06-05,0.003977641157024741,0.0
2009-06-08,2.0469827821602604,0.0
2009-06-09,-0.6694750712649099,0.0
2009-06-10,-0.007421057354064763,0.0
2009-06-11,0.00042034011604035826,0.0
2009-06-12,0.004127455408642462,0.0
2009-06-15,-0.026060852932733962,0.0
2009-06-16,-0.01361840470478086,0.0
2009-06-17,0.003847641504874286,0.0
2009-06-18,0.0037305081597925945,0.0
2009-06-19,0.004528824809603631,0.0
2009-06-22,-0.022646889402135585,0.0
2009-06-23,-0.004227169736765369,0.0
2009-06-24,0.008137446632807023,0.0
2009-06-25,0.022779715987504133,0.0
2009-06-26,0.0013478229033639477,0.0
2009-06-29,2.1600199917500165,0.0
2009-06-30,-0.6829871731701624,0.0
2009-07-01,0.005914461670906368,1.6486083883513198
2009-07-02,-0.03706689556388953,0.0
2009-07-06,1.5658836830294185,0.0
2009-07-07,-0.6219299796754478,0.0
2009-07-08,0.0008175289900573103,0.0
2009-07-09,0.008552241700669677,0.0
2009-07-10,-0.004734320617653982,0.0
2009-07-13,0.025106242616589454,0.0
2009-07-14,0.013045914443398091,0.0
2009-07-15,0.03602709434760734,0.0
2009-07-16,0.006178408055384213,0.0
2009-07-17,-0.001088214196519206,0.0
2009-07-20,0.02124915847714163,0.0
2009-07-21,-0.0027928316674312834,0.0
2009-07-22,0.001765860793382569,0.0
2009-07-23,0.028562515458669405,0.0
2009-07-24,1.5029658881590897,0.0
2009-07-27,-0.5939566045381195,0.0
2009-07-28,-0.0024525085435592457,0.0
2009-07-29,-0.01172964425115763,0.0
2009-07-30,0.019624728441400736,0.0
2009-07-31,0.00423214065471348,0.0
2009-08-03,0.02725915017176961,1.5795636701607108
2009-08-04,0.0066914390745406475,0.0
2009-08-05,-0.0011649163586045105,0.0
2009-08-06,-0.0019344135203369797,0.0
2009-08-07,0.019160559277492675,0.0
2009-08-10,-0.0027762039673244303,0.0
2009-08-11,-0.010995836171056886,0.0
2009-08-12,0.010148999040652164,0.0
2009-08-13,0.006444705723660678,0.0
2009-08-14,-0.00802891325926237,0.0
2009-08-17,-0.020160994508782993,0.0
2009-08-18,1.6444594871844722,0.0
2009-08-19,-0.615560279985616,0.0
2009-08-20,0.012815457068622003,0.0
2009-08-21,0.018594646846592747,0.0
2009-08-24,-0.00023791016876440125,0.0
2009-08-25,0.003841583569599629,0.0
2009-08-26,0.005301650215748806,0.0
2009-08-27,0.011130714388190854,0.0
2009-08-28,-2.9916468481400215e-05,0.0
2009-08-31,-0.010444730622098351,0.0
2009-09-01,-0.02354941849855141,1.371690088839443
2009-09-02,-0.0005246027156295462,0.0
2009-09-03,1.2946582830864855,0.0
2009-09-04,-0.5556167317143873,0.0
2009-09-08,0.012211442934874122,0.0
2009-09-09,0.006809868149181768,0.0
2009-09-10,0.010100287485951466,0.0
2009-09-11,0.002030464492347594,0.0
2009-09-14,0.006596387132796595,0.0
2009-09-15,1.211721046440716,0.0
2009-09-16,-0.5372388187729906,0.0
2009-09-17,1.2663060668145059,0.0
2009-09-18,-0.5610266082152792,0.0
2009-09-21,1.2947297066330477,0.0
2009-09-22,-0.5620622683947594,0.0
2009-09-23,-0.013091137892021855,0.0
2009-09-24,-0.011297902349756323,0.0
2009-09-25,-0.00431179094944791,0.0
2009-09-28,0.016180382366602804,0.0
2009-09-29,0.07069392914627701,0.0
2009-09-30,-0.06793378886112353,0.0
2009-10-01,1.3673693646030962,1.767278591394395
2009-10-02,-0.017465002132821178,0.0
2009-10-05,0.026465416693750198,0.0
2009-10-06,0.004666143977130964,0.0
2009-10-07,0.0019111741243990964,0.0
2009-10-08,0.011322039456889445,0.0
2009-10-09,0.008038292420633034,0.0
2009-10-12,0.004096774543104767,0.0
2009-10-13,-0.0017644753584499153,0.0
2009-10-14,0.02245221850708704,0.0
2009-10-15,0.004362018753118534,0.0
2009-10-16,-0.004027346632586571,0.0
2009-10-19,0.003752726254057637,0.0
2009-10-20,-0.007643603864585166,0.0
2009-10-21,-0.011089210899381207,0.0
2009-10-22,0.022048246531920522,0.0
2009-10-23,-0.020652807870547407,0.0
2009-10-26,-0.007811734350160752,0.0
2009-10-27,-0.01427657401484893,0.0
2009-10-28,-0.020391168042475823,0.0
2009-10-29,0.01959012056740965,0.0
2009-10-30,-0.03157365391594275,0.0
2009-11-02,0.003956498109193074,1.4614119999636017
2009-11-03,1.3866566794122832,0.0
2009-11-04,0.006148180142242934,0.0
2009-11-05,-0.5709262701071917,0.0
2009-11-06,1.298754720244979,0.0
2009-11-09,-0.550448601463796,0.0
2009-11-10,-0.010762426828180661,0.0
2009-11-11,0.012013442463387652,0.0
2009-11-12,1.2921028920082585,0.0
2009-11-13,-0.014029876506356922,0.0
2009-11-16,0.01721515830781658,0.0
2009-11-17,-0.007141964022889253,0.0
2009-11-18,0.008286685932627815,0.0
2009-11-19,-0.020304947402698025,0.0
2009-11-20,-0.006782778434703332,0.0
2009-11-23,0.005940250517596085,0.0
2009-11-24,-0.04450916136776444,0.0
2009-11-25,0.004752625075285344,0.0
2009-11-27,-0.5448989446973496,0.0
2009-11-30,0.004156923543438741,0.0
2009-12-01,1.212799881196783,1.6455327323062021
2009-12-02,0.0013416225408063127,0.0
2009-12-03,-0.01120932687613892,0.0
2009-12-04,0.016880455472805075,0.0
2009-12-07,-0.00036522562150863725,0.0
2009-12-08,-0.016379295447973344,0.0
2009-12-09,0.0017135151716690105,0.0
2009-12-10,0.013331289397455525,0.0
2009-12-11,0.005914467409429679,0.0
2009-12-14,0.012209758228150019,0.0
2009-12-15,-0.004659007985832233,0.0
2009-12-16,0.008078477276369829,0.0
2009-12-17,-0.01161428514582429,0.0
2009-12-18,-0.01706255699128307,0.0
2009-12-21,0.003197906016340378,0.0
2009-12-22,0.01760674973126214,0.0
2009-12-23,0.00592081742923512,0.0
2009-12-24,0.005234020068496987,0.0
2009-12-28,-0.011296933703768523,0.0
2009-12-29,-0.0017742065482249383,0.0
2009-12-30,1.562909957548769e-05,0.0
2009-12-31,-0.009898938443676283,0.0
2010-01-04,0.0173193057716432,1.537095416224799
2010-01-05,0.009530600841045761,0.0
2010-01-06,1.6284328114686142,0.0
2010-01-07,-0.6141952257483728,0.0
2010-01-08,1.6196640188623548,0.0
2010-01-11,-0.6153105300951078,0.0
2010-01-12,-0.010737333963612681,0.0
2010-01-13,0.008972061511135835,0.0
2010-01-14,0.0028936656931898377,0.0
2010-01-15,-0.01161480111424524,0.0
2010-01-19,1.6187851219993743,0.0
2010-01-20,-0.6172896167808575,0.0
2010-01-21,1.5874682596848964,0.0
2010-01-22,-0.630267403552425,0.0
2010-01-25,0.003967299597707209,0.0
2010-01-26,-0.005628495834545881,0.0
2010-01-27,0.0043328223385018195,0.0
2010-01-28,-0.01018870852247556,0.0
2010-01-29,0.06368805835467453,0.0
2010-02-01,0.01721408981366901,1.3054604182818585
2010-02-02,0.016201103739782598,0.0
2010-02-03,-0.014842069244543798,0.0
2010-02-04,-0.04203468031780815,0.0
2010-02-05,0.004211795091198711,0.0
2010-02-08,-0.00697751961735853,0.0
2010-02-09,0.01817732195356663,0.0
2010-02-10,-0.0009663711996354842,0.0
2010-02-11,0.014862458302348433,0.0
2010-02-12,0.00266573830983761,0.0
2010-02-16,0.019443865476990348,0.0
2010-02-17,0.0041817333549962026,0.0
2010-02-18,0.004011788891548467,0.0
2010-02-19,0.0069161762987640625,0.0
2010-02-22,-0.0019448707763546867,0.0
2010-02-23,-0.0113515524189418,0.0
2010-02-24,0.002594910281275018,0.0
2010-02-25,0.0018267379764681018,0.0
2010-02-26,0.008403249872314396,0.0
2010-03-01,0.025872659320334224,0.9631467888292545
2010-03-02,0.005029010531931392,0.0
2010-03-03,0.002639672972174274,0.0
2010-03-04,0.006435865425253942,0.0
2010-03-05,0.020618825902330246,0.0
2010-03-08,0.003339000867781141,0.0
2010-03-09,0.003742028650501409,0.0
2010-03-10,0.00790736076715698,0.0
2010-03-11,0.003541053992355903,0.0
2010-03-12,-0.006998304607742626,0.0
2010-03-15,-0.00483626304440209,0.0
2010-03-16,0.014943941048047145,0.0
2010-03-17,0.011378649703832193,0.0
2010-03-18,-0.0054624686333484065,0.0
2010-03-19,-0.014192971449102705,0.0
2010-03-22,0.01251408493486346,0.0
2010-03-23,0.013085704127268128,0.0
2010-03-24,-0.0054327058631122825,0.0
2010-03-25,-0.0030377051829951593,0.0
2010-03-26,0.004063806951276881,0.0
2010-03-29,0.00736975485812447,0.0
2010-03-30,-0.002773219437336081,0.0
2010-03-31,-0.004542320420322827,0.0
2010-04-01,0.009694152468750383,0.3808221193848542
2010-04-05,0.01721383462679728,0.0
2010-04-06,0.0036668351549526868,0.0
2010-04-07,-0.006026109587431975,0.0
2010-04-08,0.002338081982048962,0.0
2010-04-09,0.006322861754588476,0.0
2010-04-12,0.0029177400384235554,0.0
2010-04-13,7.75868881232371e-05,0.0
2010-04-14,0.018775757636906143,0.0
2010-04-15,-0.0008892094696661861,0.0
2010-04-16,-0.021620878971346173,0.0
2010-04-19,0.00028864328203381486,0.0
2010-04-20,0.01362865561814322,0.0
2010-04-21,0.0038081963400334144,0.0
2010-04-22,0.0038639897398903686,0.0
2010-04-23,0.01084647207437926,0.0
2010-04-26,-0.00219635170180515,0.0
2010-04-27,-0.03342846581034093,0.0
2010-04-28,0.006668740576354317,0.0
2010-04-29,0.01435596257384698,0.0
2010-04-30,-0.02555672145058711,0.0
2010-05-03,0.017846038346088555,0.4622949488793816
2010-05-04,-0.03294706075209616,0.0
2010-05-05,-0.00917828981653843,0.0
2010-05-06,-0.03574900859090852,0.0
2010-05-07,-0.02360621734713616,0.0
2010-05-10,0.060273494459182064,0.0
2010-05-11,-0.0039058865714033074,0.0
2010-05-12,0.02362748513066657,0.0
2010-05-13,-0.015949960317940878,0.0
2010-05-14,-0.027456687707049458,0.0
2010-05-17,-0.0015450668977022488,0.0
2010-05-18,-0.01879812098974063,0.0
2010-05-19,-0.007989525582188819,0.0
2010-05-20,-0.04910474799197853,0.0
2010-05-21,0.026575673521936936,0.0
2010-05-24,-0.014543768042699691,0.0
2010-05-25,0.0032749615724507295,0.0
2010-05-26,-0.0006640760395080345,0.0
2010-05-27,0.04283572248182572,0.0
2010-05-28,-0.016022221133797213,0.0
2010-06-01,-0.030034564217010007,0.7461238633713743
2010-06-02,0.03086008382682006,0.0
2010-06-03,0.004488306390162395,0.0
2010-06-04,-0.04744292788979654,0.0
2010-06-07,-0.026736128532252473,0.0
2010-06-08,0.00931295344143191,0.0
2010-06-09,0.0012784482667733193,0.0
2010-06-10,0.04607907788588278,0.0
2010-06-11,0.007617538378799152,0.0
2010-06-14,0.0001568515009270287,0.0
2010-06-15,0.03167372307099462,0.0
2010-06-16,-0.005167934324752852,0.0
2010-06-17,-0.005805873892503185,0.0
2010-06-18,-0.0005006049023361002,0.0
2010-06-21,-0.002092332770093494,0.0
2010-06-22,-0.02450995078128709,0.0
2010-06-23,0.0009707648113635566,0.0
2010-06-24,-0.02388718707755917,0.0
2010-06-25,0.014317405645472552,0.0
2010-06-28,-0.010140366793699025,0.0
2010-06-29,-0.04736431904203617,0.0
2010-06-30,-0.014014447140569559,0.0
2010-07-01,-0.002276198115267025,0.48126452817370535
2010-07-02,-0.00911980604442593,0.0
2010-07-06,-0.0008894250481903908,0.0
2010-07-07,0.044038591706202404,0.0
2010-07-08,0.01248424836228249,0.0
2010-07-09,0.014186221043458059,0.0
2010-07-12,-0.006701535644140914,0.0
2010-07-13,0.025146824706862657,0.0
2010-07-14,-0.003304120308244395,0.0
2010-07-15,-0.002930145323637884,0.0
2010-07-16,-0.04070417966148306,0.0
2010-07-19,0.007496286734023671,0.0
2010-07-20,0.021123887029742675,0.0
2010-07-21,-0.013293311410348283,0.0
2010-07-22,0.03754181664568079,0.0
2010-07-23,0.01773046730258938,0.0
2010-07-26,0.016710449725572795,0.0
2010-07-27,-0.012259675073023368,0.0
2010-07-28,-0.011080854653455723,0.0
2010-07-29,-0.001157135069831094,0.0
2010-07-30,0.0007013790511954422,0.0
2010-08-02,0.028380824670933613,0.4963069664723964
2010-08-03,-0.01064699666469138,0.0
2010-08-04,0.008919477120682175,0.0
2010-08-05,-0.00048711199550210884,0.0
2010-08-06,-0.006646304362084956,0.0
2010-08-09,0.00792280628265863,0.0
2010-08-10,-0.014347950208492418,0.0
2010-08-11,-0.037885778434669705,0.0
2010-08-12,-0.006234423579274851,0.0
2010-08-13,-0.0026381256113261957,0.0
2010-08-16,-0.0015417288394104609,0.0
2010-08-17,0.017120555436621464,0.0
2010-08-18,0.006195853208245422,0.0
2010-08-19,-0.01721823279211593,0.0
2010-08-20,-0.0039303797221365315,0.0
2010-08-23,-0.009600942404739332,0.0
2010-08-24,-0.0184919510704035,0.0
2010-08-25,0.0042257213660497304,0.0
2010-08-26,-0.011077650274914055,0.0
2010-08-27,0.02710041582095759,0.0
2010-08-30,-0.017705807497823876,0.0
2010-08-31,-0.0028990047230121343,0.0
2010-09-01,0.041636558738813445,0.5841873954453196
2010-09-02,0.017080168846979105,0.0
2010-09-03,0.01877100739542594,0.0
2010-09-07,-0.02093885761686378,0.0
2010-09-08,0.009906606713954592,0.0
2010-09-09,0.0033206012018439095,0.0
2010-09-10,0.00602821877497219,0.0
2010-09-13,0.0200302919620588,0.0
2010-09-14,-0.005050854444704685,0.0
2010-09-15,-0.0006355585964889173,0.0
2010-09-16,-0.0025272496000863964,0.0
2010-09-17,0.0010407725475668076,0.0
2010-09-20,0.02312561978327693,0.0
2010-09-21,-0.008927147406048656,0.0
2010-09-22,-0.011662132228832108,0.0
2010-09-23,-0.010539311406636779,0.0
2010-09-24,0.029217235118121465,0.0
2010-09-27,-0.007239524856295478,0.0
2010-09-28,0.008690834730497246,0.0
2010-09-29,0.0011949423820814742,0.0
2010-09-30,-0.002617603561268657,0.0
2010-10-01,0.0055729432808488966,0.687589940402724
2010-10-04,-0.009265288865227815,0.0
2010-10-05,0.023682466000733246,0.0
2010-10-06,-0.0061732684137084035,0.0
2010-10-07,-0.0010703722483269573,0.0
2010-10-08,0.012863616305652968,0.0
2010-10-11,0.003726957174708269,0.0
2010-10-12,0.005246018583192706,0.0
2010-10-13,0.00833280884950038,0.0
2010-10-14,-0.010017606991331668,0.0
2010-10-15,-0.002750155612590215,0.0
2010-10-18,0.00372850159704119,0.0
2010-10-19,-0.017521641030510193,0.0
2010-10-20,0.011379355362369132,0.0
2010-10-21,-0.0019991152174102843,0.0
2010-10-22,0.005238396740216663,0.0
2010-10-25,0.004716139820492303,0.0
2010-10-26,-0.0017170879272079623,0.0
2010-10-27,-0.0011074300081563462,0.0
2010-10-28,-0.003192619410124658,0.0
2010-10-29,0.005020074376709842,0.0
2010-11-01,-0.0006211078584926755,0.6415741825715024
2010-11-02,0.011316267378347029,0.0
2010-11-03,0.004385566087597574,0.0
2010-11-04,0.025444799176901834,0.0
2010-11-05,0.007723161620900441,0.0
2010-11-08,0.00037696518970723337,0.0
2010-11-09,-0.02048732615947895,0.0
2010-11-10,0.00801151400574261,0.0
2010-11-11,-0.00113366522178576,0.0
2010-11-12,-0.016425555608508058,0.0
2010-11-15,-0.0028261361695705763,0.0
2010-11-16,-0.02036113087516855,0.0
2010-11-17,0.0007181225233179895,0.0
2010-11-18,0.014942704963458751,0.0
2010-11-19,0.0058642680077834655,0.0
2010-11-22,0.0025994260257177345,0.0
2010-11-23,-0.014121657457643651,0.0
2010-11-24,0.018512422430754315,0.0
2010-11-26,-0.006425536108845429,0.0
2010-11-29,-0.00059320417460879,0.0
2010-11-30,-0.0057053180979732086,0.0
2010-12-01,0.023215686827802395,0.616107073635139
2010-12-02,0.017730378189150853,0.0
2010-12-03,0.0041203269544464165,0.0
2010-12-06,0.001621893875784383,0.0
2010-12-07,0.00280102848956192,0.0
2010-12-08,0.007226775827414453,0.0
2010-12-09,0.00806430861870203,0.0
2010-12-10,0.010685304818927325,0.0
2010-12-13,-0.0038359322110208378,0.0
2010-12-14,-0.004140489804979649,0.0
2010-12-15,-0.006903014742808342,0.0
2010-12-16,0.008330037778946846,0.0
2010-12-17,0.00753202702502666,0.0
2010-12-20,-0.026997862777160278,0.0
2010-12-21,0.011377586622250134,0.0
2010-12-22,0.0034285928880375114,0.0
2010-12-23,-0.004480350940100216,0.0
2010-12-27,-0.0001657311666237511,0.0
2010-12-28,-0.0019608811229008876,0.0
2010-12-29,0.001717871808147163,0.0
2010-12-30,0.0004884444654939099,0.0
2010-12-31,-0.0006676302356918609,0.0
2011-01-03,0.015910105413347253,0.6088117325537111
2011-01-04,-0.0068986986792119905,0.0
2011-01-05,0.01029832363017225,0.0
2011-01-06,-0.0011627201763268376,0.0
2011-01-07,-0.001278933376076648,0.0
2011-01-10,-9.77568744526616e-05,0.0
2011-01-11,0.004618869654742279,0.0
2011-01-12,0.010538730674807519,0.0
2011-01-13,-0.010028665708972661,0.0
2011-01-14,0.00640928846910069,0.0
2011-01-18,0.003210078664860333,0.0
2011-01-19,-0.01789783397012506,0.0
2011-01-20,-0.004758653867363345,0.0
2011-01-21,-0.0007081442546510719,0.0
2011-01-24,0.006871478103578939,0.0
2011-01-25,-0.004172057346766261,0.0
2011-01-26,0.010911338497021309,0.0
2011-01-27,0.004749561998587543,0.0
2011-01-28,-0.02332289208770526,0.0
2011-01-31,0.008196257494977672,0.0
2011-02-01,0.018417143940572034,0.5242118436346073
2011-02-02,-0.0015958234982261456,0.0
2011-02-03,0.008103242371555332,0.0
2011-02-04,0.008115198458299566,0.0
2011-02-07,0.008901829739693945,0.0
2011-02-08,0.003530466339275259,0.0
2011-02-09,-0.0014834546508267186,0.0
2011-02-10,0.004210381369207872,0.0
2011-02-11,0.010755698750106079,0.0
2011-02-14,0.001997340768016774,0.0
2011-02-15,-0.00543663198945756,0.0
2011-02-16,0.013967642469173383,0.0
2011-02-17,0.006395704905035187,0.0
2011-02-18,-0.0007574856187212751,0.0
2011-02-22,-0.030434953986091133,0.0
2011-02-23,-0.013426034585084363,0.0
2011-02-24,-0.004555562259185469,0.0
2011-02-25,0.015452626086943776,0.0
2011-02-28,0.00011362056967796955,0.0
2011-03-01,-0.020017803810592816,0.6613100874611824
2011-03-02,0.005824402935761113,0.0
2011-03-03,0.018527083924974545,0.0
2011-03-04,-0.006535041379632373,0.0
2011-03-07,-0.014151098985391297,0.0
2011-03-08,0.008775823514529156,0.0
2011-03-09,-0.0052024913590735765,0.0
2011-03-10,-0.021004120562382055,0.0
2011-03-11,0.012663496357990897,0.0
2011-03-14,-0.006148325132703414,0.0
2011-03-15,-0.008137574289997843,0.0
2011-03-16,-0.016022808145171652,0.0
2011-03-17,0.008681602221921464,0.0
2011-03-18,0.004517416475530203,0.0
2011-03-21,0.016397488701912308,0.0
2011-03-22,-0.007517394017602978,0.0
2011-03-23,0.006687142473985537,0.0
2011-03-24,0.015271491924014327,0.0
2011-03-25,0.003619460184823572,0.0
2011-03-28,-0.00419444243874666,0.0
2011-03-29,0.007555707401209221,0.0
2011-03-30,0.009539306751912342,0.0
2011-03-31,-0.00230246321385684,0.0
2011-04-01,0.005920506381387414,0.6447659647552775
2011-04-04,-0.0019805503939012807,0.0
2011-04-05,0.003841483782236528,0.0
2011-04-06,0.0002720614611503528,0.0
2011-04-07,-0.002489471935781808,0.0
2011-04-08,-0.005267745210254293,0.0
2011-04-11,-0.007831362726611767,0.0
2011-04-12,-0.010774537622047574,0.0
2011-04-13,0.00363262711331228,0.0
2011-04-14,0.0007269027126372052,0.0
2011-04-15,0.0048947959600891475,0.0
2011-04-18,-0.011784330627020737,0.0
2011-04-19,0.0064146338096063935,0.0
2011-04-20,0.019759664671191068,0.0
2011-04-21,0.006602327917567064,0.0
2011-04-25,-0.002351095818148133,0.0
2011-04-26,0.0037626231220379003,0.0
2011-04-27,0.004263845580479415,0.0
2011-04-28,-0.0018205411129884107,0.0
2011-04-29,0.003113927609106046,0.0
2011-05-02,-0.0046148988842301675,0.4463696489878146
2011-05-03,-0.009460510941399521,0.0
2011-05-04,-0.008230953820580426,0.0
2011-05-05,-0.0027263054226809654,0.0
2011-05-06,0.0038285078344962894,0.0
2011-05-09,0.006062968420391604,0.0
2011-05-10,0.01057483308329359,0.0
2011-05-11,-0.013202174633408162,0.0
2011-05-12,0.0081255247464255,0.0
2011-05-13,-0.011009086434399261,0.0
2011-05-16,-0.008574746266513613,0.0
2011-05-17,-0.004375448381361719,0.0
2011-05-18,0.013667093837527086,0.0
2011-05-19,0.001068383874447271,0.0
2011-05-20,-0.008336530438676297,0.0
2011-05-23,-0.014531965511672327,0.0
2011-05-24,-0.010835473631289083,0.0
2011-05-25,0.00395950753216792,0.0
2011-05-26,0.00682228403971262,0.0
2011-05-27,0.007900260471404212,0.0
2011-05-31,0.008670372702793087,0.0
2011-06-01,-0.027761802683148096,0.523861864688685
2011-06-02,-0.00040148035089551513,0.0
2011-06-03,-0.015727051317530896,0.0
2011-06-06,-0.015425888089390775,0.0
2011-06-07,0.0028401787981401135,0.0
2011-06-08,-0.012682184778344032,0.0
2011-06-09,0.008247043120087276,0.0
2011-06-10,-0.016231413023533807,0.0
2011-06-13,-0.003563749671262414,0.0
2011-06-14,0.020445317571624592,0.0
2011-06-15,-0.0205070596774203,0.0
2011-06-16,-0.001981413051115499,0.0
2011-06-17,0.0021888114296228505,0.0
2011-06-20,0.008117301206661268,0.0
2011-06-21,0.022093278412274105,0.0
2011-06-22,-0.007284974746213846,0.0
2011-06-23,0.0021541583197325995,0.0
2011-06-24,-0.01446643113007852,0.0
2011-06-27,0.008744158549858147,0.0
2011-06-28,0.018094251509658196,0.0
2011-06-29,0.008200246019173883,0.0
2011-06-30,0.010461777116582204,0.0
2011-07-01,0.016840916065350653,0.6239786244034667
2011-07-05,-0.0026581376831745235,0.0
2011-07-06,-0.00018716961286689335,0.0
2011-07-07,0.015612765060053824,0.0
2011-07-08,-0.009045410473260494,0.0
2011-07-11,-0.024866113433087818,0.0
2011-07-12,-0.006819996964738223,0.0
2011-07-13,0.0029729615893614846,0.0
2011-07-14,-0.013166658013811412,0.0
2011-07-15,0.007850817177212446,0.0
2011-07-18,-0.012750112159928766,0.0
2011-07-19,0.020197665976224154,0.0
2011-07-20,0.00014571292240461373,0.0
2011-07-21,0.01251443828256503,0.0
2011-07-22,0.007650728439421243,0.0
2011-07-25,-0.008301369654756816,0.0
2011-07-26,0.0005583296573184945,0.0
2011-07-27,-0.031014698359545505,0.0
2011-07-28,-0.00943605558319835,0.0
2011-07-29,-0.004151775146998837,0.0
2011-08-01,-0.008770004356059347,0.5286035355301921
2011-08-02,-0.03853660824558434,0.0
2011-08-03,0.011015497966734069,0.0
2011-08-04,-0.0621316788752892,0.0
2011-08-05,-0.007587654254256591,0.0
2011-08-08,-0.08407937889240594,0.0
2011-08-09,0.05734433352270693,0.0
2011-08-10,-0.04484257065856388,0.0
2011-08-11,0.05638682928658528,0.0
2011-08-12,0.005939450801922885,0.0
2011-08-15,0.023458611734103192,0.0
2011-08-16,-0.015088415906610149,0.0
2011-08-17,-0.0067605031178208175,0.0
2011-08-18,-0.06019315621962296,0.0
2011-08-19,-0.017179248557715916,0.0
2011-08-22,0.0013996306989620079,0.0
2011-08-23,0.043021856999428135,0.0
2011-08-24,0.01370580735394451,0.0
2011-08-25,-0.01888955791462836,0.0
2011-08-26,0.023522070435008226,0.0
2011-08-29,0.039961469833890845,0.0
2011-08-30,0.006523827489420306,0.0
2011-08-31,0.0037154023467330724,0.0
2011-09-01,-0.016741795528312453,1.119481322851716
2011-09-02,-0.03832638862394164,0.0
2011-09-06,-0.01258265375939761,0.0
2011-09-07,0.049673867531049146,0.0
2011-09-08,-0.017324997888898117,0.0
2011-09-09,-0.03207843579813764,0.0
2011-09-12,0.00813830383062333,0.0
2011-09-13,0.015216654297382557,0.0
2011-09-14,0.017937134702238365,0.0
2011-09-15,0.022340574813083387,0.0
2011-09-16,0.0014891787149840885,0.0
2011-09-19,-0.01818104690508308,0.0
2011-09-20,-0.009105807760359581,0.0
2011-09-21,-0.04274466284473754,0.0
2011-09-22,-0.04414796987117649,0.0
2011-09-23,0.007769203766245153,0.0
2011-09-26,0.030031354562575552,0.0
2011-09-27,0.015362647070042177,0.0
2011-09-28,-0.03471601872488558,0.0
2011-09-29,0.010215778377835142,0.0
2011-09-30,-0.04023728846979589,0.0
2011-10-03,-0.048395264233141444,0.3087661313674547
2011-10-04,0.04349420872798735,0.0
2011-10-05,0.032128665470192525,0.0
2011-10-06,0.03393619389376034,0.0
2011-10-07,-0.023572513278671776,0.0
2011-10-10,0.048503206704098564,0.0
2011-10-11,0.004759983202318374,0.0
2011-10-12,0.018226210765427034,0.0
2011-10-13,-0.00615176167584353,0.0
2011-10-14,0.02281321057694709,0.0
2011-10-17,-0.035048510567239954,0.0
2011-10-18,0.0376314494792547,0.0
2011-10-19,-0.022921830307160176,0.0
2011-10-20,0.01017273278166729,0.0
2011-10-21,0.02737354803034272,0.0
2011-10-24,0.03071375867161817,0.0
2011-10-25,-0.03587806188837518,0.0
2011-10-26,0.02136527036432652,0.0
2011-10-27,0.06004204712900974,0.0
2011-10-28,0.010156394142758051,0.0
2011-10-31,-0.03970825276554542,0.0
2011-11-01,-0.041142152087404904,0.534758104024033
2011-11-02,0.025133797203187334,0.0
2011-11-03,0.02241514137492224,0.0
2011-11-04,-0.0008189043731986323,0.0
2011-11-07,0.0015398331780766285,0.0
2011-11-08,0.01592514664346093,0.0
2011-11-09,-0.0493622026969036,0.0
2011-11-10,0.007588455223257214,0.0
2011-11-11,0.02381603332236872,0.0
2011-11-14,-0.01387100665841119,0.0
2011-11-15,0.006644013893694554,0.0
2011-11-16,-0.01865501980018183,0.0
2011-11-17,-0.0260207895115133,0.0
2011-11-18,-0.0013330420587843684,0.0
2011-11-21,-0.020983580743459622,0.0
2011-11-22,-0.007698490949469703,0.0
2011-11-23,-0.030548374694042944,0.0
2011-11-25,-0.004041890400916447,0.0
2011-11-28,0.03905845817961742,0.0
2011-11-29,-0.0030581509506690165,0.0
2011-11-30,0.053963433735291014,0.0
2011-12-01,-0.002201989456518616,0.5978426354978603
2011-12-02,0.0008413711522107135,0.0
2011-12-05,0.017419245947732913,0.0
2011-12-06,-0.0037882314965485614,0.0
2011-12-07,0.0025740074103009396,0.0
2011-12-08,-0.030478083492820787,0.0
2011-12-09,0.02309633095497462,0.0
2011-12-12,-0.022438319423445246,0.0
2011-12-13,-0.02163755558116642,0.0
2011-12-14,-0.01787323921741122,0.0
2011-12-15,-0.01469283741236847,0.0
2011-12-16,0.005692325705284908,0.0
2011-12-19,-0.02185877494837618,0.0
2011-12-20,0.038720820235903314,0.0
2011-12-21,-0.008461864939274328,0.0
2011-12-22,0.017674814392623646,0.0
2011-12-23,0.0074999432213125345,0.0
2011-12-27,-0.0031076291963837454,0.0
2011-12-28,-0.01859814272145168,0.0
2011-12-29,0.014204485746441897,0.0
2011-12-30,-0.0026665141896406825,0.0
2012-01-03,0.02374691877534474,0.6702549518102507
2012-01-04,-0.0004202017288476678,0.0
2012-01-05,0.007605890634274538,0.0
2012-01-06,-0.002700979783412812,0.0
2012-01-09,0.005025944333769836,0.0
2012-01-10,0.015696306205612773,0.0
2012-01-11,0.004639840359053539,0.0
2012-01-12,0.0017021795039284132,0.0
2012-01-13,-0.00942936968800012,0.0
2012-01-17,0.0017751202628408058,0.0
2012-01-18,0.02248699557167253,0.0
2012-01-19,0.00980771187658126,0.0
2012-01-20,-0.001818786937564243,0.0
2012-01-23,0.0024223000652800436,0.0
2012-01-24,0.005375509528345292,0.0
2012-01-25,0.009766196189989897,0.0
2012-01-26,-0.011900409788448238,0.0
2012-01-27,0.004927829474270954,0.0
2012-01-30,-0.007266078317685181,0.0
2012-01-31,-0.0024614136786895602,0.0
2012-02-01,0.016958972535406014,0.6354129525743368
2012-02-02,0.004545551841134014,0.0
2012-02-03,0.026682502143109736,0.0
2012-02-06,-0.0012429945208362275,0.0
2012-02-07,0.0006484107476159957,0.0
2012-02-08,0.006321867891712321,0.0
2012-02-09,0.004534352179460599,0.0
2012-02-10,-0.012717980215506675,0.0
2012-02-13,0.005570953593064954,0.0
2012-02-14,-0.000967061281815629,0.0
2012-02-15,6.0562915922971914e-05,0.0
2012-02-16,0.017411926919564204,0.0
2012-02-17,0.0021824585173477887,0.0
2012-02-21,-0.0032000310484147235,0.0
2012-02-22,-0.009468563287917509,0.0
2012-02-23,0.009127486311246952,0.0
2012-02-24,0.000675134723701504,0.0
2012-02-27,0.0018762720707826228,0.0
2012-02-28,-0.0008176057685449523,0.0
2012-02-29,-0.00861454441061425,0.0
2012-03-01,0.006924004846861731,0.8369673599356127
2012-03-02,-0.007084403084277968,0.0
2012-03-05,-0.012965791606595877,0.0
2012-03-06,-0.022562882820238248,0.0
2012-03-07,0.011967217246904048,0.0
2012-03-08,0.016378409316212164,0.0
2012-03-09,0.0058713532324661455,0.0
2012-03-12,-0.006382841544932797,0.0
2012-03-13,0.024699742712229723,0.0
2012-03-14,-0.007220643433448529,0.0
2012-03-15,0.013611889484289262,0.0
2012-03-16,0.0039702830956254015,0.0
2012-03-19,0.004590935430400012,0.0
2012-03-20,-0.007839534536551122,0.0
2012-03-21,-0.0016649432242514552,0.0
2012-03-22,-0.014220247389437177,0.0
2012-03-23,0.004127623594217932,0.0
2012-03-26,0.013657741652293404,0.0
2012-03-27,-0.004513287769797649,0.0
2012-03-28,-0.01216864870861758,0.0
2012-03-29,-0.0008541678117454123,0.0
2012-03-30,0.003135325786450157,0.0
2012-04-02,0.009062698760605725,0.872552920060224
2012-04-03,-0.009595744807204237,0.0
2012-04-04,-0.014352285386047145,0.0
2012-04-05,-0.004509399123449761,0.0
2012-04-09,-0.015803344232457512,0.0
2012-04-10,-0.019518715641073412,0.0
2012-04-11,0.010078078473340756,0.0
2012-04-12,0.022613870711902906,0.0
2012-04-13,-0.017596521031438304,0.0
2012-04-16,-0.0041730532850424926,0.0
2012-04-17,0.01762952880896365,0.0
2012-04-18,-0.00807278790493893,0.0
2012-04-19,-0.0010357615364931514,0.0
2012-04-20,-0.002279012434759874,0.0
2012-04-23,-0.010601006979379114,0.0
2012-04-24,-0.0014446059434045613,0.0
2012-04-25,0.013693510372195135,0.0
2012-04-26,0.006674630962126707,0.0
2012-04-27,0.004415490907853485,0.0
2012-04-30,-0.0021661075352557113,0.0
2012-05-01,0.00021985186929218692,0.8004828797549774
2012-05-02,-0.002714195167066377,0.0
2012-05-03,-0.015051391631949098,0.0
2012-05-04,-0.02062546218779786,0.0
2012-05-07,-0.0017359104956287679,0.0
2012-05-08,-0.007925988850951917,0.0
2012-05-09,-0.0019187206767062404,0.0
2012-05-10,-0.0012694972583047583,0.0
2012-05-11,-0.004239291763782274,0.0
2012-05-14,-0.012866880002597164,0.0
2012-05-15,-0.010488899896349494,0.0
2012-05-16,-0.011994451403151678,0.0
2012-05-17,-0.01939228517074577,0.0
2012-05-18,-0.01063455526228882,0.0
2012-05-21,0.02259400892128583,0.0
2012-05-22,0.0007310849138399726,0.0
2012-05-23,0.006054203536464001,0.0
2012-05-24,-0.0027944013420893353,0.0
2012-05-25,0.0024172323034296122,0.0
2012-05-29,0.0138467567894917,0.0
2012-05-30,-0.02150395181257731,0.0
2012-05-31,-0.006218753140860641,0.0
2012-06-01,-0.02977627370629876,0.7126328364754173
2012-06-04,-0.003024100002089739,0.0
2012-06-05,0.014301782832833503,0.0
2012-06-06,0.02904447685331383,0.0
2012-06-07,-0.006678818330998865,0.0
2012-06-08,0.006524105987108736,0.0
2012-06-11,-0.02317070520447019,0.0
2012-06-12,0.01562996654689619,0.0
2012-06-13,-0.015038778616654525,0.0
2012-06-14,0.009607454363504284,0.0
2012-06-15,0.016612953461065262,0.0
2012-06-18,0.0028919600952622927,0.0
2012-06-19,0.017800448318951223,0.0
2012-06-20,0.0026185649447527867,0.0
2012-06-21,-0.031839186358778054,0.0
2012-06-22,0.011236883694052902,0.0
2012-06-25,-0.022250203683010096,0.0
2012-06-26,0.006229861428266977,0.0
2012-06-27,0.01344288058593112,0.0
2012-06-28,0.0004931599767059008,0.0
2012-06-29,0.03561719967594756,0.0
2012-07-02,0.0006587657744341335,0.6731269143957104
2012-07-03,0.012257841730559431,0.0
2012-07-05,-0.0016296625007325575,0.0
2012-07-06,-0.017218179579140076,0.0
2012-07-09,-0.009637138022244779,0.0
2012-07-10,-0.014173260262781966,0.0
2012-07-11,-0.0018256523518347942,0.0
2012-07-12,-0.006087120814760441,0.0
2012-07-13,0.01737706956757283,0.0
2012-07-16,-0.0068135925279775925,0.0
2012-07-17,0.008795871952194216,0.0
2012-07-18,0.011311752863808859,0.0
2012-07-19,0.010551734158990654,0.0
2012-07-20,-0.019173085774859617,0.0
2012-07-23,-0.013048696554933658,0.0
2012-07-24,-0.012435478204893893,0.0
2012-07-25,-0.0016745748017461004,0.0
2012-07-26,0.021757707841837445,0.0
2012-07-27,0.019605111930385406,0.0
2012-07-30,-0.0072849016888465535,0.0
2012-07-31,-0.007376635286963258,0.0
2012-08-01,-0.0067293722055543626,0.4911826006764655
2012-08-02,-0.007854684375997503,0.0
2012-08-03,0.027584688181638457,0.0
2012-08-06,0.010529973010229572,0.0
2012-08-07,0.015682105477990562,0.0
2012-08-08,0.0022273561072115255,0.0
2012-08-09,0.0047091831363548775,0.0
2012-08-10,0.0010644546803305665,0.0
2012-08-13,-0.002567358036723379,0.0
2012-08-14,-0.0042330862487172365,0.0
2012-08-15,0.007816314229414267,0.0
2012-08-16,0.015473809727224327,0.0
2012-08-17,0.0035739617721572466,0.0
2012-08-20,-0.00017736142778402566,0.0
2012-08-21,0.0003922096515943859,0.0
2012-08-22,-0.0003605308621745386,0.0
2012-08-23,-0.011218323112885857,0.0
2012-08-24,0.00467966922798012,0.0
2012-08-27,-0.004498497930200099,0.0
2012-08-28,0.0005038752405098262,0.0
2012-08-29,0.003055369202353111,0.0
2012-08-30,-0.01283820601891948,0.0
2012-08-31,0.005810766992617401,0.0
2012-09-04,-0.0029573798810114127,0.5699254427116395
2012-09-05,-0.00024028272683846883,0.0
2012-09-06,0.02727923781493173,0.0
2012-09-07,0.01248419515518856,0.0
2012-09-10,-0.005471471097405828,0.0
2012-09-11,0.009747784407377055,0.0
2012-09-12,0.006816149118310894,0.0
2012-09-13,0.014610843146278342,0.0
2012-09-14,0.01388765696969724,0.0
2012-09-17,-0.010978434565565685,0.0
2012-09-18,-0.005740011235779178,0.0
2012-09-19,0.003956558347555389,0.0
2012-09-20,-0.004425203676543418,0.0
2012-09-21,-0.002249690399180856,0.0
2012-09-24,-0.008906649508151732,0.0
2012-09-25,-0.018713694410130276,0.0
2012-09-26,-0.015703835173758535,0.0
2012-09-27,0.014387014195868809,0.0
2012-09-28,-0.006510017874683681,0.0
2012-10-01,0.001273802250439493,0.4473464477601387
2012-10-02,0.0022780434319261827,0.0
2012-10-03,-0.0004225859281595677,0.0
2012-10-04,0.011785269100251359,0.0
2012-10-05,-0.0002795082855503636,0.0
2012-10-08,-0.0020654401979884967,0.0
2012-10-09,-0.009540583768512254,0.0
2012-10-10,-0.009159011952994614,0.0
2012-10-11,0.008095606156913439,0.0
2012-10-12,-0.005938519848734917,0.0
2012-10-15,0.007842740555851489,0.0
2012-10-16,0.014715551464714769,0.0
2012-10-17,0.0041647613322203965,0.0
2012-10-18,-0.0004565843370359366,0.0
2012-10-19,-0.02321128926727642,0.0
2012-10-22,0.002066823696804332,0.0
2012-10-23,-0.011708740592417,0.0
2012-10-24,-0.00994657612768375,0.0
2012-10-25,0.003426597317953242,0.0
2012-10-26,0.0006359905067799992,0.0
2012-10-31,0.0004432329697218833,0.0
2012-11-01,0.02118421444310381,0.4218104116016427
2012-11-02,-0.010598604519870488,0.0
2012-11-05,0.007623689920615771,0.0
2012-11-06,0.011853761589445844,0.0
2012-11-07,-0.02341707894243535,0.0
2012-11-08,-0.01701415004435424,0.0
2012-11-09,0.00041958689726614306,0.0
2012-11-12,0.0019821826551401976,0.0
2012-11-13,-0.005014059526882331,0.0
2012-11-14,-0.013138538658008321,0.0
2012-11-15,0.0008577061333199989,0.0
2012-11-16,0.004889121757620907,0.0
2012-11-19,0.022772673560442318,0.0
2012-11-20,-0.0032604482568213415,0.0
2012-11-21,0.005946882584475311,0.0
2012-11-23,0.014788184180712836,0.0
2012-11-26,-0.0022532950773254345,0.0
2012-11-27,-0.005303494894546787,0.0
2012-11-28,0.011544121282778512,0.0
2012-11-29,0.005997439780275201,0.0
2012-11-30,-0.0007462854355561731,0.0
2012-12-03,-0.0054047057078452365,0.7528415245723162
2012-12-04,0.0017965418219010997,0.0
2012-12-05,0.0025241250323858877,0.0
2012-12-06,0.005175532888807613,0.0
2012-12-07,0.005111824169706101,0.0
2012-12-10,0.0037526292718975274,0.0
2012-12-11,0.00807190006740231,0.0
2012-12-12,0.0010389635041095743,0.0
2012-12-13,-0.0025999458970121913,0.0
2012-12-14,0.00011061797999715507,0.0
2012-12-17,0.013053323632809942,0.0
2012-12-18,0.017168438176389713,0.0
2012-12-19,-0.004214260561268672,0.0
2012-12-20,0.00507359411719647,0.0
2012-12-21,-0.010633200962491075,0.0
2012-12-24,-0.010748594723354741,0.0
2012-12-26,-0.0039540390962489215,0.0
2012-12-27,-0.0012513193785590906,0.0
2012-12-28,-0.010832879465791733,0.0
2012-12-31,0.015932733888987805,0.0
2013-01-02,0.02376339310397646,0.5181584612884249
2013-01-03,0.0005076045261972612,0.0
2013-01-04,0.008476994818196347,0.0
2013-01-07,-0.0017817380095057045,0.0
2013-01-08,-0.006432304413634529,0.0
2013-01-09,0.0016809641119027768,0.0
2013-01-10,0.007255705651020388,0.0
2013-01-11,-1.4849106456191457e-05,0.0
2013-01-14,-8.424958668427516e-05,0.0
2013-01-15,0.006180033453818191,0.0
2013-01-16,-0.001225978962781486,0.0
2013-01-17,0.009464951539146702,0.0
2013-01-18,0.003640479093046849,0.0
2013-01-22,0.006689577405385112,0.0
2013-01-23,-0.001561796358718537,0.0
2013-01-24,0.008333931676039522,0.0
2013-01-25,0.012012574740029789,0.0
2013-01-28,-0.003235847263876538,0.0
2013-01-29,0.002836696686815814,0.0
2013-01-30,-0.004712901813106091,0.0
2013-01-31,0.002963209632216631,0.0
2013-02-01,0.008411989648624552,0.49958644677797964
2013-02-04,-0.010820533320061077,0.0
2013-02-05,0.01038903146317733,0.0
2013-02-06,0.002520890895349551,0.0
2013-02-07,-0.011196452745732924,0.0
2013-02-08,0.005281222353350011,0.0
2013-02-11,0.0005627133012904477,0.0
2013-02-12,0.004445022707038432,0.0
2013-02-13,-0.0004550598423704807,0.0
2013-02-14,0.005116633834336056,0.0
2013-02-15,-0.0010577550202854878,0.0
2013-02-19,0.005327323388855026,0.0
2013-02-20,-0.020266382070595487,0.0
2013-02-21,-0.00939072020971936,0.0
2013-02-22,0.00944052742439819,0.0
2013-02-25,-0.02256395610692316,0.0
2013-02-26,0.00464663312462505,0.0
2013-02-27,0.014554870541883841,0.0
2013-02-28,-0.004017297179574284,0.0
2013-03-01,0.0012191595712860437,0.7534646851882946
2013-03-04,0.0024567777314677304,0.0
2013-03-05,0.01139833676079399,0.0
2013-03-06,0.004385073688704391,0.0
2013-03-07,0.005279134219734597,0.0
2013-03-08,0.008121651382795737,0.0
2013-03-11,0.001955855474738125,0.0
2013-03-12,-0.0007289422960105033,0.0
2013-03-13,0.0027738417278819483,0.0
2013-03-14,0.005398770417021416,0.0
2013-03-15,-0.0018809389082961995,0.0
2013-03-18,-0.004526605898947558,0.0
2013-03-19,-0.008368054127056185,0.0
2013-03-20,0.01031863866563705,0.0
2013-03-21,-0.010473468454418057,0.0
2013-03-22,0.0038160891138008333,0.0
2013-03-25,-0.0027572545286468062,0.0
2013-03-26,0.005512252093587744,0.0
2013-03-27,-0.0006296503845874325,0.0
2013-03-28,0.0038795322082495246,0.0
2013-04-01,-0.010229365472384289,0.5993086334025123
2013-04-02,-0.0021437479746274106,0.0
2013-04-03,-0.012209780347550105,0.0
2013-04-04,0.004814420745224931,0.0
2013-04-05,-0.0033142856110078187,0.0
2013-04-08,0.009637177249347702,0.0
2013-04-09,0.007156861187492529,0.0
2013-04-10,0.012500612253772397,0.0
2013-04-11,0.004679539612360702,0.0
2013-04-12,-0.005364309390011722,0.0
2013-04-15,-0.03146053109528329,0.0
2013-04-16,0.01618420834502179,0.0
2013-04-17,-0.018893220436129274,0.0
2013-04-18,-0.006251971900677192,0.0
2013-04-19,0.008807340414025566,0.0
2013-04-22,0.004501893882635955,0.0
2013-04-23,0.01660771887699891,0.0
2013-04-24,0.00396014881965984,0.0
2013-04-25,0.008857311609154992,0.0
2013-04-26,-0.006307936304916124,0.0
2013-04-29,0.008189419634607209,0.0
2013-04-30,0.002313159989954735,0.0
2013-05-01,-0.01048550962674144,0.7224813715015271
2013-05-02,0.01418688804328741,0.0
2013-05-03,0.016978791325631383,0.0
2013-05-06,0.00397174198659179,0.0
2013-05-07,0.003955989546042487,0.0
2013-05-08,0.010166910540074663,0.0
2013-05-09,-0.0015176927095329083,0.0
2013-05-10,0.008790517526079122,0.0
2013-05-13,-0.002695714247810042,0.0
2013-05-14,0.012198832339685585,0.0
2013-05-15,0.003419029602242061,0.0
2013-05-16,-0.007362888413757295,0.0
2013-05-17,0.01353635615272392,0.0
2013-05-20,0.0024673878222724157,0.0
2013-05-21,-0.0002722546932091873,0.0
2013-05-22,-0.013357109686464558,0.0
2013-05-23,0.001546387920767309,0.0
2013-05-24,-0.003785846087588777,0.0
2013-05-28,0.008154201514534887,0.0
2013-05-29,-0.010950880770050046,0.0
2013-05-30,0.0052780366489487834,0.0
2013-05-31,-0.01355323065194803,0.0
2013-06-03,-0.0010420169056138961,0.6318196333448474
2013-06-04,-0.007998143012023897,0.0
2013-06-05,-0.012470645097321917,0.0
2013-06-06,0.0120146669847185,0.0
2013-06-07,0.005960248353838303,0.0
2013-06-10,-0.001316410577619513,0.0
2013-06-11,-0.012718917034523207,0.0
2013-06-12,-0.011211397969367733,0.0
2013-06-13,0.0206413484791014,0.0
2013-06-14,-0.005510358268152718,0.0
2013-06-17,0.008871585767149116,0.0
2013-06-18,0.00808151864569873,0.0
2013-06-19,-0.01552609648875758,0.0
2013-06-20,-0.029179057423800364,0.0
2013-06-21,-0.0005714202884582029,0.0
2013-06-24,-0.0140429320948222,0.0
2013-06-25,0.01181876756926726,0.0
2013-06-26,0.008156146263942468,0.0
2013-06-27,0.011432074170509725,0.0
2013-06-28,-0.009915359811906482,0.0
2013-07-01,0.007732236592598252,0.6224878715186133
2013-07-02,-0.002732908036621472,0.0
2013-07-03,-0.0014451870334190905,0.0
2013-07-05,0.008672102076729724,0.0
2013-07-08,0.0030110467849701786,0.0
2013-07-09,0.011985839407979674,0.0
2013-07-10,0.0003551508125543411,0.0
2013-07-11,0.02146852069772992,0.0
2013-07-12,0.0036138422448665133,0.0
2013-07-15,3.974461870289776e-05,0.0
2013-07-16,-0.005166127637849111,0.0
2013-07-17,0.003067228932936236,0.0
2013-07-18,0.0068628448588132895,0.0
2013-07-19,0.0030826094168855374,0.0
2013-07-22,0.0014612796947592807,0.0
2013-07-23,-0.001239563484409579,0.0
2013-07-24,-0.009086333428113666,0.0
2013-07-25,0.008509389174347137,0.0
2013-07-26,-0.00040030245952893937,0.0
2013-07-29,-0.004373420119173849,0.0
2013-07-30,0.0030182396626455134,0.0
2013-07-31,0.0015698572200577823,0.0
2013-08-01,0.015920143781374296,0.8020790267630187
2013-08-02,0.0013416887551708544,0.0
2013-08-05,0.0008390311289341356,0.0
2013-08-06,-0.007003555390136838,0.0
2013-08-07,-0.006996472920559658,0.0
2013-08-08,0.00810908577519659,0.0
2013-08-09,0.000639994172028448,0.0
2013-08-12,-0.0015850724065735308,0.0
2013-08-13,-0.00036193214331881887,0.0
2013-08-14,-0.0027553791615430217,0.0
2013-08-15,-0.015350906555553502,0.0
2013-08-16,-0.0056566537015646165,0.0
2013-08-19,-0.011290021045104615,0.0
2013-08-20,0.01189508327681921,0.0
2013-08-21,-0.006386029736915549,0.0
2013-08-22,0.012179445120547645,0.0
2013-08-23,0.0048035754145858735,0.0
2013-08-26,-0.002689374322031924,0.0
2013-08-27,-0.019753155354998837,0.0
2013-08-28,0.0021950666022768576,0.0
2013-08-29,0.002710409611188105,0.0
2013-08-30,-0.0049815092428238325,0.0
2013-09-03,0.005267041946591666,0.967578053229655
2013-09-04,0.012713417448696869,0.0
2013-09-05,0.0034676723110872464,0.0
2013-09-06,0.0006039414957781448,0.0
2013-09-09,0.014909951362919005,0.0
2013-09-10,0.007834995206070606,0.0
2013-09-11,0.0024860077528956245,0.0
2013-09-12,-0.006009957935963171,0.0
2013-09-13,0.0028130481768751225,0.0
2013-09-16,0.00817248540153287,0.0
2013-09-17,0.005911961516048558,0.0
2013-09-18,0.011791638584066386,0.0
2013-09-19,-0.0043149900859063796,0.0
2013-09-20,-0.009394994964243819,0.0
2013-09-23,-0.009648358351911183,0.0
2013-09-24,0.0022165911448580942,0.0
2013-09-25,-0.0013885114707944425,0.0
2013-09-26,0.0026038208204421298,0.0
2013-09-27,-0.0050281668704421755,0.0
2013-09-30,-0.004536772302204256,0.0
2013-10-01,0.010045180583962088,0.7062050024943313
2013-10-02,0.001997118476986736,0.0
2013-10-03,-0.008650383310173598,0.0
2013-10-04,0.008035901519686497,0.0
2013-10-07,-0.010648221236423287,0.0
2013-10-08,-0.015799905452574085,0.0
2013-10-09,0.0017490724450783804,0.0
2013-10-10,0.02184041841537884,0.0
2013-10-11,0.006214081002669198,0.0
2013-10-14,0.0037344071051281743,0.0
2013-10-15,-0.008506360126657982,0.0
2013-10-16,0.015342807016696785,0.0
2013-10-17,0.00895638643077494,0.0
2013-10-18,0.0053640403335312,0.0
2013-10-21,-0.0006246729598499785,0.0
2013-10-22,0.005070626172087803,0.0
2013-10-23,-0.007019573021930004,0.0
2013-10-24,0.003458820374347543,0.0
2013-10-25,0.00397552112643614,0.0
2013-10-28,0.0005327167690559454,0.0
2013-10-29,0.0066729477970598975,0.0
2013-10-30,-0.004790531225383941,0.0
2013-10-31,-0.0035688476350476317,0.0
2013-11-01,0.006414785423421332,0.7817815405585441
2013-11-04,0.008040092958858196,0.0
2013-11-05,-0.0029548034654431985,0.0
2013-11-06,-0.0010614068457136254,0.0
2013-11-07,-0.014178654803875462,0.0
2013-11-08,0.015330789464572704,0.0
2013-11-11,0.0034517221212105363,0.0
2013-11-12,-0.0009641871513355166,0.0
2013-11-13,0.010702219500137637,0.0
2013-11-14,0.0025677523016008723,0.0
2013-11-15,0.005508417644678926,0.0
2013-11-18,-0.008235504221475112,0.0
2013-11-19,-0.004131791069762811,0.0
2013-11-20,-0.0011125317926838631,0.0
2013-11-21,0.009732006143697559,0.0
2013-11-22,0.004509916830893445,0.0
2013-11-25,-0.0024381203039839385,0.0
2013-11-26,0.0008120527452443023,0.0
2013-11-27,0.005701497010835662,0.0
2013-11-29,-0.00933359572582234,0.0
2013-12-02,-0.0030852008732071834,0.7518379349655153
2013-12-03,-0.0022711412981884192,0.0
2013-12-04,-0.006906364111444257,0.0
2013-12-05,-0.005087802238258856,0.0
2013-12-06,0.008389138906792094,0.0
2013-12-09,0.0012772509323820216,0.0
2013-12-10,-0.0018033659745555729,0.0
2013-12-11,-0.01533942388076248,0.0
2013-12-12,-0.0020274874277076476,0.0
2013-12-13,0.0033149580457471984,0.0
2013-12-16,0.006539154694048434,0.0
2013-12-17,0.0007682505198697519,0.0
2013-12-18,0.011502779017646774,0.0
2013-12-19,-0.014647117394001688,0.0
2013-12-20,0.007491467199281043,0.0
2013-12-23,0.005629975463437195,0.0
2013-12-24,0.004156214176024553,0.0
2013-12-26,0.004183063177057026,0.0
2013-12-27,0.00048644736016645594,0.0
2013-12-30,0.0006743076331490229,0.0
2013-12-31,0.002875495034846967,0.0
2014-01-02,-0.008009568634176678,0.6041323289638006
2014-01-03,0.0006599618872789106,0.0
2014-01-06,-0.005087811388082489,0.0
2014-01-07,0.007746284532625539,0.0
2014-01-08,0.00296875476075928,0.0
2014-01-09,0.002323425111653111,0.0
2014-01-10,0.004542098411554451,0.0
2014-01-13,-0.01639244944273338,0.0
2014-01-14,0.013331008914752796,0.0
2014-01-15,0.0032286082190232193,0.0
2014-01-16,-0.0022899171762379086,0.0
2014-01-17,-0.0036143897046634513,0.0
2014-01-21,0.0019547694794062017,0.0
2014-01-22,0.0040128125627219196,0.0
2014-01-23,-0.008536672361894083,0.0
2014-01-24,-0.023783872636645848,0.0
2014-01-27,-0.0058147292332064796,0.0
2014-01-28,0.008801201405143209,0.0
2014-01-29,-0.011260728754963,0.0
2014-01-30,0.01442448304823003,0.0
2014-01-31,-0.007054566758125924,0.0
2014-02-03,-0.025625384234121418,0.6043330666291286
2014-02-04,0.010708057946352635,0.0
2014-02-05,-0.002194813342655851,0.0
2014-02-06,0.01768168227292498,0.0
2014-02-07,0.011989970616187486,0.0
2014-02-10,0.0032257618552969207,0.0
2014-02-11,0.01045576192577401,0.0
2014-02-12,0.0030204102565815436,0.0
2014-02-13,0.006521603700078669,0.0
2014-02-14,0.004640027208774414,0.0
2014-02-18,0.0028991080898836934,0.0
2014-02-19,-0.0037218203711305528,0.0
2014-02-20,0.008242289817002514,0.0
2014-02-21,-0.0001225361018284845,0.0
2014-02-24,0.006785539023173534,0.0
2014-02-25,-0.0003713369134187276,0.0
2014-02-26,0.0024071905990507153,0.0
2014-02-27,0.0051385369369692626,0.0
2014-02-28,0.0012666795568979149,0.0
2014-03-03,-0.00741771261096702,0.6207893274495511
2014-03-04,0.015185088089945413,0.0
2014-03-05,-0.0002300316338385318,0.0
2014-03-06,0.00313987570648272,0.0
2014-03-07,-0.0003598254832795088,0.0
2014-03-10,-0.0034856219253326668,0.0
2014-03-11,-0.005989259823693114,0.0
2014-03-12,0.0015815452956992253,0.0
2014-03-13,-0.020929747829113346,0.0
2014-03-14,0.0012027622556272863,0.0
2014-03-17,0.00858108161005308,0.0
2014-03-18,0.009276869859791507,0.0
2014-03-19,-0.003301874541242477,0.0
2014-03-20,0.004935311109338974,0.0
2014-03-21,-0.002204817292318548,0.0
2014-03-24,-0.008585843286138768,0.0
2014-03-25,0.0014723042313941948,0.0
2014-03-26,-0.007618807065565088,0.0
2014-03-27,-0.003228373856989925,0.0
2014-03-28,0.007693309449714426,0.0
2014-03-31,0.009437250782457943,0.0
2014-04-01,0.011137346334394449,0.5325964059724905
2014-04-02,-0.0022767984926535196,0.0
2014-04-03,-0.004866198608944043,0.0
2014-04-04,-0.01581850271134716,0.0
2014-04-07,-0.015593221426175195,0.0
2014-04-08,0.007693750163489594,0.0
2014-04-09,0.010931639969971492,0.0
2014-04-10,-0.024370807539871635,0.0
2014-04-11,-0.014140169962253243,0.0
2014-04-14,0.010229007918684072,0.0
2014-04-15,0.004755621416941522,0.0
2014-04-16,0.011780540864541552,0.0
2014-04-17,0.002488543089967552,0.0
2014-04-21,0.004005398173196668,0.0
2014-04-22,0.006541747158332634,0.0
2014-04-23,-0.012504981431623107,0.0
2014-04-24,0.0030304278051614293,0.0
2014-04-25,-0.012480547133905836,0.0
2014-04-28,-0.0022721665092616714,0.0
2014-04-29,0.005574838463703205,0.0
2014-04-30,0.006579387590365353,0.0
2014-05-01,-0.00015519796094010108,0.4699003029261122
2014-05-02,0.0024025636453320716,0.0
2014-05-05,-0.0006851137712771864,0.0
2014-05-06,-0.012127560433358948,0.0
2014-05-07,-0.0008821929168924981,0.0
2014-05-08,-0.0007045057615972181,0.0
2014-05-09,0.0037227608488021547,0.0
2014-05-12,0.01619858845020234,0.0
2014-05-13,-0.001156137140208585,0.0
2014-05-14,-0.008852558159834645,0.0
2014-05-15,-0.008705883176935773,0.0
2014-05-16,0.003949071164062721,0.0
2014-05-19,0.0061310134104227,0.0
2014-05-20,-0.008620209544827648,0.0
2014-05-21,0.00934787444219486,0.0
2014-05-22,0.004653655103381296,0.0
2014-05-23,0.008086371518389994,0.0
2014-05-27,0.006155288697883515,0.0
2014-05-28,2.7302594533440915e-05,0.0
2014-05-29,0.0064391777392753145,0.0
2014-05-30,-0.0007231729759720493,0.0
2014-06-02,0.0009952348363171382,0.7332611744722561
2014-06-03,-0.00011380420658368631,0.0
2014-06-04,0.004883500213930997,0.0
2014-06-05,0.007005633886607748,0.0
2014-06-06,0.0059412435248606035,0.0
2014-06-09,0.0002303175825220476,0.0
2014-06-10,-0.0018170253591848133,0.0
2014-06-11,-0.0015403977178914128,0.0
2014-06-12,-0.0070061103854179175,0.0
2014-06-13,0.0036021241995618366,0.0
2014-06-16,0.0013886492002263204,0.0
2014-06-17,0.005661007955806563,0.0
2014-06-18,0.006748375642762148,0.0
2014-06-19,-0.0015314332732707897,0.0
2014-06-20,0.0035387343716249135,0.0
2014-06-23,-0.0003742359589250588,0.0
2014-06-24,-0.007961771240712888,0.0
2014-06-25,0.0032257231991528242,0.0
2014-06-26,0.0005072194288569658,0.0
2014-06-27,0.003251469037182669,0.0
2014-06-30,0.0007273892116360682,0.0
2014-07-01,0.008539985965813734,0.4610954516942851
2014-07-02,0.0029401848200640776,0.0
2014-07-03,0.007778554819021776,0.0
2014-07-07,-0.007186466698135524,0.0
2014-07-08,-0.010296807561173824,0.0
2014-07-09,0.006251195599404078,0.0
2014-07-10,-0.004097689912626426,0.0
2014-07-11,0.00268605717715745,0.0
2014-07-14,0.0041320953441941,0.0
2014-07-15,-0.004374296976687524,0.0
2014-07-16,0.0016086420661062537,0.0
2014-07-17,-0.010211230039008288,0.0
2014-07-18,0.011608956918337451,0.0
2014-07-21,-0.0028416354667921222,0.0
2014-07-22,0.007719156867809048,0.0
2014-07-23,0.0003917847593230706,0.0
2014-07-24,0.0012700193592253338,0.0
2014-07-25,-0.0038446411084248977,0.0
2014-07-28,0.0013080370871328077,0.0
2014-07-29,-0.0027011118775678187,0.0
2014-07-30,0.002960959194966197,0.0
2014-07-31,-0.01925968771850427,0.0
2014-08-01,-0.0022547819926228563,0.6390360648456015
2014-08-04,0.008168459793000151,0.0
2014-08-05,-0.005678786541936482,0.0
2014-08-06,0.0006348404110058576,0.0
2014-08-07,-0.007971296506814808,0.0
2014-08-08,0.013186969423145763,0.0
2014-08-11,0.004155177047075903,0.0
2014-08-12,-0.0034819237104948453,0.0
2014-08-13,0.005382823905244985,0.0
2014-08-14,-0.0010362972461243482,0.0
2014-08-15,0.0011813025232488125,0.0
2014-08-18,0.010015855527165008,0.0
2014-08-19,0.00686380402534259,0.0
2014-08-20,0.003184897428208211,0.0
2014-08-21,0.0008670279103976082,0.0
2014-08-22,0.0010639606468004267,0.0
2014-08-25,0.0026594262263567262,0.0
2014-08-26,0.0011625932111695826,0.0
2014-08-27,0.00034380076077797833,0.0
2014-08-28,-0.0010375135485915484,0.0
2014-08-29,0.0036206363586159017,0.0
2014-09-02,-0.0020895346111737823,0.6186840531623365
2014-09-03,-0.0007152186999633064,0.0
2014-09-04,-0.0014815774817254043,0.0
2014-09-05,0.004097140061698799,0.0
2014-09-08,-0.003235137429670132,0.0
2014-09-09,-0.007537134938061572,0.0
2014-09-10,0.002684507983030551,0.0
2014-09-11,0.002851615710519712,0.0
2014-09-12,-0.007195875411255074,0.0
2014-09-15,-0.003047994012877901,0.0
2014-09-16,0.00657201928098054,0.0
2014-09-17,-0.0007246928911427359,0.0
2014-09-18,0.0035118379081151303,0.0
2014-09-19,-0.004278076127687653,0.0
2014-09-22,-0.01718655070184959,0.0
2014-09-23,-0.006676724665656336,0.0
2014-09-24,0.007366843145977098,0.0
2014-09-25,-0.015766680539896206,0.0
2014-09-26,0.0062442490352786215,0.0
2014-09-29,-0.0012846684550627927,0.0
2014-09-30,-0.004926106856345191,0.0
2014-10-01,-0.014846039686210122,0.48876134460166326
2014-10-02,0.0012042650148214522,0.0
2014-10-03,0.008388376083985261,0.0
2014-10-06,-0.0033285734070536356,0.0
2014-10-07,-0.017905179138447087,0.0
2014-10-08,0.01665287682564265,0.0
2014-10-09,-0.026109165762886313,0.0
2014-10-10,-0.014535808521589137,0.0
2014-10-13,-0.02032830756459942,0.0
2014-10-14,0.008563068204053288,0.0
2014-10-15,0.0014237553224962732,0.0
2014-10-16,0.005512744033097123,0.0
2014-10-17,0.010681459956601674,0.0
2014-10-20,0.010875986734203296,0.0
2014-10-21,0.024628870949800978,0.0
2014-10-22,-0.0112678772424415,0.0
2014-10-23,0.014844394681269224,0.0
2014-10-24,0.0046142944355943025,0.0
2014-10-27,-0.004176692733437631,0.0
2014-10-28,0.016473119131412015,0.0
2014-10-29,-0.003574076088481333,0.0
2014-10-30,0.004377600141172532,0.0
2014-10-31,0.013188297381797711,0.0
2014-11-03,-0.0012473787138282955,0.8309128720657738
2014-11-04,-0.012284407974929967,0.0
2014-11-05,0.010173722043397396,0.0
2014-11-06,0.005820145981157975,0.0
2014-11-07,0.002456961904681882,0.0
2014-11-10,-0.0009639289891949499,0.0
2014-11-11,0.0010906506816188728,0.0
2014-11-12,-6.886908996957936e-05,0.0
2014-11-13,-0.005687625967955284,0.0
2014-11-14,0.005079169342972693,0.0
2014-11-17,-0.0030403457837681943,0.0
2014-11-18,0.0065460070045825,0.0
2014-11-19,-0.0025508727558858236,0.0
2014-11-20,0.00808226271080157,0.0
2014-11-21,0.006538965382976873,0.0
2014-11-24,0.003937526283317865,0.0
2014-11-25,-0.002746357434184895,0.0
2014-11-26,-0.00026715314571281433,0.0
2014-11-28,-0.014997242619215064,0.0
2014-12-01,-0.012052749280947794,0.539571595872291
2014-12-02,0.007212082797469564,0.0
2014-12-03,0.012682829342903552,0.0
2014-12-04,-0.005372095220495322,0.0
2014-12-05,-0.001504287100633822,0.0
2014-12-08,-0.023019037578271104,0.0
2014-12-09,0.007254973239367832,0.0
2014-12-10,-0.025904333766640517,0.0
2014-12-11,0.00231538008500118,0.0
2014-12-12,-0.018479957308353875,0.0
2014-12-15,-0.007449851019717245,0.0
2014-12-16,-0.004293407999876897,0.0
2014-12-17,0.028283340283200134,0.0
2014-12-18,0.02182664451274862,0.0
2014-12-19,0.01490288633863975,0.0
2014-12-22,-0.0008659847134551069,0.0
2014-12-23,0.0045638379262351566,0.0
2014-12-24,-0.0022878174541952666,0.0
2015-01-08,0.021111351811889723,0.3949011751003821
2015-01-09,-0.008965413127116588,0.0
2015-01-12,-0.015579681241175015,0.0
2015-01-13,-0.0068002230962605804,0.0
2015-01-14,-0.005544684708538295,0.0
2015-01-15,-0.014913890643086156,0.0
2015-01-16,0.01938575856990802,0.0
2015-01-20,-0.0017248075533250178,0.0
2015-01-21,0.015575584689038711,0.0
2015-01-22,0.011406490154589603,0.0
2015-01-23,-0.006878091940322688,0.0
2015-01-26,0.009242115188333157,0.0
2015-01-27,-0.00788899998438966,0.0
2015-01-28,-0.022077597387836774,0.0
2015-01-29,0.009378275272496236,0.0
2015-01-30,-0.003962326219398887,0.0
2015-02-02,0.01990771621641363,0.4589421468083465
2015-02-03,0.024590111107415137,0.0
2015-02-04,-0.008811898735109569,0.0
2015-02-05,0.012784800861453956,0.0
2015-02-06,0.00019957126117985745,0.0
2015-02-09,-0.0006750882609171255,0.0
2015-02-10,0.007139073619052338,0.0
2015-02-11,-0.001764752882323133,0.0
2015-02-12,0.01407211785097091,0.0
2015-02-13,0.010438832897874013,0.0
2015-02-17,0.0036783051068365416,0.0
2015-02-18,-0.0042763497991037515,0.0
2015-02-19,0.0013607216213179355,0.0
2015-02-20,0.004091431659098926,0.0
2015-02-23,-0.005131596430328372,0.0
2015-02-24,0.003680007884093591,0.0
2015-02-25,0.002033222485003532,0.0
2015-02-26,-0.008414694191833454,0.0
2015-02-27,-0.001502645566794672,0.0
2015-03-02,0.00565249360557063,0.5731397862422718
2015-03-03,-0.00356525027806998,0.0
2015-03-04,-0.004496136352278985,0.0
2015-03-05,-0.0004267092330000132,0.0
2015-03-06,-0.01546841328712222,0.0
2015-03-09,-0.0018993540088950646,0.0
2015-03-10,-0.017052599982269392,0.0
2015-03-11,0.0010437977345241665,0.0
2015-03-12,-0.001496921095441293,0.0
2015-03-13,-0.007925784607179083,0.0
2015-03-16,0.00969681699152982,0.0
2015-03-17,-0.003443998436572578,0.0
2015-03-18,0.016755626079297398,0.0
2015-03-19,-0.008648268057595155,0.0
2015-03-20,-0.009489740798780517,0.0
2015-03-23,0.0004417164287578003,0.0
2015-03-24,-0.0060483725566901556,0.0
2015-03-25,-0.0077149450327753475,0.0
2015-03-26,-0.0021974420818140694,0.0
2015-03-27,-0.0008385419333885213,0.0
2015-03-30,0.012295775784392962,0.0
2015-03-31,-0.006404408958958,0.0
2015-04-01,-0.010194645713562434,0.39291750187593494
2015-04-02,0.006941276825290273,0.0
2015-04-06,0.012011776526140206,0.0
2015-04-07,-0.001685799694948573,0.0
2015-04-08,0.0013994145813756803,0.0
2015-04-09,0.008602144030979968,0.0
2015-04-10,0.0025012337911790596,0.0
2015-04-13,-0.0038944701320938746,0.0
2015-04-14,0.005514418955883964,0.0
2015-04-15,0.015551356090727492,0.0
2015-04-16,-0.002799675921846763,0.0
2015-04-17,-0.009520718726216529,0.0
2015-04-20,0.006714196141969248,0.0
2015-04-21,-0.0026397360993578216,0.0
2015-04-22,0.004751976509807356,0.0
2015-04-23,0.00435238978262012,0.0
2015-04-24,-0.0010801735608628913,0.0
2015-04-27,-0.001454579898334375,0.0
2015-04-28,0.0024559193834665883,0.0
2015-04-29,0.0021646387269963997,0.0
2015-04-30,-0.006002292784666153,0.0
2015-05-01,0.008427415228397184,0.5348381520938179
2015-05-04,0.001994867596443851,0.0
2015-05-05,-0.010205294057243762,0.0
2015-05-06,-0.006372102201224071,0.0
2015-05-07,-0.0019470051247882216,0.0
2015-05-08,0.012336063105830266,0.0
2015-05-11,-0.003502527766551496,0.0
2015-05-12,-0.004970937595854524,0.0
2015-05-13,-0.0006298919310723399,0.0
2015-05-14,0.004443018887004543,0.0
2015-05-15,0.0010661856566731508,0.0
2015-05-18,0.002468138717022489,0.0
2015-05-19,-0.008751697200696216,0.0
2015-05-20,0.0011208977806530353,0.0
2015-05-21,0.005328591120587752,0.0
2015-05-22,-0.001055125235984245,0.0
2015-05-26,-0.01577176945599659,0.0
2015-05-27,0.005416296550978341,0.0
2015-05-28,-0.0030976412231003524,0.0
2015-05-29,-0.0069531643196363135,0.0
2015-06-01,0.0007771788395807278,0.5676660907048264
2015-06-02,0.003408068003820504,0.0
2015-06-03,0.0004986216202299424,0.0
2015-06-04,-0.009334616109579712,0.0
2015-06-05,0.001587926815959892,0.0
2015-06-08,-0.008462404964781848,0.0
2015-06-09,-0.0008160084558065701,0.0
2015-06-10,0.010243489792263895,0.0
2015-06-11,-6.52931391245268e-05,0.0
2015-06-12,-0.007017900150917853,0.0
2015-06-15,-0.0057819176675490865,0.0
2015-06-16,0.005802062870115961,0.0
2015-06-17,0.003412487629670451,0.0
2015-06-18,0.006664880260175,0.0
2015-06-19,-0.004747118770363773,0.0
2015-06-22,0.0032023300402628232,0.0
2015-06-23,0.0018527417274567198,0.0
2015-06-24,-0.008487196147951358,0.0
2015-06-25,-0.0061636321340488,0.0
2015-06-26,-0.001411727169829534,0.0
2015-06-29,-0.02328477986449306,0.0
2015-06-30,0.002130835256669268,0.0
2015-07-01,-0.00692737915356445,0.573560833457448
2015-07-02,-0.006598399745570526,0.0
2015-07-06,-0.017199481603528834,0.0
2015-07-07,0.00723258225468941,0.0
2015-07-08,-0.020410696956928064,0.0
2015-07-09,0.002697397449049638,0.0
2015-07-10,0.008387064520731055,0.0
2015-07-13,0.011047276339590253,0.0
2015-07-14,0.004964935359956603,0.0
2015-07-15,-0.009559539523637391,0.0
2015-07-16,0.004739078368821025,0.0
2015-07-17,-0.007758734819267129,0.0
2015-07-20,-0.008016691356345584,0.0
2015-07-21,-0.0011075592886923493,0.0
2015-07-22,-0.0014971679945996502,0.0
2015-07-23,-0.0028963836868481432,0.0
2015-07-24,-0.015354115131847175,0.0
2015-07-27,-0.008501233522038675,0.0
2015-07-28,0.015771811084709323,0.0
2015-07-29,0.007313976786803754,0.0
2015-07-30,0.00013953917023784524,0.0
2015-07-31,-0.003645757769170482,0.0
2015-08-03,-0.007101669970345892,0.5710427147067971
2015-08-04,-0.001986580301446725,0.0
2015-08-05,-0.0011341709921081648,0.0
2015-08-06,-0.006445587889609962,0.0
2015-08-07,-0.00672618280735803,0.0
2015-08-10,0.02512964298307052,0.0
2015-08-11,-0.015191289087045782,0.0
2015-08-12,0.003987091914133331,0.0
2015-08-13,-0.008642909948154483,0.0
2015-08-14,0.001975386477849507,0.0
2015-08-17,0.007607960546937969,0.0
2015-08-18,-0.005111980643918945,0.0
2015-08-19,-0.012354792650644472,0.0
2015-08-20,-0.023936671170780563,0.0
2015-08-21,-0.025740833615839967,0.0
2015-08-24,-0.042423820249189545,0.0
2015-08-25,-0.012680202912369327,0.0
2015-08-26,0.03142020559904134,0.0
2015-08-27,0.037211242264813905,0.0
2015-08-28,0.008496925279807437,0.0
2015-08-31,-0.001533179631341827,0.0
2015-09-01,-0.03209271815877146,0.5405720118520607
2015-09-02,0.013843217765091231,0.0
2015-09-03,0.0031847339718458533,0.0
2015-09-04,-0.01565510674195896,0.0
2015-09-08,0.024539578727455904,0.0
2015-09-09,-0.013619754105274433,0.0
2015-09-10,0.004724716823219949,0.0
2015-09-11,-0.0015571857733142475,0.0
2015-09-14,-0.007054891892998669,0.0
2015-09-15,0.013300026030266674,0.0
2015-09-16,0.016089188434830176,0.0
2015-09-17,-0.0025611712715717773,0.0
2015-09-18,-0.02385819214219291,0.0
2015-09-21,4.875915999314991e-05,0.0
2015-09-22,-0.017489433671022115,0.0
2015-09-23,-0.011763516238369225,0.0
2015-09-24,-0.0016403285479618635,0.0
2015-09-25,-0.0038901544083426625,0.0
2015-09-28,-0.03382819266893092,0.0
2015-09-29,-0.00016766525378848676,0.0
2015-09-30,0.022036255402281747,0.0
2015-10-01,-0.0004952117774089659,0.686768341608005
2015-10-02,0.02812434384604079,0.0
2015-10-05,0.029116202004466223,0.0
2015-10-06,-0.001238765597777896,0.0
2015-10-07,0.014782415604355708,0.0
2015-10-08,0.016244002107292575,0.0
2015-10-09,-0.0043174537403423835,0.0
2015-10-12,-0.009783469406830989,0.0
2015-10-13,-0.009541708895029326,0.0
2015-10-14,0.003362979197154118,0.0
2015-10-15,0.014585631255806355,0.0
2015-10-16,-0.005284682593280426,0.0
2015-10-19,-0.006903401381555008,0.0
2015-10-20,0.003237394553007419,0.0
2015-10-21,-0.013496333543820072,0.0
2015-10-22,0.013230366105438646,0.0
2015-10-23,0.008359331990611993,0.0
2015-10-26,-0.012947257321458563,0.0
2015-10-27,-0.012097958370216752,0.0
2015-10-28,0.021237706176478653,0.0
2015-10-29,-0.0018801993845390143,0.0
2015-10-30,0.0029334836810402097,0.0
2015-11-02,0.019093644932000275,0.5926455692028401
2015-11-03,0.009362463945996186,0.0
2015-11-04,-0.004901601138989897,0.0
2015-11-05,-0.002433526481783497,0.0
2015-11-06,0.004922348876171246,0.0
2015-11-09,-0.009525319129526755,0.0
2015-11-10,-0.00086413949327987,0.0
2015-11-11,-0.01348134239458863,0.0
2015-11-12,-0.016421327370492716,0.0
2015-11-13,-0.011310505196860936,0.0
2015-11-16,0.017268222025087408,0.0
2015-11-17,-0.005613364944412322,0.0
2015-11-18,0.012783646121649575,0.0
2015-11-19,-0.004928575254689543,0.0
2015-11-20,0.001895824238933705,0.0
2015-11-23,-0.0010178499370447226,0.0
2015-11-24,0.009598140213249323,0.0
2015-11-25,-0.00032768251319423275,0.0
2015-11-27,-0.005096304683006686,0.0
2015-11-30,-0.00020896559224368874,0.0
2015-12-01,0.010810400272244447,0.6567114619788343
2015-12-02,-0.017338958352852443,0.0
2015-12-03,-0.01290829300675915,0.0
2015-12-04,0.003424176100616193,0.0
2015-12-07,-0.010381863130899406,0.0
2015-12-08,-0.009031585000223366,0.0
2015-12-09,-0.0023117078642316095,0.0
2015-12-10,0.0051798229954361195,0.0
2015-12-11,-0.02517088371728564,0.0
2015-12-14,-0.006459690841454812,0.0
2015-12-15,0.014195834664905174,0.0
2015-12-16,0.009712179275455464,0.0
2015-12-17,-0.023163980371693357,0.0
2015-12-18,-0.013095895553954403,0.0
2015-12-21,0.00801387042469948,0.0
2015-12-22,0.012294262516427467,0.0
2015-12-23,0.024105699337297115,0.0
2015-12-24,-0.002028971486289628,0.0
2015-12-28,-0.009913803073532743,0.0
2015-12-29,0.011035673304377817,0.0
2015-12-30,-0.011416720929795295,0.0
2015-12-31,-0.003348863809959578,0.0
2016-01-04,-0.00652669542312978,0.43635841595859154
2016-01-05,-0.009075644598733272,0.0
2016-01-06,-0.030640177111842817,0.0
2016-01-07,-0.02529398404623432,0.0
2016-01-08,-0.01120817956056661,0.0
2016-01-11,-0.01306184945178858,0.0
2016-01-12,-0.0013628102779243447,0.0
2016-01-13,-0.028296311497873955,0.0
2016-01-14,0.01825722513215744,0.0
2016-01-15,-0.023349984960228318,0.0
2016-01-19,-0.013148828135888063,0.0
2016-01-20,-0.003917658784166746,0.0
2016-01-21,0.02109596352617215,0.0
2016-01-22,0.019794441024573547,0.0
2016-01-25,-0.028777823510474143,0.0
2016-01-26,0.02713472902503967,0.0
2016-01-27,-0.0043157456498494895,0.0
2016-01-28,0.0012162192685115265,0.0
2016-01-29,0.03363786674884926,0.0
2016-02-01,-0.0023588808351941992,1.5018088349795309
2016-02-02,-0.02438557063147135,0.0
2016-02-03,0.008240737731087473,0.0
2016-02-04,0.008453160833042903,0.0
2016-02-05,-0.01800883637437622,0.0
2016-02-08,-0.023768698604755514,0.0
2016-02-09,-0.0014720548896567827,0.0
2016-02-10,0.002694537142226558,0.0
2016-02-11,-0.01732855904468182,0.0
2016-02-12,0.022157012515340913,0.0
2016-02-16,0.023466597682402723,0.0
2016-02-17,0.02145320314217705,0.0
2016-02-18,-0.005932572911919971,0.0
2016-02-19,-0.0007805414956548224,0.0
2016-02-22,0.01882516846840082,0.0
2016-02-23,-0.012029930041009091,0.0
2016-02-24,0.00540546981144663,0.0
2016-02-25,0.011618988913361137,0.0
2016-02-26,0.004999078417823611,0.0
2016-02-29,-0.00912506191820852,0.0
2016-03-01,0.025989191549257384,1.2813604645196388
2016-03-02,0.007265023872413044,0.0
2016-03-03,0.009193573446464248,0.0
2016-03-04,-0.004282369454662408,0.0
2016-03-07,0.006725766429505027,0.0
2016-03-08,-0.012804901840093174,0.0
2016-03-09,0.0029499673228148456,0.0
2016-03-10,-0.00024338480963422614,0.0
2016-03-11,0.018976357797105072,0.0
2016-03-14,-0.002286594143690106,0.0
2016-03-15,-0.007449514737458715,0.0
2016-03-16,0.008115968442933467,0.0
2016-03-17,0.009022958015317918,0.0
2016-03-18,0.005202655183075345,0.0
2016-03-21,0.0011737794453520471,0.0
2016-03-22,0.00022402868478213782,0.0
2016-03-23,-0.008566103094696121,0.0
2016-03-24,-0.002562826261828501,0.0
2016-03-28,8.933737221061768e-05,0.0
2016-03-29,0.008535252301485758,0.0
2016-03-30,0.0031282033977313613,0.0
2016-03-31,-0.0006481407776855993,0.0
2016-04-01,0.005575131473407824,0.6814744444557129
2016-04-04,-0.00538015159331076,0.0
2016-04-05,-0.012634104434107965,0.0
2016-04-06,0.008305844285843359,0.0
2016-04-07,-0.013418744967964365,0.0
2016-04-08,0.004172178400531799,0.0
2016-04-11,-0.0019006894135478168,0.0
2016-04-12,0.011017577412618575,0.0
2016-04-13,0.014368844483299063,0.0
2016-04-14,-0.0004411456730215605,0.0
2016-04-15,-0.0005484547150780597,0.0
2016-04-18,-0.0020425267017037093,0.0
2016-04-19,0.008636450089463434,0.0
2016-04-20,0.001014021909176651,0.0
2016-04-21,-0.014326082748319384,0.0
2016-04-22,0.00665043433427567,0.0
2016-04-25,-0.0052327538251835,0.0
2016-04-26,0.005730108650434482,0.0
2016-04-27,0.0066731185720280625,0.0
2016-04-28,-0.006770887251274036,0.0
2016-04-29,-0.008846301171160306,0.0
2016-05-02,0.006176235238290806,0.9091842169849252
2016-05-03,-0.007389221576059228,0.0
2016-05-04,-0.007309800571760448,0.0
2016-05-05,0.0011196026394776697,0.0
2016-05-06,0.0010025895434494462,0.0
2016-05-09,0.00324583384837803,0.0
2016-05-10,0.011173207945737175,0.0
2016-05-11,-0.010896657216475956,0.0
2016-05-12,-0.0023575179019043775,0.0
2016-05-13,-0.007160051385716366,0.0
2016-05-16,0.009849428822506452,0.0
2016-05-17,-0.007828524265601506,0.0
2016-05-18,0.0015990844026880138,0.0
2016-05-19,-0.0046075850164084085,0.0
2016-05-20,0.008112217660439536,0.0
2016-05-23,-0.010688323155003723,0.0
2016-05-24,0.0143098641977766,0.0
2016-05-25,0.007142809097846974,0.0
2016-05-26,-0.0010039783488009165,0.0
2016-05-27,0.00469827544103806,0.0
2016-05-31,0.0022105364957685767,0.0
2016-06-01,0.0012118075225195923,1.0415012107509711
2016-06-02,0.001835975564638391,0.0
2016-06-03,0.0003006593615276692,0.0
2016-06-06,0.0016692420477045946,0.0
2016-06-07,0.0023303081614540577,0.0
2016-06-08,0.003795015319464341,0.0
2016-06-09,0.001486335818438653,0.0
2016-06-10,-0.00763047282010716,0.0
2016-06-13,-0.007823244324178903,0.0
2016-06-14,-0.0011807246256942028,0.0
2016-06-15,-0.0016012345707145787,0.0
2016-06-16,0.003668600384287555,0.0
2016-06-17,-0.002045632895807551,0.0
2016-06-20,0.005789218863911625,0.0
2016-06-21,-0.00519843983316945,0.0
2016-06-22,-0.0007161754221542264,0.0
2016-06-23,0.011386464674879191,0.0
2016-06-24,-0.027049834078459546,0.0
2016-06-27,-0.014551725935389196,0.0
2016-06-28,0.005342800575375321,0.0
2016-06-29,0.016274772155939417,0.0
2016-06-30,0.017350947045974924,0.0
2016-07-01,-0.00028369592253452147,0.9721376696601265
2016-07-05,-0.011716478853033334,0.0
2016-07-06,0.00402716913057725,0.0
2016-07-07,0.0012087142300503057,0.0
2016-07-08,0.019832149226986194,0.0
2016-07-11,0.005461783628516438,0.0
2016-07-12,0.008505498665172482,0.0
2016-07-13,0.0013036458127249529,0.0
2016-07-14,0.0058556865368503495,0.0
2016-07-15,-0.000864177049918801,0.0
2016-07-18,0.003660905106851545,0.0
2016-07-19,-0.0017116986494794355,0.0
2016-07-20,0.005711363967259283,0.0
2016-07-21,-0.004039837323855239,0.0
2016-07-22,0.005013486113075392,0.0
2016-07-25,-0.001879100787696223,0.0
2016-07-26,0.002708081140570848,0.0
2016-07-27,-0.0063693414514397135,0.0
2016-07-28,0.0008979905610674256,0.0
2016-07-29,0.0012803030042413174,0.0
2016-08-01,-0.0029062759928687454,1.0308843421232348
2016-08-02,-0.007599424828094423,0.0
2016-08-03,0.0027697804264572904,0.0
2016-08-04,-0.003420711269859088,0.0
2016-08-05,0.0023898769566493873,0.0
2016-08-08,0.00017669725131589344,0.0
2016-08-09,-0.0018101706320274133,0.0
2016-08-10,-0.0016259985373331186,0.0
2016-08-11,0.006058596892640301,0.0
2016-08-12,0.0006154088056808732,0.0
2016-08-15,0.0012378051872327846,0.0
2016-08-16,-0.008307553118465417,0.0
2016-08-17,0.0021817522717454936,0.0
2016-08-18,0.004824741409770986,0.0
2016-08-19,-0.00020407153002287444,0.0
2016-08-22,0.0015230068835922002,0.0
2016-08-23,0.0015029675089096273,0.0
2016-08-24,-0.004423528523759709,0.0
2016-08-25,-0.002450417714508556,0.0
2016-08-26,-0.007164125570554581,0.0
2016-08-29,0.005153164309445296,0.0
2016-08-30,-0.0012354442773230387,0.0
2016-08-31,-0.001063375290353519,0.0
2016-09-01,-0.0018146185363737688,0.744146866162859
2016-09-02,0.0055371212042878756,0.0
2016-09-06,0.004679055206047141,0.0
2016-09-07,0.003563321819164707,0.0
2016-09-08,0.0003860420573197048,0.0
2016-09-09,-0.029631212914332804,0.0
2016-09-12,0.015899352678413952,0.0
2016-09-13,-0.016460538461976995,0.0
2016-09-14,-0.0013178635949987895,0.0
2016-09-15,0.008448224331003085,0.0
2016-09-16,-0.0011415454275173005,0.0
2016-09-19,0.0030804237030641578,0.0
2016-09-20,-0.0027898734236575205,0.0
2016-09-21,0.014552807768189981,0.0
2016-09-22,0.008867947072967206,0.0
2016-09-23,-0.0034668281991753476,0.0
2016-09-26,-0.00508989602702682,0.0
2016-09-27,0.0008220035343113425,0.0
2016-09-28,0.004370297163767564,0.0
2016-09-29,-0.009557535219030616,0.0
2016-09-30,0.004435631898864414,0.0
2016-10-03,-0.007037435354418253,0.6058106552385956
2016-10-04,-0.010758246487329412,0.0
2016-10-05,0.0002813583198801777,0.0
2016-10-06,-0.0013168738101959955,0.0
2016-10-07,-0.0038215853587888794,0.0
2016-10-10,0.006369820389421693,0.0
2016-10-11,-0.012667167416365614,0.0
2016-10-12,0.0033080898817489275,0.0
2016-10-13,0.0019407449830481725,0.0
2016-10-14,-0.004455034242814283,0.0
2016-10-17,-0.00098128814462953,0.0
2016-10-18,0.008608193003274658,0.0
2016-10-19,0.0005193276933647125,0.0
2016-10-20,-0.001090337854019505,0.0
2016-10-21,-0.000812994681524477,0.0
2016-10-24,0.0032900097044474903,0.0
2016-10-25,-0.0028148210372440042,0.0
2016-10-26,-0.004882064705633429,0.0
2016-10-27,-0.00631244201017273,0.0
2016-10-28,0.0004742411940636571,0.0
2016-10-31,0.004574612355727597,0.0
2016-11-01,-0.010217216745033064,0.9860322494104103
2016-11-02,-0.006543581942745788,0.0
2016-11-03,-0.005908185101785841,0.0
2016-11-04,0.0025755822699016833,0.0
2016-11-07,0.02226453158050703,0.0
2016-11-08,0.001215940049674156,0.0
2016-11-09,0.013680060599821464,0.0
2016-11-10,0.0066771298172616685,0.0
2016-11-11,-0.0020250350837959378,0.0
2016-11-14,0.007003964490923732,0.0
2016-11-15,0.004064956888321136,0.0
2016-11-16,-0.00370989317468769,0.0
2016-11-17,0.0051217135809774675,0.0
2016-11-18,-0.0053826080662166785,0.0
2016-11-21,0.006865703706116853,0.0
2016-11-22,0.0016888462782703555,0.0
2016-11-23,0.003460892978027154,0.0
2016-11-25,0.004412938134611822,0.0
2016-11-28,-0.007262101533716731,0.0
2016-11-29,0.0008018635791953971,0.0
2016-11-30,-0.014583667802096722,0.0
2016-12-01,-0.006178254164843744,1.063916122979913
2016-12-02,0.0038782927366710477,0.0
2016-12-05,0.006480480395028998,0.0
2016-12-06,0.0035070276933186198,0.0
2016-12-07,0.014899120761048316,0.0
2016-12-08,0.0038976571617701855,0.0
2016-12-09,0.0025580642382988144,0.0
2016-12-12,0.0005910419860899989,0.0
2016-12-13,0.005861556275422397,0.0
2016-12-14,-0.01283971711508855,0.0
2016-12-15,0.0009221768215136596,0.0
2016-12-16,0.0013431058668910614,0.0
2016-12-19,0.0020698470421207636,0.0
2016-12-20,0.0017903004668538471,0.0
2016-12-21,-0.0014765832784510427,0.0
2016-12-22,-0.002885841262365639,0.0
2016-12-23,0.0006724875113329205,0.0
2016-12-27,0.002180803893591182,0.0
2016-12-28,-0.008789289806903133,0.0
2016-12-29,0.003778774540034534,0.0
2016-12-30,-0.003907173990521357,0.0
2017-01-03,0.007504222644396652,0.8867735988584262
2017-01-04,0.009023835887102342,0.0
2017-01-05,-0.0028421102221022425,0.0
2017-01-06,0.000819638212460958,0.0
2017-01-09,-0.007083501240248525,0.0
2017-01-10,0.0019508519775574564,0.0
2017-01-11,0.0037435865406858083,0.0
2017-01-12,-0.001095949794487413,0.0
2017-01-13,0.001595627835658077,0.0
2017-01-17,0.0010728525305927063,0.0
2017-01-18,0.0026559695251260453,0.0
2017-01-19,-0.005662897142546857,0.0
2017-01-20,0.0036577135805487314,0.0
2017-01-23,-0.003339017764163832,0.0
2017-01-24,0.011340057649720767,0.0
2017-01-25,0.006302992272523719,0.0
2017-01-26,-0.002947055867291741,0.0
2017-01-27,-0.002751770615651445,0.0
2017-01-30,-0.005066912429066118,0.0
2017-01-31,0.0009384165225537448,0.0
2017-02-01,-0.005724975350929862,1.4900666614014104
2017-02-02,-0.00016001942666434834,0.0
2017-02-03,0.008713395449822085,0.0
2017-02-06,-0.0033444054139471647,0.0
2017-02-07,-0.00046446933516625176,0.0
2017-02-08,-0.0013838955283720963,0.0
2017-02-09,0.0066316159836642165,0.0
2017-02-10,0.004567586572629926,0.0
2017-02-13,0.0060887581928475865,0.0
2017-02-14,0.0024884515769255117,0.0
2017-02-15,0.004814175085598397,0.0
2017-02-16,-0.0006273240157936314,0.0
2017-02-17,-0.0003677435243989287,0.0
2017-02-21,0.005304884230405569,0.0
2017-02-22,-0.0018727998137108826,0.0
2017-02-23,-0.0010623596315486512,0.0
2017-02-24,0.001913067657066692,0.0
2017-02-27,0.0012158250268056942,0.0
2017-02-28,-0.0021052161245476353,0.0
2017-03-01,0.016069480970625438,0.5971062760510374
2017-03-02,-0.009409754728546575,0.0
2017-03-03,0.0014860325604186485,0.0
2017-03-06,-0.0035331760914362256,0.0
2017-03-07,-0.0023221311474909702,0.0
2017-03-08,-0.0029976806498496905,0.0
2017-03-09,-9.053150754131033e-05,0.0
2017-03-10,0.0034564762186530948,0.0
2017-03-13,-0.012838899947309775,0.0
2017-03-14,-0.004327635708508568,0.0
2017-03-15,0.008317654616307613,0.0
2017-03-16,-0.002222650362101255,0.0
2017-03-17,0.0007401663253139509,0.0
2017-03-20,-0.0022928345018459633,0.0
2017-03-21,-0.016139895780455778,0.0
2017-03-22,0.0036209621188590755,0.0
2017-03-23,-0.0006737473089854485,0.0
2017-03-24,-0.0013253238658488954,0.0
2017-03-27,-0.002333787486541413,0.0
2017-03-28,0.009290570883054457,0.0
2017-03-29,0.0007657041422392926,0.0
2017-03-30,0.0047717083710853,0.0
2017-03-31,-0.0013424320695026794,0.0
2017-04-03,-0.0033934526357451977,0.8569751744678773
2017-04-04,0.000310529452575601,0.0
2017-04-05,-0.0020504475091921493,0.0
2017-04-06,0.001726627429345336,0.0
2017-04-07,5.033205890236147e-05,0.0
2017-04-10,-0.00011268217876222309,0.0
2017-04-11,-0.0008449376654367012,0.0
2017-04-12,-0.0038893823631380043,0.0
2017-04-13,-0.0050067909064578885,0.0
2017-04-17,0.00883134363855209,0.0
2017-04-18,-0.0012874701617813706,0.0
2017-04-19,0.00026956283999779565,0.0
2017-04-20,0.00819359813201247,0.0
2017-04-21,-0.001436668300546022,0.0
2017-04-24,0.013317386064957254,0.0
2017-04-25,0.004932562786701995,0.0
2017-04-26,-0.0016596596160750078,0.0
2017-04-27,0.0030106642273813157,0.0
2017-04-28,-0.0028772923288587567,0.0
2017-05-01,0.0006877556851865307,0.5642256730400574
2017-05-02,0.0005634960036973285,0.0
2017-05-03,-0.001669604658981129,0.0
2017-05-04,0.0030536234821317673,0.0
2017-05-05,0.004463451191569916,0.0
2017-05-08,-0.0017697045240251193,0.0
2017-05-09,-0.00013358519473036592,0.0
2017-05-10,0.0026209344037653195,0.0
2017-05-11,-0.001886220442497252,0.0
2017-05-12,-0.0010357804367354343,0.0
2017-05-15,0.00650877587743103,0.0
2017-05-16,-0.00047748882619604916,0.0
2017-05-17,-0.013923840575358714,0.0
2017-05-18,0.004047634012562189,0.0
2017-05-19,0.006028222370670323,0.0
2017-05-22,0.007287212926996463,0.0
2017-05-23,0.0006882850519265162,0.0
2017-05-24,0.0031786786473203318,0.0
2017-05-25,0.00783085798625895,0.0
2017-05-26,-0.00012390679699611284,0.0
2017-05-30,0.0014956918422439115,0.0
2017-05-31,0.00302029114807079,0.0
2017-06-01,0.00750163522406444,0.5963511129436979
2017-06-02,0.003442371828507778,0.0
2017-06-05,-0.0016020821486765406,0.0
2017-06-06,-0.004565156439538127,0.0
2017-06-07,0.0027938426715783315,0.0
2017-06-08,-0.007785390310700929,0.0
2017-06-09,-0.0039034772823808204,0.0
2017-06-12,-0.0033355330681514336,0.0
2017-06-13,0.00484464118947779,0.0
2017-06-14,0.0012891466306513858,0.0
2017-06-15,0.0004091891191712317,0.0
2017-06-16,0.0004874569153226605,0.0
2017-06-19,-0.00029665071474849376,0.0
2017-06-20,-0.004524274606609074,0.0
2017-06-21,-0.0016062941497259563,0.0
2017-06-22,-0.0017418777748011267,0.0
2017-06-23,0.0005980444445153665,0.0
2017-06-26,0.00030405902142650843,0.0
2017-06-27,-0.008416134652728474,0.0
2017-06-28,0.006248721775354629,0.0
2017-06-29,-0.011872104193465842,0.0
2017-06-30,0.001956628686091456,0.0
2017-07-03,-0.000949905129744022,0.6174225679131741
2017-07-05,0.005483975800249962,0.0
2017-07-06,-0.007007004525163102,0.0
2017-07-07,0.009359324867254937,0.0
2017-07-10,0.00034967054249412,0.0
2017-07-11,-0.0006239554526537583,0.0
2017-07-12,0.00894044465184593,0.0
2017-07-13,-0.0007767402071783078,0.0
2017-07-14,0.005829570617576461,0.0
2017-07-17,0.0005588150245616079,0.0
2017-07-18,0.0012638876263114246,0.0
2017-07-19,0.006070027698604094,0.0
2017-07-20,0.0008457949680172813,0.0
2017-07-21,-0.005092059541982123,0.0
2017-07-24,-0.0023930759871918458,0.0
2017-07-25,-0.0030660236252241808,0.0
2017-07-26,0.0012732460597695003,0.0
2017-07-27,-0.004483939072437675,0.0
2017-07-28,0.0015016464808569254,0.0
2017-07-31,-0.0018095526295405166,0.0
2017-08-01,0.0028559906651437483,0.7092578011037656
2017-08-02,0.0013362763045072481,0.0
2017-08-03,0.0001689122503614643,0.0
2017-08-04,0.0014976218808804022,0.0
2017-08-07,0.0006078564983095427,0.0
2017-08-08,-0.002626771586986601,0.0
2017-08-09,-0.0004452000383215509,0.0
2017-08-10,-0.013240880046467585,0.0
2017-08-11,0.0005265743006150536,0.0
2017-08-14,0.010335527825864374,0.0
2017-08-15,0.00041789618168098006,0.0
2017-08-16,0.0031071840772514707,0.0
2017-08-17,-0.01491704069705213,0.0
2017-08-18,-0.0010252491165412424,0.0
2017-08-21,0.0020416425473561025,0.0
2017-08-22,0.009326637808368492,0.0
2017-08-23,-0.004584924917600107,0.0
2017-08-24,-0.0012730303638644627,0.0
2017-08-25,0.0030879838301116395,0.0
2017-08-28,-0.00040806827213757895,0.0
2017-08-29,-0.0005576040411549193,0.0
2017-08-30,0.003368275838614457,0.0
2017-08-31,0.006353570525437625,0.0
2017-09-01,0.0009865937681237114,0.6327763589633626
2017-09-05,-0.008414025597869426,0.0
2017-09-06,-0.00027821298132285665,0.0
2017-09-07,-0.000992843818666635,0.0
2017-09-08,0.005091908230207587,0.0
2017-09-11,0.012012806608862947,0.0
2017-09-12,-0.0003206046469665415,0.0
2017-09-13,-0.0025873521252726874,0.0
2017-09-14,0.0005411285386278653,0.0
2017-09-15,0.0016089587688158063,0.0
2017-09-18,0.0017080334605600414,0.0
2017-09-19,0.0011621809061239524,0.0
2017-09-20,0.0007438482044358065,0.0
2017-09-21,-0.001504828742062668,0.0
2017-09-22,-0.0007723860809098303,0.0
2017-09-25,-0.0023827306977259946,0.0
2017-09-26,0.0015570527356213993,0.0
2017-09-27,0.001954454480426581,0.0
2017-09-28,0.0019006950467792426,0.0
2017-09-29,0.003317350699452286,0.0
2017-10-02,0.004379058509885736,0.5813178193777608
2017-10-03,0.0013502502570155997,0.0
2017-10-04,0.0038919477873141537,0.0
2017-10-05,0.003752631308055509,0.0
2017-10-06,0.000101826486897499,0.0
2017-10-09,-0.0008540960601695023,0.0
2017-10-10,0.002731354177980246,0.0
2017-10-11,0.00241417908224381,0.0
2017-10-12,0.002726032772625742,0.0
2017-10-13,-0.0009303629777802992,0.0
2017-10-16,0.0011186022600825516,0.0
2017-10-17,0.0002054477262978309,0.0
2017-10-18,-0.00016460443569687647,0.0
2017-10-19,0.0030019256651970375,0.0
2017-10-20,0.005235504107151948,0.0
2017-10-23,-0.0006092750612481292,0.0
2017-10-24,0.002843099229278969,0.0
2017-10-25,-0.0024493788803638095,0.0
2017-10-26,0.0019757895560125658,0.0
2017-10-27,0.0016957281501033248,0.0
2017-10-30,-0.00405452860594927,0.0
2017-10-31,0.0018078988292530437,0.0
2017-11-01,-0.0006250674099256281,0.7219741775780847
2017-11-02,0.001870810140503153,0.0
2017-11-03,0.001469878207740968,0.0
2017-11-06,0.0006597870716941262,0.0
2017-11-07,-0.0002738245419964825,0.0
2017-11-08,-0.00012783116935617862,0.0
2017-11-09,-0.005551901613483511,0.0
2017-11-10,0.0003158960924117021,0.0
2017-11-13,0.0030762621687778925,0.0
2017-11-14,0.0031285166021397847,0.0
2017-11-15,-0.004875015562770944,0.0
2017-11-16,0.006499307670129115,0.0
2017-11-17,-0.0015925123014516151,0.0
2017-11-20,0.003577433587069291,0.0
2017-11-21,0.004552870359062068,0.0
2017-11-22,-0.0028697500721126326,0.0
2017-11-24,0.0013710888838099557,0.0
2017-11-27,0.0012932329764532688,0.0
2017-11-28,0.011262955083328547,0.0
2017-11-29,0.0012884132385904315,0.0
2017-11-30,0.009441304092572244,0.0
2017-12-01,-0.004481063031880006,0.7549000922426891
2017-12-04,-0.009067496872545216,0.0
2017-12-05,-0.002569351005031151,0.0
2017-12-06,0.002068217851819785,0.0
2017-12-07,0.004646214415340102,0.0
2017-12-08,0.0046674627055079,0.0
2017-12-11,0.0014661775494311654,0.0
2017-12-12,-0.003614513619980088,0.0
2017-12-13,0.0006883744491972554,0.0
2017-12-14,-0.0038016273241943672,0.0
2017-12-15,0.009677896222839127,0.0
2017-12-18,0.0035246368186950617,0.0
2017-12-19,-0.004354699419697813,0.0
2017-12-20,-0.0019351914808770011,0.0
2017-12-21,-0.002456006413404161,0.0
2017-12-22,-9.023203923513612e-05,0.0
2017-12-26,-0.00037714868518908635,0.0
2017-12-27,0.0021691069952243527,0.0
2017-12-28,-0.004149173419798844,0.0
2017-12-29,-0.004104861030993141,0.0
2018-01-02,0.002384435185582179,0.5939511641043417
2018-01-03,0.00847476152461487,0.0
2018-01-04,0.00517100304254349,0.0
2018-01-05,0.007664410366620466,0.0
2018-01-08,0.004107159829189021,0.0
2018-01-09,0.0042501443973481925,0.0
2018-01-10,-0.00306113886614325,0.0
2018-01-11,0.007314827491378881,0.0
2018-01-12,0.007410586547075552,0.0
2018-01-16,-0.006263363599408886,0.0
2018-01-17,0.012076931076724268,0.0
2018-01-18,-0.0014278451728743783,0.0
2018-01-19,0.007087050192560264,0.0
2018-01-22,0.004660808317201873,0.0
2018-01-23,0.0011146331795412342,0.0
2018-01-24,0.0005676794904792787,0.0
2018-01-25,0.003195623105946013,0.0
2018-01-26,0.012087802950605287,0.0
2018-01-29,-0.008376799007897484,0.0
2018-01-30,-0.010005304658076948,0.0
2018-01-31,-0.0005642475898624949,0.0
2018-02-01,-0.002311630441925505,1.3129699407975464
2018-02-02,-0.01959680881246076,0.0
2018-02-05,-0.03678409535643856,0.0
2018-02-06,0.01757249367413353,0.0
2018-02-07,-0.0027640757133790615,0.0
2018-02-08,-0.03419207611301586,0.0
2018-02-09,0.010213962877362516,0.0
2018-02-12,0.014309929229298225,0.0
2018-02-13,0.005482896066047397,0.0
2018-02-14,0.017709749468366866,0.0
2018-02-15,0.01224626412577912,0.0
2018-02-16,0.0001863831506330774,0.0
2018-02-20,-0.00696728958801294,0.0
2018-02-21,-0.003652703681919987,0.0
2018-02-22,0.00014208443666456822,0.0
2018-02-23,0.014008595355880319,0.0
2018-02-26,0.009316157463537696,0.0
2018-02-27,-0.014458447285268197,0.0
2018-02-28,-0.008692918326923642,0.0
2018-03-01,-0.010688355471764166,1.0689116169787636
2018-03-02,0.004290198706410767,0.0
2018-03-05,0.011028006645706733,0.0
2018-03-06,0.0043641128376043,0.0
2018-03-07,0.0013567677526257534,0.0
2018-03-08,0.003908780496849489,0.0
2018-03-09,0.017784884470215194,0.0
2018-03-12,-0.0029987857666222955,0.0
2018-03-13,-0.005911963182290113,0.0
2018-03-14,-0.008034781301363054,0.0
2018-03-15,-0.001890684082957232,0.0
2018-03-16,0.003662307336685531,0.0
2018-03-19,-0.016264781555916173,0.0
2018-03-20,0.002255911647516119,0.0
2018-03-21,-0.0011228490714108252,0.0
2018-03-22,-0.028072954116923423,0.0
2018-03-23,-0.018755741094334817,0.0
2018-03-26,0.027399924444225197,0.0
2018-03-27,-0.01678282481959799,0.0
2018-03-28,-0.002739168626481669,0.0
2018-03-29,0.014000337516391594,0.0
2018-04-02,-0.023005529405236702,0.7246261460296864
2018-04-03,0.005033553296140126,0.0
2018-04-04,0.011725548375926593,0.0
2018-04-05,0.0059568762001024145,0.0
2018-04-06,-0.02400775770235354,0.0
2018-04-09,0.0029643514753421767,0.0
2018-04-10,0.0177327692800749,0.0
2018-04-11,-0.006071884312729892,0.0
2018-04-12,0.010784759091883978,0.0
2018-04-13,-0.005856373328100417,0.0
2018-04-16,0.007824857888990205,0.0
2018-04-17,0.010622014031136596,0.0
2018-04-18,0.002579144341443809,0.0
2018-04-19,-0.0038283775168198764,0.0
2018-04-20,-0.005691109892875915,0.0
2018-04-23,4.511199570044522e-05,0.0
2018-04-24,-0.013638269670693471,0.0
2018-04-25,0.0007334296392113364,0.0
2018-04-26,0.008886092709097855,0.0
2018-04-27,0.0015811239460296297,0.0
2018-04-30,-0.006863873662106037,0.0
2018-05-01,0.0006920272639501235,0.8940860172213161
2018-05-02,-0.009403384819513876,0.0
2018-05-03,-0.002062696610284873,0.0
2018-05-04,0.00847385383636198,0.0
2018-05-07,0.002643042644238241,0.0
2018-05-08,0.0015838318183523021,0.0
2018-05-09,0.009265076671040266,0.0
2018-05-10,0.008434838195005324,0.0
2018-05-11,0.0015996129831852733,0.0
2018-05-14,-0.002928903970413887,0.0
2018-05-15,-0.003097469607915536,0.0
2018-05-16,0.005168804519931843,0.0
2018-05-17,0.0002657651431086169,0.0
2018-05-18,-0.002100215765839758,0.0
2018-05-21,0.006552271268085388,0.0
2018-05-22,-0.003813236239468055,0.0
2018-05-23,0.0008483353446440211,0.0
2018-05-24,0.001218724296228458,0.0
2018-05-25,-0.0030609468633535026,0.0
2018-05-29,-0.012249354190054684,0.0
2018-05-30,0.011404783490199653,0.0
2018-05-31,-0.00886285388316669,0.0
2018-06-01,0.009432282848845563,0.9990657069639951
2018-06-04,-0.0013924270442096797,0.0
2018-06-05,0.004705154836013796,0.0
2018-06-06,0.010343771624321981,0.0
2018-06-07,-4.165732997560702e-05,0.0
2018-06-08,0.004490482739035196,0.0
2018-06-11,0.0016473501363530978,0.0
2018-06-12,0.0023496268448491443,0.0
2018-06-13,-0.005291287340272583,0.0
2018-06-14,0.0001584529596150817,0.0
2018-06-15,-0.0016439596115863484,0.0
2018-06-18,0.0009565950612213079,0.0
2018-06-19,-0.0049288268767721305,0.0
2018-06-20,0.0006494457807421472,0.0
2018-06-21,-0.005610652614418779,0.0
2018-06-22,-5.506077488447949e-05,0.0
2018-06-25,-0.01505723483898423,0.0
2018-06-26,0.001963530519291676,0.0
2018-06-27,-0.009790676960342323,0.0
2018-06-28,0.004690024876076452,0.0
2018-06-29,-0.0006658248964883035,0.0
2018-07-02,0.00012847161834028675,0.9209864777048374
2018-07-03,-0.004909175476060953,0.0
2018-07-05,0.008674170828228358,0.0
2018-07-06,0.008212658428321593,0.0
2018-07-09,0.010687644159603276,0.0
2018-07-10,0.0014451877714964376,0.0
2018-07-11,-0.007117014234646962,0.0
2018-07-12,0.00697854403141475,0.0
2018-07-13,0.0007931470479516483,0.0
2018-07-16,-0.0018506084239457866,0.0
2018-07-17,0.006380006991455715,0.0
2018-07-18,0.0053297609660365505,0.0
2018-07-19,-0.0021848965386494093,0.0
2018-07-20,-0.0017579621818150284,0.0
2018-07-23,0.003791788085371756,0.0
2018-07-24,-0.002816470054610177,0.0
2018-07-25,0.010391838726547538,0.0
2018-07-26,0.001583062870214064,0.0
2018-07-27,-0.007599158292540898,0.0
2018-07-30,-0.008178986730124894,0.0
2018-07-31,0.0038279369837752476,0.0
2018-08-01,-0.0034040705538159743,0.7790032291210168
2018-08-02,0.004781441088023477,0.0
2018-08-03,0.0023127281022843607,0.0
2018-08-06,0.002791308891841027,0.0
2018-08-07,0.0038503732127502096,0.0
2018-08-08,0.0005030357723047313,0.0
2018-08-09,0.0009062165775150507,0.0
2018-08-10,-0.007267400551336344,0.0
2018-08-13,-0.002848535464805103,0.0
2018-08-14,0.011211350376487652,0.0
2018-08-15,-0.007554524186279473,0.0
2018-08-16,0.007053394764418891,0.0
2018-08-17,0.005234314646777592,0.0
2018-08-20,0.004929024134145211,0.0
2018-08-21,0.0028169847496291936,0.0
2018-08-22,0.00011046681195160854,0.0
2018-08-23,-0.0004838614749120854,0.0
2018-08-24,0.003384250671823585,0.0
2018-08-27,0.004147538032455694,0.0
2018-08-28,0.0011494936724425055,0.0
2018-08-29,0.0053645588905729714,0.0
2018-08-30,-0.006881686754898392,0.0
2018-08-31,0.0021799704564261215,0.0
2018-09-04,-9.22975880632837e-05,0.9835185562664379
2018-09-05,0.0010223174912517587,0.0
2018-09-06,-6.500321489002411e-05,0.0
2018-09-07,-0.0028175257572345654,0.0
2018-09-10,0.00460815480459483,0.0
2018-09-11,0.00037073130139644265,0.0
2018-09-12,0.0017000102739414312,0.0
2018-09-13,0.001992272728907082,0.0
2018-09-14,0.0008375032345353564,0.0
2018-09-17,-0.0034005543219896737,0.0
2018-09-18,0.004690892624188468,0.0
2018-09-19,-0.00800037218681071,0.0
2018-09-20,0.005440259210155406,0.0
2018-09-21,0.0018951621666272829,0.0
2018-09-24,-0.007778494617295906,0.0
2018-09-25,-0.0029358097307838364,0.0
2018-09-26,0.00029361702930861286,0.0
2018-09-27,-0.0016015468448305663,0.0
2018-09-28,0.002742008078290838,0.0
2018-10-01,-0.0016336621108155036,0.7075872438867898
2018-10-02,-0.004021984144621373,0.0
2018-10-03,0.00044433159166035733,0.0
2018-10-04,-0.006587504846950893,0.0
2018-10-05,-0.005522221750042744,0.0
2018-10-08,0.001061344277289105,0.0
2018-10-09,-0.005385736465487052,0.0
2018-10-10,-0.030297258726987967,0.0
2018-10-11,-0.02995310660608432,0.0
2018-10-12,0.012072319977227155,0.0
2018-10-15,-0.0004459848078164225,0.0
2018-10-16,0.020561246375995736,0.0
2018-10-17,-0.0033553354529622798,0.0
2018-10-18,-0.01298095710343651,0.0
2018-10-19,-0.004298317397304433,0.0
2018-10-22,-0.0036669249504876745,0.0
2018-10-23,-0.007653195217624238,0.0
2018-10-24,-0.026720378510241713,0.0
2018-10-25,0.013033083958539568,0.0
2018-10-26,-0.01584619481935292,0.0
2018-10-29,0.0040465958181970145,0.0
2018-10-30,0.019218742247255657,0.0
2018-10-31,0.0053742047877662685,0.0
2018-11-01,0.013439365482712295,0.8871314256340427
2018-11-02,-0.003449894945959378,0.0
2018-11-05,0.005589016295982698,0.0
2018-11-06,0.007489209973894637,0.0
2018-11-07,0.0183770356964034,0.0
2018-11-08,0.00017888491761870008,0.0
2018-11-09,-0.0069674606255601245,0.0
2018-11-12,-0.015188623528753744,0.0
2018-11-13,-6.206028988179263e-05,0.0
2018-11-14,-0.009330651412662351,0.0
2018-11-15,0.009909240513320268,0.0
2018-11-16,0.0005885312106348995,0.0
2018-11-19,-0.016760568331780714,0.0
2018-11-20,-0.014545266227821603,0.0
2018-11-21,0.004931431020054687,0.0
2018-11-23,-0.001229634762003838,0.0
2018-11-26,0.012493060782768548,0.0
2018-11-27,0.0019128617110357048,0.0
2018-11-28,0.02052524876317041,0.0
2018-11-29,-0.0031500892165121346,0.0
2018-11-30,0.0001021568660337074,0.0
2018-12-03,0.009731686947338725,1.0227929331217003
2018-12-04,-0.02661962096967183,0.0
2018-12-06,-0.002264142447480914,0.0
2018-12-07,-0.019783618030991507,0.0
2018-12-10,-0.00025763395482527923,0.0
2018-12-11,-0.0007969799727620294,0.0
2018-12-12,0.004004496407122718,0.0
2018-12-13,-0.00325021504514695,0.0
2018-12-14,-0.012067512701744079,0.0
2018-12-17,-0.022210210141366066,0.0
2018-12-18,-4.497808393802109e-05,0.0
2018-12-19,-0.013075954571920078,0.0
2018-12-20,-0.01942595752145646,0.0
2018-12-21,-0.019173352166847565,0.0
2018-12-24,-0.025571518288204406,0.0
2018-12-26,0.03082290707722381,0.0
2018-12-27,0.007972595933981617,0.0
2018-12-28,-0.0016733413343298204,0.0
2018-12-31,0.008869700902760886,0.0
2019-01-02,-0.004005545946504929,0.8985953869655017
2019-01-03,-0.00875514776019954,0.0
2019-01-04,0.022350460129441474,0.0
2019-01-07,0.005899533741074544,0.0
2019-01-08,0.011474082918283638,0.0
2019-01-09,0.0017299519380449117,0.0
2019-01-10,0.009544442777328034,0.0
2019-01-11,0.0008109969542468461,0.0
2019-01-14,-0.005580562001663139,0.0
2019-01-15,0.008650145751038507,0.0
2019-01-16,-0.00029524237599701193,0.0
2019-01-17,0.008242029101338618,0.0
2019-01-18,0.011608924796126418,0.0
2019-01-22,-0.009702996537169111,0.0
2019-01-23,0.002663658014361408,0.0
2019-01-24,0.002214485077182555,0.0
2019-01-25,0.005549705524431908,0.0
2019-01-28,-0.0008420711113296894,0.0
2019-01-29,0.003876822256952514,0.0
2019-01-30,0.008804911356490629,0.0
2019-01-31,0.010900022183428632,0.0
2019-02-01,-0.00020713483384637854,0.7366197953612019
2019-02-04,0.005292594866243937,0.0
2019-02-05,0.003508974066527979,0.0
2019-02-06,-0.0021735492601684843,0.0
2019-02-07,2.0611401518361334e-05,0.0
2019-02-08,0.0030846975270113477,0.0
2019-02-11,0.002135987102251015,0.0
2019-02-12,0.008062453137896858,0.0
2019-02-13,0.0016953632169407918,0.0
2019-02-14,-0.0016038819019818281,0.0
2019-02-15,0.00781550467667796,0.0
2019-02-19,0.0008629910354447278,0.0
2019-02-20,0.001997569750860278,0.0
2019-02-21,0.002038259593605991,0.0
2019-02-22,0.006660995293665957,0.0
2019-02-25,-0.002681036254817053,0.0
2019-02-26,-0.000679768809297418,0.0
2019-02-27,0.0010594252148893723,0.0
2019-02-28,0.0020269056532142213,0.0
2019-03-01,0.004670281525395392,0.9949806062775598
2019-03-04,-0.0045354503325328475,0.0
2019-03-05,-0.0010950319942548542,0.0
2019-03-06,-0.0076953084981384616,0.0
2019-03-07,-0.005256806038595692,0.0
2019-03-08,-0.00242902415503775,0.0
2019-03-11,0.0112365453679974,0.0
2019-03-12,0.003507917844604792,0.0
2019-03-13,0.005864533521455515,0.0
2019-03-14,-0.0005191566909068469,0.0
2019-03-15,0.0029462308392881748,0.0
2019-03-18,0.0025252660909905193,0.0
2019-03-19,-0.001922698597486434,0.0
2019-03-20,-0.00683399805982679,0.0
2019-03-21,0.014077330601746612,0.0
2019-03-22,-0.016978438553471524,0.0
2019-03-25,0.0009972484247508621,0.0
2019-03-26,0.007349038309575388,0.0
2019-03-27,-0.003157325988918316,0.0
2019-03-28,0.005781202751975024,0.0
2019-03-29,0.005984571660564526,0.0
2019-04-01,0.009261924321906756,0.8011992697873985
2019-04-02,-0.0001209434121049029,0.0
2019-04-03,-0.005461443776551482,0.0
2019-04-04,0.0003196986497627614,0.0
2019-04-05,0.005521327639506343,0.0
2019-04-08,-0.00038966055209493754,0.0
2019-04-09,-0.005193448828562191,0.0
2019-04-10,0.0050724383307024475,0.0
2019-04-11,0.002265978214953614,0.0
2019-04-12,0.005941966845695308,0.0
2019-04-15,-0.0019332473256035716,0.0
2019-04-16,-0.002260855089737459,0.0
2019-04-17,-0.008614164036690323,0.0
2019-04-18,0.0024797282745184076,0.0
2019-04-22,-0.0030026491381316706,0.0
2019-04-23,0.007757277099185077,0.0
2019-04-24,0.001178408056664672,0.0
2019-04-25,-0.003401439111498499,0.0
2019-04-26,0.0052635562031699695,0.0
2019-04-29,-0.0021792094156733036,0.0
2019-04-30,0.005715715700193453,0.0
2019-05-01,-0.00819729676721237,1.0512767571165287
2019-05-02,0.00209104310480457,0.0
2019-05-03,0.010058742145591623,0.0
2019-05-06,-0.006431240597590036,0.0
2019-05-07,-0.013916975505869992,0.0
2019-05-08,-0.002367165377688809,0.0
2019-05-09,-0.00129348945078278,0.0
2019-05-10,0.0034795280737481525,0.0
2019-05-13,-0.02459352519387767,0.0
2019-05-14,0.009032717974009513,0.0
2019-05-15,0.005212120482573178,0.0
2019-05-16,0.00468188043907042,0.0
2019-05-17,-0.007451534821395989,0.0
2019-05-20,-0.007279007613838973,0.0
2019-05-21,0.008933593200522491,0.0
2019-05-22,-0.004840692466796213,0.0
2019-05-23,-0.012234816970847759,0.0
2019-05-24,0.0009132548169236308,0.0
2019-05-28,-0.009134494305262936,0.0
2019-05-29,-0.007383072662820385,0.0
2019-05-30,0.003505479186522974,0.0
2019-05-31,-0.012042256211972344,0.0
2019-06-03,0.00475485080510496,0.9408624888992243
2019-06-04,0.016760096037727882,0.0
2019-06-05,0.005344945160097294,0.0
2019-06-06,0.0039882148443446,0.0
2019-06-07,0.007062002495025905,0.0
2019-06-10,0.0038216239399062385,0.0
2019-06-11,-6.561721516277516e-05,0.0
2019-06-12,-0.0029189660262107435,0.0
2019-06-13,0.006693174542930671,0.0
2019-06-14,-0.0029688182670927358,0.0
2019-06-17,-0.0024971193367097225,0.0
2019-06-18,0.00997768783600997,0.0
2019-06-19,0.0025172002870476815,0.0
2019-06-20,0.008078447105643215,0.0
2019-06-21,-0.0026244950517078525,0.0
2019-06-24,-0.00452339114886969,0.0
2019-06-25,-0.0069083524654582635,0.0
2019-06-26,-0.0002641595849749574,0.0
2019-06-27,0.006187344973149442,0.0
2019-06-28,0.009581363910433932,0.0
2019-07-01,0.006610910611067222,0.9322648110408269
2019-07-02,0.004496015272611859,0.0
2019-07-03,0.010215274959349185,0.0
2019-07-05,-0.0011613575210518677,0.0
2019-07-08,-0.00326675045934144,0.0
2019-07-09,0.000208685309260291,0.0
2019-07-10,0.0021809545056481697,0.0
2019-07-11,0.0009176766266540269,0.0
2019-07-12,0.005728548534092105,0.0
2019-07-15,0.000315912661255318,0.0
2019-07-16,-0.0031894237985494915,0.0
2019-07-17,-0.005288596296131923,0.0
2019-07-18,0.0027820181508713864,0.0
2019-07-19,-0.00839977419071683,0.0
2019-07-22,1.5252793591119735e-05,0.0
2019-07-23,0.007029929566548887,0.0
2019-07-24,0.003938430389990819,0.0
2019-07-25,-0.0036476372470473847,0.0
2019-07-26,0.006975473322902265,0.0
2019-07-29,-0.0005927020248424667,0.0
2019-07-30,-0.004994527703569514,0.0
2019-07-31,-0.009699108343934955,0.0
2019-08-01,-0.006946693552572603,1.0680646321145115
2019-08-02,-0.012245549220763388,0.0
2019-08-05,-0.03062152714164957,0.0
2019-08-06,0.010659927484477274,0.0
2019-08-07,0.0007686421031305063,0.0
2019-08-08,0.02163130865014417,0.0
2019-08-09,-0.017636545470446418,0.0
2019-08-12,-0.022267366176276247,0.0
2019-08-13,0.015736921777399937,0.0
2019-08-14,-0.032468506145851964,0.0
2019-08-15,-0.00021700761676552918,0.0
2019-08-16,0.01625634097149648,0.0
2019-08-19,0.012333607869159678,0.0
2019-08-20,-0.00815076079866538,0.0
2019-08-21,0.010783527329494589,0.0
2019-08-22,0.00026987157232715505,0.0
2019-08-23,-0.02944373071129873,0.0
2019-08-26,0.008411752895676484,0.0
2019-08-27,-0.005613376828839289,0.0
2019-08-28,0.008695140019309253,0.0
2019-08-29,0.016021512323335627,0.0
2019-08-30,0.0022573551393467372,0.0
2019-09-03,-0.013083466189884652,0.9781120653207289
2019-09-04,0.010778107250122574,0.0
2019-09-05,0.016298270249467096,0.0
2019-09-06,0.0027650747427355256,0.0
2019-09-09,0.0034907437240740743,0.0
2019-09-10,0.0048543435535711955,0.0
2019-09-11,0.006412586091336837,0.0
2019-09-12,0.00031664758858930526,0.0
2019-09-13,-9.201624828890091e-05,0.0
2019-09-16,-0.0024630749671604064,0.0
2019-09-17,0.0016379898802494346,0.0
2019-09-18,-0.0010950378656281784,0.0
2019-09-19,-0.0012294093088395244,0.0
2019-09-20,-0.0035178015690659507,0.0
2019-09-23,-0.0005411331360870601,0.0
2019-09-24,-0.008776562415203516,0.0
2019-09-25,0.005149907619003009,0.0
2019-09-26,-0.0018520038571373844,0.0
2019-09-27,-0.01192893147600401,0.0
2019-09-30,0.006016085737102005,0.0
2019-10-01,-0.014325111095375376,0.5292226091688695
2019-10-02,-0.01893144225982398,0.0
2019-10-03,0.00851325697941662,0.0
2019-10-04,0.013591341211063025,0.0
2019-10-07,-0.005469416499969017,0.0
2019-10-08,-0.019310097400101138,0.0
2019-10-09,0.010965606368099564,0.0
2019-10-10,0.007261547903714931,0.0
2019-10-11,0.014269094494865648,0.0
2019-10-14,-0.0016607389877860402,0.0
2019-10-15,0.009229021890107877,0.0
2019-10-16,-0.0016139227320138123,0.0
2019-10-17,0.003090637390618429,0.0
2019-10-18,-0.0034445313684858055,0.0
2019-10-21,-0.0012079812733970965,0.0
2019-10-22,-0.005857809038343705,0.0
2019-10-23,0.001781725202197723,0.0
2019-10-24,0.0006658531581663833,0.0
2019-10-25,0.0030752459171498724,0.0
2019-10-28,0.004773658668042862,0.0
2019-10-29,0.002686399221925091,0.0
2019-10-30,0.0013512909399776983,0.0
2019-10-31,-0.0021090827518216943,0.0
2019-11-01,0.012632161750397719,1.028459993470454
2019-11-04,0.004558623738271363,0.0
2019-11-05,-9.248148299224011e-05,0.0
2019-11-06,-0.0005120175041938883,0.0
2019-11-07,-0.0014177026377542948,0.0
2019-11-08,9.788274156507625e-05,0.0
2019-11-11,-0.0028889633465830344,0.0
2019-11-12,-0.0001488335479441298,0.0
2019-11-13,-0.0010432986763156968,0.0
2019-11-14,0.002107964676386705,0.0
2019-11-15,0.005395673531906769,0.0
2019-11-18,-7.341011430244013e-05,0.0
2019-11-19,-0.001433827315102587,0.0
2019-11-20,-0.0019048708991133798,0.0
2019-11-21,-0.002991057413217991,0.0
2019-11-22,0.00324323803337861,0.0
2019-11-25,0.0069381101277608695,0.0
2019-11-26,0.000742893786080114,0.0
2019-11-27,0.0037281896233826725,0.0
2019-11-29,-0.004770860687465883,0.0
2019-12-02,-0.008333036593749399,1.0493765328473967
2019-12-03,-0.009161319509765696,0.0
2019-12-04,0.006357447240339691,0.0
2019-12-05,0.0035206558690440764,0.0
2019-12-06,0.009208714539944374,0.0
2019-12-09,-0.0027628647215397093,0.0
2019-12-10,-0.0006274842216884085,0.0
2019-12-11,-0.0058248174220907716,0.0
2019-12-12,0.014047175130676093,0.0
2019-12-13,-0.0049607783931775494,0.0
2019-12-16,0.004142597830445122,0.0
2019-12-17,-0.00020338997369817772,0.0
2019-12-18,-0.0010220649446626,0.0
2019-12-19,0.0019213838136099863,0.0
2019-12-20,0.005087960412670464,0.0
2019-12-23,-0.00040588777916007664,0.0
2020-01-29,-0.019159070700774272,0.7092971402573922
2020-01-30,0.0022850917426806357,0.0
2020-01-31,-0.020874196976072717,0.0
2020-02-03,0.00664344083554802,0.4102960476938697
2020-02-04,0.013977893506190985,0.0
2020-02-05,0.017090325051690707,0.0
2020-02-06,-0.0034457570827888945,0.0
2020-02-07,-0.008181005094935816,0.0
2020-02-10,0.0037662273623505424,0.0
2020-02-11,0.006685456175151035,0.0
2020-02-12,0.005977935352138538,0.0
2020-02-13,-0.0021424182478880583,0.0
2020-02-14,-0.0008481085017859506,0.0
2020-02-18,-0.0034394409004553468,0.0
2020-02-19,0.0027235311585182822,0.0
2020-02-20,0.0010675447759497347,0.0
2020-02-21,-0.007016854461510602,0.0
2020-02-24,-0.030225219546389688,0.0
2020-02-25,-0.03297057631593518,0.0
2020-02-26,-0.00929960551885961,0.0
2020-02-27,-0.036659606705683564,0.0
2020-02-28,-0.012476971746455618,0.0
2020-03-02,0.03829650116428329,0.7822159772206219
2020-03-03,-0.029581705007520963,0.0
2020-03-04,0.036570272689355594,0.0
2020-03-05,-0.0380983137176778,0.0
2020-03-06,-0.017373445725403214,0.0
2020-03-09,-0.08089450613380955,0.0
2020-03-10,0.045889401656322874,0.0
2020-03-11,-0.052237628266379676,0.0
2020-03-12,-0.10366063905551674,0.0
2020-03-13,0.08194761911450334,0.0
2020-03-16,-0.11730333824808915,0.0
2020-03-17,0.0649850329228592,0.0
2020-03-18,-0.06559953729726326,0.0
2020-03-19,0.004864103049792217,0.0
2020-03-20,-0.047521563681557494,0.0
2020-03-23,-0.03389844414692274,0.0
2020-03-24,0.09953213443424798,0.0
2020-03-25,0.022900971986246087,0.0
2020-03-26,0.058697768796658834,0.0
2020-03-27,-0.03696798863966999,0.0
2020-03-30,0.026674693936234006,0.0
2020-03-31,-0.015588746689099606,0.0
2020-04-01,-0.04796327586444138,1.2398175009160188
2020-04-02,0.019661936483585617,0.0
2020-04-03,-0.01439405159426159,0.0
2020-04-06,0.08540340407155878,0.0
2020-04-07,0.01645731904447725,0.0
2020-04-08,0.060506164504707034,0.0
2020-04-09,0.03530937100857374,0.0
2020-04-13,-0.02875020140117149,0.0
2020-04-14,0.014730012616593693,0.0
2020-04-15,-0.04393479453874104,0.0
2020-04-16,-0.023105533379187033,0.0
2020-04-17,0.05651771150795145,0.0
2020-04-20,-0.026277226765982223,0.0
2020-04-21,-0.027399133437125675,0.0
2020-04-22,0.02111657340861815,0.0
2020-04-23,0.011550554011420265,0.0
2020-04-24,0.01204450069162186,0.0
2020-04-27,0.029094495347226745,0.0
2020-04-28,0.024738875617397633,0.0
2020-04-29,0.0551810404639482,0.0
2020-04-30,-0.028212202502173517,0.0
2020-05-01,-0.05203160421301223,1.1866777389059684
2020-05-04,0.0026285913783838295,0.0
2020-05-05,0.010736819085441916,0.0
2020-05-06,-0.014949771102455435,0.0
2020-05-07,0.011947382385812342,0.0
2020-05-08,0.016968976508892026,0.0
2020-05-11,-0.0027896191073455406,0.0
2020-05-12,-0.021736645282487428,0.0
2020-05-13,-0.017586938242105193,0.0
2020-05-14,0.00811659797824123,0.0
2020-05-15,0.002262583292358023,0.0
2020-05-18,0.03345957092595969,0.0
2020-05-19,-0.013433034195187356,0.0
2020-05-20,0.01277271585167658,0.0
2020-05-21,-0.006809882088066493,0.0
2020-05-22,0.005705558405229719,0.0
2020-05-26,0.01616829145132015,0.0
2020-05-27,0.017791782609969435,0.0
2020-05-28,0.006559852856395865,0.0
2020-05-29,0.003946696656392952,0.0
2020-06-01,0.006071318906861967,0.785588385801085
2020-06-02,0.01140494100794,0.0
2020-06-03,0.02748237445825872,0.0
2020-06-04,0.0008909312370169116,0.0
2020-06-05,0.03984850851533332,0.0
2020-06-08,0.027036740050285186,0.0
2020-06-09,-0.026011844474412425,0.0
2020-06-10,-0.022395495423583982,0.0
2020-06-11,-0.06868432416291667,0.0
2020-06-12,0.019448176501072424,0.0
2020-06-15,0.009168339027665125,0.0
2020-06-16,0.021349718097607735,0.0
2020-06-17,-0.012485339738884119,0.0
2020-06-18,0.0004698585763217711,0.0
2020-06-19,-0.012582017431807674,0.0
2020-06-22,0.0034463339771869357,0.0
2020-06-23,0.0016566420372503624,0.0
2020-06-24,-0.034999809600584825,0.0
2020-06-25,0.012666128156751215,0.0
2020-06-26,-0.021100900535920897,0.0
2020-06-29,0.019780127766139854,0.0
2020-06-30,0.014311550847986944,0.0
2020-07-01,-0.00266442029752334,0.7519896449897243
2020-07-02,0.005164025318346029,0.0
2020-07-06,0.00584625136664247,0.0
2020-07-07,-0.0142466747045863,0.0
2020-07-08,0.0049959078045238685,0.0
2020-07-09,-0.016066740506072145,0.0
2020-07-10,0.014457812937489154,0.0
2020-07-13,-0.003089241386158312,0.0
2020-07-14,0.015437978875636506,0.0
2020-07-15,0.020458324778065737,0.0
2020-07-16,-0.0006479227526941247,0.0
2020-07-17,0.008459266148915724,0.0
2020-07-20,-0.00672050830322209,0.0
2020-07-21,0.010022001286598192,0.0
2020-07-22,0.009968756551111159,0.0
2020-07-23,-0.0026850166457249125,0.0
2020-07-24,-0.004544214012830299,0.0
2020-07-27,0.0004383556287326882,0.0
2020-07-28,-0.0036954553305955052,0.0
2020-07-29,0.01663026603048562,0.0
2020-07-30,-0.00797725239942573,0.0
2020-07-31,-0.0021185045275506765,0.0
2020-08-03,-0.0021349854531621526,1.426637965395235
2020-08-04,0.00764580096382824,0.0
2020-08-05,0.00941872422911274,0.0
2020-08-06,-0.0006955993717832806,0.0
2020-08-07,0.01021364683669574,0.0
2020-08-10,0.016512814892600404,0.0
2020-08-11,0.002056479774793586,0.0
2020-08-12,0.005318020348429558,0.0
2020-08-13,-0.006447152353522076,0.0
2020-08-14,0.0028473020930153904,0.0
2020-08-17,-0.0029822527502091486,0.0
2020-08-18,-0.004249473363510054,0.0
2020-08-19,-0.005127701200918391,0.0
2020-08-20,-0.006342457786554941,0.0
2020-08-21,-0.002799187801258883,0.0
2020-08-24,0.019847082396755082,0.0
2020-08-25,-0.002072875910194837,0.0
2020-08-26,-0.0033886315931601447,0.0
2020-08-27,0.0055527649488333625,0.0
2020-08-28,0.010887639098485285,0.0
2020-08-31,-0.010901843120781232,0.0
2020-09-01,0.005595095366451641,1.0702091328156877
2020-09-02,0.018520784890712953,0.0
2020-09-03,-0.022584766542851048,0.0
2020-09-04,-0.002362818273616618,0.0
2020-09-08,-0.021421423958189793,0.0
2020-09-09,0.014013303856600375,0.0
2020-09-10,-0.013174412292435857,0.0
2020-09-11,0.006286421611116831,0.0
2020-09-14,0.014723862654167493,0.0
2020-09-15,2.1732904522580535e-05,0.0
2020-09-16,0.00770198605111228,0.0
2020-09-17,-0.0023681748562635525,0.0
2020-09-18,-0.010420805209383793,0.0
2020-09-21,-0.030505503725754165,0.0
2020-09-22,-0.002704703733541188,0.0
2020-09-23,-0.020998450129123183,0.0
2020-09-24,0.0018562623272762315,0.0
2020-09-25,0.010665785831229372,0.0
2020-09-28,0.019483520734517274,0.0
2020-09-29,-0.006806370435490894,0.0
2020-09-30,0.006685633775800743,0.0
2020-10-01,-0.0002188319014084783,0.9756333690759551
2020-10-02,0.0019377307379602913,0.0
2020-10-05,0.015579752779152203,0.0
2020-10-06,-0.013588616166815792,0.0
2020-10-07,0.016694866956180186,0.0
2020-10-08,0.010502371842061507,0.0
2020-10-09,0.004320572883075967,0.0
2020-10-12,0.006736330532571652,0.0
2020-10-13,-0.008618117281512638,0.0
2020-10-14,-0.0015730040197257592,0.0
2020-10-15,0.0015677921538956164,0.0
2020-10-16,-0.001953192285196229,0.0
2020-10-19,-0.013023328192603602,0.0
2020-10-20,0.005412800465268522,0.0
2020-10-21,-0.003599327010095736,0.0
2020-10-22,0.009504201885217039,0.0
2020-10-23,0.0027068811692646235,0.0
2020-10-26,-0.022330370093459576,0.0
2020-10-27,-0.01106944065595292,0.0
2020-10-28,-0.03400672604615813,0.0
2020-10-29,0.007435751372054842,0.0
2020-10-30,-0.003720129046202668,0.0
2020-11-02,0.01864809039930182,0.7621931908292424
2020-11-03,0.01812437778271457,0.0
2020-11-04,0.007160787184978192,0.0
2020-11-05,0.014950297936889189,0.0
2020-11-06,0.0025902548518811092,0.0
2020-11-09,0.017699587676186422,0.0
2020-11-10,0.004831106847194419,0.0
2020-11-11,0.004906212174130225,0.0
2020-11-12,-0.012350744590507333,0.0
2020-11-13,0.017914739807166995,0.0
2020-11-16,0.013459520879357716,0.0
2020-11-17,-0.0044272772288175425,0.0
2020-11-18,-0.009437814759269072,0.0
2020-11-19,0.0033449505297334504,0.0
2020-11-20,-0.0068846417631934845,0.0
2020-11-23,0.007716001469804544,0.0
2020-11-24,0.016119425450080115,0.0
2020-11-25,-0.003210931975028122,0.0
2020-11-27,0.0021010476625542398,0.0
2020-11-30,-0.001104518246770408,0.0
2020-12-01,0.005817765464358082,1.0771139362697078
2020-12-02,-0.0014656217903765733,0.0
2020-12-03,0.0022857208191133646,0.0
2020-12-04,0.010428223609004812,0.0
2020-12-07,-0.0037243455212110465,0.0
2020-12-08,0.0011910932981013768,0.0
2020-12-09,-0.0004843617428104052,0.0
2020-12-10,-0.003305015838488485,0.0
2020-12-11,-0.0021039195126901734,0.0
2020-12-14,-0.00883534084588353,0.0
2020-12-15,0.015208777341222958,0.0
2020-12-16,-0.0014413838068070121,0.0
2020-12-17,0.00834221321587814,0.0
2020-12-18,-0.001315470246932197,0.0
2020-12-21,-0.006096194916173348,0.0
2021-01-08,-0.003422982607425573,0.7520307241281827
2021-01-11,-0.004396190024549794,0.0
2021-01-12,0.007524602673503295,0.0
2021-01-13,-0.0009631038231732447,0.0
2021-01-14,0.0010914346672809298,0.0
2021-01-15,-0.0065485149524493,0.0
2021-01-19,0.0008754836985779822,0.0
2021-01-20,0.00616101689809689,0.0
2021-01-21,-0.007462194908352817,0.0
2021-01-22,-0.004291107749134623,0.0
2021-01-25,-0.0015539550662505756,0.0
2021-01-26,-0.004146996556916917,0.0
2021-01-27,-0.024360017996476697,0.0
2021-01-28,0.013033583727001493,0.0
2021-01-29,-0.019241049935578937,0.0
2021-02-01,0.010669988912053618,0.6367034924314081
2021-02-02,0.018919676406007606,0.0
2021-02-03,0.01042929716893532,0.0
2021-02-04,0.019277929858304524,0.0
2021-02-05,0.00431590192373203,0.0
2021-02-08,0.013528950792031511,0.0
2021-02-09,-0.0017395301100728328,0.0
2021-02-10,0.005276148285146756,0.0
2021-02-11,-0.0007348324134883585,0.0
2021-02-12,0.005650008466279241,0.0
2021-02-16,0.002179125439552641,0.0
2021-02-17,-0.0009272453028313177,0.0
2021-02-18,-0.005918517006276383,0.0
2021-02-19,0.013792947160699578,0.0
2021-02-22,0.018252676553436202,0.0
2021-02-23,0.009552326072469397,0.0
2021-02-24,0.022937771177612427,0.0
2021-02-25,-0.024986021337345905,0.0
2021-02-26,-0.010003527060179148,0.0
2021-03-01,0.021069871443509136,0.7117819586176279
2021-03-02,-0.003320583660312894,0.0
2021-03-03,5.5376334267603824e-05,0.0
2021-03-04,-0.012287712626677142,0.0
2021-03-05,0.025043758651330246,0.0
2021-03-08,0.014618917923169052,0.0
2021-03-09,-0.007029395932905121,0.0
2021-03-10,0.013797928543020612,0.0
2021-03-11,0.0015278289777997404,0.0
2021-03-12,0.008972324450779886,0.0
2021-03-15,0.006441418562247693,0.0
2021-03-16,-0.010832187023377165,0.0
2021-03-17,0.0046229323205577875,0.0
2021-03-18,-0.0066004839810302855,0.0
2021-03-19,-0.005771142482588632,0.0
2021-03-22,-0.00271759867192861,0.0
2021-03-23,-0.023523648664816217,0.0
2021-03-24,0.0017538161871600566,0.0
2021-03-25,0.018112234960602547,0.0
2021-03-26,0.018936972993847126,0.0
2021-03-29,-0.0066629325499238945,0.0
2021-03-30,0.0032816672136626694,0.0
2021-03-31,-0.005769315698169393,0.0
2021-04-01,0.00736605858559547,1.0125377636026607
2021-04-05,0.010608841239117773,0.0
2021-04-06,0.00126118327622048,0.0
2021-04-07,-0.0016775147022370243,0.0
2021-04-08,0.002077016079312787,0.0
2021-04-09,0.006160602821601078,0.0
2021-04-12,0.0015220240540788667,0.0
2021-04-13,-0.00266715889534371,0.0
2021-04-14,-0.0005531478749081325,0.0
2021-04-15,0.007388759735162035,0.0
2021-04-16,0.0048435318805685424,0.0
2021-04-19,-0.00351967327460483,0.0
2021-04-20,-0.006470446432891574,0.0
2021-04-21,0.004953486051506873,0.0
2021-04-22,-0.006423856512001528,0.0
2021-04-23,0.010025383202218342,0.0
2021-04-26,0.0008388674905159059,0.0
2021-04-27,0.002325812610137985,0.0
2021-04-28,-0.0002654357475769802,0.0
2021-04-29,0.009725235967605557,0.0
2021-04-30,-0.006452202078325394,0.0
2021-05-03,0.002727722825746959,1.1864090687673339
2021-05-04,0.0021711754535986864,0.0
2021-05-05,0.00024657638990800587,0.0
2021-05-06,0.008712802349035789,0.0
2021-05-07,0.006903353087952625,0.0
2021-05-10,0.002502321843237428,0.0
2021-05-11,-0.012221274654827842,0.0
2021-05-12,-0.019284894797335528,0.0
2021-05-13,0.014569547473941416,0.0
2021-05-14,0.007888704518536332,0.0
2021-05-17,-0.0017301352656331084,0.0
2021-05-18,-0.0073789387651464955,0.0
2021-05-19,-0.003666448203603235,0.0
2021-05-20,0.008023376486045822,0.0
2021-05-21,0.0018373696733505194,0.0
2021-05-24,0.0035236236982262702,0.0
2021-05-25,-0.006291767455089732,0.0
2021-05-26,0.000974305294640261,0.0
2021-05-27,0.0014113826721110416,0.0
2021-05-28,0.0018510325716281448,0.0
2021-06-01,-0.0007028589322112255,0.8222526711687608
2021-06-02,0.004492790974458387,0.0
2021-06-03,0.0007398200226474982,0.0
2021-06-04,0.0058528295525094465,0.0
2021-06-07,-0.0020745246482236903,0.0
2021-06-08,-0.0005897731588827357,0.0
2021-06-09,9.146499050717604e-06,0.0
2021-06-10,0.006439309528576548,0.0
2021-06-11,0.0025563701834622646,0.0
2021-06-14,0.0005039955231946399,0.0
2021-06-15,-0.00036550648282044544,0.0
2021-06-16,-0.0077873475204240875,0.0
2021-06-17,-0.0012006952370941827,0.0
2021-06-18,-0.017707514570122245,0.0
2021-06-21,0.016327969674439016,0.0
2021-06-22,0.00013984291710418865,0.0
2021-06-23,-0.00483043137745646,0.0
2021-06-24,0.004184260700949212,0.0
2021-06-25,0.007394196143351678,0.0
2021-06-28,-0.0020795573613076757,0.0
2021-06-29,-0.003066581519443905,0.0
2021-06-30,-0.0004332274579417984,0.0
2021-07-01,0.006368606622232598,0.8248184971403272
2021-07-02,0.0023143866646193646,0.0
2021-07-06,-0.007089592450879225,0.0
2021-07-07,0.0034245399369407636,0.0
2021-07-08,-0.009173600410399774,0.0
2021-07-09,0.012924422700643215,0.0
2021-07-12,0.001166528281506453,0.0
2021-07-13,-0.007835396949415959,0.0
2021-07-14,0.0007482509660062483,0.0
2021-07-15,-0.00016654456542058153,0.0
2021-07-16,-0.002882455726966042,0.0
2021-07-19,-0.01866633248530685,0.0
2021-07-20,0.01526906795119402,0.0
2021-07-21,0.006120171933782046,0.0
2021-07-22,-0.003608484061826756,0.0
2021-07-23,0.007333431008488198,0.0
2021-07-26,0.004195997857000879,0.0
2021-07-27,0.001938424554880079,0.0
2021-07-28,-0.003818917664904986,0.0
2021-07-29,0.00567719937456496,0.0
2021-07-30,-0.0029376318254283407,0.0
2021-08-02,-0.0017699762413777576,0.8643343357621229
2021-08-03,0.005589132009835931,0.0
2021-08-04,-0.015470709552192555,0.0
2021-08-05,0.00256582901012994,0.0
2021-08-06,0.0026677973764123535,0.0
2021-08-09,-0.0018554094739323787,0.0
2021-08-10,0.0007397058664385236,0.0
2021-08-11,0.005438286095434174,0.0
2021-08-12,-0.0009993209755910764,0.0
2021-08-13,0.003442149155589348,0.0
2021-08-16,0.004532346397298596,0.0
2021-08-17,-0.001814315541103398,0.0
2021-08-18,-0.010755453943988979,0.0
2021-08-19,0.0031311817246890044,0.0
2021-08-20,0.0056668899681004735,0.0
2021-08-23,0.0023901430748900117,0.0
2021-08-24,-0.0021895014634511676,0.0
2021-08-25,0.001964586699463195,0.0
2021-08-26,-0.005678891419210537,0.0
2021-08-27,0.006535288229512099,0.0
2021-08-30,0.0017321556732594042,0.0
2021-08-31,0.0012201480226991502,0.0
2021-09-01,0.0012780322019927404,0.8166260574165991
2021-09-02,0.004228260125948311,0.0
2021-09-03,-0.0027476708374121967,0.0
2021-09-07,-0.00925366343275204,0.0
2021-09-08,0.005956301878477633,0.0
2021-09-09,-0.005985197788626033,0.0
2021-09-10,-0.007351626601902188,0.0
2021-09-13,0.0017152250719575032,0.0
2021-09-14,-0.004591591838669547,0.0
2021-09-15,0.004409771167338799,0.0
2021-09-16,-0.0008656684415721701,0.0
2021-09-17,-0.007580853859209508,0.0
2021-09-20,-0.010913022475162602,0.0
2021-09-21,-0.0033634830807041435,0.0
2021-09-22,0.0069253393087369665,0.0
2021-09-23,0.006680681771288017,0.0
2021-09-24,0.00012723447729730074,0.0
2021-09-27,-0.0032080085306597666,0.0
2021-09-28,-0.013531339441932258,0.0
2021-09-29,0.0069316509897263765,0.0
2021-09-30,-0.015798153404684448,0.0
2021-10-01,0.007420096654814801,0.7360287182125368
2021-10-04,-0.00667242642510749,0.0
2021-10-05,0.005594948817116,0.0
2021-10-06,0.006211019175379563,0.0
2021-10-07,0.006765392264269151,0.0
2021-10-08,-0.0043811415662810705,0.0
2021-10-11,-0.005920344966081108,0.0
2021-10-12,0.0008030688234695717,0.0
2021-10-13,0.004706554434141091,0.0
2021-10-14,0.015781055139087067,0.0
2021-10-15,0.0022198273341392924,0.0
2021-10-18,-0.002515709845398581,0.0
2021-10-19,0.007495866448468358,0.0
2021-10-20,0.0073375399540006525,0.0
2021-10-21,0.004181261123978312,0.0
2021-10-22,0.0027792898382216565,0.0
2021-10-25,-0.00041132112359053524,0.0
2021-10-26,-0.00012783905648019967,0.0
2021-10-27,-0.008841670340400992,0.0
2021-10-28,0.0061155908773831424,0.0
2021-10-29,0.00048698367782305406,0.0
2021-11-01,0.0024584820409812025,0.7628707457454612
2021-11-02,0.003081968992206089,0.0
2021-11-03,0.0040601613874414865,0.0
2021-11-04,-0.001316278136491797,0.0
2021-11-05,0.007351857783727357,0.0
2021-11-08,1.8151758309641096e-05,0.0
2021-11-09,0.00039011764281288337,0.0
2021-11-10,-0.002456165110261951,0.0
2021-11-11,-0.0019526485213665092,0.0
2021-11-12,0.0043112374822565115,0.0
2021-11-15,0.0023650876242942193,0.0
2021-11-16,0.0011437368020929342,0.0
2021-11-17,-0.0036878520099733704,0.0
2021-11-18,-0.005155111501281032,0.0
2021-11-19,-0.0019205346592376389,0.0
2021-11-22,-0.0017289686934376838,0.0
2021-11-23,0.00044184739338124423,0.0
2021-11-24,-2.8451144885726276e-05,0.0
2021-11-26,-0.01988498843981191,0.0
2021-11-29,0.005989868031534849,0.0
2021-11-30,-0.02600649427575878,0.0
2021-12-01,-0.012323760160163566,0.9171814974959968
2021-12-02,0.02037141973257106,0.0
2021-12-03,-0.0006442758568982391,0.0
2021-12-06,0.017511837594268113,0.0
2021-12-07,0.01252562451418705,0.0
2021-12-08,0.003791683431181776,0.0
2021-12-09,-0.004085185160898989,0.0
2021-12-10,0.005195964172027228,0.0
2021-12-13,-0.001856004458861206,0.0
2021-12-14,-0.005207365712305427,0.0
2021-12-15,0.0037316213605350724,0.0
2021-12-16,-1.8662046613202358e-05,0.0
2021-12-17,-0.009680149871505131,0.0
2021-12-20,-0.011107237893640737,0.0
2022-01-11,-0.0020804561145568723,0.9124541309850251
2022-01-12,0.001678571047133051,0.0
2022-01-13,-0.005010054985607852,0.0
2022-01-14,-0.004764700520335542,0.0
2022-01-18,-0.017162548330730977,0.0
2022-01-19,-0.009320039799195792,0.0
2022-01-20,-0.011858766981896883,0.0
2022-01-21,-0.014042400735406838,0.0
2022-01-24,0.007700243025663998,0.0
2022-01-25,-0.01475494015547588,0.0
2022-01-26,-0.006460324180448477,0.0
2022-01-27,-0.008815862196300447,0.0
2022-01-28,0.015752500298449434,0.0
2022-01-31,0.018193871651791926,0.0
2022-02-01,0.007226150751849625,0.9480028659705648
2022-02-02,0.0012285150469802377,0.0
2022-02-03,-0.027963443259613436,0.0
2022-02-04,0.001523130036961195,0.0
2022-02-07,0.0019386813517603028,0.0
2022-02-08,0.01639012558664757,0.0
2022-02-09,0.02572404321919558,0.0
2022-02-10,-0.01552733264047213,0.0
2022-02-11,-0.02349568745118992,0.0
2022-02-14,-0.004786201694701034,0.0
2022-02-15,0.027805271503700255,0.0
2022-02-16,-0.004875979224309914,0.0
2022-02-17,-0.02587335307742608,0.0
2022-02-18,-0.008397597811723648,0.0
2022-02-22,-0.012664137097447912,0.0
2022-02-23,-0.02095419508016831,0.0
2022-02-24,0.02185389398543195,0.0
2022-02-25,0.028193496288014836,0.0
2022-02-28,-0.0043804290763821314,0.0
2022-03-01,-0.025753386278932977,0.9998303841139395
2022-03-02,0.024165160961190237,0.0
2022-03-03,-0.009487313900222578,0.0
2022-03-04,-0.018203425581272775,0.0
2022-03-07,-0.039786414552779245,0.0
2022-03-08,0.002039136146581279,0.0
2022-03-09,0.028752785094596087,0.0
2022-03-10,-0.006815048671241669,0.0
2022-03-11,-0.013282203764495074,0.0
2022-03-14,-0.005381510056007141,0.0
2022-03-15,0.020937748249741036,0.0
2022-03-16,0.02830252663955527,0.0
2022-03-17,0.011919732407831306,0.0
2022-03-18,0.012218961624616886,0.0
2022-03-21,-0.007505902514459066,0.0
2022-03-22,0.010770434100945792,0.0
2022-03-23,-0.017541863434646372,0.0
2022-03-24,0.012685921617466202,0.0
2022-03-25,0.0040542526396122125,0.0
2022-03-28,0.00434715761261984,0.0
2022-03-29,0.02356419315036374,0.0
2022-03-30,-0.01177933344192437,0.0
2022-03-31,-0.015701337053414584,0.0
2022-04-01,0.0005820824896396459,0.9169749921783948
2022-04-04,0.009371301387816095,0.0
2022-04-05,-0.03417541298628925,0.0
2022-04-06,-0.016532475059701263,0.0
2022-04-07,-0.0017322200428434298,0.0
2022-04-08,-0.0002485107597234582,0.0
2022-04-11,-0.004184456096193339,0.0
2022-04-12,-0.011760508032143239,0.0
2022-04-13,0.015598528764928217,0.0
2022-04-14,-0.008548222677891456,0.0
2022-04-18,0.0005667196306317825,0.0
2022-04-19,0.02458721464619812,0.0
2022-04-20,0.0010924959218013945,0.0
2022-04-21,-0.015936304861938977,0.0
2022-04-22,-0.02455642930365713,0.0
2022-04-25,0.008377405683779256,0.0
2022-04-26,-0.03049979235961054,0.0
2022-04-27,0.0005574326537037839,0.0
2022-04-28,0.022096797048436652,0.0
2022-04-29,-0.02968857549822202,0.0
2022-05-02,0.011932055808931086,0.8731199486723966
2022-05-03,0.008358983676476944,0.0
2022-05-04,0.030741312613358843,0.0
2022-05-05,-0.041811129540973296,0.0
2022-05-06,-0.023250844009898075,0.0
2022-05-09,-0.036479616649916655,0.0
2022-05-10,4.2734698174395306e-05,0.0
2022-05-11,-0.025072648048566168,0.0
2022-05-12,0.008002148984202902,0.0
2022-05-13,0.0336152638583661,0.0
2022-05-16,-0.01220991905822915,0.0
2022-05-17,0.03330351075581227,0.0
2022-05-18,-0.04179776917500501,0.0
2022-05-19,-0.0008222345651766395,0.0
2022-05-20,0.0009999644463296127,0.0
2022-05-23,0.01220664996954826,0.0
2022-05-24,-0.02118318783645025,0.0
2022-05-25,0.020942821503813838,0.0
2022-05-26,0.03184012027928376,0.0
2022-05-27,0.02764848348822517,0.0
2022-05-31,-0.00607646358119035,0.0
2022-06-01,-0.014404806397783632,1.1096538971398084
2022-06-02,0.025092011425108918,0.0
2022-06-03,-0.01738186072453341,0.0
2022-06-06,0.0046046945759700576,0.0
2022-06-07,0.00665286168226502,0.0
2022-06-08,-0.013258231514735217,0.0
2022-06-09,-0.024534678202263446,0.0
2022-06-10,-0.045809146398707375,0.0
2022-06-13,-0.04699525492149302,0.0
2022-06-14,-0.0064693888275586565,0.0
2022-06-15,0.015713672176436523,0.0
2022-06-16,-0.040851627040971734,0.0
2022-06-17,0.010831480747795292,0.0
2022-06-21,0.010735762060817987,0.0
2022-06-22,-0.0006100034321144491,0.0
2022-06-23,0.01096467921442034,0.0
2022-06-24,0.039118517285163815,0.0
2022-06-27,-0.00569039489556112,0.0
2022-06-28,-0.01974190387202972,0.0
2022-06-29,-0.021259296745584265,0.0
2022-06-30,-0.012081092429971747,0.0
2022-07-01,0.015636881380689527,0.9224854579150771
2022-07-05,0.006556922473761976,0.0
2022-07-06,-0.00861115194945963,0.0
2022-07-07,0.025556938791239783,0.0
2022-07-08,-0.006319630356700758,0.0
2022-07-11,-0.020132318725485977,0.0
2022-07-12,0.0053380413621724404,0.0
2022-07-13,-0.004112052802363571,0.0
2022-07-14,-0.008995635289548484,0.0
2022-07-15,0.02610490709719051,0.0
2022-07-18,0.0035467461098162784,0.0
2022-07-19,0.03996106368032623,0.0
2022-07-20,0.017651410791340794,0.0
2022-07-21,0.0053109708914308214,0.0
2022-07-22,-0.012705341095529756,0.0
2022-07-25,0.00048517163409509084,0.0
2022-07-26,-0.016693594237287675,0.0
2022-07-27,0.029048100668102133,0.0
2022-07-28,0.013990357901343425,0.0
2022-07-29,0.008541545463022684,0.0
2022-08-01,-0.0006723466192580796,0.9708904886051797
2022-08-02,-0.0063082090270983795,0.0
2022-08-03,0.013772439524605206,0.0
2022-08-04,-0.00621691372701265,0.0
2022-08-05,0.0005698117122222026,0.0
2022-08-08,0.006906449905145477,0.0
2022-08-09,-0.011647811753588816,0.0
2022-08-10,0.024634470205183986,0.0
2022-08-11,0.006270320844362234,0.0
2022-08-12,0.014196787913536131,0.0
2022-08-15,0.0014386119712190108,0.0
2022-08-16,0.006620398463878786,0.0
2022-08-17,-0.015530923439279792,0.0
2022-08-18,0.002483018853089289,0.0
2022-08-19,-0.015891104103027527,0.0
2022-08-22,-0.02528105855654047,0.0
2022-08-23,0.0009948786825736563,0.0
2022-08-24,0.006084322725739437,0.0
2022-08-25,0.016518274131107475,0.0
2022-08-26,-0.034943756663982695,0.0
2022-08-29,-0.005982395991005545,0.0
2022-08-30,-0.009062875768184769,0.0
2022-08-31,-0.0084835247985248,0.0
2022-09-01,-0.0012330886755093085,1.1132975732872024
2022-09-02,-0.007607662830482436,0.0
2022-09-06,-0.005150523773753591,0.0
2022-09-07,0.026461040930367122,0.0
2022-09-08,0.013406304218764889,0.0
2022-09-09,0.020531545357277983,0.0
2022-09-12,0.010373632478536829,0.0
2022-09-13,-0.051018918798261786,0.0
2022-09-14,-0.001153630203905182,0.0
2022-09-15,-0.007645221626344318,0.0
2022-09-16,-0.012600312026684858,0.0
2022-09-19,0.00642267407397891,0.0
2022-09-20,-0.018769367813855478,0.0
2022-09-21,-0.019501004227138005,0.0
2022-09-22,-0.02216472275696149,0.0
2022-09-23,-0.015029876619087511,0.0
2022-09-26,-0.013743937932758061,0.0
2022-09-27,-0.0002547921461138266,0.0
2022-09-28,0.028050628283300075,0.0
2022-09-29,-0.02434706131843524,0.0
2022-09-30,-0.016399745646425833,0.0
2022-10-03,0.0300642814699561,0.8995816978244477
2022-10-04,0.04293542627711498,0.0
2022-10-05,-0.0058074422245746335,0.0
2022-10-06,-0.014510095713396036,0.0
2022-10-07,-0.03150596726000564,0.0
2022-10-10,-0.013251080061160818,0.0
2022-10-11,-0.007518983653205668,0.0
2022-10-12,-0.002888259959521953,0.0
2022-10-13,0.024650176657195332,0.0
2022-10-14,-0.021294920265442815,0.0
2022-10-17,0.025488805302070067,0.0
2022-10-18,0.014828625940663151,0.0
2022-10-19,-0.01639164519974013,0.0
2022-10-20,-0.00848061172723193,0.0
2022-10-21,0.02314746184564211,0.0
2022-10-24,0.009229814256912577,0.0
2022-10-25,0.026359696007860096,0.0
2022-10-26,-0.00010116620786366636,0.0
2022-10-27,-0.002638444288102909,0.0
2022-10-28,0.023052937026474086,0.0
2022-10-31,-0.008878860113769168,0.0
2022-11-01,-0.0008483507663110679,0.9997856662906663
2022-11-02,-0.029289806776310774,0.0
2022-11-03,-0.01126246940909837,0.0
2022-11-04,0.023696159316976478,0.0
2022-11-07,0.008612191086138875,0.0
2022-11-08,0.009158426203898895,0.0
2022-11-09,-0.022533647759665626,0.0
2022-11-10,0.08020544654486754,0.0
2022-11-11,0.02953036664060369,0.0
2022-11-14,-0.017639725572154395,0.0
2022-11-15,0.013717982332290005,0.0
2022-11-16,-0.02351785633024424,0.0
2022-11-17,-0.00881500111388376,0.0
2022-11-18,0.003140861455084701,0.0
2022-11-21,-0.005470334716663902,0.0
2022-11-22,0.015163300746021038,0.0
2022-11-23,0.008566643858242096,0.0
2022-11-25,4.7678147556286254e-05,0.0
2022-11-28,-0.019478763397343286,0.0
2022-11-29,0.005826930340881856,0.0
2022-11-30,0.03343038916571246,0.0
2022-12-01,0.0013125969594172116,1.1266786801469735
2022-12-02,-0.0032219870311050963,0.0
2022-12-05,-0.026144392803096134,0.0
2022-12-06,-0.014434718334018798,0.0
2022-12-07,-0.00393777647932743,0.0
2022-12-08,0.00579523649751418,0.0
2022-12-09,-0.005178299360381342,0.0
2022-12-12,0.015449918879038415,0.0
2022-12-13,0.008482559337768062,0.0
2022-12-14,-0.010546474399121777,0.0
2022-12-15,-0.026744100883144665,0.0
2022-12-16,-0.014729750833898068,0.0
2022-12-19,-0.0117945618008032,0.0
2022-12-20,-0.0067424828187664584,0.0
2022-12-21,0.015594349183644664,0.0
2022-12-22,-0.013769505937934256,0.0
2023-01-05,-0.01560437433287698,0.7528911330266654
2023-01-06,0.027429985204326365,0.0
2023-01-09,0.007457216168561634,0.0
2023-01-10,0.010356574152461367,0.0
2023-01-11,0.017806869719036174,0.0
2023-01-12,0.007445698436645443,0.0
2023-01-13,0.002061498716563062,0.0
2023-01-17,0.0015214462712583926,0.0
2023-01-18,-0.012400355762716966,0.0
2023-01-19,-0.013334066125836489,0.0
2023-01-20,0.027562819903675914,0.0
2023-01-23,0.022854329056008253,0.0
2023-01-24,-0.005823663046562431,0.0
2023-01-25,0.003137216330814705,0.0
2023-01-26,0.01101241523953265,0.0
2023-01-27,0.007437703580648997,0.0
2023-01-30,-0.017183073415388682,0.0
2023-01-31,0.022654315408318828,0.0
2023-02-01,0.020555560831095887,1.4565726417677163
2023-02-02,0.011051967057814485,0.0
2023-02-03,-0.01182639430283801,0.0
2023-02-06,-0.007236373127963528,0.0
2023-02-07,0.006778738473419563,0.0
2023-02-08,-0.01270070173326092,0.0
2023-02-09,-0.01017533410254316,0.0
2023-02-10,0.005764184463621988,0.0
2023-02-13,0.010035329320978403,0.0
2023-02-14,-0.005281237552920229,0.0
2023-02-15,0.005954045736507074,0.0
2023-02-16,-0.01063146123632714,0.0
2023-02-17,0.0035289833661692493,0.0
2023-02-21,-0.02238396726871711,0.0
2023-02-22,-0.002646416713626757,0.0
2023-02-23,6.430118031700672e-05,0.0
2023-02-24,-0.009878192819364862,0.0
2023-02-27,-0.000711217685970681,0.0
2023-02-28,-0.003301056305640284,0.0
2023-03-01,-0.006628371257872634,1.3807135599890668
2023-03-02,0.009883603255246586,0.0
2023-03-03,0.016150553518156342,0.0
2023-03-06,-0.008674659505364639,0.0
2023-03-07,-0.01883573291059132,0.0
2023-03-08,0.0038616774737072774,0.0
2023-03-09,-0.02474029746314616,0.0
2023-03-10,-0.025422256580586097,0.0
2023-03-13,-0.012688103901104714,0.0
2023-03-14,0.012025126401922935,0.0
2023-03-15,-0.014154667064780021,0.0
2023-03-16,0.009880224513538455,0.0
2023-03-17,-0.01458888986476911,0.0
2023-03-20,0.00873606359270064,0.0
2023-03-21,0.01644445757102856,0.0
2023-03-22,-0.024642362535717992,0.0
2023-03-23,0.001198227287173905,0.0
2023-03-24,0.005385538922669252,0.0
2023-03-27,0.004330219366248051,0.0
2023-03-28,-2.2846096669568036e-05,0.0
2023-03-29,0.020216534769090858,0.0
2023-03-30,0.006388053599817294,0.0
2023-03-31,0.01775016485405099,0.0
2023-04-03,-0.0007905540049545356,1.1867326091680201
2023-04-04,-0.017981922529911196,0.0
2023-04-05,-0.007650210092557643,0.0
2023-04-06,0.0028931100548138344,0.0
2023-04-10,0.010077360540766153,0.0
2023-04-11,0.01303036156838172,0.0
2023-04-12,-0.010800862866068899,0.0
2023-04-13,0.008563527094752096,0.0
2023-04-14,-0.004448401392106723,0.0
2023-04-17,0.01259737621708766,0.0
2023-04-18,-0.0006544612457562006,0.0
2023-04-19,0.0055206820583841845,0.0
2023-04-20,-0.013004702833923671,0.0
2023-04-21,-0.0040342004172183536,0.0
2023-04-24,0.00107092776765301,0.0
2023-04-25,-0.0266429450561721,0.0
2023-04-26,-0.009746510594426088,0.0
2023-04-27,0.018247559463490173,0.0
2023-04-28,0.01898248449768443,0.0
2023-05-01,-0.006970401334873144,1.058851563101088
2023-05-02,-0.022143956414225476,0.0
2023-05-03,-0.008023502464219897,0.0
2023-05-04,-0.015333977092112417,0.0
2023-05-05,0.023775400166707,0.0
2023-05-08,-0.0023291518755553294,0.0
2023-05-09,-0.005738115501867508,0.0
2023-05-10,-0.0021880237838183417,0.0
2023-05-11,-0.007340550926562222,0.0
2023-05-12,-0.002515739203678455,0.0
2023-05-15,0.017242744306809527,0.0
2023-05-16,-0.017074770241519516,0.0
2023-05-17,0.02455094606340181,0.0
2023-05-18,0.013184012105790519,0.0
2023-05-19,-0.004943571961067783,0.0
2023-05-22,0.008994607096425042,0.0
2023-05-23,-0.008554395630114089,0.0
2023-05-24,-0.014699828740022751,0.0
2023-05-25,0.0038983808534592745,0.0
2023-05-26,0.017004071979338557,0.0
2023-05-30,0.0005152494022881012,0.0
2023-05-31,-0.016271290870605953,0.0
2023-06-01,0.011996572737859479,1.3067875548698595
2023-06-02,0.03237296332544656,0.0
2023-06-05,-0.006572380011999366,0.0
2023-06-06,0.014399623187547832,0.0
2023-06-07,0.01749389285854426,0.0
2023-06-08,-0.014015981659069317,0.0
2023-06-09,-0.004704676627608739,0.0
2023-06-12,0.004175409871348374,0.0
2023-06-13,0.013297003264961726,0.0
2023-06-14,-0.007103667255262871,0.0
2023-06-15,0.01451740934079463,0.0
2023-06-16,-0.0002989357405585849,0.0
2023-06-20,-0.01243550048551995,0.0
2023-06-21,-0.0007004091950579354,0.0
2023-06-22,-0.009437897119800635,0.0
2023-06-23,-0.009689721439321529,0.0
2023-06-26,0.011545291328613,0.0
2023-06-27,0.009494249580706753,0.0
2023-06-28,-0.0030018429234692115,0.0
2023-06-29,0.01074317633441596,0.0
2023-06-30,0.006715671563624735,0.0
2023-07-03,0.007679977012464478,1.1811796069009937
2023-07-05,-0.004372338518375612,0.0
2023-07-06,-0.008315108334697775,0.0
2023-07-07,0.0022186184399033576,0.0
2023-07-10,0.00468896934048918,0.0
2023-07-11,0.0062836085567858566,0.0
2023-07-12,0.007051841992225329,0.0
2023-07-13,0.006195464370595287,0.0
2023-07-14,-0.00791499751222573,0.0
2023-07-17,-0.00020740314891401487,0.0
2023-07-18,0.00636931779849643,0.0
2023-07-19,0.011967425905058355,0.0
2023-07-20,-0.000947764322090925,0.0
2023-07-21,0.00396821766357567,0.0
2023-07-24,0.0037611689341858693,0.0
2023-07-25,0.0011606293329797781,0.0
2023-07-26,0.003914723638966697,0.0
2023-07-27,-0.007630280227762442,0.0
2023-07-28,0.006588371203516829,0.0
2023-07-31,0.0016721350351765727,0.0
2023-08-01,-0.004790899130412196,1.415894820101202
2023-08-02,-0.013148701723329062,0.0
2023-08-03,-0.003673263647697735,0.0
2023-08-04,-0.0030961947241942055,0.0
2023-08-07,0.005198982431183052,0.0
2023-08-08,-0.003925231709324527,0.0
2023-08-09,-0.0024156672092879522,0.0
2023-08-10,-0.0016531634178305128,0.0
2023-08-11,-0.0007038803279580764,0.0
2023-08-14,0.0020284466264654175,0.0
2023-08-15,-0.01315874599326071,0.0
2023-08-16,-0.008981746808363755,0.0
2023-08-17,-0.007429037102860911,0.0
2023-08-18,0.0006822603824223697,0.0
2023-08-21,2.5195986650251553e-05,0.0
2023-08-22,-0.0038879412860315203,0.0
2023-08-23,0.008445521410410183,0.0
2023-08-24,-0.01152939970485921,0.0
2023-08-25,0.004480064693659998,0.0
2023-08-28,0.0074755059423978485,0.0
2023-08-29,0.013107315500969108,0.0
2023-08-30,0.003948767517332328,0.0
2023-08-31,-0.0044292535915473686,0.0
2023-09-01,0.0009634721332527629,1.2834053092668163
2023-09-05,-0.010943996022087248,0.0
2023-09-06,-0.006153443901127793,0.0
2023-09-07,-0.010832913608397818,0.0
2023-09-08,0.0021668507269836253,0.0
2023-09-11,0.0029477168221270244,0.0
2023-09-12,0.0013768630477311622,0.0
2023-09-13,-0.006597692583094878,0.0
2023-09-14,0.014305537344591186,0.0
2023-09-15,-0.00587474236398344,0.0
2023-09-18,-0.007656430137473571,0.0
2023-09-19,-0.009553778994547766,0.0
2023-09-20,-0.005404724767927167,0.0
2023-09-21,-0.01762175921059068,0.0
2023-09-22,-0.00792881527885967,0.0
2023-09-25,0.001962698307194204,0.0
2023-09-26,-0.016041111414835427,0.0
2023-09-27,-0.0005815026269543569,0.0
2023-09-28,0.0093594499315178,0.0
2023-09-29,0.002139836666473844,0.0
2023-10-02,-0.015309903685208459,1.0202076314791066
2023-10-03,-0.022420991170451102,0.0
2023-10-04,0.006238009932514485,0.0
2023-10-05,-0.005110124921788213,0.0
2023-10-06,0.0070279822788346874,0.0
2023-10-09,0.0026933047432765953,0.0
2023-10-10,0.011366466545168118,0.0
2023-10-11,0.0017509056422943302,0.0
2023-10-12,-0.01676179945106423,0.0
2023-10-13,-0.006390698904394276,0.0
2023-10-16,0.014990497084875931,0.0
2023-10-17,0.006585136971783111,0.0
2023-10-18,-0.023750824836265637,0.0
2023-10-19,-0.03330250461374065,0.0
2023-10-20,-0.01491596055504409,0.0
2023-10-23,-0.0065371316469445976,0.0
2023-10-24,0.007946435815575706,0.0
2023-10-25,-0.018951983283483374,0.0
2023-10-26,-3.9128492286816165e-05,0.0
2023-10-27,-0.013324144348750963,0.0
2023-10-30,0.004906363246404988,0.0
2023-10-31,0.009247204878137094,0.0
2023-11-01,-0.004673987420734438,0.9629121447015583
2023-11-02,0.027959757939358384,0.0
2023-11-03,0.026605214275503924,0.0
2023-11-06,-0.010099282660734064,0.0
2023-11-07,0.0008108505469982343,0.0
2023-11-08,-0.0030163257330378785,0.0
2023-11-09,-0.016258653826505855,0.0
2023-11-10,0.013325378823228807,0.0
2023-11-13,-0.004679510338418897,0.0
2023-11-14,0.04412153325700832,0.0
2023-11-15,0.015021458414265235,0.0
2023-11-16,-0.009104507109501633,0.0
2023-11-17,0.006773023792288096,0.0
2023-11-20,0.004500483404134407,0.0
2023-11-21,-0.005860461098225121,0.0
2023-11-22,0.004629920787087657,0.0
2023-11-24,0.004239487951481707,0.0
2023-11-27,-0.005534815825818277,0.0
2023-11-28,0.0034246456671135615,0.0
2023-11-29,0.0103345784202,0.0
2023-11-30,0.003524248150336688,0.0
2023-12-01,0.025795518317073496,1.3493119767889208
2023-12-04,0.0019614471111068328,0.0
2023-12-05,-0.012634965346353257,0.0
2023-12-06,0.003255697311056965,0.0
2023-12-07,0.003265054816247736,0.0
2023-12-08,0.00168559925847213,0.0
2023-12-11,0.007550553736962561,0.0
2023-12-12,-0.0032501404745114387,0.0
2023-12-13,0.02853272152542482,0.0
2023-12-14,0.015725375744340124,0.0
2023-12-15,-0.011079063618642217,0.0
2023-12-18,-7.669619786947613e-05,0.0
2024-02-02,-0.0074726616533109524,1.0339565911842092
2024-02-05,-0.010815556691811496,0.0
2024-02-06,0.006641957172107638,0.0
2024-02-07,-0.0002185850519880285,0.0
2024-02-08,-0.0007671153523401693,0.0
2024-02-09,0.001546837651006281,0.0
2024-02-12,0.007886294732914235,0.0
2024-02-13,-0.013772795749548563,0.0
2024-02-14,0.004498911225357557,0.0
2024-02-15,0.013138149191786703,0.0
2024-02-16,-0.0021408845585453424,0.0
2024-02-20,-0.0032177392572285413,0.0
2024-02-21,0.007096295447804442,0.0
2024-02-22,0.004966321781544311,0.0
2024-02-23,0.003014808418915566,0.0
2024-02-26,-0.008688923809210571,0.0
2024-02-27,0.0046716569792146405,0.0
2024-02-28,0.0005445426741302307,0.0
2024-02-29,0.004069134541460585,0.0
2024-03-01,0.00014840240034574848,1.2825186304360687
2024-03-04,0.0046096615877732824,0.0
2024-03-05,-0.016214401999450085,0.0
2024-03-06,0.005679435976419383,0.0
2024-03-07,0.007128037931993126,0.0
2024-03-08,0.00518247721706527,0.0
2024-03-11,0.007567506428287959,0.0
2024-03-12,-0.004466821291786552,0.0
2024-03-13,0.003338143631477883,0.0
2024-03-14,-0.013813957708721215,0.0
2024-03-15,-0.0015502686177616641,0.0
2024-03-18,0.0036411555454020582,0.0
2024-03-19,-0.0030839482112180686,0.0
2024-03-20,0.00818051173444479,0.0
2024-03-21,0.007895217118848646,0.0
2024-03-22,-0.008992326764363654,0.0
2024-03-25,-0.000179436735515259,0.0
2024-03-26,-0.009909860044251526,0.0
2024-03-27,0.02261870515798656,0.0
2024-03-28,0.006276904822792799,0.0
2024-04-01,-0.00858075268673053,1.3098858472000137
2024-04-02,-0.021018487541439576,0.0
2024-04-03,-0.0025608467694666977,0.0
2024-04-04,-0.009292259582460624,0.0
2024-04-05,0.0031963932960370088,0.0
2024-04-08,0.003035274555183075,0.0
2024-04-09,0.00896133974336024,0.0
2024-04-10,-0.021629131118890334,0.0
2024-04-11,-0.0016783660009963139,0.0
2024-04-12,-0.016298301059747857,0.0
2024-04-15,-0.011234708979473342,0.0
2024-04-16,-0.005769548220735135,0.0
2024-04-17,-0.0030249439526134547,0.0
2024-04-18,-0.0013369477392130159,0.0
2024-04-19,0.002858997521358645,0.0
2024-04-22,0.0075107285420924095,0.0
2024-04-23,0.006987584100396452,0.0
2024-04-24,0.00016356854083178144,0.0
2024-04-25,-0.004525041301778696,0.0
2024-04-26,0.0006562608401942039,0.0
2024-04-29,0.008551385948695683,0.0
2024-04-30,-0.016428748368870795,0.0
2024-05-01,-0.002811464858356816,1.109212406935729
2024-05-02,0.007994966957792147,0.0
2024-05-03,0.009451935186244096,0.0
2024-05-06,0.00693754165184477,0.0
2024-05-07,0.0016771890782106254,0.0
2024-05-08,-0.002315491364679164,0.0
2024-05-09,-0.011208260204759745,0.0
2024-05-10,0.004047308050448026,0.0
2024-05-13,0.0018683043201737212,0.0
2024-05-14,0.006057540022307196,0.0
2024-05-15,0.00831721001603801,0.0
2024-05-16,-0.0006344934836854019,0.0
2024-05-17,-0.0010896995462708753,0.0
2024-05-20,-0.001913280417088712,0.0
2024-05-21,-0.0039287446213979605,0.0
2024-05-22,-0.003990109756204957,0.0
2024-05-23,-0.017046778414509665,0.0
2024-05-24,0.00588766970482759,0.0
2024-05-28,-0.004885181127213332,0.0
2024-05-29,-0.013964789990843418,0.0
2024-05-30,0.000742057290717492,0.0
2024-05-31,0.014501798080744185,0.0
2024-06-03,-0.002042649400183394,1.1021433566108099
2024-06-04,-0.002483467610509878,0.0
2024-06-05,0.0025179971412246597,0.0
2024-06-06,0.0018017287189798633,0.0
2024-06-07,-0.0042202125484466675,0.0
2024-06-10,-4.716053787801153e-05,0.0
2024-06-11,-0.0027487693969209383,0.0
2024-06-12,0.0024471613680687697,0.0
2024-06-13,-0.004980583800464773,0.0
2024-06-14,-0.004732907227245144,0.0
2024-06-17,0.00647242630084858,0.0
2024-06-18,-0.0005030129332733266,0.0
2024-06-20,0.005363190281031786,0.0
2024-06-21,0.004652748240506832,0.0
2024-06-24,0.00389004137745866,0.0
2024-06-25,-0.008290146697216758,0.0
2024-06-26,-0.001600813995339145,0.0
2024-06-27,0.000993903985362594,0.0
2024-06-28,0.0036922769061732926,0.0
2024-07-01,-0.010043243883419817,1.1284908975439045
2024-07-02,0.0026332669561763746,0.0
2024-07-03,0.0027782369422243284,0.0
2024-07-05,-0.0013810060252572262,0.0
2024-07-08,0.0008423157872045261,0.0
2024-07-09,-0.025850999854731223,0.0
2024-07-10,0.009586157003555631,0.0
2024-07-11,0.01770878850676724,0.0
2024-07-12,0.008592773769142564,0.0
2024-07-15,-0.005631185846802471,0.0
2024-07-16,0.0223665575260645,0.0
2024-07-17,-0.004235774547096686,0.0
2024-07-18,-0.007947728295376932,0.0
2024-07-19,-0.00778202196417823,0.0
2024-07-22,0.009793380732253016,0.0
2024-07-23,-0.003567136558621966,0.0
2024-07-24,-0.011505733169485586,0.0
2024-07-25,0.004262960548551811,0.0
2024-07-26,0.016167644040524645,0.0
2024-07-29,0.0027376987492978835,0.0
2024-07-30,0.00810359720802746,0.0
2024-07-31,0.007178875886162745,0.0
2024-08-01,-0.01194351964218554,1.3847822581092357
2024-08-02,-0.029050184446008633,0.0
2024-08-05,-0.022241421698315493,0.0
2024-08-06,0.010812702702192808,0.0
2024-08-07,-0.010727533547522247,0.0
2024-08-08,0.029928720951593067,0.0
2024-08-09,0.0020476836439129687,0.0
2024-08-12,-0.002993010180233096,0.0
2024-08-13,0.01711909358498445,0.0
2024-08-14,-0.00030260932677746047,0.0
2024-08-15,0.0251964927402231,0.0
2024-08-16,0.0017970825062808365,0.0
2024-08-19,0.0099779579052198,0.0
2024-08-20,-0.006269487969956744,0.0
2024-08-21,0.011204796012328624,0.0
2024-08-22,-0.010152394459869492,0.0
2024-08-23,0.014832936923283371,0.0
2024-08-26,-0.00493731480139828,0.0
2024-08-27,0.0016363260742702774,0.0
2024-08-28,-0.00899947340519881,0.0
2024-08-29,0.0008403205390519958,0.0
2024-08-30,0.008566537113193856,0.0
2024-09-03,-0.024942814900031474,1.1382729269023821
2024-09-04,-0.00553202461275851,0.0
2024-09-05,-0.005236076926348683,0.0
2024-09-06,-0.013171027240231024,0.0
2024-09-09,0.008574983672410661,0.0
2024-09-10,-0.0008804001122407136,0.0
2024-09-11,0.004779834708726883,0.0
2024-09-12,0.005266409741235093,0.0
2024-09-13,0.012493902751271407,0.0
2024-09-16,0.007535613378431813,0.0
2024-09-17,0.007401796075127561,0.0
2024-09-18,-0.00047601402141924694,0.0
2024-09-19,0.013203057015230332,0.0
2024-09-20,-0.010634751904123083,0.0
2024-09-23,0.00565361303126757,0.0
2024-09-24,0.0041796770035928245,0.0
2024-09-25,-0.010276317223453157,0.0
2024-09-26,0.018844679772694363,0.0
2024-09-27,0.008164341063001176,0.0
2024-09-30,-0.002297758315349174,0.0
2024-10-01,-0.014875690953023102,1.1688347560397845
2024-10-02,-0.008368138111153205,0.0
2024-10-03,-0.003544416685146183,0.0
2024-10-04,0.008375961891767128,0.0
2024-10-07,-0.0071186245896417396,0.0
2024-10-08,0.0006924730778470429,0.0
2024-10-09,0.008807631787263783,0.0
2024-10-10,-0.001902012195346709,0.0
2024-10-11,0.008236974876192332,0.0
2024-10-14,0.006263082417523906,0.0
2024-10-15,-0.011959376016428748,0.0
2024-10-16,0.003574936534204698,0.0
2024-10-17,-0.002461375090163782,0.0
2024-10-18,0.0019006525407158448,0.0
2024-10-21,-0.009945325042726116,0.0
2024-10-22,-0.0036503640860540048,0.0
2024-10-23,-0.0070812233027407285,0.0
2024-10-24,0.001955004906535165,0.0
2024-10-25,-0.0005419877082189045,0.0
2024-10-28,0.003466293339650427,0.0
2024-10-29,-0.0011538983590223255,0.0
2024-10-30,-0.0036056221826904727,0.0
2024-10-31,-0.012850840921089951,0.0
2024-11-01,0.004302415225639233,1.0678730846249704
2024-11-04,0.005776717277470313,0.0
2024-11-05,0.005354239786122324,0.0
2024-11-06,0.007996944207864311,0.0
2024-11-07,0.002866995852668105,0.0
2024-11-08,-0.0029539977485880473,0.0
2024-11-11,-0.00024398066101465857,0.0
2024-11-12,-0.012669655243470909,0.0
2024-11-13,0.00015950890901474614,0.0
2024-11-14,-0.006356442763006578,0.0
2024-11-15,-0.015720915532762975,0.0
2024-11-18,0.00615165526519325,0.0
2024-11-19,-0.006985573693848193,0.0
2024-11-20,0.006658952190551919,0.0
2024-11-21,0.012767188694976672,0.0
2024-11-22,0.0076968911266435385,0.0
2024-11-25,0.015509864336092121,0.0
2024-11-26,-0.008442863136216547,0.0
2024-11-27,-0.004530651238350797,0.0
2024-11-29,0.004473170905014805,0.0
2024-12-02,0.004259079189852688,0.8646354832390879
2024-12-03,-0.005298560038642736,0.0
2024-12-04,-0.0035378580884112484,0.0
2024-12-05,-0.011197699344884553,0.0
2024-12-06,0.0007875486788759038,0.0
2024-12-09,0.008631435033828128,0.0
2024-12-10,-0.00813520455152288,0.0
2024-12-11,-0.000944170012531384,0.0
2024-12-12,-0.003692582591366277,0.0
2024-12-13,-0.0013719560871547705,0.0
2024-12-16,-0.0048219157906852685,0.0
2024-12-17,-0.004993844349625985,0.0
2024-12-18,-0.027126700289241877,0.0
2024-12-19,-0.010455467636242766,0.0
2024-12-20,0.014143706325222348,0.0
2024-12-23,0.0060120297645439216,0.0
2025-03-25,-0.032941963122698925,1.1767458639433706
2025-03-26,0.0014764590873444533,0.0
2025-03-27,-0.0019995067743543977,0.0
2025-03-28,-0.013560246833904995,0.0
2025-03-31,0.005914478234313909,0.0
2025-04-01,0.0006920460077239898,0.6783760080080765
2025-04-02,0.01214972264193417,0.0
2025-04-03,-0.06874560889712561,0.0
2025-04-04,-0.0552220840611717,0.0
2025-04-07,-0.006353966909090087,0.0
2025-04-08,-0.024772272128110562,0.0
2025-04-09,0.10132752235050371,0.0
2025-04-10,-0.048702479080681,0.0
2025-04-11,0.017555405228338705,0.0
2025-04-14,0.011698536534118172,0.0
2025-04-15,-0.004755669982279394,0.0
2025-04-16,-0.01468803661569181,0.0
2025-04-17,0.008909911857918685,0.0
2025-04-21,-0.02162291999173698,0.0
2025-04-22,0.026139798551213747,0.0
2025-04-23,0.013017136539854023,0.0
2025-04-24,0.026345464197258688,0.0
2025-04-25,-0.0006509534466543516,0.0
2025-04-28,0.0033623310957318422,0.0
2025-04-29,0.002924352524686774,0.0
2025-04-30,0.00042143123822025244,0.0
2025-05-01,0.000744798748827824,1.0694568786160283
2025-05-02,0.021409429589891754,0.0
2025-05-05,-0.009979627313375913,0.0
2025-05-06,-0.011760939026604444,0.0
2025-05-07,0.00925168929865807,0.0
2025-05-08,0.0180935486825769,0.0
2025-05-09,0.0012855569320675045,0.0
2025-05-12,0.04830859766733738,0.0
2025-05-13,0.004800032482105005,0.0
2025-05-14,-0.010600452767937876,0.0
2025-05-15,0.0010977714434298427,0.0
2025-05-16,0.008875081558515678,0.0
2025-05-19,-0.0042739194088291434,0.0
2025-05-20,-0.0038777102023201115,0.0
2025-05-21,-0.028443362138185144,0.0
2025-05-22,-0.00409818415695549,0.0
2025-05-23,-0.005834829322417309,0.0
2025-05-27,0.02263107439942541,0.0
2025-05-28,-0.01013230573142308,0.0
2025-05-29,0.005778238017998002,0.0
2025-05-30,-0.006907911268563455,0.0
2025-06-02,-8.662985873564288e-05,1.1422924606757707
2025-06-03,0.011237478126152613,0.0
2025-06-04,0.000671346587263987,0.0
2025-06-05,-0.002339961293493916,0.0
2025-06-06,0.009523447135582506,0.0
2025-06-09,0.0053384889443169325,0.0
2025-06-10,0.013728760095689987,0.0
2025-06-11,-0.004395418114327214,0.0
2025-06-12,0.0016814833490382168,0.0
2025-06-13,-0.011089936572569414,0.0
2025-06-16,0.00484754403274971,0.0
2025-06-17,-0.01428560037120617,0.0
2025-06-18,-0.001578478927110317,0.0
2025-06-20,0.0028452109648980013,0.0
2025-06-23,0.003919891677186633,0.0
2025-06-24,0.01079817524356229,0.0
2025-06-25,-0.00845108042582702,0.0
2025-06-26,0.006016450313660054,0.0
2025-06-27,0.0006681823607950896,0.0
2025-06-30,0.002166218968147433,0.0
2025-07-01,0.02135132469942347,1.1378661821498008
2025-07-02,-0.0005345547386017475,0.0
2025-07-03,0.002843250028894768,0.0
2025-07-07,-0.012378676207325164,0.0
2025-07-08,0.008497888125135269,0.0
2025-07-09,0.0031772382439261486,0.0
2025-07-10,0.00672019317338118,0.0
2025-07-11,-0.00941167142268972,0.0
2025-07-14,-0.004114208001242517,0.0
2025-07-15,-0.017532813076166814,0.0
2025-07-16,0.003995246128366581,0.0
2025-07-17,0.0069781963812441455,0.0
2025-07-18,-0.004028869547117009,0.0
2025-07-21,-0.004929774884189008,0.0
2025-07-22,0.019613863161257603,0.0
2025-07-23,0.009457273123137152,0.0
2025-07-24,-0.010730744949240008,0.0
2025-07-25,0.007769833348921078,0.0
2025-07-28,-0.008313436523867734,0.0
2025-07-29,-0.002690631815353335,0.0
2025-07-30,-0.015256442822011596,0.0
2025-07-31,-0.016916367643089195,0.0
2025-08-01,-0.012520014525385537,1.0654816747119518
2025-08-04,0.006776458284047769,0.0
2025-08-05,0.001211015313572921,0.0
2025-08-06,-0.005088291310169066,0.0
2025-08-07,0.001055595994503162,0.0
2025-08-08,0.0030181455995454145,0.0
2025-08-11,-0.0038061653932830106,0.0
2025-08-12,0.015549071590461806,0.0
2025-08-13,0.022163942042095118,0.0
2025-08-14,-0.005794153321372085,0.0
2025-08-15,0.005439192824482608,0.0
2025-08-18,-0.0012120135475052723,0.0
2025-08-19,0.0111817957212724,0.0
2025-08-20,-0.0029979725719877443,0.0
2025-08-21,-0.0035596510524218603,0.0
2025-08-22,0.024773168524744902,0.0
2025-08-25,-0.010987641507772105,0.0
2025-08-26,-0.002548758671652427,0.0
2025-08-27,0.0037829592028759407,0.0
2025-08-28,-0.004724304902524111,0.0
2025-08-29,-0.016462625429515394,0.0
2025-09-02,-0.009393674455728362,1.3877433425952828
2025-09-03,-0.0034557179690852904,0.0
2025-09-04,0.005868695868326007,0.0
2025-09-05,0.0022202634251957797,0.0
2025-09-08,-0.001956432743365628,0.0
2025-09-09,-0.00227529977253513,0.0
2025-09-10,-0.0009514801012896624,0.0
2025-09-11,0.015086543305135775,0.0
2025-09-12,-0.008633145840129851,0.0
2025-09-15,-0.0019457902277139273,0.0
2025-09-16,-0.00025907274614246254,0.0
2025-09-17,-0.0008328827389414408,0.0
2025-09-18,0.006845511459924145,0.0
2025-09-19,-0.0017928478886806607,0.0
2025-09-22,0.003794753956792172,0.0
2025-09-23,-0.002682991473946861,0.0
2025-09-24,-0.0014083309200206354,0.0
2025-09-25,-0.011407751121484351,0.0
2025-09-26,0.01061358918583692,0.0
2025-09-29,0.0010756816381128698,0.0
2025-09-30,0.004444283245389708,0.0
2025-10-01,0.005090432871805994,1.1821942702254706
2025-10-02,0.005643537007392464,0.0
2025-10-03,0.006861515753310175,0.0
2025-10-06,-0.0016903445041911327,0.0
2025-10-07,-0.0058731603940541935,0.0
2025-10-08,0.00498387949182238,0.0
2025-10-09,-0.006949615793722852,0.0
2025-10-10,-0.02701958326918271,0.0
2025-10-13,0.012190386943082434,0.0
2025-10-14,0.010673507700072523,0.0
2025-10-15,-0.0004886024618289762,0.0
2025-10-16,-0.004024779696278742,0.0
2025-10-17,0.005363952637747948,0.0
2025-10-20,0.01253935675356976,0.0
2025-10-21,0.009734789421228175,0.0
2025-10-22,-0.005624552867495582,0.0
2025-10-23,0.004969758211057591,0.0
2025-10-24,0.00039657649369391305,0.0
2025-10-27,0.004145661391149542,0.0
2025-10-28,-0.009963427844496527,0.0
2025-10-29,-0.023186417697993143,0.0
2025-10-30,-0.011349369352304843,0.0
2025-10-31,-0.0023747561780434706,0.0
2025-11-03,-0.004829423983192749,1.2034212748417268
2025-11-04,-0.012479854913543427,0.0
2025-11-05,-0.00259353031681136,0.0
2025-11-06,-0.008429057795796977,0.0
2025-11-07,0.013228348931584952,0.0
2025-11-10,-0.0008438719537542485,0.0
2025-11-11,0.010426317886015116,0.0
2025-11-12,0.0024633962569409317,0.0
2025-11-13,-0.006167146906393884,0.0
2025-11-14,-0.004128646699695052,0.0
2025-11-17,-0.015157988050654773,0.0
2025-11-18,0.0013809902820905561,0.0
2025-11-19,-0.006150976962730319,0.0
2025-11-20,-0.007364262655713741,0.0
2025-11-21,0.026176969670396892,0.0
2025-11-24,-0.003643437209422809,0.0
2025-11-25,0.018656337473204325,0.0
2025-11-26,0.005008420778551739,0.0
2025-11-28,0.004459777993398425,0.0
2025-12-01,-0.004058630956398135,1.2024437863163182
2025-12-02,0.004281818153795529,0.0
2025-12-03,0.01289475062523793,0.0
2025-12-04,0.0010988659965650268,0.0
2025-12-05,0.0031518419183882746,0.0
2025-12-08,-0.0033827122381042585,0.0
2025-12-09,-0.0014218397704843589,0.0
2025-12-10,0.01616716445509711,0.0
2025-12-11,0.010166480538125782,0.0
2025-12-12,-0.02431504967442343,0.0
2025-12-15,-0.0032542894721935786,0.0
2025-12-16,-0.006319987604005303,0.0
2025-12-17,-0.006447613735909725,0.0
2025-12-18,0.0034083810655403707,0.0
2025-12-19,0.004314671510792561,0.0
2025-12-22,0.008329184364405695,0.0
2026-01-15,0.005611984994900565,1.4659841069266815
2026-01-16,-0.0035540796937871873,0.0
2026-01-20,-0.00910508774199675,0.0
2026-01-21,0.013626579797131395,0.0
2026-01-22,-0.0001804897920159907,0.0
2026-01-23,-0.0029764421678154422,0.0
2026-01-26,0.0023989488082273376,0.0
2026-01-27,0.001386385476800714,0.0
2026-01-28,-0.005039877870316798,0.0
2026-01-29,-0.002203807676558115,0.0
2026-01-30,0.0023402402633700883,0.0
2026-02-02,-0.003288495642684852,1.1447759555292358
2026-02-03,-0.019683477162985234,0.0
2026-02-04,0.015129696790609614,0.0
2026-02-05,-0.015630923353178637,0.0
2026-02-06,0.023001144798982028,0.0
2026-02-09,0.0029253020408911805,0.0
2026-02-10,-0.01836332187220635,0.0
2026-02-11,-0.0006515293923579901,0.0
2026-02-12,-0.020344591599112918,0.0
2026-02-13,0.014797457331525373,0.0
2026-02-17,-0.005484660063652856,0.0
2026-02-18,0.008024654532064282,0.0
2026-02-19,-0.0072017347356854635,0.0
2026-02-20,0.0010491779920797446,0.0
2026-02-23,-0.019171083638345337,0.0
2026-02-24,0.01109630494317074,0.0
2026-02-25,0.00041551032126586136,0.0
2026-02-26,0.0077160378222620694,0.0
2026-02-27,0.0030337121442819415,0.0
2026-03-02,-0.0034241719030807527,1.0236279938968664
2026-03-03,-0.004916610466589796,0.0
2026-03-04,0.009981737608968907,0.0
2026-03-05,-0.00042252628472859064,0.0
2026-03-06,-0.013678073773624011,0.0
2026-03-09,0.001477118851131068,0.0
2026-03-10,-0.014554112370005551,0.0
2026-03-11,-0.004611347312985925,0.0
2026-03-12,-0.022429533885329787,0.0
2026-03-13,0.0012119797644384667,0.0
2026-03-16,0.007846710313721774,0.0
2026-03-17,0.010786379314291989,0.0
2026-03-18,-0.011793178754998714,0.0
2026-03-19,0.0009844618890365673,0.0
2026-03-20,-0.013459126308084018,0.0
2026-03-23,0.009560545580669613,0.0
2026-03-24,-0.008269153827323334,0.0
2026-03-25,0.004149504506131126,0.0
2026-03-26,-0.009822392378944503,0.0
2026-03-27,-0.02163608837334213,0.0
2026-03-30,0.00015345375994172284,0.0
2026-03-31,0.02599520924293098,0.0
2026-04-01,0.0003744843365682815,1.1528855111367244
2026-04-02,-0.0010011360578047654,0.0
2026-04-06,0.007382407336731305,0.0
2026-04-07,-0.004970715171928144,0.0
2026-04-08,0.035938484003740924,0.0
2026-04-09,8.139537481126596e-05,0.0
2026-04-10,-0.005341023350385272,0.0
2026-04-13,0.01854633129017544,0.0
2026-04-14,0.008775293942550513,0.0
2026-04-15,-3.4500563668807725e-06,0.0
2026-04-16,0.005437812731621581,0.0
2026-04-17,0.01974778073359846,0.0
2026-04-20,0.002609272505419327,0.0
2026-04-21,-0.007179414281187096,0.0
2026-04-22,0.0015017311841034713,0.0
2026-04-23,-0.006384149144465823,0.0
2026-04-24,0.004826944345096442,0.0
2026-04-27,-0.00518045427625431,0.0
2026-04-28,-0.013442522425800692,0.0
2026-04-29,-0.0035650691608143693,0.0
2026-04-30,0.017481799233690722,0.0
2026-05-01,-0.0020041088481382863,0.8255923578551505
2026-05-04,-0.005665318857301791,0.0
2026-05-05,0.008733374055852791,0.0
2026-05-06,0.011075799857945422,0.0
2026-05-07,0.0007981691065069665,0.0
2026-05-08,-0.0008536192229996868,0.0
2026-05-11,-0.009718849572373588,0.0
2026-05-12,-0.0017134105415786429,0.0
2026-05-13,-0.010871073084382309,0.0
2026-05-14,0.002411173482142222,0.0
2026-05-15,-0.009602113661767612,0.0
2026-05-18,0.012435704533584004,0.0
2026-05-19,-0.008191325529410359,0.0
2026-05-20,0.020092540344634285,0.0
2026-05-21,0.004449104552437713,0.0
2026-05-22,0.007915776139000838,0.0
2026-05-26,0.00354543050776401,0.0
2026-05-27,0.002665743249582367,0.0
2026-05-28,0.015698140927584196,0.0
2026-05-29,0.009711885558732897,0.0
2026-06-01,0.009566566589594983,0.7620420541952756
2026-06-02,-3.2771569731342306e-05,0.0
2026-06-03,-0.011221069624231033,0.0
2026-06-04,0.007934408465515012,0.0
2026-06-05,-0.01996310599105769,0.0
2026-06-08,0.0024642790376887365,0.0
2026-06-09,0.009841523675594663,0.0
2026-06-10,-0.018859271004472457,0.0
2026-06-11,0.015414810184124394,0.0
2026-06-12,0.00856368443292755,0.0
2026-06-15,0.009177702775082135,0.0
2026-06-16,-0.0022915104853141023,0.0
2026-06-17,-0.01847704419339883,0.0
2026-06-18,0.010724314688527668,0.0
2026-06-22,-0.00376597811582273,0.0
2026-06-23,-0.010275963395123194,0.0
2026-06-24,0.013861491970707272,0.0
2026-06-25,0.012485513767443661,0.0
2026-06-26,0.002633500556706153,0.0
2026-06-29,0.003303758152706777,0.0
2026-06-30,-0.005238105703878575,0.0
