date,return,turnover
2005-01-07,9.999999999998899e-05,0.0
2005-01-10,9.999999999998899e-05,0.0
2005-01-11,9.999999999998899e-05,0.0
2005-01-12,9.999999999998899e-05,0.0
2005-01-13,9.999999999998899e-05,0.0
2005-01-14,9.999999999998899e-05,0.0
2005-01-18,9.999999999998899e-05,0.0
2005-01-19,9.999999999998899e-05,0.0
2005-01-20,9.999999999998899e-05,0.0
2005-01-21,9.999999999998899e-05,0.0
2005-01-24,9.999999999998899e-05,0.0
2005-01-25,9.999999999998899e-05,0.0
2005-01-26,9.999999999998899e-05,0.0
2005-01-27,9.999999999998899e-05,0.0
2005-01-28,9.999999999998899e-05,0.0
2005-01-31,9.999999999998899e-05,0.0
2005-02-01,-0.0009000999999999593,0.9999999999999999
2005-02-02,0.005024246695734508,0.0
2005-02-03,0.1118548723127718,0.0
2005-02-04,0.011386043806988065,0.0
2005-02-07,-0.0008344731332814387,0.0
2005-02-08,0.0009460531860984901,0.0
2005-02-09,-0.011175010479126434,0.0
2005-02-10,-0.09856203402247561,0.0
2005-02-11,0.010711133396457682,0.0
2005-02-14,0.11087625997891885,0.0
2005-02-15,-0.09450355262348663,0.0
2005-02-16,-0.0014497011515164945,0.0
2005-02-17,0.10124507841794865,0.0
2005-02-18,0.001873159015880832,0.0
2005-02-22,-0.11389123646125356,0.0
2005-02-23,0.0040423380412478995,0.0
2005-02-24,0.008696290713561258,0.0
2005-02-25,0.13835905770259313,0.0
2005-02-28,-0.006941102170323989,0.0
2005-03-01,-0.10404355461020176,0.05178678324929882
2005-03-02,-0.002136773068349297,0.0
2005-03-03,0.0003613116672760168,0.0
2005-03-04,0.1194472576458894,0.0
2005-03-07,-0.0939856344917611,0.0
2005-03-08,-0.006131211246078292,0.0
2005-03-09,0.09787387274159516,0.0
2005-03-10,0.0005322135009999086,0.0
2005-03-11,-0.10303805410228672,0.0
2005-03-14,0.0067127672070827725,0.0
2005-03-15,0.0998483631570966,0.0
2005-03-16,-0.00844138050323542,0.0
2005-03-17,-0.0960288543660039,0.0
2005-03-18,0.10936936224194217,0.0
2005-03-21,-0.10153111891731187,0.0
2005-03-22,0.10286005925878003,0.0
2005-03-23,-0.10319555374723409,0.0
2005-03-24,0.0012443863117944406,0.0
2005-03-28,0.0004332654792683903,0.0
2005-03-29,-0.009594641769914935,0.0
2005-03-30,0.013938485383976398,0.0
2005-03-31,0.1150731342210563,0.0
2005-04-01,-0.006144564618915216,0.20462893260418177
2005-04-04,-0.0003622549631251904,0.0
2005-04-05,0.006069469298846843,0.0
2005-04-06,0.0024700096965799235,0.0
2005-04-07,0.006177358786917175,0.0
2005-04-08,-0.008201896956592559,0.0
2005-04-11,-0.0035497873508901034,0.0
2005-04-12,0.007273334654633974,0.0
2005-04-13,-0.014130371236717287,0.0
2005-04-14,-0.01388386621340896,0.0
2005-04-15,-0.019644540780705908,0.0
2005-04-18,0.004281252746581362,0.0
2005-04-19,0.007968220429147488,0.0
2005-04-20,-0.013245778801581367,0.0
2005-04-21,0.019480391953779326,0.0
2005-04-22,-0.008768125034479848,0.0
2005-04-25,0.009396073153520965,0.0
2005-04-26,-0.011774095337951063,0.0
2005-04-27,0.004602964895640253,0.0
2005-04-28,-0.0144099344035007,0.0
2005-04-29,0.011344644741083224,0.0
2005-05-02,0.006790259133323984,0.06951308585765342
2005-05-03,-0.0008730843552140321,0.0
2005-05-04,0.012124425003126063,0.0
2005-05-05,-0.0023098262622948673,0.0
2005-05-06,0.0010356747741677836,0.0
2005-05-09,0.006506078781166522,0.0
2005-05-10,-0.010238565363775098,0.0
2005-05-11,0.003835198396182746,0.0
2005-05-12,-0.011416483255786567,0.0
2005-05-13,-0.002289977809249384,0.0
2005-05-16,0.008452291601609003,0.0
2005-05-17,0.010933294885928087,0.0
2005-05-18,0.014061587821228736,0.0
2005-05-19,0.0024261433556872903,0.0
2005-05-20,0.0013143130557531503,0.0
2005-05-23,0.005779024772965234,0.0
2005-05-24,-0.0011925649281519359,0.0
2005-05-25,-0.005642723423044336,0.0
2005-05-26,0.008009166653652785,0.0
2005-05-27,0.0024673706251370237,0.0
2005-05-31,-0.004077966674820015,0.0
2005-06-01,0.011291082540809905,0.05097395399082985
2005-06-02,0.0005792197391785753,0.0
2005-06-03,-0.0036973970757863597,0.0
2005-06-06,-0.0008465233919122456,0.0
2005-06-07,7.787882225775117e-05,0.0
2005-06-08,-0.001994996320570679,0.0
2005-06-09,0.0072579843406268794,0.0
2005-06-10,-0.0021782631762672137,0.0
2005-06-13,0.001218728853253954,0.0
2005-06-14,0.006420062529296841,0.0
2005-06-15,0.002608429854813581,0.0
2005-06-16,0.002085947854009807,0.0
2005-06-17,0.004382358548091785,0.0
2005-06-20,-0.0014583003829516505,0.0
2005-06-21,0.0010829505631322243,0.0
2005-06-22,0.00029330140740770224,0.0
2005-06-23,-0.009359185153610687,0.0
2005-06-24,-0.008458178866213868,0.0
2005-06-27,-0.0016025838981917036,0.0
2005-06-28,0.009371703262430432,0.0
2005-06-29,-0.0009998275411842042,0.0
2005-06-30,-0.004121231076980229,0.0
2005-07-01,0.005620988109518166,0.05224830493589272
2005-07-05,0.006591688503806643,0.0
2005-07-06,-0.003267317923260059,0.0
2005-07-07,0.002269416595737415,0.0
2005-07-08,0.009673192469107892,0.0
2005-07-11,0.010697446130103622,0.0
2005-07-12,0.0011913230755361858,0.0
2005-07-13,-0.002405901851321144,0.0
2005-07-14,0.003288128204648983,0.0
2005-07-15,0.0042745923250845416,0.0
2005-07-18,-0.00215047774567222,0.0
2005-07-19,0.008638521511846735,0.0
2005-07-20,0.00807139327419109,0.0
2005-07-21,-0.007804088698032525,0.0
2005-07-22,0.005418671240339679,0.002455580502018144
2005-07-25,-0.006512905577287934,0.0
2005-07-26,0.0038181507995268234,0.0
2005-07-27,0.0068192782358206866,0.0
2005-07-28,0.0065547243967868625,0.0
2005-07-29,-0.008074790337979957,0.0
2005-08-01,-0.0005075722351033374,0.05323089108948317
2005-08-02,0.006133444529281424,0.0
2005-08-03,0.001581281799239183,0.0
2005-08-04,-0.011004994132464424,0.0
2005-08-05,-0.009876158295392004,0.0
2005-08-08,9.750881233460196e-05,0.0
2005-08-09,0.003928116785756219,0.0
2005-08-10,7.397404048485975e-05,0.0
2005-08-11,0.0055071790475141715,0.0
2005-08-12,-0.0017322452459538193,0.0
2005-08-15,0.00450723538508746,0.0024455449886715227
2005-08-16,-0.01599546081368098,0.0
2005-08-17,0.004177771566538451,0.0
2005-08-18,-0.0027699699197219598,0.0
2005-08-19,-0.00045881213639320517,0.0013442654356927407
2005-08-22,0.004926230264433107,0.0
2005-08-23,-0.0033829520104609045,0.0025017214490696588
2005-08-24,-0.008723780513442367,0.0
2005-08-25,0.006104794697871941,0.0
2005-08-26,-0.004575225799734241,0.0
2005-08-29,0.0009350828725955393,0.0
2005-08-30,-0.0013433001999606708,0.0
2005-08-31,0.01081718306607351,0.0
2005-09-01,0.0002177545151835769,0.05470899856931906
2005-09-02,-0.00497915309966652,0.0
2005-09-06,0.013941566385123574,0.0
2005-09-07,0.001402289951392149,0.0
2005-09-08,-0.004603687320414386,0.0
2005-09-09,0.00818761060555791,0.0
2005-09-12,0.002809301894755164,0.0
2005-09-13,-0.004241324064323392,0.0
2005-09-14,-0.0062703045442976035,0.0
2005-09-15,-0.0011246631642510831,0.0
2005-09-16,0.010897728596173505,0.0
2005-09-19,-0.008755105583058635,0.0
2005-09-20,-0.009168380750967143,0.0
2005-09-21,-0.013954091540046969,0.0
2005-09-22,0.006032727287786425,0.0
2005-09-23,0.0010201920594650438,0.0
2005-09-26,-6.590776292737051e-05,0.0
2005-09-27,0.003138698321153273,0.0
2005-09-28,-0.0007869346928420001,0.0
2005-09-29,0.011811166192227107,0.0024562645453571103
2005-09-30,0.006895323961108906,0.0
2005-10-03,-0.0026961618353005257,0.054542831246862815
2005-10-04,-0.008776652492819368,0.0
2005-10-05,0.16064639232810984,0.0
2005-10-06,-0.007099268951312434,0.0
2005-10-07,0.004002282790037887,0.0
2005-10-10,-0.010821504274758878,0.0
2005-10-11,-0.15716801132072133,0.000316055613253927
2005-10-12,-0.008453837298704183,0.0
2005-10-13,0.18272445254205566,0.0
2005-10-14,-0.1475631890709049,0.0
2005-10-17,0.004589063750077048,0.0
2005-10-18,0.17166591441506723,0.0
2005-10-19,0.015523287935364739,0.0
2005-10-20,-0.01084284021597506,0.0
2005-10-21,0.0033882584311930837,0.0
2005-10-24,0.0143146504605815,0.0
2005-10-25,-0.003084579344997496,0.0
2005-10-26,-0.0043900663167011425,0.0
2005-10-27,-0.010588858545018232,0.0
2005-10-28,0.016967886111008645,0.0
2005-10-31,0.011310005016244264,0.0
2005-11-01,-0.16199401268772629,0.06641146131234842
2005-11-02,0.24504760312985038,0.0
2005-11-03,0.0031118064249307234,0.0
2005-11-04,-0.1862034794533936,0.0
2005-11-07,0.004123183842954011,0.0
2005-11-08,0.22175831470147248,0.0
2005-11-09,-0.18454763724605136,0.0
2005-11-10,0.2427830330136994,0.0
2005-11-11,-0.18608685469528963,0.0
2005-11-14,-0.0006060646590748762,0.0
2005-11-15,0.2265591200881853,0.0
2005-11-16,-0.18762365450623852,0.0
2005-11-17,0.01224997525770555,0.0
2005-11-18,0.23520553713024261,0.0
2005-11-21,0.002298474992723969,0.0
2005-11-22,0.002906469292779779,0.0
2005-11-23,0.002792867762291236,0.0
2005-11-25,-0.18171524713515355,0.0
2005-11-28,-0.008059673041806334,0.0
2005-11-29,0.0018461708971280189,0.0013184268769575516
2005-11-30,0.3006060086353484,0.0
2005-12-01,0.017833325632452768,0.4723630274882353
2005-12-02,0.0019725896659138426,0.0
2005-12-05,-0.006082238742359964,0.0
2005-12-06,0.0043614707366398855,0.0
2005-12-07,-0.007484776609622455,0.0
2005-12-08,-0.00033930281160188345,0.0
2005-12-09,0.004914446866060745,0.0
2005-12-12,0.0026459740278377305,0.0
2005-12-13,0.003952521718699232,0.0
2005-12-14,0.001488184093578107,0.0
2005-12-15,-0.003293119006391264,0.0
2005-12-16,0.0011312057940222324,0.0
2005-12-19,-0.012270000544027356,0.0
2005-12-20,0.0029058432687772717,0.0
2005-12-21,0.0019950273493780125,0.0
2005-12-22,0.004620321903397543,0.0
2005-12-23,0.004389563192905704,0.0
2005-12-27,-0.008710911750680703,0.0
2005-12-28,0.0024618579182451843,0.0
2005-12-29,-0.00317336833546824,0.0
2005-12-30,-0.005162860586560902,0.005059525821433188
2006-01-03,0.012198777737173927,0.04751396524825809
2006-01-04,0.22388125919154622,0.0020896957064547037
2006-01-05,0.0029107375361971007,0.0
2006-01-06,-0.16949333505137726,0.0
2006-01-09,0.0059024617185331,0.0
2006-01-10,0.0009040386267587637,0.0
2006-01-11,0.0024214920540969877,0.0
2006-01-12,0.21340640970586816,0.0
2006-01-13,0.0023692952277654866,0.0
2006-01-17,-0.002651885519581724,0.0
2006-01-18,-0.0011601645563747746,0.0
2006-01-19,-0.17735790959109515,0.0
2006-01-20,0.2097183546123225,0.0
2006-01-23,-0.18464647367311746,0.0
2006-01-24,0.2350059289775109,0.0
2006-01-25,-0.002071801946976143,0.0
2006-01-26,-0.17697859409415392,0.0
2006-01-27,0.23005973254891315,0.0
2006-01-30,0.004333323351858536,0.0
2006-01-31,-0.1869609039454283,0.00500874483493877
2006-02-01,0.23477581257669855,0.38579281117552683
2006-02-02,-0.011316205201618034,0.0
2006-02-03,-0.007926915576703674,0.0
2006-02-06,0.0026705369401309738,0.0
2006-02-07,-0.007550428223553547,0.0
2006-02-08,0.009551715962917328,0.0
2006-02-09,-0.0027599405320579435,0.0
2006-02-10,0.0019235701389181807,0.0
2006-02-13,-0.0025955190001591246,0.0
2006-02-14,0.012132048514555762,0.0
2006-02-15,0.0018535926016239298,0.0
2006-02-16,0.010779312429184342,0.0
2006-02-17,-0.0006894776789447218,0.0
2006-02-21,-0.0065428896350937515,0.002584819950429179
2006-02-22,0.010491263144849956,0.0
2006-02-23,-0.002838998058045865,0.0
2006-02-24,0.00015805758329217047,0.0
2006-02-27,0.0077873550865249115,0.0
2006-02-28,-0.011233738584104588,0.0
2006-03-01,0.006686299881173863,0.05039122535795984
2006-03-02,0.2030381543140388,0.0
2006-03-03,-0.1710109789337001,0.001456538045907022
2006-03-06,-0.008742379077220636,0.0
2006-03-07,0.2043601819321399,0.0
2006-03-08,-0.17264412288686906,0.0
2006-03-09,-0.0029666741971976184,0.0
2006-03-10,0.21946205284644438,0.0
2006-03-13,-0.17147521902712604,0.0
2006-03-14,0.22441097016514824,0.0
2006-03-15,-0.1692430036912299,0.0
2006-03-16,0.21273385757305538,0.0
2006-03-17,-0.17107284755935365,0.0
2006-03-20,0.20395883271642123,0.0
2006-03-21,-0.004368355672506259,0.0
2006-03-22,-0.16812398081061317,0.0
2006-03-23,-0.0012441339466188832,0.0
2006-03-24,0.0029059088433985745,0.0
2006-03-27,-0.0020277227219658964,0.0
2006-03-28,0.21034346710454752,0.0
2006-03-29,0.007479004908762583,0.0
2006-03-30,-0.17901263683672308,0.0
2006-03-31,0.2121113244119961,0.0019528109305288561
2006-04-03,0.0018473629215542964,0.36135714614829406
2006-04-04,0.0022312036902278854,0.0
2006-04-05,0.004980174614137429,0.0
2006-04-06,0.0019855090781120016,0.0
2006-04-07,-0.00981250213625539,0.0
2006-04-10,-0.0037454507165103584,0.0
2006-04-11,-0.007027836104567787,0.0
2006-04-12,0.002419198234903145,0.0
2006-04-13,-0.0018218290325438165,0.0
2006-04-17,-0.003592951048553945,0.0
2006-04-18,0.023144159016916386,0.0
2006-04-19,0.0037851055337686,0.0
2006-04-20,-0.001053682221454771,0.0
2006-04-21,-0.0010492977993547372,0.0
2006-04-24,0.0008484872120636006,0.0
2006-04-25,-0.00457584563552808,0.0
2006-04-26,0.0026229022890179162,0.0
2006-04-27,-0.002548335408645519,0.0
2006-04-28,0.003300084959639259,0.0
2006-05-01,-0.00624520819707397,0.05445801416131998
2006-05-02,0.0057351877875026925,0.0
2006-05-03,-0.0019683524538982307,0.0
2006-05-04,0.18717201739243183,0.0
2006-05-05,-0.14648838012759893,0.0
2006-05-08,0.0006476619766349196,0.0
2006-05-09,0.17983320981046744,0.0
2006-05-10,-0.0006653050058224456,0.0
2006-05-11,-0.013849898739184408,0.002170900707889685
2006-05-12,-0.16103031943565294,0.0
2006-05-15,0.17745944624960558,0.0
2006-05-16,-0.15387891380178356,0.0
2006-05-17,0.1578768629739812,0.0
2006-05-18,-0.15400538861117502,0.0
2006-05-19,0.18057615573415256,0.0
2006-05-22,-0.007900054626596771,0.0
2006-05-23,-0.0004968726129658523,0.0
2006-05-24,-0.15013342877848532,0.0
2006-05-25,0.1923275960669214,0.0
2006-05-26,0.005707799457913326,0.0
2006-05-30,-0.015284686127089128,0.0
2006-05-31,-0.1421445006150439,0.0
2006-06-01,0.012872339046716919,0.049689319129374646
2006-06-02,0.0006625368335711759,0.0
2006-06-05,-0.018455222341599582,0.0
2006-06-06,0.24624758397528745,0.0
2006-06-07,-0.20500183196351612,0.0
2006-06-08,0.0006626814825393399,0.0
2006-06-09,0.24306541103464488,0.0
2006-06-12,-0.014575729400902116,0.0
2006-06-13,-0.010224094012236049,0.0
2006-06-14,0.00893957280998735,0.0
2006-06-15,0.023869737091204164,0.0
2006-06-16,-0.005030673421671217,0.0
2006-06-19,-0.20919898463165262,0.0
2006-06-20,0.2498646409315545,0.0
2006-06-21,-0.1909832801012743,0.002648070229285926
2006-06-22,0.24878373248134875,0.0
2006-06-23,0.0031929291955969737,0.0
2006-06-26,0.007334154629035488,0.0
2006-06-27,-0.011613759533342823,0.0
2006-06-28,0.005655082045794064,0.0
2006-06-29,-0.19064864250220895,0.0
2006-06-30,0.27112146458659747,0.0
2006-07-03,0.005615830642153208,0.4256394400794764
2006-07-05,-0.01133144530019932,0.0
2006-07-06,0.003878480213536651,0.0
2006-07-07,-0.011025125420103964,0.0
2006-07-10,0.0008310777045573733,0.0
2006-07-11,0.005537919768144738,0.0
2006-07-12,-0.013274713720796583,0.002630415205668941
2006-07-13,-0.01128169888859182,0.0
2006-07-14,-0.006898337033647201,0.0
2006-07-17,-0.001719167227858181,0.0
2006-07-18,-0.0006700086646368764,0.0
2006-07-19,0.01860330958338748,0.0
2006-07-20,-0.011421102849984521,0.0
2006-07-21,-0.009537417142759939,0.0
2006-07-24,0.01677858245037093,0.0
2006-07-25,0.008221558758121765,0.0
2006-07-26,-0.0006487467414482621,0.0
2006-07-27,-0.0066011558085387265,0.0
2006-07-28,0.013062371640926664,0.0
2006-07-31,-0.0004808686019776745,0.0
2006-08-01,-0.00665011848432806,0.08248325258914925
2006-08-02,0.007910307192122027,0.0
2006-08-03,0.0050139331518739,0.0
2006-08-04,-0.0031565519109780587,0.0
2006-08-07,0.0002866394313501763,0.0
2006-08-08,-0.003427571548025035,0.0
2006-08-09,-0.006607320299042914,0.0
2006-08-10,0.003641314909624631,0.0
2006-08-11,-0.00318208067693713,0.0
2006-08-14,0.0036037467845057344,0.0
2006-08-15,0.01601725465141733,0.0
2006-08-16,0.01014023981973992,0.0
2006-08-17,0.005673289787547706,0.0
2006-08-18,0.0017003672765366392,0.0
2006-08-21,-0.008367574562008257,0.0
2006-08-22,0.0012713769979208237,0.0
2006-08-23,-0.005450822779885037,0.0
2006-08-24,0.003133031838060168,0.0
2006-08-25,-0.0002735415248669482,0.0
2006-08-28,0.00644454884934996,0.0
2006-08-29,0.003721480670455169,0.0
2006-08-30,0.001227013269272593,0.0
2006-08-31,-0.00010007735384303175,0.0
2006-09-01,0.007467244374727233,0.06215605805794493
2006-09-05,0.0017522714420405933,0.0
2006-09-06,-0.012992545556019428,0.0
2006-09-07,-0.0028771025705949913,0.0
2006-09-08,0.006322021530858217,0.0
2006-09-11,0.0011123947218354578,0.0
2006-09-12,0.013996541626213506,0.0
2006-09-13,0.00497495184336204,0.0
2006-09-14,-0.0017877526882134642,0.0
2006-09-15,0.002880798009640035,0.0
2006-09-18,0.00037493828129159696,0.0
2006-09-19,-0.0025761393452034317,0.0
2006-09-20,0.005822749524163702,0.0
2006-09-21,-0.006940346447658551,0.0
2006-09-22,-0.0035108322267192685,0.0
2006-09-25,0.010238417018894073,0.0
2006-09-26,0.006097446064015886,0.0
2006-09-27,0.0008151448643511801,0.0
2006-09-28,0.002745758762705059,0.0
2006-09-29,-0.004166980550993182,0.005735707305836658
2006-10-02,-0.002747870455467427,0.04131530463786342
2006-10-03,0.00012965821264203478,0.0
2006-10-04,0.012066025813616332,0.0
2006-10-05,0.005140822551004974,0.0
2006-10-06,-0.004448511393564106,0.0
2006-10-09,0.002248387103554055,0.0
2006-10-10,0.0031556813128914745,0.0
2006-10-11,-0.0008550744833771298,0.0
2006-10-12,0.009843805846803198,0.0
2006-10-13,0.0023665937671634336,0.0
2006-10-16,0.005483518026875333,0.0
2006-10-17,-0.005088262324607476,0.0
2006-10-18,-5.597071453179741e-05,0.0
2006-10-19,-0.0003689548784614847,0.0
2006-10-20,-0.00163310708824704,0.0
2006-10-23,0.006937589248691173,0.0
2006-10-24,0.002199606232847675,0.0
2006-10-25,0.002030449302393458,0.0
2006-10-26,0.005080337711738791,0.0
2006-10-27,-0.008057753569261555,0.0
2006-10-30,0.0029165931964826074,0.0
2006-10-31,-0.00033251064126657917,0.0
2006-11-01,-0.008129644547782644,0.05522324839872987
2006-11-02,0.0005206663736655701,0.0
2006-11-03,-0.003227241520200327,0.0
2006-11-06,0.01172801292459084,0.0
2006-11-07,0.002568970875796983,0.0
2006-11-08,0.0021594496514976136,0.005105226316891157
2006-11-09,-0.005263910155049461,0.0
2006-11-10,0.003882443456576487,0.0
2006-11-13,0.0035079371088868054,0.0
2006-11-14,0.007610800758151578,0.0
2006-11-15,0.0044355565274127335,0.0
2006-11-16,0.0027107755591030897,0.0
2006-11-17,-0.0013674299477577736,0.0
2006-11-20,-0.0009032685022499174,0.0
2006-11-21,0.0031218244802943777,0.0
2006-11-22,0.0038740389415082427,0.0
2006-11-24,-0.0025061233869836386,0.0024586407464449443
2006-11-27,-0.014764250661426382,0.0
2006-11-28,0.0017363077947500365,0.0
2006-11-29,0.010047678268485736,0.0
2006-11-30,0.0030908118963131163,0.0
2006-12-01,-0.004149335262174203,0.044216795713807835
2006-12-04,0.012411989428838588,0.0
2006-12-05,0.004150409175504658,0.0
2006-12-06,7.515220893447323e-05,0.0
2006-12-07,-0.0047086475706628874,0.0
2006-12-08,0.0009586218111341432,0.0
2006-12-11,0.0008783568902965624,0.0
2006-12-12,-0.0015531927984895333,0.0027026698322468947
2006-12-13,0.0004289750492707284,0.0
2006-12-14,0.008263106535952143,0.0
2006-12-15,-0.0006936888981659587,0.0
2006-12-18,-0.0019845921338983116,0.0
2006-12-19,0.006072603927683103,0.0
2006-12-20,-3.423347325393997e-05,0.0
2006-12-21,-0.00340699516407241,0.0
2006-12-22,-0.003864864475802624,0.0
2006-12-26,0.001930182688943247,0.0
2006-12-27,0.006288886247025132,0.0
2006-12-28,0.000828244282973711,0.0
2006-12-29,-0.004189902905788347,0.0
2007-01-03,2.310998910748374e-05,0.05828025677656192
2007-01-04,0.0006331146440278597,0.0
2007-01-05,-0.007522262446403441,0.0
2007-01-08,0.00022336238777453943,0.0025896855626928303
2007-01-09,0.003736283997018623,0.0
2007-01-10,0.0034782131539520373,0.0
2007-01-11,0.007683825348347769,0.0
2007-01-12,0.0036198522571122493,0.0
2007-01-16,0.0009375090983217274,0.0
2007-01-17,-0.003120231670988956,0.0
2007-01-18,-0.0010332397026852123,0.0
2007-01-19,0.004242540674496928,0.0
2007-01-22,-0.0049699747432803655,0.0
2007-01-23,0.0058200880906459996,0.0
2007-01-24,0.007124591400936069,0.0
2007-01-25,-0.002470316277929041,0.0024261872874821486
2007-01-26,-0.009794992929078495,0.0
2007-01-29,0.008799771756134271,0.0
2007-01-30,-0.004301382401279222,0.0
2007-01-31,0.008025433196945852,0.0
2007-02-01,0.007396449238116887,0.05634227908904638
2007-02-02,0.07681041788780729,0.0
2007-02-05,-0.007936682997979366,0.0
2007-02-06,-0.0027250160241924087,0.0
2007-02-07,-0.0023823251658804476,0.0
2007-02-08,-0.005877615890259951,0.0
2007-02-09,-0.011160911324613929,0.0
2007-02-12,-0.007270581535238185,0.0025058006962409346
2007-02-13,0.003788209609593546,0.0
2007-02-14,0.004066080518137173,0.0
2007-02-15,-6.685563220332202e-05,0.0024897315764199363
2007-02-16,0.0009365034282194291,0.0
2007-02-20,0.00661198388677553,0.002622623309305443
2007-02-21,-0.002138871747969181,0.0
2007-02-22,-0.002070173322135761,0.0
2007-02-23,-0.0054930705226730854,0.0
2007-02-26,-0.0014476036612404782,0.0
2007-02-27,-0.029873472294714903,0.0
2007-02-28,0.0028056880537934512,0.0
2007-03-01,-0.0036519651276627485,0.07757695989371752
2007-03-02,-0.013439750992158835,0.0
2007-03-05,-0.011279079000710965,0.0
2007-03-06,0.015148300678350483,0.0
2007-03-07,-0.00168715728808957,0.0
2007-03-08,0.008491562339092281,0.0
2007-03-09,0.0022397662434987774,0.0
2007-03-12,0.0027750555245778614,0.0
2007-03-13,-0.02022331893501278,0.0
2007-03-14,0.0056564904732710475,0.0
2007-03-15,0.00517438590928263,0.0
2007-03-16,-0.005022117158126526,0.0
2007-03-19,0.009910353511588983,0.0
2007-03-20,0.007045476834420963,0.0
2007-03-21,0.015313669227523462,0.0
2007-03-22,-0.0027568946008214752,0.0
2007-03-23,0.002132723162826755,0.0030517580952169597
2007-03-26,-0.0006066130374210123,0.0
2007-03-27,-0.005630117224580695,0.0
2007-03-28,-0.007650135982636687,0.0
2007-03-29,0.0021640891018226416,0.002252652785692106
2007-03-30,-4.3969806586963024e-05,0.0
2007-04-02,0.003424893813141816,0.045320867516730666
2007-04-03,0.008953471448890863,0.0
2007-04-04,-0.0003996237575901257,0.0
2007-04-05,0.003134207677838963,0.0
2007-04-09,-0.000991586142543925,0.0
2007-04-10,0.0037506109861885515,0.0
2007-04-11,-0.006124942598570094,0.0
2007-04-12,0.0060071807679108625,0.0
2007-04-13,0.0026556486071051023,0.0
2007-04-16,0.010909958593465992,0.0
2007-04-17,0.0022666197994266144,0.0
2007-04-18,0.001717929189675612,0.0
2007-04-19,-0.0018698507829767804,0.0
2007-04-20,0.008825731408967571,0.0
2007-04-23,0.000253179247602886,0.0
2007-04-24,-3.3011305655655015e-05,0.0
2007-04-25,0.009249629289284406,0.0
2007-04-26,0.0005551053642494588,0.0
2007-04-27,-0.0013255431949560177,0.0
2007-04-30,-0.009717136404893393,0.0
2007-05-01,0.0014115155072109697,0.057092082697201896
2007-05-02,0.014469407468928774,0.0
2007-05-03,0.0033106712561275387,0.0
2007-05-04,0.0014368986466783995,0.0
2007-05-07,0.001333910743628406,0.0
2007-05-08,-0.001316770091148784,0.0
2007-05-09,0.00522535833070553,0.0
2007-05-10,-0.013308417542498169,0.0
2007-05-11,0.008245635558551007,0.0
2007-05-14,-0.002405048860712124,0.0
2007-05-15,-0.0029024661596544644,0.0
2007-05-16,0.006574304575385166,0.0
2007-05-17,-0.0036109911079965757,0.0
2007-05-18,0.00832836573426227,0.0
2007-05-21,0.0021894831249603935,0.0
2007-05-22,0.0005753629948835317,0.0
2007-05-23,-0.004357707541221402,0.0
2007-05-24,-0.008697530509213729,0.0
2007-05-25,0.0052130146617208935,0.0
2007-05-29,0.002777849917018573,0.0
2007-05-30,0.007167014133374026,0.0
2007-05-31,0.0031237926562804174,0.0
2007-06-01,0.002581866854592718,0.04828957417257326
2007-06-04,0.01703705598478713,0.0
2007-06-05,-0.0061585166977578916,0.0
2007-06-06,-0.009142457028446854,0.0
2007-06-07,-0.01799070281309443,0.0
2007-06-08,0.011390297953928229,0.0
2007-06-11,-0.015224662418650357,0.0
2007-06-12,0.004984108404395749,0.0
2007-06-13,0.013091037246939052,0.0
2007-06-14,0.004749543172431274,0.0
2007-06-15,0.00601219758761851,0.0
2007-06-18,-0.0016452282141400745,0.0
2007-06-19,0.0007039425213674345,0.0
2007-06-20,-0.029025033609057456,0.0
2007-06-21,0.023981516026136514,0.0
2007-06-22,-0.010013743379037628,0.0
2007-06-25,-0.00438039818776503,0.0
2007-06-26,-0.004615747329495316,0.0
2007-06-27,0.009822258740318501,0.004893493567239312
2007-06-28,-9.275601278284537e-05,0.0
2007-06-29,-0.0014961224374440217,0.0
2007-07-02,0.009225968878452173,0.06284575026913904
2007-07-03,0.0025657945306464085,0.0
2007-07-05,0.0007503633653180155,0.0
2007-07-06,0.004593002271086896,0.0
2007-07-09,3.5034575310077725e-05,0.0
2007-07-10,-0.014949223919182313,0.0
2007-07-11,0.005473747531081985,0.002567688106977602
2007-07-12,0.01616568863893655,0.0
2007-07-13,0.003462774058366315,0.0
2007-07-16,-0.003976427390468788,0.0
2007-07-17,0.0004387010516824439,0.0
2007-07-18,-0.0017993822551365085,0.0
2007-07-19,0.005394436292488395,0.0
2007-07-20,-0.01309003398108796,0.0
2007-07-23,-0.00047864747808503815,0.0
2007-07-24,-0.01690464390435103,0.0
2007-07-25,0.001138126653620609,0.0
2007-07-26,-0.02392524566996242,0.0
2007-07-27,-0.016713409820830166,0.0
2007-07-30,0.01145412713757706,0.0
2007-07-31,-0.011843678212090602,0.0
2007-08-01,0.004664751578813187,0.06036318184852857
2007-08-02,0.002818497491105736,0.0
2007-08-03,-0.026257376390296835,0.0
2007-08-06,0.020807587259926624,0.0
2007-08-07,0.004316283967716947,0.0
2007-08-08,0.012127203847878743,0.0
2007-08-09,-0.027357901918923795,0.0
2007-08-10,-0.00016925444039152943,0.0
2007-08-13,0.0011136687537698052,0.0
2007-08-14,-0.018636694010261363,0.0
2007-08-15,-0.015219144907582641,0.0
2007-08-16,0.00248034992485442,0.0
2007-08-17,0.02366105674745242,0.0
2007-08-20,0.0014097894119181487,0.0
2007-08-21,0.002649417188459649,0.0
2007-08-22,0.012798934208114565,0.0
2007-08-23,-0.00311660808859371,0.0
2007-08-24,0.011312761558553597,0.0
2007-08-27,-0.010176668597543959,0.002626539249170178
2007-08-28,-0.024035803349811553,0.0
2007-08-29,0.02231000658918094,0.0
2007-08-30,-0.004514493858517699,0.0
2007-08-31,0.012429741738062432,0.0
2007-09-04,0.009341625260279374,0.04572530093817733
2007-09-05,-0.01275458463917023,0.0026038990443284634
2007-09-06,0.0045019445131973725,0.0
2007-09-07,-0.017437777902996936,0.0
2007-09-10,-0.004850012250955262,0.0
2007-09-11,0.011812640956558165,0.0
2007-09-12,-0.0008955177479904529,0.0
2007-09-13,0.007095373024586067,0.0
2007-09-14,0.0010313365155167338,0.0
2007-09-17,-0.005546757926644329,0.0
2007-09-18,0.030799779533125807,0.0
2007-09-19,0.007645625435228993,0.0
2007-09-20,-0.009683275504995927,0.0
2007-09-21,0.003231390531090304,0.0
2007-09-24,-0.0066464726393170035,0.0
2007-09-25,-0.0020798712426507563,0.0
2007-09-26,0.0053305324398596745,0.0
2007-09-27,0.004790030897016296,0.0
2007-09-28,-0.0031322349374729355,0.0
2007-10-01,0.013988982088172897,0.04958770223005415
2007-10-02,0.0023024179499948616,0.002578036948026308
2007-10-03,-0.002838053578262184,0.0
2007-10-04,0.00021152057102610052,0.0
2007-10-05,0.013444640622395365,0.00256663508251237
2007-10-08,-0.004181154501610728,0.0
2007-10-09,0.00785224397525765,0.0
2007-10-10,-0.004633566687468282,0.0025720746564148384
2007-10-11,-0.0038674845150370564,0.0
2007-10-12,0.00350604068976633,0.0
2007-10-15,-0.010354755092800743,0.0
2007-10-16,-0.007392146531488032,0.0
2007-10-17,-0.0002128089105886691,0.0
2007-10-18,-0.0014021884829897462,0.0
2007-10-19,-0.02420621099645594,0.0
2007-10-22,0.007102714176386643,0.0
2007-10-23,0.005867997364068089,0.0
2007-10-24,-0.0034541587257184785,0.0
2007-10-25,0.003076912817883512,0.0
2007-10-26,0.010061733201988795,0.0
2007-10-29,0.002219309044769524,0.002626557138356933
2007-10-30,-0.00389876001384974,0.0
2007-10-31,0.011147818880416414,0.0
2007-11-01,-0.025320645909085115,0.06898685227176825
2007-11-02,-0.0007420503822125407,0.0
2007-11-05,-0.005770720618361708,0.0
2007-11-06,0.010927346154390043,0.0
2007-11-07,-0.028313132343439972,0.0
2007-11-08,0.003429223880368474,0.0
2007-11-09,-0.010952054629022795,0.0
2007-11-12,-0.008510946049125563,0.0
2007-11-13,0.027532244103087196,0.0
2007-11-14,-0.008104241170798622,0.0
2007-11-15,-0.012848871826152412,0.0
2007-11-16,0.0009500039667770741,0.0
2007-11-19,-0.01881327819212487,0.0
2007-11-20,0.00020094068836991268,0.0
2007-11-21,-0.013961364107337018,0.0
2007-11-23,0.01835838011527164,0.0
2007-11-26,-0.02499332437567827,0.0
2007-11-27,0.016364806773310776,0.0
2007-11-28,0.029504874958532892,0.0
2007-11-29,-0.004713829013254064,0.0
2007-11-30,0.012323052446035713,0.0
2007-12-03,-0.004671286502175964,0.07777784681443116
2007-12-04,-0.005971357461360292,0.0
2007-12-05,0.011637365668859586,0.0
2007-12-06,0.020296414193225802,0.0
2007-12-07,-0.0003537351589822296,0.0
2007-12-10,0.011416832055609399,0.0
2007-12-11,-0.031061279676823136,0.0
2007-12-12,0.0024007015713615023,0.0
2007-12-13,-7.558619204206529e-06,0.002560167443983484
2007-12-14,-0.01534953809742242,0.0
2007-12-17,-0.014706125220753452,0.0
2007-12-18,0.005074328154061281,0.0027773273682447103
2007-12-19,-0.00417914556372567,0.0
2007-12-20,0.005708687572041556,0.0
2007-12-21,0.015394526044104451,0.0
2007-12-24,0.007944569414498167,0.0
2007-12-26,-0.0028801356835778465,0.0
2007-12-27,-0.01251286947106818,0.0
2007-12-28,0.034054198283616666,0.005962845269031086
2007-12-31,-0.03771283158488304,0.0
2008-01-02,0.020125483073756723,0.10719174083264535
2008-01-03,-0.01070550800883981,0.0
2008-01-04,-0.023895362913879302,0.0
2008-01-07,0.003413771260597684,0.0
2008-01-08,-0.0213297596597007,0.0
2008-01-09,0.008643900268345878,0.0
2008-01-10,0.012261691483994917,0.0
2008-01-11,-0.015245183955851602,0.0
2008-01-14,0.011208002378475938,0.0
2008-01-15,-0.024775856989433524,0.0
2008-01-16,0.0036996190646948054,0.0
2008-01-17,-0.028307916597073865,0.0
2008-01-18,-0.0031801341660970027,0.0
2008-01-22,-0.004718012833983526,0.0
2008-01-23,0.032430803062932126,0.0
2008-01-24,0.004932028285671774,0.0
2008-01-25,-0.00996607873023895,0.0
2008-01-28,0.020980024334134754,0.0
2008-01-29,0.00808232954190984,0.0
2008-01-30,-0.003484382118210923,0.0
2008-01-31,0.01895256170140975,0.0
2008-02-01,0.022381838129670095,0.08580775835478442
2008-02-04,-0.011695364859932073,0.0
2008-02-05,-0.031585600059265945,0.0
2008-02-06,-0.007235918585746401,0.0
2008-02-07,0.009171687219497387,0.0
2008-02-08,-0.004716571117719955,0.0
2008-02-11,0.007093075720774054,0.0
2008-02-12,0.005863046673254243,0.0
2008-02-13,0.01334976060919717,0.0
2008-02-14,-0.01552454622046469,0.0
2008-02-15,-0.001233505627910711,0.0
2008-02-19,-0.0011860069253794398,0.0
2008-02-20,0.013396661289930143,0.0
2008-02-21,-0.014546911766115472,0.0
2008-02-22,0.006051001513031241,0.0
2008-02-25,0.01829335726351703,0.0
2008-02-26,0.006265791439105903,0.0
2008-02-27,0.00012637587016753332,0.0
2008-02-28,-0.012229782260571531,0.0
2008-02-29,-0.02842339396014234,0.0
2008-03-03,-0.00010129195089070286,0.08060393710349832
2008-03-04,-0.0016025753236513203,0.0
2008-03-05,0.005145667703107503,0.0
2008-03-06,-0.02612691069722134,0.0
2008-03-07,-0.007236542133358576,0.0
2008-03-10,-0.016937644347344124,0.0
2008-03-11,0.03656307064767944,0.0
2008-03-12,-0.008851920269985606,0.0
2008-03-13,0.007110925113810562,0.0
2008-03-14,-0.020310223717215824,0.0
2008-03-17,-0.01368614356970805,0.0
2008-03-18,0.04133036686890819,0.0
2008-03-19,-0.019508555563513386,0.0025470664333522098
2008-03-20,0.023772070201623648,0.0
2008-03-24,0.014536123671147714,0.0
2008-03-25,0.006909713862851091,0.0
2008-03-26,-0.01130902031661406,0.0
2008-03-27,-0.011602490417567536,0.0
2008-03-28,-0.013497710966925069,0.0
2008-03-31,0.00951621382357626,0.0
2008-04-01,0.03673983661654989,0.07766424169040173
2008-04-02,0.03014244159735372,0.0
2008-04-03,0.0015402307876693413,0.0
2008-04-04,0.0014213270789214766,0.0
2008-04-07,-0.001132935865184188,0.0
2008-04-08,-0.0332427924821412,0.0
2008-04-09,0.017300935823140677,0.0
2008-04-10,-0.02522971725751854,0.0
2008-04-11,0.011787827120033014,0.0
2008-04-14,-0.03331304260112409,0.0
2008-04-15,0.03442223154553262,0.0
2008-04-16,-0.0069306486650394985,0.0
2008-04-17,0.03285388216937352,0.0
2008-04-18,0.01707500798098036,0.0
2008-04-21,-0.0020524390899255814,0.0
2008-04-22,-0.04219707713958253,0.0
2008-04-23,0.02930653232967655,0.0
2008-04-24,0.008989588824179613,0.0
2008-04-25,0.011228055815626322,0.0
2008-04-28,0.00038064606462599173,0.0
2008-04-29,-0.02767555659641534,0.0
2008-04-30,0.020164869786367844,0.0
2008-05-01,-0.009889461602173188,0.06676753281883488
2008-05-02,0.012098985606245127,0.0
2008-05-05,0.027146053754390914,0.0
2008-05-06,0.006355827182167189,0.0
2008-05-07,-0.047586400155417735,0.0
2008-05-08,0.0015430152061159507,0.0
2008-05-09,-0.00484240179251493,0.0
2008-05-12,0.01468569267979905,0.0
2008-05-13,0.0012047716333185095,0.0
2008-05-14,0.007716533803963454,0.0
2008-05-15,0.01154204299115539,0.0
2008-05-16,-0.0011801252587637678,0.0
2008-05-19,-0.001073740629920276,0.0
2008-05-20,-0.009595861246376371,0.0
2008-05-21,-0.01611662537708591,0.0
2008-05-22,0.0026193932379881915,0.0
2008-05-23,-0.01449539414276043,0.0
2008-05-27,0.00970362025041482,0.0
2008-05-28,0.005022996004710105,0.0
2008-05-29,0.0077464536461389595,0.0
2008-05-30,0.000897635238055307,0.0
2008-06-02,-0.01445246106407505,0.0681082150428858
2008-06-03,-6.080870720888268e-06,0.0
2008-06-04,0.002569818543968267,0.0
2008-06-05,0.015285972893183675,0.0
2008-06-06,-0.03334231862127502,0.0
2008-06-09,-0.0003709071183612483,0.0
2008-06-10,-0.002328129499569817,0.0
2008-06-11,-0.02177251267223003,0.0
2008-06-12,0.007071959095226759,0.0
2008-06-13,0.016924684374162398,0.0
2008-06-16,0.0020587794267102988,0.0
2008-06-17,-0.010782282124391937,0.0
2008-06-18,-0.012055273587283229,0.0
2008-06-19,0.007692020673043087,0.004340259177691146
2008-06-20,-0.019035508534627252,0.0
2008-06-23,-0.007382682076742211,0.0
2008-06-24,-0.002861658203547406,0.0
2008-06-25,0.008987369834894428,0.0
2008-06-26,-0.029579586502636344,0.0
2008-06-27,-0.003989730585599385,0.0
2008-06-30,-0.003275387708107525,0.0
2008-07-01,0.002889096292669535,0.0909929376945976
2008-07-02,-0.019321008751399586,0.0
2008-07-03,-0.00216975806742955,0.0
2008-07-07,-0.00993265476043297,0.0
2008-07-08,0.026036432809968164,0.0
2008-07-09,-0.026011838905355755,0.0
2008-07-10,0.0007871075964041014,0.0
2008-07-11,-0.013792350681066679,0.0
2008-07-14,-0.014075316802057994,0.0
2008-07-15,-0.006665761663953558,0.0
2008-07-16,0.035472839157329336,0.0
2008-07-17,0.022490160575080593,0.0
2008-07-18,0.0003361544985537671,0.0
2008-07-21,-0.0026278469032712855,0.0
2008-07-22,0.021068430799047543,0.0
2008-07-23,0.008600425690377764,0.0
2008-07-24,-0.0314942138261042,0.0
2008-07-25,0.0010775098521991612,0.0
2008-07-28,-0.018320467747924035,0.0
2008-07-29,0.05370919416679284,0.0
2008-07-30,0.01043483358831887,0.0028734711679703076
2008-07-31,-0.007837303642301566,0.0
2008-08-01,-0.003968226386872997,0.133557792922191
2008-08-04,-0.006611684593385248,0.0
2008-08-05,0.03231250771001226,0.0
2008-08-06,0.0027856936213263516,0.0
2008-08-07,-0.018554375762775816,0.0
2008-08-08,0.028643330373109187,0.0
2008-08-11,0.012668721260655115,0.0
2008-08-12,-0.0154595114425836,0.0
2008-08-13,-0.005060485636878168,0.0
2008-08-14,0.011662904037877304,0.0
2008-08-15,0.005390068486475016,0.0
2008-08-18,-0.00580595507255394,0.0
2008-08-19,-0.01556075554467018,0.0025460594801191383
2008-08-20,0.0017493386967893372,0.0
2008-08-21,-0.0002682847608256895,0.0
2008-08-22,0.013157490939090629,0.0
2008-08-25,-0.019268656992336517,0.0
2008-08-26,0.0020532374582649116,0.002471722073048892
2008-08-27,0.010673605338233827,0.0
2008-08-28,0.02015519659462095,0.0
2008-08-29,-0.009653111697221183,0.0
2008-09-02,0.0031317472457841333,0.07799229572430055
2008-09-03,0.0012565106408174145,0.0
2008-09-04,-0.031038211449745036,0.0
2008-09-05,0.005594298350468016,0.0
2008-09-08,0.01966139709348171,0.0
2008-09-09,-0.034509885418051445,0.0007049829270096215
2008-09-10,0.0043958747734460435,0.0
2008-09-11,0.012877115028369074,0.0
2008-09-12,0.0028072636261979745,0.0
2008-09-15,-0.04349643428822133,0.0
2008-09-16,0.013860574629779547,0.0
2008-09-17,-0.04808017095207437,0.0
2008-09-18,0.04969182374558647,0.0
2008-09-19,0.03804384050177183,0.0
2008-09-22,-0.046643874904107006,0.0
2008-09-23,-0.015909458088092316,0.0
2008-09-24,-0.0034425654860391424,0.0
2008-09-25,0.01635424257742774,0.0
2008-09-26,0.002408356804958623,0.0
2008-09-29,-0.08439675530542867,0.0001108583599858508
2008-09-30,0.04561550897781284,0.0
2008-10-01,-0.004993909522777007,0.11050185237262668
2008-10-02,-0.04895644886962132,0.0
2008-10-03,-0.017131522099573825,0.0
2008-10-06,-0.03845535969320312,0.0
2008-10-07,-0.058364409711761156,0.0029930280701162895
2008-10-08,-0.014297333696316151,0.0
2008-10-09,-0.0784790240839491,0.0
2008-10-10,-0.005251089195751118,0.0
2008-10-13,0.10631274883763886,0.0
2008-10-14,-0.004114805101216548,0.0
2008-10-15,-0.09399698389236331,0.0
2008-10-16,0.03498868785017596,0.0
2008-10-17,-0.0032115258583089723,0.001715404602546242
2008-10-20,0.043488270184927576,0.0
2008-10-21,-0.03231386527730582,0.0
2008-10-22,-0.061407878927138976,0.0
2008-10-23,-0.007483524049360651,0.0
2008-10-24,-0.033852710798144316,0.0
2008-10-27,-0.03437770964241943,0.0
2008-10-28,0.10033170226366016,0.0
2008-10-29,-0.0063086030513621605,0.0008422275412538448
2008-10-30,0.031164047166080358,0.0
2008-10-31,0.021722001284972904,0.0
2008-11-03,-0.0003429720703777006,0.14702309218808216
2008-11-04,0.04362404800915509,0.0
2008-11-05,-0.05440637272195105,0.0
2008-11-06,-0.054284621121121424,0.00273850571234537
2008-11-07,0.024036705444203194,0.0
2008-11-10,-0.024406201669750938,0.001710554462676256
2008-11-11,-0.029115624470526562,0.0
2008-11-12,-0.05834408428169699,0.0
2008-11-13,0.07375664727991293,0.0
2008-11-14,-0.048187244939489005,0.005153342561349838
2008-11-17,-0.02962685134341328,0.0
2008-11-18,0.0003750611687034536,0.0
2008-11-19,-0.0727352134418944,0.0
2008-11-20,-0.0678698408920641,0.0
2008-11-21,0.06176000870187909,0.0
2008-11-24,0.07848426215225046,0.0
2008-11-25,0.014094680181632888,0.0
2008-11-26,0.04254204088228703,0.0
2008-11-28,0.011809390935157978,0.0
2008-12-01,-0.09362252016080552,0.1410813141866958
2008-12-02,0.04279873675065861,0.0
2008-12-03,0.030225520585728992,0.0
2008-12-04,-0.02730404817844865,0.0
2008-12-05,0.050657842138005504,0.002335157915966242
2008-12-08,0.04328891810028015,0.0
2008-12-09,-0.022418746327888713,0.0
2008-12-10,0.02016811541680121,0.0
2008-12-11,-0.03971440359477632,0.0
2008-12-12,0.013758195284529262,0.0
2008-12-15,-0.02041106788608766,0.0
2008-12-16,0.06503506300866257,0.0
2008-12-17,0.013386550642477794,0.0
2008-12-18,-0.02283105193397636,0.0
2008-12-19,0.00892937671411495,0.0
2008-12-22,-0.029627068336506714,0.0
2008-12-23,0.00971190204480954,0.0023281331090463722
2008-12-24,-0.020784826965028164,0.0
2008-12-26,0.007899258349292615,0.0
2008-12-29,-0.008524287494086695,0.0
2008-12-30,0.032922739027350545,0.002403864828323255
2008-12-31,0.04218484842196707,0.0
2009-01-02,0.01752029376999875,0.1353157027500478
2009-01-05,0.0037154366310459225,0.0
2009-01-06,0.02212691146424796,0.0
2009-01-07,-0.03456376399165752,0.0
2009-01-08,0.009929322649646442,0.0
2009-01-09,-0.025423604727429307,0.0
2009-01-12,-0.03129827316643789,0.0
2009-01-13,0.0008912523443668313,0.0
2009-01-14,-0.03966005363914144,0.0
2009-01-15,0.006056658383375187,0.0
2009-01-16,0.013222635220458861,0.0
2009-01-20,-0.057296727241263806,0.0
2009-01-21,0.04538896880192797,0.0
2009-01-22,-0.01657178898786893,0.0
2009-01-23,0.003229783771528826,0.0
2009-01-26,0.0038792916102382657,0.0
2009-01-27,0.01496280165500021,0.0
2009-01-28,0.045228318625281136,0.0
2009-01-29,-0.040973264374709384,0.0021325945292489166
2009-01-30,-0.03550781213022725,0.0
2009-02-02,-0.0024590941409752265,0.12413179182472925
2009-02-03,0.016119355508703734,0.0
2009-02-04,-0.006353602034419174,0.0
2009-02-05,0.02101878538442598,0.0
2009-02-06,0.03576055534582541,0.0
2009-02-09,0.0015836219623585957,0.0
2009-02-10,-0.060127473928282944,0.0
2009-02-11,0.01133380021106962,0.0
2009-02-12,0.0018391398794199445,0.0
2009-02-13,-0.012117828832110614,0.0
2009-02-17,-0.053129585986529906,0.0
2009-02-18,-0.00721130672822736,0.0
2009-02-19,-0.022630569354237483,0.0
2009-02-20,-0.008694363696718681,0.0
2009-02-23,-0.038920122867743115,0.0
2009-02-24,0.05175680117302419,0.0
2009-02-25,-0.0145954414098869,0.0
2009-02-26,-0.014954138209681056,0.0028230560730625495
2009-02-27,-0.021413609342386456,0.0
2009-03-02,-0.05577318143084109,0.12485595268086033
2009-03-03,-0.011257669091684352,0.005146975275388028
2009-03-04,0.03248349484674528,0.0
2009-03-05,-0.05355726181999296,0.0
2009-03-06,-0.00366493607895019,0.0
2009-03-09,-0.007288780132688114,0.0
2009-03-10,0.08157770300437826,0.0
2009-03-11,0.006421703023284183,0.0
2009-03-12,0.049158217007646665,0.0
2009-03-13,0.009970069462869598,0.0
2009-03-16,-0.0028151002153666794,0.0
2009-03-17,0.03796716589599005,0.0
2009-03-18,0.04177400825966204,0.0
2009-03-19,-0.01657931746895759,0.0
2009-03-20,-0.03191319243598679,0.0
2009-03-23,0.08720735711722177,0.0
2009-03-24,-0.02153441856090247,0.0
2009-03-25,0.010006230701523032,0.0
2009-03-26,0.03377678789298508,0.0
2009-03-27,-0.023462962436339066,0.0
2009-03-30,-0.050352968138877574,0.002338209119869427
2009-03-31,0.018026372515898392,0.0
2009-04-01,0.018841140011006008,0.10890596664979682
2009-04-02,0.04413556677769659,0.0024494314472932894
2009-04-03,0.01712215238322381,0.0
2009-04-06,-0.01089310370319884,0.0
2009-04-07,-0.030621168628701928,0.0
2009-04-08,0.017688138160945135,0.0
2009-04-09,0.05940501907036587,0.0
2009-04-13,0.005956499248775533,0.0
2009-04-14,-0.02450750295000728,0.0
2009-04-15,0.019751727166893766,0.0
2009-04-16,0.02434341313392404,0.0
2009-04-17,0.01492314697148742,0.0
2009-04-20,-0.059908842016912676,0.0
2009-04-21,0.03256751007426888,0.0
2009-04-22,-0.0001620658996560231,0.0
2009-04-23,0.01172931605469315,0.0
2009-04-24,0.02568873460886788,0.0
2009-04-27,-0.019666880291532112,0.0
2009-04-28,-0.0035680757836435177,0.0
2009-04-29,0.02811197237861056,0.0
2009-04-30,0.0008589377559126339,0.0
2009-05-01,0.006529382858387223,0.12963301509222586
2009-05-04,0.09824961700489256,0.0
2009-05-05,-0.0010018422011396602,0.0
2009-05-06,-0.03309227105531042,0.0
2009-05-07,-0.019459282224602192,0.0
2009-05-08,0.03718439221445287,0.0
2009-05-11,-0.028669397633413325,0.0
2009-05-12,-0.00911803306838475,0.0
2009-05-13,-0.041221291448743785,0.0
2009-05-14,0.07301100330358981,0.0
2009-05-15,-0.06436678989760128,0.0
2009-05-18,0.0931481386102351,0.0
2009-05-19,0.0024800275687540084,0.0
2009-05-20,-0.05538852045556954,0.0
2009-05-21,-0.018971118185412656,0.0
2009-05-22,-0.000738983250642691,0.0
2009-05-26,0.031842223701355477,0.0
2009-05-27,-0.019911173444501655,0.0
2009-05-28,0.014329362667200106,0.0
2009-05-29,0.01760110250461868,0.0
2009-06-01,0.035776671111451996,0.09136890465581687
2009-06-02,0.6073681533739921,0.0
2009-06-03,-0.389554493868117,0.0
2009-06-04,0.015031567901104504,0.0
2009-06-05,-0.002096013261079271,0.0
2009-06-08,0.6187412140473557,0.0
2009-06-09,-0.3796368185369029,0.0
2009-06-10,-0.004712152736527588,0.0
2009-06-11,0.003784653800872048,0.0
2009-06-12,-0.0006929516832077805,0.0
2009-06-15,-0.02729497630345138,0.0
2009-06-16,-0.015332108420735655,0.0
2009-06-17,-0.0036779878203060633,0.0
2009-06-18,0.006688692486665863,0.0
2009-06-19,0.005251131679074885,0.0
2009-06-22,-0.035592890835347855,0.0
2009-06-23,0.0008944073546929102,0.0
2009-06-24,0.010327372266679718,0.0
2009-06-25,0.023772784693564995,0.0
2009-06-26,-0.0007846899821028893,0.0
2009-06-29,0.6724348883541054,0.0
2009-06-30,-0.39951439057616694,0.0
2009-07-01,0.005575150068396928,0.08576766528929458
2009-07-02,-0.034305175220534445,0.0
2009-07-06,0.47194009800940434,0.0
2009-07-07,-0.336700588815364,0.0
2009-07-08,-0.003487399474546359,0.0
2009-07-09,0.007128697043263278,0.0
2009-07-10,-0.002348500298218411,0.0
2009-07-13,0.024538143017042283,0.0
2009-07-14,0.008777312214915425,0.0
2009-07-15,0.03229898970623174,0.0
2009-07-16,0.009722549210051851,0.0
2009-07-17,-0.0019248450792505264,0.0
2009-07-20,0.017879316370640774,0.0008038895018652901
2009-07-21,-0.00207067489880301,0.0
2009-07-22,0.0034685986302585552,0.0
2009-07-23,0.0298140426149258,0.0
2009-07-24,0.45615973965815004,0.0
2009-07-27,-0.30454659614898116,0.0
2009-07-28,-0.002846720820326545,0.0
2009-07-29,-0.007141684282051685,0.0
2009-07-30,0.015116443503989843,0.0
2009-07-31,0.0027183528930394664,0.0
2009-08-03,0.020015534968384374,0.08655336870130709
2009-08-04,0.007240090600190557,0.0
2009-08-05,0.00023056422839403214,0.0
2009-08-06,-0.0043736182014609635,0.0
2009-08-07,0.023944719863472817,0.0
2009-08-10,-0.006086761395432673,0.0
2009-08-11,-0.013071216846426804,0.0
2009-08-12,0.014432243390788744,0.0
2009-08-13,0.008234150615927742,0.0
2009-08-14,-0.011302736471006498,0.0
2009-08-17,-0.028388409169568234,0.0
2009-08-18,0.5093810625472803,0.0
2009-08-19,-0.32502307088591215,0.0
2009-08-20,0.013141865431864772,0.0
2009-08-21,0.021109255714202062,0.0
2009-08-24,-0.0028461892924234876,0.0
2009-08-25,0.005499422757332861,0.0
2009-08-26,0.0015164076380770478,0.0
2009-08-27,0.005938047189282299,0.0
2009-08-28,0.0020218685562440482,0.0
2009-08-31,-0.011243208459376012,0.0
2009-09-01,-0.027275703001066853,0.06376432989671926
2009-09-02,-0.003873547696987628,0.0
2009-09-03,0.40169012899160883,0.0
2009-09-04,-0.26562751066513274,0.0
2009-09-08,0.011209796831613425,0.0
2009-09-09,0.01159548562682239,0.0
2009-09-10,0.01292581146705666,0.0
2009-09-11,-0.0005010841649476026,0.0
2009-09-14,0.008946036468725112,0.0
2009-09-15,0.36707003155556384,0.0
2009-09-16,-0.24858683645457924,0.0
2009-09-17,0.3715485898138601,0.0
2009-09-18,-0.2739239186720375,0.0
2009-09-21,0.3813945139724373,0.0
2009-09-22,-0.273047170814998,0.0
2009-09-23,-0.013208425611822183,0.0
2009-09-24,-0.015717452141889063,0.0
2009-09-25,-0.006588423449848767,0.0
2009-09-28,0.021007213753597324,0.0
2009-09-29,0.020708487315223664,0.0
2009-09-30,-0.02349790886578054,0.0
2009-10-01,0.38572252862328527,0.6056296283178744
2009-10-02,-0.010157937319529728,0.0
2009-10-05,0.020717676586921453,0.0
2009-10-06,0.011349686085951041,0.0
2009-10-07,0.0020317434068243016,0.0
2009-10-08,0.01222107985425867,0.0
2009-10-09,0.0061010111830402235,0.0
2009-10-12,0.003686649305992714,0.0
2009-10-13,-0.0024789889467893766,0.0
2009-10-14,0.019369004986683883,0.0
2009-10-15,0.004108390591264189,0.0
2009-10-16,-0.0071225440319938604,0.0024603493835472674
2009-10-19,0.009816041882671957,0.0
2009-10-20,-0.007754904059399953,0.0
2009-10-21,-0.010037658627200702,0.0
2009-10-22,0.015481948438506157,0.0
2009-10-23,-0.01661102503257667,0.0
2009-10-26,-0.011548802676348034,0.0
2009-10-27,-0.010952305000701792,0.0
2009-10-28,-0.026093440023814425,0.0
2009-10-29,0.02508941983928278,0.0
2009-10-30,-0.02948337287978753,0.0
2009-11-02,0.005776895697163109,0.0689364741356204
2009-11-03,0.4232045793271391,0.0
2009-11-04,0.0032005506284024793,0.0
2009-11-05,-0.2795245944399967,0.0
2009-11-06,0.39257554494791774,0.0
2009-11-09,-0.2621759669370813,0.0
2009-11-10,-0.0036040758399502335,0.0
2009-11-11,0.006130283391353027,0.0
2009-11-12,0.38295228284204536,0.0
2009-11-13,-0.003274859537193975,0.0
2009-11-16,0.01640637383659834,0.0
2009-11-17,-0.004491923959384681,0.0
2009-11-18,0.002755710114201608,0.0
2009-11-19,-0.01743986013575608,0.0
2009-11-20,-0.00478590205511982,0.0
2009-11-23,0.009257928693184475,0.0
2009-11-24,-0.02218582883387293,0.0
2009-11-25,0.005775586600227728,0.0
2009-11-27,-0.27223416760599517,0.0
2009-11-30,0.003276031370557499,0.0
2009-12-01,0.37505573118977,0.5255086373184318
2009-12-02,0.004396893527540148,0.0
2009-12-03,-0.010704582891450128,0.0
2009-12-04,0.010748300747973002,0.0
2009-12-07,-0.0012100109445959204,0.0
2009-12-08,-0.011281595803800214,0.0
2009-12-09,0.002178834434709011,0.0
2009-12-10,0.00895086478471237,0.0
2009-12-11,0.0064337617967894075,0.0
2009-12-14,0.011786985385583202,0.0
2009-12-15,-0.005355883689303176,0.0
2009-12-16,0.00460776195669171,0.0
2009-12-17,-0.006807439696215431,0.0
2009-12-18,0.005553633316930151,0.006692899724290283
2009-12-21,0.009007110451745008,0.0
2009-12-22,0.008952231459977714,0.0
2009-12-23,0.005000740596344935,0.0
2009-12-24,0.005539754569472006,0.0
2009-12-28,-0.0034359957666493988,0.0
2009-12-29,-0.0017823881312631113,0.0
2009-12-30,0.00022548292054664162,0.0
2009-12-31,-0.010852560766253698,0.0
2010-01-04,0.014947598631446901,0.06688105200758737
2010-01-05,0.004742528505195421,0.0
2010-01-06,0.49639751422538425,0.0
2010-01-07,-0.325156542438024,0.0
2010-01-08,0.49532376698241404,0.0
2010-01-11,-0.3277830824260677,0.0
2010-01-12,-0.011240814243915327,0.0
2010-01-13,0.009941908717537959,0.0
2010-01-14,0.002273212645929492,0.0
2010-01-15,-0.011328036955896535,0.0
2010-01-19,0.503392186964499,0.0
2010-01-20,-0.33298569398485417,0.0
2010-01-21,0.47422046362407394,0.0
2010-01-22,-0.3484775783460734,0.0
2010-01-25,0.004779167123350303,0.0
2010-01-26,-0.003986379528265697,0.0
2010-01-27,0.0042178868600188275,0.0
2010-01-28,-0.010178663939020765,0.0
2010-01-29,0.012034535848543273,0.0
2010-02-01,0.015985111095090376,0.08670775262587849
2010-02-02,0.01524925541913602,0.0
2010-02-03,-0.007862577476506205,0.002377189344870532
2010-02-04,-0.03306491484052439,0.0
2010-02-05,0.0022199574006403636,0.0
2010-02-08,-0.007328223800818712,0.0
2010-02-09,0.013747804891829113,0.0
2010-02-10,-0.001762716443262783,0.0
2010-02-11,0.012812518035620668,0.002452869434041067
2010-02-12,-0.0006680586082000412,0.0
2010-02-16,0.018553055438544578,0.0
2010-02-17,0.004701997709794759,0.0
2010-02-18,0.00541593735966057,0.0
2010-02-19,0.0056030463383897255,0.0
2010-02-22,-0.0014296466086873385,0.0
2010-02-23,-0.011509971763548281,0.0
2010-02-24,0.009498417621302657,0.0024085741733908404
2010-02-25,0.0004842707503198021,0.0
2010-02-26,0.002842909052460018,0.0
2010-03-01,0.015070846010106553,0.057687169218135784
2010-03-02,0.003784645487539407,0.0
2010-03-03,0.0012001747785536309,0.0
2010-03-04,0.0040489544979648885,0.0
2010-03-05,0.0163357111568425,0.0
2010-03-08,0.0010009246407455966,0.0
2010-03-09,0.001843023680435742,0.0
2010-03-10,0.005841417955740511,0.0
2010-03-11,0.0033956588575316565,0.0
2010-03-12,-0.0001343807123573848,0.002346748590158571
2010-03-15,-0.000724805018699033,0.0
2010-03-16,0.010211717328385654,0.0
2010-03-17,0.007883920428695415,0.0
2010-03-18,-0.0017498718755350636,0.0
2010-03-19,-0.006865490228721105,0.0
2010-03-22,0.007169484707192564,0.0
2010-03-23,0.007433166985343487,0.0
2010-03-24,-0.006322098964711441,0.0
2010-03-25,-0.0036671796023113818,0.0
2010-03-26,0.0015016919850016047,0.0
2010-03-29,0.007683709409143372,0.0
2010-03-30,-0.00010022836099036412,0.0
2010-03-31,-0.003762429509585241,0.0
2010-04-01,0.008788288692136215,0.05517967232870358
2010-04-05,0.01189309894504888,0.0
2010-04-06,0.0026807199831978303,0.0
2010-04-07,-0.006341792735603159,0.0
2010-04-08,0.0015640974063478525,0.0
2010-04-09,0.007438470449159987,0.0
2010-04-12,0.0014190972000706753,0.0
2010-04-13,0.0015075978030410588,0.0
2010-04-14,0.012554535460475228,0.0
2010-04-15,0.00036743115946166895,0.0
2010-04-16,-0.015938973389178657,0.0
2010-04-19,0.0018367742716388458,0.0
2010-04-20,0.01213576132524142,0.0
2010-04-21,0.0022121356720906887,0.0
2010-04-22,0.007867448344663464,0.0024324028558720344
2010-04-23,0.008341851443938227,0.0
2010-04-26,-0.0032400531092203694,0.0
2010-04-27,-0.026336254548760145,0.0
2010-04-28,0.0058016693091994115,0.0
2010-04-29,0.01441302881908852,0.0
2010-04-30,-0.019369990573587348,0.0
2010-05-03,0.014869381206702004,0.06001562365591185
2010-05-04,-0.026257997995564487,0.0
2010-05-05,-0.0066131599311080305,0.0
2010-05-06,-0.03173351297073924,0.0
2010-05-07,-0.019338222260282194,0.0
2010-05-10,0.04908456048082302,0.0
2010-05-11,-0.002619673378088584,0.0
2010-05-12,0.017630688848632312,0.0
2010-05-13,-0.012838562481336455,0.0
2010-05-14,-0.0205342537833419,0.0
2010-05-17,0.0028799538184849614,0.0
2010-05-18,-0.014834709147137783,0.0
2010-05-19,-0.006468817692829224,0.0
2010-05-20,-0.04113450038520007,0.0
2010-05-21,0.017227070772900872,0.0
2010-05-24,-0.012778413715553664,0.0
2010-05-25,0.0005200603982100788,0.0
2010-05-26,-0.0022974278569001944,0.0
2010-05-27,0.03600610983955241,0.0
2010-05-28,-0.011963345568532843,0.0
2010-06-01,-0.022301614094301536,0.054396822278007004
2010-06-02,0.027585271449944736,0.0
2010-06-03,0.0053300851223089,0.0
2010-06-04,-0.03886055236666423,0.0
2010-06-07,-0.016586764869918932,0.0
2010-06-08,0.009320385237930159,0.0
2010-06-09,-0.0014954834286714197,0.0
2010-06-10,0.03405230048290376,0.0
2010-06-11,0.006106976358479615,0.0
2010-06-14,0.00014437421617364434,0.0
2010-06-15,0.02565088205353691,0.0
2010-06-16,-0.002284004266332922,0.0
2010-06-17,-0.0001416143139278354,0.0
2010-06-18,0.00032740607017649794,0.0
2010-06-21,-0.004278497826654567,0.0
2010-06-22,-0.019830764929418154,0.00254486926308611
2010-06-23,-0.0011604431130911176,0.0
2010-06-24,-0.018612634374352083,0.0
2010-06-25,0.007287414498663134,0.0
2010-06-28,-0.00396326430246073,0.0
2010-06-29,-0.035483001293836684,0.0
2010-06-30,-0.010991005078680477,0.0
2010-07-01,-0.0024654369126584363,0.0537578108619365
2010-07-02,-0.006787467139432923,0.0
2010-07-06,0.0019982844134042383,0.0
2010-07-07,0.03381776631019107,0.0
2010-07-08,0.009891079254853892,0.0
2010-07-09,0.009234061431095883,0.0
2010-07-12,-0.0023315212914250044,0.0
2010-07-13,0.019381159609626372,0.0
2010-07-14,-0.0016641847699429401,0.0
2010-07-15,0.0006680845059669982,0.0
2010-07-16,-0.03122687555745437,0.0
2010-07-19,0.0074070309990390045,0.0
2010-07-20,0.01446681205153823,0.0
2010-07-21,-0.014451746449351544,0.0
2010-07-22,0.025716930060820098,0.0
2010-07-23,0.01179973870295158,0.0
2010-07-26,0.014448672621632873,0.0
2010-07-27,-0.00594056837702828,0.0
2010-07-28,-0.00928564949413539,0.0
2010-07-29,-0.004262152790409739,0.0
2010-07-30,0.0013378499005582156,0.0
2010-08-02,0.02227084190216133,0.05979052282170293
2010-08-03,-0.007629583680379586,0.0
2010-08-04,0.00806505091242539,0.0
2010-08-05,-0.0012949739588006934,0.0
2010-08-06,-0.003993313540789283,0.0
2010-08-09,0.006881822210865631,0.0
2010-08-10,-0.007842691778571354,0.0
2010-08-11,-0.03133379132764723,0.0
2010-08-12,-0.00496564775838782,0.0
2010-08-13,-0.0035239796682851794,0.0
2010-08-16,-0.0005904184310360926,0.0
2010-08-17,0.015472212848630144,0.0
2010-08-18,0.0031411298176728638,0.0
2010-08-19,-0.017501807046029032,0.0
2010-08-20,-0.0024226631850553636,0.0
2010-08-23,-0.005527603405457527,0.0
2010-08-24,-0.015143359374920904,0.0
2010-08-25,0.004824280151968762,0.0
2010-08-26,-0.007844288217957136,0.0
2010-08-27,0.019518722078479437,0.0
2010-08-30,-0.016545372747706424,0.0
2010-08-31,-0.001254879142636881,0.0
2010-09-01,0.032975566996999994,0.05674071657886732
2010-09-02,0.013157620424055546,0.0
2010-09-03,0.01444829278838495,0.0
2010-09-07,-0.01411140234894077,0.0
2010-09-08,0.006447067425072414,0.0
2010-09-09,0.003859186801875497,0.0
2010-09-10,0.005115743286060698,0.0
2010-09-13,0.013578331768736688,0.0
2010-09-14,-0.0007445825178384199,0.0
2010-09-15,0.0030458190457879515,0.0
2010-09-16,-0.001810831099228838,0.0
2010-09-17,0.002075294596922972,0.0
2010-09-20,0.018130765840671685,0.0
2010-09-21,-0.004921115608550665,0.0
2010-09-22,-0.007687189026921413,0.0
2010-09-23,-0.00860405348063635,0.0
2010-09-24,0.02500169555670336,0.0
2010-09-27,-0.005760392369611188,0.0
2010-09-28,0.008497609837060837,0.0
2010-09-29,-0.0015999088412172312,0.0
2010-09-30,-0.0019597180834093884,0.0
2010-10-01,0.003464025140705873,0.048195731897673205
2010-10-04,-0.008713920249394746,0.0
2010-10-05,0.021385364378836078,0.0
2010-10-06,-0.003720679532743471,0.0
2010-10-07,-0.001161836022503318,0.0
2010-10-08,0.007849004307080088,0.0
2010-10-11,0.0017840320455557055,0.0
2010-10-12,0.002694929404311562,0.0
2010-10-13,0.008474521139883232,0.0
2010-10-14,-0.005192381047385829,0.0
2010-10-15,0.0014783139939441663,0.0
2010-10-18,0.00515815734170034,0.0
2010-10-19,-0.016381571624768512,0.0
2010-10-20,0.010765480363417025,0.0
2010-10-21,0.0006092168380551495,0.0
2010-10-22,0.003130054180174056,0.0
2010-10-25,0.0034997355825193985,0.0
2010-10-26,-0.0015025652447089933,0.0
2010-10-27,-0.001789488894488208,0.0
2010-10-28,-0.0007554869646222696,0.0
2010-10-29,0.0031358021173494375,0.0
2010-11-01,-0.000727105356296831,0.04856269428928647
2010-11-02,0.009459317562452503,0.0
2010-11-03,0.002704178020812711,0.0
2010-11-04,0.020770063405953772,0.0
2010-11-05,0.005971051041252657,0.0
2010-11-08,-0.0018859091890246558,0.0
2010-11-09,-0.010511062419149897,0.0023242765201659287
2010-11-10,0.0051298906143566695,0.0
2010-11-11,-0.001058049273313634,0.0
2010-11-12,-0.013206756781500047,0.0
2010-11-15,-0.0008195663828782502,0.0
2010-11-16,-0.01770415827400943,0.0
2010-11-17,0.002184861541719027,0.0
2010-11-18,0.014089206317000067,0.0
2010-11-19,0.0037803723886561777,0.0
2010-11-22,0.0011959898366622418,0.0
2010-11-23,-0.013875451836826223,0.0
2010-11-24,0.017172665620576545,0.0
2010-11-26,-0.006788769790876442,0.0
2010-11-29,-0.0011105193529942759,0.0
2010-11-30,-0.004459068984900673,0.0
2010-12-01,0.021898731192847132,0.05171266613968039
2010-12-02,0.01463582609519679,0.0
2010-12-03,0.003308915278432239,0.0
2010-12-06,-0.0012845729468397512,0.0
2010-12-07,0.0009503430709302646,0.0
2010-12-08,0.003180191564610838,0.0
2010-12-09,0.004307612666259014,0.0
2010-12-10,0.00784576426213011,0.0
2010-12-13,-0.001657800479828189,0.0
2010-12-14,0.0002161493893589296,0.0
2010-12-15,-0.005144947860251839,0.0
2010-12-16,0.008016951769832636,0.0
2010-12-17,0.0031937278961515483,0.0
2010-12-20,0.001270229941499279,0.007631109207351917
2010-12-21,0.007045253767043161,0.0
2010-12-22,0.003205662372125827,0.0
2010-12-23,-0.003092383229750701,0.0
2010-12-27,0.0010809132995631243,0.0
2010-12-28,-0.00045122137569616365,0.0
2010-12-29,0.0013326743103234768,0.0
2010-12-30,-0.0007069275949289121,0.0
2010-12-31,-0.0010660473544915456,0.0
2011-01-03,0.011266713347679369,0.06598062903424223
2011-01-04,-0.005213024714266292,0.0
2011-01-05,0.005482279787703114,0.0
2011-01-06,-0.0017052426555039719,0.0
2011-01-07,-0.0017864846012622575,0.0
2011-01-10,-0.00046636262402217785,0.0
2011-01-11,0.0036695364267484167,0.0
2011-01-12,0.009166404304302557,0.0
2011-01-13,-0.0011931322563014657,0.002337442206056401
2011-01-14,0.006567047999577137,0.0
2011-01-18,0.0033223983706325384,0.0
2011-01-19,-0.012912692736835915,0.0
2011-01-20,-0.0015222270648495204,0.0
2011-01-21,0.0005368165416049539,0.0
2011-01-24,0.006152409309532089,0.0
2011-01-25,-0.0005317062012232586,0.0
2011-01-26,0.006855114701506502,0.0
2011-01-27,0.004030927078610693,0.0
2011-01-28,-0.019041208229203646,0.0
2011-01-31,0.007496760984832811,0.0
2011-02-01,0.015055190145891295,0.05413741967758033
2011-02-02,-0.002805760882933173,0.0
2011-02-03,0.004959486294971257,0.0
2011-02-04,0.005324429540511936,0.0
2011-02-07,0.0064723149296824775,0.0
2011-02-08,0.004244327270630321,0.0
2011-02-09,-0.0024029449724709746,0.0
2011-02-10,0.003696577080687975,0.0
2011-02-11,0.006915390730734073,0.0
2011-02-14,0.0014245774805796657,0.0
2011-02-15,-0.003346894148342709,0.0
2011-02-16,0.008623933999070918,0.0
2011-02-17,0.004571926620860958,0.0
2011-02-18,0.0014222975562734482,0.0
2011-02-22,-0.02371886076605703,0.0
2011-02-23,-0.010163389347119122,0.0
2011-02-24,0.001079939696188914,0.002460484187484764
2011-02-25,0.013399089795782814,0.0
2011-02-28,0.004681502020851595,0.0
2011-03-01,-0.016994307686821752,0.05411229011986047
2011-03-02,0.0030197168538342958,0.0
2011-03-03,0.018418689418906356,0.0
2011-03-04,-0.006852855374703827,0.0
2011-03-07,-0.009909590515179315,0.0
2011-03-08,0.010773057305973163,0.0
2011-03-09,-0.0010955609378240421,0.0
2011-03-10,-0.01862441426115663,0.0
2011-03-11,0.008940362164466486,0.0
2011-03-14,-0.0073683817911850665,0.0
2011-03-15,-0.010038257402554724,0.0
2011-03-16,-0.015687058706532076,0.0
2011-03-17,0.010820774542930728,0.0
2011-03-18,0.005546090016428742,0.0
2011-03-21,0.014791957225821672,0.0
2011-03-22,-0.004438616211812886,0.0
2011-03-23,0.0035968069970622107,0.0
2011-03-24,0.01066227957227418,0.0
2011-03-25,0.0035546498425224242,0.0
2011-03-28,-0.003967859641439501,0.0
2011-03-29,0.007784570818330724,0.0
2011-03-30,0.008735016527341793,0.0
2011-03-31,-0.0009070075959588857,0.0
2011-04-01,0.006503963759075582,0.04351714917734921
2011-04-04,-0.00020608398011720346,0.0
2011-04-05,0.0008040805738936065,0.0
2011-04-06,0.0024052281951788337,0.0
2011-04-07,-0.0027187599985427687,0.0
2011-04-08,-0.0056539844374862615,0.0
2011-04-11,-0.0032312020884431546,0.0
2011-04-12,-0.0067246751894246715,0.0
2011-04-13,0.001073527164910081,0.0
2011-04-14,0.001220014582414193,0.0
2011-04-15,0.006326906248836476,0.0
2011-04-18,-0.011339216980853259,0.0
2011-04-19,0.005132309058444418,0.0
2011-04-20,0.014603427091619617,0.0
2011-04-21,0.00530843488422633,0.0
2011-04-25,-0.0019316758347891387,0.0
2011-04-26,0.008261863569883898,0.002376464385536164
2011-04-27,0.005266632858661495,0.0
2011-04-28,0.003032476742865928,0.0
2011-04-29,0.0012450410684448673,0.0
2011-05-02,-0.001431037554822212,0.04476593242330999
2011-05-03,-0.005034568958366031,0.0
2011-05-04,-0.0070641935989793,0.0
2011-05-05,-0.004950271436357687,0.0
2011-05-06,0.004355230478930657,0.0
2011-05-09,0.004946997641356018,0.0
2011-05-10,0.009951414876931228,0.0
2011-05-11,-0.009972881810685189,0.0
2011-05-12,0.0068633068476583676,0.0
2011-05-13,-0.008474532795236543,0.0
2011-05-16,-0.0052484110547295825,0.0
2011-05-17,-0.001426943339933047,0.0
2011-05-18,0.010482322214134084,0.0
2011-05-19,0.0025177483911096167,0.0
2011-05-20,-0.007946104742189375,0.0
2011-05-23,-0.013095288231348666,0.0
2011-05-24,-0.0023151879771033945,0.0021948848943603044
2011-05-25,0.0029805821959451744,0.0
2011-05-26,0.005551662674707901,0.0
2011-05-27,0.005214162701993252,0.0
2011-05-31,0.008697280149925705,0.0
2011-06-01,-0.0242530948828642,0.04356167009684479
2011-06-02,-0.0012702273759307558,0.0
2011-06-03,-0.012645795192069618,0.0
2011-06-06,-0.012071330966862068,0.0
2011-06-07,0.0015662419329050162,0.0
2011-06-08,-0.007019127262587585,0.0
2011-06-09,0.007830649703902787,0.0
2011-06-10,-0.014938538366677101,0.0
2011-06-13,-0.0007285662430772824,0.0
2011-06-14,0.015322617168854517,0.0
2011-06-15,-0.01786907041782268,0.0
2011-06-16,0.000953677261863211,0.0
2011-06-17,0.004190751950379425,0.0
2011-06-20,0.007017280944202035,0.0
2011-06-21,0.015313487348282355,0.0
2011-06-22,-0.006581788384475679,0.0
2011-06-23,-0.0022559146994424848,0.0
2011-06-24,-0.010773278657594216,0.0
2011-06-27,0.010180007733276028,0.0
2011-06-28,0.014345275248688161,0.0
2011-06-29,0.008353307560536958,0.0
2011-06-30,0.009273717489022195,0.0
2011-07-01,0.015750853569669543,0.04156587064369463
2011-07-05,-0.0033163550080167145,0.0
2011-07-06,0.0009018539654931416,0.0
2011-07-07,0.01187927805424677,0.0
2011-07-08,-0.008868028905062605,0.0
2011-07-11,-0.020592055160474333,0.0
2011-07-12,-0.004327255940419688,0.0
2011-07-13,0.0020413010101970786,0.0
2011-07-14,-0.009665430585576666,0.0
2011-07-15,0.005547755575460205,0.0
2011-07-18,-0.011594794041694955,0.0
2011-07-19,0.01640715211412644,0.0
2011-07-20,-8.639840236163263e-06,0.0
2011-07-21,0.013767827204998005,0.0
2011-07-22,0.0007984425166741621,0.0
2011-07-25,-0.006350114727749615,0.0
2011-07-26,-0.004482932413493086,0.0
2011-07-27,-0.023540845680478675,0.0
2011-07-28,-0.00519238591920399,0.0
2011-07-29,-0.004857725276313228,0.0
2011-08-01,-0.008195316517360829,0.05614494735114935
2011-08-02,-0.03010283800663738,0.0
2011-08-03,0.0062286624308629055,0.0
2011-08-04,-0.051504503092464585,0.0
2011-08-05,-0.0022780604366816376,0.0
2011-08-08,-0.07355122227924148,0.0
2011-08-09,0.050384658305726124,0.0
2011-08-10,-0.04290904705687666,0.0
2011-08-11,0.049820498903679816,0.0
2011-08-12,0.0051711876855733505,0.0
2011-08-15,0.02251015634640631,0.0
2011-08-16,-0.010872093731568317,0.0
2011-08-17,-0.001861152820771547,0.0
2011-08-18,-0.04842848225988338,0.0
2011-08-19,-0.014411149916494928,0.0
2011-08-22,0.0012543129020190949,0.0
2011-08-23,0.03566245840289821,0.0
2011-08-24,0.014914147989850007,0.0
2011-08-25,-0.0187579285311148,0.0
2011-08-26,0.01857384680902298,0.0
2011-08-29,0.033964665295531785,0.0
2011-08-30,0.004602297829338072,0.0
2011-08-31,0.00666051022150899,0.0
2011-09-01,-0.014505504232173783,0.06992798832261589
2011-09-02,-0.028791070670387907,0.0
2011-09-06,-0.008782830006101259,0.0
2011-09-07,0.03521835969551099,0.0
2011-09-08,-0.013356917524052204,0.0
2011-09-09,-0.02747735258463755,0.0
2011-09-12,0.006112232351025209,0.0
2011-09-13,0.013067216102252522,0.0
2011-09-14,0.015847709800831465,0.0
2011-09-15,0.017076750733374373,0.0
2011-09-16,0.0038227452393917024,0.0
2011-09-19,-0.01307965395258849,0.0
2011-09-20,-0.004440309070801474,0.0
2011-09-21,-0.03353895016010647,0.0
2011-09-22,-0.03412691249282149,0.0
2011-09-23,0.00862045122239044,0.0
2011-09-26,0.023856658387843552,0.0
2011-09-27,0.013157114823821758,0.0
2011-09-28,-0.026538041070930773,0.0
2011-09-29,0.008556654297595823,0.0
2011-09-30,-0.028029464157530694,0.0
2011-10-03,-0.0353637089477421,0.07791011009485693
2011-10-04,0.03010458877517526,0.0
2011-10-05,0.022451970340035078,0.0
2011-10-06,0.023422852178169525,0.0
2011-10-07,-0.012598489556999368,0.0
2011-10-10,0.036500271277769496,0.0
2011-10-11,0.0010055724058181472,0.0
2011-10-12,0.01220328701280704,0.0021336036945268093
2011-10-13,-0.003651036043522079,0.0
2011-10-14,0.016661992742672035,0.0
2011-10-17,-0.024283636037506235,0.0
2011-10-18,0.025948297818627827,0.0
2011-10-19,-0.013861768421562727,0.0
2011-10-20,0.006882756639597914,0.0
2011-10-21,0.024006447069001825,0.0
2011-10-24,0.01998995437793908,0.0
2011-10-25,-0.024391363304939552,0.0
2011-10-26,0.01192201468607042,0.0
2011-10-27,0.04139653991317195,0.0
2011-10-28,0.0024476771102162334,0.0
2011-10-31,-0.02785376331414192,0.0
2011-11-01,-0.03125073342398654,0.07154140285990054
2011-11-02,0.019220808359320284,0.0
2011-11-03,0.02039897806534115,0.0
2011-11-04,-0.0036232600095563827,0.0
2011-11-07,0.004274535384836332,0.0
2011-11-08,0.01195995548081441,0.0
2011-11-09,-0.04092237450808383,0.0
2011-11-10,0.009516998089678968,0.0
2011-11-11,0.021860680128264847,0.0
2011-11-14,-0.010933589436782819,0.0
2011-11-15,0.005510715502912082,0.0
2011-11-16,-0.01635687848819302,0.0
2011-11-17,-0.020060978376321738,0.0
2011-11-18,-0.00023115304066232515,0.0
2011-11-21,-0.018609881922008076,0.002377109649275488
2011-11-22,-0.006554791396245237,0.0
2011-11-23,-0.0244499892021649,0.0
2011-11-25,-0.0012954223484677768,0.0
2011-11-28,0.0312416220184319,0.0
2011-11-29,0.001623225849041125,0.0
2011-11-30,0.04676281524756101,0.0
2011-12-01,-0.002149553958023964,0.04340151687180131
2011-12-02,-0.0012878538335078457,0.0
2011-12-05,0.01282606106736954,0.0
2011-12-06,-0.0008573127740445117,0.0
2011-12-07,0.0013595473138787897,0.0
2011-12-08,-0.024801872123897204,0.0
2011-12-09,0.019049194934411234,0.0
2011-12-12,-0.016168499096947907,0.0
2011-12-13,-0.013047316344878622,0.0
2011-12-14,-0.012465531306234418,0.0
2011-12-15,0.005773538776523424,0.004851625096873805
2011-12-16,0.004249397142013049,0.0
2011-12-19,-0.010811834674740395,0.0
2011-12-20,0.03319800065292341,0.0
2011-12-21,0.0037841111042680176,0.0023618605470423154
2011-12-22,0.01077600293173122,0.0
2011-12-23,0.00770750474409401,0.0
2011-12-27,0.00016121123198907115,0.0
2011-12-28,-0.014484694176470345,0.0
2011-12-29,0.011971355595964754,0.0
2011-12-30,-0.004311803588600414,0.0
2012-01-03,0.014796918915031432,0.054581818515813174
2012-01-04,-0.0011153893952381667,0.0
2012-01-05,0.00489856561548446,0.0
2012-01-06,-0.001720629193328562,0.0
2012-01-09,0.0034757038456757383,0.0
2012-01-10,0.01210466471381877,0.0
2012-01-11,0.0013952325201072578,0.0
2012-01-12,0.003334483925458589,0.0
2012-01-13,-0.0062881917471126186,0.0
2012-01-17,0.003194947435693098,0.0
2012-01-18,0.014746199239754742,0.0
2012-01-19,0.007856910265766568,0.0
2012-01-20,-0.0016423176823855904,0.0
2012-01-23,0.0007353013860892743,0.0
2012-01-24,0.0018412201351356884,0.0
2012-01-25,0.008571036452783022,0.0
2012-01-26,-0.006668692275631359,0.0
2012-01-27,6.475728076632287e-05,0.0
2012-01-30,-0.005256715789248375,0.0
2012-01-31,-0.0003764175446347018,0.0
2012-02-01,0.012724869791142845,0.05702357191985444
2012-02-02,0.001787562028144354,0.0
2012-02-03,0.01801070524816547,0.0
2012-02-06,-0.0023792527933198995,0.0
2012-02-07,0.0014622987335596686,0.0
2012-02-08,0.0031540285451832992,0.0
2012-02-09,0.0029540269282430018,0.0
2012-02-10,-0.008594304106286692,0.0
2012-02-13,0.006225982647067734,0.0
2012-02-14,-0.0006648634255577008,0.0
2012-02-15,-0.0030735498025361648,0.0
2012-02-16,0.01239155734428363,0.0
2012-02-17,0.0019934279199130974,0.0
2012-02-21,-0.0028422278199378426,0.0
2012-02-22,-0.004271519987109029,0.0
2012-02-23,0.005350314385403873,0.0
2012-02-24,0.001823560460444651,0.0
2012-02-27,0.0012846617005979706,0.0
2012-02-28,0.0003204352069057613,0.0
2012-02-29,-0.005587446821989342,0.0
2012-03-01,0.005861982760603235,0.05038887743568041
2012-03-02,-0.005042443641985722,0.0
2012-03-05,-0.0052249467273424504,0.0
2012-03-06,-0.017449888111559397,0.0
2012-03-07,0.0082054009902992,0.0
2012-03-08,0.011803276168442307,0.0
2012-03-09,0.005670795165282088,0.0
2012-03-12,-0.0019355420979431546,0.0
2012-03-13,0.018805895744757342,0.0
2012-03-14,-0.003867594792858574,0.0
2012-03-15,0.00852840233437531,0.0
2012-03-16,0.001031052285112155,0.0
2012-03-19,0.002642165228621732,0.0
2012-03-20,-0.005109177873824143,0.0
2012-03-21,-0.0003815215734162051,0.0
2012-03-22,-0.00880123653419419,0.0
2012-03-23,0.0031635227223101303,0.0024124033514325064
2012-03-26,0.013661133145546614,0.0
2012-03-27,-0.0023250518518391932,0.0
2012-03-28,-0.00727606265998727,0.0
2012-03-29,-0.0011557113613852772,0.0
2012-03-30,0.0037761669471967256,0.0
2012-04-02,0.007994863067366964,0.04025275854953856
2012-04-03,-0.005269328832430137,0.0
2012-04-04,-0.01058437219985978,0.0
2012-04-05,-0.0022554927189462736,0.0
2012-04-09,-0.01363783586395504,0.0
2012-04-10,-0.01859624524496504,0.0
2012-04-11,0.010295356550299891,0.0
2012-04-12,0.016365851172585783,0.0
2012-04-13,-0.012075371227142816,0.0
2012-04-16,-0.00016598013025851186,0.0
2012-04-17,0.014830029066134079,0.0
2012-04-18,-0.004830293600975435,0.0
2012-04-19,-0.003540279958118733,0.0
2012-04-20,0.0018649288040439205,0.0
2012-04-23,-0.010311352031043122,0.0
2012-04-24,0.0027844723009162577,0.0
2012-04-25,0.012342076796387056,0.0
2012-04-26,0.007248179428695642,0.0
2012-04-27,0.0031777860894736795,0.0
2012-04-30,-0.0034152009272504493,0.0
2012-05-01,0.006098851030948538,0.058042599938455564
2012-05-02,-0.0032842539328572576,0.0
2012-05-03,-0.009894609241917887,0.0
2012-05-04,-0.01620321526603498,0.0
2012-05-07,-0.0009285824206281037,0.0
2012-05-08,-0.005139044918713101,0.0
2012-05-09,-0.00496669172571885,0.0
2012-05-10,0.0015287702067306355,0.0
2012-05-11,-0.002256015005522964,0.0
2012-05-14,-0.011409313910306165,0.0
2012-05-15,-0.007566311540534746,0.0
2012-05-16,-0.0069537409292969145,0.0
2012-05-17,-0.018746042007018522,0.0
2012-05-18,-0.00885038954193372,0.0
2012-05-21,0.018510184802073767,0.0
2012-05-22,0.0007616227576868338,0.0
2012-05-23,0.0036995945828357225,0.0
2012-05-24,0.0015633973093116397,0.0
2012-05-25,0.0007720888433530611,0.0
2012-05-29,0.01264699190814916,0.0
2012-05-30,-0.01831129947110244,0.0
2012-05-31,-0.0031801224664400963,0.0
2012-06-01,-0.027606047727463556,0.06659106963671847
2012-06-04,-0.00201272775890169,0.0
2012-06-05,0.010291235843588487,0.002333720501413522
2012-06-06,0.024547203400455096,0.0
2012-06-07,-0.0016189548412064113,0.0
2012-06-08,0.0076164867112705715,0.0
2012-06-11,-0.016077220367026395,0.0
2012-06-12,0.012563654128813682,0.0
2012-06-13,-0.010204151691614519,0.0
2012-06-14,0.010036492981786858,0.0
2012-06-15,0.012345569747876766,0.0
2012-06-18,0.0025659838157565287,0.0
2012-06-19,0.011852904559682477,0.0
2012-06-20,-0.0014616390295370124,0.0
2012-06-21,-0.025206272167369863,0.0
2012-06-22,0.006979156264789893,0.0
2012-06-25,-0.01804959063282927,0.0
2012-06-26,0.004564429942881513,0.0
2012-06-27,0.010134216684300182,0.0
2012-06-28,0.00019963667948202728,0.0
2012-06-29,0.027341610184606013,0.0
2012-07-02,0.0015692132016602578,0.04442973995270459
2012-07-03,0.008887531120463713,0.0
2012-07-05,-0.003771509416932291,0.0
2012-07-06,-0.011132210056107626,0.0
2012-07-09,-0.005387423460917166,0.0
2012-07-10,-0.009759284321886528,0.0
2012-07-11,0.00023046599707065557,0.0
2012-07-12,-0.005946004057666895,0.0
2012-07-13,0.016135438667850097,0.0
2012-07-16,-0.004062449178097006,0.0
2012-07-17,0.007651581625927274,0.0
2012-07-18,0.008420023902881966,0.0
2012-07-19,0.0044654161421495645,0.0
2012-07-20,-0.012742183280099144,0.0
2012-07-23,-0.01104671462614289,0.0
2012-07-24,-0.010633934685675993,0.0
2012-07-25,-0.0005068669891806483,0.0
2012-07-26,0.017144300941999462,0.0
2012-07-27,0.021860103297396627,0.0019573702697427073
2012-07-30,-0.0022327814786004254,0.0
2012-07-31,-0.005864766678423297,0.0
2012-08-01,-0.004226092765173606,0.057771033837884754
2012-08-02,-0.007663478905643507,0.0
2012-08-03,0.022199694657434935,0.0
2012-08-06,0.004237809534115894,0.0
2012-08-07,0.00945330306856769,0.0
2012-08-08,0.002577504588336754,0.0
2012-08-09,0.0016934334051825278,0.0
2012-08-10,0.002091961385915267,0.0
2012-08-13,-0.0018119125450374882,0.0
2012-08-14,-0.001734132875327286,0.0
2012-08-15,0.003989484139983033,0.0
2012-08-16,0.009015558936979714,0.0
2012-08-17,0.002746894273314116,0.0
2012-08-20,-0.0007863757064795685,0.0
2012-08-21,-0.00128990775260034,0.0
2012-08-22,-0.0014736752173598968,0.0
2012-08-23,-0.00906078646868305,0.0
2012-08-24,0.0055151517582935315,0.0
2012-08-27,-0.0017617233263735772,0.0
2012-08-28,-0.000497931505882229,0.0
2012-08-29,0.00216340010017639,0.0
2012-08-30,-0.008044921973038662,0.0
2012-08-31,0.005078939862423925,0.0
2012-09-04,-0.001483965224859829,0.0469312560443902
2012-09-05,-0.0009416565013362503,0.0
2012-09-06,0.022075225839745406,0.0
2012-09-07,0.006678391563328457,0.0
2012-09-10,-0.004787861436837858,0.0
2012-09-11,0.005205312087808655,0.0
2012-09-12,0.00391154635547178,0.0
2012-09-13,0.014780248344783246,0.0
2012-09-14,0.007650124065941375,0.0
2012-09-17,-0.007114294470429628,0.0
2012-09-18,-0.003484357171303444,0.0
2012-09-19,0.002346279002871574,0.0
2012-09-20,-0.0028296988110541733,0.0
2012-09-21,-0.0004634446129556467,0.0
2012-09-24,-0.003175210998053616,0.0
2012-09-25,-0.013596166087103036,0.0
2012-09-26,-0.005605694221948121,0.002449732910490001
2012-09-27,0.009914280713163786,0.0
2012-09-28,-0.003661980072917511,0.0
2012-10-01,0.001988991771968429,0.03971286215286986
2012-10-02,0.0016494922949595728,0.0
2012-10-03,0.0026602346970415894,0.0
2012-10-04,0.008994561113659778,0.0
2012-10-05,0.0004941605362898395,0.0
2012-10-08,-0.0019100634590000346,0.0
2012-10-09,-0.009545302648595128,0.0
2012-10-10,-0.006184957138461338,0.0
2012-10-11,0.0041569312643122,0.0
2012-10-12,-0.004790305899614331,0.0
2012-10-15,0.007780359017998452,0.0
2012-10-16,0.01125644578211768,0.0
2012-10-17,0.005419800885766287,0.0
2012-10-18,0.0005733658746154841,0.0
2012-10-19,-0.016400315431445163,0.0
2012-10-22,-7.78380136786969e-05,0.0
2012-10-23,-0.011507496993390442,0.0
2012-10-24,-0.005245139297922814,0.0
2012-10-25,0.0038331026424210765,0.0
2012-10-26,-0.00041315689820498036,0.0
2012-10-31,0.00237727139510127,0.0
2012-11-01,0.014282940839727365,0.055282005752992774
2012-11-02,-0.009661298910683912,0.0
2012-11-05,0.0032473783268541154,0.0
2012-11-06,0.01019047954976637,0.0
2012-11-07,-0.021350088857390877,0.0
2012-11-08,-0.01281564512325931,0.0
2012-11-09,0.0006616400302022559,0.0
2012-11-12,0.001109803934952669,0.0
2012-11-13,-0.003067644088380312,0.0
2012-11-14,-0.013343900640362418,0.0
2012-11-15,-9.802958036390496e-05,0.0
2012-11-16,0.0057052192988425975,0.0
2012-11-19,0.0179218070537166,0.0
2012-11-20,-7.335760977010638e-05,0.0
2012-11-21,0.0025102614542658825,0.0
2012-11-23,0.012563067437309672,0.0
2012-11-26,-0.002814650440622748,0.0
2012-11-27,-0.004314484757593679,0.0
2012-11-28,0.008426687202421632,0.0
2012-11-29,0.004082158614184952,0.0
2012-11-30,0.0007958785754218872,0.0
2012-12-03,-0.004855007637451725,0.045742898392350795
2012-12-04,-0.0001244642523562427,0.0
2012-12-05,0.0037135227096774495,0.0
2012-12-06,0.003603612180471883,0.0
2012-12-07,0.003948292448706604,0.0
2012-12-10,0.0022470188517340617,0.0023253990680948576
2012-12-11,0.006048165661983163,0.0
2012-12-12,0.0009429118550064317,0.0
2012-12-13,-0.004830647584094631,0.0
2012-12-14,-0.0012198635933011025,0.0
2012-12-17,0.011835341133283581,0.0
2012-12-18,0.013183664990398105,0.0
2012-12-19,-0.00518140326186761,0.0
2012-12-20,0.005489225694943775,0.0
2012-12-21,-0.008855919391500915,0.0
2012-12-24,-0.0025135496915765776,0.0022900376252684464
2012-12-26,-0.005689998843513714,0.0
2012-12-27,-0.0011705233185408833,0.0
2012-12-28,-0.010295780362852423,0.0
2012-12-31,0.017922674703441333,0.002249292924729709
2013-01-02,0.02393095167344006,0.049619143671980184
2013-01-03,0.00012690159536791194,0.0
2013-01-04,0.007793352606959347,0.0
2013-01-07,-0.00380275245690892,0.0
2013-01-08,-0.004529050760820439,0.0
2013-01-09,0.0038659054907365996,0.0
2013-01-10,0.006737354901322837,0.0
2013-01-11,-0.000514492412814064,0.0
2013-01-14,0.0004989098892498678,0.0
2013-01-15,0.003975465165035382,0.0
2013-01-16,-0.0013608050266974742,0.0
2013-01-17,0.00862828291279121,0.0
2013-01-18,0.0038042659303282184,0.0
2013-01-22,0.006436964981865745,0.0
2013-01-23,-0.0008158647301891289,0.0
2013-01-24,0.004973127169816671,0.0
2013-01-25,0.007277659515853525,0.0
2013-01-28,-0.002664435834257851,0.0
2013-01-29,0.0037120440092706783,0.0
2013-01-30,-0.003688976553828431,0.0
2013-01-31,-0.00020634710316065418,0.0
2013-02-01,0.008979709740344788,0.04382294030860413
2013-02-04,-0.010779778864987067,0.0
2013-02-05,0.010107375164396852,0.0
2013-02-06,0.0022397860725324008,0.0
2013-02-07,-0.001329170422640913,0.0023901352863763816
2013-02-08,0.005684894700679089,0.0
2013-02-11,-0.0003556693494475024,0.0
2013-02-12,0.003786193914869961,0.0
2013-02-13,0.0006961659316239904,0.0
2013-02-14,0.0018643765282114633,0.0
2013-02-15,-0.0006433731241327075,0.0
2013-02-19,0.007168289191222123,0.0
2013-02-20,-0.015386326199212996,0.0
2013-02-21,-0.007916473556762008,0.0
2013-02-22,0.009648211993177083,0.0
2013-02-25,-0.019815121194022393,0.0
2013-02-26,0.0056606143146618855,0.0
2013-02-27,0.014336555202704989,0.0
2013-02-28,-0.00019737596750983122,0.0
2013-03-01,0.002393475872109363,0.04395685103519788
2013-03-04,0.004231156242418368,0.0
2013-03-05,0.01011367911597482,0.0
2013-03-06,0.001981322568074798,0.0
2013-03-07,0.00270230098054745,0.0
2013-03-08,0.006481720826280664,0.0
2013-03-11,0.0032298014953905316,0.0
2013-03-12,-0.0012798712385586617,0.0
2013-03-13,0.0034169515512974128,0.0
2013-03-14,0.005198699776050467,0.0
2013-03-15,-0.0019323773915404681,0.0
2013-03-18,-0.0057492037392198984,0.0
2013-03-19,-0.004241651313961623,0.0
2013-03-20,0.008576969409186917,0.0
2013-03-21,-0.009453528169957101,0.0
2013-03-22,0.0055841178377542405,0.0
2013-03-25,-0.0030985091556245724,0.0
2013-03-26,0.007904107793300742,0.0
2013-03-27,9.842522584115781e-05,0.0
2013-03-28,0.0065255381620183146,0.0
2013-04-01,-0.007341585830149766,0.039381548787744254
2013-04-02,0.0013316009435011896,0.0
2013-04-03,-0.01160673079179173,0.0
2013-04-04,0.005374933136785616,0.0
2013-04-05,-0.0034937434197949264,0.0
2013-04-08,0.008388740351422027,0.0
2013-04-09,0.003819818897421485,0.0
2013-04-10,0.012311270977106624,0.0
2013-04-11,0.005028710342664033,0.0
2013-04-12,-0.003997904600510799,0.0
2013-04-15,-0.027586310430096087,0.0
2013-04-16,0.015309248502655658,0.0
2013-04-17,-0.01566275273660722,0.0
2013-04-18,-0.005735704842115566,0.0
2013-04-19,0.009687688394804491,0.0
2013-04-22,0.003682032288507486,0.0
2013-04-23,0.010936701383514899,0.0
2013-04-24,0.0031863682003288084,0.0
2013-04-25,0.006068394478413366,0.0
2013-04-26,-0.004323435984284862,0.0
2013-04-29,0.007117623975722417,0.0
2013-04-30,0.0035058696313432754,0.0
2013-05-01,-0.009605822062654146,0.0495739647906698
2013-05-02,0.010322966537418328,0.0
2013-05-03,0.012585803999734857,0.002292395052050582
2013-05-06,0.00223166674347951,0.0
2013-05-07,0.006258698642114171,0.0
2013-05-08,0.006080402219259291,0.0
2013-05-09,-0.0028716384463820413,0.0
2013-05-10,0.00647492739375655,0.0
2013-05-13,-0.0019186573836058444,0.0
2013-05-14,0.012391531078715101,0.0
2013-05-15,0.006150412544105638,0.0
2013-05-16,-0.006611665517953206,0.0
2013-05-17,0.012167237408527974,0.0
2013-05-20,0.00011947967249366858,0.0
2013-05-21,0.0010065258936091783,0.0
2013-05-22,-0.012291286493568983,0.0
2013-05-23,-0.0020478229813783843,0.0
2013-05-24,-0.002508212924762482,0.0
2013-05-28,0.006820911873100638,0.0
2013-05-29,-0.008646913152854737,0.0
2013-05-30,0.0052596443721942086,0.0
2013-05-31,-0.013282976823907356,0.0
2013-06-03,0.0029336775634347667,0.059766320067111925
2013-06-04,-0.006077944461088011,0.0
2013-06-05,-0.014064058200096088,0.0
2013-06-06,0.009674225459097982,0.0
2013-06-07,0.013821480628796179,0.002323795536549901
2013-06-10,-0.00084068151410694,0.0
2013-06-11,-0.01108827729244208,0.0
2013-06-12,-0.009281689273564717,0.0
2013-06-13,0.01812243073915444,0.0
2013-06-14,-0.005554698950645859,0.0
2013-06-17,0.008330695893567634,0.0
2013-06-18,0.007774442060074117,0.0
2013-06-19,-0.014341168291732596,0.0
2013-06-20,-0.025539240076786096,0.002267721076605922
2013-06-21,0.0026471482407733433,0.0
2013-06-24,-0.012185650515206637,0.0
2013-06-25,0.011242605343386898,0.0
2013-06-26,0.009108813428915641,0.0
2013-06-27,0.009271903927953917,0.0
2013-06-28,-0.003331997006394749,0.0020404996063387026
2013-07-01,0.009026885148277985,0.043037776748341194
2013-07-02,-0.001659631423253611,0.0
2013-07-03,-0.0006033225732999478,0.0
2013-07-05,0.01067673112590368,0.0
2013-07-08,0.005119020992808927,0.0
2013-07-09,0.007941374604385577,0.0
2013-07-10,0.0015286861406090056,0.0
2013-07-11,0.0150823483635911,0.0
2013-07-12,0.002997195286226372,0.0
2013-07-15,0.0015910296172055255,0.0
2013-07-16,-0.004717074382586013,0.0
2013-07-17,0.002396256615022599,0.0
2013-07-18,0.006935580286610266,0.0
2013-07-19,0.002047178809265626,0.0
2013-07-22,0.001956170412813818,0.0
2013-07-23,-0.001770893394711766,0.0
2013-07-24,-0.007094334041472048,0.0
2013-07-25,0.005416126147306772,0.0
2013-07-26,0.0005089929973287247,0.0
2013-07-29,-0.0037212352488857946,0.0
2013-07-30,0.002173585173823097,0.0
2013-07-31,0.00159997414239406,0.0
2013-08-01,0.015540499154414134,0.0492897695459158
2013-08-02,0.000943999464286523,0.0
2013-08-05,-0.0011853652298098754,0.0
2013-08-06,-0.005849514309226162,0.0
2013-08-07,-0.00530573804775064,0.0
2013-08-08,0.005850345753997739,0.0
2013-08-09,-0.0008100328495491685,0.0
2013-08-12,-0.0011115584129561856,0.0
2013-08-13,0.0015929594741896395,0.0
2013-08-14,-0.004960144180110648,0.0
2013-08-15,-0.014825189378749944,0.0
2013-08-16,-0.0038237447811667867,0.0
2013-08-19,-0.00821614120460713,0.0
2013-08-20,0.008116189570557241,0.0
2013-08-21,-0.0066832563660891514,0.0
2013-08-22,0.010662879755264185,0.0
2013-08-23,0.003195210637396435,0.0
2013-08-26,-0.003945756401162238,0.0
2013-08-27,-0.01797017283696019,0.0
2013-08-28,0.001641243456607054,0.0
2013-08-29,0.0029080784760818043,0.0
2013-08-30,-0.004134747193555998,0.0
2013-09-03,0.004766912449695182,0.03743947918840715
2013-09-04,0.00943021917072734,0.0
2013-09-05,0.002332525233350547,0.0
2013-09-06,0.0010451806135831445,0.0
2013-09-09,0.012187183042772415,0.0
2013-09-10,0.008205411489632386,0.0022572974840789476
2013-09-11,0.0034996438430916245,0.0
2013-09-12,-0.004415984790941737,0.0
2013-09-13,0.0029609854165151828,0.0
2013-09-16,0.007045354923882181,0.0
2013-09-17,0.0045311331206179615,0.0
2013-09-18,0.012300175995007954,0.0
2013-09-19,-0.0019595908991042665,0.0
2013-09-20,-0.008376188961741434,0.0
2013-09-23,-0.005356135460362088,0.0
2013-09-24,1.2822669958314093e-05,0.0
2013-09-25,-0.0023798246826328175,0.0
2013-09-26,0.0030839513477856763,0.0
2013-09-27,-0.004695186494425421,0.0
2013-09-30,-0.004323867691680561,0.0
2013-10-01,0.008396030427467727,0.03970809016314753
2013-10-02,-0.0003123801009780711,0.0
2013-10-03,-0.009136429544226905,0.0
2013-10-04,0.008068312822928199,0.0
2013-10-07,-0.009380020111545895,0.0
2013-10-08,-0.012451367014815168,0.0
2013-10-09,0.000726864898387737,0.0
2013-10-10,0.02213872378633879,0.0
2013-10-11,0.00664688790754116,0.0
2013-10-14,0.0033601849649619216,0.0
2013-10-15,-0.00856408445800578,0.0
2013-10-16,0.013306250488890004,0.0
2013-10-17,0.008683010041818668,0.0
2013-10-18,0.005205561859955361,0.0
2013-10-21,-0.0005733007291802395,0.0
2013-10-22,0.006259998224673767,0.0
2013-10-23,-0.004971772534446586,0.0
2013-10-24,0.0029332478057334074,0.0
2013-10-25,0.005254495304099092,0.0
2013-10-28,0.00030246041815172933,0.0
2013-10-29,0.006528446370620856,0.0
2013-10-30,-0.006315759085961386,0.0
2013-10-31,-0.002856523052307669,0.0
2013-11-01,0.0035536469759744893,0.052983229887167506
2013-11-04,0.005507322524612789,0.0
2013-11-05,-0.0037017920585344375,0.0
2013-11-06,0.0027586334731934015,0.0
2013-11-07,-0.014374072039336199,0.0
2013-11-08,0.01316363750166181,0.0
2013-11-11,0.00135734421328078,0.0
2013-11-12,-0.0023663319487120344,0.0
2013-11-13,0.00931992764515325,0.0
2013-11-14,0.005271488073655655,0.0
2013-11-15,0.003964501626357821,0.0
2013-11-18,-0.005378204575118602,0.0
2013-11-19,-0.0037021854665965233,0.0
2013-11-20,-0.0036151833108325915,0.0
2013-11-21,0.00889256203112274,0.0
2013-11-22,0.004126879046304705,0.0
2013-11-25,-0.0018011784883238669,0.0
2013-11-26,0.0005274691293176625,0.0
2013-11-27,0.002843653841516966,0.0
2013-11-29,-0.0017649872200663497,0.00281439018420182
2013-12-02,-0.002478187607460103,0.04138196497897453
2013-12-03,-0.0030682816532899915,0.0
2013-12-04,-0.0009604637261633187,0.0023355810229444673
2013-12-05,-0.004311825818927242,0.0
2013-12-06,0.011609311425051757,0.0
2013-12-09,0.0013167174967493277,0.0
2013-12-10,-0.0025335632920122342,0.0
2013-12-11,-0.012954725323834914,0.0
2013-12-12,-0.0026170163126220678,0.0
2013-12-13,0.0015041005687158348,0.0
2013-12-16,0.0067854305277467615,0.0
2013-12-17,-0.0012085936300070068,0.0
2013-12-18,0.014851716195690381,0.0
2013-12-19,-0.0007983258617206834,0.004523320049479635
2013-12-20,0.0065171560742732955,0.0
2013-12-23,0.0047360299948174395,0.0
2013-12-24,0.003772194655790837,0.0
2013-12-26,0.0033934526968119783,0.0
2013-12-27,0.0005529702053600805,0.0
2013-12-30,0.0012219400755448017,0.0
2013-12-31,0.0031669626426889226,0.0
2014-01-02,-0.009670611429898779,0.039637309403195056
2014-01-03,0.0006050247344489652,0.0
2014-01-06,-0.003682871942944347,0.0
2014-01-07,0.0066008070512663585,0.0
2014-01-08,0.0007212192333451314,0.0
2014-01-09,0.001841099855749713,0.0
2014-01-10,0.004201260261343139,0.0
2014-01-13,-0.014233897398529309,0.0
2014-01-14,0.010885329429137301,0.0
2014-01-15,0.0038377860316592067,0.0
2014-01-16,-0.0010569494691356034,0.0
2014-01-17,-0.003529288855635905,0.0
2014-01-21,0.0024026132647811385,0.0
2014-01-22,0.002512379882808891,0.0
2014-01-23,-0.009852249625808445,0.0
2014-01-24,-0.022135412012320763,0.0
2014-01-27,-0.004120567229177452,0.0
2014-01-28,0.008972168478927671,0.0
2014-01-29,-0.009343332501506998,0.0
2014-01-30,0.01197494904403552,0.0
2014-01-31,-0.005486492719150669,0.0
2014-02-03,-0.024354538787556668,0.059888774804789435
2014-02-04,0.008149012967670326,0.0
2014-02-05,-0.0019594598962303735,0.0
2014-02-06,0.014343616366576654,0.0
2014-02-07,0.012226517009877038,0.0
2014-02-10,0.0018319775478455153,0.0
2014-02-11,0.010429276086758168,0.0
2014-02-12,0.0016546007798437247,0.0
2014-02-13,0.006483366453584973,0.0
2014-02-14,0.005130519996435098,0.0
2014-02-18,0.0026911764928822563,0.0
2014-02-19,-0.0048012958993648176,0.0
2014-02-20,0.007151054476921773,0.0
2014-02-21,0.0002404734896066735,0.0
2014-02-24,0.005929884051797284,0.0
2014-02-25,-0.0012303791024779645,0.0
2014-02-26,0.0007044106281532117,0.0
2014-02-27,0.0045633456054861654,0.0
2014-02-28,0.003298845945023643,0.0
2014-03-03,-0.006873396951127875,0.04009254547585747
2014-03-04,0.014920320906569123,0.0
2014-03-05,-0.0005946434775826945,0.0
2014-03-06,0.0027244356496951673,0.0
2014-03-07,0.0008492059711225565,0.0
2014-03-10,-0.0021999520633838973,0.0
2014-03-11,-0.005306349763455785,0.0
2014-03-12,0.000949303994780405,0.0
2014-03-13,-0.01120048697674536,0.0023109075056868735
2014-03-14,-0.0001801665625565875,0.0
2014-03-17,0.008329403836151128,0.0
2014-03-18,0.007001771980980669,0.0
2014-03-19,-0.005583425080657382,0.0
2014-03-20,0.005088901225656529,0.0
2014-03-21,-0.0011169188152101044,0.0
2014-03-24,-0.006373709532526478,0.0
2014-03-25,0.002446116431302198,0.0
2014-03-26,-0.007061495535600545,0.0
2014-03-27,-0.0018625910295334454,0.0
2014-03-28,0.006460006201073712,0.0
2014-03-31,0.009313701365060866,0.0
2014-04-01,0.00765041237461217,0.035631040174731954
2014-04-02,0.0038955035280570094,0.0023058271195726533
2014-04-03,-0.0012848893405280047,0.0
2014-04-04,-0.011568368517638272,0.0
2014-04-07,-0.012963965310650603,0.0
2014-04-08,0.0054258062138273135,0.0
2014-04-09,0.009460525395066368,0.0
2014-04-10,-0.02047556092544106,0.0
2014-04-11,-0.011048298479126212,0.0
2014-04-14,0.008508834327800086,0.0
2014-04-15,0.005705409956159514,0.0
2014-04-16,0.010418153436506901,0.0
2014-04-17,0.0018666477199056832,0.0
2014-04-21,0.0023013946898551452,0.0
2014-04-22,0.004329729124313883,0.0
2014-04-23,-0.000983876262465655,0.002442691180079979
2014-04-24,0.0011058963345301994,0.0
2014-04-25,-0.00909943751866022,0.0
2014-04-28,0.0003281977399808423,0.0
2014-04-29,0.0036199063231528916,0.0
2014-04-30,0.004383150569545984,0.0
2014-05-01,1.9428956095079997e-06,0.04158901590186015
2014-05-02,-0.00015792351770159936,0.0
2014-05-05,0.0008224122841246318,0.0
2014-05-06,-0.008359986079822369,0.0
2014-05-07,0.006008104856654706,0.002335200107715797
2014-05-08,-0.0014305663373368738,0.0
2014-05-09,0.0014874954311924018,0.0
2014-05-12,0.01121062343169553,0.0
2014-05-13,-0.0006958703346091086,0.0
2014-05-14,-0.005629956456982316,0.0
2014-05-15,-0.00872024594225177,0.0
2014-05-16,0.004219344707663948,0.0
2014-05-19,0.003802716458476024,0.0
2014-05-20,-0.008063786224928758,0.0
2014-05-21,0.006784218628687953,0.0
2014-05-22,0.0029947343488967424,0.0
2014-05-23,0.005025405161800233,0.0
2014-05-27,0.006052484829680952,0.0
2014-05-28,-0.0001879854671655273,0.0
2014-05-29,0.005475814582766943,0.0
2014-05-30,0.0015178341131697139,0.0
2014-06-02,0.001457727898212191,0.03962718810169433
2014-06-03,0.00010840498943899441,0.0
2014-06-04,0.0031947228535832077,0.0
2014-06-05,0.006825394306143387,0.0
2014-06-06,0.005502439346720897,0.0
2014-06-09,0.0011494072418662495,0.0
2014-06-10,-0.0020430117654482195,0.0
2014-06-11,-0.003910015689768895,0.0
2014-06-12,-0.0062136945029127085,0.0
2014-06-13,0.003545159017224721,0.0
2014-06-16,0.0015690493667824199,0.0
2014-06-17,0.004092383237193874,0.0
2014-06-18,0.0078953632556944,0.0
2014-06-19,0.001507367802135185,0.0
2014-06-20,0.0027643112589609935,0.0
2014-06-23,-0.001072386412305203,0.0
2014-06-24,-0.006988542375476414,0.0
2014-06-25,0.003762484284250225,0.0
2014-06-26,-2.7982800812435208e-05,0.0
2014-06-27,0.002261894483785403,0.0
2014-06-30,0.0009485324388952643,0.0
2014-07-01,0.005476749568149142,0.03733175035077842
2014-07-02,-0.0008902673590019949,0.0023061952820068294
2014-07-03,0.005900911543454622,0.0
2014-07-07,-0.0055113281790036385,0.0
2014-07-08,-0.006105510873868029,0.0
2014-07-09,0.004304868873239658,0.0
2014-07-10,-0.0046982451391664026,0.0
2014-07-11,0.0007715975747958276,0.0
2014-07-14,0.0029085824691551547,0.0
2014-07-15,-0.0023507423210089974,0.0
2014-07-16,0.003470838638067702,0.0
2014-07-17,-0.01162046372819667,0.0
2014-07-18,0.010095543146671791,0.0
2014-07-21,-0.0028630896593032336,0.0
2014-07-22,0.005034240547889384,0.0
2014-07-23,9.478808419483765e-05,0.0
2014-07-24,0.0018883854242595242,0.0
2014-07-25,-0.004198789739803487,0.0
2014-07-28,0.0005048839953947776,0.0
2014-07-29,-0.004832767878033746,0.0
2014-07-30,-0.00018873641485666638,0.0
2014-07-31,-0.018676534183032906,0.0
2014-08-01,-0.0021079303754109047,0.045549080954930266
2014-08-04,0.006988974975678089,0.0
2014-08-05,-0.008388791280842328,0.0
2014-08-06,-4.975090169848681e-05,0.0
2014-08-07,-0.005833750052917394,0.0
2014-08-08,0.013152721539488148,0.0
2014-08-11,0.0031702508115071344,0.0
2014-08-12,-0.001965901059844182,0.0
2014-08-13,0.005838419096683945,0.0
2014-08-14,0.0049920626365063114,0.0021692542209673
2014-08-15,-0.00033489515658162645,0.0
2014-08-18,0.009119708100615603,0.0
2014-08-19,0.005273875224419576,0.0
2014-08-20,0.0033425579800021588,0.0
2014-08-21,0.0023008890173292253,0.0
2014-08-22,-0.0018289196765254423,0.0
2014-08-25,0.004353565417501983,0.0
2014-08-26,0.00034749226854797783,0.0
2014-08-27,0.00014179235736580423,0.0
2014-08-28,-0.0008401129092675742,0.0
2014-08-29,0.003725979041034269,0.0
2014-09-02,-0.0007721303016412495,0.02811006089621886
2014-09-03,9.478987221400594e-05,0.0
2014-09-04,-0.0010861484604635211,0.0
2014-09-05,0.004785969387377156,0.0
2014-09-08,-0.0029276190506549475,0.0
2014-09-09,-0.007193121699898178,0.0
2014-09-10,0.0018548216971732978,0.0
2014-09-11,0.0021353016937984397,0.0
2014-09-12,-0.006992375512162182,0.0
2014-09-15,-0.0015395458027303065,0.0
2014-09-16,0.006677744897211034,0.0
2014-09-17,0.0005381449248743607,0.0
2014-09-18,0.003596481196837532,0.0
2014-09-19,-0.002137880231272839,0.0
2014-09-22,-0.009841509318475494,0.004342057816688401
2014-09-23,-0.007028309172002141,0.0
2014-09-24,0.007117601691452414,0.0
2014-09-25,-0.014424696195733226,0.0
2014-09-26,0.007313795073555126,0.0
2014-09-29,-0.0014933935186126185,0.0
2014-09-30,-0.00416384203443962,0.0
2014-10-01,-0.012819334967216434,0.04462028307805374
2014-10-02,0.001121117383407132,0.0
2014-10-03,0.010360913204623859,0.0
2014-10-06,-0.002130457810720027,0.0
2014-10-07,-0.016123675067688727,0.0
2014-10-08,0.017343620524551857,0.0
2014-10-09,-0.022320469041148115,0.0
2014-10-10,-0.012183777271139624,0.0
2014-10-13,-0.017067420987698326,0.0
2014-10-14,0.0059581862846702655,0.0
2014-10-15,-0.004859725837436435,0.0
2014-10-16,0.002651574654521682,0.0
2014-10-17,0.011314808734176457,0.0
2014-10-20,0.010259610856535328,0.0
2014-10-21,0.021342395405541156,0.0
2014-10-22,-0.008753326079558362,0.0
2014-10-23,0.012384470881409978,0.0
2014-10-24,0.00747150637583302,0.0
2014-10-27,-0.0018845194422404685,0.0
2014-10-28,0.0129735246561146,0.0
2014-10-29,-0.0020383714752411496,0.0
2014-10-30,0.007383331144718796,0.0
2014-10-31,0.012162624513202658,0.0
2014-11-03,0.0002994629867374421,0.05084539350575513
2014-11-04,-0.004547423742707872,0.0
2014-11-05,0.00721595369617486,0.0
2014-11-06,0.004342090879734224,0.0
2014-11-07,0.0011251806093137329,0.0
2014-11-10,0.002723138721971191,0.0
2014-11-11,0.000443010849458885,0.0
2014-11-12,-0.00017682344441547485,0.0
2014-11-13,-0.0021923556481784814,0.0
2014-11-14,-0.00011512115181228685,0.0
2014-11-17,0.0010830083113003539,0.0
2014-11-18,0.005421855056419125,0.0
2014-11-19,-0.0014301311830281598,0.0
2014-11-20,0.0033039061635886436,0.0
2014-11-21,0.006211176487201255,0.0
2014-11-24,0.00325028353339688,0.0
2014-11-25,-0.0010590467695847747,0.0
2014-11-26,0.0012850171920955641,0.0
2014-11-28,-0.002776271426776308,0.0
2014-12-01,-0.008141031645873986,0.0454311111342665
2014-12-02,0.006148103435668522,0.0
2014-12-03,0.006919921271797226,0.0
2014-12-04,-0.002464940024695137,0.0
2014-12-05,0.0014470110507820433,0.002267905263029839
2014-12-08,-0.008796842763383082,0.0
2014-12-09,0.001941453128535017,0.0
2014-12-10,-0.01808395741533586,0.0
2014-12-11,0.004955322368976512,0.0
2014-12-12,-0.01636491771033987,0.0
2014-12-15,-0.0053933118705495565,0.0
2014-12-16,-0.006201017776808586,0.0
2014-12-17,0.021573331074602117,0.0
2014-12-18,0.022113553939571852,0.0
2014-12-19,0.0064312158686731825,0.0
2014-12-22,0.0035401858870303888,0.0
2014-12-23,0.0036775614095992705,0.0
2014-12-24,0.0001972502559698058,0.0
2015-01-08,0.018062966904005107,0.04154177051132773
2015-01-09,-0.008888862056360138,0.0
2015-01-12,-0.009169597679198246,0.0
2015-01-13,-0.0030458237223216743,0.0
2015-01-14,-0.005099548857077815,0.0
2015-01-15,-0.009207367841377026,0.0
2015-01-16,0.01388690945368265,0.00232405192171758
2015-01-20,-0.0006006263198782336,0.0
2015-01-21,0.007259639343022168,0.0
2015-01-22,0.014072157654149039,0.0
2015-01-23,-0.005637479790242943,0.0
2015-01-26,0.0048502590565209815,0.0
2015-01-27,-0.008308142054886607,0.0
2015-01-28,-0.01468195431985908,0.0
2015-01-29,0.009551689976560019,0.0
2015-01-30,-0.01283295605131754,0.0
2015-02-02,0.013197521499986431,0.04160350070129444
2015-02-03,0.017498002827882515,0.0
2015-02-04,-0.004921289704710926,0.0
2015-02-05,0.01102977556909036,0.0
2015-02-06,-0.003727765922037248,0.0
2015-02-09,-0.0033538612564258186,0.0
2015-02-10,0.00986086331605961,0.0
2015-02-11,-0.001251259614166195,0.0
2015-02-12,0.010884177083922603,0.0
2015-02-13,0.004359404097496701,0.0
2015-02-17,0.001843765657124867,0.0
2015-02-18,0.0006596928515242226,0.0
2015-02-19,-0.0007116624957190206,0.0
2015-02-20,0.005936600612699863,0.0
2015-02-23,-0.0010336752139041667,0.0
2015-02-24,0.0023151877262649724,0.0
2015-02-25,-0.00034206704066540934,0.0
2015-02-26,-0.0037511788034350936,0.0
2015-02-27,-0.0017643107768083631,0.0
2015-03-02,0.0055799933625804155,0.053576436463556795
2015-03-03,-0.004345375539773728,0.0
2015-03-04,-0.005233080378626003,0.0
2015-03-05,0.0020581377904201276,0.0
2015-03-06,-0.01525237069687671,0.0
2015-03-09,0.0032278903052039747,0.0
2015-03-10,-0.015437511656292167,0.0
2015-03-11,-6.524459313261586e-05,0.0
2015-03-12,0.01310030150424324,0.002330391905884985
2015-03-13,-0.006564072219152202,0.0
2015-03-16,0.013588087583354946,0.0023043835190136018
2015-03-17,-0.003421448898935774,0.0
2015-03-18,0.013576159981676932,0.0
2015-03-19,-0.005409762581973282,0.0
2015-03-20,0.01005744559968691,0.006268644941973189
2015-03-23,-0.0017562374241377958,0.0
2015-03-24,-0.005881646786247908,0.0
2015-03-25,-0.01325205815391842,0.0
2015-03-26,-0.002194959326430791,0.0
2015-03-27,0.003542868006735541,0.0
2015-03-30,0.012181626202640631,0.0
2015-03-31,-0.006621125938960866,0.0
2015-04-01,-0.0035301558866183136,0.03876058184969207
2015-04-02,0.0047780264241252535,0.0
2015-04-06,0.0069174429579589025,0.0
2015-04-07,-0.0035045001324471,0.0
2015-04-08,0.003633331094406974,0.0
2015-04-09,0.0034307462702782643,0.0
2015-04-10,0.0032448772288274502,0.0
2015-04-13,-0.0047418405988854054,0.0
2015-04-14,0.0018380663103105322,0.0
2015-04-15,0.005987057970827,0.0
2015-04-16,-0.001620993663049733,0.0
2015-04-17,-0.010825576651641224,0.0
2015-04-20,0.00772203265490283,0.0
2015-04-21,-0.0009140565755319365,0.0
2015-04-22,0.004187868165776786,0.0
2015-04-23,0.002697044662933642,0.0
2015-04-24,-0.0004898317018923041,0.0
2015-04-27,-0.005217427126866645,0.0
2015-04-28,0.002541233821413282,0.0
2015-04-29,-0.003577638735613992,0.0
2015-04-30,-0.008466367828264456,0.0
2015-05-01,0.010369305959716746,0.05221692269771301
2015-05-04,0.003542745467481813,0.0
2015-05-05,-0.012057024210613991,0.0
2015-05-06,-0.0035749392461676445,0.0
2015-05-07,0.0030614892491435657,0.0
2015-05-08,0.011664280936176278,0.0
2015-05-11,-0.003310019444565346,0.0
2015-05-12,-0.0035422861862680934,0.0
2015-05-13,-0.00025710988360114776,0.0
2015-05-14,0.009056620116856862,0.0
2015-05-15,0.0013543095406970134,0.0
2015-05-18,0.00369439750491759,0.0
2015-05-19,-0.0018516361150101768,0.0
2015-05-20,9.435233168181412e-05,0.0
2015-05-21,0.002226204968764838,0.0
2015-05-22,-0.0016873069361275316,0.0
2015-05-26,-0.01109508173062216,0.0
2015-05-27,0.007967832718364078,0.0
2015-05-28,-0.0015575604091423757,0.0
2015-05-29,-0.006167646969949839,0.0
2015-06-01,0.0015328062710306956,0.04486454259525061
2015-06-02,2.5596841683095146e-05,0.0
2015-06-03,0.001722422330234577,0.0
2015-06-04,-0.009033921506218385,0.0
2015-06-05,0.00022239864725158483,0.0
2015-06-08,-0.006473284515703046,0.0
2015-06-09,-0.00032304047755532083,0.0
2015-06-10,0.010998081400307226,0.0
2015-06-11,0.0024919231114884375,0.0
2015-06-12,-0.0061636617951131845,0.002270901236900781
2015-06-15,-0.00495013250507282,0.0
2015-06-16,0.005787014739791477,0.0
2015-06-17,0.002679936708304559,0.0
2015-06-18,0.009397410537744904,0.0
2015-06-19,-0.004371662395901735,0.0
2015-06-22,0.005273968907952312,0.0
2015-06-23,-0.0003993552487637581,0.0
2015-06-24,-0.007442955306976083,0.0
2015-06-25,-0.0036021608763544544,0.002226736086454691
2015-06-26,0.0010180938230777987,0.0
2015-06-29,-0.02152019150121576,0.0
2015-06-30,0.002714901189899156,0.0
2015-07-01,0.006492238404606443,0.04404874188388584
2015-07-02,-0.000323560514033705,0.004578119385071679
2015-07-06,-0.005374200834708298,0.0022985550390986886
2015-07-07,0.007646608627591256,0.002290010439790937
2015-07-08,-0.01723208253932864,0.0
2015-07-09,0.0024784984874653042,0.0
2015-07-10,0.010409461069167375,0.0
2015-07-13,0.010350220309868215,0.0
2015-07-14,0.0033814993991050394,0.0
2015-07-15,-0.003508974985554406,0.0
2015-07-16,0.00603556479796569,0.0
2015-07-17,-0.004305324529178129,0.0
2015-07-20,-0.0021548902335483365,0.0
2015-07-21,-0.0038320317478019415,0.0
2015-07-22,0.0007637988107733861,0.0
2015-07-23,-0.004889815546130037,0.0
2015-07-24,-0.010718965173767503,0.0
2015-07-27,-0.006317626196180235,0.0
2015-07-28,0.012770096787430366,0.0
2015-07-29,0.008658843488622892,0.0
2015-07-30,0.0009808914141373466,0.0
2015-07-31,-0.0003427621210067143,0.0
2015-08-03,-0.0035011699562923493,0.06572529903167443
2015-08-04,-0.00105662449394713,0.0
2015-08-05,0.0034235709311856476,0.0
2015-08-06,-0.006047180905304551,0.0
2015-08-07,-0.0021842629288394283,0.0
2015-08-10,0.015367814487408284,0.0
2015-08-11,-0.00898047893350512,0.0
2015-08-12,0.001688623878647774,0.0
2015-08-13,-0.0025602535548454857,0.0
2015-08-14,0.004303989561230535,0.0
2015-08-17,0.005577653828128887,0.0
2015-08-18,-0.0020843755926506,0.0
2015-08-19,-0.008257328381656758,0.0
2015-08-20,-0.020578451052585427,0.0
2015-08-21,-0.027601000256301227,0.0
2015-08-24,-0.0398255212593937,0.0
2015-08-25,-0.014054278333842572,0.0
2015-08-26,0.03211450255218168,0.0
2015-08-27,0.026049517377540653,0.0
2015-08-28,0.002385322723494893,0.0
2015-08-31,-0.006751680259873773,0.0
2015-09-01,-0.029174039168243904,0.0458107021440234
2015-09-02,0.015329046083667253,0.0022589453236178973
2015-09-03,0.0038461695940525033,0.0
2015-09-04,-0.01535777449390535,0.0
2015-09-08,0.025222376645821158,0.0
2015-09-09,-0.013251330968387397,0.0
2015-09-10,0.0036877918094589414,0.0
2015-09-11,0.0037190394077197065,0.0
2015-09-14,-0.004742872616627697,0.0
2015-09-15,0.012375736699803243,0.0
2015-09-16,0.01070064180808363,0.0
2015-09-17,-0.0021537678570610792,0.0
2015-09-18,-0.017905756150259494,0.0
2015-09-21,0.0037080354207903008,0.0
2015-09-22,-0.014743225202242125,0.0
2015-09-23,-0.003982407623350439,0.0
2015-09-24,-0.0030180950715081416,0.0
2015-09-25,0.001116803096194718,0.0
2015-09-28,-0.026703075386656186,0.0
2015-09-29,0.0018493371605187994,0.0
2015-09-30,0.01852990327106165,0.0
2015-10-01,-0.0006963538314697093,0.05145657406217265
2015-10-02,0.017219169870761376,0.0
2015-10-05,0.021157385903175674,0.0
2015-10-06,-0.0030113986980923046,0.002491055158693788
2015-10-07,0.010480224343453455,0.0
2015-10-08,0.012084136632674252,0.0
2015-10-09,-0.0011502189040455508,0.0
2015-10-12,-0.0012948322525215806,0.0
2015-10-13,-0.008432780924578182,0.0
2015-10-14,-0.003840753436003396,0.0
2015-10-15,0.01277986918033819,0.0
2015-10-16,0.001314139867964657,0.0
2015-10-19,-0.0015743897244791306,0.0
2015-10-20,0.001204639113906744,0.0
2015-10-21,-0.007413448551250482,0.0
2015-10-22,0.015192154124431291,0.0
2015-10-23,0.004294429445699274,0.0
2015-10-26,-0.0037560195390964756,0.0
2015-10-27,-0.00592356221761582,0.0
2015-10-28,0.013055195343316492,0.0
2015-10-29,-0.0014184382575250787,0.0022662326481875383
2015-10-30,-0.0007716508038167669,0.0
2015-11-02,0.013306594215969358,0.06003892992683043
2015-11-03,0.0026728133614950314,0.0
2015-11-04,-0.0038331611294775752,0.0
2015-11-05,-0.0005985511240924155,0.0
2015-11-06,-0.0020574709344127994,0.0
2015-11-09,-0.009562304133941045,0.0
2015-11-10,0.002705478201513006,0.0
2015-11-11,-0.00563298176722034,0.0
2015-11-12,-0.015280138262925583,0.0
2015-11-13,-0.010761594391385415,0.0
2015-11-16,0.0158868263872549,0.0
2015-11-17,-0.002285008841821248,0.0
2015-11-18,0.016052987497099158,0.004544324548553436
2015-11-19,-0.0009134131377974779,0.0
2015-11-20,0.0035009481257284166,0.0
2015-11-23,0.00027033977785236935,0.0
2015-11-24,0.0030880267883721313,0.0
2015-11-25,0.000967788654487518,0.0
2015-11-27,-0.000252836471453352,0.0
2015-11-30,-0.003051043538395677,0.0
2015-12-01,0.009292617981399465,0.046140953275464726
2015-12-02,-0.01341315162425631,0.0
2015-12-03,-0.014000563237188464,0.0
2015-12-04,0.01551462254146226,0.0
2015-12-07,-0.007231735532750642,0.0
2015-12-08,-0.007460765284703472,0.0
2015-12-09,-0.007343550086126543,0.0
2015-12-10,0.001696296383090561,0.0
2015-12-11,-0.0193527496737582,0.0
2015-12-14,-0.0003751157100818788,0.0
2015-12-15,0.011750726807150101,0.0
2015-12-16,0.01462481639077999,0.0
2015-12-17,-0.016639389675062663,0.0
2015-12-18,-0.015491027188209404,0.0
2015-12-21,0.00778196960759263,0.0
2015-12-22,0.010683285924100137,0.0
2015-12-23,0.01588957565004974,0.0
2015-12-24,-0.0012968688946877974,0.0
2015-12-28,-0.003715273998090125,0.0
2015-12-29,0.009894013707119108,0.0
2015-12-30,-0.007879585205129647,0.0
2015-12-31,-0.007456166263094069,0.0
2016-01-04,-0.012416648122242191,0.053163340658475194
2016-01-05,0.002506667822649078,0.002298380892202605
2016-01-06,-0.017700794738444103,0.0
2016-01-07,-0.02263784299493206,0.0
2016-01-08,-0.011758575044666864,0.0
2016-01-11,-0.003747524704842216,0.0
2016-01-12,0.005389704897100894,0.0
2016-01-13,-0.02497592628956767,0.0
2016-01-14,0.013997512234760095,0.0
2016-01-15,-0.019049713827001935,0.0
2016-01-19,-0.002632771089008284,0.0
2016-01-20,-0.010041914364097043,0.0
2016-01-21,0.008011068885849206,0.0
2016-01-22,0.019237927933252984,0.0
2016-01-25,-0.01842223194742657,0.0
2016-01-26,0.01814597948803092,0.0
2016-01-27,-0.007285732311047344,0.00485433339215513
2016-01-28,0.0011986308000659,0.0
2016-01-29,0.02718574868519267,0.0
2016-02-01,0.000572713557210891,0.0774784065886088
2016-02-02,-0.022320371918503685,0.0
2016-02-03,0.009383770517122896,0.0
2016-02-04,0.006271307168839615,0.0
2016-02-05,-0.016887149427110608,0.0
2016-02-08,-0.021208487255113324,0.0
2016-02-09,-0.002442999117682672,0.0
2016-02-10,0.0013817683995608608,0.0
2016-02-11,-0.01521536980950448,0.0
2016-02-12,0.023069284545441625,0.0
2016-02-16,0.01984736834063892,0.0
2016-02-17,0.019636314453764892,0.0
2016-02-18,-0.003250095976231075,0.0
2016-02-19,-0.002728779536583177,0.0
2016-02-22,0.018208294739351004,0.0
2016-02-23,-0.01213371843195438,0.0
2016-02-24,0.0055145034042668704,0.0
2016-02-25,0.010958474223702403,0.0
2016-02-26,0.0019174413155361382,0.0
2016-02-29,-0.00699171005654009,0.002339792935950057
2016-03-01,0.02244831360541988,0.05243741024992395
2016-03-02,0.00789285036520638,0.0
2016-03-03,0.010233842349083044,0.0
2016-03-04,0.005503735557557565,0.002567330641315908
2016-03-07,0.005379140097549882,0.0
2016-03-08,-0.017518667621923095,0.0
2016-03-09,0.00524547053525121,0.0
2016-03-10,0.0007013149605567658,0.0
2016-03-11,0.02055949449196262,0.0
2016-03-14,-0.001989067803317205,0.0
2016-03-15,-0.006156293670070928,0.0
2016-03-16,0.00981903487444974,0.0
2016-03-17,0.009257128540390588,0.0
2016-03-18,0.005455684796708541,0.0
2016-03-21,-0.00042810961746263157,0.0
2016-03-22,-0.000768839624401101,0.0
2016-03-23,-0.011124699388720554,0.0
2016-03-24,-0.001166946799653884,0.0
2016-03-28,0.0015173648468481727,0.0
2016-03-29,0.009999007082472842,0.0
2016-03-30,0.0032843909684772132,0.002602635612009833
2016-03-31,0.0005448483959129397,0.0
2016-04-01,0.003382652265492725,0.055482426889864364
2016-04-04,-0.005605824641757131,0.0
2016-04-05,-0.011290079340371647,0.0
2016-04-06,0.010366772812171413,0.0
2016-04-07,-0.012723650717349237,0.0
2016-04-08,0.004457931288048684,0.0
2016-04-11,-0.0015828132262215111,0.0
2016-04-12,0.010625400438267651,0.0
2016-04-13,0.01297913928434769,0.0
2016-04-14,-0.0018744000113571303,0.0
2016-04-15,0.0001078188214865566,0.0
2016-04-18,0.006759139394742597,0.0024735441544844893
2016-04-19,0.005310782208656696,0.0
2016-04-20,0.0015677070897335966,0.0
2016-04-21,-0.005888286380876018,0.002370987806609857
2016-04-22,0.005986726861154309,0.0
2016-04-25,-0.004658252213159655,0.0
2016-04-26,0.006552117094271167,0.0
2016-04-27,0.006182085027706034,0.0
2016-04-28,-0.011368594872737746,0.0
2016-04-29,-0.006769928279204877,0.0
2016-05-02,0.006626807381283628,0.06096472199795118
2016-05-03,-0.010649663901629192,0.0
2016-05-04,-0.006750771711437151,0.0
2016-05-05,-0.0001162221268105295,0.0
2016-05-06,0.002370624728491145,0.0
2016-05-09,2.0044890793225573e-05,0.0
2016-05-10,0.012578040722982457,0.0
2016-05-11,-0.009991455477736139,0.0
2016-05-12,-0.0016340256491914444,0.0
2016-05-13,-0.008956671119668724,0.0
2016-05-16,0.00979535952450173,0.0
2016-05-17,-0.00671068526060141,0.0
2016-05-18,-0.001872408608458831,0.0022851847093918625
2016-05-19,-0.003633869753648367,0.0
2016-05-20,0.008226084393536075,0.0
2016-05-23,-0.0019091722671378264,0.002346026635873506
2016-05-24,0.013917364163864888,0.0
2016-05-25,0.0068235059165638635,0.0
2016-05-26,-0.00016283821602311528,0.0
2016-05-27,0.005181876928650738,0.0
2016-05-31,0.0011391026022824508,0.0
2016-06-01,0.001867041165018568,0.042092308654478224
2016-06-02,0.004600802112333275,0.0
2016-06-03,-0.0029967744595444648,0.0
2016-06-06,0.0066045752482332045,0.0
2016-06-07,0.003134332433845993,0.0
2016-06-08,0.003252635647758126,0.0
2016-06-09,-0.0028966970676412734,0.0
2016-06-10,-0.013370603931884596,0.0
2016-06-13,-0.008351658013902682,0.0
2016-06-14,-0.0029089413504993673,0.0
2016-06-15,-0.00011069630940042058,0.0
2016-06-16,0.0015067484321454932,0.0
2016-06-17,0.0011333729329885845,0.0
2016-06-20,0.0080261148866906,0.0
2016-06-21,0.001524319365721949,0.0023165696673116258
2016-06-22,-0.0016128952385123846,0.0
2016-06-23,0.01481629594691466,0.0
2016-06-24,-0.04100555474159498,0.0
2016-06-27,-0.02545349353382342,0.0
2016-06-28,0.01983337860276202,0.0024049641107523165
2016-06-29,0.01907499807316465,0.0
2016-06-30,0.015598365360135417,0.0
2016-07-01,0.0029960285589967217,0.057304227430394206
2016-07-05,-0.012462544203595872,0.0
2016-07-06,0.006088474670141926,0.0
2016-07-07,0.0006479269256162738,0.0
2016-07-08,0.018664051168614592,0.0
2016-07-11,0.003838184138672939,0.0
2016-07-12,0.01166479602734236,0.0
2016-07-13,-0.00019690243361460428,0.0
2016-07-14,0.004512915705508905,0.0
2016-07-15,-0.0008907430348724398,0.0
2016-07-18,0.002257512291712326,0.0
2016-07-19,-0.00310449406052767,0.0
2016-07-20,0.005288707605540346,0.0
2016-07-21,-0.0033084187389356163,0.0
2016-07-22,0.0058852158006315845,0.0
2016-07-25,-0.0020276424954300837,0.0
2016-07-26,0.005016945673136876,0.0
2016-07-27,-0.005411278654510261,0.0
2016-07-28,0.0018509248443353155,0.0
2016-07-29,0.0008073063606070179,0.0
2016-08-01,-0.004267142254266387,0.062596731184026
2016-08-02,-0.00962636080337026,0.0
2016-08-03,0.006237278347497974,0.0
2016-08-04,-0.0005434460617382798,0.0
2016-08-05,0.009841833709598477,0.0
2016-08-08,0.00013479781382442067,0.0
2016-08-09,-0.0012663388031249215,0.0
2016-08-10,-0.0029544125392888363,0.0
2016-08-11,0.007320841146419187,0.0
2016-08-12,-0.0007278150211887082,0.0
2016-08-15,0.004775130181962807,0.0
2016-08-16,-0.005950297461774869,0.0
2016-08-17,0.001584735901502566,0.0
2016-08-18,0.0049988377060929505,0.0
2016-08-19,8.350910396549114e-05,0.0
2016-08-22,-0.0011326960713449316,0.0
2016-08-23,0.003871327338831042,0.0
2016-08-24,-0.006642310607874461,0.0
2016-08-25,-0.0009161300611566911,0.0
2016-08-26,-0.002389744087323868,0.0
2016-08-29,0.005791907894333451,0.0
2016-08-30,-0.001870626234653892,0.0
2016-08-31,-0.0036013787372935384,0.0
2016-09-01,-0.0011645441315332183,0.05118496383647872
2016-09-02,0.005347278203612474,0.0
2016-09-06,0.0013037950541532684,0.0
2016-09-07,0.002233055069403564,0.0
2016-09-08,-0.0019436306424573736,0.0
2016-09-09,-0.027459488608282696,0.0
2016-09-12,0.015769035126440706,0.0
2016-09-13,-0.016775319846274478,0.0
2016-09-14,-0.0019595509628247292,0.0
2016-09-15,0.01039138791953874,0.0
2016-09-16,-0.004117915070509166,0.0
2016-09-19,0.0021037443150386803,0.0022508419223676497
2016-09-20,-0.002205083987247511,0.0
2016-09-21,0.01304780616082447,0.0
2016-09-22,0.007704545965056389,0.0
2016-09-23,-0.005316009587835453,0.0
2016-09-26,-0.007545583999244562,0.0
2016-09-27,0.005094143532919752,0.0
2016-09-28,0.007044180623726529,0.0
2016-09-29,-0.008780045040132866,0.0
2016-09-30,0.008489560806373815,0.0
2016-10-03,-0.003967095853718905,0.03820951376531209
2016-10-04,-0.006327251969749054,0.0
2016-10-05,0.005972939659314748,0.0
2016-10-06,0.000472232465941587,0.0
2016-10-07,-0.0052563745034083335,0.0
2016-10-10,0.004404663677439172,0.0
2016-10-11,-0.014133614827485548,0.0
2016-10-12,0.0011786635906825028,0.0
2016-10-13,-0.0037990058476861798,0.0
2016-10-14,-0.0007617838963285344,0.0
2016-10-17,-0.003553057875321678,0.0
2016-10-18,0.007236045579923748,0.0
2016-10-19,0.004692778738303973,0.0
2016-10-20,-0.001110695430910893,0.0
2016-10-21,-0.0006291235970178632,0.0
2016-10-24,0.0032933638270258455,0.0
2016-10-25,-0.006430294877694305,0.0
2016-10-26,-0.00029685982621572465,0.0
2016-10-27,-0.0055855495163672775,0.0
2016-10-28,-0.00019824398551281653,0.0
2016-10-31,0.0019318123533307893,0.0
2016-11-01,-0.008041255699485217,0.05281215036031839
2016-11-02,-0.007322300527398024,0.0
2016-11-03,-0.0029954101614992623,0.0
2016-11-04,-0.00011348605212920752,0.0
2016-11-07,0.021896094104227645,0.0
2016-11-08,0.003342827111078561,0.0
2016-11-09,0.013187913219055781,0.0
2016-11-10,0.007108745399075723,0.0
2016-11-11,6.744178602386937e-05,0.0
2016-11-14,0.008902318037729066,0.0
2016-11-15,0.007036253154536475,0.0
2016-11-16,-0.004063427321439627,0.0
2016-11-17,0.005177491038305918,0.0
2016-11-18,-0.0030309086484179033,0.0
2016-11-21,0.007621896392531087,0.0
2016-11-22,0.0026319195519251917,0.0
2016-11-23,0.0026055609641470047,0.0
2016-11-25,0.003475496509522707,0.0
2016-11-28,-0.006447509855502543,0.0
2016-11-29,8.784080405791728e-05,0.0
2016-11-30,-9.34691897979123e-05,0.004373203446022747
2016-12-01,-0.002945431200343185,0.09010839785634457
2016-12-02,0.0010075157985213533,0.0
2016-12-05,0.007812288347628274,0.0
2016-12-06,0.0041798240444878235,0.0
2016-12-07,0.014561255592646925,0.0
2016-12-08,0.004460285508962214,0.0
2016-12-09,0.002576257965883984,0.0
2016-12-12,-0.00420856652847132,0.0
2016-12-13,0.00421026554247009,0.0
2016-12-14,-0.010913745608047592,0.0
2016-12-15,0.0032179805684950263,0.0
2016-12-16,-0.0023432164998667265,0.0
2016-12-19,0.0012991246998083122,0.0
2016-12-20,0.004000180322890344,0.0
2016-12-21,-0.0023693619038760647,0.0
2016-12-22,-0.0034536493806086176,0.0
2016-12-23,0.001995475097984001,0.0
2016-12-27,0.003257087326136478,0.0
2016-12-28,-0.009950076120175018,0.0
2016-12-29,0.00060915977832676,0.0
2016-12-30,-0.003913650368150062,0.0
2017-01-03,0.009554587117374558,0.0403040713732612
2017-01-04,0.010077305752546284,0.002224766360914076
2017-01-05,-0.003289165080011478,0.0
2017-01-06,0.002518416413628934,0.0
2017-01-09,-0.00559764552294903,0.0
2017-01-10,0.0014422114546880698,0.0
2017-01-11,0.003205999969776104,0.0
2017-01-12,-0.0020032669772517843,0.0
2017-01-13,0.002077267146143123,0.0
2017-01-17,-0.002311161920184641,0.0
2017-01-18,0.003039467562620795,0.0
2017-01-19,-0.005138723291520084,0.0
2017-01-20,0.003999819492048891,0.0
2017-01-23,-0.002993447801261661,0.0
2017-01-24,0.009750641064418742,0.0
2017-01-25,0.007675030906817877,0.0
2017-01-26,-0.003421298533487257,0.0
2017-01-27,-0.002237848676336409,0.0
2017-01-30,-0.005794650409465402,0.0
2017-01-31,0.0008822438969097153,0.0
2017-02-01,-0.002351492314690562,0.0604834821659947
2017-02-02,0.0012809250945629686,0.0
2017-02-03,0.007279122383885604,0.0
2017-02-06,-0.0032693964411753527,0.0
2017-02-07,-0.0014410937430193046,0.0
2017-02-08,0.002007271585198324,0.0
2017-02-09,0.007473476495974744,0.0
2017-02-10,0.005451275882369088,0.0
2017-02-13,0.004397966265429215,0.0
2017-02-14,0.0030572702760316775,0.0
2017-02-15,0.004817894605923798,0.0
2017-02-16,-0.0024281060023040725,0.0
2017-02-17,0.002082826465372647,0.0
2017-02-21,0.007039126194776117,0.0
2017-02-22,-0.0028432287725164334,0.0
2017-02-23,-0.001131571022343563,0.0
2017-02-24,0.0025368322450287613,0.0
2017-02-27,0.0018490758152439912,0.0
2017-02-28,-0.004975880901047478,0.0
2017-03-01,0.012260016397377171,0.042991217854313174
2017-03-02,-0.006329085884582586,0.0022363714394178155
2017-03-03,-0.0004927663687512771,0.0
2017-03-06,-0.0045456168933066575,0.0
2017-03-07,-0.004632768929791205,0.0
2017-03-08,-0.00231832840166856,0.0
2017-03-09,-0.000743135412405938,0.0
2017-03-10,0.003929121608239578,0.0
2017-03-13,0.0014636603278357363,0.004504955723282935
2017-03-14,-0.004257082268336679,0.0
2017-03-15,0.011108068230476085,0.0
2017-03-16,-0.0020759980373592623,0.0
2017-03-17,-0.00046013461969818844,0.0
2017-03-20,-0.003019368699472058,0.004066317730453809
2017-03-21,-0.012788163571219485,0.0
2017-03-22,0.002326331884587197,0.0
2017-03-23,0.0001685335188907772,0.0
2017-03-24,-0.0005056465910652208,0.0
2017-03-27,-0.0011001875483568156,0.0
2017-03-28,0.008037937230742406,0.0
2017-03-29,0.003031618700590901,0.0
2017-03-30,0.002357485922162981,0.0
2017-03-31,-0.000853499076020281,0.002356703832747923
2017-04-03,-0.004099234683059838,0.044497349185207064
2017-04-04,-0.001024707475881001,0.0
2017-04-05,-0.002911897378533718,0.0
2017-04-06,0.005032533063174498,0.0
2017-04-07,-0.0011310804764433503,0.0
2017-04-10,0.0025764874119039213,0.0
2017-04-11,2.585717193233177e-06,0.0
2017-04-12,-0.006255655230507481,0.0
2017-04-13,-0.00684913214928318,0.0
2017-04-17,0.008917466123460399,0.0
2017-04-18,-0.0031764233038167437,0.0
2017-04-19,0.00021807246345436655,0.0
2017-04-20,0.008383398372954647,0.0
2017-04-21,-0.003458794859043352,0.0
2017-04-24,0.010392651105002922,0.0
2017-04-25,0.004836959777979034,0.0
2017-04-26,-5.062807946851367e-05,0.0
2017-04-27,-5.931620306430952e-05,0.0
2017-04-28,-0.005151267334793298,0.0
2017-05-01,-0.0006191928132540658,0.04791206886781621
2017-05-02,0.00172901872663287,0.0
2017-05-03,-0.002939924795364274,0.0
2017-05-04,0.0010090291166778161,0.0
2017-05-05,0.005980073812940495,0.0
2017-05-08,-0.001414104721567905,0.0
2017-05-09,-0.00024993700423329,0.0
2017-05-10,0.0027842197256418687,0.0
2017-05-11,-0.004381398020108841,0.0
2017-05-12,-0.004515902031622182,0.0
2017-05-15,0.006222303901789617,0.0
2017-05-16,-0.0027266495543570106,0.0
2017-05-17,-0.016185411484440776,0.0
2017-05-18,0.002596307544646818,0.0
2017-05-19,0.008219211615054489,0.0
2017-05-22,0.005466623692459527,0.0
2017-05-23,2.0224712543616722e-05,0.0
2017-05-24,0.0018532582972250466,0.0019942706171888636
2017-05-25,0.003984323026206531,0.0
2017-05-26,-8.001790915174086e-05,0.0
2017-05-30,-0.0018117031723761943,0.0
2017-05-31,0.0003229549671540317,0.0
2017-06-01,0.010966405262780698,0.05863732715453322
2017-06-02,0.0008429436705351966,0.0
2017-06-05,-0.002131128199963527,0.0
2017-06-06,-0.00388841186555613,0.0
2017-06-07,0.0009327320448292233,0.0
2017-06-08,0.0011397927809138064,0.0022141859268146814
2017-06-09,0.004360453284811372,0.0
2017-06-12,0.0018820258374208664,0.0
2017-06-13,0.005157263922979999,0.0
2017-06-14,-0.0019011278419954107,0.0
2017-06-15,-0.0021613336177185296,0.0
2017-06-16,0.00012714145649650357,0.0
2017-06-19,0.006359437979489568,0.006686195607727369
2017-06-20,-0.00879090775511931,0.0
2017-06-21,-0.00324186484977865,0.0
2017-06-22,0.00033979014902930753,0.0
2017-06-23,0.002741098105582788,0.0
2017-06-26,0.0030516954906322016,0.0
2017-06-27,-0.0064020072630486214,0.0
2017-06-28,0.007839468851997251,0.0
2017-06-29,-0.006850328717966818,0.0
2017-06-30,0.0031360508613813955,0.0
2017-07-03,0.004571982006175146,0.04853150468228398
2017-07-05,-0.0021385717471372042,0.0
2017-07-06,-0.010837965230157355,0.0
2017-07-07,0.00656078246921514,0.0
2017-07-10,5.156296343049251e-06,0.0
2017-07-11,-0.0013153927547467207,0.0
2017-07-12,0.007132922487892782,0.0
2017-07-13,0.0031106986539359517,0.0
2017-07-14,0.004833034697933953,0.0
2017-07-17,0.0011381014472021571,0.0
2017-07-18,-0.0019130904266249724,0.0
2017-07-19,0.006964362700370095,0.0
2017-07-20,-0.0009374687245470063,0.0
2017-07-21,0.0007570226662700907,0.0022338988962246164
2017-07-24,-0.0020402615116388934,0.0
2017-07-25,0.004293664156199653,0.0
2017-07-26,-0.0017857566379441137,0.004345817031079937
2017-07-27,-0.0010744818893371438,0.0
2017-07-28,-0.0013342927297137815,0.0
2017-07-31,-0.0007267228347009789,0.0
2017-08-01,0.0012269091827701306,0.048911430833123395
2017-08-02,-0.0020516532753144653,0.0
2017-08-03,-0.0024324761276432053,0.0
2017-08-04,0.001344697130383233,0.0
2017-08-07,0.001275127926541303,0.0
2017-08-08,-0.0020296589281714184,0.0021347770857720835
2017-08-09,-0.0017527040429179044,0.0
2017-08-10,-0.01462664400680005,0.0
2017-08-11,0.0006860452471312363,0.0
2017-08-14,0.00920109112634896,0.0
2017-08-15,-0.0026867203809310234,0.0
2017-08-16,0.0026535941487619945,0.0
2017-08-17,-0.015048436052653314,0.0
2017-08-18,-0.002510346226234139,0.0022692755904764957
2017-08-21,0.0006049424715888051,0.0
2017-08-22,0.009390539832825694,0.0
2017-08-23,-0.002926795035045328,0.0
2017-08-24,-0.001195443327143875,0.0
2017-08-25,0.003553482161084888,0.0
2017-08-28,-0.0006436411954532964,0.0
2017-08-29,-0.0010571856300358212,0.0
2017-08-30,0.00422276047663855,0.0
2017-08-31,0.005361196904324397,0.0
2017-09-01,0.00408474416874971,0.04514968868630863
2017-09-05,-0.0066769203911877404,0.0
2017-09-06,0.003929390521716978,0.0
2017-09-07,-0.0003452360185797055,0.0
2017-09-08,0.0006825501881150342,0.0
2017-09-11,0.010355975127534124,0.0
2017-09-12,0.003942830961058117,0.0
2017-09-13,0.00039790509339551793,0.0
2017-09-14,-0.00016894348310853892,0.0
2017-09-15,0.0025487639958928165,0.0
2017-09-18,0.0007805892226720963,0.0
2017-09-19,-0.001067177828923745,0.0
2017-09-20,0.0012663121305618423,0.0
2017-09-21,-0.0020520106303144525,0.0
2017-09-22,0.002239745833574152,0.0
2017-09-25,0.0015573839354740679,0.0
2017-09-26,0.0012433130435263171,0.0
2017-09-27,0.0040051706710407635,0.0
2017-09-28,0.0008028629918690396,0.0
2017-09-29,0.0035099832032911183,0.0
2017-10-02,0.004121267321175459,0.052134978834250084
2017-10-03,0.0016616127181680008,0.0
2017-10-04,0.002967420644934467,0.0
2017-10-05,0.0034018222690456717,0.0
2017-10-06,-0.002046609894016802,0.0
2017-10-09,-0.0036682922174498672,0.0
2017-10-10,0.0027625645536356407,0.0
2017-10-11,0.0003239299173865007,0.002258753703874012
2017-10-12,-1.8507262388946634e-05,0.0
2017-10-13,0.0009558968368057399,0.0
2017-10-16,0.000342980280533106,0.0
2017-10-17,-9.443844753519951e-05,0.0
2017-10-18,0.001113587976161403,0.0
2017-10-19,0.0015783866957600852,0.0
2017-10-20,0.006687197267758734,0.0
2017-10-23,-0.0032945434934596807,0.0
2017-10-24,0.0010895674844316862,0.0
2017-10-25,-0.006308466635271064,0.0
2017-10-26,0.0020284112463366368,0.0
2017-10-27,-0.00027034111625353166,0.0
2017-10-30,-0.004359472706242868,0.0
2017-10-31,0.0007214888415326228,0.0
2017-11-01,0.001008286057651464,0.05044078226958817
2017-11-02,-0.000806954369971439,0.0
2017-11-03,0.0013145615497234804,0.0
2017-11-06,0.003313443052394984,0.0
2017-11-07,-0.0012870603748961053,0.0
2017-11-08,0.0016492463789680055,0.0
2017-11-09,-0.002132094583673488,0.0
2017-11-10,0.00042613848506506315,0.0
2017-11-13,0.0020089240212469188,0.0
2017-11-14,-8.374336733968282e-05,0.0
2017-11-15,-0.0053769529385281414,0.0
2017-11-16,0.00877918960010976,0.0
2017-11-17,0.0017590761831601217,0.0
2017-11-20,0.0014909347245893835,0.0
2017-11-21,0.0032163349307051357,0.0
2017-11-22,-6.0852217086718955e-06,0.0
2017-11-24,0.0006616605758682709,0.0
2017-11-27,-0.0012466372518977677,0.0
2017-11-28,0.011962225277623067,0.0
2017-11-29,0.005923244175935021,0.0
2017-11-30,0.007397619081392821,0.0
2017-12-01,-0.0020491418859400756,0.04379483258826114
2017-12-04,0.003080017072794709,0.0
2017-12-05,-0.006825551671420902,0.0
2017-12-06,-0.002098782641674026,0.0
2017-12-07,0.0042568119550360365,0.0
2017-12-08,0.006869305571946372,0.0
2017-12-11,0.0009522779070515143,0.0
2017-12-12,-0.00011029602317421907,0.0
2017-12-13,-0.0005657525873478367,0.0
2017-12-14,-0.005606596376143396,0.0
2017-12-15,0.009890452535880868,0.0
2017-12-18,0.007138339324305385,0.0
2017-12-19,-0.0028111810050780463,0.0
2017-12-20,-9.761470225363588e-06,0.0
2017-12-21,0.002259252892949545,0.0
2017-12-22,0.0007256086290037371,0.0
2017-12-26,0.0014748225548550774,0.0
2017-12-27,-0.00016684598231189452,0.0
2017-12-28,0.002481665956634904,0.0021453393710377704
2017-12-29,-0.005063941363790552,0.0
2018-01-02,0.008004703685420944,0.04629954417353916
2018-01-03,0.005199581027463283,0.0
2018-01-04,0.003092987397532141,0.0
2018-01-05,0.005518545297658304,0.0
2018-01-08,0.0030348332605916965,0.0
2018-01-09,-0.0002500690870527835,0.0
2018-01-10,-0.0026983480890297733,0.0
2018-01-11,0.009054498278918771,0.0
2018-01-12,0.006453424466731637,0.0
2018-01-16,-0.00662874179589124,0.0
2018-01-17,0.008359718745855393,0.0
2018-01-18,-0.0023856871802739816,0.0
2018-01-19,0.006225879217621027,0.0
2018-01-22,0.006845880355133067,0.0
2018-01-23,0.0027116975797542653,0.0
2018-01-24,6.888116830592362e-05,0.0
2018-01-25,-0.0004747291801578669,0.0
2018-01-26,0.009501466303104953,0.0
2018-01-29,-0.007125264085697635,0.0
2018-01-30,-0.011304529571343199,0.0
2018-01-31,-0.0002464354363374089,0.0
2018-02-01,-0.002391761823288374,0.05480939072752416
2018-02-02,-0.0200474619371593,0.0
2018-02-05,-0.036458470763305134,0.0
2018-02-06,0.014021011709465635,0.0
2018-02-07,-0.002601385981606682,0.0
2018-02-08,-0.03436031854214351,0.0
2018-02-09,0.012878502558283492,0.0
2018-02-12,0.012664642281203346,0.0
2018-02-13,0.0030234931636766845,0.0
2018-02-14,0.014308180588415143,0.0
2018-02-15,0.01078930826540784,0.0
2018-02-16,0.00038900304485213564,0.0
2018-02-20,-0.006755837972540169,0.0
2018-02-21,-0.005794338907446167,0.0
2018-02-22,4.984065771009969e-05,0.0
2018-02-23,0.01562239308965534,0.0
2018-02-26,0.007658429527565205,0.0
2018-02-27,-0.013206031661413082,0.0
2018-02-28,-0.0104540119416958,0.0
2018-03-01,-0.010395016565735604,0.0496264898331648
2018-03-02,0.00608161009372703,0.0
2018-03-05,0.011469320475037237,0.0
2018-03-06,0.0043733103142899465,0.0
2018-03-07,-0.0013291540039035042,0.0
2018-03-08,0.0032247461740499716,0.0
2018-03-09,0.015516517693825397,0.0
2018-03-12,-0.001488452151158041,0.0
2018-03-13,-0.0039964049996479,0.0
2018-03-14,-0.006060264111465831,0.0
2018-03-15,-0.0023579586518979226,0.0
2018-03-16,0.004546054681525007,0.0
2018-03-19,-0.011474515376046268,0.003750313457909496
2018-03-20,0.0006648859452911112,0.0
2018-03-21,0.00028853981971052096,0.0
2018-03-22,-0.02205156667200091,0.0
2018-03-23,-0.018396408988772293,0.0
2018-03-26,0.023582340497259557,0.0
2018-03-27,-0.012405377027634005,0.0
2018-03-28,-0.0007846418919731975,0.0
2018-03-29,0.01256011431818673,0.0
2018-04-02,-0.021534098958843062,0.054078788244172116
2018-04-03,0.012223886240744442,0.0021476556759939354
2018-04-04,0.011965594856919157,0.0
2018-04-05,0.006440923062288584,0.0
2018-04-06,-0.02133076235540264,0.0
2018-04-09,0.001448012710672562,0.0
2018-04-10,0.014583077313523145,0.0
2018-04-11,-0.004133748786954646,0.0
2018-04-12,0.005516969077423183,0.0
2018-04-13,-0.0024493150412296053,0.0
2018-04-16,0.0098488096886079,0.0
2018-04-17,0.007976140759970532,0.0
2018-04-18,0.00251725212251975,0.0
2018-04-19,-0.007024550151653997,0.0
2018-04-20,-0.00742877820289708,0.0
2018-04-23,0.0021766271841344143,0.0
2018-04-24,-0.009995224160556999,0.0
2018-04-25,0.002672922020224266,0.0
2018-04-26,0.007530743281715432,0.0
2018-04-27,0.0030420740036578753,0.0
2018-04-30,-0.008885450776525179,0.0
2018-05-01,0.00023159040345777093,0.05157706750476554
2018-05-02,-0.00831374250966907,0.0
2018-05-03,-0.0036619063683322123,0.0
2018-05-04,0.011818672795759643,0.0
2018-05-07,0.001470297792274049,0.0
2018-05-08,-0.0010531254922106605,0.0
2018-05-09,0.007969222481126777,0.0
2018-05-10,0.008800756772571527,0.0
2018-05-11,0.001067141037893358,0.0
2018-05-14,0.0002856915846734332,0.0
2018-05-15,-0.004801843990383581,0.0
2018-05-16,0.005701333325721216,0.0
2018-05-17,0.0013275163129062872,0.0
2018-05-18,-0.002146140191717582,0.0
2018-05-21,0.006246732341349958,0.0
2018-05-22,-0.0036327929550705636,0.0
2018-05-23,0.0020240352266471125,0.0
2018-05-24,-0.0003097533062468692,0.0
2018-05-25,-0.0014373202528249601,0.0
2018-05-29,-0.011131224055375739,0.0
2018-05-30,0.01260546179697756,0.0
2018-05-31,-0.00940827173776919,0.0
2018-06-01,0.008916500477392342,0.054077322475239914
2018-06-04,0.004426893370031104,0.0021596322506025694
2018-06-05,0.0018403413084774603,0.0
2018-06-06,0.007819358945455067,0.0
2018-06-07,0.001130349389353943,0.0
2018-06-08,0.004842253691900884,0.0
2018-06-11,0.00242158327142193,0.0
2018-06-12,0.0029701588358122155,0.0
2018-06-13,-0.00565752553101103,0.0
2018-06-14,0.0028134432223338754,0.0
2018-06-15,0.0008607579795782971,0.002229187515283672
2018-06-18,-0.0019115572305783424,0.004261643875991313
2018-06-19,-0.00387233334820398,0.0
2018-06-20,0.0023836685925234732,0.0
2018-06-21,-0.00532501356644469,0.0
2018-06-22,0.0027232652333469007,0.0
2018-06-25,-0.010177234416734406,0.0
2018-06-26,0.0006005442415526606,0.0
2018-06-27,-0.008069404823979809,0.0
2018-06-28,0.003863289171275689,0.0
2018-06-29,0.0006572529027503482,0.0
2018-07-02,0.00020207458564858172,0.052824845683607326
2018-07-03,-0.0013489332192473985,0.0
2018-07-05,0.00801757051871063,0.0
2018-07-06,0.00768924519372563,0.0
2018-07-09,0.0081199021378208,0.0
2018-07-10,0.002682550865761242,0.0
2018-07-11,-0.008289906699658388,0.0
2018-07-12,0.005354358540192519,0.0
2018-07-13,0.0012931080759486398,0.0
2018-07-16,-0.003581642774732061,0.0
2018-07-17,0.0034354595760325147,0.0
2018-07-18,0.002484702654732284,0.0
2018-07-19,-0.000332624314026393,0.0
2018-07-20,-0.003402020292923728,0.0
2018-07-23,0.00042866069621163856,0.0
2018-07-24,-0.0006589269325628614,0.0
2018-07-25,0.007990273625338534,0.0
2018-07-26,0.004482255739322651,0.0
2018-07-27,-0.005234024890927487,0.0
2018-07-30,-0.003712788892954623,0.0
2018-07-31,0.007658735551960649,0.0
2018-08-01,-0.007029173067523042,0.05379307172491468
2018-08-02,0.004001242363129933,0.0
2018-08-03,0.005172816682431144,0.0
2018-08-06,0.0021692476888397903,0.0
2018-08-07,0.0021641934933269895,0.0
2018-08-08,-0.00157304297431448,0.0
2018-08-09,-0.001270780223939482,0.0
2018-08-10,-0.007624771247956746,0.0
2018-08-13,-0.0047871810223746375,0.0
2018-08-14,0.008407696662339786,0.0
2018-08-15,-0.006963043412713873,0.0
2018-08-16,0.00828838313452647,0.0
2018-08-17,0.0055722291282318485,0.0
2018-08-20,0.004854520334143384,0.0
2018-08-21,0.002867963182894284,0.0021560524836119455
2018-08-22,-0.0026134608923642495,0.0
2018-08-23,-0.0024715869260499195,0.0
2018-08-24,0.005168241645992047,0.0
2018-08-27,0.005896077371482256,0.0
2018-08-28,0.0006456779748617864,0.0
2018-08-29,0.0038673140968954974,0.0
2018-08-30,-0.006798727107309982,0.0
2018-08-31,0.0006776080546330979,0.0
2018-09-04,-0.0015782757906825928,0.052529590455982975
2018-09-05,0.0013169745341482107,0.0
2018-09-06,-0.0024618020746380344,0.0
2018-09-07,-0.0035808961678944896,0.0
2018-09-10,0.003925835311787196,0.0
2018-09-11,0.0007270427539331617,0.0
2018-09-12,0.0021901223927925147,0.0
2018-09-13,0.004301774404258777,0.0
2018-09-14,0.001574795665071264,0.0
2018-09-17,-0.0029236325064366147,0.0
2018-09-18,0.004370553150612754,0.0
2018-09-19,0.0006641485972769257,0.002161507031175143
2018-09-20,0.006565880806605164,0.0
2018-09-21,0.0010613800731507812,0.0
2018-09-24,-0.007758857468065242,0.0
2018-09-25,-0.0033841133900390785,0.0021770499257390244
2018-09-26,-0.0035844431741819754,0.0
2018-09-27,9.833997878918221e-05,0.0
2018-09-28,0.0018426345310743717,0.0
2018-10-01,0.0007089044613930451,0.047130297600738245
2018-10-02,-0.0014775062551883999,0.0
2018-10-03,-0.00012362515526247278,0.0
2018-10-04,-0.006787336583755467,0.0
2018-10-05,-0.0046949101000251636,0.0
2018-10-08,0.0014659620110405698,0.0
2018-10-09,-0.005178596571759552,0.0
2018-10-10,-0.028180607623886033,0.0
2018-10-11,-0.02183576863251857,0.002302798127125825
2018-10-12,0.008717285085436727,0.0
2018-10-15,-0.0007029151931164284,0.0
2018-10-16,0.01976781610978805,0.0
2018-10-17,-0.002460799445513673,0.0
2018-10-18,-0.012993684848432505,0.0
2018-10-19,-0.0018305358130424848,0.0
2018-10-22,-0.006606715483257921,0.0
2018-10-23,-0.005696037142029393,0.0
2018-10-24,-0.026146585897313526,0.0
2018-10-25,0.0128641949780398,0.0
2018-10-26,-0.015804728158587578,0.0
2018-10-29,0.0009216458125871229,0.0
2018-10-30,0.020090834339870262,0.0
2018-10-31,0.005270697974559396,0.0
2018-11-01,0.014677396505017981,0.06695202831410577
2018-11-02,-0.0034124102747401215,0.0
2018-11-05,0.006981889066201691,0.0
2018-11-06,0.007599959906617007,0.0
2018-11-07,0.01547108319382398,0.0
2018-11-08,-0.0014048065956694868,0.0
2018-11-09,-0.008518627208233804,0.0
2018-11-12,-0.015423042645779646,0.0
2018-11-13,-0.00026433174706380353,0.0
2018-11-14,-0.0061776990174609156,0.0
2018-11-15,0.0083777865603943,0.0
2018-11-16,0.0032236039951332174,0.002186360576265875
2018-11-19,-0.013094173992666243,0.0
2018-11-20,-0.01626751253965849,0.0
2018-11-21,0.005771340564092439,0.0
2018-11-23,-0.003283649721723788,0.0
2018-11-26,0.013786894120142707,0.0
2018-11-27,0.000511132671894335,0.0
2018-11-28,0.01815472207115944,0.0
2018-11-29,-0.0033448231527122285,0.0022628897928123003
2018-11-30,0.005897477187455591,0.0020096464130233854
2018-12-03,0.01074244048318218,0.051043637212884574
2018-12-04,-0.031872061774103365,0.0
2018-12-06,-0.002507272530009299,0.0
2018-12-07,-0.021707036778245127,0.0
2018-12-10,-0.002490540812203598,0.0
2018-12-11,-0.0015843048348723019,0.0
2018-12-12,0.005315504287113661,0.0
2018-12-13,-0.004679749798827503,0.0
2018-12-14,-0.014524446542159904,0.0
2018-12-17,-0.021448942768285358,0.0
2018-12-18,-0.0014646627245630886,0.0
2018-12-19,-0.01509140721830449,0.0
2018-12-20,-0.01612104831466321,0.0023453974169640487
2018-12-21,-0.018284108437421506,0.0
2018-12-24,-0.026695968658247467,0.0
2018-12-26,0.044577289641315465,0.0024708450052372787
2018-12-27,0.008261987701768038,0.0
2018-12-28,-0.0019348032521749536,0.0
2018-12-31,0.008239916894463833,0.0
2019-01-02,-0.00024134893051230843,0.048883975479088175
2019-01-03,-0.01860367155236517,0.0
2019-01-04,0.033388647073267316,0.0
2019-01-07,0.010205317466952106,0.0
2019-01-08,0.010650172887164647,0.0
2019-01-09,0.006735872466866504,0.0
2019-01-10,0.0064057034303407825,0.0
2019-01-11,0.00144596045629356,0.0
2019-01-14,-0.004457599411183381,0.0
2019-01-15,0.006761173960823032,0.0
2019-01-16,0.0025918765870782297,0.0
2019-01-17,0.009275045828828625,0.0
2019-01-18,0.01501167408021191,0.0
2019-01-22,-0.013530052535730402,0.0
2019-01-23,-0.00016083644733271569,0.0
2019-01-24,0.0046653401887548,0.0
2019-01-25,0.010588431742972589,0.0
2019-01-28,-0.0038523725258969807,0.0
2019-01-29,0.0017563262572828022,0.0
2019-01-30,0.010730566968644403,0.0
2019-01-31,0.0068753768563666225,0.0
2019-02-01,0.0023014201032349746,0.054215710874120374
2019-02-04,0.005483103959607537,0.0
2019-02-05,0.004098908985943398,0.0
2019-02-06,-0.0007777380979899335,0.0
2019-02-07,-0.006779832965091447,0.0
2019-02-08,0.0019064663726178193,0.0
2019-02-11,0.0025379107480709316,0.0
2019-02-12,0.012843627361311595,0.0
2019-02-13,0.004194027446417407,0.0
2019-02-14,-0.0023604845934574173,0.0
2019-02-15,0.01055941577873834,0.0
2019-02-19,0.0020642112804469814,0.0018709933457678836
2019-02-20,0.0032072291622145975,0.0
2019-02-21,-0.0036054753185280025,0.0
2019-02-22,0.00551377649898328,0.0
2019-02-25,-0.0005648926567031393,0.0
2019-02-26,-0.0024966542129086847,0.0
2019-02-27,0.00022979676885102245,0.0
2019-02-28,-0.0018075221770054162,0.002288860242555567
2019-03-01,0.006600448762930755,0.04032177553238706
2019-03-04,-0.005099438552437348,0.0
2019-03-05,-0.0030380450377520303,0.0
2019-03-06,-0.008376013682432223,0.0
2019-03-07,-0.007550581082581064,0.0
2019-03-08,-0.002949463289290114,0.0
2019-03-11,0.013209750599368054,0.0
2019-03-12,0.002750131794302621,0.0
2019-03-13,0.005739902777048498,0.0
2019-03-14,-0.001164284480347014,0.0
2019-03-15,0.003352674811446625,0.0
2019-03-18,0.004592214502115534,0.0
2019-03-19,-0.001803438929261464,0.0
2019-03-20,-0.0067202405619686875,0.0
2019-03-21,0.012793575447960306,0.0
2019-03-22,-0.01978778288246024,0.0
2019-03-25,0.0003442994120691012,0.0
2019-03-26,0.00856505030869703,0.0
2019-03-27,-0.003152595007930651,0.0
2019-03-28,0.005000136179818629,0.0
2019-03-29,0.006508522292122279,0.0
2019-04-01,0.01225526281399536,0.047981140062491864
2019-04-02,-0.0010397385199601668,0.0
2019-04-03,0.0028143213232618702,0.0021329120555976058
2019-04-04,0.003728243920123563,0.0
2019-04-05,0.006750696036863044,0.0
2019-04-08,0.00016949062101501687,0.0
2019-04-09,-0.008590558141163229,0.0
2019-04-10,0.0056856108507067436,0.0
2019-04-11,0.0012972931425020058,0.0
2019-04-12,0.0072627767613091965,0.0
2019-04-15,-0.0027318460687785224,0.0
2019-04-16,-0.00017639333137675904,0.0
2019-04-17,-0.005408016610282388,0.0
2019-04-18,0.002311694078239375,0.0
2019-04-22,-0.00306042540464879,0.0
2019-04-23,0.009076731514687065,0.0
2019-04-24,-0.00032260190615376975,0.0
2019-04-25,-0.00560026112090627,0.0
2019-04-26,0.00615847613407537,0.0
2019-04-29,0.0003310735446984984,0.0
2019-04-30,0.0029486105844591195,0.0
2019-05-01,-0.010125439477694065,0.04752629301763463
2019-05-02,0.00019741819131496155,0.0
2019-05-03,0.009270718836480582,0.0
2019-05-06,-0.004891461255349993,0.0
2019-05-07,-0.0159806353760708,0.0
2019-05-08,-0.0021892472440932,0.0
2019-05-09,-0.0011845034774657787,0.0
2019-05-10,0.0037868315118690086,0.0
2019-05-13,-0.024319245635034556,0.0
2019-05-14,0.009417238819043685,0.0
2019-05-15,0.0030372279345908864,0.0
2019-05-16,0.0064542855140978985,0.0
2019-05-17,-0.00624724234652792,0.0
2019-05-20,-0.005848035565733539,0.0
2019-05-21,0.010766222205082198,0.0
2019-05-22,-0.005030034276371161,0.0
2019-05-23,-0.01263521471337592,0.0
2019-05-24,0.0014924336744812886,0.0
2019-05-28,-0.010532429832128305,0.0
2019-05-29,-0.007117269702624328,0.0
2019-05-30,0.000928337016481267,0.0
2019-05-31,-0.010919816687020268,0.0
2019-06-03,0.006090490079846189,0.07145477788327986
2019-06-04,0.0225200753313346,0.0021077022577116506
2019-06-05,0.00669578355443035,0.0
2019-06-06,0.004558863867356552,0.0
2019-06-07,0.006958717979289157,0.0
2019-06-10,0.0037626051050644108,0.0
2019-06-11,-0.0004232575108533503,0.0
2019-06-12,-0.00224115196791478,0.0
2019-06-13,0.006906529323919348,0.0
2019-06-14,-0.0033352308379193305,0.0
2019-06-17,-0.000766417615312682,0.0
2019-06-18,0.010134402668298887,0.0
2019-06-19,0.003841977728549881,0.0
2019-06-20,0.00921647740163944,0.0
2019-06-21,-0.00235621491696167,0.0
2019-06-24,-0.004440765411672263,0.0
2019-06-25,-0.006603742096661728,0.0
2019-06-26,-0.001914367374357701,0.0
2019-06-27,0.006500314406096836,0.0
2019-06-28,0.009204039535771483,0.0
2019-07-01,0.006511985621074912,0.05715833561344236
2019-07-02,-9.411477412490932e-05,0.002141524586523329
2019-07-03,0.009148245234830165,0.0
2019-07-05,-0.0014169364000089736,0.0
2019-07-08,-0.005404576455001579,0.0
2019-07-09,-0.00032560223063798866,0.0
2019-07-10,0.0011784264573702565,0.0
2019-07-11,0.0016392396963245506,0.0
2019-07-12,0.007005093450098237,0.0
2019-07-15,-0.0010496138824265951,0.0
2019-07-16,-0.0012734640895598615,0.0021518580312987513
2019-07-17,-0.008803841325338102,0.0
2019-07-18,0.0039229292495372835,0.0
2019-07-19,-0.0048032058045485385,0.0
2019-07-22,6.913751739746284e-05,0.0
2019-07-23,0.009218687390670383,0.0
2019-07-24,0.007013618622878462,0.0
2019-07-25,-0.0068289901357213275,0.0
2019-07-26,0.005305479726684211,0.0
2019-07-29,-0.0022246129556732002,0.0
2019-07-30,-0.00033911598962871906,0.0
2019-07-31,-0.009683596230176388,0.0
2019-08-01,-0.013131384759746512,0.050194936341167534
2019-08-02,-0.007786763039306793,0.0
2019-08-05,-0.02850849519153213,0.0
2019-08-06,0.010846975036153865,0.0
2019-08-07,0.0011439015889834795,0.0
2019-08-08,0.018521378905471765,0.0
2019-08-09,-0.009149652383037776,0.002245701714284686
2019-08-12,-0.013290060803566872,0.002139817649469805
2019-08-13,0.012596066045864194,0.0
2019-08-14,-0.030618303193020283,0.0
2019-08-15,0.0003843620958059865,0.0
2019-08-16,0.01543521614128366,0.0
2019-08-19,0.012228594119385573,0.0
2019-08-20,-0.008459701811409405,0.0
2019-08-21,0.008243816049654247,0.0
2019-08-22,0.0006411783297871757,0.0
2019-08-23,-0.02678989387109036,0.0
2019-08-26,0.008854459230283818,0.0
2019-08-27,-0.005574627797253767,0.0
2019-08-28,0.008710047118986373,0.0
2019-08-29,0.013504063410392701,0.0
2019-08-30,0.0015133087087915793,0.0
2019-09-03,-0.006979131831271079,0.06902549917542275
2019-09-04,0.011704181832289485,0.0
2019-09-05,0.01581792071606721,0.0
2019-09-06,0.0025602003301951953,0.0
2019-09-09,0.0072964222142815555,0.0
2019-09-10,0.007160959903497907,0.0
2019-09-11,0.008032905004462064,0.0
2019-09-12,0.00021007222633926876,0.0
2019-09-13,0.001173626310410777,0.0
2019-09-16,0.001061836075484442,0.0
2019-09-17,-0.0015533325296264921,0.0
2019-09-18,-0.0015846501926841455,0.0
2019-09-19,-0.0028999194993478412,0.0
2019-09-20,-0.004001324132391621,0.0
2019-09-23,0.0006985090007681168,0.0
2019-09-24,-0.008421759700527609,0.0022391932280412647
2019-09-25,0.0060022104179271885,0.0
2019-09-26,-0.0025365934312305835,0.0
2019-09-27,-0.0032069020087150957,0.00215173747182399
2019-09-30,0.004528091264635066,0.0
2019-10-01,-0.01606200874188224,0.044989701405273363
2019-10-02,-0.018742490263670315,0.0
2019-10-03,0.0067791978307358055,0.0
2019-10-04,0.011658547024967936,0.002158305293056556
2019-10-07,-0.005026022304019768,0.0
2019-10-08,-0.01774906403423742,0.0
2019-10-09,0.0088309240095407,0.0
2019-10-10,0.007814102645448837,0.0
2019-10-11,0.01480419051363643,0.0
2019-10-14,-0.002445780216460051,0.0
2019-10-15,0.008690230474095192,0.0
2019-10-16,-0.0018844913454976106,0.0
2019-10-17,0.0034271129632710185,0.0
2019-10-18,-0.0007665507976366627,0.0
2019-10-21,0.007744743241386853,0.0020625173370859553
2019-10-22,0.0009891997357644562,0.0
2019-10-23,0.002991053131527012,0.0
2019-10-24,0.0002482371689440018,0.0
2019-10-25,0.003565553532639829,0.0
2019-10-28,0.003411738535672249,0.0
2019-10-29,0.001584999084322784,0.0
2019-10-30,-2.2361502125229096e-05,0.0
2019-10-31,-0.005943463460390676,0.0
2019-11-01,0.012641019372446216,0.06128457589014334
2019-11-04,0.0058714109544304935,0.0
2019-11-05,-2.74719788803396e-05,0.0
2019-11-06,-0.0007730684154201306,0.0021277078941635357
2019-11-07,0.0023906341744285623,0.0
2019-11-08,0.002092305861140576,0.0
2019-11-11,-0.0025722601270457193,0.0
2019-11-12,0.0003007352679384535,0.0
2019-11-13,-0.001224159652271785,0.0
2019-11-14,0.001975369563145443,0.0
2019-11-15,0.007669321310880266,0.0
2019-11-18,-0.0009473674499201791,0.0
2019-11-19,-0.0011972993174587075,0.0
2019-11-20,-0.003580783730441824,0.0
2019-11-21,-0.0025130625802463097,0.0
2019-11-22,0.00371368877308198,0.004516735379743389
2019-11-25,0.008475307867934934,0.0
2019-11-26,0.0014589452083418736,0.0
2019-11-27,0.0041722702942571,0.0
2019-11-29,-0.004793864201886848,0.0
2019-12-02,-0.008017283650214924,0.04816294366557301
2019-12-03,-0.008073349720266628,0.0
2019-12-04,0.0075286349199710344,0.0
2019-12-05,0.0019488817801926984,0.0
2019-12-06,0.00939511550412331,0.0
2019-12-09,-0.0024100811339743356,0.0
2019-12-10,-0.001400287626546981,0.002056082167734074
2019-12-11,0.0025839618139136267,0.006481622902786063
2019-12-12,0.0105971805770106,0.0
2019-12-13,-0.002846261522217239,0.0
2019-12-16,0.006311492413155745,0.0
2019-12-17,0.0005196670559558761,0.0
2019-12-18,0.0013307586672591004,0.0
2019-12-19,0.0032500346205853537,0.0
2019-12-20,0.0057169762645626,0.0
2019-12-23,0.0004334562809556258,0.0
2020-01-29,-0.0039302552002752345,0.048798942302929645
2020-01-30,0.0021099583200757193,0.0
2020-01-31,-0.019066285506695015,0.0
2020-02-03,0.006055435429352274,0.022170059569251964
2020-02-04,0.014393337145442123,0.0
2020-02-05,0.01596074429813401,0.0
2020-02-06,-0.0009373885452480235,0.0
2020-02-07,-0.00893098284924818,0.0
2020-02-10,0.0042058458827407405,0.0
2020-02-11,0.005975033887494348,0.0
2020-02-12,0.00742210855248247,0.0
2020-02-13,-0.0018871795781196408,0.0
2020-02-14,0.0001460584322922849,0.0
2020-02-18,-0.004047580549407423,0.0
2020-02-19,0.003557741164975695,0.0
2020-02-20,0.000840682190437991,0.0
2020-02-21,-0.008883401697881715,0.0
2020-02-24,-0.031666171673408405,0.0
2020-02-25,-0.03380685369363819,0.0
2020-02-26,-0.010535094327764612,0.0
2020-02-27,-0.039752520048018665,0.0
2020-02-28,-0.011853486876475293,0.0
2020-03-02,0.03826193162877334,0.05791254939921435
2020-03-03,-0.025871429281422678,0.0
2020-03-04,0.03751586192278733,0.0021124656407032925
2020-03-05,-0.03687705717284,0.0
2020-03-06,-0.02107821763202297,0.0
2020-03-09,-0.08714722913567002,0.0
2020-03-10,0.0469683527591684,0.0
2020-03-11,-0.0550256786310164,0.0
2020-03-12,-0.10157035418953267,0.0
2020-03-13,0.08154532725265874,0.0
2020-03-16,-0.12281554331170835,0.0
2020-03-17,0.05519730126629143,0.0
2020-03-18,-0.07074463445780294,0.0
2020-03-19,0.008183242622507574,0.0
2020-03-20,-0.045557727088744,0.0
2020-03-23,-0.03598397040061061,0.0
2020-03-24,0.10653165830749264,0.0
2020-03-25,0.0253246506734135,0.0
2020-03-26,0.06045284487634987,0.0
2020-03-27,-0.033788499112285104,0.0
2020-03-30,0.02474995638793484,0.0
2020-03-31,-0.017884739822183478,0.0
2020-04-01,-0.05029571459746551,0.17241892222868968
2020-04-02,0.014105766126953474,0.0
2020-04-03,-0.015957239112040826,0.0
2020-04-06,0.08234247490951763,0.002166506689796618
2020-04-07,0.012747058962685465,0.004381723969016887
2020-04-08,0.0471688262846494,0.0
2020-04-09,0.026012009395728532,0.0
2020-04-13,-0.024446086696804037,0.0
2020-04-14,0.023026241567661213,0.0
2020-04-15,-0.03611007619210546,0.0
2020-04-16,-0.00631637337403595,0.0
2020-04-17,0.04415207149020411,0.0
2020-04-20,-0.022944389681132278,0.0
2020-04-21,-0.02768505002258823,0.0
2020-04-22,0.019440311771056908,0.0
2020-04-23,0.003991981883883116,0.0
2020-04-24,0.014286603337209351,0.0
2020-04-27,0.027624419411155527,0.0
2020-04-28,0.013259740341128866,0.0
2020-04-29,0.0351558722893897,0.0
2020-04-30,-0.025205043485445906,0.0
2020-05-01,-0.03720274415644709,0.08344533899812837
2020-05-04,0.0011846224912737114,0.0
2020-05-05,0.004456287091839294,0.0
2020-05-06,-0.013825182144062186,0.0
2020-05-07,0.01651123339348322,0.0
2020-05-08,0.027291402360013914,0.0
2020-05-11,-0.010937463076825069,0.0
2020-05-12,-0.026001345762553113,0.0
2020-05-13,-0.028406151028861015,0.002563628911628703
2020-05-14,0.014926114365434211,0.0
2020-05-15,0.0017477325682799347,0.0
2020-05-18,0.0526171529400299,0.0
2020-05-19,-0.014255564622252298,0.0
2020-05-20,0.01870596886108574,0.0
2020-05-21,-0.005129089885040957,0.0
2020-05-22,0.001046308338305028,0.0
2020-05-26,0.031535311482663086,0.006072853616811798
2020-05-27,0.024839429740330835,0.0
2020-05-28,-0.009458270496348588,0.0
2020-05-29,-0.0021851936922733356,0.0
2020-06-01,0.011116653002347432,0.05612759742361317
2020-06-02,0.012619176148733001,0.0
2020-06-03,0.027396274910304948,0.0
2020-06-04,0.005413949150738035,0.0
2020-06-05,0.0354947407422141,0.0
2020-06-08,0.02455019554517062,0.0
2020-06-09,-0.02550400322025194,0.0
2020-06-10,-0.02379637382487563,0.0
2020-06-11,-0.06929709026701103,0.0
2020-06-12,0.021142455623037557,0.0
2020-06-15,0.010007647717101591,0.0
2020-06-16,0.0208859571045589,0.0
2020-06-17,-0.010526039929472,0.0
2020-06-18,-0.0007634369777310105,0.0
2020-06-19,-0.01021766191133049,0.0
2020-06-22,0.0012726772854084703,0.0
2020-06-23,0.0016498600500964855,0.0021525273706518655
2020-06-24,-0.034266684809707945,0.0
2020-06-25,0.011012466941157664,0.0
2020-06-26,-0.02109959234240897,0.0
2020-06-29,0.020745129859573448,0.0
2020-06-30,0.01384731833353518,0.0
2020-07-01,-0.003186874727848954,0.04940452395589012
2020-07-02,0.006526702370261396,0.0
2020-07-06,0.011473406566999692,0.0
2020-07-07,-0.0174120479101266,0.0
2020-07-08,0.0031301764812157714,0.0
2020-07-09,-0.01703241649287549,0.0
2020-07-10,0.017276858745057147,0.0
2020-07-13,-0.003255738108452424,0.0
2020-07-14,0.016029627374461758,0.0
2020-07-15,0.023816725947393754,0.0
2020-07-16,-0.0019440196435186186,0.0
2020-07-17,0.0023038395197525264,0.0
2020-07-20,-0.005757336769243406,0.0
2020-07-21,0.01133086777746363,0.0
2020-07-22,0.006864081264260031,0.0
2020-07-23,-0.0015770909848836642,0.0
2020-07-24,-0.007189688991416463,0.0
2020-07-27,0.004831552296347428,0.0
2020-07-28,-0.00674999846134786,0.0
2020-07-29,0.016395152334873427,0.0
2020-07-30,-0.008268035287591742,0.0
2020-07-31,-0.0022671890035090153,0.0
2020-08-03,0.002600594759942565,0.07082253537333871
2020-08-04,0.005538840380959376,0.0
2020-08-05,0.008545868651298368,0.0
2020-08-06,-0.001144362732031363,0.0
2020-08-07,0.010124215814734102,0.0
2020-08-10,0.013187512935510924,0.0
2020-08-11,-0.0009180026046624598,0.0
2020-08-12,0.005816117742120949,0.0
2020-08-13,-0.005557224218674007,0.0
2020-08-14,0.0027317683520366766,0.0
2020-08-17,-0.00106498358485537,0.0
2020-08-18,-0.005143704028077737,0.0
2020-08-19,-0.004597295216745789,0.0
2020-08-20,-0.005911970327513729,0.0
2020-08-21,-0.0013984829641511217,0.0
2020-08-24,0.017350058710408754,0.0
2020-08-25,-0.00022776653806451077,0.0
2020-08-26,-0.002498558530296728,0.0
2020-08-27,0.006268863270921644,0.0
2020-08-28,0.009447149241408818,0.0
2020-08-31,-0.008961556988662727,0.0
2020-09-01,0.0036056508365764905,0.06412701855414335
2020-09-02,0.01839890755668809,0.0
2020-09-03,-0.021783532981205105,0.0
2020-09-04,-0.0015842241219242359,0.0
2020-09-08,-0.02152571878689754,0.0
2020-09-09,0.011991017429392882,0.0
2020-09-10,-0.015048971716319512,0.0
2020-09-11,0.0045534680295863,0.0
2020-09-14,0.01720579943668349,0.0
2020-09-15,0.0003683415793827706,0.0
2020-09-16,0.007738590490254653,0.0
2020-09-17,-0.004812330583296057,0.0
2020-09-18,-0.012062392224812465,0.0
2020-09-21,-0.02607788864634497,0.006617892421695359
2020-09-22,0.004530501613742688,0.0020660623021282504
2020-09-23,-0.021205874215658296,0.0
2020-09-24,0.001672658792255525,0.0
2020-09-25,0.012919157334267222,0.0
2020-09-28,0.018485431211159822,0.0
2020-09-29,-0.007958473353369272,0.0
2020-09-30,0.006594217505467478,0.0
2020-10-01,0.002442222176391562,0.0539206456226594
2020-10-02,0.0048524040644498416,0.0
2020-10-05,0.018352158150442135,0.0
2020-10-06,-0.011512364491907137,0.0
2020-10-07,0.017900148307272164,0.0
2020-10-08,0.014951099874548124,0.0010381162834353953
2020-10-09,0.0014101658350450035,0.0
2020-10-12,0.0070770263237131745,0.0
2020-10-13,-0.010341237114518065,0.002240730880556556
2020-10-14,-0.002183935879680356,0.0
2020-10-15,0.003954872363214845,0.0
2020-10-16,-0.001043465333027554,0.0
2020-10-19,-0.013465966580739647,0.0
2020-10-20,0.006084968544004783,0.0
2020-10-21,-0.003634357755488127,0.0
2020-10-22,0.012644124170018242,0.0
2020-10-23,0.004781537169169485,0.0
2020-10-26,-0.023269256639243913,0.0
2020-10-27,-0.011807959640642003,0.0
2020-10-28,-0.03185111145458518,0.0
2020-10-29,0.010748671027915685,0.0
2020-10-30,-0.0020923610388327795,0.0
2020-11-02,0.023144829318511917,0.06828025711130567
2020-11-03,0.019485958679417156,0.0
2020-11-04,0.0001684133624390897,0.0
2020-11-05,0.019135487887328183,0.0
2020-11-06,-0.004326584557248267,0.0
2020-11-09,0.046564008220268426,0.0
2020-11-10,0.0067178956548979716,0.0
2020-11-11,-0.0030750489620566855,0.0
2020-11-12,-0.01620184885309068,0.0
2020-11-13,0.023588991737445837,0.0
2020-11-16,0.021490390275286347,0.0
2020-11-17,-0.0029789130616331523,0.0
2020-11-18,-0.01105171360289725,0.001974114037156281
2020-11-19,0.004128513343985856,0.0
2020-11-20,-0.005838080033129275,0.0
2020-11-23,0.016545245507624356,0.0
2020-11-24,0.0227595035339972,0.0
2020-11-25,-0.007187647878395086,0.0
2020-11-27,-0.0009865382323388946,0.0
2020-11-30,-0.012162380543194372,0.0
2020-12-01,0.009783951303268923,0.08510021015178448
2020-12-02,0.0028341118337838695,0.0
2020-12-03,0.005414603293061298,0.0
2020-12-04,0.016247983360623757,0.0
2020-12-07,-0.005592991102188947,0.0
2020-12-08,0.002823130965515078,0.0
2020-12-09,-0.0022658039290133995,0.0
2020-12-10,-0.0003828319956487841,0.0
2020-12-11,-0.005183725141562183,0.0
2020-12-14,-0.007544590459797949,0.0
2020-12-15,0.01585724622528327,0.0
2020-12-16,-0.0021585897344115904,0.0
2020-12-17,0.006594611161449589,0.0
2020-12-18,-0.003530677144333826,0.0
2020-12-21,-0.007101775395559582,0.0
2021-01-08,0.0013008590639775885,0.04797087015672864
2021-01-11,-0.0008761018996240643,0.0
2021-01-12,0.008023550154350663,0.0
2021-01-13,-0.003201462977089912,0.0
2021-01-14,0.003942715045767832,0.0
2021-01-15,-0.0073228764275328,0.0
2021-01-19,0.0048714913425431435,0.0
2021-01-20,0.0067886359625906655,0.0
2021-01-21,-0.005534477861356888,0.0
2021-01-22,-0.004155373173307386,0.0020691241228950733
2021-01-25,-0.0007123310781258548,0.0
2021-01-26,-0.0048885399084134685,0.0
2021-01-27,-0.022690377130232857,0.0
2021-01-28,0.01063855915994728,0.0
2021-01-29,-0.01800067450372518,0.0
2021-02-01,0.012362140466533056,0.06300995988508741
2021-02-02,0.012872676582062693,0.0
2021-02-03,0.0032805805460364556,0.0
2021-02-04,0.012445359825914316,0.0
2021-02-05,0.005864122476258725,0.0
2021-02-08,0.011490227899640323,0.0
2021-02-09,7.600955786337517e-05,0.0
2021-02-10,0.0033358726020428237,0.0
2021-02-11,6.970329102701489e-05,0.0
2021-02-12,0.005393579193802608,0.0
2021-02-16,0.0015990452647320907,0.0063582340013575095
2021-02-17,-0.00018613749246638094,0.0
2021-02-18,-0.0052477218583532196,0.0
2021-02-19,0.007767792868747818,0.0
2021-02-22,0.003605839608756854,0.0
2021-02-23,0.003562073142648518,0.0
2021-02-24,0.014850399179744442,0.0
2021-02-25,-0.02247830667386732,0.0
2021-02-26,-0.007655962472733221,0.0
2021-03-01,0.021708881181172313,0.09758931379740418
2021-03-02,-0.0035963573922045914,0.0
2021-03-03,-0.004884122939657291,0.0
2021-03-04,-0.013118596704024228,0.0
2021-03-05,0.023632878864092648,0.0
2021-03-08,0.007314539853299983,0.0
2021-03-09,0.0007045845189310057,0.0
2021-03-10,0.01051108257217866,0.0
2021-03-11,0.005774634559065097,0.0
2021-03-12,0.007471608903951093,0.0
2021-03-15,0.009283994139180518,0.0
2021-03-16,-0.008612624300438581,0.0
2021-03-17,0.004276935484624107,0.0
2021-03-18,-0.008669340014853175,0.0
2021-03-19,-0.0014053871804651724,0.0
2021-03-22,0.0005437081855197042,0.0
2021-03-23,-0.014828905707458873,0.0021034565620625598
2021-03-24,-0.0011967921172548854,0.0
2021-03-25,0.012220736983021695,0.0
2021-03-26,0.017170802318915525,0.0
2021-03-29,-0.004699845510243958,0.0
2021-03-30,0.0013003927673538571,0.0
2021-03-31,-0.00199554661765666,0.0
2021-04-01,0.010390410487372215,0.049996924724735436
2021-04-05,0.009762067698228204,0.0
2021-04-06,0.0007976479210484885,0.0
2021-04-07,-0.003206532911306516,0.0
2021-04-08,0.0009225556526576769,0.0
2021-04-09,0.0060675032357555845,0.0
2021-04-12,0.001643599239783932,0.0
2021-04-13,-0.0022857816392257216,0.0
2021-04-14,0.0019433136003758763,0.0
2021-04-15,0.007738256978976125,0.0
2021-04-16,0.0043691823025511535,0.0
2021-04-19,-0.004354241848280047,0.0
2021-04-20,-0.007566730273509722,0.0
2021-04-21,0.0129146654372434,0.002117307796485261
2021-04-22,-0.006806359372202838,0.0
2021-04-23,0.010826330711393849,0.0
2021-04-26,0.0014193627898128956,0.0
2021-04-27,0.001555873406745283,0.0
2021-04-28,0.0003321359205449345,0.0
2021-04-29,0.007567880914509535,0.0
2021-04-30,-0.007573165012717275,0.0
2021-05-03,0.006531274236147855,0.05084568433608175
2021-05-04,-0.0008715491489723289,0.0
2021-05-05,0.0028795023148549706,0.0
2021-05-06,0.0059425979142402365,0.0
2021-05-07,0.010324121150249487,0.0
2021-05-10,-0.0034375823347475767,0.0
2021-05-11,-0.011649650602856935,0.0
2021-05-12,-0.0220146599841598,0.0
2021-05-13,0.014406837424117434,0.0
2021-05-14,0.014762522847901643,0.0
2021-05-17,-0.0001515343489199017,0.002027212580025373
2021-05-18,-0.009085659394570449,0.0
2021-05-19,-0.005787770175575334,0.0
2021-05-20,0.006650733596963191,0.0
2021-05-21,0.0016325846224771387,0.0
2021-05-24,0.005994156344816683,0.0
2021-05-25,-0.0050370925652231755,0.0
2021-05-26,0.004203389066935128,0.0
2021-05-27,0.005271526228696054,0.0
2021-05-28,0.0007850285609240166,0.0
2021-06-01,0.0045810293940424796,0.049472649800407324
2021-06-02,0.001010783610414974,0.0
2021-06-03,-0.0011024545431639005,0.0
2021-06-04,0.004819507572732358,0.0
2021-06-07,-0.0020633679534304283,0.0021191931812916615
2021-06-08,0.0015719429362273463,0.0
2021-06-09,-0.004535874198486689,0.0
2021-06-10,0.0008014170880420356,0.0
2021-06-11,0.003406002942868202,0.0
2021-06-14,-0.004025124697743721,0.0
2021-06-15,0.00071503442960045,0.0
2021-06-16,-0.007072450083214983,0.0
2021-06-17,-0.010461228458925378,0.0
2021-06-18,-0.01676039467213716,0.0
2021-06-21,0.019469990591047898,0.0
2021-06-22,0.0011836083013158222,0.0
2021-06-23,-0.0017063393758545871,0.0
2021-06-24,0.006169650820347998,0.0
2021-06-25,0.00736894128046978,0.0
2021-06-28,-0.004786277640767207,0.0
2021-06-29,-0.001021559999686164,0.0
2021-06-30,0.002350870561811387,0.0
2021-07-01,0.007004736865967365,0.051413481751174786
2021-07-02,0.002421464298995521,0.0
2021-07-06,-0.00894301867109935,0.0
2021-07-07,0.0025874169501606194,0.0
2021-07-08,-0.010646363775569816,0.0
2021-07-09,0.016095799556041658,0.0
2021-07-12,0.002530525685898599,0.0
2021-07-13,-0.009372644597276308,0.0
2021-07-14,-0.0008214854039332838,0.0
2021-07-15,-0.0023694088642856183,0.0
2021-07-16,-0.008066415848142328,0.0
2021-07-19,-0.01905134757264073,0.0
2021-07-20,0.01927830050379905,0.0
2021-07-21,0.009795065386269106,0.0
2021-07-22,-0.0031861381228129207,0.0
2021-07-23,0.008136483485513355,0.0
2021-07-26,0.0033672224353033233,0.0
2021-07-27,-0.0015295637492593315,0.0
2021-07-28,-0.000506315604840258,0.0
2021-07-29,0.007956730201576669,0.0
2021-07-30,-0.003115283435791141,0.0
2021-08-02,-0.0016899293343963784,0.059544110578831064
2021-08-03,0.007820825344752057,0.0
2021-08-04,-0.010128068212638008,0.002081214136018965
2021-08-05,0.00818773092744279,0.0
2021-08-06,0.005217498729437219,0.0
2021-08-09,-0.0030677697422116395,0.0
2021-08-10,0.005412301085226117,0.0
2021-08-11,0.007573139529208225,0.0
2021-08-12,-0.0008766006427128018,0.0
2021-08-13,-0.0005711142323978982,0.0
2021-08-16,0.00028552571145905136,0.0
2021-08-17,-0.00820709192726528,0.0
2021-08-18,-0.010497080834838402,0.0
2021-08-19,-0.0030300614879535982,0.0
2021-08-20,0.0070521694225955806,0.0
2021-08-23,0.007150254282006125,0.0
2021-08-24,0.0046741222799661294,0.0
2021-08-25,0.005323979184411737,0.0
2021-08-26,-0.008090061876554335,0.0
2021-08-27,0.011116832933581493,0.0
2021-08-30,-0.002700553162091476,0.0
2021-08-31,0.0007020121022702774,0.005704222626180387
2021-09-01,-0.0002730750016372019,0.043504724937388786
2021-09-02,0.006671308118586508,0.0
2021-09-03,-0.004051895431875785,0.0
2021-09-07,-0.00897741575865285,0.0
2021-09-08,-0.000829695622437859,0.0
2021-09-09,-0.0027913985732085896,0.0
2021-09-10,-0.007016836976046615,0.0
2021-09-13,0.004798594815020039,0.0
2021-09-14,-0.008329510449835797,0.0
2021-09-15,0.009415578538535583,0.0
2021-09-16,-0.0022951736718177873,0.0
2021-09-17,-0.008022119932684679,0.0
2021-09-20,-0.0153514311402989,0.0
2021-09-21,-0.0035798492207753246,0.0
2021-09-22,0.011626739079488763,0.0
2021-09-23,0.01471777710237771,0.0
2021-09-24,0.001559741687131958,0.0
2021-09-27,0.0031345996269621966,0.0
2021-09-28,-0.014083125926127883,0.0
2021-09-29,0.002127841057126121,0.0
2021-09-30,-0.016349914689967215,0.0
2021-10-01,0.013469023259122803,0.05789711905145005
2021-10-04,-0.005905320945489456,0.0
2021-10-05,0.007937136238914677,0.00210639166046978
2021-10-06,0.0008748652592478879,0.0
2021-10-07,0.008259299450664842,0.0
2021-10-08,-0.0021477212967660948,0.0
2021-10-11,-0.005626698832707902,0.0
2021-10-12,-5.273491129740714e-05,0.0
2021-10-13,0.0015181244544226773,0.0
2021-10-14,0.01724818462243213,0.0
2021-10-15,0.0031912054748144862,0.0
2021-10-18,-5.444255416358078e-06,0.0
2021-10-19,0.005416244561745794,0.0
2021-10-20,0.007977784837436,0.0
2021-10-21,0.0008446122204092865,0.0
2021-10-22,0.0032238354808021025,0.0
2021-10-25,0.0013325438348858617,0.0
2021-10-26,-0.0016586149687849827,0.0
2021-10-27,-0.013590956704407459,0.0
2021-10-28,0.010253888403113063,0.0
2021-10-29,-0.0021913920999181167,0.0
2021-11-01,0.007404365063857998,0.06037999220781224
2021-11-02,0.0034005559901390215,0.0
2021-11-03,0.0065014682311019005,0.0
2021-11-04,-0.0012210168049211377,0.0
2021-11-05,0.007864057542215294,0.0
2021-11-08,0.001218290202776384,0.0
2021-11-09,0.0005575230155163753,0.0
2021-11-10,-0.005930139432689918,0.0
2021-11-11,0.0021652547461737635,0.0
2021-11-12,0.005083354087907727,0.0
2021-11-15,0.001937864849953314,0.0
2021-11-16,0.0009685320510748221,0.0
2021-11-17,-0.005283094312120661,0.0
2021-11-18,-0.003558449016778533,0.0
2021-11-19,-0.0065770637067948685,0.0
2021-11-22,0.0016118628319126082,0.0
2021-11-23,0.004248506020946481,0.0
2021-11-24,-0.00014376477292084097,0.0
2021-11-26,-0.025723962098859264,0.0
2021-11-29,0.007517848535375368,0.0
2021-11-30,-0.02592542096987309,0.0
2021-12-01,-0.012544296007574784,0.06254621020907214
2021-12-02,0.024794899761383226,0.0
2021-12-03,-0.003959771243377959,0.0
2021-12-06,0.01588656223257507,0.0
2021-12-07,0.015827092446023316,0.0
2021-12-08,0.00333609727134283,0.0
2021-12-09,-0.006817184000856612,0.0
2021-12-10,0.006268988735956088,0.0
2021-12-13,-0.00748794468355712,0.0
2021-12-14,-0.005463174689973265,0.0
2021-12-15,0.010986172150968532,0.006332014110947059
2021-12-16,-0.000550089166672486,0.0
2021-12-17,-0.009884544481636958,0.0
2021-12-20,-0.013202872701527377,0.0
2022-01-11,0.008822435428887276,0.0456490062946671
2022-01-12,0.0009454083798751077,0.0
2022-01-13,-0.004216326046772792,0.0
2022-01-14,-0.0015150928687901423,0.0
2022-01-18,-0.015719157501808426,0.0
2022-01-19,-0.009956844371344612,0.0
2022-01-20,-0.012314780914190228,0.0
2022-01-21,-0.013914273034492403,0.0
2022-01-24,0.0067427688050977356,0.0
2022-01-25,-0.00985140159167048,0.0
2022-01-26,-0.007043602885886039,0.0
2022-01-27,-0.005698208466174599,0.0
2022-01-28,0.01664360096302974,0.0
2022-01-31,0.015282468356721783,0.0
2022-02-01,0.006924214747201063,0.04500588345178334
2022-02-02,0.007269018059040053,0.0
2022-02-03,-0.013152629149977724,0.002220977399419653
2022-02-04,-0.0014827764977571882,0.0
2022-02-07,0.0009994259156473877,0.0
2022-02-08,0.009840166492147466,0.0
2022-02-09,0.016875504537253765,0.0
2022-02-10,-0.0162279719524105,0.0
2022-02-11,-0.013786256789537429,0.0
2022-02-14,-0.007756577422690537,0.0
2022-02-15,0.015375529357451376,0.0
2022-02-16,0.002855227753448597,0.002248028266657626
2022-02-17,-0.017580147346164844,0.0
2022-02-18,-0.004291206229627829,0.0
2022-02-22,-0.009542388912728019,0.0
2022-02-23,-0.01610216049886759,0.0
2022-02-24,0.009128404549978625,0.0
2022-02-25,0.02758820713198249,0.0
2022-02-28,-0.005389743626530807,0.0
2022-03-01,-0.018829485572991245,0.062481589272453265
2022-03-02,0.02226578663175268,0.0
2022-03-03,-0.0021971129819398083,0.002186451082161716
2022-03-04,-0.007380420345645889,0.0
2022-03-07,-0.029448080564973937,0.0
2022-03-08,-0.005742274652352358,0.0
2022-03-09,0.02167918075643007,0.0
2022-03-10,-0.002385323826125533,0.0
2022-03-11,-0.010479231628510817,0.0
2022-03-14,-0.003059222134804154,0.0
2022-03-15,0.016363417792319788,0.0
2022-03-16,0.01961941055370019,0.0
2022-03-17,0.012310468014483227,0.0
2022-03-18,0.007555752186679646,0.0
2022-03-21,-0.00186421980090754,0.0
2022-03-22,0.0068957759532732345,0.0
2022-03-23,-0.013246113741831616,0.0
2022-03-24,0.011672069459486668,0.0
2022-03-25,0.007767193416084992,0.0
2022-03-28,0.0018101468712460023,0.0
2022-03-29,0.015508932522999903,0.0
2022-03-30,-0.006714797479227518,0.0
2022-03-31,-0.013801336575146036,0.0
2022-04-01,0.0039094540546023016,0.0619709078607916
2022-04-04,0.0018247460849760869,0.0
2022-04-05,-0.010202926234074372,0.004385995702443795
2022-04-06,-0.004436972680489386,0.0
2022-04-07,0.0030811803965370074,0.0
2022-04-08,0.002077928717740745,0.0
2022-04-11,-0.009395487547033479,0.0
2022-04-12,-0.002497175182479383,0.0021233778237424615
2022-04-13,0.010794287600643946,0.0
2022-04-14,-0.006211238674133957,0.0
2022-04-18,-0.0019436536038329076,0.0
2022-04-19,0.017332916169546016,0.0
2022-04-20,0.007332488394675994,0.0
2022-04-21,-0.013549723546364302,0.0
2022-04-22,-0.02717008542475562,0.0
2022-04-25,0.0025791386838049856,0.0
2022-04-26,-0.023139079593443627,0.0
2022-04-27,0.0016902492614878609,0.0
2022-04-28,0.017284072488620288,0.0
2022-04-29,-0.030193042773808215,0.0
2022-05-02,0.001968512331490091,0.0663324712051882
2022-05-03,0.008288987686027633,0.0
2022-05-04,0.028061833891183195,0.0
2022-05-05,-0.03103525439265376,0.0
2022-05-06,-0.00932727212943902,0.0
2022-05-09,-0.029235492485277337,0.0
2022-05-10,-0.00282161911029064,0.0
2022-05-11,-0.012200844314184,0.002220170628432141
2022-05-12,0.004384731904731681,0.0
2022-05-13,0.02272720796126196,0.0
2022-05-16,-0.0038209471928843863,0.0
2022-05-17,0.02139508854746628,0.0
2022-05-18,-0.03842957645040678,0.0
2022-05-19,-0.0024510299734830003,0.0
2022-05-20,0.0005085775289681664,0.0
2022-05-23,0.014041579321203056,0.0
2022-05-24,-0.006075186254670151,0.0
2022-05-25,0.011665594340203828,0.0
2022-05-26,0.02113804483841073,0.0
2022-05-27,0.022584491174573396,0.0
2022-05-31,-0.008636301331501842,0.0
2022-06-01,-0.010377619977746999,0.06251343560118419
2022-06-02,0.01851391408594237,0.0
2022-06-03,-0.012141876112992313,0.0
2022-06-06,0.0032750891993599375,0.0
2022-06-07,0.009410924553142515,0.0
2022-06-08,-0.014466350310639918,0.0
2022-06-09,-0.02190880824645966,0.0
2022-06-10,-0.02717201036595196,0.006695713371019624
2022-06-13,-0.04030322567582871,0.0
2022-06-14,-0.00524054736363809,0.0
2022-06-15,0.010459189614210537,0.0
2022-06-16,-0.035681576612383734,0.0
2022-06-17,0.0029690150938485003,0.0
2022-06-21,0.018167527257139812,0.0
2022-06-22,-0.0009691980759066743,0.002148399553948399
2022-06-23,0.007691604401693099,0.0
2022-06-24,0.031899547394653956,0.0
2022-06-27,-0.0007576930516353765,0.0
2022-06-28,-0.014649178607315155,0.0
2022-06-29,-0.0051699015071877685,0.004223158414782161
2022-06-30,-0.00647206710308141,0.0
2022-07-01,0.01209522953540998,0.06937161820579527
2022-07-05,-0.0031984677241608207,0.0
2022-07-06,-3.485692901703387e-05,0.0
2022-07-07,0.014735635485070103,0.0
2022-07-08,-0.00387260830054727,0.0
2022-07-11,-0.009303306726283605,0.0
2022-07-12,-0.004534058925853415,0.0
2022-07-13,-0.005689323908564065,0.0
2022-07-14,-0.007612118826520289,0.0
2022-07-15,0.019600854004550545,0.0
2022-07-18,-0.004288094353652343,0.0
2022-07-19,0.03005327087866059,0.0
2022-07-20,0.006468870638517766,0.0
2022-07-21,0.00679274511920059,0.0
2022-07-22,-0.006103178213624719,0.0
2022-07-25,0.0033462944997201876,0.0
2022-07-26,-0.008306987596101963,0.0
2022-07-27,0.019970634325459237,0.0
2022-07-28,0.0151074480589974,0.0
2022-07-29,0.009100111861484742,0.0
2022-08-01,-0.0021473282015258555,0.059083762523610736
2022-08-02,-0.00741719958499529,0.0
2022-08-03,0.00982146499985874,0.0
2022-08-04,-0.00297308471249209,0.0
2022-08-05,0.0018568206449675914,0.0
2022-08-08,0.0030864914302728913,0.0
2022-08-09,-0.005183565556707712,0.0
2022-08-10,0.021628859425859372,0.0
2022-08-11,0.004671508254045192,0.0
2022-08-12,0.015845751335627677,0.0
2022-08-15,0.0016162969870084976,0.0
2022-08-16,0.003459324337673637,0.0
2022-08-17,-0.009562701073683476,0.0
2022-08-18,0.0036268944422259653,0.0
2022-08-19,-0.012803511224927646,0.0
2022-08-22,-0.021293737021076467,0.0
2022-08-23,-0.0009156275140181696,0.0
2022-08-24,0.004722741245555682,0.0
2022-08-25,0.014886782244428697,0.0
2022-08-26,-0.032159652786157095,0.0
2022-08-29,-0.005337892123826366,0.0
2022-08-30,-0.010858484243326215,0.0
2022-08-31,-0.007482984331547432,0.0
2022-09-01,0.0010234303297254055,0.05441631839235567
2022-09-02,-0.00742573660587131,0.0
2022-09-06,-0.0034115622214014956,0.0
2022-09-07,0.022014605417711705,0.0
2022-09-08,0.008637262677611793,0.0
2022-09-09,0.014473282044590623,0.0
2022-09-12,0.009011479069898905,0.0
2022-09-13,-0.039637139386500445,0.0
2022-09-14,-0.00013648664246306312,0.0
2022-09-15,-0.007904834911907802,0.0
2022-09-16,-0.010495287551906644,0.0
2022-09-19,0.0077494961714691495,0.0
2022-09-20,-0.016271404762056463,0.004164735578128915
2022-09-21,-0.0162582314855679,0.0
2022-09-22,-0.014175118148068608,0.0
2022-09-23,-0.01723115285247018,0.0
2022-09-26,-0.014675429978637798,0.0
2022-09-27,-0.0030164855210386395,0.0
2022-09-28,0.02382685077417835,0.0
2022-09-29,-0.019575372537385564,0.0
2022-09-30,-0.012025449127471357,0.0
2022-10-03,0.02906049685129264,0.0515898458421786
2022-10-04,0.03490896778722319,0.0020471749656314746
2022-10-05,-0.004205814487842039,0.0
2022-10-06,-0.011441853875475225,0.0
2022-10-07,-0.024105361646803575,0.0
2022-10-10,-0.0067576310480945544,0.0
2022-10-11,-0.004464364415639449,0.0
2022-10-12,-0.004924363385902303,0.0
2022-10-13,0.024176420977230828,0.0024824887291616947
2022-10-14,-0.022469091272125163,0.0
2022-10-17,0.022737120872690846,0.0
2022-10-18,0.014325108465064492,0.0
2022-10-19,-0.01170118015346422,0.0
2022-10-20,-0.010899110076024636,0.0
2022-10-21,0.023761685950820444,0.0
2022-10-24,0.01069335664319028,0.0
2022-10-25,0.01996150938753862,0.0
2022-10-26,0.0016681657369572013,0.0
2022-10-27,0.001221601653096664,0.0
2022-10-28,0.021133682909897242,0.0
2022-10-31,-0.004783826440237695,0.0
2022-11-01,0.002392845772229979,0.07387146959384733
2022-11-02,-0.024531169847492817,0.002167327399322971
2022-11-03,-0.006219622678699361,0.0
2022-11-04,0.016882262376929608,0.0
2022-11-07,0.007926263382108313,0.0
2022-11-08,0.006429821498594074,0.0
2022-11-09,-0.018298202776674377,0.0020894200512719496
2022-11-10,0.055943285192645055,0.0
2022-11-11,0.011028036819179677,0.0
2022-11-14,-0.011965377105049788,0.0
2022-11-15,0.009952046181132688,0.0
2022-11-16,-0.011513174928463717,0.0
2022-11-17,-0.0058429258137640975,0.0
2022-11-18,0.007261586342892577,0.0
2022-11-21,-0.0005374437062294316,0.0
2022-11-22,0.013105953005743189,0.0
2022-11-23,0.004323814424360117,0.0
2022-11-25,0.0023355505223327127,0.0
2022-11-28,-0.01672738275948095,0.0
2022-11-29,0.003480761125923972,0.0
2022-11-30,0.024724471401085392,0.0
2022-12-01,0.0009657732945549391,0.05302282010436955
2022-12-02,-0.000704879830282532,0.0
2022-12-05,-0.0195111223271311,0.0
2022-12-06,-0.011334884488384624,0.0
2022-12-07,-0.0014791493333019164,0.0
2022-12-08,0.006252974421282723,0.0
2022-12-09,-0.007399876497387471,0.0
2022-12-12,0.014934456704374535,0.0
2022-12-13,0.007433436860606766,0.0
2022-12-14,-0.00676832333540256,0.0
2022-12-15,-0.02204784835536163,0.0
2022-12-16,-0.01167605631439389,0.0
2022-12-19,-0.008706970851642813,0.0
2022-12-20,0.0011059306322096507,0.002279128260378705
2022-12-21,0.015103746728539992,0.0
2022-12-22,-0.010640857390827464,0.0
2023-01-05,-0.009774667652498348,0.04900037996315984
2023-01-06,0.023793184764932054,0.0
2023-01-09,-1.859956214201333e-05,0.0
2023-01-10,0.00742819245013863,0.0
2023-01-11,0.011899450291840592,0.0
2023-01-12,0.0035137165693461003,0.0
2023-01-13,0.0022444060624617467,0.0
2023-01-17,-0.0024122455694092783,0.0
2023-01-18,-0.015232195565036083,0.0
2023-01-19,-0.010403464824181537,0.0
2023-01-20,0.017808910774497436,0.0
2023-01-23,0.012359666582870877,0.0
2023-01-24,-0.0019421350581751028,0.0
2023-01-25,0.0018826644734707897,0.0
2023-01-26,0.008139377403572439,0.0
2023-01-27,0.0014675814542482834,0.0
2023-01-30,-0.010400972675377268,0.0
2023-01-31,0.01676257757522818,0.0
2023-02-01,0.010158959049709537,0.07186592987763496
2023-02-02,0.010000319072073213,0.0
2023-02-03,-0.011345080088804195,0.0
2023-02-06,-0.007223183786462927,0.0
2023-02-07,0.009070528909463412,0.0
2023-02-08,-0.009826023234302723,0.0
2023-02-09,-0.009299190972139909,0.0
2023-02-10,0.003512852110707835,0.0
2023-02-13,0.01086370696210722,0.0
2023-02-14,-0.002047576069835228,0.0
2023-02-15,0.004274610323670454,0.0
2023-02-16,-0.011099002527850855,0.0
2023-02-17,-0.0017267154180955402,0.0
2023-02-21,-0.02111794726678999,0.0
2023-02-22,-0.0016804079681024583,0.0
2023-02-23,0.003672195217971527,0.0
2023-02-24,-0.008550730028294849,0.0
2023-02-27,0.00126853538462823,0.0
2023-02-28,-0.00283868144192937,0.0
2023-03-01,-0.0027880151135835085,0.05120073231694547
2023-03-02,0.008067853317597422,0.0
2023-03-03,0.013156515748141542,0.0
2023-03-06,-0.004627100834053341,0.0
2023-03-07,-0.016233588343262842,0.0
2023-03-08,0.002178297251150461,0.0
2023-03-09,-0.020230290769496607,0.0
2023-03-10,-0.020001140699108473,0.0
2023-03-13,-0.009431909050727483,0.0
2023-03-14,0.01330032055299302,0.0
2023-03-15,-0.0139977929801402,0.0
2023-03-16,0.013006544226369154,0.001753342678318807
2023-03-17,-0.01645431960873268,0.0
2023-03-20,0.012592553321791395,0.0
2023-03-21,0.012263569082548553,0.00021565413840800692
2023-03-22,-0.021516570413595053,0.0
2023-03-23,-0.0027349281192871984,0.0
2023-03-24,0.007958707590073721,0.0
2023-03-27,0.006459357252279274,0.0
2023-03-28,0.0020353304830184934,0.0
2023-03-29,0.014912534015915467,0.0
2023-03-30,0.0048381342463345535,0.0
2023-03-31,0.015082944971361735,0.0
2023-04-03,0.0009384455031851147,0.06451466151997304
2023-04-04,-0.010441447334492522,0.0
2023-04-05,-0.0020258988260507356,0.0
2023-04-06,0.0007179432117560736,0.0
2023-04-10,0.0062484438771106925,0.0
2023-04-11,0.0066088522784801314,0.0
2023-04-12,-0.0051936608230216865,0.0
2023-04-13,0.00824158211688625,0.0
2023-04-14,-0.0046846067966802175,0.0
2023-04-17,0.006607137700232739,0.0
2023-04-18,0.00016079098450426802,0.0
2023-04-19,0.0003367462689304135,0.0
2023-04-20,-0.005441737188274471,0.0
2023-04-21,-0.00019745297411671135,0.0
2023-04-24,0.002005029837274911,0.0
2023-04-25,-0.017315087582377642,0.0
2023-04-26,-0.010474275492966971,0.0
2023-04-27,0.01599004012412873,0.0
2023-04-28,0.011492657104999426,0.0
2023-05-01,-0.0009853604332359378,0.050495317367464466
2023-05-02,-0.015519747251936947,0.0
2023-05-03,-0.00631907761343377,0.0
2023-05-04,-0.009357912604413526,0.0
2023-05-05,0.017575866140031593,0.0021491113112763255
2023-05-08,-0.001940146714571375,0.0
2023-05-09,-0.004133080807619056,0.0
2023-05-10,-0.0003716557694184541,0.0
2023-05-11,-0.005117909241565707,0.0
2023-05-12,-0.0001836151526749078,0.0
2023-05-15,0.006379574085942419,0.0
2023-05-16,-0.014242515222208482,0.0
2023-05-17,0.013952915895365877,0.0
2023-05-18,0.008151988064812422,0.0
2023-05-19,-0.002966702722898542,0.0
2023-05-22,0.0022414036380786354,0.0
2023-05-23,-0.010493669163832419,0.0
2023-05-24,-0.01155579969079096,0.0
2023-05-25,-0.0001751547608178092,0.0
2023-05-26,0.008624934677680891,0.0
2023-05-30,-0.0017102169217090828,0.0
2023-05-31,-0.00964816502447771,0.0
2023-06-01,0.00796518837706972,0.0676860144609149
2023-06-02,0.023060432843864786,0.0
2023-06-05,-0.003789962177452291,0.0
2023-06-06,0.007496754049191846,0.0
2023-06-07,0.00883379787925416,0.0
2023-06-08,0.000250749068166467,0.0025171024023916064
2023-06-09,-0.0016442978076039822,0.0
2023-06-12,0.006348409608561119,0.0
2023-06-13,0.010172687075946143,0.0
2023-06-14,-0.002392626770308827,0.0
2023-06-15,0.011988148684609352,0.0
2023-06-16,-0.0010823241945969763,0.0
2023-06-20,-0.009066898418785255,0.0
2023-06-21,-0.0011937251373807948,0.0
2023-06-22,-0.004658120254242453,0.0
2023-06-23,-0.008283374331311433,0.0
2023-06-26,0.006024909117921942,0.0
2023-06-27,0.012427602010715,0.0
2023-06-28,-0.0018620418232807852,0.0
2023-06-29,0.00784812885625572,0.0
2023-06-30,0.009290407097651821,0.0
2023-07-03,0.0031881287362307553,0.05070094719135436
2023-07-05,-0.004884562650140952,0.0
2023-07-06,-0.008287958563361633,0.0
2023-07-07,0.002445691783724937,0.0
2023-07-10,0.008636696999058252,0.0
2023-07-11,0.011264677084053654,0.0020188732282036327
2023-07-12,0.004977947686821882,0.0
2023-07-13,0.005060296332520672,0.0
2023-07-14,-0.006289871181116482,0.0
2023-07-17,0.0017419767022747452,0.0
2023-07-18,0.006283915982812058,0.0
2023-07-19,0.0049692246387334745,0.0
2023-07-20,-0.0008092356805091588,0.0
2023-07-21,0.0016379739334119222,0.0
2023-07-24,0.002640090843585741,0.0
2023-07-25,0.0008130026431377797,0.0
2023-07-26,0.00236802034941197,0.0
2023-07-27,-0.008724691892002864,0.0
2023-07-28,0.004981542659039534,0.0
2023-07-31,0.0026308656194439627,0.0
2023-08-01,-0.0037402561685645486,0.05380820154167991
2023-08-02,-0.009279946932510958,0.0
2023-08-03,-0.005044834443364541,0.0
2023-08-04,-0.004835864915613367,0.0
2023-08-07,0.008353359359902349,0.0
2023-08-08,-0.0047215164881274745,0.0
2023-08-09,-0.0028882444463431394,0.0
2023-08-10,-0.001167124360876159,0.0
2023-08-11,0.0002714831893296382,0.0
2023-08-14,-0.0002915988408417339,0.0
2023-08-15,-0.013439851645034497,0.0
2023-08-16,-0.006838521336725185,0.0
2023-08-17,-0.007225922092795061,0.0
2023-08-18,0.0011117497414853549,0.0
2023-08-21,-0.00017886750716702673,0.0
2023-08-22,-0.0035140009950552693,0.0
2023-08-23,0.008365068190668484,0.0
2023-08-24,-0.00963740173148845,0.0
2023-08-25,0.005284497582949172,0.0
2023-08-28,0.007243810712470822,0.0020696244191632206
2023-08-29,0.011194490431975117,0.0
2023-08-30,0.002719798226558418,0.0
2023-08-31,-0.003423755476714141,0.004081784765321128
2023-09-01,0.0033503463275448286,0.050152977796773496
2023-09-05,-0.011773444684293767,0.0
2023-09-06,-0.003407156644978226,0.0
2023-09-07,-0.004455382174481019,0.0
2023-09-08,0.0006180092574141803,0.0
2023-09-11,0.0018238528933737668,0.0
2023-09-12,-0.0014568616334234641,0.0
2023-09-13,-0.0035628736253015634,0.0
2023-09-14,0.011667678463135423,0.0
2023-09-15,-0.008204676228394804,0.0
2023-09-18,-0.0021110960526068705,0.0
2023-09-19,-0.0018883779330223227,0.00206841815956822
2023-09-20,-0.004166968801786647,0.0
2023-09-21,-0.016574235195932867,0.0
2023-09-22,-0.0039272730036501394,0.0
2023-09-25,0.0025226693738696275,0.0
2023-09-26,-0.014230970691663274,0.0
2023-09-27,0.00034870912055652564,0.0
2023-09-28,0.006975949609824605,0.0
2023-09-29,-0.002640930593621939,0.0
2023-10-02,-0.01110801615732726,0.04673818235141296
2023-10-03,-0.011812782493135221,0.004251889452474107
2023-10-04,0.006173020539893987,0.0
2023-10-05,-0.003414829082789982,0.0
2023-10-06,0.008468324174186522,0.0
2023-10-09,0.007454482292288335,0.0
2023-10-10,0.007695208723136794,0.0
2023-10-11,0.0023816003315502744,0.0
2023-10-12,-0.012726148538994574,0.0
2023-10-13,-0.002270062126877576,0.0
2023-10-16,0.012662942620361968,0.0
2023-10-17,0.004946056579727757,0.0
2023-10-18,-0.016208340585435223,0.0
2023-10-19,-0.011713079549304117,0.005866186716461608
2023-10-20,-0.012167621379154775,0.0
2023-10-23,-0.006489192856801159,0.0
2023-10-24,0.006491638702083691,0.0
2023-10-25,-0.011310071453375632,0.0
2023-10-26,-0.0014261903777004743,0.0
2023-10-27,-0.011822174544807978,0.0
2023-10-30,0.008209333189355537,0.0
2023-10-31,0.008747563479465793,0.0
2023-11-01,0.002757916763832302,0.06846540681460873
2023-11-02,0.02253149548043592,0.0
2023-11-03,0.016339409290215125,0.0
2023-11-06,-0.005043593500831893,0.0
2023-11-07,-0.00223656882313951,0.0
2023-11-08,-0.0013891780862351302,0.0
2023-11-09,-0.009016934811006754,0.0
2023-11-10,0.011931885331901725,0.0
2023-11-13,-0.0021395456619622577,0.0
2023-11-14,0.02952535165273475,0.0
2023-11-15,0.0054188857787527914,0.0
2023-11-16,-0.0032963244017435445,0.0
2023-11-17,0.004623857036041529,0.0
2023-11-20,0.0038308785748079025,0.0
2023-11-21,-0.0022360351710482063,0.0
2023-11-22,0.004642029706660076,0.0
2023-11-24,0.0033084001231598542,0.0
2023-11-27,-0.002909180749010178,0.0
2023-11-28,-0.0002687288357677696,0.0
2023-11-29,0.003942422908251801,0.0
2023-11-30,0.007812196453686603,0.0
2023-12-01,0.015684877080864856,0.06126656214049165
2023-12-04,0.0006860221475829887,0.0
2023-12-05,-0.009134001488280908,0.0
2023-12-06,0.0015413495372702155,0.0
2023-12-07,0.005017957774026768,0.0
2023-12-08,0.0027170454379731425,0.0
2023-12-11,0.008791951058825511,0.0
2023-12-12,0.0018031967784124074,0.0
2023-12-13,0.021474142472072105,0.0
2023-12-14,0.01384249665823002,0.0
2023-12-15,-0.006960707386965496,0.0
2023-12-18,0.0008158695042758372,0.0
2024-02-02,-0.00113102876808846,0.04489240822914059
2024-02-05,-0.009010988629818164,0.0
2024-02-06,0.005814383113074568,0.0
2024-02-07,0.0034773188656926726,0.0
2024-02-08,0.002520863904091172,0.0
2024-02-09,0.0015824775891899936,0.0
2024-02-12,0.006510912479051843,0.0
2024-02-13,-0.01716157157598427,0.0
2024-02-14,0.009311490855740432,0.0
2024-02-15,0.011914070802841124,0.0
2024-02-16,-0.004011729398952309,0.0
2024-02-20,-0.002772505482826616,0.0
2024-02-21,0.003957620311633918,0.0
2024-02-22,0.009485188673240504,0.0
2024-02-23,0.002510285944473919,0.0
2024-02-26,-0.004854144901852313,0.0
2024-02-27,0.0043056635159729705,0.0
2024-02-28,-6.849265152519178e-05,0.0
2024-02-29,0.005544159920497239,0.0
2024-03-01,0.00544313843765476,0.054613190719498245
2024-03-04,0.0025731678289212952,0.0
2024-03-05,-0.005008809020103366,0.004202089247020408
2024-03-06,0.006100425125028033,0.0
2024-03-07,0.007630361811399214,0.0
2024-03-08,-0.001007384549786648,0.0
2024-03-11,0.0024770259343043217,0.0
2024-03-12,0.0019362961867453801,0.0
2024-03-13,0.0006038188259153485,0.0
2024-03-14,-0.00905506919445275,0.0
2024-03-15,-0.0010959308220795428,0.0
2024-03-18,0.0030385167698086016,0.0
2024-03-19,0.00588003247181601,0.002228621731313601
2024-03-20,0.00827449551654787,0.0
2024-03-21,0.006839687485820536,0.0
2024-03-22,-0.005852875998385762,0.0
2024-03-25,-0.0022025897495046333,0.0
2024-03-26,-0.0015895220204902305,0.0018347860293340197
2024-03-27,0.01620502663535959,0.0
2024-03-28,0.004655279238379244,0.0
2024-04-01,-0.00604037266710078,0.04485045682283635
2024-04-02,-0.008999079446810887,0.0021243761149573777
2024-04-03,0.0007286018501115876,0.0021669766140588543
2024-04-04,-0.009986827837273839,0.0
2024-04-05,0.006491484767364922,0.0
2024-04-08,0.002858253187920288,0.0
2024-04-09,0.004375402355201524,0.0
2024-04-10,-0.016788955321745846,0.0
2024-04-11,-0.0013727407294564908,0.0
2024-04-12,-0.01547427023942209,0.0
2024-04-15,-0.008841743148917156,0.0
2024-04-16,-0.005567058862733161,0.0
2024-04-17,-0.0023836558781090995,0.0
2024-04-18,-0.0005206926732557247,0.0
2024-04-19,0.0037986697885879265,0.0
2024-04-22,0.00790521360108949,0.0
2024-04-23,0.007962822027176228,0.0
2024-04-24,0.0018718223411139244,0.0
2024-04-25,-0.002702464588938226,0.0
2024-04-26,0.0012789048279067882,0.0
2024-04-29,0.006907493395586708,0.0
2024-04-30,-0.014410251070364782,0.0
2024-05-01,-0.003110368231843519,0.05962004154873013
2024-05-02,0.005934878616471735,0.0
2024-05-03,0.007040166136192282,0.0
2024-05-06,0.00742909998536634,0.0
2024-05-07,0.003412419764876453,0.0
2024-05-08,-0.0005902553583232603,0.0
2024-05-09,0.008636606443047867,0.006020341632851966
2024-05-10,0.0017431600372792098,0.0
2024-05-13,-0.0001006384571411799,0.0
2024-05-14,0.004324053007086179,0.0
2024-05-15,0.007814840128941078,0.0
2024-05-16,-0.0014302418950828373,0.0
2024-05-17,0.0016046748807902705,0.0
2024-05-20,-0.0007388196357109288,0.0
2024-05-21,-0.0006963855582387249,0.0
2024-05-22,-0.0030697113423957334,0.0
2024-05-23,-0.014375738247924714,0.0
2024-05-24,0.006080282767355371,0.0
2024-05-28,-0.007291607342852965,0.0
2024-05-29,-0.011504097760177521,0.0
2024-05-30,0.004621575533253405,0.0
2024-05-31,0.01368429139216627,0.0
2024-06-03,-0.00436209862407777,0.055098101108926115
2024-06-04,-0.002176792974018954,0.0
2024-06-05,0.005967660242393766,0.0
2024-06-06,-0.0019004899819505142,0.0
2024-06-07,-0.0032709403876954373,0.0
2024-06-10,0.002246574370141694,0.0
2024-06-11,-0.003780350721862622,0.0
2024-06-12,0.005022437467979385,0.0
2024-06-13,-0.002602017265571569,0.0
2024-06-14,-0.00629716051982045,0.0
2024-06-17,0.006879064959094447,0.0
2024-06-18,0.0025108439626906473,0.0
2024-06-20,0.001262962025259001,0.0
2024-06-21,0.0018395756621027528,0.0
2024-06-24,0.005066151839490203,0.0
2024-06-25,-0.007158344268462291,0.0019663585555235374
2024-06-26,-0.0034181253214532513,0.0
2024-06-27,0.0007505194381008416,0.0
2024-06-28,0.0013845203830750654,0.0
2024-07-01,-0.007655094170148091,0.04761832509935504
2024-07-02,0.004128624311228152,0.0
2024-07-03,0.0005441825064997652,0.0
2024-07-05,-0.0009361494084901008,0.0
2024-07-08,0.001886483241127509,0.0
2024-07-09,-0.001593394994048647,0.006322977166013752
2024-07-10,0.009217083656498457,0.0
2024-07-11,0.01179943839346044,0.0
2024-07-12,0.007720183215454509,0.0
2024-07-15,0.0009414936327045932,0.0
2024-07-16,0.017177015914247612,0.0
2024-07-17,-0.002800808390720154,0.0
2024-07-18,-0.008373021167690856,0.0
2024-07-19,-0.006909157028177601,0.0
2024-07-22,0.008464258328516277,0.0
2024-07-23,-0.0037837133820039595,0.0
2024-07-24,-0.011279319960919026,0.0
2024-07-25,0.0016031011076493584,0.0
2024-07-26,0.014152683059247002,0.0
2024-07-29,0.0013655291122127108,0.0
2024-07-30,0.004930748468595387,0.0
2024-07-31,0.004334113256467892,0.0
2024-08-01,-0.009705094790140367,0.07402959160105263
2024-08-02,-0.017498973223473813,0.0
2024-08-05,-0.023683034659434044,0.0
2024-08-06,0.010083914865699057,0.0
2024-08-07,-0.00720116039830246,0.0
2024-08-08,0.01877708120931007,0.0
2024-08-09,0.0018916743576184287,0.0
2024-08-12,-0.0046258472829351135,0.0
2024-08-13,0.011398420766274092,0.0
2024-08-14,0.0021188280558691094,0.0
2024-08-15,0.013479279424232422,0.0
2024-08-16,0.0028642784687643633,0.0
2024-08-19,0.007730177886923185,0.0
2024-08-20,-0.004269033154074189,0.0
2024-08-21,0.0073248773086504425,0.0
2024-08-22,-0.003348239715347343,0.0
2024-08-23,0.012609897021913872,0.0
2024-08-26,-0.000388542969098357,0.0
2024-08-27,0.0002383587172952711,0.0
2024-08-28,-0.00281749493621065,0.0
2024-08-29,0.003224084876717488,0.0
2024-08-30,0.007902507184391772,0.0
2024-09-03,-0.013463631957039368,0.04946892319344335
2024-09-04,-0.0011667251084249517,0.0
2024-09-05,-0.005983542261452414,0.0
2024-09-06,-0.011749836322897065,0.0
2024-09-09,0.009963988269228893,0.0
2024-09-10,0.00023442412066642816,0.0
2024-09-11,0.001507407997691894,0.0
2024-09-12,0.005312171946221396,0.0
2024-09-13,0.009387843576746768,0.0
2024-09-16,0.006658833256856187,0.0
2024-09-17,0.001777251386474285,0.0
2024-09-18,-0.0020987313612369075,0.0
2024-09-19,0.01142012657095788,0.0
2024-09-20,-0.004208252650256405,0.0
2024-09-23,0.0050730069841248655,0.0
2024-09-24,0.0017204130725785689,0.0
2024-09-25,-0.006679752503804816,0.0
2024-09-26,0.009175632254956798,0.0
2024-09-27,0.0035016893701900727,0.0
2024-09-30,0.0016264903950333623,0.0
2024-10-01,-0.005093417856647853,0.04708937086133255
2024-10-02,-0.0013345335463488261,0.002112519412581604
2024-10-03,-0.0049775795554107514,0.0
2024-10-04,0.006820803839492453,0.0
2024-10-07,-0.008219542526410734,0.0
2024-10-08,0.0026193787951221716,0.0
2024-10-09,0.007018473669913284,0.0
2024-10-10,-0.0039539184762189825,0.0
2024-10-11,0.009535035403125667,0.0
2024-10-14,0.0067779347827140275,0.0
2024-10-15,-0.003832811675186519,0.0
2024-10-16,0.0062813245804249455,0.0
2024-10-17,-0.0014748764736128516,0.0
2024-10-18,0.0028822916147988615,0.0
2024-10-21,-0.008777759275411065,0.0
2024-10-22,-0.00406046807161679,0.0
2024-10-23,-0.0033748845112761155,0.0
2024-10-24,-0.00012743203248722718,0.0
2024-10-25,-0.0047854194334347845,0.0
2024-10-28,0.005334452267572985,0.0
2024-10-29,-0.0032437389491800873,0.0
2024-10-30,-0.00128561000358799,0.0
2024-10-31,-0.010678742566233915,0.0
2024-11-01,0.0005064941348158492,0.06760296750512702
2024-11-04,0.0016663820106383653,0.0
2024-11-05,0.010633182440396443,0.0
2024-11-06,0.021598137250636185,0.0
2024-11-07,0.0005853052463491021,0.0
2024-11-08,0.004962647528529641,0.0
2024-11-11,0.004514636179436015,0.0
2024-11-12,-0.0071713727754855044,0.0
2024-11-13,0.0006109882844849183,0.0
2024-11-14,-0.007147307402618345,0.0
2024-11-15,-0.007931696870316751,0.0
2024-11-18,0.004602137051755967,0.0
2024-11-19,-0.0035623157137395335,0.0
2024-11-20,0.003053799156407029,0.0
2024-11-21,0.012228857487301433,0.0
2024-11-22,0.007452887203658803,0.0
2024-11-25,0.009291909451459985,0.0
2024-11-26,-9.365386840116334e-05,0.0
2024-11-27,-0.00025323313823144566,0.003944589852244667
2024-11-29,0.002700559763744038,0.0
2024-12-02,-0.002834743914951532,0.05574739398722773
2024-12-03,-0.004624384514307214,0.0
2024-12-04,-0.0007640649592003255,0.0
2024-12-05,-0.005187194370655571,0.0
2024-12-06,-0.0015346794563675214,0.0
2024-12-09,-0.002801379842414721,0.0
2024-12-10,-0.005524105797415645,0.0
2024-12-11,-6.622875743120748e-05,0.0
2024-12-12,-0.003539589042675842,0.0
2024-12-13,-0.003709061965308239,0.0
2024-12-16,-0.004122601693223793,0.0
2024-12-17,-0.006701403939489975,0.0
2024-12-18,-0.028613968653532773,0.0
2024-12-19,-0.004450389587561037,0.0
2024-12-20,0.01332547232796361,0.0
2024-12-23,0.0019472825158437415,0.0
2025-03-25,-0.0026714306367311424,0.06004504026385365
2025-03-26,-0.0007576944492571732,0.0
2025-03-27,-0.002010430081679689,0.0
2025-03-28,-0.014317219346264079,0.0
2025-03-31,0.008051216822817248,0.0
2025-04-01,0.0006679684022399268,0.03455349822369541
2025-04-02,0.008151560929679846,0.0
2025-04-03,-0.04684222552230574,0.0
2025-04-04,-0.05582889713655592,0.0
2025-04-07,-0.00900510336356318,0.0
2025-04-08,-0.019384496959886116,0.0
2025-04-09,0.07843518335000299,0.0
2025-04-10,-0.033012976189687196,0.0
2025-04-11,0.015672334880000617,0.0
2025-04-14,0.012545906755436636,0.0
2025-04-15,-0.003688464517669031,0.0
2025-04-16,-0.013534098479375105,0.0
2025-04-17,0.007494825814637141,0.0
2025-04-21,-0.019602151814897086,0.0
2025-04-22,0.02488413080007569,0.0
2025-04-23,0.009095570909090564,0.0
2025-04-24,0.016128065762288583,0.0
2025-04-25,-0.0014626190050467372,0.0
2025-04-28,0.002981360372510705,0.0
2025-04-29,0.005432714420256023,0.0
2025-04-30,0.002110763241366216,0.0
2025-05-01,-0.0015680505283346413,0.05751450140993402
2025-05-02,0.017513086502634737,0.0
2025-05-05,-0.004027908237563076,0.0
2025-05-06,-0.007107762845264822,0.0
2025-05-07,0.006703861815358881,0.0
2025-05-08,0.00874840940783616,0.0
2025-05-09,0.00030110225093707877,0.0
2025-05-12,0.02816597122969843,0.0
2025-05-13,0.0009282003487963834,0.0
2025-05-14,-0.006729893035220181,0.0
2025-05-15,0.009235002574020186,0.0
2025-05-16,0.009641212845033857,0.0
2025-05-19,-0.0001395986195610348,0.0
2025-05-20,-0.0028884800461435045,0.0019839955682253263
2025-05-21,-0.021606079215131913,0.0
2025-05-22,-0.003322898442043561,0.0
2025-05-23,-0.003462897296671609,0.0
2025-05-27,0.018505551195182268,0.0
2025-05-28,-0.008977518823905236,0.0
2025-05-29,0.0036551515384718506,0.0
2025-05-30,-0.0003318045274463544,0.0
2025-06-02,-3.012139953018078e-07,0.06182447572400951
2025-06-03,0.008029854789184568,0.0
2025-06-04,-0.0021188257113908117,0.0
2025-06-05,-0.0017946712994521595,0.0
2025-06-06,0.008700168054136316,0.0
2025-06-09,0.0007220130655319495,0.0
2025-06-10,0.006504620263785326,0.0
2025-06-11,-0.0035833360305034586,0.0
2025-06-12,0.002360546109367337,0.0
2025-06-13,-0.012303676165178655,0.0
2025-06-16,0.00900761545691086,0.0
2025-06-17,-0.010706089863087378,0.0
2025-06-18,-0.00015305645281810275,0.0
2025-06-20,0.0016444823298394765,0.0
2025-06-23,0.008643628479185041,0.0
2025-06-24,0.009219899997104573,0.0
2025-06-25,-0.007398682427961402,0.0
2025-06-26,0.007443427217494223,0.0
2025-06-27,0.004119335824335321,0.0
2025-06-30,0.004606289761155159,0.0
2025-07-01,0.012279074281508429,0.060221044915515845
2025-07-02,0.00221712977910713,0.0
2025-07-03,0.004868763341282214,0.0
2025-07-07,-0.008761439978092669,0.0
2025-07-08,0.0029758608293824116,0.0
2025-07-09,0.002849785412765797,0.0
2025-07-10,0.005937525576699354,0.002142774094534724
2025-07-11,-0.007590071000227429,0.0
2025-07-14,0.0005248475210514936,0.0
2025-07-15,-0.013694403444237583,0.0
2025-07-16,0.004035226803391288,0.0
2025-07-17,0.007245990474653319,0.0
2025-07-18,-0.00011443509227333154,0.0
2025-07-21,-0.003008286117214154,0.0022048104370229363
2025-07-22,0.013471281064832459,0.0
2025-07-23,0.006917873310808734,0.0
2025-07-24,-0.003501100568069493,0.0
2025-07-25,0.004856262564424615,0.0
2025-07-28,-0.005906444616388124,0.0
2025-07-29,-0.0006741350919884092,0.0
2025-07-30,-0.007004691250982345,0.0
2025-07-31,-0.009232783766805341,0.0
2025-08-01,-0.009962934856464045,0.0691433524164428
2025-08-04,0.011850372022013063,0.0
2025-08-05,-0.002932738138872756,0.0
2025-08-06,-0.0022535701609333715,0.0
2025-08-07,-0.000606212555156256,0.0
2025-08-08,0.00324803255568519,0.0
2025-08-11,-0.003310567181268098,0.002128870077650005
2025-08-12,0.013345482427857129,0.0
2025-08-13,0.014123607499597214,0.0
2025-08-14,-0.005809767568350052,0.0
2025-08-15,-0.0018534290196637962,0.0
2025-08-18,-0.00026345597636495596,0.0
2025-08-19,0.0060182152327238015,0.0
2025-08-20,-0.00035423026922241723,0.0
2025-08-21,-0.003714371127681122,0.0
2025-08-22,0.019592663922397623,0.0
2025-08-25,-0.007745672097706414,0.0
2025-08-26,0.000411819237912359,0.0
2025-08-27,0.003805649718680295,0.0
2025-08-28,-0.001106053415213893,0.0
2025-08-29,-0.0002269889318200491,0.006285900961205961
2025-09-02,-0.0069181847082816494,0.056714239897667454
2025-09-03,-0.0015853895435139276,0.0
2025-09-04,0.0069901722072327165,0.0
2025-09-05,0.0012197933797568595,0.0
2025-09-08,-0.0007325957922534558,0.0
2025-09-09,-0.003170612528161607,0.0
2025-09-10,-0.0019724123131131662,0.0
2025-09-11,0.015409069978339116,0.0
2025-09-12,-0.007786358742355192,0.0
2025-09-15,-0.0024639204754624503,0.0
2025-09-16,-0.0021965601521910846,0.0
2025-09-17,0.0011562045528784404,0.0
2025-09-18,0.005669499652144272,0.0
2025-09-19,-0.002328012623099584,0.0
2025-09-22,0.0008305511132329966,0.0
2025-09-23,0.0007840914223249497,0.0
2025-09-24,-0.001756883689412618,0.0
2025-09-25,-0.008571651338825502,0.0
2025-09-26,0.01028365702756099,0.0
2025-09-29,0.0023605633708798264,0.0
2025-09-30,0.0031953120952826824,0.0
2025-10-01,0.0019970754419220693,0.0657822108467164
2025-10-02,0.002102637988856321,0.0
2025-10-03,0.003862657673159589,0.0
2025-10-06,-0.0006866813852506423,0.0
2025-10-07,-0.004603870737607526,0.0
2025-10-08,0.0022496924316637197,0.0
2025-10-09,-0.007822865177137428,0.0
2025-10-10,-0.021512140787996736,0.0
2025-10-13,0.009778955386672235,0.0
2025-10-14,0.00918602671647881,0.0
2025-10-15,0.0013266559345653697,0.0
2025-10-16,-0.008800128367109944,0.0
2025-10-17,0.005005340134567474,0.0
2025-10-20,0.009706432313963086,0.0
2025-10-21,0.005037252262696468,0.0
2025-10-22,-0.0043761004462622224,0.0
2025-10-23,0.004118280231789282,0.0
2025-10-24,0.0017723722843630135,0.0
2025-10-27,0.004362036827669058,0.0
2025-10-28,-0.009125631814258007,0.0
2025-10-29,-0.011700772241996163,0.0
2025-10-30,-0.003135429848105656,0.0
2025-10-31,0.0014170582029928713,0.0019224216558267546
2025-11-03,-0.002942792519341819,0.06739419234218089
2025-11-04,-0.005029408973454275,0.002098231154389264
2025-11-05,0.005128778384425381,0.0020654081856694654
2025-11-06,-0.006607420917889879,0.0
2025-11-07,0.009763762953748912,0.0
2025-11-10,0.0041543874632660165,0.0
2025-11-11,0.006831173803522405,0.0
2025-11-12,0.0027591301530658363,0.0020806528859846902
2025-11-13,-0.010219254145062832,0.0
2025-11-14,-0.0033647466065845704,0.0
2025-11-17,-0.01264349984157623,0.0
2025-11-18,0.0004806043844755191,0.0
2025-11-19,-0.0031219378531891265,0.0
2025-11-20,-0.009671924374579746,0.0
2025-11-21,0.020003403349660033,0.0
2025-11-24,0.0028305893229012566,0.0
2025-11-25,0.014746975033344132,0.0
2025-11-26,0.005820774296980503,0.0
2025-11-28,0.004638347159772924,0.0
2025-12-01,-0.006362751758972163,0.054337089890077836
2025-12-02,-0.0008734900941794742,0.0
2025-12-03,0.007575956262192552,0.0
2025-12-04,7.779548014155646e-05,0.0
2025-12-05,0.0020261123274985665,0.0
2025-12-08,-0.0064882906828616195,0.0
2025-12-09,-0.002219267332930023,0.0
2025-12-10,0.013757031911113146,0.0
2025-12-11,0.009078601831297313,0.0
2025-12-12,-0.005043089504952913,0.004188077598891669
2025-12-15,0.001577421839024634,0.0
2025-12-16,-0.00729079254965855,0.0
2025-12-17,-0.0019099986421293397,0.0
2025-12-18,0.0013113216495442817,0.0
2025-12-19,0.002748316859241883,0.0
2025-12-22,0.007688887544096845,0.0
2026-01-15,0.004958718054435707,0.06365310415595477
2026-01-16,-0.0029591370812301803,0.0
2026-01-20,-0.015221360165432895,0.0
2026-01-21,0.015702505806873428,0.0
2026-01-22,0.0018161005811914409,0.0
2026-01-23,-0.004047301884043187,0.0
2026-01-26,0.002801132801076259,0.0
2026-01-27,-0.0015302665665753298,0.0
2026-01-28,-0.0033309843192694337,0.0
2026-01-29,0.00115094696224207,0.0
2026-01-30,-0.002173381320986112,0.0
2026-02-02,0.004570794481077556,0.048570595475915454
2026-02-03,-0.003357872706849876,0.0
2026-02-04,0.011030575927591383,0.0
2026-02-05,-0.008386356307587679,0.0
2026-02-06,0.01723450392576609,0.0
2026-02-09,0.0003107985291556344,0.0
2026-02-10,0.0036462530814427296,0.00792510482273007
2026-02-11,0.0016485397207316496,0.0
2026-02-12,-0.013371109664181507,0.0
2026-02-13,0.010241496841835491,0.0
2026-02-17,-0.0020786884192588295,0.0
2026-02-18,0.005252727720840417,0.0
2026-02-19,-0.003087645375371632,0.0
2026-02-20,0.004449553804431895,0.0
2026-02-23,-0.01094160943885111,0.0
2026-02-24,0.00802244684986154,0.0
2026-02-25,7.90428468670233e-05,0.0
2026-02-26,0.006199868957793723,0.0
2026-02-27,0.0009929865983362123,0.0
2026-03-02,-0.0017745543376276318,0.07934223103356751
2026-03-03,-0.01019442173220849,0.0
2026-03-04,0.003417203510656509,0.0
2026-03-05,-0.009280307699178918,0.0
2026-03-06,-0.011699698623513579,0.0
2026-03-09,0.0014582635437169183,0.0
2026-03-10,-0.008796184436988357,0.0
2026-03-11,-0.0038059184989434193,0.0
2026-03-12,-0.014829921674432847,0.0
2026-03-13,-0.0006330616573161001,0.0
2026-03-16,0.006649387911377862,0.0
2026-03-17,0.005123057819192079,0.0
2026-03-18,-0.013718541932674317,0.0
2026-03-19,-0.0007920627409652571,0.0
2026-03-20,-0.01385022940134931,0.0
2026-03-23,0.010246476148024316,0.0
2026-03-24,0.0013087764667816248,0.002264925103741619
2026-03-25,0.004483740240154462,0.0
2026-03-26,-0.007148363337347156,0.0
2026-03-27,-0.013104018813626972,0.0
2026-03-30,-0.001136036031592627,0.0
2026-03-31,0.018918695917048957,0.0
2026-04-01,0.0023779226452593782,0.05988642463166221
2026-04-02,0.002552307730230181,0.0
2026-04-06,0.004691220312811593,0.0
2026-04-07,-0.0028466948108497683,0.0
2026-04-08,0.02302698250849329,0.0
2026-04-09,0.00030588786545739685,0.0
2026-04-10,-0.008109282786971761,0.002059897130205547
2026-04-13,0.010896332166108766,0.0
2026-04-14,0.003737043607370625,0.0
2026-04-15,-0.0006504150166624139,0.0
2026-04-16,0.004632370843170447,0.0
2026-04-17,0.012096360099081422,0.0
2026-04-20,0.0019755453611294055,0.0
2026-04-21,-0.005498064993792521,0.0
2026-04-22,-0.0007671895118950114,0.0
2026-04-23,0.00011791852302592908,0.0
2026-04-24,-0.002171108722841057,0.0
2026-04-27,-0.0019961799516505885,0.0
2026-04-28,-0.0036302416473264205,0.0
2026-04-29,-0.001977366797759323,0.0
2026-04-30,0.01375927327796141,0.0
2026-05-01,-0.0039004616253218716,0.09239917967777618
2026-05-04,-0.007194677664448407,0.0
2026-05-05,0.006689485982832699,0.0
2026-05-06,0.007670455137006594,0.0
2026-05-07,-0.005331054560811555,0.0
2026-05-08,0.00028279206469528084,0.002048159681265708
2026-05-11,-0.003452594003581181,0.0
2026-05-12,0.0001661142280260559,0.0
2026-05-13,-0.0049739322232641185,0.0
2026-05-14,0.0035189985432273947,0.0
2026-05-15,-0.009792353348033108,0.0
2026-05-18,0.009068969997102072,0.0
2026-05-19,-0.005262695998838139,0.0
2026-05-20,0.011139860990335424,0.0
2026-05-21,0.0030309834609462947,0.0
2026-05-22,0.009180354550211213,0.0
2026-05-26,0.002947248370260082,0.0
2026-05-27,-0.00015811618098044152,0.0
2026-05-28,0.003656080232120288,0.0
2026-05-29,0.0013817469722658396,0.0
2026-06-01,0.0014017023110817206,0.08813542429206057
2026-06-02,0.001925165340551649,0.0021012135507861903
2026-06-03,-0.003552324170885246,0.004179781511588752
2026-06-04,0.009601059352368147,0.0
2026-06-05,-0.007617032941451299,0.0
2026-06-08,-0.0034647070278989995,0.0
2026-06-09,0.010913354843933914,0.0
2026-06-10,-0.011817801654268274,0.0
2026-06-11,0.012351343705170293,0.0
2026-06-12,0.008158732294525007,0.0
2026-06-15,0.0018462748806315078,0.0
2026-06-16,-0.0003259103849544419,0.0
2026-06-17,-0.01617114539336087,0.0
2026-06-18,0.0030230583504340983,0.0
2026-06-22,0.000344018514549837,0.0
2026-06-23,-0.0010963657810410447,0.0
2026-06-24,0.00795350125350003,0.0
2026-06-25,0.006773103462105509,0.0
2026-06-26,0.005595128079666185,0.0
2026-06-29,0.00103476462686654,0.0
2026-06-30,-0.0021611449195693133,0.0021944078853841486
