date,return,turnover
2005-01-07,9.999999999998899e-05,0.0
2005-01-10,9.999999999998899e-05,0.0
2005-01-11,9.999999999998899e-05,0.0
2005-01-12,9.999999999998899e-05,0.0
2005-01-13,9.999999999998899e-05,0.0
2005-01-14,9.999999999998899e-05,0.0
2005-01-18,9.999999999998899e-05,0.0
2005-01-19,9.999999999998899e-05,0.0
2005-01-20,9.999999999998899e-05,0.0
2005-01-21,9.999999999998899e-05,0.0
2005-01-24,9.999999999998899e-05,0.0
2005-01-25,9.999999999998899e-05,0.0
2005-01-26,9.999999999998899e-05,0.0
2005-01-27,9.999999999998899e-05,0.0
2005-01-28,9.999999999998899e-05,0.0
2005-01-31,9.999999999998899e-05,0.0
2005-02-01,9.999999999998899e-05,1.0
2005-02-02,0.0066248750719741165,0.0
2005-02-03,0.3700225436663528,0.0
2005-02-04,0.012767308706759243,0.0
2005-02-07,0.000829657130390789,0.0
2005-02-08,0.0024275653445673014,0.0
2005-02-09,-0.014209563983530321,0.0
2005-02-10,-0.27129384354349156,0.0
2005-02-11,0.0176804159096929,0.0
2005-02-14,0.3638458589574398,0.0
2005-02-15,-0.25917287017902246,0.0
2005-02-16,-0.007884846634668432,0.0
2005-02-17,0.3488359884282232,0.0
2005-02-18,0.006752376758616288,0.0
2005-02-22,-0.2766700428819496,0.0
2005-02-23,-0.0009764785097286157,0.0
2005-02-24,0.00647461441941927,0.0
2005-02-25,0.4313273312920982,0.0
2005-02-28,-0.007237287939008809,0.0
2005-03-01,-0.2835730552394795,0.42422285036187835
2005-03-02,-0.005422076186210153,0.0
2005-03-03,-0.003316297860276881,0.0
2005-03-04,0.3700713439522751,0.0
2005-03-07,-0.26073122801993676,0.0
2005-03-08,-0.010358571812682828,0.0
2005-03-09,0.35570339322197014,0.0
2005-03-10,-0.0008048558866848566,0.0
2005-03-11,-0.27193036068070814,0.0
2005-03-14,0.005500818108137628,0.0
2005-03-15,0.34951819255259137,0.0
2005-03-16,-0.008025032891037058,0.0
2005-03-17,-0.26918442226916856,0.0
2005-03-18,0.3731235464977679,0.0
2005-03-21,-0.27169563285235565,0.0
2005-03-22,0.3685518155555967,0.0
2005-03-23,-0.2781053424046644,0.0
2005-03-24,0.0004740203574380591,0.0
2005-03-28,-0.001812224574779434,0.0
2005-03-29,-0.007987418996770992,0.0
2005-03-30,0.01584330401891777,0.0
2005-03-31,0.3817917895242513,0.0
2005-04-01,-0.008555763555050055,0.8532502121397655
2005-04-04,-0.006779579471867466,0.0
2005-04-05,0.011732357451334715,0.0
2005-04-06,0.00331306051277262,0.0
2005-04-07,0.009985184332869702,0.0
2005-04-08,-0.007367567411348164,0.0
2005-04-11,-0.012507153620079947,0.0
2005-04-12,0.010690875801430546,0.0
2005-04-13,-0.01604229181508811,0.0
2005-04-14,-0.01659889233113608,0.0
2005-04-15,-0.021700895389729413,0.0
2005-04-18,0.006668189555842365,0.0
2005-04-19,0.009512876991068953,0.0
2005-04-20,-0.010387510245184318,0.0
2005-04-21,0.023509314072910285,0.0
2005-04-22,-0.011931818040639943,0.0
2005-04-25,0.008076861734922686,0.0
2005-04-26,-0.0183127811095758,0.0
2005-04-27,0.006196027726460962,0.0
2005-04-28,-0.020013452289390707,0.0
2005-04-29,0.010458588432498944,0.0
2005-05-02,0.011595910689879307,0.4114634813348851
2005-05-03,0.002482600985686491,0.0
2005-05-04,0.011371166257585063,0.0
2005-05-05,-0.0023203573875404514,0.0
2005-05-06,0.004389175214484264,0.0
2005-05-09,0.004643687128409995,0.0
2005-05-10,-0.010849740263335102,0.0
2005-05-11,0.0023268719230965552,0.0
2005-05-12,-0.008982873568910428,0.0
2005-05-13,0.010715345768102085,0.0
2005-05-16,-0.0002612877956347376,0.0
2005-05-17,0.016295143137293605,0.0
2005-05-18,0.02094437251613958,0.0
2005-05-19,0.00020301674183412913,0.0
2005-05-20,0.008726076533972109,0.0
2005-05-23,0.010455656122569257,0.0
2005-05-24,-0.000956290640637528,0.0
2005-05-25,-0.007918119280535115,0.0
2005-05-26,0.010786131199582938,0.0
2005-05-27,0.003192134143626006,0.0
2005-05-31,-0.007167422756876717,0.0
2005-06-01,0.017260501904085235,0.4504571208300969
2005-06-02,-0.0023404151110516845,0.0
2005-06-03,-0.0009151826744722116,0.0
2005-06-06,-0.007961330254259706,0.0
2005-06-07,-0.0009392558533647373,0.0
2005-06-08,-0.0014335975076387166,0.0
2005-06-09,0.014602735300321745,0.0
2005-06-10,-0.0033822043121762148,0.0
2005-06-13,-0.002178422916103987,0.0
2005-06-14,0.00992813484417354,0.0
2005-06-15,0.007291969192216436,0.0
2005-06-16,-0.0016765698905144046,0.0
2005-06-17,0.0013441921675712907,0.0
2005-06-20,-0.0026638863339799234,0.0
2005-06-21,0.0060543248775861,0.0
2005-06-22,-0.0022965160343136905,0.0
2005-06-23,-0.010417488614275269,0.0
2005-06-24,-0.01436991944384122,0.0
2005-06-27,-0.004214428654400155,0.0
2005-06-28,0.0046639021481685045,0.0
2005-06-29,-0.0005003334255364357,0.0
2005-06-30,-0.0037154024173946957,0.0
2005-07-01,0.009882147656659734,0.37932719893542177
2005-07-05,0.0016437454259602908,0.0
2005-07-06,0.006468910098426435,0.0
2005-07-07,0.0014316635561761586,0.0
2005-07-08,0.008430199134906093,0.0
2005-07-11,0.019958904602171073,0.0
2005-07-12,9.851512039680494e-05,0.0
2005-07-13,-0.008257760865841807,0.0
2005-07-14,0.010770508144389977,0.0
2005-07-15,0.01145021660004928,0.0
2005-07-18,-0.0005714415019813478,0.0
2005-07-19,0.012600909116521931,0.0
2005-07-20,0.011143259258162659,0.0
2005-07-21,-0.00787412159833973,0.0
2005-07-22,0.0036775934723010557,0.0
2005-07-25,-0.013658918532781011,0.0
2005-07-26,0.004170570388488884,0.0
2005-07-27,0.011337732000232333,0.0
2005-07-28,0.003638937488852745,0.0
2005-07-29,-0.012816199208191364,0.0
2005-08-01,-0.0005885366349540622,0.5697123901104322
2005-08-02,0.004500902894662143,0.0
2005-08-03,0.0006993921064058779,0.0
2005-08-04,-0.013827861395351729,0.0
2005-08-05,-0.009706619738251552,0.0
2005-08-08,0.008159625294554173,0.0
2005-08-09,0.0011308526367114588,0.0
2005-08-10,0.0020501495448244475,0.0
2005-08-11,0.002700436319342682,0.0
2005-08-12,0.004963379115678455,0.0
2005-08-15,0.0044123986607754965,0.0
2005-08-16,-0.0225109023334234,0.0
2005-08-17,0.00972944090529842,0.0
2005-08-18,-0.005543625229668218,0.0
2005-08-19,-0.005918932528491072,0.004481713632423103
2005-08-22,0.011294151644483797,0.0
2005-08-23,-0.003744783919988771,0.0
2005-08-24,-0.01674361047830187,0.0
2005-08-25,0.012608519913388683,0.0
2005-08-26,0.0008169680726501865,0.0
2005-08-29,-0.010659064482350364,0.0
2005-08-30,0.005807241311518373,0.0
2005-08-31,0.010551433398388472,0.0
2005-09-01,-0.0006319444343438896,0.37515084790604414
2005-09-02,-0.010482781879442914,0.0
2005-09-06,0.018603038468189996,0.0
2005-09-07,0.0005096090599240131,0.0
2005-09-08,-0.003936597171191726,0.0
2005-09-09,0.008262262477339372,0.0
2005-09-12,0.005475140150638475,0.0
2005-09-13,0.003160877662784195,0.0
2005-09-14,-0.011676386986419499,0.0
2005-09-15,-0.006100994027719919,0.0
2005-09-16,0.01822696539700859,0.0
2005-09-19,-0.01167518739848044,0.0
2005-09-20,-0.012236029287500595,0.0
2005-09-21,-0.01977774841378237,0.0
2005-09-22,0.011906637055949758,0.0
2005-09-23,-0.0039932844781469376,0.0
2005-09-26,-0.0007136437212573519,0.0
2005-09-27,0.008816242553187227,0.0
2005-09-28,-0.00682232414117799,0.0
2005-09-29,0.0186260079241429,0.0
2005-09-30,0.014125454855131893,0.0
2005-10-03,-0.008064940892745787,0.6678734958567867
2005-10-04,-0.010835366958505357,0.0
2005-10-05,0.5715966343911967,0.0
2005-10-06,-0.0110676131885252,0.0
2005-10-07,0.004269923863303031,0.0
2005-10-10,-0.01414232790358771,0.0
2005-10-11,-0.3814796975056566,0.001069978719074397
2005-10-12,-0.014345701701477465,0.0
2005-10-13,0.6238589122686446,0.0
2005-10-14,-0.37850347562466696,0.0
2005-10-17,0.01032943766309581,0.0
2005-10-18,0.6003284489354205,0.0
2005-10-19,0.021754090755194518,0.0
2005-10-20,-0.011952052478536049,0.0
2005-10-21,0.004572244586289759,0.0
2005-10-24,0.011438013579687052,0.0
2005-10-25,-0.0015795085488444168,0.0
2005-10-26,-0.007536151525286544,0.0
2005-10-27,-0.010136246418380674,0.0
2005-10-28,0.02028574382611602,0.0
2005-10-31,0.01555671401150637,0.0
2005-11-01,-0.3949520187355806,0.80545262826895
2005-11-02,0.7861820576893793,0.0
2005-11-03,0.0031970502494907474,0.0
2005-11-04,-0.4294457864164064,0.0
2005-11-07,0.009460887291428608,0.0
2005-11-08,0.7340428605832233,0.0
2005-11-09,-0.4298384847783187,0.0
2005-11-10,0.7806394534349518,0.0
2005-11-11,-0.4315072942367857,0.0
2005-11-14,-0.0016026508040091487,0.0
2005-11-15,0.7540339094078328,0.0
2005-11-16,-0.4371674918818816,0.0
2005-11-17,0.012434566410024238,0.0
2005-11-18,0.7772710886019661,0.0
2005-11-21,-0.0013895087101597823,0.0
2005-11-22,0.002166925776227328,0.0
2005-11-23,0.0006079844682194452,0.0
2005-11-25,-0.42625208150764204,0.0
2005-11-28,-0.008453932975403543,0.0
2005-11-29,0.0005019502170724444,0.004392034025594445
2005-11-30,1.0106942117606732,0.0
2005-12-01,0.02292214620090327,1.1840224517506988
2005-12-02,0.004852178521947918,0.0
2005-12-05,-0.012830568074096075,0.0
2005-12-06,0.011332503874358798,0.0
2005-12-07,-0.011621477312000167,0.0
2005-12-08,-0.0011810040489804068,0.0
2005-12-09,0.0053592731803714655,0.0
2005-12-12,0.009218621725647606,0.0
2005-12-13,0.002507983375329386,0.0
2005-12-14,-0.0043824166409492035,0.0
2005-12-15,-0.005516241664118604,0.0
2005-12-16,0.005311414125629996,0.0
2005-12-19,-0.014520936087345311,0.0
2005-12-20,0.0038009077651339237,0.0
2005-12-21,-0.0027440815575573065,0.0
2005-12-22,0.0035289837710569794,0.0
2005-12-23,0.012245458225982353,0.0
2005-12-27,-0.009953835202287143,0.0
2005-12-28,0.0027070268363715783,0.0
2005-12-29,-0.00793819377932719,0.0
2005-12-30,-0.0033820784847490293,0.016930956910683977
2006-01-03,0.009687226800157323,0.3183004132581742
2006-01-04,0.7265059274420684,0.0049085126998330555
2006-01-05,0.007645025895410722,0.0
2006-01-06,-0.41028048407059153,0.0
2006-01-09,0.00960411510705748,0.0
2006-01-10,0.001279099378817543,0.0
2006-01-11,0.0033645318789696024,0.0
2006-01-12,0.7130984842510866,0.0
2006-01-13,0.003912071667765567,0.0
2006-01-17,-0.0007607294262691885,0.0
2006-01-18,-0.0013739194643501325,0.0
2006-01-19,-0.4200876779033339,0.0
2006-01-20,0.7239485932495955,0.0
2006-01-23,-0.4286977443115491,0.0
2006-01-24,0.7542663475349455,0.0
2006-01-25,-0.0035546716028632764,0.0
2006-01-26,-0.42271075541693104,0.0
2006-01-27,0.7439863665529969,0.0
2006-01-30,0.010464639630016826,0.0
2006-01-31,-0.4276882393115534,0.0
2006-02-01,0.7670493410434092,1.5494436696138014
2006-02-02,-0.021570178122002157,0.0
2006-02-03,-0.00918443597608274,0.0
2006-02-06,0.002388298150811906,0.0
2006-02-07,-0.012005415780444213,0.0
2006-02-08,0.013227800007087032,0.0
2006-02-09,-0.010440987545994,0.0
2006-02-10,0.0007409674705275017,0.0
2006-02-13,-0.0017746072873279796,0.0
2006-02-14,0.015785278286779517,0.0
2006-02-15,-0.0033360748073678055,0.0
2006-02-16,0.01996665559077959,0.0
2006-02-17,-0.0009606000498651591,0.0
2006-02-21,-0.012553545404152433,0.00874342701091145
2006-02-22,0.011948110352385891,0.0
2006-02-23,-0.00416519497052281,0.0
2006-02-24,-0.0022875858699828487,0.0
2006-02-27,0.01522090383281997,0.0
2006-02-28,-0.014834496993879193,0.0
2006-03-01,0.003868118294376721,0.46425735175827215
2006-03-02,0.6782328326888571,0.0
2006-03-03,-0.40866652780295687,0.004841624155255084
2006-03-06,-0.012698674781974329,0.0
2006-03-07,0.6852236535393534,0.0
2006-03-08,-0.4134486508596001,0.0
2006-03-09,-0.0031909425505412307,0.0
2006-03-10,0.7185941963751694,0.0
2006-03-13,-0.4118639527539559,0.0
2006-03-14,0.7332766820905514,0.0
2006-03-15,-0.4089825385895178,0.0
2006-03-16,0.7067884540335799,0.0
2006-03-17,-0.4096110837194506,0.0
2006-03-20,0.6832495053741875,0.0
2006-03-21,-0.002487133384822436,0.0
2006-03-22,-0.40806957642956504,0.0
2006-03-23,0.002153534386874259,0.0
2006-03-24,0.006526197349695275,0.0
2006-03-27,-0.003197388380372965,0.0
2006-03-28,0.711781305988873,0.0
2006-03-29,0.007174502283456377,0.0
2006-03-30,-0.41543666645787913,0.0
2006-03-31,0.7061696876972652,0.0
2006-04-03,0.0005282745806636235,1.069646772030922
2006-04-04,-0.00491914324320437,0.0
2006-04-05,0.008243453252578251,0.0
2006-04-06,0.0124083616019561,0.0
2006-04-07,-0.011817980287686191,0.0
2006-04-10,-0.009089579049611931,0.0
2006-04-11,-0.0037764164344502435,0.0
2006-04-12,0.004107006254315369,0.0
2006-04-13,-0.007719883347759895,0.0
2006-04-17,-0.0019175937208743001,0.0
2006-04-18,0.029864362163536443,0.0
2006-04-19,0.0072117306918705005,0.0
2006-04-20,-0.010304203327960691,0.0
2006-04-21,-0.0011880594448851795,0.0
2006-04-24,0.00524849110190831,0.0
2006-04-25,-0.0047464244616829835,0.0
2006-04-26,0.002964799473534027,0.0
2006-04-27,-0.013709751161742355,0.0
2006-04-28,0.0070453682440721884,0.0
2006-05-01,-0.010818980203940232,0.69355642127059
2006-05-02,0.005832317094823446,0.0
2006-05-03,-0.004320214765971302,0.0
2006-05-04,0.6138025536247503,0.0
2006-05-05,-0.37300553523308455,0.0
2006-05-08,0.0007884546224785646,0.0
2006-05-09,0.6000733265747008,0.0
2006-05-10,-0.00042246430463371306,0.0
2006-05-11,-0.016393861506336038,0.005357939266485488
2006-05-12,-0.37876425875699204,0.0
2006-05-15,0.5884972064110227,0.0
2006-05-16,-0.37437138005084464,0.0
2006-05-17,0.56773843531793,0.0
2006-05-18,-0.3692048611645323,0.0
2006-05-19,0.5851037827595668,0.0
2006-05-22,-0.011585340586100315,0.0
2006-05-23,0.0049211672815384425,0.0
2006-05-24,-0.36818055729885074,0.0
2006-05-25,0.6091578432304166,0.0
2006-05-26,0.005171739778788906,0.0
2006-05-30,-0.015433005342279957,0.0
2006-05-31,-0.36367937069186795,0.0
2006-06-01,0.012531215380615413,0.8314366880219839
2006-06-02,0.0008739221007509704,0.0
2006-06-05,-0.023803536734645685,0.0
2006-06-06,0.827951181024411,0.0
2006-06-07,-0.463804603197658,0.0
2006-06-08,-0.002695261668973324,0.0
2006-06-09,0.8285799776418736,0.0
2006-06-12,-0.019027897378423107,0.0
2006-06-13,-0.012329788074155894,0.0
2006-06-14,0.01732184121471285,0.0
2006-06-15,0.02866566103466052,0.0
2006-06-16,-0.006619803301390885,0.0
2006-06-19,-0.46811949645285506,0.0
2006-06-20,0.8491720065052039,0.0
2006-06-21,-0.45103096209635685,0.0
2006-06-22,0.8545756820123146,0.0
2006-06-23,0.009415367824899452,0.0
2006-06-26,0.009927744578042496,0.0
2006-06-27,-0.015499725827057354,0.0
2006-06-28,0.008470406356231957,0.0
2006-06-29,-0.4566050413075445,0.0
2006-06-30,0.913426823926714,0.0
2006-07-03,0.0063855823422585,1.1173889225845015
2006-07-05,-0.02086063429959152,0.0
2006-07-06,0.006527754500818831,0.0
2006-07-07,-0.022271399696755418,0.0
2006-07-10,-0.004880323902398865,0.0
2006-07-11,0.013312369321360398,0.0
2006-07-12,-0.022425811930019024,0.008935406861318032
2006-07-13,-0.006794822912491047,0.0
2006-07-14,-0.007695092372334777,0.0
2006-07-17,-0.008222397898248687,0.0
2006-07-18,-0.0029167587500612963,0.0
2006-07-19,0.01874636041367252,0.0
2006-07-20,-0.020044050248476945,0.0
2006-07-21,-0.016908213290187355,0.0
2006-07-24,0.019575513360312796,0.0
2006-07-25,0.013276315097011156,0.0
2006-07-26,0.0043431840501033095,0.0
2006-07-27,-0.008740676392677206,0.0
2006-07-28,0.016132720404612468,0.0
2006-07-31,0.0033488198633369972,0.0
2006-08-01,-0.011547950031907894,0.5365586151498779
2006-08-02,0.014617217957313753,0.0
2006-08-03,0.009495615362900446,0.0
2006-08-04,-0.009551368702922997,0.0
2006-08-07,0.007290372749611518,0.0
2006-08-08,-0.00562534953085033,0.0
2006-08-09,-0.00857679907050097,0.0
2006-08-10,-0.002649705665019338,0.0
2006-08-11,-0.0013699933536786848,0.0
2006-08-14,0.0055172188802175655,0.0
2006-08-15,0.022298638416635947,0.0
2006-08-16,0.017971046848443167,0.0
2006-08-17,0.014396378390327303,0.0
2006-08-18,0.001726335630083767,0.0
2006-08-21,-0.018872852372507156,0.0
2006-08-22,0.001988336666402057,0.0
2006-08-23,-0.007301197793880052,0.0
2006-08-24,0.007533736957852551,0.0
2006-08-25,0.0034034603665416704,0.0
2006-08-28,0.004603346862072382,0.0
2006-08-29,0.004147019648650037,0.0
2006-08-30,0.0027439815311631507,0.0
2006-08-31,-0.0047145607962753525,0.0
2006-09-01,0.013938068750675159,0.44739489424385775
2006-09-05,0.004893650980891973,0.0
2006-09-06,-0.025897251558312746,0.0
2006-09-07,-0.00029223316635742033,0.0
2006-09-08,0.004085291671910863,0.0
2006-09-11,-0.0023750854364032545,0.0
2006-09-12,0.0222322926957997,0.0
2006-09-13,0.009251824488017433,0.0
2006-09-14,-0.0027536477516709092,0.0
2006-09-15,0.003688950937009659,0.0
2006-09-18,0.004552573565543624,0.0
2006-09-19,-0.007794464804506591,0.0
2006-09-20,0.0055711770342809,0.0
2006-09-21,-0.007600874086378663,0.0
2006-09-22,-0.006555018110276787,0.0
2006-09-25,0.011057748255806445,0.0
2006-09-26,0.007713250666600186,0.0
2006-09-27,0.0023468033639678395,0.0
2006-09-28,0.0049366196457868725,0.0
2006-09-29,-0.0037272457308755724,0.01905994864861304
2006-10-02,-0.003389956276110495,0.43286491373280234
2006-10-03,-0.0061551805274145145,0.0
2006-10-04,0.014831336215495204,0.0
2006-10-05,0.01156056689303515,0.0
2006-10-06,-0.005661642500768115,0.0
2006-10-09,0.0026110925021924913,0.0
2006-10-10,0.003268032763947299,0.0
2006-10-11,-0.0004947272430161388,0.0
2006-10-12,0.013635399439896913,0.0
2006-10-13,0.006366995384806882,0.0
2006-10-16,0.009386743835829065,0.0
2006-10-17,-0.010668809962146152,0.0
2006-10-18,-0.006330111323856464,0.0
2006-10-19,0.0014194571987091993,0.0
2006-10-20,-0.0059329003704056355,0.0
2006-10-23,0.005490969725479724,0.0
2006-10-24,0.005902355043591632,0.0
2006-10-25,0.005560699680976297,0.0
2006-10-26,0.006984350555919051,0.0
2006-10-27,-0.010486198037969793,0.0
2006-10-30,0.0003265985130239126,0.0
2006-10-31,-3.203191682595763e-05,0.0
2006-11-01,-0.012683981934709099,0.5178800287291865
2006-11-02,0.002510241479182226,0.0
2006-11-03,-0.000684105116561747,0.0
2006-11-06,0.014705735807322446,0.0
2006-11-07,0.0022973624664439224,0.0
2006-11-08,0.0011714774043227738,0.01691205029253994
2006-11-09,-0.00721915014974457,0.0
2006-11-10,0.003391116634893472,0.0
2006-11-13,0.00393139815781997,0.0
2006-11-14,0.01282766460710194,0.0
2006-11-15,0.005943598741558865,0.0
2006-11-16,-0.0010618526819682593,0.0
2006-11-17,-0.0012235894654676314,0.0
2006-11-20,-0.0016538736996283422,0.0
2006-11-21,0.007005729481877687,0.0
2006-11-22,0.006659066024301793,0.0
2006-11-24,-0.0027674058037767315,0.0
2006-11-27,-0.017514873300377955,0.0
2006-11-28,0.0008876164674862562,0.0
2006-11-29,0.013109863797136311,0.0
2006-11-30,0.006322414274446491,0.0
2006-12-01,-0.006136336380969443,0.5127598658628245
2006-12-04,0.015844229737919786,0.0
2006-12-05,0.003955921035189849,0.0
2006-12-06,0.0018802395013812311,0.0
2006-12-07,-0.005659090118095634,0.0
2006-12-08,0.0008103192187538148,0.0
2006-12-11,-0.001507647038212022,0.0
2006-12-12,-0.005916604960565545,0.0
2006-12-13,-0.0010943600619226085,0.0
2006-12-14,0.01023092346211838,0.0
2006-12-15,-0.001026866965880887,0.0
2006-12-18,-0.01450860736092449,0.0
2006-12-19,0.01572795289218124,0.0
2006-12-20,-0.0011205970051905215,0.0
2006-12-21,-0.004454378881087571,0.0
2006-12-22,-0.004861394779861762,0.0
2006-12-26,0.0018281567257402145,0.0
2006-12-27,5.110822512975005e-05,0.0
2006-12-28,0.007505383201501345,0.0
2006-12-29,-0.0033804192473625523,0.0
2007-01-03,-0.004071060428428863,0.7969606705044412
2007-01-04,0.004442138600104745,0.0
2007-01-05,-0.006096014753719253,0.0
2007-01-08,-0.006881553042843196,0.0
2007-01-09,0.008206470798190308,0.0
2007-01-10,0.0046346773682735725,0.0
2007-01-11,0.0075404564271922166,0.0
2007-01-12,0.007570107830075515,0.0
2007-01-16,-0.0006025799965551341,0.0
2007-01-17,-0.009415967912524144,0.0
2007-01-18,0.0011843866092316,0.0
2007-01-19,0.008267425043817899,0.0
2007-01-22,-0.00471163820742304,0.0
2007-01-23,0.009671499167271957,0.0
2007-01-24,0.008927009365860555,0.0
2007-01-25,0.014935669585662614,0.007836036373614073
2007-01-26,-0.031988933670085005,0.0
2007-01-29,0.027049104947061513,0.0
2007-01-30,-0.022662857114879916,0.0
2007-01-31,0.010219835288940276,0.0
2007-02-01,0.0067735956659700225,1.696057430931507
2007-02-02,0.2470717409649604,0.0
2007-02-05,-0.020045687255381025,0.0
2007-02-06,-0.0164897990922523,0.0
2007-02-07,-0.013953762792624395,0.0
2007-02-08,-0.01462211992293546,0.0
2007-02-09,-0.01897671857243957,0.0
2007-02-12,-0.015991754521608503,0.007625573495490178
2007-02-13,-0.004904352579640599,0.0
2007-02-14,-0.003077797803153069,0.0
2007-02-15,-0.005422213312470059,0.007739093511652522
2007-02-16,0.0019038914965937696,0.0
2007-02-20,0.010834787885822816,0.008110301584482801
2007-02-21,-0.004847968330652665,0.0
2007-02-22,-0.00674661007028855,0.0
2007-02-23,-0.013495613458226948,0.0
2007-02-26,-0.0034355738040619138,0.0
2007-02-27,-0.02274411729656777,0.0
2007-02-28,-0.002322856744216347,0.0
2007-03-01,-0.005599000393789688,0.8918430550044407
2007-03-02,-0.014137574057307152,0.0
2007-03-05,-0.013920662907505037,0.0
2007-03-06,0.018382592169421584,0.0
2007-03-07,-0.0021205969831083007,0.0
2007-03-08,0.010231664942329168,0.0
2007-03-09,0.00471911027767312,0.0
2007-03-12,0.004640423288102621,0.0
2007-03-13,-0.02288665441963044,0.0
2007-03-14,0.005369132169535804,0.0
2007-03-15,0.007128695088022186,0.0
2007-03-16,-0.007750427463407855,0.0
2007-03-19,0.010156570650406933,0.0
2007-03-20,0.007997815746242663,0.0
2007-03-21,0.01616952766598541,0.0
2007-03-22,-0.0010507944816767498,0.0
2007-03-23,0.0008103587269811304,0.0
2007-03-26,-0.002299113730644709,0.0
2007-03-27,-0.0062353272537258924,0.0
2007-03-28,-0.007111569794625613,0.0
2007-03-29,0.003950249867005267,0.0
2007-03-30,0.001141392763580227,0.0
2007-04-02,0.0026834152783168363,0.9401824302188999
2007-04-03,0.009175115506088691,0.0
2007-04-04,-0.0020441778029202324,0.0
2007-04-05,0.004690209500431262,0.0
2007-04-09,-0.004781602340937234,0.0
2007-04-10,0.005878002786178798,0.0
2007-04-11,-0.007398304418700886,0.0
2007-04-12,0.0040623557550039,0.0
2007-04-13,0.0022712327659096055,0.0
2007-04-16,0.010756655755656278,0.0
2007-04-17,0.0034921492562275144,0.0
2007-04-18,0.0023455483278332807,0.0
2007-04-19,-0.0019521487605983347,0.0
2007-04-20,0.010378201519112847,0.0
2007-04-23,0.002836709632795698,0.0
2007-04-24,-0.00195778134979095,0.0
2007-04-25,0.005031179037175896,0.0
2007-04-26,0.0006832952501525524,0.0
2007-04-27,-0.0004157753962973434,0.0
2007-04-30,-0.00960034219641372,0.0
2007-05-01,-0.005830144583695018,1.2024575142663179
2007-05-02,0.031686611626106136,0.0
2007-05-03,0.0013987309708160902,0.0
2007-05-04,-0.0001456796969599526,0.0
2007-05-07,-0.0004159125977234101,0.0
2007-05-08,-0.0015852737786056113,0.0
2007-05-09,0.007730803445539516,0.0
2007-05-10,-0.01181668799838724,0.0
2007-05-11,0.00670875013660077,0.0
2007-05-14,-0.0022478718646148227,0.0
2007-05-15,-0.005277167017141455,0.0
2007-05-16,0.005537717625764468,0.0
2007-05-17,-0.009090346879852225,0.0
2007-05-18,0.012836449590722379,0.0
2007-05-21,0.0011889363838400897,0.0
2007-05-22,0.0015392126373159293,0.0
2007-05-23,-0.008267864107298802,0.0
2007-05-24,-0.003163528972311345,0.0
2007-05-25,0.005467168353116805,0.0
2007-05-29,0.0037804154883839896,0.0
2007-05-30,0.007557272545868176,0.0
2007-05-31,0.0037076667828848243,0.0
2007-06-01,-0.0013785009063612685,1.3953197327339506
2007-06-04,0.05103652341697733,0.0
2007-06-05,-0.0058748943452260755,0.0
2007-06-06,-0.008353254125009892,0.0
2007-06-07,-0.02032578974235321,0.0
2007-06-08,0.010604421467353048,0.0
2007-06-11,-0.049831222624887206,0.0
2007-06-12,0.04002228452203532,0.0
2007-06-13,0.011701890999846837,0.0
2007-06-14,0.00356696789921653,0.0
2007-06-15,0.007323993176793261,0.0
2007-06-18,-0.00171960597741134,0.0
2007-06-19,0.0012554062175772868,0.0
2007-06-20,-0.06967345897463482,0.0
2007-06-21,0.06518587474259031,0.0
2007-06-22,-0.009842861385881321,0.0
2007-06-25,-0.003520168411410483,0.0
2007-06-26,-0.006643035809162909,0.0
2007-06-27,0.011638016980628968,0.0
2007-06-28,0.0009444415803079116,0.0
2007-06-29,-0.0025119110969608143,0.0
2007-07-02,0.011818149081817886,0.7447323052036315
2007-07-03,0.002675380904893237,0.0
2007-07-05,0.0012477886812579996,0.0
2007-07-06,0.005544101542446108,0.0
2007-07-09,-0.001769681180071254,0.0
2007-07-10,-0.018100758955303147,0.0
2007-07-11,0.004463895519605647,0.0
2007-07-12,0.01724381258145436,0.0
2007-07-13,0.006359823411224852,0.0
2007-07-16,-0.005620684004185015,0.0
2007-07-17,-0.00033030184817810134,0.0
2007-07-18,-0.001430490672126077,0.0
2007-07-19,0.007392027182410577,0.0
2007-07-20,-0.016414885679745285,0.0
2007-07-23,-0.008387786463948957,0.0
2007-07-24,-0.013827738083464831,0.0
2007-07-25,0.0004124811080530172,0.0
2007-07-26,-0.02593032107268981,0.0
2007-07-27,-0.017626806593487903,0.0
2007-07-30,0.012534971108967162,0.0
2007-07-31,-0.011233846034777648,0.0
2007-08-01,0.005605872907251452,0.8733350550349623
2007-08-02,-0.0003533601911823916,0.0
2007-08-03,-0.024767091998469756,0.0
2007-08-06,0.01664563462282414,0.0
2007-08-07,0.0034122792268242944,0.0
2007-08-08,0.01329246503430886,0.0
2007-08-09,-0.029058836663773062,0.0
2007-08-10,-0.00807276416377135,0.0
2007-08-13,0.005294173273253931,0.0
2007-08-14,-0.017006430047394806,0.0
2007-08-15,-0.018170020275629452,0.0
2007-08-16,-0.0023320121666630432,0.0
2007-08-17,0.028285790527650154,0.0
2007-08-20,0.002120848661528655,0.0
2007-08-21,0.006021014575778071,0.0
2007-08-22,0.016986355065008715,0.0
2007-08-23,-0.0046510253330911844,0.0
2007-08-24,0.01439345952129854,0.0
2007-08-27,-0.011719019354614349,0.0
2007-08-28,-0.027396402481874055,0.0
2007-08-29,0.025078240003986105,0.0
2007-08-30,-0.006032651585968595,0.0
2007-08-31,0.01686881028036557,0.0
2007-09-04,0.006740217194904918,0.8671159537091537
2007-09-05,-0.013108719846923588,0.0
2007-09-06,0.005058483743502848,0.0
2007-09-07,-0.019159040250520606,0.0
2007-09-10,-0.004478849006576795,0.0
2007-09-11,0.013399842890675858,0.0
2007-09-12,-0.0008565574868158927,0.0
2007-09-13,0.008034587567403315,0.0
2007-09-14,0.0010415423371028958,0.0
2007-09-17,-0.006475406517620384,0.0
2007-09-18,0.0332427942786636,0.0
2007-09-19,0.00828734718370865,0.0
2007-09-20,-0.006248586877227388,0.0
2007-09-21,0.00506114789233463,0.0
2007-09-24,-0.0067978252761794564,0.0
2007-09-25,-0.002325275504808057,0.0
2007-09-26,0.006316544956043511,0.0
2007-09-27,0.0057399411598297485,0.0
2007-09-28,-0.0043056679171284955,0.0
2007-10-01,0.01698115945500711,0.7701503168600798
2007-10-02,0.004407923326745777,0.008509499326428655
2007-10-03,-0.003186336185340102,0.0
2007-10-04,-0.0024908778667660477,0.0
2007-10-05,0.01745395749996145,0.0
2007-10-08,-0.005304981264107365,0.0
2007-10-09,0.009367504081646778,0.0
2007-10-10,-0.010283436336856586,0.0
2007-10-11,-0.0011004139384912506,0.0
2007-10-12,0.004248308787454382,0.0
2007-10-15,-0.008898817713005784,0.0
2007-10-16,-0.005707084784111439,0.0
2007-10-17,0.0014646551015937133,0.0
2007-10-18,-0.0027688146959796416,0.0
2007-10-19,-0.026157702772608024,0.0
2007-10-22,0.006917898915301109,0.0
2007-10-23,0.006132152820099365,0.0
2007-10-24,-0.0037102697798681345,0.0
2007-10-25,0.011598389606114562,0.0
2007-10-26,0.007657834199639433,0.0
2007-10-29,0.0033461633614926267,0.00860424063452565
2007-10-30,-0.0063850404633129625,0.0
2007-10-31,0.008549390742340297,0.0
2007-11-01,-0.02422291269029786,0.9473362246323132
2007-11-02,0.0030681782225892313,0.0
2007-11-05,-0.0072503530254926654,0.0
2007-11-06,0.014564928314970775,0.0
2007-11-07,-0.030795951137796637,0.0
2007-11-08,-0.0025264001509608842,0.0
2007-11-09,-0.010814017726017979,0.0
2007-11-12,-0.015481570596993465,0.0
2007-11-13,0.02953023713545428,0.0
2007-11-14,-0.005265133558526747,0.0
2007-11-15,-0.017293644866052754,0.0
2007-11-16,0.0020113118876551282,0.0
2007-11-19,-0.020639650668132954,0.0
2007-11-20,0.0046837512898749885,0.0
2007-11-21,-0.011383034186774579,0.0
2007-11-23,0.02151412826622997,0.0
2007-11-26,-0.03055019961702344,0.0
2007-11-27,0.02401255028950925,0.0
2007-11-28,0.0303414938018617,0.0
2007-11-29,-0.00831933951972693,0.0
2007-11-30,0.016874671734874946,0.0
2007-12-03,0.00029759884147217974,1.0427936025352995
2007-12-04,-0.007958488719792284,0.0
2007-12-05,0.0105125117670972,0.0
2007-12-06,0.030882302581064853,0.0
2007-12-07,-0.0017496346120908241,0.0
2007-12-10,0.015668784731605184,0.0
2007-12-11,-0.0302331195980087,0.0
2007-12-12,0.004255693061879197,0.0
2007-12-13,0.002194968663138619,0.008364506181535305
2007-12-14,-0.014875745040177022,0.0
2007-12-17,-0.01928268645680993,0.0
2007-12-18,0.004508692521784019,0.0
2007-12-19,-0.006841025626407452,0.0
2007-12-20,0.013671560333290804,0.0
2007-12-21,0.017544987981308355,0.0
2007-12-24,0.010204326447902973,0.0
2007-12-26,-0.0020032165149149973,0.0
2007-12-27,-0.01216705565759311,0.0
2007-12-28,0.001040965125768567,0.02000278172944601
2007-12-31,-0.00516177186144937,0.0
2008-01-02,-0.010644042693747968,0.9035181971543775
2008-01-03,-0.012134533128762958,0.0
2008-01-04,-0.014973010972218075,0.0
2008-01-07,-0.0006314890323090498,0.0
2008-01-08,-0.016349204308604467,0.0
2008-01-09,0.011781958485800296,0.0
2008-01-10,0.006969650647187569,0.0
2008-01-11,-0.02447502718964441,0.0
2008-01-14,0.019709543079678957,0.0
2008-01-15,-0.02477025244991004,0.0
2008-01-16,-0.01064233706328608,0.0
2008-01-17,-0.030201268555129824,0.0
2008-01-18,-0.0006509491196335566,0.0
2008-01-22,-0.020210164218597004,0.0
2008-01-23,0.020700083138290026,0.0
2008-01-24,0.006757802628294555,0.0
2008-01-25,-0.002401810929991859,0.0
2008-01-28,0.012573334138719354,0.0
2008-01-29,-0.0016505589416838493,0.0
2008-01-30,0.0007269196831712634,0.0
2008-01-31,0.011987229453589543,0.0
2008-02-01,0.027157020687919697,1.4567541834426825
2008-02-04,-0.01954996446098734,0.0
2008-02-05,-0.03842162743871286,0.0
2008-02-06,-0.013997042374868582,0.0
2008-02-07,0.01310567648518102,0.0
2008-02-08,-0.0046703971423289695,0.0
2008-02-11,0.012314711665925767,0.0
2008-02-12,0.0019551034897318086,0.0
2008-02-13,0.018735368701497578,0.0
2008-02-14,-0.01850192924344813,0.0
2008-02-15,-0.001674102547939351,0.0
2008-02-19,0.00020885922730669385,0.0
2008-02-20,0.015941279084332405,0.0
2008-02-21,-0.015745113221474722,0.0
2008-02-22,0.010606906726229916,0.0
2008-02-25,0.017838506267975174,0.0
2008-02-26,0.011768943423966022,0.0
2008-02-27,0.0009606870590142879,0.0
2008-02-28,-0.01894177091613824,0.0
2008-02-29,-0.034297378666713126,0.0
2008-03-03,-0.004929744234197675,0.8855620975615401
2008-03-04,-0.0020787219290675086,0.0
2008-03-05,0.001313063656986372,0.0
2008-03-06,-0.03694509151863713,0.0
2008-03-07,-0.004169083559703163,0.0
2008-03-10,-0.022629380999386887,0.0
2008-03-11,0.048924936962837555,0.0
2008-03-12,-0.014146545203843437,0.0
2008-03-13,0.010805233972065979,0.0
2008-03-14,-0.02638069571950066,0.0
2008-03-17,-0.022211457549751484,0.0
2008-03-18,0.05670720964293302,0.0
2008-03-19,-0.01726054988480208,0.008512188070963355
2008-03-20,0.04097051714631997,0.0
2008-03-24,0.02018702635219076,0.0
2008-03-25,0.009366472265591771,0.0
2008-03-26,-0.02656237640730064,0.0
2008-03-27,-0.018146501674754307,0.0
2008-03-28,-0.022860496640581703,0.0
2008-03-31,0.012075267364627575,0.0
2008-04-01,0.05500231366224728,0.7572263691885198
2008-04-02,0.1014945390567068,0.0
2008-04-03,0.003172845497169335,0.0
2008-04-04,0.0013340296152647133,0.0
2008-04-07,-0.0007208833302813996,0.0
2008-04-08,-0.09350747754032412,0.0
2008-04-09,0.07858088453419625,0.0
2008-04-10,-0.08677222839888891,0.0
2008-04-11,0.07763144807570412,0.0
2008-04-14,-0.10227460237203821,0.0
2008-04-15,0.1057708984272416,0.0
2008-04-16,-0.07323027513873477,0.0
2008-04-17,0.11247414603374073,0.0
2008-04-18,0.021235464036837706,0.0
2008-04-21,-0.0003115290888949208,0.0
2008-04-22,-0.10720446996894753,0.0
2008-04-23,0.08975954623009703,0.0
2008-04-24,0.01572021700678213,0.0
2008-04-25,0.01672535632752016,0.0
2008-04-28,0.00047420265593248136,0.0
2008-04-29,-0.07889322254459787,0.0
2008-04-30,0.08040109803435325,0.0
2008-05-01,-0.06882468027019129,0.7233016795565038
2008-05-02,0.037121772335954206,0.0
2008-05-05,0.0981008861990936,0.0
2008-05-06,0.004302236491237646,0.0
2008-05-07,-0.10920900054389107,0.0
2008-05-08,-0.001677242426555374,0.0
2008-05-09,-0.005243873865383439,0.0
2008-05-12,0.01869788675166989,0.0
2008-05-13,-0.00032326778722561317,0.0
2008-05-14,0.009888785739590674,0.0
2008-05-15,0.018068374909479247,0.0
2008-05-16,-0.003705128063586694,0.0
2008-05-19,-0.00469623466821076,0.0
2008-05-20,-0.014311256049388488,0.0
2008-05-21,-0.020538841258335997,0.0
2008-05-22,0.0007536584951354059,0.0
2008-05-23,-0.016923252512866808,0.0
2008-05-27,0.010244771790374037,0.0
2008-05-28,0.005954606654771443,0.0
2008-05-29,0.008201039716228542,0.0
2008-05-30,0.001995872898401633,0.0
2008-06-02,-0.02401396493051655,0.658353328595548
2008-06-03,0.008798505252551887,0.0
2008-06-04,0.0003801439788005883,0.0
2008-06-05,0.01518752090753347,0.0
2008-06-06,-0.041505506565428105,0.0
2008-06-09,-0.01520404372639016,0.0
2008-06-10,0.0006037904185892925,0.0
2008-06-11,-0.032177505901753604,0.0
2008-06-12,0.010968418834176413,0.0
2008-06-13,0.019946114465838514,0.0
2008-06-16,0.007449396959904953,0.0
2008-06-17,-0.01857379696052501,0.0
2008-06-18,-0.01800842970168514,0.0
2008-06-19,0.005310221906321244,0.007951079934940894
2008-06-20,-0.022505312823262152,0.0
2008-06-23,-0.023927948350165717,0.0
2008-06-24,0.003828225049081815,0.0
2008-06-25,0.011617508437634266,0.0
2008-06-26,-0.03734586844409764,0.0
2008-06-27,-0.007399991728069405,0.0
2008-06-30,-0.016811655167011337,0.0
2008-07-01,0.0035624430912999383,0.5869533072873128
2008-07-02,-0.02321381796017537,0.0
2008-07-03,-0.007793093236457594,0.0
2008-07-07,-0.01660152690306779,0.0
2008-07-08,0.04169697241760768,0.0
2008-07-09,-0.04274302043902945,0.0
2008-07-10,-0.017541080805475066,0.0
2008-07-11,-0.02331249848487261,0.0
2008-07-14,-0.030475731224919516,0.0
2008-07-15,-0.008480458354273733,0.0
2008-07-16,0.07139607729047504,0.0
2008-07-17,0.051720518696427076,0.0
2008-07-18,0.0006061308125789284,0.0
2008-07-21,-0.007629202062191017,0.0
2008-07-22,0.041609969434086944,0.0
2008-07-23,0.02326421409785681,0.0
2008-07-24,-0.057916459415762345,0.0
2008-07-25,-0.0006522735374000507,0.0
2008-07-28,-0.03350613830329876,0.0
2008-07-29,0.1313473050947393,0.0
2008-07-30,0.00627359464402779,0.0
2008-07-31,-0.0051556271703316215,0.0
2008-08-01,0.0033475752355671684,0.7492177045823366
2008-08-04,-0.013754470184199966,0.0
2008-08-05,0.04257968241801389,0.0
2008-08-06,0.0037399381407268247,0.0
2008-08-07,-0.027466902523141642,0.0
2008-08-08,0.030057945659083835,0.0
2008-08-11,0.02024757377992783,0.0
2008-08-12,-0.02888125983516595,0.0
2008-08-13,-0.009205577614550459,0.0
2008-08-14,0.024129086816160387,0.0
2008-08-15,0.0009470644122664138,0.0
2008-08-18,0.010417609136282393,0.0
2008-08-19,-0.023047857934372362,0.008429193563925536
2008-08-20,0.0020012742759835216,0.0
2008-08-21,-0.005712938875259912,0.0
2008-08-22,0.015184553834588083,0.0
2008-08-25,-0.02180955807032665,0.0
2008-08-26,0.004067460606772322,0.008214235782420202
2008-08-27,0.018632276386141743,0.0
2008-08-28,0.03106362092210706,0.0
2008-08-29,-0.0043084892641443205,0.0
2008-09-02,0.005743067917110878,0.4501307313949147
2008-09-03,0.007899804270740881,0.0
2008-09-04,-0.04138501801477641,0.0
2008-09-05,0.017074176383687342,0.0
2008-09-08,0.014943073118087416,0.0
2008-09-09,-0.050788356729440376,0.002380053965382767
2008-09-10,0.0037095188718008765,0.0
2008-09-11,0.01558906762724284,0.0
2008-09-12,0.002888349501790612,0.0
2008-09-15,-0.06839432879289488,0.0
2008-09-16,0.02342035073825767,0.0
2008-09-17,-0.060947137700428804,0.0
2008-09-18,0.07790831906331112,0.0
2008-09-19,0.0725172477474655,0.0
2008-09-22,-0.06810333254865784,0.0
2008-09-23,-0.023500948508398442,0.0
2008-09-24,-0.008111116346970726,0.0
2008-09-25,0.019784876044515173,0.0
2008-09-26,0.003431857559255605,0.0
2008-09-29,-0.12532865604171917,0.0003918350642577029
2008-09-30,0.07147638315897208,0.0
2008-10-01,0.00987194405114522,0.665929645737426
2008-10-02,-0.0723738341056634,0.0
2008-10-03,-0.021173464732803675,0.0
2008-10-06,-0.04140783847174658,0.0
2008-10-07,-0.08595323932388851,0.0
2008-10-08,-0.019177073232386183,0.0
2008-10-09,-0.10695164750716654,0.0
2008-10-10,0.013585550046402503,0.0
2008-10-13,0.13146073753275334,0.0
2008-10-14,0.022801413126863273,0.0
2008-10-15,-0.11251524623158307,0.0
2008-10-16,0.025452069801694448,0.0
2008-10-17,0.004188492364747942,0.005982969114873607
2008-10-20,0.04727069390872313,0.0
2008-10-21,-0.0365806458040174,0.0
2008-10-22,-0.07272856900699307,0.0
2008-10-23,-0.03130186092798933,0.0
2008-10-24,-0.036771882822642835,0.0
2008-10-27,-0.03827727212913648,0.0
2008-10-28,0.11270097551234359,0.0
2008-10-29,0.009394546385552482,0.002989195883445106
2008-10-30,0.03762791174830662,0.0
2008-10-31,0.026994201903098362,0.0
2008-11-03,0.0005204974836903187,0.7721984458906587
2008-11-04,0.06928508789739532,0.0
2008-11-05,-0.076622537138092,0.0
2008-11-06,-0.07129538684637038,0.009267555011781874
2008-11-07,0.033068567964309126,0.0
2008-11-10,-0.040248830298804904,0.0
2008-11-11,-0.04407882780766634,0.0
2008-11-12,-0.08731211275115539,0.0
2008-11-13,0.09465621057642641,0.0
2008-11-14,-0.05783371581500574,0.01018663865128223
2008-11-17,-0.05116558787887748,0.0
2008-11-18,-0.007735553251807273,0.0
2008-11-19,-0.10551030877558529,0.0
2008-11-20,-0.10257085771009927,0.0
2008-11-21,0.07765156941669836,0.0
2008-11-24,0.13376205704618613,0.0
2008-11-25,0.02864588458632274,0.0
2008-11-26,0.06545802541093132,0.0
2008-11-28,0.016419063832226674,0.0
2008-12-01,-0.13246391840838312,0.41930036105342017
2008-12-02,0.0630040639873739,0.0
2008-12-03,0.03560777272833639,0.0
2008-12-04,-0.03382458686607094,0.0
2008-12-05,0.07937530004302357,0.0
2008-12-08,0.06889895335898447,0.0
2008-12-09,-0.026257023629747037,0.0
2008-12-10,0.030992911978268284,0.0
2008-12-11,-0.05630055241777751,0.0
2008-12-12,0.01911076538514479,0.0
2008-12-15,-0.03063122269086524,0.0
2008-12-16,0.08843687036983218,0.0
2008-12-17,0.03107904293874692,0.0
2008-12-18,-0.037589597891117585,0.0
2008-12-19,0.018956686793655704,0.0
2008-12-22,-0.04819025395934804,0.0
2008-12-23,0.054720893390872646,0.0
2008-12-24,-0.07380178703204927,0.0
2008-12-26,0.014390972335203193,0.0
2008-12-29,-0.00834810257498523,0.0
2008-12-30,0.040962805508281575,0.007461893340249841
2008-12-31,0.09357888974994119,0.0
2009-01-02,-0.012736793249393918,0.4637535310104923
2009-01-05,0.014514239939905874,0.0
2009-01-06,0.046035889290052284,0.0
2009-01-07,-0.05141514664834966,0.0
2009-01-08,0.0201532803150784,0.0
2009-01-09,-0.034856165056874576,0.0
2009-01-12,-0.05915413170430383,0.0
2009-01-13,0.008454820710162857,0.0
2009-01-14,-0.06035045290992752,0.0
2009-01-15,-0.004385783432712313,0.0
2009-01-16,0.014522846419248768,0.0
2009-01-20,-0.07734514733225545,0.0
2009-01-21,0.07525548937522832,0.0
2009-01-22,-0.020731500309232265,0.0
2009-01-23,0.008860069785643812,0.0
2009-01-26,0.00016056131184956303,0.0
2009-01-27,0.017098250835532132,0.0
2009-01-28,0.08234740238467161,0.0
2009-01-29,-0.059113336814456297,0.007177143171192353
2009-01-30,-0.058838526250615225,0.0
2009-02-02,-0.003094960281169623,0.8434798310793694
2009-02-03,0.004911114805396151,0.0
2009-02-04,-0.011137299109396153,0.0
2009-02-05,0.023382055453097555,0.0
2009-02-06,0.06162165393490305,0.0
2009-02-09,0.0062255116301533015,0.0
2009-02-10,-0.0937919193837092,0.0
2009-02-11,0.027547024911715748,0.0
2009-02-12,-0.004998025982308165,0.0
2009-02-13,-0.023191549372676916,0.0
2009-02-17,-0.07776810517379663,0.0
2009-02-18,-0.01314108824196951,0.0
2009-02-19,-0.05220261544989647,0.0
2009-02-20,-0.004648990639762685,0.0
2009-02-23,-0.04744921567359249,0.0
2009-02-24,0.08895524603069194,0.0
2009-02-25,-0.02162532812856282,0.0
2009-02-26,0.006401777356581389,0.0
2009-02-27,-0.041517174908733585,0.0
2009-03-02,-0.07737921226399425,0.6866327610872471
2009-03-03,-0.024083606278653136,0.01736742271306938
2009-03-04,0.03841665375861733,0.0
2009-03-05,-0.08209911612955985,0.0
2009-03-06,-0.010059716996236912,0.0
2009-03-09,0.007369969967245801,0.0
2009-03-10,0.13677951637708824,0.0
2009-03-11,0.009722786836678293,0.0
2009-03-12,0.07820419382417358,0.0
2009-03-13,0.010673758509384047,0.0
2009-03-16,-0.0008649596004614213,0.0
2009-03-17,0.05112220395318731,0.0
2009-03-18,0.08508374956653217,0.0
2009-03-19,-0.03506777091208626,0.0
2009-03-20,-0.0547267005165344,0.0
2009-03-23,0.13284137776502053,0.0
2009-03-24,-0.03558354856898224,0.0
2009-03-25,0.016699575688275962,0.0
2009-03-26,0.03366133773863895,0.0
2009-03-27,-0.031238100664458042,0.0
2009-03-30,-0.0862810571355539,0.00740494500344205
2009-03-31,0.035639969133012275,0.0
2009-04-01,0.029684017161057064,0.7027149146424072
2009-04-02,0.05633303308383957,0.0
2009-04-03,0.034349818281083924,0.0
2009-04-06,-0.01514152777230529,0.0
2009-04-07,-0.037990387145396654,0.0
2009-04-08,0.018996228191832512,0.0
2009-04-09,0.10653710232403385,0.0
2009-04-13,0.023136547305615845,0.0
2009-04-14,-0.043873044980841915,0.0
2009-04-15,0.04210567895896149,0.0
2009-04-16,0.02508191060331409,0.0
2009-04-17,0.024578999029180093,0.0
2009-04-20,-0.09960850422345607,0.0
2009-04-21,0.061459337104888066,0.0
2009-04-22,-0.015271021401572642,0.0
2009-04-23,0.022958482546558547,0.0
2009-04-24,0.034995362787480166,0.0
2009-04-27,-0.03792100637684012,0.0
2009-04-28,-0.0022910384649632307,0.0
2009-04-29,0.038523703862688816,0.0
2009-04-30,-0.004565198092948503,0.0
2009-05-01,0.013894998807969738,0.6179775074951244
2009-05-04,0.26106814495004127,0.0
2009-05-05,0.0006636344462572085,0.0
2009-05-06,-0.10841215249192077,0.0
2009-05-07,-0.02339542267339117,0.0
2009-05-08,0.08051910284702102,0.0
2009-05-11,-0.05248824411305021,0.0
2009-05-12,-0.019461013242815205,0.0
2009-05-13,-0.06423238784182975,0.0
2009-05-14,0.21513651961519753,0.0
2009-05-15,-0.16723781318847836,0.0
2009-05-18,0.23817393867684128,0.0
2009-05-19,-0.0018329750890485829,0.0
2009-05-20,-0.15205322102233493,0.0
2009-05-21,-0.017927465489919456,0.0
2009-05-22,-0.008286036626132243,0.0
2009-05-26,0.03774084682409324,0.0
2009-05-27,-0.024946122605961095,0.0
2009-05-28,0.022311058035641075,0.0
2009-05-29,0.02362423464355926,0.0
2009-06-01,0.034952459612226594,1.7200092158251494
2009-06-02,2.0335314551318975,0.0
2009-06-03,-0.6717127015611563,0.0
2009-06-04,0.006657559181655803,0.0
2009-06-05,0.0040300349233141726,0.0
2009-06-08,2.0470541945214165,0.0
2009-06-09,-0.6693696049197595,0.0
2009-06-10,-0.007340956050516532,0.0
2009-06-11,0.0009388065998178563,0.0
2009-06-12,0.0040737343498372,0.0
2009-06-15,-0.025819479685068706,0.0
2009-06-16,-0.013762105302308706,0.0
2009-06-17,0.0038433599232879584,0.0
2009-06-18,0.0032708652536091844,0.0
2009-06-19,0.00453222876651997,0.0
2009-06-22,-0.02235710216586741,0.0
2009-06-23,-0.004216684216155187,0.0
2009-06-24,0.008041985821374498,0.0
2009-06-25,0.022701990726969705,0.0
2009-06-26,0.0014160594787537974,0.0
2009-06-29,2.158055399968006,0.0
2009-06-30,-0.6792360715649509,0.0
2009-07-01,0.006608020515268542,1.671528761579694
2009-07-02,-0.03790452323300393,0.0
2009-07-06,1.56619077036786,0.0
2009-07-07,-0.6228130235464471,0.0
2009-07-08,0.0008383893023375432,0.0
2009-07-09,0.009727339942995378,0.0
2009-07-10,-0.005076534404087268,0.0
2009-07-13,0.026739470094129258,0.0
2009-07-14,0.013359252385109582,0.0
2009-07-15,0.03767617126425298,0.0
2009-07-16,0.006847472505098342,0.0
2009-07-17,-0.0016270686455846757,0.0
2009-07-20,0.025982205193766594,0.002646513896240126
2009-07-21,-0.0035270092695080684,0.0
2009-07-22,0.0026929420565537064,0.0
2009-07-23,0.03088066299429067,0.0
2009-07-24,1.4916427011776618,0.0
2009-07-27,-0.5912221229019196,0.0
2009-07-28,-0.0037438762893348843,0.0
2009-07-29,-0.01246506939701008,0.0
2009-07-30,0.02139859648856809,0.0
2009-07-31,0.004965168848277905,0.0
2009-08-03,0.02867015538238471,1.5923658986489875
2009-08-04,0.005835893741142796,0.0
2009-08-05,-0.0014135692394831984,0.0
2009-08-06,-0.0016287008415353064,0.0
2009-08-07,0.019076430453069067,0.0
2009-08-10,-0.002722665550250776,0.0
2009-08-11,-0.01103432553599849,0.0
2009-08-12,0.009918235295835477,0.0
2009-08-13,0.0065087540897910984,0.0
2009-08-14,-0.008064487910589956,0.0
2009-08-17,-0.02011377716354666,0.0
2009-08-18,1.6460746298828042,0.0
2009-08-19,-0.6158436263094261,0.0
2009-08-20,0.0129593610025415,0.0
2009-08-21,0.01860306765637851,0.0
2009-08-24,-0.000302102791153274,0.0
2009-08-25,0.0037550575982945064,0.0
2009-08-26,0.005510656918963203,0.0
2009-08-27,0.01100053657849083,0.0
2009-08-28,1.911623089602193e-05,0.0
2009-08-31,-0.010394370393563402,0.0
2009-09-01,-0.022934152918707373,1.3385201385236232
2009-09-02,-0.0003164719014538168,0.0
2009-09-03,1.2943247736736092,0.0
2009-09-04,-0.5556109459182997,0.0
2009-09-08,0.01246111551526194,0.0
2009-09-09,0.006713951028664045,0.0
2009-09-10,0.01012037017512334,0.0
2009-09-11,0.0023075274580395717,0.0
2009-09-14,0.006578807588644125,0.0
2009-09-15,1.2109492547585385,0.0
2009-09-16,-0.5371887455429213,0.0
2009-09-17,1.265692854311679,0.0
2009-09-18,-0.5609679276671546,0.0
2009-09-21,1.294399723557958,0.0
2009-09-22,-0.56210379529667,0.0
2009-09-23,-0.013098586382010002,0.0
2009-09-24,-0.011137738742421709,0.0
2009-09-25,-0.004239938375176848,0.0
2009-09-28,0.016040027401379813,0.0
2009-09-29,0.07059107414038086,0.0
2009-09-30,-0.06785522772652572,0.0
2009-10-01,1.3697974435427192,1.7811490438901103
2009-10-02,-0.01730438989277512,0.0
2009-10-05,0.025432606689537455,0.0
2009-10-06,0.004340203479992787,0.0
2009-10-07,0.001328105083829534,0.0
2009-10-08,0.01099915412117239,0.0
2009-10-09,0.007852532853714615,0.0
2009-10-12,0.00392580597936409,0.0
2009-10-13,-0.0017481723805272318,0.0
2009-10-14,0.0217727015590941,0.0
2009-10-15,0.0048235402431206905,0.0
2009-10-16,-0.002878933996549697,0.0
2009-10-19,0.0031840603294637764,0.0
2009-10-20,-0.007818090488862096,0.0
2009-10-21,-0.0111627230155878,0.0
2009-10-22,0.02163691142099957,0.0
2009-10-23,-0.020278596492154695,0.0
2009-10-26,-0.007439893641831223,0.0
2009-10-27,-0.013664656184541978,0.0
2009-10-28,-0.019381098071228946,0.0
2009-10-29,0.017863135842008715,0.0
2009-10-30,-0.03040953156368456,0.0
2009-11-02,0.005044710903965299,1.4454051089450193
2009-11-03,1.3867100879133818,0.0
2009-11-04,0.0063291330367470375,0.0
2009-11-05,-0.5705848570772986,0.0
2009-11-06,1.2976531317074995,0.0
2009-11-09,-0.5503699557065251,0.0
2009-11-10,-0.010710956569122642,0.0
2009-11-11,0.012688765809177358,0.0
2009-11-12,1.2902126231168707,0.0
2009-11-13,-0.014153236578723269,0.0
2009-11-16,0.017248381408659107,0.0
2009-11-17,-0.007242505709881292,0.0
2009-11-18,0.008235572465417638,0.0
2009-11-19,-0.020394000145703826,0.0
2009-11-20,-0.006722774656153997,0.0
2009-11-23,0.005878065391739191,0.0
2009-11-24,-0.04447601763916858,0.0
2009-11-25,0.004564511816969475,0.0
2009-11-27,-0.544814033806289,0.0
2009-11-30,0.004665081517809271,0.0
2009-12-01,1.213432605002505,1.6453547557968724
2009-12-02,0.001271501449357386,0.0
2009-12-03,-0.01136305093854885,0.0
2009-12-04,0.016836423232724072,0.0
2009-12-07,-8.963517910333247e-05,0.0
2009-12-08,-0.016489777413321652,0.0
2009-12-09,0.0016377143098439046,0.0
2009-12-10,0.013274473563501228,0.0
2009-12-11,0.005842407019190577,0.0
2009-12-14,0.012468843420935934,0.0
2009-12-15,-0.004400024717559716,0.0
2009-12-16,0.008043567981443418,0.0
2009-12-17,-0.011448628886531885,0.0
2009-12-18,0.005088565423659208,0.022230652068199193
2009-12-21,0.0031096271393217588,0.0
2009-12-22,0.01716402906994627,0.0
2009-12-23,0.005689025706662534,0.0
2009-12-24,0.005200094110403904,0.0
2009-12-28,-0.011114588774291896,0.0
2009-12-29,-0.0017493760481597966,0.0
2009-12-30,-1.1032732680806825e-05,0.0
2009-12-31,-0.009733890643493327,0.0
2010-01-04,0.017992033131524865,1.5415974799780234
2010-01-05,0.009736720603833059,0.0
2010-01-06,1.6275600460975392,0.0
2010-01-07,-0.6143638701919174,0.0
2010-01-08,1.6207098758539915,0.0
2010-01-11,-0.6150511703351695,0.0
2010-01-12,-0.010366182781025135,0.0
2010-01-13,0.008724773469325691,0.0
2010-01-14,0.0030266085575396113,0.0
2010-01-15,-0.011335375500169912,0.0
2010-01-19,1.6170414836196387,0.0
2010-01-20,-0.6168084130035911,0.0
2010-01-21,1.5865592282572167,0.0
2010-01-22,-0.6291911563862718,0.0
2010-01-25,0.004069846747642368,0.0
2010-01-26,-0.0061414886974124885,0.0
2010-01-27,0.004249170796590213,0.0
2010-01-28,-0.010446022998941326,0.0
2010-01-29,0.06348971891023268,0.0
2010-02-01,0.017754428537644307,1.2515818053773982
2010-02-02,0.017803718530581013,0.0
2010-02-03,-0.008915286457130134,0.007867824138446354
2010-02-04,-0.0404162184013505,0.0
2010-02-05,0.004632589660919245,0.0
2010-02-08,-0.008053920834372832,0.0
2010-02-09,0.01779779702192966,0.0
2010-02-10,6.379334825526006e-05,0.0
2010-02-11,0.020857520399840457,0.008055501990513846
2010-02-12,0.003161933629484209,0.0
2010-02-16,0.020357206063081883,0.0
2010-02-17,0.0033880352930035556,0.0
2010-02-18,0.003244124463353545,0.0
2010-02-19,0.007235862413602365,0.0
2010-02-22,0.0005517777441280045,0.0
2010-02-23,-0.012166341081101352,0.0
2010-02-24,0.01146704824740108,0.007854775168124406
2010-02-25,0.0003890629428450966,0.0
2010-02-26,0.007394933189261987,0.0
2010-03-01,0.024421111665670292,0.7066056548012342
2010-03-02,0.0051612575462759575,0.0
2010-03-03,0.002648593623581467,0.0
2010-03-04,0.007038180959525307,0.0
2010-03-05,0.02050980939546415,0.0
2010-03-08,0.003556108527275324,0.0
2010-03-09,0.0039060018587852106,0.0
2010-03-10,0.008294971053228893,0.0
2010-03-11,0.003420451656137225,0.0
2010-03-12,0.0009381945358923893,0.007664021490514578
2010-03-15,-0.0043166736610925575,0.0
2010-03-16,0.014690165594729252,0.0
2010-03-17,0.011242683992291183,0.0
2010-03-18,-0.005490978691748245,0.0
2010-03-19,-0.013534384501031189,0.0
2010-03-22,0.011733691385504005,0.0
2010-03-23,0.012390138364585223,0.0
2010-03-24,-0.005895071017517756,0.0
2010-03-25,-0.0033537704449830294,0.0
2010-03-26,0.003854246087682835,0.0
2010-03-29,0.007870856285466745,0.0
2010-03-30,-0.0028983318249242796,0.0
2010-03-31,-0.004720189877806863,0.0
2010-04-01,0.010084796080695568,0.36291275711559123
2010-04-05,0.017231270892911092,0.0
2010-04-06,0.003429926453741997,0.0
2010-04-07,-0.005603027858719129,0.0
2010-04-08,0.0024326753420886266,0.0
2010-04-09,0.006653136033904606,0.0
2010-04-12,0.0031292266327786946,0.0
2010-04-13,8.945060563892555e-05,0.0
2010-04-14,0.019641595989811217,0.0
2010-04-15,-0.0009513672550758007,0.0
2010-04-16,-0.022313601495977102,0.0
2010-04-19,0.0008934899828365837,0.0
2010-04-20,0.01395798669938145,0.0
2010-04-21,0.0045675553922039595,0.0
2010-04-22,0.011704865700562506,0.007955827027871145
2010-04-23,0.01054456887540023,0.0
2010-04-26,-0.0019639955788821463,0.0
2010-04-27,-0.034118488340870154,0.0
2010-04-28,0.006223621569440815,0.0
2010-04-29,0.01416339684133136,0.0
2010-04-30,-0.025356920479410495,0.0
2010-05-03,0.01774678690166054,0.44180503694147333
2010-05-04,-0.03292804015428183,0.0
2010-05-05,-0.008821439071279366,0.0
2010-05-06,-0.03554320850849198,0.0
2010-05-07,-0.02357245167071346,0.0
2010-05-10,0.0596138748175874,0.0
2010-05-11,-0.0037788481026322486,0.0
2010-05-12,0.023082947622072723,0.0
2010-05-13,-0.01562171399834806,0.0
2010-05-14,-0.02721215322142989,0.0
2010-05-17,-0.0019071174570396594,0.0
2010-05-18,-0.01880595098899142,0.0
2010-05-19,-0.00792907437808107,0.0
2010-05-20,-0.0490128336406047,0.0
2010-05-21,0.026655242707456037,0.0
2010-05-24,-0.015137358602758354,0.0
2010-05-25,0.0034368512941667494,0.0
2010-05-26,-0.0006796087068678141,0.0
2010-05-27,0.042506052869154556,0.0
2010-05-28,-0.016262874517135515,0.0
2010-06-01,-0.02982848687645956,0.7619423634814351
2010-06-02,0.030403424607676144,0.0
2010-06-03,0.004760723608630775,0.0
2010-06-04,-0.04757199679302741,0.0
2010-06-07,-0.026110878661123327,0.0
2010-06-08,0.00920652522086858,0.0
2010-06-09,0.001795726268880192,0.0
2010-06-10,0.045435254531822844,0.0
2010-06-11,0.008133479655162514,0.0
2010-06-14,0.000221577069384698,0.0
2010-06-15,0.03155790402395313,0.0
2010-06-16,-0.00524337209646626,0.0
2010-06-17,-0.00563981323404996,0.0
2010-06-18,-0.00031735043988387747,0.0
2010-06-21,-0.0023510036545869293,0.0
2010-06-22,-0.024568149299324875,0.0
2010-06-23,0.0011847584871780606,0.0
2010-06-24,-0.02395246754002928,0.0
2010-06-25,0.01392668171720319,0.0
2010-06-28,-0.009726543176931716,0.0
2010-06-29,-0.04732467851309749,0.0
2010-06-30,-0.014509583914738722,0.0
2010-07-01,-0.001476264998030663,0.5275868186495436
2010-07-02,-0.009245229287867793,0.0
2010-07-06,-0.0008569620382136565,0.0
2010-07-07,0.044304855295339354,0.0
2010-07-08,0.01209337831872467,0.0
2010-07-09,0.014352323198359176,0.0
2010-07-12,-0.006533097919541413,0.0
2010-07-13,0.024571623344837028,0.0
2010-07-14,-0.003538453332382082,0.0
2010-07-15,-0.002960557004798746,0.0
2010-07-16,-0.040333157921667584,0.0
2010-07-19,0.007476744579445954,0.0
2010-07-20,0.02064552981017566,0.0
2010-07-21,-0.012728741203853698,0.0
2010-07-22,0.03713663048054692,0.0
2010-07-23,0.017570557399810192,0.0
2010-07-26,0.016899206843052045,0.0
2010-07-27,-0.012059341137476042,0.0
2010-07-28,-0.011919879724106384,0.0
2010-07-29,-0.0014690857239549884,0.0
2010-07-30,0.00039063446046601227,0.0
2010-08-02,0.02853749103225467,0.5102531314838148
2010-08-03,-0.01062171506784698,0.0
2010-08-04,0.0086339866999967,0.0
2010-08-05,-0.0003975412250338084,0.0
2010-08-06,-0.006225687040685394,0.0
2010-08-09,0.008162929945165414,0.0
2010-08-10,-0.014078223981510022,0.0
2010-08-11,-0.03826775034137536,0.0
2010-08-12,-0.006003036578609828,0.0
2010-08-13,-0.002665379294064469,0.0
2010-08-16,-0.0015551308623686169,0.0
2010-08-17,0.01680287499509095,0.0
2010-08-18,0.006147283878358161,0.0
2010-08-19,-0.018038748623813092,0.0
2010-08-20,-0.004671617533292103,0.0
2010-08-23,-0.00930296096234946,0.0
2010-08-24,-0.018697150249865284,0.0
2010-08-25,0.004110049773450381,0.0
2010-08-26,-0.011016150146209089,0.0
2010-08-27,0.026593831860023336,0.0
2010-08-30,-0.01740381663887573,0.0
2010-08-31,-0.0029990686370725056,0.0
2010-09-01,0.04186216807198084,0.5994721862785419
2010-09-02,0.01689669867225628,0.0
2010-09-03,0.018429252429475372,0.0
2010-09-07,-0.020847086994086567,0.0
2010-09-08,0.009949900756344058,0.0
2010-09-09,0.003645684749809446,0.0
2010-09-10,0.005986745033111575,0.0
2010-09-13,0.019926286708798566,0.0
2010-09-14,-0.005238594251957469,0.0
2010-09-15,-0.0008164700162874663,0.0
2010-09-16,-0.002403276352828976,0.0
2010-09-17,0.001177542881730392,0.0
2010-09-20,0.022658426755809678,0.0
2010-09-21,-0.008728925432300218,0.0
2010-09-22,-0.011368195937489898,0.0
2010-09-23,-0.01042417858553795,0.0
2010-09-24,0.029102637578818327,0.0
2010-09-27,-0.00698436617444567,0.0
2010-09-28,0.008537626334216604,0.0
2010-09-29,0.001034623057367223,0.0
2010-09-30,-0.002980004667106931,0.0
2010-10-01,0.005797682794559611,0.7192829659006821
2010-10-04,-0.009448933653889035,0.0
2010-10-05,0.023735199743505603,0.0
2010-10-06,-0.006305543488913053,0.0
2010-10-07,-0.0008712215676068146,0.0
2010-10-08,0.012536967818139476,0.0
2010-10-11,0.0039869178185605115,0.0
2010-10-12,0.004678419784450424,0.0
2010-10-13,0.008083222145451496,0.0
2010-10-14,-0.01036640073909874,0.0
2010-10-15,-0.002153516272687311,0.0
2010-10-18,0.004049914700452659,0.0
2010-10-19,-0.01776567772393551,0.0
2010-10-20,0.010722242884233601,0.0
2010-10-21,-0.001988772088932351,0.0
2010-10-22,0.005095073608494464,0.0
2010-10-25,0.005155281848853084,0.0
2010-10-26,-0.0016004022094351388,0.0
2010-10-27,-0.0007506417776468718,0.0
2010-10-28,-0.003134517295381563,0.0
2010-10-29,0.005202443589475445,0.0
2010-11-01,-0.0007141986545950996,0.6204012279321358
2010-11-02,0.010999835604224368,0.0
2010-11-03,0.003339526728067491,0.0
2010-11-04,0.025285078859776336,0.0
2010-11-05,0.008714559583069773,0.0
2010-11-08,-0.000863356315583853,0.0
2010-11-09,-0.012932348376691327,0.007668576001237996
2010-11-10,0.007144536610152518,0.0
2010-11-11,-0.0018795785159977385,0.0
2010-11-12,-0.01655442169015439,0.0
2010-11-15,-0.002384777753820546,0.0
2010-11-16,-0.019735310910120752,0.0
2010-11-17,0.0006836488989375552,0.0
2010-11-18,0.01500550239144093,0.0
2010-11-19,0.0048832753005706424,0.0
2010-11-22,0.0031412180729068857,0.0
2010-11-23,-0.014419487723408448,0.0
2010-11-24,0.01811185413627287,0.0
2010-11-26,-0.006430463368214809,0.0
2010-11-29,-0.001156891331387396,0.0
2010-11-30,-0.005393408544564459,0.0
2010-12-01,0.02290260239437103,0.6268011835565133
2010-12-02,0.018456821511858734,0.0
2010-12-03,0.003969094767166054,0.0
2010-12-06,0.0016096585730441958,0.0
2010-12-07,0.0022495426178220134,0.0
2010-12-08,0.007827230031699172,0.0
2010-12-09,0.007692842457815964,0.0
2010-12-10,0.01095048368945158,0.0
2010-12-13,-0.0034333959193537118,0.0
2010-12-14,-0.0039045113613504815,0.0
2010-12-15,-0.006531353873236088,0.0
2010-12-16,0.008351589937586683,0.0
2010-12-17,0.006860311341565381,0.0
2010-12-20,-0.0018767716859658945,0.025043909179137264
2010-12-21,0.010903427276944455,0.0
2010-12-22,0.003497705415652393,0.0
2010-12-23,-0.0041311698396284974,0.0
2010-12-27,0.0003312118632538538,0.0
2010-12-28,-0.0018932720503867851,0.0
2010-12-29,0.0013745636047699775,0.0
2010-12-30,0.0004244775718665991,0.0
2010-12-31,-0.0003836278601761302,0.0
2011-01-03,0.015688082327767416,0.6272629238039015
2011-01-04,-0.006519551412396402,0.0
2011-01-05,0.010154618838452055,0.0
2011-01-06,-0.001407720330670171,0.0
2011-01-07,-0.0013430340632485443,0.0
2011-01-10,-0.00039727381573968204,0.0
2011-01-11,0.0037916141463689174,0.0
2011-01-12,0.010791977084278617,0.0
2011-01-13,-0.003037869233741608,0.007735825654476422
2011-01-14,0.006514673763361597,0.0
2011-01-18,0.0024288511296861933,0.0
2011-01-19,-0.017797680956692104,0.0
2011-01-20,-0.0043650961004130075,0.0
2011-01-21,-0.0005461040854776427,0.0
2011-01-24,0.006134870576416438,0.0
2011-01-25,-0.004825277118392856,0.0
2011-01-26,0.011771444188518899,0.0
2011-01-27,0.005167213277264058,0.0
2011-01-28,-0.02206733210259875,0.0
2011-01-31,0.009427191123615513,0.0
2011-02-01,0.01853931045591195,0.4573061728958254
2011-02-02,-0.0006343848131641384,0.0
2011-02-03,0.008035878600664847,0.0
2011-02-04,0.007313404438226392,0.0
2011-02-07,0.00888154174617373,0.0
2011-02-08,0.0028425386486063556,0.0
2011-02-09,-0.002412220097607193,0.0
2011-02-10,0.005681231147074013,0.0
2011-02-11,0.009920829182869417,0.0
2011-02-14,0.002907742140784677,0.0
2011-02-15,-0.0066009017230669025,0.0
2011-02-16,0.013331140914659019,0.0
2011-02-17,0.0066778239385910515,0.0
2011-02-18,-0.0011804137631219419,0.0
2011-02-22,-0.03029287897801779,0.0
2011-02-23,-0.013036108694416461,0.0
2011-02-24,0.0036601464683581053,0.008088061398390259
2011-02-25,0.016505818482182914,0.0
2011-02-28,0.0004891744263710646,0.0
2011-03-01,-0.020368813649528916,0.6049980286356932
2011-03-02,0.005202643514277387,0.0
2011-03-03,0.018400417455655016,0.0
2011-03-04,-0.007023094240615168,0.0
2011-03-07,-0.0140276548529908,0.0
2011-03-08,0.007028777551288891,0.0
2011-03-09,-0.005190183842162862,0.0
2011-03-10,-0.021303715242569295,0.0
2011-03-11,0.01273050108780931,0.0
2011-03-14,-0.005933129776114865,0.0
2011-03-15,-0.007737700730458938,0.0
2011-03-16,-0.01576923128173379,0.0
2011-03-17,0.009573950702720175,0.0
2011-03-18,0.003903029442520793,0.0
2011-03-21,0.016876881057368016,0.0
2011-03-22,-0.007567594746157929,0.0
2011-03-23,0.0064399700875645595,0.0
2011-03-24,0.015053069013569988,0.0
2011-03-25,0.004192210616693546,0.0
2011-03-28,-0.004402296867059225,0.0
2011-03-29,0.008353290993239273,0.0
2011-03-30,0.01016348123934297,0.0
2011-03-31,-0.0024954189433219467,0.0
2011-04-01,0.006001478192257048,0.6107989256687603
2011-04-04,-0.0014859629068964021,0.0
2011-04-05,0.003774670815407209,0.0
2011-04-06,-0.00035159669318378644,0.0
2011-04-07,-0.0027566363725374187,0.0
2011-04-08,-0.005168687113205948,0.0
2011-04-11,-0.008185160753102255,0.0
2011-04-12,-0.011356248123927326,0.0
2011-04-13,0.003473588866579746,0.0
2011-04-14,0.001049687639903566,0.0
2011-04-15,0.005028103990898078,0.0
2011-04-18,-0.012208297789982427,0.0
2011-04-19,0.006813216780224609,0.0
2011-04-20,0.019859908387903802,0.0
2011-04-21,0.006158211094718083,0.0
2011-04-25,-0.0024809186923285204,0.0
2011-04-26,0.004629450267880836,0.0
2011-04-27,0.0037108890710114088,0.0
2011-04-28,-0.0017452934058582372,0.0
2011-04-29,0.003292320647732009,0.0
2011-05-02,-0.004516628649346988,0.4602401170540643
2011-05-03,-0.009093895236305705,0.0
2011-05-04,-0.007786135493238514,0.0
2011-05-05,-0.002533855005874175,0.0
2011-05-06,0.003281572567384446,0.0
2011-05-09,0.005676444109833772,0.0
2011-05-10,0.010222016820745174,0.0
2011-05-11,-0.013180002982247595,0.0
2011-05-12,0.008667294435846993,0.0
2011-05-13,-0.01134576328246932,0.0
2011-05-16,-0.009288273202112004,0.0
2011-05-17,-0.003108815364367479,0.0
2011-05-18,0.012623795424678036,0.0
2011-05-19,0.0010539700150056675,0.0
2011-05-20,-0.00815217047574193,0.0
2011-05-23,-0.014139704087214502,0.0
2011-05-24,-0.004048064257724526,0.007420466158550455
2011-05-25,0.002443997669455326,0.0
2011-05-26,0.006443057178336523,0.0
2011-05-27,0.0083843754636861,0.0
2011-05-31,0.00879244273646853,0.0
2011-06-01,-0.02646452799130783,0.5216629649233135
2011-06-02,-0.0007537704766261367,0.0
2011-06-03,-0.015815320538414494,0.0
2011-06-06,-0.015578788461933949,0.0
2011-06-07,0.0018538799919371161,0.0
2011-06-08,-0.012855318795627462,0.0
2011-06-09,0.00854575107963009,0.0
2011-06-10,-0.016446157869392665,0.0
2011-06-13,-0.0034661214619686347,0.0
2011-06-14,0.020483333270322666,0.0
2011-06-15,-0.01992345889027844,0.0
2011-06-16,-0.0022288384721461966,0.0
2011-06-17,0.0023959552337531366,0.0
2011-06-20,0.00803148572719973,0.0
2011-06-21,0.022224113084420974,0.0
2011-06-22,-0.006862788567894061,0.0
2011-06-23,0.0024986401568415978,0.0
2011-06-24,-0.014352096486612707,0.0
2011-06-27,0.008245935493294337,0.0
2011-06-28,0.0183420685035406,0.0
2011-06-29,0.007643720828472394,0.0
2011-06-30,0.00975909448780808,0.0
2011-07-01,0.01764127443084318,0.6065041419575155
2011-07-05,-0.003027754672160053,0.0
2011-07-06,-4.1865432091053075e-05,0.0
2011-07-07,0.015312188035174791,0.0
2011-07-08,-0.009391273196636296,0.0
2011-07-11,-0.02464322018382058,0.0
2011-07-12,-0.006680324046299006,0.0
2011-07-13,0.002985069941593176,0.0
2011-07-14,-0.012937208092228925,0.0
2011-07-15,0.007646842352057272,0.0
2011-07-18,-0.012607025182969016,0.0
2011-07-19,0.02013229270075898,0.0
2011-07-20,0.00030697194266518524,0.0
2011-07-21,0.011939267909251986,0.0
2011-07-22,0.007707371712089279,0.0
2011-07-25,-0.008011818145566195,0.0
2011-07-26,0.0002835211246359154,0.0
2011-07-27,-0.030819882522859908,0.0
2011-07-28,-0.009245128266699319,0.0
2011-07-29,-0.004371118225078473,0.0
2011-08-01,-0.008476357426160708,0.5551263071354234
2011-08-02,-0.03798954054763755,0.0
2011-08-03,0.010248141802245979,0.0
2011-08-04,-0.06076407288683951,0.0
2011-08-05,-0.006314719669532525,0.0
2011-08-08,-0.08176720435863565,0.0
2011-08-09,0.05607115050742282,0.0
2011-08-10,-0.044637238667332095,0.0
2011-08-11,0.055071215540275,0.0
2011-08-12,0.005278172459417967,0.0
2011-08-15,0.022269522597486865,0.0
2011-08-16,-0.01394978678801665,0.0
2011-08-17,-0.006325878736438031,0.0
2011-08-18,-0.05806279068600888,0.0
2011-08-19,-0.017918836645639015,0.0
2011-08-22,0.001295497267969228,0.0
2011-08-23,0.041769373650300784,0.0
2011-08-24,0.013188078743149256,0.0
2011-08-25,-0.01836481668640793,0.0
2011-08-26,0.022613692052831834,0.0
2011-08-29,0.038700444443840874,0.0
2011-08-30,0.006380158910364182,0.0
2011-08-31,0.0037981391914051962,0.0
2011-09-01,-0.015487085393989797,1.1369017441119142
2011-09-02,-0.03840385482176681,0.0
2011-09-06,-0.01247449047769067,0.0
2011-09-07,0.04952980096366159,0.0
2011-09-08,-0.017333956879250774,0.0
2011-09-09,-0.032040460610041774,0.0
2011-09-12,0.007280336682284969,0.0
2011-09-13,0.015419503481304345,0.0
2011-09-14,0.017651931636984208,0.0
2011-09-15,0.02231573937959797,0.0
2011-09-16,0.0010065585107447152,0.0
2011-09-19,-0.018092567974369443,0.0
2011-09-20,-0.00999958372193989,0.0
2011-09-21,-0.04258757257754784,0.0
2011-09-22,-0.044045950171898364,0.0
2011-09-23,0.007525743541585257,0.0
2011-09-26,0.030309799031644317,0.0
2011-09-27,0.016055802568805393,0.0
2011-09-28,-0.035194902039307224,0.0
2011-09-29,0.011006385824561375,0.0
2011-09-30,-0.040535617476986696,0.0
2011-10-03,-0.04867468983934764,0.3202387102676354
2011-10-04,0.04351313679583908,0.0
2011-10-05,0.031206871779217025,0.0
2011-10-06,0.033365628468634626,0.0
2011-10-07,-0.023826460249996306,0.0
2011-10-10,0.048956678022100214,0.0
2011-10-11,0.0045685300590253535,0.0
2011-10-12,0.018898007723256765,0.0
2011-10-13,-0.006470280404444967,0.0
2011-10-14,0.022739807208827338,0.0
2011-10-17,-0.03531971871324136,0.0
2011-10-18,0.0380747560499457,0.0
2011-10-19,-0.023086357825158815,0.0
2011-10-20,0.009655462838493747,0.0
2011-10-21,0.027011160972453027,0.0
2011-10-24,0.03034647549124664,0.0
2011-10-25,-0.0365346701050398,0.0
2011-10-26,0.021307407548496617,0.0
2011-10-27,0.061037343934064715,0.0
2011-10-28,0.010014155453538525,0.0
2011-10-31,-0.03910307276546757,0.0
2011-11-01,-0.04157986962247873,0.5196035263988203
2011-11-02,0.02515067913667095,0.0
2011-11-03,0.022617664507739717,0.0
2011-11-04,-0.001176912864971623,0.0
2011-11-07,0.0016094030543225188,0.0
2011-11-08,0.015656593792612264,0.0
2011-11-09,-0.049793148688436456,0.0
2011-11-10,0.008087452614161805,0.0
2011-11-11,0.024085216712436512,0.0
2011-11-14,-0.014058155420440348,0.0
2011-11-15,0.0066169508678138485,0.0
2011-11-16,-0.018531187815768645,0.0
2011-11-17,-0.02597845272369787,0.0
2011-11-18,-0.0009921975918831326,0.0
2011-11-21,-0.020945945289324662,0.0
2011-11-22,-0.007924280034803994,0.0
2011-11-23,-0.03081061005720584,0.0
2011-11-25,-0.004080169663591947,0.0
2011-11-28,0.03950963690941525,0.0
2011-11-29,-0.003203584267545811,0.0
2011-11-30,0.054454346070618845,0.0
2011-12-01,-0.0018597118593212114,0.6129312441550676
2011-12-02,0.0008279732878056084,0.0
2011-12-05,0.017196526842947698,0.0
2011-12-06,-0.003818408469683471,0.0
2011-12-07,0.0027007565760017124,0.0
2011-12-08,-0.030698287866321804,0.0
2011-12-09,0.023120512379847857,0.0
2011-12-12,-0.022373631367708566,0.0
2011-12-13,-0.021578381884744622,0.0
2011-12-14,-0.01775704940658998,0.0
2011-12-15,0.0021328026540037293,0.016429143771578815
2011-12-16,0.005567504020131831,0.0
2011-12-19,-0.02127452256862677,0.0
2011-12-20,0.037957578402883295,0.0
2011-12-21,-0.00016434591430036782,0.008067648934375622
2011-12-22,0.017341723350853287,0.0
2011-12-23,0.0072222485591433155,0.0
2011-12-27,-0.0030474362587966683,0.0
2011-12-28,-0.017995652107399403,0.0
2011-12-29,0.013905187680660326,0.0
2011-12-30,-0.002622005579018778,0.0
2012-01-03,0.023354956353860423,0.6892686315937275
2012-01-04,-0.00022677905050207917,0.0
2012-01-05,0.00803245915959669,0.0
2012-01-06,-0.0015777208159319439,0.0
2012-01-09,0.005450287465522139,0.0
2012-01-10,0.015433148187221857,0.0
2012-01-11,0.004963881826739469,0.0
2012-01-12,0.001704189691898365,0.0
2012-01-13,-0.009506666792674333,0.0
2012-01-17,0.0016568281074612104,0.0
2012-01-18,0.022543117500434195,0.0
2012-01-19,0.01019768379049471,0.0
2012-01-20,-0.0013958822958771559,0.0
2012-01-23,0.0023502215829381756,0.0
2012-01-24,0.005386425136964137,0.0
2012-01-25,0.010068768862439655,0.0
2012-01-26,-0.011802554358383621,0.0
2012-01-27,0.005229206494386572,0.0
2012-01-30,-0.007033124781585717,0.0
2012-01-31,-0.002595162461721298,0.0
2012-02-01,0.01744780096086518,0.5737635800544922
2012-02-02,0.005716222926334865,0.0
2012-02-03,0.026561950095529405,0.0
2012-02-06,-0.000816336806889505,0.0
2012-02-07,0.0010347729914752463,0.0
2012-02-08,0.005747689501978936,0.0
2012-02-09,0.0057103550604760325,0.0
2012-02-10,-0.012629056159230708,0.0
2012-02-13,0.005841595444096925,0.0
2012-02-14,-0.0008625374278747454,0.0
2012-02-15,-0.0005163940375984841,0.0
2012-02-16,0.01800324751779829,0.0
2012-02-17,0.0012728417964203832,0.0
2012-02-21,-0.0029759803173933703,0.0
2012-02-22,-0.008861781265423783,0.0
2012-02-23,0.009408773283647023,0.0
2012-02-24,0.0014171997165208319,0.0
2012-02-27,0.0019130000890193383,0.0
2012-02-28,-0.0008376460957856293,0.0
2012-02-29,-0.009097698708920183,0.0
2012-03-01,0.007504089802732761,0.7761992744206636
2012-03-02,-0.006191168294553878,0.0
2012-03-05,-0.01301714081582434,0.0
2012-03-06,-0.023241588175413164,0.0
2012-03-07,0.011624505129220596,0.0
2012-03-08,0.01573247285348418,0.0
2012-03-09,0.005974756676307665,0.0
2012-03-12,-0.0065158262367334486,0.0
2012-03-13,0.02549185499391328,0.0
2012-03-14,-0.006812876079992942,0.0
2012-03-15,0.01390497322596133,0.0
2012-03-16,0.0037446824441943784,0.0
2012-03-19,0.004908529044219262,0.0
2012-03-20,-0.007953657066319925,0.0
2012-03-21,-0.0014176605716383383,0.0
2012-03-22,-0.014330318437472069,0.0
2012-03-23,0.004104384415408615,0.0
2012-03-26,0.01382408497255808,0.0
2012-03-27,-0.004574335039579479,0.0
2012-03-28,-0.011829690964304399,0.0
2012-03-29,-0.0011663526500018634,0.0
2012-03-30,0.0035258963103790876,0.0
2012-04-02,0.009821655303085874,0.8405825725511509
2012-04-03,-0.009729709820458711,0.0
2012-04-04,-0.014274192651207676,0.0
2012-04-05,-0.004636708349341434,0.0
2012-04-09,-0.016035694986497345,0.0
2012-04-10,-0.01964917189650308,0.0
2012-04-11,0.010384291233171677,0.0
2012-04-12,0.023029535049259347,0.0
2012-04-13,-0.01810744950263502,0.0
2012-04-16,-0.00408180206366733,0.0
2012-04-17,0.017974891261565956,0.0
2012-04-18,-0.00756956332036485,0.0
2012-04-19,-0.001642063561274344,0.0
2012-04-20,-0.002564771308339199,0.0
2012-04-23,-0.010762207479174939,0.0
2012-04-24,-0.0003702015491955676,0.0
2012-04-25,0.013925037154228206,0.0
2012-04-26,0.007030433336965141,0.0
2012-04-27,0.004387974688920334,0.0
2012-04-30,-0.0020947584524441997,0.0
2012-05-01,0.009563591099980506,0.7271657925134123
2012-05-02,-0.002244254996885006,0.0
2012-05-03,-0.014899384020298598,0.0
2012-05-04,-0.020783378060808308,0.0
2012-05-07,-0.001574754017831287,0.0
2012-05-08,-0.008884483980307133,0.0
2012-05-09,-0.0024281617039596842,0.0
2012-05-10,-0.0011777681280260603,0.0
2012-05-11,-0.0038990430712148045,0.0
2012-05-14,-0.01345570475963463,0.0
2012-05-15,-0.010023720316247955,0.0
2012-05-16,-0.011775587980095393,0.0
2012-05-17,-0.020272047015812165,0.0
2012-05-18,-0.01009847300503228,0.0
2012-05-21,0.0227607976114602,0.0
2012-05-22,0.0006256988100115524,0.0
2012-05-23,0.006543202671874544,0.0
2012-05-24,-0.002955761838923926,0.0
2012-05-25,0.0022613295734414942,0.0
2012-05-29,0.014180116500925984,0.0
2012-05-30,-0.02136280693480609,0.0
2012-05-31,-0.006287583625688525,0.0
2012-06-01,-0.030831072169155704,0.6517817839166181
2012-06-04,-0.0023925658274635223,0.0
2012-06-05,0.014219158678935527,0.0
2012-06-06,0.0288443400879055,0.0
2012-06-07,-0.0067839558375240964,0.0
2012-06-08,0.007085849272683211,0.0
2012-06-11,-0.022274202493961132,0.0
2012-06-12,0.015528702114831237,0.0
2012-06-13,-0.014683215864801513,0.0
2012-06-14,0.009462165649653128,0.0
2012-06-15,0.01615330079696275,0.0
2012-06-18,0.0032148975180525266,0.0
2012-06-19,0.01739340480151865,0.0
2012-06-20,0.0028558396717162115,0.0
2012-06-21,-0.030650261102260618,0.0
2012-06-22,0.011817891433521677,0.0
2012-06-25,-0.022283085463419543,0.0
2012-06-26,0.005886531610916451,0.0
2012-06-27,0.011810110979075718,0.0
2012-06-28,-0.0007916820191274758,0.0
2012-06-29,0.03358247526449995,0.0
2012-07-02,0.0010771461918555048,0.5490213431999112
2012-07-03,0.01231965662231066,0.0
2012-07-05,-0.002151090338970862,0.0
2012-07-06,-0.01681232787771101,0.0
2012-07-09,-0.008624369391569773,0.0
2012-07-10,-0.015261447074534671,0.0
2012-07-11,-0.0023198817167175375,0.0
2012-07-12,-0.005967335398724899,0.0
2012-07-13,0.017746960044674725,0.0
2012-07-16,-0.006197693333004699,0.0
2012-07-17,0.0083335149862111,0.0
2012-07-18,0.010682105821225127,0.0
2012-07-19,0.009479030704656749,0.0
2012-07-20,-0.01859130946079482,0.0
2012-07-23,-0.01338698832883618,0.0
2012-07-24,-0.012673503648397378,0.0
2012-07-25,-0.002355601181027625,0.0
2012-07-26,0.021103401121683355,0.0
2012-07-27,0.026974525180339937,0.006557320486635888
2012-07-30,-0.006512304191347761,0.0
2012-07-31,-0.007193715276384315,0.0
2012-08-01,-0.006492053598764258,0.4443937468998833
2012-08-02,-0.007607846805782289,0.0
2012-08-03,0.027972641610122667,0.0
2012-08-06,0.010702393269395753,0.0
2012-08-07,0.016183828690133458,0.0
2012-08-08,0.002181911719075809,0.0
2012-08-09,0.004834975677251573,0.0
2012-08-10,0.0012019885242576895,0.0
2012-08-13,-0.0029123099020334706,0.0
2012-08-14,-0.004390933459834159,0.0
2012-08-15,0.007634570021813081,0.0
2012-08-16,0.015358140667321739,0.0
2012-08-17,0.003654106817365881,0.0
2012-08-20,-0.00034954416401224543,0.0
2012-08-21,0.0005051112307048833,0.0
2012-08-22,-0.0004578838035718715,0.0
2012-08-23,-0.011437494971222387,0.0
2012-08-24,0.004641418078386651,0.0
2012-08-27,-0.004413965160425382,0.0
2012-08-28,0.0004188397004728184,0.0
2012-08-29,0.0031241271620012657,0.0
2012-08-30,-0.013067457043244562,0.0
2012-08-31,0.0062289346991916674,0.0
2012-09-04,-0.002976513136004999,0.5064754345729708
2012-09-05,-0.0002556266514144263,0.0
2012-09-06,0.027608224715698987,0.0
2012-09-07,0.012617288012840091,0.0
2012-09-10,-0.005859929534380965,0.0
2012-09-11,0.009141501271649725,0.0
2012-09-12,0.006702073375709865,0.0
2012-09-13,0.014912127476556392,0.0
2012-09-14,0.014342586453631847,0.0
2012-09-17,-0.01116108870801422,0.0
2012-09-18,-0.005612923675856985,0.0
2012-09-19,0.004854616188247906,0.0
2012-09-20,-0.004279342039949834,0.0
2012-09-21,-0.0023921585152372744,0.0
2012-09-24,-0.008464662876210092,0.0
2012-09-25,-0.018905003579652115,0.0
2012-09-26,-0.008137529473607685,0.008127220164951097
2012-09-27,0.013559375230155022,0.0
2012-09-28,-0.005917445595012071,0.0
2012-10-01,0.0012845986455440883,0.3836096508862715
2012-10-02,0.0025323447149799916,0.0
2012-10-03,-0.00041001547116982333,0.0
2012-10-04,0.01209243649045038,0.0
2012-10-05,-0.00034124770862353185,0.0
2012-10-08,-0.0018100585177376642,0.0
2012-10-09,-0.009577995348281802,0.0
2012-10-10,-0.009367524442433918,0.0
2012-10-11,0.008188521813897537,0.0
2012-10-12,-0.006173401378368007,0.0
2012-10-15,0.007966958087584665,0.0
2012-10-16,0.014405254516582557,0.0
2012-10-17,0.003899071829043637,0.0
2012-10-18,-0.0005073937580899734,0.0
2012-10-19,-0.02320004777580608,0.0
2012-10-22,0.002223304884705333,0.0
2012-10-23,-0.011478264884278836,0.0
2012-10-24,-0.009798830955486039,0.0
2012-10-25,0.002943932690624886,0.0
2012-10-26,0.0003170955819895927,0.0
2012-10-31,0.0005535322222583427,0.0
2012-11-01,0.021032964347551752,0.4063879758651662
2012-11-02,-0.010367466985383978,0.0
2012-11-05,0.007913350227752783,0.0
2012-11-06,0.012212223617238557,0.0
2012-11-07,-0.022884128416240587,0.0
2012-11-08,-0.01694053060924536,0.0
2012-11-09,0.0002821622308865353,0.0
2012-11-12,0.0016498641536011193,0.0
2012-11-13,-0.005312682490999155,0.0
2012-11-14,-0.012943164913466462,0.0
2012-11-15,0.0003944720955715559,0.0
2012-11-16,0.005089467829829742,0.0
2012-11-19,0.022293242928510527,0.0
2012-11-20,-0.00319444734856012,0.0
2012-11-21,0.006030410594584517,0.0
2012-11-23,0.014673561712601276,0.0
2012-11-26,-0.0021935581823557294,0.0
2012-11-27,-0.005394547026993152,0.0
2012-11-28,0.011617434546360073,0.0
2012-11-29,0.005691844796290982,0.0
2012-11-30,-0.000901722633679412,0.0
2012-12-03,-0.005046616643905599,0.7196057563114302
2012-12-04,0.003182833291716444,0.0
2012-12-05,0.0014364035043758047,0.0
2012-12-06,0.00519303156119524,0.0
2012-12-07,0.005050571206653349,0.0
2012-12-10,0.0043858923039047475,0.0
2012-12-11,0.0080865790676947,0.0
2012-12-12,0.0010095488619807805,0.0
2012-12-13,-0.002047715050092016,0.0
2012-12-14,0.00022647636006097776,0.0
2012-12-17,0.012615168753478801,0.0
2012-12-18,0.016819234195547872,0.0
2012-12-19,-0.004456627842688707,0.0
2012-12-20,0.004949449623168398,0.0
2012-12-21,-0.010848804052448957,0.0
2012-12-24,-0.00290278473575889,0.007495616265615496
2012-12-26,-0.004035031480058966,0.0
2012-12-27,-0.0015843082606432793,0.0
2012-12-28,-0.010559854859774315,0.0
2012-12-31,0.023156670194851126,0.007317419636939835
2013-01-02,0.024408233224061382,0.3746071746214186
2013-01-03,0.0004032540838249275,0.0
2013-01-04,0.00896973108890204,0.0
2013-01-07,-0.0022193753514250813,0.0
2013-01-08,-0.0067194731572406356,0.0
2013-01-09,0.0016469848963789205,0.0
2013-01-10,0.007807486608899112,0.0
2013-01-11,-0.0003519040640525764,0.0
2013-01-14,3.717431888407871e-05,0.0
2013-01-15,0.006550955116019486,0.0
2013-01-16,-0.0009691894890131779,0.0
2013-01-17,0.009129560525877928,0.0
2013-01-18,0.004249305209740962,0.0
2013-01-22,0.00672434265120366,0.0
2013-01-23,-0.0017315503045843312,0.0
2013-01-24,0.008434253024277402,0.0
2013-01-25,0.012129270098531332,0.0
2013-01-28,-0.0028680887698525827,0.0
2013-01-29,0.0022473177562792506,0.0
2013-01-30,-0.0048382547573624386,0.0
2013-01-31,0.0025813633984149743,0.0
2013-02-01,0.008811745902693069,0.33084942098446457
2013-02-04,-0.011380674153088313,0.0
2013-02-05,0.011543718940665079,0.0
2013-02-06,0.0025819689753736465,0.0
2013-02-07,-0.003901929380885183,0.007922832513156399
2013-02-08,0.0056378612952601055,0.0
2013-02-11,0.0002750756204152321,0.0
2013-02-12,0.00469454239170901,0.0
2013-02-13,0.0007012555651544324,0.0
2013-02-14,0.005561199150333771,0.0
2013-02-15,-0.0024268001279789727,0.0
2013-02-19,0.006289718185285471,0.0
2013-02-20,-0.021797787873237228,0.0
2013-02-21,-0.009924919387574994,0.0
2013-02-22,0.009852407505354217,0.0
2013-02-25,-0.024177565878844152,0.0
2013-02-26,0.005002140619115192,0.0
2013-02-27,0.014726161828955553,0.0
2013-02-28,-0.004338752801175851,0.0
2013-03-01,0.0008225752857076163,0.6566684168695132
2013-03-04,0.0025963949595557206,0.0
2013-03-05,0.011674492650667896,0.0
2013-03-06,0.003543310111338101,0.0
2013-03-07,0.0049529319604985755,0.0
2013-03-08,0.008325932116241903,0.0
2013-03-11,0.0020043197667101408,0.0
2013-03-12,-0.0004163157834432517,0.0
2013-03-13,0.002922946689335379,0.0
2013-03-14,0.005391208291487975,0.0
2013-03-15,-0.002189765110936375,0.0
2013-03-18,-0.004630535945133112,0.0
2013-03-19,-0.008013291010000076,0.0
2013-03-20,0.010363295386434514,0.0
2013-03-21,-0.0104798793656383,0.0
2013-03-22,0.005192554560758199,0.0
2013-03-25,-0.0025984153725311333,0.0
2013-03-26,0.006299050340951943,0.0
2013-03-27,-0.0011204667341541109,0.0
2013-03-28,0.004113544840990118,0.0
2013-04-01,-0.010596419885200659,0.4589100144573761
2013-04-02,-0.002825297205880166,0.0
2013-04-03,-0.012554538679691375,0.0
2013-04-04,0.004283756678354622,0.0
2013-04-05,-0.0031969093342109705,0.0
2013-04-08,0.009952168798205341,0.0
2013-04-09,0.007083174688507948,0.0
2013-04-10,0.01278436532075541,0.0
2013-04-11,0.003537627641945699,0.0
2013-04-12,-0.004724493837135288,0.0
2013-04-15,-0.03182906188992562,0.0
2013-04-16,0.015078517535821734,0.0
2013-04-17,-0.01770885287270901,0.0
2013-04-18,-0.006016326606754784,0.0
2013-04-19,0.00832513516746449,0.0
2013-04-22,0.004924369678130378,0.0
2013-04-23,0.01618336292406208,0.0
2013-04-24,0.0038814697903470944,0.0
2013-04-25,0.007165833878592753,0.0
2013-04-26,-0.005303213389909093,0.0
2013-04-29,0.008128457474087934,0.0
2013-04-30,0.0030173146139927344,0.0
2013-05-01,-0.008634966025527824,0.5352807822984148
2013-05-02,0.013741867996504937,0.0
2013-05-03,0.017846688221926123,0.0
2013-05-06,0.004492228221903966,0.0
2013-05-07,0.004128962070521233,0.0
2013-05-08,0.011260387174970583,0.0
2013-05-09,-0.0018114450037663063,0.0
2013-05-10,0.009276873342655147,0.0
2013-05-13,-0.0038359366112772205,0.0
2013-05-14,0.013005627497504557,0.0
2013-05-15,0.0035851139403938123,0.0
2013-05-16,-0.006979513055054846,0.0
2013-05-17,0.014735688156429875,0.0
2013-05-20,0.0025293380309131565,0.0
2013-05-21,-0.0005209905429639067,0.0
2013-05-22,-0.013742207754371741,0.0
2013-05-23,0.0019507918219403533,0.0
2013-05-24,-0.0046175198494417015,0.0
2013-05-28,0.008313060816701833,0.0
2013-05-29,-0.009833729593723894,0.0
2013-05-30,0.00645305464679262,0.0
2013-05-31,-0.014026257100017304,0.0
2013-06-03,8.641194328262713e-05,0.47757451458850464
2013-06-04,-0.008644309217088515,0.0
2013-06-05,-0.012869189805178202,0.0
2013-06-06,0.012263764138694327,0.0
2013-06-07,0.014957432371860202,0.007710180753476992
2013-06-10,-0.0014990689783013302,0.0
2013-06-11,-0.013296277869077165,0.0
2013-06-12,-0.010850363339252224,0.0
2013-06-13,0.022654984522271614,0.0
2013-06-14,-0.007113385013535675,0.0
2013-06-17,0.008970035442011718,0.0
2013-06-18,0.008959688281318044,0.0
2013-06-19,-0.01406367473108584,0.0
2013-06-20,-0.028297027126646168,0.0
2013-06-21,-0.001613107078736273,0.0
2013-06-24,-0.015226156077913635,0.0
2013-06-25,0.01110709381402356,0.0
2013-06-26,0.008832207743075356,0.0
2013-06-27,0.011539572571000677,0.0
2013-06-28,-0.0034978137477291726,0.006824771081168493
2013-07-01,0.009668531175678119,0.5421202646090701
2013-07-02,-0.0031172169187787305,0.0
2013-07-03,-0.0018006912658916354,0.0
2013-07-05,0.008497413367979512,0.0
2013-07-08,0.0029307462609257924,0.0
2013-07-09,0.011473376199044032,0.0
2013-07-10,0.0007417247771802004,0.0
2013-07-11,0.02155923117171977,0.0
2013-07-12,0.003308156071982744,0.0
2013-07-15,-0.0003735840594689514,0.0
2013-07-16,-0.004508477530405812,0.0
2013-07-17,0.002717242162002427,0.0
2013-07-18,0.0063139485541112775,0.0
2013-07-19,0.002684634716786532,0.0
2013-07-22,0.0014908935334056522,0.0
2013-07-23,-0.0016199489615113926,0.0
2013-07-24,-0.009502035026253363,0.0
2013-07-25,0.008686596381806407,0.0
2013-07-26,0.00018934071918272734,0.0
2013-07-29,-0.004126010371974215,0.0
2013-07-30,0.005455307183808681,0.0
2013-07-31,0.0019587576327502127,0.0
2013-08-01,0.01615408077767011,0.5227150556278556
2013-08-02,0.0017532993389509017,0.0
2013-08-05,0.0005499947544314996,0.0
2013-08-06,-0.007787204071932039,0.0
2013-08-07,-0.006931425310038073,0.0
2013-08-08,0.009708342917662446,0.0
2013-08-09,0.0019814551299117797,0.0
2013-08-12,-0.0004541221272906244,0.0
2013-08-13,0.0004408398115462542,0.0
2013-08-14,-0.003136024044913117,0.0
2013-08-15,-0.015629801585974674,0.0
2013-08-16,-0.00475084747195024,0.0
2013-08-19,-0.011314268144824679,0.0
2013-08-20,0.011488034399989324,0.0
2013-08-21,-0.006323975982816839,0.0
2013-08-22,0.013660822139288865,0.0
2013-08-23,0.003785237535070477,0.0
2013-08-26,-0.0025425887740732045,0.0
2013-08-27,-0.021461290847246434,0.0
2013-08-28,0.00276641290847264,0.0
2013-08-29,0.0026721841565979718,0.0
2013-08-30,-0.005515813752697664,0.0
2013-09-03,0.007140025178894671,0.5974294726962925
2013-09-04,0.012237260307913791,0.0
2013-09-05,0.0022735454383307624,0.0
2013-09-06,0.0021639741055323146,0.0
2013-09-09,0.015284554500906166,0.0
2013-09-10,0.007309498345856917,0.0
2013-09-11,0.003663614091080523,0.0
2013-09-12,-0.006026818207699227,0.0
2013-09-13,0.003259901643792752,0.0
2013-09-16,0.007592040293980403,0.0
2013-09-17,0.005460424320464792,0.0
2013-09-18,0.016223394146053623,0.0
2013-09-19,-0.003094676841221823,0.0
2013-09-20,-0.009908369761131689,0.0
2013-09-23,-0.009415960892175992,0.0
2013-09-24,0.0014593324640198944,0.0
2013-09-25,-0.0018752088744203297,0.0
2013-09-26,0.004150722467586706,0.0
2013-09-27,-0.00530550688919223,0.0
2013-09-30,-0.004645588156350827,0.0
2013-10-01,0.010967444571261309,0.4591532186085946
2013-10-02,0.0018927062479687292,0.0
2013-10-03,-0.008566954094876655,0.0
2013-10-04,0.008692076426033542,0.0
2013-10-07,-0.01127994141885188,0.0
2013-10-08,-0.017064341993606878,0.0
2013-10-09,0.0020788069702727847,0.0
2013-10-10,0.022558459923680475,0.0
2013-10-11,0.007221681675191274,0.0
2013-10-14,0.003585331374759945,0.0
2013-10-15,-0.007984696111432214,0.0
2013-10-16,0.014763267865560037,0.0
2013-10-17,0.009344224159981693,0.0
2013-10-18,0.006038813287935584,0.0
2013-10-21,-0.001051383867680099,0.0
2013-10-22,0.005850710969916071,0.0
2013-10-23,-0.006856368148133051,0.0
2013-10-24,0.0042158229567953245,0.0
2013-10-25,0.004139658081926078,0.0
2013-10-28,-0.00035906884706398735,0.0
2013-10-29,0.0084825931649457,0.0
2013-10-30,-0.004680378862374284,0.0
2013-10-31,-0.0034835479571320984,0.0
2013-11-01,0.006032954711497895,0.6441074396973475
2013-11-04,0.008204718860175451,0.0
2013-11-05,-0.0033846781944692705,0.0
2013-11-06,-0.0009584549487976822,0.0
2013-11-07,-0.014252139526688783,0.0
2013-11-08,0.014981529886120375,0.0
2013-11-11,0.0031753679940508383,0.0
2013-11-12,-0.00044779485955506986,0.0
2013-11-13,0.010625808764327355,0.0
2013-11-14,0.003303772599228042,0.0
2013-11-15,0.005096725882046616,0.0
2013-11-18,-0.008170131967602893,0.0
2013-11-19,-0.004164038057229615,0.0
2013-11-20,-0.0015994505904059048,0.0
2013-11-21,0.009386628022598882,0.0
2013-11-22,0.004124587271700126,0.0
2013-11-25,-0.0024052299322650616,0.0
2013-11-26,0.0009855013056595415,0.0
2013-11-27,0.005845934489910451,0.0
2013-11-29,-0.0001454585851199397,0.009246358786943184
2013-12-02,-0.003412141792126011,0.5965712707617203
2013-12-03,-0.0029096803508916035,0.0
2013-12-04,-0.00031274269692393997,0.007779006429442483
2013-12-05,-0.004795831613358437,0.0
2013-12-06,0.008574872685440209,0.0
2013-12-09,0.002337205665464159,0.0
2013-12-10,-0.0018290223170368746,0.0
2013-12-11,-0.01543242381087288,0.0
2013-12-12,-0.0024673777069525228,0.0
2013-12-13,0.003148909526004069,0.0
2013-12-16,0.007240894399087669,0.0
2013-12-17,0.0005489476977773948,0.0
2013-12-18,0.011909512793928104,0.0
2013-12-19,0.0003542243703500425,0.015096257037870667
2013-12-20,0.006934797994956447,0.0
2013-12-23,0.0069048591603919265,0.0
2013-12-24,0.003547920455091696,0.0
2013-12-26,0.004042207856549813,0.0
2013-12-27,0.0001837882568463754,0.0
2013-12-30,0.0010052116282461177,0.0
2013-12-31,0.0033679789748773557,0.0
2014-01-02,-0.007917301642488495,0.35173332265702334
2014-01-03,0.00015659788746962575,0.0
2014-01-06,-0.005500643895004298,0.0
2014-01-07,0.007566893844316787,0.0
2014-01-08,0.0018640214544799305,0.0
2014-01-09,0.0013486119572051307,0.0
2014-01-10,0.004652274758101947,0.0
2014-01-13,-0.015545454409838087,0.0
2014-01-14,0.013057121056164571,0.0
2014-01-15,0.00388259521565555,0.0
2014-01-16,-0.002024643196408919,0.0
2014-01-17,-0.0030962306636037693,0.0
2014-01-21,0.0023455930989709967,0.0
2014-01-22,0.0032986019553950304,0.0
2014-01-23,-0.0075213456138913636,0.0
2014-01-24,-0.02269563410987574,0.0
2014-01-27,-0.005194465965010477,0.0
2014-01-28,0.009006978394287633,0.0
2014-01-29,-0.010774443946903401,0.0
2014-01-30,0.014523066953402393,0.0
2014-01-31,-0.006909547140808295,0.0
2014-02-03,-0.025164610074316807,0.49696900155268553
2014-02-04,0.010765900882175473,0.0
2014-02-05,-0.0023375127435487546,0.0
2014-02-06,0.018304807199202987,0.0
2014-02-07,0.01222811918584796,0.0
2014-02-10,0.003238013675383028,0.0
2014-02-11,0.010256426571783606,0.0
2014-02-12,0.003152556134385059,0.0
2014-02-13,0.006551840835990627,0.0
2014-02-14,0.004650105126370013,0.0
2014-02-18,0.002873036332326601,0.0
2014-02-19,-0.003876744250177806,0.0
2014-02-20,0.008450762480398659,0.0
2014-02-21,0.0002375827684776555,0.0
2014-02-24,0.006626683173254602,0.0
2014-02-25,-0.00026786215266018625,0.0
2014-02-26,0.0021523756720412536,0.0
2014-02-27,0.004828572016047106,0.0
2014-02-28,0.0012438504007571062,0.0
2014-03-03,-0.0072485934673383046,0.6065123481064997
2014-03-04,0.015555756239132777,0.0
2014-03-05,-0.00045189404747514414,0.0
2014-03-06,0.002497463456394394,0.0
2014-03-07,-0.0006188628855381039,0.0
2014-03-10,-0.003517936503840256,0.0
2014-03-11,-0.005929302791764411,0.0
2014-03-12,0.001449751697977565,0.0
2014-03-13,-0.013095544841817963,0.007730226821061118
2014-03-14,0.0014848329685091654,0.0
2014-03-17,0.008539827032538163,0.0
2014-03-18,0.009375972509625399,0.0
2014-03-19,-0.0027966795755344906,0.0
2014-03-20,0.004592423070055361,0.0
2014-03-21,-0.002108722880912871,0.0
2014-03-24,-0.009122010380807415,0.0
2014-03-25,0.001464965950203179,0.0
2014-03-26,-0.0070776333287565696,0.0
2014-03-27,-0.0030371697868266786,0.0
2014-03-28,0.007580775627862228,0.0
2014-03-31,0.00935512604755466,0.0
2014-04-01,0.010861924662368905,0.4681890829645362
2014-04-02,0.004977181691505184,0.007654211292002227
2014-04-03,-0.005270643069521195,0.0
2014-04-04,-0.015991721697142712,0.0
2014-04-07,-0.01562502770772866,0.0
2014-04-08,0.007481467854156288,0.0
2014-04-09,0.011411022181913377,0.0
2014-04-10,-0.02420992419733134,0.0
2014-04-11,-0.013725976869860955,0.0
2014-04-14,0.010709178134322846,0.0
2014-04-15,0.0049617832239168234,0.0
2014-04-16,0.011729548144320083,0.0
2014-04-17,0.002428889162225855,0.0
2014-04-21,0.0037789371340450294,0.0
2014-04-22,0.006550634694514881,0.0
2014-04-23,-0.004223325796971156,0.008190126584563286
2014-04-24,0.0030055498981251183,0.0
2014-04-25,-0.012656992633339508,0.0
2014-04-28,-0.002658510116256488,0.0
2014-04-29,0.0054512748190968475,0.0
2014-04-30,0.0068557604498002645,0.0
2014-05-01,-8.251108940005025e-05,0.42035356664116513
2014-05-02,0.001789190484338399,0.0
2014-05-05,-0.00030145463037583285,0.0
2014-05-06,-0.01215962720051081,0.0
2014-05-07,-0.0007464450770293806,0.0
2014-05-08,-0.0006753880083523047,0.0
2014-05-09,0.003759927997124454,0.0
2014-05-12,0.01621707102179456,0.0
2014-05-13,-0.0007851600980594926,0.0
2014-05-14,-0.007973089356163303,0.0
2014-05-15,-0.00815778809610164,0.0
2014-05-16,0.004310698581613957,0.0
2014-05-19,0.006086555329099224,0.0
2014-05-20,-0.008535491258369573,0.0
2014-05-21,0.0092807209516231,0.0
2014-05-22,0.004370605088574888,0.0
2014-05-23,0.007846049885018193,0.0
2014-05-27,0.006123644403133858,0.0
2014-05-28,0.00024208009231065303,0.0
2014-05-29,0.006740804796195456,0.0
2014-05-30,-0.0008123840986168773,0.0
2014-06-02,0.0014088605630799833,0.6577601160923304
2014-06-03,-0.00011748630406487753,0.0
2014-06-04,0.004844308921517479,0.0
2014-06-05,0.0063598753168321205,0.0
2014-06-06,0.005734158511551988,0.0
2014-06-09,0.0002957044922318954,0.0
2014-06-10,-0.00190577649808434,0.0
2014-06-11,-0.0014244144044447237,0.0
2014-06-12,-0.006801954022358731,0.0
2014-06-13,0.003805560240312246,0.0
2014-06-16,0.0014512662614775398,0.0
2014-06-17,0.0053066726953061374,0.0
2014-06-18,0.006673107440230883,0.0
2014-06-19,-0.0015235703482081183,0.0
2014-06-20,0.0035700229008606534,0.0
2014-06-23,-0.0002831339013385767,0.0
2014-06-24,-0.008068777904478592,0.0
2014-06-25,0.003845634767704423,0.0
2014-06-26,0.001693808027603461,0.0
2014-06-27,0.0022814115477079733,0.0
2014-06-30,0.0011322880998655672,0.0
2014-07-01,0.008654895405952878,0.4176328756193599
2014-07-02,0.0028533030437723553,0.0
2014-07-03,0.00784047780018592,0.0
2014-07-07,-0.007340305907255342,0.0
2014-07-08,-0.010696855253716114,0.0
2014-07-09,0.00655573498447833,0.0
2014-07-10,-0.004456222107589395,0.0
2014-07-11,0.002444707285912162,0.0
2014-07-14,0.003723188663637817,0.0
2014-07-15,-0.004714938559554528,0.0
2014-07-16,0.0016686499230762983,0.0
2014-07-17,-0.010723620343709245,0.0
2014-07-18,0.011778476910054472,0.0
2014-07-21,-0.003050113392139358,0.0
2014-07-22,0.007456202698344743,0.0
2014-07-23,0.00022477394528023999,0.0
2014-07-24,0.0021533241731150742,0.0
2014-07-25,-0.0037039935542901364,0.0
2014-07-28,0.0012698947614724564,0.0
2014-07-29,-0.003143331653525572,0.0
2014-07-30,0.0032278133929927256,0.0
2014-07-31,-0.019526161711257185,0.0
2014-08-01,-0.0021887455536628853,0.5304761571724157
2014-08-04,0.008079047223934304,0.0
2014-08-05,-0.005722850623774795,0.0
2014-08-06,0.0002935238837822795,0.0
2014-08-07,-0.008111910078959355,0.0
2014-08-08,0.013249306798471758,0.0
2014-08-11,0.00414033466949445,0.0
2014-08-12,-0.003341154035263015,0.0
2014-08-13,0.005486961189982108,0.0
2014-08-14,0.006377539936695875,0.007185084596287473
2014-08-15,0.0008584857894056837,0.0
2014-08-18,0.0101605048891676,0.0
2014-08-19,0.006721639538791888,0.0
2014-08-20,0.0028983884591946407,0.0
2014-08-21,0.0005971343988041019,0.0
2014-08-22,0.0013142004698434902,0.0
2014-08-25,0.002681297545432395,0.0
2014-08-26,0.0010781397530898944,0.0
2014-08-27,0.00015829190330178544,0.0
2014-08-28,-0.0008372844426210391,0.0
2014-08-29,0.00336145196971528,0.0
2014-09-02,-0.001360886391138516,0.5995150615336053
2014-09-03,-0.0007502847992793521,0.0
2014-09-04,-0.001546347409096296,0.0
2014-09-05,0.004143811536053402,0.0
2014-09-08,-0.002751167729820937,0.0
2014-09-09,-0.007589668874994387,0.0
2014-09-10,0.0022759060589814173,0.0
2014-09-11,0.002780044214945359,0.0
2014-09-12,-0.007377405082309363,0.0
2014-09-15,-0.0030258522354223885,0.0
2014-09-16,0.00667208217280341,0.0
2014-09-17,-0.0005781507066567643,0.0
2014-09-18,0.00338854615245724,0.0
2014-09-19,-0.004414995203178479,0.0
2014-09-22,-0.011887747625663247,0.006774884036809598
2014-09-23,-0.0063723748460900115,0.0
2014-09-24,0.007712572618633092,0.0
2014-09-25,-0.015869085958554727,0.0
2014-09-26,0.0065263893808773605,0.0
2014-09-29,-0.00137096011163805,0.0
2014-09-30,-0.004884871069404655,0.0
2014-10-01,-0.014675328079427286,0.37811454718760684
2014-10-02,0.0012733022634085404,0.0
2014-10-03,0.008777112558559466,0.0
2014-10-06,-0.004169886150638841,0.0
2014-10-07,-0.017773575837285727,0.0
2014-10-08,0.016937874446078957,0.0
2014-10-09,-0.02615922143969234,0.0
2014-10-10,-0.014442323149979393,0.0
2014-10-13,-0.020534668186318796,0.0
2014-10-14,0.007829635809575066,0.0
2014-10-15,0.0011430193236468605,0.0
2014-10-16,0.0052971205425721484,0.0
2014-10-17,0.010416762433755153,0.0
2014-10-20,0.011086777462431875,0.0
2014-10-21,0.024749590105336373,0.0
2014-10-22,-0.011041045073362264,0.0
2014-10-23,0.014516888038316678,0.0
2014-10-24,0.004749133432142298,0.0
2014-10-27,-0.0037979173843181078,0.0
2014-10-28,0.014901466740432958,0.0
2014-10-29,-0.0032179993624409722,0.0
2014-10-30,0.00423052416246602,0.0
2014-10-31,0.01312561310459089,0.0
2014-11-03,-0.0007888054863923744,0.7981835865340361
2014-11-04,-0.011468410537234134,0.0
2014-11-05,0.010402130624319024,0.0
2014-11-06,0.006043846100787757,0.0
2014-11-07,0.0033818779285664045,0.0
2014-11-10,-0.0008002469724820462,0.0
2014-11-11,0.0009283438346805134,0.0
2014-11-12,6.0697721205620254e-05,0.0
2014-11-13,-0.0058508514542256595,0.0
2014-11-14,0.004955257246772073,0.0
2014-11-17,-0.003442858177891256,0.0
2014-11-18,0.006561234916804479,0.0
2014-11-19,-0.0028786408303279843,0.0
2014-11-20,0.007966685154102515,0.0
2014-11-21,0.006366148504748231,0.0
2014-11-24,0.003882233207512871,0.0
2014-11-25,-0.0028375675417704853,0.0
2014-11-26,-0.00016403365723599258,0.0
2014-11-28,-0.014767764791317969,0.0
2014-12-01,-0.011538171490798277,0.5071809988416083
2014-12-02,0.006665954617995027,0.0
2014-12-03,0.012171178602979164,0.0
2014-12-04,-0.0048129428082307295,0.0
2014-12-05,-0.0011615817146946757,0.0
2014-12-08,-0.022168257233782906,0.0
2014-12-09,0.007241571935829571,0.0
2014-12-10,-0.02559326754994501,0.0
2014-12-11,0.003676020175562309,0.0
2014-12-12,-0.018151686382737536,0.0
2014-12-15,-0.007422646992431173,0.0
2014-12-16,-0.005276437939044986,0.0
2014-12-17,0.027663794496192017,0.0
2014-12-18,0.021795848433019148,0.0
2014-12-19,0.014638122702824607,0.0
2014-12-22,-0.000895311776927145,0.0
2014-12-23,0.004455951665382629,0.0
2014-12-24,-0.0019506431673202347,0.0
2015-01-08,0.021057454735044612,0.3352649522557195
2015-01-09,-0.009147785490885855,0.0
2015-01-12,-0.01566810566867032,0.0
2015-01-13,-0.00667218489461241,0.0
2015-01-14,-0.005848424358174316,0.0
2015-01-15,-0.014848595115229023,0.0
2015-01-16,0.019492263967395257,0.0
2015-01-20,-0.001463542772416402,0.0
2015-01-21,0.015571247899962873,0.0
2015-01-22,0.01161814272735647,0.0
2015-01-23,-0.006844685722618109,0.0
2015-01-26,0.00863830654330228,0.0
2015-01-27,-0.007855610966034966,0.0
2015-01-28,-0.021983043504867936,0.0
2015-01-29,0.00945199828669508,0.0
2015-01-30,-0.004377827332883511,0.0
2015-02-02,0.019757374999841204,0.4887459713018708
2015-02-03,0.024590111107415137,0.0
2015-02-04,-0.008811898735109569,0.0
2015-02-05,0.012784800861453956,0.0
2015-02-06,0.00019957126117985742,0.0
2015-02-09,-0.0006750882609171257,0.0
2015-02-10,0.007139073619052338,0.0
2015-02-11,-0.0017647528823231332,0.0
2015-02-12,0.01407211785097091,0.0
2015-02-13,0.010438832897874013,0.0
2015-02-17,0.0036783051068365416,0.0
2015-02-18,-0.0042763497991037515,0.0
2015-02-19,0.0013607216213179355,0.0
2015-02-20,0.004091431659098927,0.0
2015-02-23,-0.005131596430328372,0.0
2015-02-24,0.0036800078840935916,0.0
2015-02-25,0.002033222485003532,0.0
2015-02-26,-0.008414694191833454,0.0
2015-02-27,-0.0015026455667946721,0.0
2015-03-02,0.005940765943353243,0.5579882710907565
2015-03-03,-0.0036250641663716945,0.0
2015-03-04,-0.00461460064985951,0.0
2015-03-05,-0.0004669411580670935,0.0
2015-03-06,-0.015484343409533852,0.0
2015-03-09,-0.0019032273181687626,0.0
2015-03-10,-0.017171181509002275,0.0
2015-03-11,0.000979529024112745,0.0
2015-03-12,0.006434023077015016,0.007858516671769622
2015-03-13,-0.007822458145893363,0.0
2015-03-16,0.009628081230518757,0.0
2015-03-17,-0.003449822984351463,0.0
2015-03-18,0.016486818972070473,0.0
2015-03-19,-0.008413834395995048,0.0
2015-03-20,0.011968109075469968,0.021212875300374988
2015-03-23,0.0005317297265048313,0.0
2015-03-24,-0.005745871412021359,0.0
2015-03-25,-0.007510019975381761,0.0
2015-03-26,-0.0021304260026642767,0.0
2015-03-27,-0.000912756984900544,0.0
2015-03-30,0.01203975399948722,0.0
2015-03-31,-0.006202676204185606,0.0
2015-04-01,-0.0022599903791715725,0.37489329726007675
2015-04-02,0.0069479721718191285,0.0
2015-04-06,0.012001301602487396,0.0
2015-04-07,-0.001569161579736043,0.0
2015-04-08,0.001347840053788088,0.0
2015-04-09,0.008599177009810322,0.0
2015-04-10,0.0024229434008853257,0.0
2015-04-13,-0.003875831351599726,0.0
2015-04-14,0.005604717531821458,0.0
2015-04-15,0.01576309508579665,0.0
2015-04-16,-0.0026561005510944424,0.0
2015-04-17,-0.009443810498287639,0.0
2015-04-20,0.006764136183995586,0.0
2015-04-21,-0.002756353653596509,0.0
2015-04-22,0.004857717066180231,0.0
2015-04-23,0.004378590738700902,0.0
2015-04-24,-0.0010367133205475194,0.0
2015-04-27,-0.001410235602350967,0.0
2015-04-28,0.002326056211843196,0.0
2015-04-29,0.002364857695105389,0.0
2015-04-30,-0.0061453280089997404,0.0
2015-05-01,0.00868321576072617,0.548681875866933
2015-05-04,0.002164353176734169,0.0
2015-05-05,-0.010136307309644405,0.0
2015-05-06,-0.005758819938553057,0.0
2015-05-07,-0.00232554291215929,0.0
2015-05-08,0.012358980550569745,0.0
2015-05-11,-0.0033037096138159045,0.0
2015-05-12,-0.004890985962762892,0.0
2015-05-13,-0.0004838555981210603,0.0
2015-05-14,0.004281649284835791,0.0
2015-05-15,0.0009513388924988096,0.0
2015-05-18,0.0025306555422635046,0.0
2015-05-19,-0.008551756262141552,0.0
2015-05-20,0.0009064020600361364,0.0
2015-05-21,0.005124118654841461,0.0
2015-05-22,-0.0012205618653722133,0.0
2015-05-26,-0.015530009292216384,0.0
2015-05-27,0.005393831573475072,0.0
2015-05-28,-0.0030563796448793723,0.0
2015-05-29,-0.006945853178351919,0.0
2015-06-01,0.0009298407649243057,0.5980944609990342
2015-06-02,0.003468401644547321,0.0
2015-06-03,0.0002798699594413173,0.0
2015-06-04,-0.009368313592725615,0.0
2015-06-05,0.0016316784935817008,0.0
2015-06-08,-0.008438518575468658,0.0
2015-06-09,-0.0007973218900444224,0.0
2015-06-10,0.010258431899784067,0.0
2015-06-11,-0.00015237495706397,0.0
2015-06-12,-0.006999941037443813,0.0
2015-06-15,-0.005760876021103881,0.0
2015-06-16,0.00583299203019613,0.0
2015-06-17,0.003378292871635017,0.0
2015-06-18,0.006750166297264696,0.0
2015-06-19,-0.004825163222463116,0.0
2015-06-22,0.0031707245314527635,0.0
2015-06-23,0.0019455479050688675,0.0
2015-06-24,-0.008450685839491281,0.0
2015-06-25,-0.006083811446351454,0.0
2015-06-26,-0.0014886804250972537,0.0
2015-06-29,-0.023295229005311686,0.0
2015-06-30,0.0022102308036338193,0.0
2015-07-01,0.0010892000649029843,0.5645473494312871
2015-07-02,0.0008599936957975896,0.007569248070135331
2015-07-06,-0.0095510103982267,0.007632716523637266
2015-07-07,0.007066232377008484,0.0
2015-07-08,-0.02017939173791766,0.0
2015-07-09,0.0029592675221920884,0.0
2015-07-10,0.008324209230822803,0.0
2015-07-13,0.010972058386537795,0.0
2015-07-14,0.004985915398102229,0.0
2015-07-15,-0.008958195227130416,0.0
2015-07-16,0.004793030196823516,0.0
2015-07-17,-0.007503306864669469,0.0
2015-07-20,-0.007773067850190076,0.0
2015-07-21,-0.0011344734312435998,0.0
2015-07-22,-0.0013131141409535919,0.0
2015-07-23,-0.0024500457909321376,0.0
2015-07-24,-0.01554658775206924,0.0
2015-07-27,-0.008695300978397599,0.0
2015-07-28,0.015606727073955821,0.0
2015-07-29,0.007052681425338413,0.0
2015-07-30,-8.592327131299411e-05,0.0
2015-07-31,-0.003710107816889434,0.0
2015-08-03,-0.006775528215559601,0.5681141629124422
2015-08-04,-0.0019865803014467247,0.0
2015-08-05,-0.0011341709921081648,0.0
2015-08-06,-0.006445587889609963,0.0
2015-08-07,-0.00672618280735803,0.0
2015-08-10,0.02512964298307052,0.0
2015-08-11,-0.015191289087045782,0.0
2015-08-12,0.0039870919141333306,0.0
2015-08-13,-0.008642909948154481,0.0
2015-08-14,0.001975386477849507,0.0
2015-08-17,0.00760796054693797,0.0
2015-08-18,-0.005111980643918945,0.0
2015-08-19,-0.01235479265064447,0.0
2015-08-20,-0.023936671170780566,0.0
2015-08-21,-0.025740833615839967,0.0
2015-08-24,-0.042423820249189545,0.0
2015-08-25,-0.012680202912369327,0.0
2015-08-26,0.03142020559904134,0.0
2015-08-27,0.0372112422648139,0.0
2015-08-28,0.008496925279807437,0.0
2015-08-31,-0.001533179631341827,0.0
2015-09-01,-0.03183103563633205,0.5405720118520608
2015-09-02,0.013843217765091231,0.0
2015-09-03,0.003184733971845853,0.0
2015-09-04,-0.015655106741958958,0.0
2015-09-08,0.0245395787274559,0.0
2015-09-09,-0.013619754105274433,0.0
2015-09-10,0.00472471682321995,0.0
2015-09-11,-0.0015571857733142477,0.0
2015-09-14,-0.007054891892998669,0.0
2015-09-15,0.013300026030266674,0.0
2015-09-16,0.016089188434830176,0.0
2015-09-17,-0.0025611712715717773,0.0
2015-09-18,-0.02385819214219291,0.0
2015-09-21,4.8759159993150346e-05,0.0
2015-09-22,-0.017489433671022115,0.0
2015-09-23,-0.011763516238369225,0.0
2015-09-24,-0.0016403285479618637,0.0
2015-09-25,-0.003890154408342663,0.0
2015-09-28,-0.03382819266893091,0.0
2015-09-29,-0.00016766525378848632,0.0
2015-09-30,0.022036255402281747,0.0
2015-10-01,-0.0001518797597103161,0.6865561101404285
2015-10-02,0.028088238735073337,0.0
2015-10-05,0.028743173719745267,0.0
2015-10-06,0.006691626933052364,0.008045739838463023
2015-10-07,0.014292514797743064,0.0
2015-10-08,0.01587842231865716,0.0
2015-10-09,-0.004049447185307852,0.0
2015-10-12,-0.009458874788072311,0.0
2015-10-13,-0.009473292333814963,0.0
2015-10-14,0.0033982147308196818,0.0
2015-10-15,0.014719541789153556,0.0
2015-10-16,-0.0049794982470443665,0.0
2015-10-19,-0.006837298050015432,0.0
2015-10-20,0.003059002514356462,0.0
2015-10-21,-0.013299087048838181,0.0
2015-10-22,0.013090361321582127,0.0
2015-10-23,0.00796527512748463,0.0
2015-10-26,-0.012786528715407763,0.0
2015-10-27,-0.012065062972797061,0.0
2015-10-28,0.020800375917457824,0.0
2015-10-29,-0.0018740516312836478,0.0
2015-10-30,0.002649503202216385,0.0
2015-11-02,0.019264519086527265,0.5759028155213088
2015-11-03,0.009289371354614334,0.0
2015-11-04,-0.004843750928732678,0.0
2015-11-05,-0.0025464545859092773,0.0
2015-11-06,0.004491595300464144,0.0
2015-11-09,-0.009564706686336546,0.0
2015-11-10,-0.0007939221215237526,0.0
2015-11-11,-0.013619273064963976,0.0
2015-11-12,-0.01627655686602509,0.0
2015-11-13,-0.011473576702442605,0.0
2015-11-16,0.017320418673997955,0.0
2015-11-17,-0.005636957338326746,0.0
2015-11-18,0.020117743750013073,0.007361980796907841
2015-11-19,-0.004908101813853765,0.0
2015-11-20,0.0019793610126251516,0.0
2015-11-23,-0.000919691516659272,0.0
2015-11-24,0.009434916647426156,0.0
2015-11-25,-0.00030074498111712887,0.0
2015-11-27,-0.005114129180435415,0.0
2015-11-30,-9.688114751744693e-06,0.0
2015-12-01,0.010977548029023732,0.6244814531524823
2015-12-02,-0.017339199774719857,0.0
2015-12-03,-0.013088628700509992,0.0
2015-12-04,0.0034709489286576566,0.0
2015-12-07,-0.010527969951628725,0.0
2015-12-08,-0.00900914574663703,0.0
2015-12-09,-0.0021784702350368165,0.0
2015-12-10,0.0051622057863559695,0.0
2015-12-11,-0.025349861703796522,0.0
2015-12-14,-0.006384822573953999,0.0
2015-12-15,0.014247682588667602,0.0
2015-12-16,0.009586286597300066,0.0
2015-12-17,-0.023348987800906343,0.0
2015-12-18,-0.013085747783958438,0.0
2015-12-21,0.008070325805016907,0.0
2015-12-22,0.012519022320848481,0.0
2015-12-23,0.024261256067592635,0.0
2015-12-24,-0.0020906412735549984,0.0
2015-12-28,-0.010013279027924843,0.0
2015-12-29,0.01104488813401424,0.0
2015-12-30,-0.011462785578010469,0.0
2015-12-31,-0.003407504689340602,0.0
2016-01-04,-0.006063751866057565,0.4210146793588665
2016-01-05,-0.0014420568124737798,0.007644611750713375
2016-01-06,-0.03040594485384969,0.0
2016-01-07,-0.025094557609329188,0.0
2016-01-08,-0.011117535766652569,0.0
2016-01-11,-0.01295502688899226,0.0
2016-01-12,-0.001351518644299987,0.0
2016-01-13,-0.028061543681833438,0.0
2016-01-14,0.018101375874829774,0.0
2016-01-15,-0.02315420621219802,0.0
2016-01-19,-0.013035968153060955,0.0
2016-01-20,-0.003883588307260155,0.0
2016-01-21,0.0209117842017785,0.0
2016-01-22,0.019625164577521472,0.0
2016-01-25,-0.02853646051214967,0.0
2016-01-26,0.026900461693406194,0.0
2016-01-27,-0.004279461768823552,0.0
2016-01-28,0.0012059501703036571,0.0
2016-01-29,0.03335418888269425,0.0
2016-02-01,-0.001596052071049403,1.526379384152454
2016-02-02,-0.023607372011736648,0.0
2016-02-03,0.00850627576631562,0.0
2016-02-04,0.008454133007849033,0.0
2016-02-05,-0.01697154877596834,0.0
2016-02-08,-0.02392840071430273,0.0
2016-02-09,-0.001098538388897965,0.0
2016-02-10,0.002016201677944321,0.0
2016-02-11,-0.017425842852222703,0.0
2016-02-12,0.022412514309552753,0.0
2016-02-16,0.023509389244391894,0.0
2016-02-17,0.020579100967294588,0.0
2016-02-18,-0.005238371802128163,0.0
2016-02-19,-0.0015452696965960557,0.0
2016-02-22,0.01836610593138183,0.0
2016-02-23,-0.012482821946454656,0.0
2016-02-24,0.005320607376417423,0.0
2016-02-25,0.012008647636939204,0.0
2016-02-26,0.005562417939009249,0.0
2016-02-29,-0.008339230482440277,0.0
2016-03-01,0.026375125276791866,1.2219724085902781
2016-03-02,0.00643936057420435,0.0
2016-03-03,0.008051409541780553,0.0
2016-03-04,0.004018087977054185,0.0
2016-03-07,0.006749672966219242,0.0
2016-03-08,-0.011514904844682452,0.0
2016-03-09,0.0029283607010287815,0.0
2016-03-10,-0.0002503668066785522,0.0
2016-03-11,0.018449935303492815,0.0
2016-03-14,-0.0020476846941544155,0.0
2016-03-15,-0.007041509173664676,0.0
2016-03-16,0.008318445170665338,0.0
2016-03-17,0.00934948044456124,0.0
2016-03-18,0.004956944128384681,0.0
2016-03-21,0.0006589383318350653,0.0
2016-03-22,0.00011435439030490506,0.0
2016-03-23,-0.007540056220838666,0.0
2016-03-24,-0.0023059780527676377,0.0
2016-03-28,0.0002650509006222348,0.0
2016-03-29,0.008809714253855919,0.0
2016-03-30,0.003085521597810878,0.0
2016-03-31,-0.0005832081041870247,0.0
2016-04-01,0.005869323502929458,0.6250023151673062
2016-04-04,-0.0057273973186996955,0.0
2016-04-05,-0.012163672797514472,0.0
2016-04-06,0.007951649352882624,0.0
2016-04-07,-0.01311890966150547,0.0
2016-04-08,0.003682228436122981,0.0
2016-04-11,-0.0017821112274581013,0.0
2016-04-12,0.010523678326172587,0.0
2016-04-13,0.014601747025506678,0.0
2016-04-14,-0.00046948496971158934,0.0
2016-04-15,-3.487766399973421e-06,0.0
2016-04-18,0.005803572347300001,0.008212950724481654
2016-04-19,0.00845610940478283,0.0
2016-04-20,0.00033964605500384147,0.0
2016-04-21,-0.006406730937349225,0.00786163038728301
2016-04-22,0.0065026045455642695,0.0
2016-04-25,-0.004817822781456847,0.0
2016-04-26,0.005850589260196389,0.0
2016-04-27,0.006262519347890624,0.0
2016-04-28,-0.006624207610983047,0.0
2016-04-29,-0.007353454473701058,0.0
2016-05-02,0.006500308036745395,0.8731463254334269
2016-05-03,-0.005681060745760233,0.0
2016-05-04,-0.005852762812900092,0.0
2016-05-05,0.0011760444269269797,0.0
2016-05-06,0.0008737688296115212,0.0
2016-05-09,0.0038668319401936263,0.0
2016-05-10,0.010665425170392932,0.0
2016-05-11,-0.01251140363293439,0.0
2016-05-12,-0.0020325063003982916,0.0
2016-05-13,-0.007362242279025787,0.0
2016-05-16,0.009023792257719924,0.0
2016-05-17,-0.008432352336829525,0.0
2016-05-18,0.0008895721670084811,0.0
2016-05-19,-0.00388874147646619,0.0
2016-05-20,0.007157779967085906,0.0
2016-05-23,-0.002814452293492531,0.0077742200053342635
2016-05-24,0.013604399108685406,0.0
2016-05-25,0.006687461268819139,0.0
2016-05-26,-0.0006895650129797692,0.0
2016-05-27,0.004414606104367534,0.0
2016-05-31,0.0014992865898066096,0.0
2016-06-01,0.0020075173866593854,0.9154802347721906
2016-06-02,0.0017640646888992303,0.0
2016-06-03,-4.094824804110682e-05,0.0
2016-06-06,0.0014944871496993977,0.0
2016-06-07,0.0014425783031492916,0.0
2016-06-08,0.003604568923263122,0.0
2016-06-09,0.0012694727446631937,0.0
2016-06-10,-0.00796420076258065,0.0
2016-06-13,-0.008091431010975854,0.0
2016-06-14,-0.0014330127487439945,0.0
2016-06-15,-0.0015920030057847991,0.0
2016-06-16,0.003403625718536749,0.0
2016-06-17,-0.0017360758424530354,0.0
2016-06-20,0.0056863622605875155,0.0
2016-06-21,0.0026341464500458933,0.007663986191995955
2016-06-22,-0.001115246956648247,0.0
2016-06-23,0.011587153400356286,0.0
2016-06-24,-0.028077915439007887,0.0
2016-06-27,-0.014518544268764765,0.0
2016-06-28,0.013085285098716204,0.007836256928606703
2016-06-29,0.01580677727901867,0.0
2016-06-30,0.01756676328102833,0.0
2016-07-01,0.0004657528643094988,0.784647681307029
2016-07-05,-0.008555397866564788,0.0
2016-07-06,0.003694426248875068,0.0
2016-07-07,-0.000312927987720686,0.0
2016-07-08,0.017842416420486062,0.0
2016-07-11,0.0046067845808369385,0.0
2016-07-12,0.005270313640504332,0.0
2016-07-13,0.0014661548771217143,0.0
2016-07-14,0.004849245825627065,0.0
2016-07-15,-0.0008097605331186338,0.0
2016-07-18,0.0033976906293078334,0.0
2016-07-19,-0.0009097775749705492,0.0
2016-07-20,0.004583159056170737,0.0
2016-07-21,-0.0037021926036772657,0.0
2016-07-22,0.006166109389393122,0.0
2016-07-25,-0.0018229012448259389,0.0
2016-07-26,0.0009767683606712668,0.0
2016-07-27,-0.005347501471465045,0.0
2016-07-28,0.0015013066496327027,0.0
2016-07-29,0.0011117082630635632,0.0
2016-08-01,-0.001465974087506483,0.8829301214658525
2016-08-02,-0.007252253168623823,0.0
2016-08-03,0.003143022627005589,0.0
2016-08-04,-0.0036147667777640252,0.0
2016-08-05,0.0020607898077959126,0.0
2016-08-08,0.000269891801978791,0.0
2016-08-09,-0.0021096113462150618,0.0
2016-08-10,-0.0016416471950293561,0.0
2016-08-11,0.006385465837359207,0.0
2016-08-12,0.0007905769033149729,0.0
2016-08-15,0.0011912457824039978,0.0
2016-08-16,-0.008382217524665572,0.0
2016-08-17,0.0021521934589138494,0.0
2016-08-18,0.004780103727041893,0.0
2016-08-19,-0.00039898843504582686,0.0
2016-08-22,0.0016255145852666322,0.0
2016-08-23,0.001488798761440131,0.0
2016-08-24,-0.004681035617625451,0.0
2016-08-25,-0.0025578874824144678,0.0
2016-08-26,-0.006950207560050451,0.0
2016-08-29,0.004990604112424441,0.0
2016-08-30,-0.0013953690318737823,0.0
2016-08-31,-0.0013244262389561195,0.0
2016-09-01,-0.0009039037163904862,0.6855233889461189
2016-09-02,0.00554732409412328,0.0
2016-09-06,0.004597207185138109,0.0
2016-09-07,0.003074347776175465,0.0
2016-09-08,-0.0012607009822792423,0.0
2016-09-09,-0.029763086966575734,0.0
2016-09-12,0.01595789252603986,0.0
2016-09-13,-0.015855204195949123,0.0
2016-09-14,-0.0008696348576274671,0.0
2016-09-15,0.009224713299070887,0.0
2016-09-16,-0.0009853209685316395,0.0
2016-09-19,0.003087642728912144,0.0
2016-09-20,-0.002625338029266441,0.0
2016-09-21,0.01429874277202675,0.0
2016-09-22,0.009232291149342396,0.0
2016-09-23,-0.003084487528377542,0.0
2016-09-26,-0.005047537266558159,0.0
2016-09-27,0.0010631363198742878,0.0
2016-09-28,0.003970523325450262,0.0
2016-09-29,-0.010124960220428048,0.0
2016-09-30,0.004207369480747886,0.0
2016-10-03,-0.007051149993978378,0.5309301580041053
2016-10-04,-0.010895270148523678,0.0
2016-10-05,0.00044998510052050725,0.0
2016-10-06,-0.001182680168581926,0.0
2016-10-07,-0.0040622783350836396,0.0
2016-10-10,0.006127382884171329,0.0
2016-10-11,-0.013157898578099337,0.0
2016-10-12,0.003191164828601562,0.0
2016-10-13,0.0017771007024889106,0.0
2016-10-14,-0.004477425069659434,0.0
2016-10-17,-0.0010404867793377115,0.0
2016-10-18,0.008266990383474788,0.0
2016-10-19,0.000606131599252865,0.0
2016-10-20,-0.0004968666529267441,0.0
2016-10-21,-0.0009070246615789678,0.0
2016-10-24,0.00316319187065249,0.0
2016-10-25,-0.003081634991566139,0.0
2016-10-26,-0.004887397392375983,0.0
2016-10-27,-0.006233939273238867,0.0
2016-10-28,0.0004983453723834325,0.0
2016-10-31,0.003716211154130376,0.0
2016-11-01,-0.009768376759272446,0.9734887778458023
2016-11-02,-0.006625286522314458,0.0
2016-11-03,-0.00595571546634141,0.0
2016-11-04,0.002513576625873763,0.0
2016-11-07,0.022244838250349196,0.0
2016-11-08,0.0012740520073065906,0.0
2016-11-09,0.013307149817655637,0.0
2016-11-10,0.006226818133844389,0.0
2016-11-11,-0.0021249668106926045,0.0
2016-11-14,0.007226129907053755,0.0
2016-11-15,0.004116483112534857,0.0
2016-11-16,-0.0037957646261622866,0.0
2016-11-17,0.005221386010587968,0.0
2016-11-18,-0.00540826649998228,0.0
2016-11-21,0.006949541338217899,0.0
2016-11-22,0.0017328141795792367,0.0
2016-11-23,0.003405661757496775,0.0
2016-11-25,0.004453061978435615,0.0
2016-11-28,-0.0069796880958390385,0.0
2016-11-29,0.0007719581010695376,0.0
2016-11-30,-0.007083300202861964,0.007798678432515237
2016-12-01,-0.005690636112339886,1.0450247842028135
2016-12-02,0.004008721185096109,0.0
2016-12-05,0.006053246452440828,0.0
2016-12-06,0.0032464344356119878,0.0
2016-12-07,0.014950015605741608,0.0
2016-12-08,0.0037544228599795384,0.0
2016-12-09,0.0028988872032264966,0.0
2016-12-12,0.0006915974951409952,0.0
2016-12-13,0.006030378626262057,0.0
2016-12-14,-0.012649026625537591,0.0
2016-12-15,0.0011289664512863769,0.0
2016-12-16,0.0017689114355308917,0.0
2016-12-19,0.002091247411429597,0.0
2016-12-20,0.0015849914539963297,0.0
2016-12-21,-0.0016691112459202274,0.0
2016-12-22,-0.00278303473949143,0.0
2016-12-23,0.000769844541728322,0.0
2016-12-27,0.0020450803025952842,0.0
2016-12-28,-0.008777003840154236,0.0
2016-12-29,0.0039521147358468536,0.0
2016-12-30,-0.003823789227949021,0.0
2017-01-03,0.007546609055925524,0.8127294544721988
2017-01-04,0.008877347933706634,0.0
2017-01-05,-0.0027526845945050273,0.0
2017-01-06,0.0008072446732856731,0.0
2017-01-09,-0.007324696584741467,0.0
2017-01-10,0.0017754263157681459,0.0
2017-01-11,0.0036507926189142713,0.0
2017-01-12,-0.0014636225405524259,0.0
2017-01-13,0.0016919519973909178,0.0
2017-01-17,0.0010682383188403673,0.0
2017-01-18,0.0027574203516065768,0.0
2017-01-19,-0.005382430372049635,0.0
2017-01-20,0.0039006283764794402,0.0
2017-01-23,-0.0032814758274474073,0.0
2017-01-24,0.011318814367109376,0.0
2017-01-25,0.006590387753622742,0.0
2017-01-26,-0.0029064531584694054,0.0
2017-01-27,-0.0024968766046307386,0.0
2017-01-30,-0.004848808278942261,0.0
2017-01-31,0.0011532927761894285,0.0
2017-02-01,-0.005221769172362056,1.502741479925421
2017-02-02,-0.0004165498000576215,0.0
2017-02-03,0.008499713983215001,0.0
2017-02-06,-0.003321566397552469,0.0
2017-02-07,-0.0003256682846744512,0.0
2017-02-08,-0.0011821563143578427,0.0
2017-02-09,0.006497040587828996,0.0
2017-02-10,0.004598515265870176,0.0
2017-02-13,0.00587422147962563,0.0
2017-02-14,0.0024353174120887045,0.0
2017-02-15,0.004969770531200784,0.0
2017-02-16,-0.0006206641798333205,0.0
2017-02-17,-0.0001559870992313748,0.0
2017-02-21,0.005348993237241362,0.0
2017-02-22,-0.0018054485301543398,0.0
2017-02-23,-0.0008304119054771035,0.0
2017-02-24,0.0020166925285508763,0.0
2017-02-27,0.0010293494055036295,0.0
2017-02-28,-0.002042853211051102,0.0
2017-03-01,0.016070436940303967,0.6111435471439599
2017-03-02,-0.009396231682870461,0.0
2017-03-03,0.0011832307158131745,0.0
2017-03-06,-0.0034419779130187415,0.0
2017-03-07,-0.0020391178755217194,0.0
2017-03-08,-0.003158542471816417,0.0
2017-03-09,0.0002706603544499357,0.0
2017-03-10,0.003432086571291935,0.0
2017-03-13,0.002234651362547524,0.014975527617044865
2017-03-14,-0.0041796972273125226,0.0
2017-03-15,0.007718298284867026,0.0
2017-03-16,-0.0022448747493715266,0.0
2017-03-17,0.0007367578201174044,0.0
2017-03-20,-0.0023368413594509305,0.0
2017-03-21,-0.01557140300145714,0.0
2017-03-22,0.003480604467522153,0.0
2017-03-23,-0.0005610412003636638,0.0
2017-03-24,-0.001212912000757055,0.0
2017-03-27,-0.0019348178686778386,0.0
2017-03-28,0.008214052522969115,0.0
2017-03-29,0.00047481711712964994,0.0
2017-03-30,0.004742424578254443,0.0
2017-03-31,-0.0015600364724911904,0.0
2017-04-03,-0.0025290654871750196,0.7624751054269425
2017-04-04,0.0005503018838489966,0.0
2017-04-05,-0.002449859697863537,0.0
2017-04-06,0.0019190220388864447,0.0
2017-04-07,-0.00016979736519197666,0.0
2017-04-10,-0.00037361386144332625,0.0
2017-04-11,-0.0010378861436690686,0.0
2017-04-12,-0.0043408981763544355,0.0
2017-04-13,-0.005094977666906891,0.0
2017-04-17,0.009072961961938112,0.0
2017-04-18,-0.0013908349899289026,0.0
2017-04-19,0.00041679090441320166,0.0
2017-04-20,0.008182448687501986,0.0
2017-04-21,-0.001755321904440762,0.0
2017-04-24,0.013512496960104915,0.0
2017-04-25,0.005147436584920863,0.0
2017-04-26,-0.00223183030126795,0.0
2017-04-27,0.0030240537482583603,0.0
2017-04-28,-0.0025398792095671207,0.0
2017-05-01,0.0009006260955792822,0.5635456276039579
2017-05-02,0.00045677757226687295,0.0
2017-05-03,-0.001621506762127032,0.0
2017-05-04,0.0032883935241821284,0.0
2017-05-05,0.004234561543829471,0.0
2017-05-08,-0.001516246935611745,0.0
2017-05-09,0.00011424141459818738,0.0
2017-05-10,0.0025851020524668158,0.0
2017-05-11,-0.0021086479845578076,0.0
2017-05-12,-0.0013757845779575981,0.0
2017-05-15,0.006037570361604401,0.0
2017-05-16,-0.000763266120937173,0.0
2017-05-17,-0.013880292513065332,0.0
2017-05-18,0.0036914453951973703,0.0
2017-05-19,0.006624330278381729,0.0
2017-05-22,0.007195298471032757,0.0
2017-05-23,0.0008119966181673689,0.0
2017-05-24,0.0034613200455627584,0.0
2017-05-25,0.007870475023273307,0.0
2017-05-26,-9.974334807147877e-07,0.0
2017-05-30,0.0013125754515495329,0.0
2017-05-31,0.00308844200871193,0.0
2017-06-01,0.007861522742576454,0.5813159621868402
2017-06-02,0.003373657894753067,0.0
2017-06-05,-0.001630604040257051,0.0
2017-06-06,-0.004431309434102553,0.0
2017-06-07,0.0029565602157629735,0.0
2017-06-08,-0.0008311787528254566,0.0073189902093114345
2017-06-09,-0.004557537599034842,0.0
2017-06-12,-0.003413337489561832,0.0
2017-06-13,0.004819675693268761,0.0
2017-06-14,0.0012740754195008474,0.0
2017-06-15,0.00037963922198522624,0.0
2017-06-16,-0.0002969292106992484,0.0
2017-06-19,0.007462975062944244,0.007539405173080823
2017-06-20,-0.004701095770384276,0.0
2017-06-21,-0.0011107705319342927,0.0
2017-06-22,-0.0016673158099663726,0.0
2017-06-23,0.000847933576201568,0.0
2017-06-26,0.0005035576281770282,0.0
2017-06-27,-0.008409945160584714,0.0
2017-06-28,0.006318306550611269,0.0
2017-06-29,-0.012155411821899859,0.0
2017-06-30,0.0018217589800159969,0.0
2017-07-03,-0.0011848555937786776,0.6081352799441564
2017-07-05,0.005219586682652905,0.0
2017-07-06,-0.007033728854131942,0.0
2017-07-07,0.009051256781791462,0.0
2017-07-10,0.00023773593111031937,0.0
2017-07-11,-0.0008608036466075136,0.0
2017-07-12,0.008520955849948508,0.0
2017-07-13,-0.00019390049650388954,0.0
2017-07-14,0.005330818071337353,0.0
2017-07-17,0.0009900083385556725,0.0
2017-07-18,0.001030758686604792,0.0
2017-07-19,0.0057156723599889984,0.0
2017-07-20,0.000883627983322776,0.0
2017-07-21,0.0026197421094642515,0.007290877331237681
2017-07-24,-0.0019696980814806527,0.0
2017-07-25,-0.0014537924214518732,0.0
2017-07-26,0.0009693951294555245,0.0
2017-07-27,-0.004491041680408813,0.0
2017-07-28,0.0017762502273481879,0.0
2017-07-31,-0.0017282072092067416,0.0
2017-08-01,0.002709822265765993,0.6345381500756232
2017-08-02,0.0011287247710893462,0.0
2017-08-03,0.0003552508900236338,0.0
2017-08-04,0.0016348293264341037,0.0
2017-08-07,0.0007331646125096687,0.0
2017-08-08,-0.0027334315029303924,0.0
2017-08-09,-0.0007195817146653618,0.0
2017-08-10,-0.01320044024477364,0.0
2017-08-11,0.00044062515634550657,0.0
2017-08-14,0.010186222170547085,0.0
2017-08-15,0.0005235765833751313,0.0
2017-08-16,0.0030596388706894415,0.0
2017-08-17,-0.014791120890453483,0.0
2017-08-18,-0.0010830243491029728,0.0
2017-08-21,0.002043603071939931,0.0
2017-08-22,0.009353045009204957,0.0
2017-08-23,-0.004529061142755397,0.0
2017-08-24,-0.0012997776477722425,0.0
2017-08-25,0.003113226032377787,0.0
2017-08-28,-0.0003850851257547729,0.0
2017-08-29,-0.00044405358846898407,0.0
2017-08-30,0.003226891691829271,0.0
2017-08-31,0.006198273407828288,0.0
2017-09-01,0.0013270867158807764,0.5569364667836859
2017-09-05,-0.008912622165822795,0.0
2017-09-06,-0.00033864051078122794,0.0
2017-09-07,-0.0005779375987300501,0.0
2017-09-08,0.004968605817823137,0.0
2017-09-11,0.012224568407284829,0.0
2017-09-12,-0.00033403226223303374,0.0
2017-09-13,-0.002780989849621081,0.0
2017-09-14,0.0009356508190610827,0.0
2017-09-15,0.0015010772935510654,0.0
2017-09-18,0.0019872710198745977,0.0
2017-09-19,0.0013160397944043326,0.0
2017-09-20,0.0007362284701592874,0.0
2017-09-21,-0.0012229043555015222,0.0
2017-09-22,-0.0006479428427760851,0.0
2017-09-25,-0.0025036390955913024,0.0
2017-09-26,0.0012847232300171622,0.0
2017-09-27,0.0018591282768229893,0.0
2017-09-28,0.0014953603188115933,0.0
2017-09-29,0.0029146006412876365,0.0
2017-10-02,0.004602661259178076,0.493665903125473
2017-10-03,0.0013338322734975266,0.0
2017-10-04,0.0035389744536482724,0.0
2017-10-05,0.0038985390139049084,0.0
2017-10-06,4.6024198749283394e-05,0.0
2017-10-09,-0.0008951488345079785,0.0
2017-10-10,0.0026632218266186168,0.0
2017-10-11,0.002316394218901555,0.0
2017-10-12,0.0026535369656628064,0.0
2017-10-13,-0.0010179130713788137,0.0
2017-10-16,0.0008715027164524999,0.0
2017-10-17,0.00017552049205688555,0.0
2017-10-18,3.877403681170358e-05,0.0
2017-10-19,0.002847193650291426,0.0
2017-10-20,0.005344676589050526,0.0
2017-10-23,-0.0006853311060951702,0.0
2017-10-24,0.0032893092636135045,0.0
2017-10-25,-0.0025193858441906517,0.0
2017-10-26,0.0020938634105935336,0.0
2017-10-27,0.0020631895022582445,0.0
2017-10-30,-0.004280314820267927,0.0
2017-10-31,0.0016449887453031486,0.0
2017-11-01,-0.00013371182844212903,0.7362552278279644
2017-11-02,0.0020676689923871004,0.0
2017-11-03,0.0014989380888833924,0.0
2017-11-06,0.0005047309310804105,0.0
2017-11-07,-0.00027358417617655013,0.0
2017-11-08,-0.0004741149716457728,0.0
2017-11-09,-0.005603449633026524,0.0
2017-11-10,0.00040411275593700324,0.0
2017-11-13,0.0030477635256010624,0.0
2017-11-14,0.003110336356108384,0.0
2017-11-15,-0.005177635723340899,0.0
2017-11-16,0.006596560323268697,0.0
2017-11-17,-0.0015629716951319143,0.0
2017-11-20,0.0036184057933736843,0.0
2017-11-21,0.0046690022150313835,0.0
2017-11-22,-0.002791787239930138,0.0
2017-11-24,0.0014482349050311235,0.0
2017-11-27,0.0013133724170118794,0.0
2017-11-28,0.01113092074029662,0.0
2017-11-29,0.001278245381571458,0.0
2017-11-30,0.009564543483304353,0.0
2017-12-01,-0.0039689281657652176,0.7257228507490106
2017-12-04,-0.00797095892683001,0.0
2017-12-05,-0.0037921119399851873,0.0
2017-12-06,0.0015704122229464497,0.0
2017-12-07,0.004473788942851142,0.0
2017-12-08,0.004829936602303456,0.0
2017-12-11,0.0012938324088499023,0.0
2017-12-12,-0.003956365158335449,0.0
2017-12-13,0.0005091135518550058,0.0
2017-12-14,-0.004335479430886523,0.0
2017-12-15,0.009337384189200035,0.0
2017-12-18,0.0032529308611285784,0.0
2017-12-19,-0.004020918812925083,0.0
2017-12-20,-0.0020911057507638615,0.0
2017-12-21,-0.0025986230302238894,0.0
2017-12-22,7.676296498113162e-05,0.0
2017-12-26,-0.00017989945534693086,0.0
2017-12-27,0.0022171990778066773,0.0
2017-12-28,0.0033050734003921,0.007282951683173734
2017-12-29,-0.004067575128544049,0.0
2018-01-02,0.0017502838960521405,0.5588130400608533
2018-01-03,0.007963887366751209,0.0
2018-01-04,0.004546055282842446,0.0
2018-01-05,0.0068568691999604595,0.0
2018-01-08,0.0037588616841547377,0.0
2018-01-09,0.004073225601943377,0.0
2018-01-10,-0.0033757088658898557,0.0
2018-01-11,0.006951025659965758,0.0
2018-01-12,0.0071137623408463035,0.0
2018-01-16,-0.005963698542691928,0.0
2018-01-17,0.012147352157445876,0.0
2018-01-18,-0.001599851647736625,0.0
2018-01-19,0.007057612583639966,0.0
2018-01-22,0.00461654493219399,0.0
2018-01-23,0.0011745159207468053,0.0
2018-01-24,0.0007588583398438391,0.0
2018-01-25,0.0032192924131540634,0.0
2018-01-26,0.012054316138467181,0.0
2018-01-29,-0.009462471948890903,0.0
2018-01-30,-0.010107876537288002,0.0
2018-01-31,-0.0007320440249457786,0.0
2018-02-01,-0.001225379324338638,1.3680777910013469
2018-02-02,-0.019203816630202743,0.0
2018-02-05,-0.03672411411201104,0.0
2018-02-06,0.01704217781049506,0.0
2018-02-07,-0.002725268228674199,0.0
2018-02-08,-0.03379165102907885,0.0
2018-02-09,0.010276004160575187,0.0
2018-02-12,0.013995006418149498,0.0
2018-02-13,0.00559025269778855,0.0
2018-02-14,0.017208191846745997,0.0
2018-02-15,0.012352185394896603,0.0
2018-02-16,-5.38913859154562e-05,0.0
2018-02-20,-0.0072352488086652785,0.0
2018-02-21,-0.0034521684162780904,0.0
2018-02-22,0.0001456303254648495,0.0
2018-02-23,0.014109616691559256,0.0
2018-02-26,0.009067215584974935,0.0
2018-02-27,-0.014527181003304523,0.0
2018-02-28,-0.00854646939084768,0.0
2018-03-01,-0.010169399435549842,1.0959695454956786
2018-03-02,0.004413769117567402,0.0
2018-03-05,0.011390054063896586,0.0
2018-03-06,0.00412219197916288,0.0
2018-03-07,0.0012888568125703592,0.0
2018-03-08,0.0038384204208151717,0.0
2018-03-09,0.018127274418665275,0.0
2018-03-12,-0.003136231853666539,0.0
2018-03-13,-0.006039341785269374,0.0
2018-03-14,-0.00812920559552732,0.0
2018-03-15,-0.0018321974309052315,0.0
2018-03-16,0.0037485451414813785,0.0
2018-03-19,-0.01102252528626635,0.0053826699539064595
2018-03-20,0.002288437100743155,0.0
2018-03-21,-0.0003436267111673675,0.0
2018-03-22,-0.028170817428003096,0.0
2018-03-23,-0.018846403523653358,0.0
2018-03-26,0.02738115966504022,0.0
2018-03-27,-0.016801296211232372,0.0
2018-03-28,-0.0025977599589281264,0.0
2018-03-29,0.013895197699197216,0.0
2018-04-02,-0.022765789896229904,0.6668800902528347
2018-04-03,0.01239267962929258,0.0071576740501991835
2018-04-04,0.011701410885474333,0.0
2018-04-05,0.005977951497916469,0.0
2018-04-06,-0.023877583808116817,0.0
2018-04-09,0.002907650355847692,0.0
2018-04-10,0.017058373379462873,0.0
2018-04-11,-0.005739291491100935,0.0
2018-04-12,0.010663326332636267,0.0
2018-04-13,-0.005880397423652702,0.0
2018-04-16,0.007835310405920094,0.0
2018-04-17,0.0105749263508705,0.0
2018-04-18,0.0021045948480728632,0.0
2018-04-19,-0.004416507596617652,0.0
2018-04-20,-0.005807471880660027,0.0
2018-04-23,8.029728801461677e-05,0.0
2018-04-24,-0.013391634002393037,0.0
2018-04-25,0.0006998078794118859,0.0
2018-04-26,0.007891424900847712,0.0
2018-04-27,0.0018227100955868997,0.0
2018-04-30,-0.006738401032498848,0.0
2018-05-01,0.0009375353989831137,0.8869019827056173
2018-05-02,-0.008784707595282095,0.0
2018-05-03,-0.0023225680835030323,0.0
2018-05-04,0.010131826241759947,0.0
2018-05-07,0.002555442411607638,0.0
2018-05-08,0.0007414281258469428,0.0
2018-05-09,0.00870341194392011,0.0
2018-05-10,0.008618806462695425,0.0
2018-05-11,0.0014312987690419834,0.0
2018-05-14,-0.0030785340235812177,0.0
2018-05-15,-0.0033826904664749306,0.0
2018-05-16,0.005232686350777616,0.0
2018-05-17,4.108330451520455e-05,0.0
2018-05-18,-0.002561909931107587,0.0
2018-05-21,0.006268857706110629,0.0
2018-05-22,-0.003449184114085976,0.0
2018-05-23,0.0012691599655961865,0.0
2018-05-24,0.0011928530155047338,0.0
2018-05-25,-0.0028695684703521386,0.0
2018-05-29,-0.011802117674719694,0.0
2018-05-30,0.011055953896234465,0.0
2018-05-31,-0.008818684481479691,0.0
2018-06-01,0.009608138231850916,0.9654361782473481
2018-06-04,0.005731428228496149,0.007153246286624005
2018-06-05,0.0042728619643771885,0.0
2018-06-06,0.010059632392607012,0.0
2018-06-07,-0.00032012091600779427,0.0
2018-06-08,0.004502713831186596,0.0
2018-06-11,0.0014550096884023615,0.0
2018-06-12,0.0022589900817453676,0.0
2018-06-13,-0.005180584918184265,0.0
2018-06-14,0.00021885347229677312,0.0
2018-06-15,-0.0011691356828106977,0.0
2018-06-18,0.0008341141463314623,0.0
2018-06-19,-0.0046359566792761,0.0
2018-06-20,0.00019412570001797226,0.0
2018-06-21,-0.005328514712903642,0.0
2018-06-22,-6.812024777794771e-05,0.0
2018-06-25,-0.015010640792351551,0.0
2018-06-26,0.002095221352043909,0.0
2018-06-27,-0.00998282598888169,0.0
2018-06-28,0.004622773964616777,0.0
2018-06-29,-0.000586035759354066,0.0
2018-07-02,0.0004592971611450114,0.8216449765738902
2018-07-03,-0.004936064968957977,0.0
2018-07-05,0.00857735857840947,0.0
2018-07-06,0.00810024279007094,0.0
2018-07-09,0.010668756055533381,0.0
2018-07-10,0.001273293601032037,0.0
2018-07-11,-0.006728118052964671,0.0
2018-07-12,0.00703823540658651,0.0
2018-07-13,0.000404844936523251,0.0
2018-07-16,-0.0016590783926761698,0.0
2018-07-17,0.006527970040213787,0.0
2018-07-18,0.005530679965029589,0.0
2018-07-19,-0.0025134263439841216,0.0
2018-07-20,-0.0015507115981283513,0.0
2018-07-23,0.0038127351024140497,0.0
2018-07-24,-0.002700311941399023,0.0
2018-07-25,0.010284505527868117,0.0
2018-07-26,0.0018318808240181071,0.0
2018-07-27,-0.007592333636923166,0.0
2018-07-30,-0.008140308336894636,0.0
2018-07-31,0.003817905135453447,0.0
2018-08-01,-0.0028673867417111643,0.7787285698501859
2018-08-02,0.004676071477787328,0.0
2018-08-03,0.0021800335097400952,0.0
2018-08-06,0.0030821951970685575,0.0
2018-08-07,0.003844618975841298,0.0
2018-08-08,0.00047594605681962354,0.0
2018-08-09,0.0017527354894336263,0.0
2018-08-10,-0.006646996817933832,0.0
2018-08-13,-0.0027642321456178573,0.0
2018-08-14,0.011271889231323553,0.0
2018-08-15,-0.007974366872228491,0.0
2018-08-16,0.007143641623004352,0.0
2018-08-17,0.005498503686331421,0.0
2018-08-20,0.005039364854385275,0.0
2018-08-21,0.0030763811399525083,0.0
2018-08-22,-0.00019499485290360363,0.0
2018-08-23,-0.00023900149989492122,0.0
2018-08-24,0.003109979631900501,0.0
2018-08-27,0.00384993080614455,0.0
2018-08-28,0.0009271673963198203,0.0
2018-08-29,0.005667016203411396,0.0
2018-08-30,-0.0069640586619673945,0.0
2018-08-31,0.0018961411441992197,0.0
2018-09-04,0.00016942375527095876,0.9269610687255491
2018-09-05,0.0004449550725159027,0.0
2018-09-06,4.007958491698057e-05,0.0
2018-09-07,-0.002260124512548499,0.0
2018-09-10,0.0043114577292786204,0.0
2018-09-11,0.000152503146383856,0.0
2018-09-12,0.0008716015750389933,0.0
2018-09-13,0.0019850081413252257,0.0
2018-09-14,0.0009657351413878671,0.0
2018-09-17,-0.003773831184863641,0.0
2018-09-18,0.004960800418285548,0.0
2018-09-19,-0.000822419158701515,0.007202450391648926
2018-09-20,0.004858568752949393,0.0
2018-09-21,0.0017639918214932793,0.0
2018-09-24,-0.007829213402269193,0.0
2018-09-25,-0.002745119292551942,0.0
2018-09-26,-0.00025102136196479313,0.0
2018-09-27,-0.0019094419486156311,0.0
2018-09-28,0.0025459274707299415,0.0
2018-10-01,-0.0007770496730702403,0.6595847616762283
2018-10-02,-0.0039913445232439984,0.0
2018-10-03,0.00012627284461364413,0.0
2018-10-04,-0.006701857208487521,0.0
2018-10-05,-0.005278894069488463,0.0
2018-10-08,0.001046279920380473,0.0
2018-10-09,-0.005120021829459204,0.0
2018-10-10,-0.03000109551353729,0.0
2018-10-11,-0.022045699271097563,0.0077051744757477714
2018-10-12,0.012274537001938384,0.0
2018-10-15,-7.362351284596884e-05,0.0
2018-10-16,0.02032726331332525,0.0
2018-10-17,-0.0033702973796245635,0.0
2018-10-18,-0.012639754820158151,0.0
2018-10-19,-0.0043240983420334165,0.0
2018-10-22,-0.0031109429446758946,0.0
2018-10-23,-0.007148508460689002,0.0
2018-10-24,-0.026055113315850795,0.0
2018-10-25,0.012441513421707776,0.0
2018-10-26,-0.0165902150324774,0.0
2018-10-29,0.004403755751710144,0.0
2018-10-30,0.018941806012246133,0.0
2018-10-31,0.004955629933515174,0.0
2018-11-01,0.012996843633268362,0.8411310749163745
2018-11-02,-0.00324732639213578,0.0
2018-11-05,0.00514371455754851,0.0
2018-11-06,0.0072765535249307255,0.0
2018-11-07,0.018970802413340454,0.0
2018-11-08,-2.1626723546487223e-05,0.0
2018-11-09,-0.007609647511424733,0.0
2018-11-12,-0.016271296805339223,0.0
2018-11-13,-0.0003737266511599424,0.0
2018-11-14,-0.009379401644418119,0.0
2018-11-15,0.010170152208180263,0.0
2018-11-16,0.0004297706289627919,0.0
2018-11-19,-0.018131244907299622,0.0
2018-11-20,-0.01504719074533326,0.0
2018-11-21,0.00571263357394769,0.0
2018-11-23,-0.0014198919468649295,0.0
2018-11-26,0.013207678712404039,0.0
2018-11-27,0.0017297325510133264,0.0
2018-11-28,0.02149536343223056,0.0
2018-11-29,-0.003074410447397155,0.0
2018-11-30,0.006734324971086059,0.006679239056437665
2018-12-03,0.010397437666886278,0.9679279145462346
2018-12-04,-0.027441568118168804,0.0
2018-12-06,-0.0024704937840766194,0.0
2018-12-07,-0.020685812850759003,0.0
2018-12-10,0.000489847641277139,0.0
2018-12-11,-0.0009776710090071343,0.0
2018-12-12,0.004588510945694946,0.0
2018-12-13,-0.0038516024838986655,0.0
2018-12-14,-0.013161187211612975,0.0
2018-12-17,-0.02280055680851503,0.0
2018-12-18,0.00024178248018544106,0.0
2018-12-19,-0.013705077947870231,0.0
2018-12-20,-0.01956880118594548,0.0
2018-12-21,-0.019672982406590954,0.0
2018-12-24,-0.02428302845334567,0.0
2018-12-26,0.040182742699105045,0.00816504698269175
2018-12-27,0.008295280344800616,0.0
2018-12-28,-0.001409130142283506,0.0
2018-12-31,0.009148005422574691,0.0
2019-01-02,-0.003374580335145816,0.8684064087058478
2019-01-03,-0.009901468249942813,0.0
2019-01-04,0.023123537721451176,0.0
2019-01-07,0.006362346411009934,0.0
2019-01-08,0.011018471054482842,0.0
2019-01-09,0.0022419656049466295,0.0
2019-01-10,0.009183740489663174,0.0
2019-01-11,0.0011673161721347852,0.0
2019-01-14,-0.00574952185902689,0.0
2019-01-15,0.008755177731419688,0.0
2019-01-16,0.00028766482796139484,0.0
2019-01-17,0.008148304983450174,0.0
2019-01-18,0.011794306149928825,0.0
2019-01-22,-0.009717735091287698,0.0
2019-01-23,0.0026849460278942213,0.0
2019-01-24,0.002854002060775407,0.0
2019-01-25,0.0056713159288755205,0.0
2019-01-28,-0.001154119869495088,0.0
2019-01-29,0.00435798514141588,0.0
2019-01-30,0.00904015217725961,0.0
2019-01-31,0.010236349301524809,0.0
2019-02-01,0.00017921787982944082,0.6804882625165185
2019-02-04,0.005024805760499372,0.0
2019-02-05,0.003350531605013898,0.0
2019-02-06,-0.002272574256016479,0.0
2019-02-07,0.0006263926756269287,0.0
2019-02-08,0.003542425503679708,0.0
2019-02-11,0.0025514794052310793,0.0
2019-02-12,0.007334724361260562,0.0
2019-02-13,0.0016527607063612794,0.0
2019-02-14,-0.0017839764815372064,0.0
2019-02-15,0.007506051586636626,0.0
2019-02-19,0.0009000241745044035,0.0
2019-02-20,0.0015465779190570984,0.0
2019-02-21,0.0020561576753895137,0.0
2019-02-22,0.006567119568860191,0.0
2019-02-25,-0.0033455800366680066,0.0
2019-02-26,-0.001056654973331194,0.0
2019-02-27,0.0007183241274032277,0.0
2019-02-28,0.0020246212822140515,0.0
2019-03-01,0.004830844612319973,0.8799078930550621
2019-03-04,-0.0044131494039720345,0.0
2019-03-05,-0.001488933171417517,0.0
2019-03-06,-0.007425991905384174,0.0
2019-03-07,-0.0052480796841700246,0.0
2019-03-08,-0.0022206218286715375,0.0
2019-03-11,0.011315708425026558,0.0
2019-03-12,0.0030812918605525484,0.0
2019-03-13,0.005864136586756215,0.0
2019-03-14,-1.7723666374382435e-05,0.0
2019-03-15,0.0036033583653434513,0.0
2019-03-18,0.002114452024022273,0.0
2019-03-19,-0.0018279753571129628,0.0
2019-03-20,-0.006700273306119446,0.0
2019-03-21,0.01447516255106468,0.0
2019-03-22,-0.016723674942832015,0.0
2019-03-25,0.0009573841442941937,0.0
2019-03-26,0.007496436538997728,0.0
2019-03-27,-0.002927412531574424,0.0
2019-03-28,0.005812446363265782,0.0
2019-03-29,0.005834163159455318,0.0
2019-04-01,0.009702999202309215,0.686524139129236
2019-04-02,-0.00031496866565148516,0.0
2019-04-03,0.0015549406657102693,0.0070728523677297695
2019-04-04,0.0002897320152127337,0.0
2019-04-05,0.00514503810261457,0.0
2019-04-08,-0.00021633725765236663,0.0
2019-04-09,-0.00536785392394119,0.0
2019-04-10,0.005259021325317719,0.0
2019-04-11,0.0020101792537950305,0.0
2019-04-12,0.007074072965795363,0.0
2019-04-15,-0.0016744156922311197,0.0
2019-04-16,-0.0021247028729326307,0.0
2019-04-17,-0.008824506903829549,0.0
2019-04-18,0.002739629480872253,0.0
2019-04-22,-0.003351092713073229,0.0
2019-04-23,0.0082706208694824,0.0
2019-04-24,0.001567394532586526,0.0
2019-04-25,-0.0034723157697589767,0.0
2019-04-26,0.005623104349804898,0.0
2019-04-29,-0.001994697785152229,0.0
2019-04-30,0.0058734595962403454,0.0
2019-05-01,-0.007529240557672456,1.0191645733637884
2019-05-02,0.00206499861375656,0.0
2019-05-03,0.01034067224429518,0.0
2019-05-06,-0.006089004106466636,0.0
2019-05-07,-0.013318921949944228,0.0
2019-05-08,-0.002283364271807163,0.0
2019-05-09,-0.0012047634840448246,0.0
2019-05-10,0.003704631320354972,0.0
2019-05-13,-0.023959515510270202,0.0
2019-05-14,0.008894544791893031,0.0
2019-05-15,0.005394500968189859,0.0
2019-05-16,0.004806562882803565,0.0
2019-05-17,-0.006934546787836261,0.0
2019-05-20,-0.007479930747448926,0.0
2019-05-21,0.009424628555293886,0.0
2019-05-22,-0.003840448846904821,0.0
2019-05-23,-0.011649541212608333,0.0
2019-05-24,0.0016326758131627317,0.0
2019-05-28,-0.009017834151760655,0.0
2019-05-29,-0.007353377284111567,0.0
2019-05-30,0.0036703359811246714,0.0
2019-05-31,-0.011431078235031618,0.0
2019-06-03,0.0056543217025408765,0.8349703161500983
2019-06-04,0.02326003638754126,0.006980490675736617
2019-06-05,0.00582034174332117,0.0
2019-06-06,0.004393061959161646,0.0
2019-06-07,0.007407496387763476,0.0
2019-06-10,0.003574242983805496,0.0
2019-06-11,-0.0008963064777717197,0.0
2019-06-12,-0.002664267789149829,0.0
2019-06-13,0.006385304452574926,0.0
2019-06-14,-0.0028827249896391646,0.0
2019-06-17,-0.001485859725235866,0.0
2019-06-18,0.009966496106133123,0.0
2019-06-19,0.003019513802193027,0.0
2019-06-20,0.007737851166807877,0.0
2019-06-21,-0.0032515632606738513,0.0
2019-06-24,-0.004033490105073205,0.0
2019-06-25,-0.006795157760568809,0.0
2019-06-26,-0.0005997122818593202,0.0
2019-06-27,0.00598760976865306,0.0
2019-06-28,0.009576855215404833,0.0
2019-07-01,0.007569129553451015,0.8029878377978497
2019-07-02,0.0039692958602102636,0.0
2019-07-03,0.011154846086134595,0.0
2019-07-05,-0.000888165892776844,0.0
2019-07-08,-0.003673644732566517,0.0
2019-07-09,0.00022292503175605347,0.0
2019-07-10,0.0014035940322735493,0.0
2019-07-11,0.0014022176301609116,0.0
2019-07-12,0.006387732717530725,0.0
2019-07-15,-0.0004693586503510234,0.0
2019-07-16,-0.002579327723358782,0.007073810498703216
2019-07-17,-0.006233150464785473,0.0
2019-07-18,0.0022084508460243034,0.0
2019-07-19,-0.00789878522507833,0.0
2019-07-22,0.00024592269439557634,0.0
2019-07-23,0.007309503644922353,0.0
2019-07-24,0.00375766595758515,0.0
2019-07-25,-0.003406211260217413,0.0
2019-07-26,0.007260435536687398,0.0
2019-07-29,-0.0013336409728497978,0.0
2019-07-30,-0.005396023642646014,0.0
2019-07-31,-0.009380414928008654,0.0
2019-08-01,-0.007888093803150364,0.8903794714134968
2019-08-02,-0.01133141754226341,0.0
2019-08-05,-0.029950338106763667,0.0
2019-08-06,0.010830960498361875,0.0
2019-08-07,0.0005759419724504736,0.0
2019-08-08,0.022024020059766745,0.0
2019-08-09,-0.009903774151656886,0.0074972723279410625
2019-08-12,-0.014750534081881095,0.007154383319161703
2019-08-13,0.01528612602453398,0.0
2019-08-14,-0.03150769680395834,0.0
2019-08-15,-0.0003552460113244558,0.0
2019-08-16,0.016125018651486536,0.0
2019-08-19,0.012031522504736625,0.0
2019-08-20,-0.008028395372855096,0.0
2019-08-21,0.010215115185721843,0.0
2019-08-22,2.2615587569418006e-05,0.0
2019-08-23,-0.028616331945306137,0.0
2019-08-26,0.009107293389817802,0.0
2019-08-27,-0.005114266708036572,0.0
2019-08-28,0.008373539322463035,0.0
2019-08-29,0.015407107145740503,0.0
2019-08-30,0.0027519467021742327,0.0
2019-09-03,-0.011883019452301635,0.8992497122026128
2019-09-04,0.012251969982974507,0.0
2019-09-05,0.016816143624165218,0.0
2019-09-06,0.0028616275826221626,0.0
2019-09-09,0.004298894249755926,0.0
2019-09-10,0.004638263077472477,0.0
2019-09-11,0.006924816216541662,0.0
2019-09-12,0.0011464950798098518,0.0
2019-09-13,0.00037399547592585115,0.0
2019-09-16,-0.002872779372447426,0.0
2019-09-17,0.000768456795075966,0.0
2019-09-18,-0.000845250342858393,0.0
2019-09-19,-0.0018600118551561494,0.0
2019-09-20,-0.004194039467897502,0.0
2019-09-23,-9.705204717368837e-05,0.0
2019-09-24,-0.008719315522888458,0.0
2019-09-25,0.0060230010120429665,0.0
2019-09-26,-0.0013065553504344517,0.0
2019-09-27,-0.005370777589121967,0.007194695539468299
2019-09-30,0.005740501610204897,0.0
2019-10-01,-0.015063711478346953,0.498476225706126
2019-10-02,-0.019017056131284366,0.0
2019-10-03,0.008031303292751587,0.0
2019-10-04,0.013947686367900244,0.0
2019-10-07,-0.005775640237465631,0.0
2019-10-08,-0.01929099870122702,0.0
2019-10-09,0.010846880031655716,0.0
2019-10-10,0.0073513516370866585,0.0
2019-10-11,0.01463902025406665,0.0
2019-10-14,-0.001748405361630637,0.0
2019-10-15,0.009249580518809414,0.0
2019-10-16,-0.0014788674238303064,0.0
2019-10-17,0.0030128457107494924,0.0
2019-10-18,-0.002879210599296224,0.0
2019-10-21,0.005492579789837526,0.00684150731054653
2019-10-22,-0.005200911239437403,0.0
2019-10-23,0.002104252739142545,0.0
2019-10-24,0.00010085203260919384,0.0
2019-10-25,0.0033590520208663216,0.0
2019-10-28,0.0040987835898707225,0.0
2019-10-29,0.002573963021746547,0.0
2019-10-30,0.0011744908599124275,0.0
2019-10-31,-0.0026024508374613764,0.0
2019-11-01,0.012917623023379843,0.9794514124425374
2019-11-04,0.004298071091300696,0.0
2019-11-05,-0.00033346242165800064,0.0
2019-11-06,-7.947320797299851e-05,0.0
2019-11-07,-0.0005244765109190876,0.0
2019-11-08,0.00031862062082776835,0.0
2019-11-11,-0.003039897320587538,0.0
2019-11-12,-0.00019544958153034113,0.0
2019-11-13,-0.0006333975044648787,0.0
2019-11-14,0.002467885103762283,0.0
2019-11-15,0.005007307185482005,0.0
2019-11-18,0.00010793607058602004,0.0
2019-11-19,-0.00166374256385836,0.0
2019-11-20,-0.002455701725896502,0.0
2019-11-21,-0.003295080476550355,0.0
2019-11-22,0.0033073358156671603,0.0
2019-11-25,0.007417152179079306,0.0
2019-11-26,0.001509334364805773,0.0
2019-11-27,0.003688410931378056,0.0
2019-11-29,-0.004611694489532025,0.0
2019-12-02,-0.007526653426872754,1.0049170557597669
2019-12-03,-0.009596184141315474,0.0
2019-12-04,0.0067613394013245525,0.0
2019-12-05,0.003223257689944854,0.0
2019-12-06,0.009542140055088424,0.0
2019-12-09,-0.0028162557660942524,0.0
2019-12-10,3.573727112578448e-05,0.0
2019-12-11,0.0021802526686067747,0.007199180204968543
2019-12-12,0.014446391259275427,0.0
2019-12-13,-0.004353708481957301,0.0
2019-12-16,0.005460484295640168,0.0
2019-12-17,0.0002846230481602049,0.0
2019-12-18,-0.0005642963894330409,0.0
2019-12-19,0.0020427673604473734,0.0
2019-12-20,0.005284596901764502,0.0
2019-12-23,3.4164515338329885e-05,0.0
2020-01-29,-0.00455640454246109,0.7525829213620341
2020-01-30,0.0018525125518830503,0.0
2020-01-31,-0.02102749188297237,0.0
2020-02-03,0.007065059095748838,0.37407053652201705
2020-02-04,0.013417214147946454,0.0
2020-02-05,0.01669731032176762,0.0
2020-02-06,-0.0035379964117328968,0.0
2020-02-07,-0.007841663178015792,0.0
2020-02-10,0.0035968308333618327,0.0
2020-02-11,0.0064345003042832385,0.0
2020-02-12,0.0050872325155496955,0.0
2020-02-13,-0.0018363787088245826,0.0
2020-02-14,-0.0004463947789665372,0.0
2020-02-18,-0.003621539760671178,0.0
2020-02-19,0.0025256212500676116,0.0
2020-02-20,0.0011195939516429072,0.0
2020-02-21,-0.006812208405980463,0.0
2020-02-24,-0.02952868256995133,0.0
2020-02-25,-0.032433212966089225,0.0
2020-02-26,-0.008537463861242205,0.0
2020-02-27,-0.03687937623405831,0.0
2020-02-28,-0.013341746899527603,0.0
2020-03-02,0.03899537303361944,0.7667983107586875
2020-03-03,-0.02944804515115246,0.0
2020-03-04,0.03690903054498049,0.0
2020-03-05,-0.038259087910561734,0.0
2020-03-06,-0.01701310059225275,0.0
2020-03-09,-0.0805172153532868,0.0
2020-03-10,0.04619461249343659,0.0
2020-03-11,-0.05219620256860022,0.0
2020-03-12,-0.10341421680447785,0.0
2020-03-13,0.08102922673983645,0.0
2020-03-16,-0.11779143334851792,0.0
2020-03-17,0.06438789583129714,0.0
2020-03-18,-0.06438142321189752,0.0
2020-03-19,0.004133261062635139,0.0
2020-03-20,-0.047097527623789326,0.0
2020-03-23,-0.034074038090480416,0.0
2020-03-24,0.09910205217002893,0.0
2020-03-25,0.023253705182823332,0.0
2020-03-26,0.058841130382530415,0.0
2020-03-27,-0.03725468933769063,0.0
2020-03-30,0.026652955849716248,0.0
2020-03-31,-0.0156137642261082,0.0
2020-04-01,-0.0470850907124758,1.2264813536672714
2020-04-02,0.018501351514999348,0.0
2020-04-03,-0.015476721273912863,0.0
2020-04-06,0.08716238108100664,0.0
2020-04-07,0.02368557652196568,0.0077152489174651786
2020-04-08,0.06012443166071358,0.0
2020-04-09,0.034050223618345116,0.0
2020-04-13,-0.028075429727574677,0.0
2020-04-14,0.015804333285709488,0.0
2020-04-15,-0.043422685647852066,0.0
2020-04-16,-0.021570503712740965,0.0
2020-04-17,0.05488508965643193,0.0
2020-04-20,-0.025857556416669165,0.0
2020-04-21,-0.02759814626197201,0.0
2020-04-22,0.020606177999314353,0.0
2020-04-23,0.011104462660040131,0.0
2020-04-24,0.012092175153215418,0.0
2020-04-27,0.028556492685561558,0.0
2020-04-28,0.024085446099885076,0.0
2020-04-29,0.05401195748189342,0.0
2020-04-30,-0.02805746923037372,0.0
2020-05-01,-0.05127076518047813,1.1148496587129462
2020-05-04,0.0023352168492182237,0.0
2020-05-05,0.010607600661267319,0.0
2020-05-06,-0.014051540501451664,0.0
2020-05-07,0.01219644719418967,0.0
2020-05-08,0.01733141558178446,0.0
2020-05-11,-0.0027184567314473313,0.0
2020-05-12,-0.02134743293133863,0.0
2020-05-13,-0.017272972336190885,0.0
2020-05-14,0.009124748181769232,0.0
2020-05-15,0.0025277262282416627,0.0
2020-05-18,0.034124583897777505,0.0
2020-05-19,-0.012851011792973932,0.0
2020-05-20,0.013107811405596068,0.0
2020-05-21,-0.007145597826538111,0.0
2020-05-22,0.004919249050143349,0.0
2020-05-26,0.0167656386087819,0.0
2020-05-27,0.018470547835412063,0.0
2020-05-28,0.005626572904485088,0.0
2020-05-29,0.004823532649865682,0.0
2020-06-01,0.005482688928882151,0.7278599727130601
2020-06-02,0.011043088354123983,0.0
2020-06-03,0.027426286002357726,0.0
2020-06-04,0.0009868304984612512,0.0
2020-06-05,0.038678360663433636,0.0
2020-06-08,0.026966957724796112,0.0
2020-06-09,-0.025890745749187365,0.0
2020-06-10,-0.022264119087762775,0.0
2020-06-11,-0.06815307341653523,0.0
2020-06-12,0.019024626801172867,0.0
2020-06-15,0.009487757503962479,0.0
2020-06-16,0.021025130790625488,0.0
2020-06-17,-0.012028981812712817,0.0
2020-06-18,0.0004792927862897023,0.0
2020-06-19,-0.012162969288773223,0.0
2020-06-22,0.0036768545372230935,0.0
2020-06-23,0.001432894677609075,0.0
2020-06-24,-0.034502649178683724,0.0
2020-06-25,0.012857030423537818,0.0
2020-06-26,-0.021970996580613005,0.0
2020-06-29,0.01979394209996234,0.0
2020-06-30,0.014562045466599673,0.0
2020-07-01,-0.001960995397043641,0.7233556647983663
2020-07-02,0.005153861221381324,0.0
2020-07-06,0.005705443928243854,0.0
2020-07-07,-0.014370752002476374,0.0
2020-07-08,0.004849110120356263,0.0
2020-07-09,-0.01563944111987152,0.0
2020-07-10,0.014084988690863368,0.0
2020-07-13,-0.0032162077259606913,0.0
2020-07-14,0.015183987889201422,0.0
2020-07-15,0.020343828359288794,0.0
2020-07-16,-0.0008149550798827466,0.0
2020-07-17,0.00845755137932099,0.0
2020-07-20,-0.006545552608729193,0.0
2020-07-21,0.009820215120057625,0.0
2020-07-22,0.009642831406386691,0.0
2020-07-23,-0.0031715938919966193,0.0
2020-07-24,-0.004958602605498557,0.0
2020-07-27,0.0002944364356300106,0.0
2020-07-28,-0.003693573365431398,0.0
2020-07-29,0.01653126826010986,0.0
2020-07-30,-0.007896186969760105,0.0
2020-07-31,-0.0020577037168359787,0.0
2020-08-03,-0.0014287583862496733,1.4100946038587905
2020-08-04,0.006827991998944566,0.0
2020-08-05,0.009243756555028116,0.0
2020-08-06,-0.0006181512316081035,0.0
2020-08-07,0.010044524433704839,0.0
2020-08-10,0.015588339301646654,0.0
2020-08-11,0.0017502602470988206,0.0
2020-08-12,0.0051378697514838055,0.0
2020-08-13,-0.0061104503385325335,0.0
2020-08-14,0.002414005875348819,0.0
2020-08-17,-0.0027963364577013555,0.0
2020-08-18,-0.004241708599954479,0.0
2020-08-19,-0.0048614083600881765,0.0
2020-08-20,-0.0059912180497852605,0.0
2020-08-21,-0.002632641012574044,0.0
2020-08-24,0.019189627110906667,0.0
2020-08-25,-0.0017472948122752628,0.0
2020-08-26,-0.002963783945310822,0.0
2020-08-27,0.005491160793825325,0.0
2020-08-28,0.010638140416095862,0.0
2020-08-31,-0.010304493673552448,0.0
2020-09-01,0.006617356693011667,1.0427723158951772
2020-09-02,0.018409576811139517,0.0
2020-09-03,-0.02232886574554596,0.0
2020-09-04,-0.0024474720091075043,0.0
2020-09-08,-0.02087845686191957,0.0
2020-09-09,0.014239368547528917,0.0
2020-09-10,-0.013277761033490126,0.0
2020-09-11,0.005630878177849019,0.0
2020-09-14,0.014386576302310284,0.0
2020-09-15,0.00016549474174027887,0.0
2020-09-16,0.007326958192816608,0.0
2020-09-17,-0.0028361100134323743,0.0
2020-09-18,-0.010044822863246322,0.0
2020-09-21,-0.02439185030153479,0.006344912702227559
2020-09-22,0.003888645418450798,0.006840368618974559
2020-09-23,-0.02037987920548654,0.0
2020-09-24,0.002209915956125152,0.0
2020-09-25,0.010117500131989431,0.0
2020-09-28,0.01884342686846839,0.0
2020-09-29,-0.006574077024225738,0.0
2020-09-30,0.006760190006614954,0.0
2020-10-01,0.0003034232636913714,0.9102363555401738
2020-10-02,0.0016844204623040757,0.0
2020-10-05,0.015476415537889473,0.0
2020-10-06,-0.013762178860471281,0.0
2020-10-07,0.016688894212047,0.0
2020-10-08,0.013934106493063814,0.0034867050087186396
2020-10-09,0.004558565224481443,0.0
2020-10-12,0.006969671176672145,0.0
2020-10-13,-0.008641646528736668,0.0
2020-10-14,-0.0014955576266589617,0.0
2020-10-15,0.0014282926395980393,0.0
2020-10-16,-0.0017990714416889347,0.0
2020-10-19,-0.013131372761933494,0.0
2020-10-20,0.005165614340942136,0.0
2020-10-21,-0.0037430260574702764,0.0
2020-10-22,0.009053240598251005,0.0
2020-10-23,0.002587864976199336,0.0
2020-10-26,-0.02211811556434605,0.0
2020-10-27,-0.010915181847153909,0.0
2020-10-28,-0.03401892138512488,0.0
2020-10-29,0.00677550142882892,0.0
2020-10-30,-0.003965848622322119,0.0
2020-11-02,0.01892430183895133,0.7182642710425649
2020-11-03,0.018166968219383045,0.0
2020-11-04,0.007377727350133662,0.0
2020-11-05,0.01476497718460329,0.0
2020-11-06,0.002869287974928271,0.0
2020-11-09,0.017557726911909023,0.0
2020-11-10,0.0044091323119938445,0.0
2020-11-11,0.005048169439507576,0.0
2020-11-12,-0.012340409033417522,0.0
2020-11-13,0.01757589594557234,0.0
2020-11-16,0.013130055025620592,0.0
2020-11-17,-0.0045024389686744645,0.0
2020-11-18,-0.009761130268119735,0.0
2020-11-19,0.0032867979100970504,0.0
2020-11-20,-0.006826881718843542,0.0
2020-11-23,0.007376602428842925,0.0
2020-11-24,0.016036434017540957,0.0
2020-11-25,-0.0031183819105906913,0.0
2020-11-27,0.0021723332646214804,0.0
2020-11-30,-0.0012405067619349847,0.0
2020-12-01,0.0068298157769339785,1.019493295730321
2020-12-02,-0.000984007978689292,0.0
2020-12-03,0.002799128212595366,0.0
2020-12-04,0.010933985592657926,0.0
2020-12-07,-0.0037505435388440036,0.0
2020-12-08,0.0013215954665428571,0.0
2020-12-09,-0.0006143266772874792,0.0
2020-12-10,-0.003148698316738774,0.0
2020-12-11,-0.002145354697025104,0.0
2020-12-14,-0.009158160488998519,0.0
2020-12-15,0.015038110317013317,0.0
2020-12-16,-0.0012039269148884262,0.0
2020-12-17,0.007965495257124859,0.0
2020-12-18,-0.0016183365217047514,0.0
2020-12-21,-0.005811309318722736,0.0
2021-01-08,0.003983477803163993,0.7421054346002613
2021-01-11,-0.004412014088540957,0.0
2021-01-12,0.007980851393047949,0.0
2021-01-13,-0.0012769489151206515,0.0
2021-01-14,0.0013373943814388065,0.0
2021-01-15,-0.006777631770617378,0.0
2021-01-19,0.0005980574673830865,0.0
2021-01-20,0.006375622455660427,0.0
2021-01-21,-0.007548865618968708,0.0
2021-01-22,-0.004188541927508084,0.0
2021-01-25,-0.0017775181068498515,0.0
2021-01-26,-0.004364988943681327,0.0
2021-01-27,-0.025064234689158426,0.0
2021-01-28,0.013374624578657322,0.0
2021-01-29,-0.0194747656777327,0.0
2021-02-01,0.011214100676464334,0.5778542482898326
2021-02-02,0.017222526837947193,0.0
2021-02-03,0.009171203734032757,0.0
2021-02-04,0.01967876874413383,0.0
2021-02-05,0.004181702391457286,0.0
2021-02-08,0.012519644305106648,0.0
2021-02-09,-0.0004423423730401207,0.0
2021-02-10,0.004891552117010088,0.0
2021-02-11,0.0005967460864372891,0.0
2021-02-12,0.005377318355113112,0.0
2021-02-16,0.00803355105727177,0.006450983048968349
2021-02-17,-0.0004941096373601401,0.0
2021-02-18,-0.004835640285080592,0.0
2021-02-19,0.013626877346558677,0.0
2021-02-22,0.01806718958074652,0.0
2021-02-23,0.009116876534938664,0.0
2021-02-24,0.021334764764192066,0.0
2021-02-25,-0.02458931557348249,0.0
2021-02-26,-0.010608652745426207,0.0
2021-03-01,0.02079063367417966,0.5838612171755562
2021-03-02,-0.0031053218455543005,0.0
2021-03-03,0.0009432658319534064,0.0
2021-03-04,-0.012552348097198688,0.0
2021-03-05,0.024822571925658565,0.0
2021-03-08,0.014645865536277353,0.0
2021-03-09,-0.009749692267614043,0.0
2021-03-10,0.01438490179163721,0.0
2021-03-11,0.0013105322422799156,0.0
2021-03-12,0.009811296359026538,0.0
2021-03-15,0.00612766485666816,0.0
2021-03-16,-0.012450725870422187,0.0
2021-03-17,0.006116400814147001,0.0
2021-03-18,-0.00503833756822074,0.0
2021-03-19,-0.007878964234647626,0.0
2021-03-22,-0.0035962397880347986,0.0
2021-03-23,-0.017852829725489183,0.007073052478766762
2021-03-24,0.002791337933193482,0.0
2021-03-25,0.01807942104253723,0.0
2021-03-26,0.016822201030932137,0.0
2021-03-29,-0.007909217709087688,0.0
2021-03-30,0.005179474998871723,0.0
2021-03-31,-0.006173584439223402,0.0
2021-04-01,0.00925842025996415,1.0455392368683079
2021-04-05,0.011145859578948574,0.0
2021-04-06,0.0005140676663662164,0.0
2021-04-07,-0.0017101001984174402,0.0
2021-04-08,0.0018744598358358066,0.0
2021-04-09,0.006384602070097301,0.0
2021-04-12,0.0019755819983933902,0.0
2021-04-13,-0.002624880945008841,0.0
2021-04-14,0.00022418159709632648,0.0
2021-04-15,0.00796363604662352,0.0
2021-04-16,0.005159743693256737,0.0
2021-04-19,-0.002392168461170089,0.0
2021-04-20,-0.005125131249672215,0.0
2021-04-21,0.010777569257864661,0.0070193451986570775
2021-04-22,-0.005366915629254496,0.0
2021-04-23,0.009061140106029358,0.0
2021-04-26,-0.0011740594958905967,0.0
2021-04-27,0.0023305447351119083,0.0
2021-04-28,1.3710559208843405e-05,0.0
2021-04-29,0.009477252225549626,0.0
2021-04-30,-0.005892458567753516,0.0
2021-05-03,0.004465259087295781,0.983629175883632
2021-05-04,0.0022637333547878237,0.0
2021-05-05,-0.0011374179408181007,0.0
2021-05-06,0.008473453349867018,0.0
2021-05-07,0.006558762123668398,0.0
2021-05-10,0.0037664521099157206,0.0
2021-05-11,-0.01296382458177675,0.0
2021-05-12,-0.018456032348654526,0.0
2021-05-13,0.014998660664837023,0.0
2021-05-14,0.007828012437537479,0.0
2021-05-17,-0.0018333160236996848,0.0
2021-05-18,-0.006829763635684938,0.0
2021-05-19,-0.004338303856347108,0.0
2021-05-20,0.0082813727770292,0.0
2021-05-21,0.00230242393700886,0.0
2021-05-24,0.003065865224052451,0.0
2021-05-25,-0.005945489922534179,0.0
2021-05-26,0.0005631988599462711,0.0
2021-05-27,0.0017260209276280599,0.0
2021-05-28,0.0024015165188343763,0.0
2021-06-01,0.0005608523076534588,0.7752808724747482
2021-06-02,0.0045852333033779965,0.0
2021-06-03,0.00044216735337304126,0.0
2021-06-04,0.006026928401404088,0.0
2021-06-07,-0.0016152314702162968,0.0
2021-06-08,0.00010929546428454446,0.0
2021-06-09,9.119828600124565e-05,0.0
2021-06-10,0.006108807490238047,0.0
2021-06-11,0.0029370997575985406,0.0
2021-06-14,0.0007680679318059423,0.0
2021-06-15,-0.001097469511754386,0.0
2021-06-16,-0.008692842283852373,0.0
2021-06-17,-0.0004710760880826698,0.0
2021-06-18,-0.017495919330638994,0.0
2021-06-21,0.01635549285487906,0.0
2021-06-22,-7.940456835577899e-05,0.0
2021-06-23,-0.0047567024001723135,0.0
2021-06-24,0.004270956025748353,0.0
2021-06-25,0.006933787238321287,0.0
2021-06-28,-0.0012219548924426657,0.0
2021-06-29,-0.002900254630587483,0.0
2021-06-30,-0.00045313199236657385,0.0
2021-07-01,0.006292848833395315,0.7376883495563948
2021-07-02,0.003658953042473449,0.0
2021-07-06,-0.005175809300131426,0.0
2021-07-07,0.005178552288696333,0.0
2021-07-08,-0.008694527974798716,0.0
2021-07-09,0.011197549198276844,0.0
2021-07-12,0.0010127366982685744,0.0
2021-07-13,-0.006384033602345976,0.0
2021-07-14,0.0019528449628488374,0.0
2021-07-15,0.0003965242335287818,0.0
2021-07-16,-0.0015253458970972298,0.0
2021-07-19,-0.0157108140736521,0.0
2021-07-20,0.013499006178011731,0.0
2021-07-21,0.004274336713090814,0.0
2021-07-22,-0.0013374395083740845,0.0
2021-07-23,0.008495489088662234,0.0
2021-07-26,0.0017731199537879647,0.0
2021-07-27,0.0018419853467827574,0.0
2021-07-28,-0.003394683157847175,0.0
2021-07-29,0.005762682058179814,0.0
2021-07-30,-0.0014309664929739463,0.0
2021-08-02,-0.0007356008296226513,0.5917651112770765
2021-08-03,0.0056718466715612505,0.0
2021-08-04,-0.008478408599406295,0.00689727318415576
2021-08-05,0.0028918508176326192,0.0
2021-08-06,0.002320919564121282,0.0
2021-08-09,-0.001548818029993994,0.0
2021-08-10,0.00092623260582524,0.0
2021-08-11,0.005406651730643846,0.0
2021-08-12,-0.0005730326453020273,0.0
2021-08-13,0.004254824941217368,0.0
2021-08-16,0.0048889468775966845,0.0
2021-08-17,-0.0012995449831071648,0.0
2021-08-18,-0.010799798444971608,0.0
2021-08-19,0.00336024945434439,0.0
2021-08-20,0.006012179609224373,0.0
2021-08-23,0.0014436051529815083,0.0
2021-08-24,-0.0027395796682220834,0.0
2021-08-25,0.0019110545563397487,0.0
2021-08-26,-0.005524571058624696,0.0
2021-08-27,0.005852349395744099,0.0
2021-08-30,0.0016357992415626363,0.0
2021-08-31,0.0010217613641771081,0.0
2021-09-01,0.0024825645063999424,0.7409760425676102
2021-09-02,0.005224883705863995,0.0
2021-09-03,-0.0027826386613014112,0.0
2021-09-07,-0.00937629034610972,0.0
2021-09-08,0.006404199589540514,0.0
2021-09-09,-0.006543643582637945,0.0
2021-09-10,-0.007957754227834497,0.0
2021-09-13,0.0013377688107227299,0.0
2021-09-14,-0.004712905039352116,0.0
2021-09-15,0.00426820581640484,0.0
2021-09-16,-0.0013634929927264239,0.0
2021-09-17,-0.007469041627966045,0.0
2021-09-20,-0.010373388233394388,0.0
2021-09-21,-0.0035929957947382907,0.0
2021-09-22,0.006564216782945922,0.0
2021-09-23,0.006098520394829123,0.0
2021-09-24,-0.0002130305159959322,0.0
2021-09-27,-0.003969244694757677,0.0
2021-09-28,-0.013266633697956286,0.0
2021-09-29,0.007304318850503965,0.0
2021-09-30,-0.015819834575122472,0.0
2021-10-01,0.007388051051180566,0.5928156329122032
2021-10-04,-0.006425974268546096,0.0
2021-10-05,0.004756614224299375,0.0
2021-10-06,0.005845763887413071,0.0
2021-10-07,0.006009747244651303,0.0
2021-10-08,-0.003579209003760109,0.0
2021-10-11,-0.006063493060346617,0.0
2021-10-12,0.0002684125844341758,0.0
2021-10-13,0.004543065226837003,0.0
2021-10-14,0.015314187209043244,0.0
2021-10-15,0.0024931910537891286,0.0
2021-10-18,-0.0028016956748070786,0.0
2021-10-19,0.007204752178622594,0.0
2021-10-20,0.007301710048219115,0.0
2021-10-21,0.003522704126678009,0.0
2021-10-22,0.003178872377236009,0.0
2021-10-25,-0.0013933909582872581,0.0
2021-10-26,-0.000766662434408466,0.0
2021-10-27,-0.008799854378906737,0.0
2021-10-28,0.004465215032880115,0.0
2021-10-29,0.00047988112651939645,0.0
2021-11-01,0.004656701284050824,0.5988655335841768
2021-11-02,0.00391312242003904,0.0
2021-11-03,0.0025959026909844352,0.0
2021-11-04,0.0012750024391835597,0.0
2021-11-05,0.005654417582521608,0.0
2021-11-08,0.0009730849528016697,0.0
2021-11-09,0.0009253057626005293,0.0
2021-11-10,-0.0035818351088864457,0.0
2021-11-11,-0.002138991244836594,0.0
2021-11-12,0.005021168338402578,0.0
2021-11-15,0.0027428560398896308,0.0
2021-11-16,0.0034028919698255757,0.0
2021-11-17,-0.0034589543388983107,0.0
2021-11-18,-0.00404514594356036,0.0
2021-11-19,-0.0008666288425777031,0.0
2021-11-22,-0.003456014791641853,0.0
2021-11-23,-0.0003023664043744511,0.0
2021-11-24,0.0008399176195426364,0.0
2021-11-26,-0.019214900314342514,0.0
2021-11-29,0.008736452630371132,0.0
2021-11-30,-0.025086097549807458,0.0
2021-12-01,-0.011817507726820664,0.7995005594501993
2021-12-02,0.018365259020563157,0.0
2021-12-03,0.0014985908522083856,0.0
2021-12-06,0.015367098752122166,0.0
2021-12-07,0.011894005515765946,0.0
2021-12-08,0.0034328326348572356,0.0
2021-12-09,-0.003310140708505158,0.0
2021-12-10,0.006459924584904395,0.0
2021-12-13,-0.0005809322409086246,0.0
2021-12-14,-0.005777594559673766,0.0
2021-12-15,0.011648612893020664,0.0
2021-12-16,0.0008724430749403013,0.0
2021-12-17,-0.010244857157263735,0.0
2021-12-20,-0.010157969452629713,0.0
2022-01-11,0.004707926286620978,0.7256257044278784
2022-01-12,0.002368385036370569,0.0
2022-01-13,-0.003428898698451041,0.0
2022-01-14,-0.0036518886120538293,0.0
2022-01-18,-0.0145908964317887,0.0
2022-01-19,-0.008016002923062182,0.0
2022-01-20,-0.010055996917615785,0.0
2022-01-21,-0.011285254128901544,0.0
2022-01-24,0.0051736624265298035,0.0
2022-01-25,-0.013462908277865171,0.0
2022-01-26,-0.006777936042005151,0.0
2022-01-27,-0.006433384834262625,0.0
2022-01-28,0.015712404953995524,0.0
2022-01-31,0.015374533643051518,0.0
2022-02-01,0.004699315188628983,1.0556386552211394
2022-02-02,0.00024529780117238604,0.0
2022-02-03,-0.02024102173270148,0.0074829418435466526
2022-02-04,0.003051646686890589,0.0
2022-02-07,0.0027133118863488705,0.0
2022-02-08,0.015278560055324065,0.0
2022-02-09,0.024961054897681162,0.0
2022-02-10,-0.014077712539282814,0.0
2022-02-11,-0.023061416247977744,0.0
2022-02-14,-0.0043533234323175594,0.0
2022-02-15,0.02644649838217361,0.0
2022-02-16,0.0011092700733286165,0.007388628390602769
2022-02-17,-0.025988917424621588,0.0
2022-02-18,-0.008083805074290488,0.0
2022-02-22,-0.012332688302402165,0.0
2022-02-23,-0.01939985428402119,0.0
2022-02-24,0.018470008344481877,0.0
2022-02-25,0.027077004296533848,0.0
2022-02-28,-0.007681939219982166,0.0
2022-03-01,-0.026736602360437622,0.6074588766646172
2022-03-02,0.021666970474987737,0.0
2022-03-03,-0.011723860442854506,0.0
2022-03-04,-0.020305403245965414,0.0
2022-03-07,-0.04186888631806514,0.0
2022-03-08,0.0030195767916679594,0.0
2022-03-09,0.030791939619248032,0.0
2022-03-10,-0.00721378908416976,0.0
2022-03-11,-0.015471615705928862,0.0
2022-03-14,-0.007268146457352189,0.0
2022-03-15,0.024226518592243538,0.0
2022-03-16,0.030831779327517416,0.0
2022-03-17,0.012413175548789056,0.0
2022-03-18,0.012860448362274044,0.0
2022-03-21,-0.009313988751801913,0.0
2022-03-22,0.011922380809937419,0.0
2022-03-23,-0.018236289717386143,0.0
2022-03-24,0.015363419670990301,0.0
2022-03-25,0.003367471873527725,0.0
2022-03-28,0.005560200699227859,0.0
2022-03-29,0.02362493300244895,0.0
2022-03-30,-0.012742335966274814,0.0
2022-03-31,-0.014506574250699768,0.0
2022-04-01,0.002012212511570688,0.7770423433283615
2022-04-04,0.008793015058701188,0.0
2022-04-05,-0.019204417924370776,0.014570342608526844
2022-04-06,-0.016678378695889097,0.0
2022-04-07,-0.004208898721134663,0.0
2022-04-08,-0.0007317410807570798,0.0
2022-04-11,-0.0023857086067490263,0.0
2022-04-12,-0.004634947763979772,0.0
2022-04-13,0.016637848186486316,0.0
2022-04-14,-0.007995630951620966,0.0
2022-04-18,-0.0006521593491617575,0.0
2022-04-19,0.025406006772803955,0.0
2022-04-20,0.00039587242311276707,0.0
2022-04-21,-0.013076975393681568,0.0
2022-04-22,-0.02445877978288516,0.0
2022-04-25,0.008319223328754951,0.0
2022-04-26,-0.030385964278092363,0.0
2022-04-27,0.0010044442975794753,0.0
2022-04-28,0.022634766864915133,0.0
2022-04-29,-0.029335044079302146,0.0
2022-05-02,0.010926271997203862,0.636510938228569
2022-05-03,0.00995412361670493,0.0
2022-05-04,0.031707597234410335,0.0
2022-05-05,-0.04106820319175444,0.0
2022-05-06,-0.023023887886863034,0.0
2022-05-09,-0.034669737669556375,0.0
2022-05-10,-0.001478138075395582,0.0
2022-05-11,-0.02731437730990379,0.0
2022-05-12,0.008746250473122125,0.0
2022-05-13,0.03267112446270511,0.0
2022-05-16,-0.013228890132985368,0.0
2022-05-17,0.0347545862446865,0.0
2022-05-18,-0.043804271093972925,0.0
2022-05-19,-0.0016105068464874694,0.0
2022-05-20,0.0010069798215776647,0.0
2022-05-23,0.011644702437289038,0.0
2022-05-24,-0.021815493118067346,0.0
2022-05-25,0.022785429505098098,0.0
2022-05-26,0.03386556467728831,0.0
2022-05-27,0.026995988333465674,0.0
2022-05-31,-0.0060548225593647,0.0
2022-06-01,-0.014891772782088752,0.7611143350991868
2022-06-02,0.02799777435603934,0.0
2022-06-03,-0.017512757717481044,0.0
2022-06-06,0.00536582528978459,0.0
2022-06-07,0.007070415064215819,0.0
2022-06-08,-0.012866354937180718,0.0
2022-06-09,-0.026044309135123192,0.0
2022-06-10,-0.035777120335027335,0.022418065394985413
2022-06-13,-0.0499261871699096,0.0
2022-06-14,-0.005037386912690903,0.0
2022-06-15,0.017720738720270753,0.0
2022-06-16,-0.046393904410445636,0.0
2022-06-17,0.01248997564859319,0.0
2022-06-21,0.009678127415170556,0.0
2022-06-22,-0.0016581018825452402,0.0
2022-06-23,0.010741132327997118,0.0
2022-06-24,0.041378323091002006,0.0
2022-06-27,-0.00684220436734316,0.0
2022-06-28,-0.02026720242167182,0.0
2022-06-29,-0.009134823082955323,0.014384355519124013
2022-06-30,-0.01303757055354231,0.0
2022-07-01,0.015465832859363537,0.6004973951475818
2022-07-05,0.006958144413000548,0.0
2022-07-06,-0.008394338036167442,0.0
2022-07-07,0.024619695941330306,0.0
2022-07-08,-0.00644140442994532,0.0
2022-07-11,-0.020440900542974583,0.0
2022-07-12,0.005896191792957752,0.0
2022-07-13,-0.004544285338036205,0.0
2022-07-14,-0.00841371014202069,0.0
2022-07-15,0.026361999343073383,0.0
2022-07-18,0.003083655213556003,0.0
2022-07-19,0.04002309193450612,0.0
2022-07-20,0.01684289890217527,0.0
2022-07-21,0.005733294072417534,0.0
2022-07-22,-0.012810161660191204,0.0
2022-07-25,-0.0006564725382265061,0.0
2022-07-26,-0.015980164119852223,0.0
2022-07-27,0.029830147070989667,0.0
2022-07-28,0.012979513975417762,0.0
2022-07-29,0.008544941319010915,0.0
2022-08-01,0.000658925616061401,0.5941514003386961
2022-08-02,-0.0059262679259902825,0.0
2022-08-03,0.01405583815339934,0.0
2022-08-04,-0.0052558042439578585,0.0
2022-08-05,0.0008749558574418152,0.0
2022-08-08,0.006513771314026897,0.0
2022-08-09,-0.01489075425474689,0.0
2022-08-10,0.028768090748198867,0.0
2022-08-11,0.007071728366984864,0.0
2022-08-12,0.015735810336348112,0.0
2022-08-15,-5.416091971198642e-05,0.0
2022-08-16,0.005871045118484147,0.0
2022-08-17,-0.017974915543851926,0.0
2022-08-18,0.004550556538490703,0.0
2022-08-19,-0.019055285440658126,0.0
2022-08-22,-0.027795605448170856,0.0
2022-08-23,0.003012044073540403,0.0
2022-08-24,0.006893193410789746,0.0
2022-08-25,0.019359223966799063,0.0
2022-08-26,-0.038952960528528785,0.0
2022-08-29,-0.006435062740843942,0.0
2022-08-30,-0.009640382665549584,0.0
2022-08-31,-0.008820379945754936,0.0
2022-09-01,-0.002209341880741622,0.7140803663322826
2022-09-02,-0.007373987909862659,0.0
2022-09-06,-0.0063314580426440895,0.0
2022-09-07,0.027960614304389973,0.0
2022-09-08,0.014119957409955797,0.0
2022-09-09,0.02103101028298308,0.0
2022-09-12,0.010752229735646445,0.0
2022-09-13,-0.05124778782594644,0.0
2022-09-14,-0.00029398984142798364,0.0
2022-09-15,-0.0067882488694221334,0.0
2022-09-16,-0.013589763146595487,0.0
2022-09-19,0.0063961542134980485,0.0
2022-09-20,-0.019965713934448327,0.0
2022-09-21,-0.020902479757596064,0.0
2022-09-22,-0.023255793151335837,0.0
2022-09-23,-0.016754623707662092,0.0
2022-09-26,-0.014896545406642751,0.0
2022-09-27,-6.049572484383966e-05,0.0
2022-09-28,0.030002045003359446,0.0
2022-09-29,-0.026000537526193464,0.0
2022-09-30,-0.017936821225259268,0.0
2022-10-03,0.029711489264051538,0.4795491061874205
2022-10-04,0.04603319696261253,0.0
2022-10-05,-0.0028258656175836642,0.0
2022-10-06,-0.011553806278347324,0.0
2022-10-07,-0.03238522193944653,0.0
2022-10-10,-0.016259626136315847,0.0
2022-10-11,-0.009964886133161637,0.0
2022-10-12,0.0005592004030029483,0.0
2022-10-13,0.023178064694476898,0.0
2022-10-14,-0.0220946899200536,0.0
2022-10-17,0.02743703032567019,0.0
2022-10-18,0.014498927872884482,0.0
2022-10-19,-0.016901075022642792,0.0
2022-10-20,-0.0067602986177234875,0.0
2022-10-21,0.024530290122130913,0.0
2022-10-24,0.008702986306148682,0.0
2022-10-25,0.027689303685103667,0.0
2022-10-26,-0.0012240900619938655,0.0
2022-10-27,-0.0038722727297918896,0.0
2022-10-28,0.02062179735773119,0.0
2022-10-31,-0.007668056203439956,0.0
2022-11-01,-0.001145894227458255,0.6534569429485435
2022-11-02,-0.03210998464237904,0.0
2022-11-03,-0.014259309014534129,0.0
2022-11-04,0.023263712519302742,0.0
2022-11-07,0.009031010536606347,0.0
2022-11-08,0.009372322775306858,0.0
2022-11-09,-0.02239263738777375,0.0070286205294579004
2022-11-10,0.08216922396696927,0.0
2022-11-11,0.030735127351309864,0.0
2022-11-14,-0.01861948956921754,0.0
2022-11-15,0.014197068218591723,0.0
2022-11-16,-0.024356542571229975,0.0
2022-11-17,-0.009425054242749153,0.0
2022-11-18,0.003136072329262227,0.0
2022-11-21,-0.005288740604010111,0.0
2022-11-22,0.014523386294072266,0.0
2022-11-23,0.008120271173112181,0.0
2022-11-25,0.00026154470748644665,0.0
2022-11-28,-0.020235854805359357,0.0
2022-11-29,0.006053208514060577,0.0
2022-11-30,0.0316550336014344,0.0
2022-12-01,0.0021581279265960873,0.702326423699404
2022-12-02,-0.00502840105275338,0.0
2022-12-05,-0.026363228137410443,0.0
2022-12-06,-0.01620852057637872,0.0
2022-12-07,-0.004229111557371382,0.0
2022-12-08,0.007870926473626083,0.0
2022-12-09,-0.0037232310504177967,0.0
2022-12-12,0.015967712692738792,0.0
2022-12-13,0.010666086567539703,0.0
2022-12-14,-0.011313894103040779,0.0
2022-12-15,-0.027930473037015183,0.0
2022-12-16,-0.015089962532963769,0.0
2022-12-19,-0.013874899531866196,0.0
2022-12-20,-0.0009012182891114939,0.007796418021296797
2022-12-21,0.016874810830882676,0.0
2022-12-22,-0.013986178314376006,0.0
2023-01-05,-0.010123268265457064,0.5313230714589454
2023-01-06,0.027201174380496688,0.0
2023-01-09,0.00803751011773715,0.0
2023-01-10,0.011778718484125197,0.0
2023-01-11,0.0174652134953929,0.0
2023-01-12,0.007044756095911613,0.0
2023-01-13,0.0023794702292844207,0.0
2023-01-17,0.0008098674723960415,0.0
2023-01-18,-0.012592083709038856,0.0
2023-01-19,-0.014348489234870733,0.0
2023-01-20,0.02880024153664449,0.0
2023-01-23,0.02409349493182095,0.0
2023-01-24,-0.006391022086012252,0.0
2023-01-25,0.003280531475943371,0.0
2023-01-26,0.011077002480191772,0.0
2023-01-27,0.0067214271237747425,0.0
2023-01-30,-0.0168753179016613,0.0
2023-01-31,0.021961936635997596,0.0
2023-02-01,0.022977634504394606,1.4033802389052885
2023-02-02,0.01149587363786003,0.0
2023-02-03,-0.011991286350902996,0.0
2023-02-06,-0.00782815342242185,0.0
2023-02-07,0.007284840307850425,0.0
2023-02-08,-0.012720104135107012,0.0
2023-02-09,-0.010320960094855572,0.0
2023-02-10,0.005268237390014271,0.0
2023-02-13,0.010373850879256189,0.0
2023-02-14,-0.005014755174934519,0.0
2023-02-15,0.006041194887975233,0.0
2023-02-16,-0.010761991589809762,0.0
2023-02-17,0.0028177729421413012,0.0
2023-02-21,-0.02296521927029968,0.0
2023-02-22,-0.002476962354127335,0.0
2023-02-23,0.00023333854613272128,0.0
2023-02-24,-0.009913701121770426,0.0
2023-02-27,-0.0007669909899124139,0.0
2023-02-28,-0.00295657300722658,0.0
2023-03-01,-0.005877908759386541,1.3531912003995332
2023-03-02,0.009883603255246586,0.0
2023-03-03,0.016150553518156342,0.0
2023-03-06,-0.008674659505364639,0.0
2023-03-07,-0.01883573291059132,0.0
2023-03-08,0.0038616774737072765,0.0
2023-03-09,-0.024740297463146158,0.0
2023-03-10,-0.025422256580586097,0.0
2023-03-13,-0.012688103901104714,0.0
2023-03-14,0.012025126401922935,0.0
2023-03-15,-0.014154667064780021,0.0
2023-03-16,0.01585757607908911,0.0058840448762723235
2023-03-17,-0.01450187137313456,0.0
2023-03-20,0.008685087720597858,0.0
2023-03-21,0.01708223494043226,0.0007216430963016825
2023-03-22,-0.024479770723279545,0.0
2023-03-23,0.001191528660341418,0.0
2023-03-24,0.005350775708044837,0.0
2023-03-27,0.004302672742136168,0.0
2023-03-28,-2.136588941849335e-05,0.0
2023-03-29,0.020083549811061828,0.0
2023-03-30,0.006347743042899607,0.0
2023-03-31,0.017636537026102912,0.0
2023-04-03,-0.0001947765160413839,1.1566538773762238
2023-04-04,-0.017864083267807043,0.0
2023-04-05,-0.007474686347203977,0.0
2023-04-06,0.0028849201859154575,0.0
2023-04-10,0.010219912570424493,0.0
2023-04-11,0.013025596999089483,0.0
2023-04-12,-0.01067564710341989,0.0
2023-04-13,0.00834912495569173,0.0
2023-04-14,-0.004602649153995883,0.0
2023-04-17,0.012653354468479417,0.0
2023-04-18,-0.0007477523211579464,0.0
2023-04-19,0.005512812511417845,0.0
2023-04-20,-0.013585605146167492,0.0
2023-04-21,-0.003721216662342086,0.0
2023-04-24,0.0010000202651545315,0.0
2023-04-25,-0.026386490746173122,0.0
2023-04-26,-0.009490159789422742,0.0
2023-04-27,0.018237276586138836,0.0
2023-04-28,0.019162092195665757,0.0
2023-05-01,-0.006317687519221904,1.04661089326207
2023-05-02,-0.021889232485545577,0.0
2023-05-03,-0.007891057388770899,0.0
2023-05-04,-0.01567452754884777,0.0
2023-05-05,0.02337236225338598,0.0
2023-05-08,-0.0025588032214618334,0.0
2023-05-09,-0.005940876110171057,0.0
2023-05-10,-0.002160953565379429,0.0
2023-05-11,-0.0072032858910962404,0.0
2023-05-12,-0.0024665379531880697,0.0
2023-05-15,0.017113851420421634,0.0
2023-05-16,-0.017168077208461426,0.0
2023-05-17,0.0242557151628094,0.0
2023-05-18,0.013176773664019474,0.0
2023-05-19,-0.004804414291081315,0.0
2023-05-22,0.009073014790907758,0.0
2023-05-23,-0.008500301897417503,0.0
2023-05-24,-0.014641367341623347,0.0
2023-05-25,0.0034625217995006424,0.0
2023-05-26,0.017054204770889203,0.0
2023-05-30,0.0007634444454947013,0.0
2023-05-31,-0.016189801545951427,0.0
2023-06-01,0.01248663264377603,1.292162866151743
2023-06-02,0.03239582517755944,0.0
2023-06-05,-0.0067246245977111594,0.0
2023-06-06,0.013986327592377827,0.0
2023-06-07,0.01784091849824722,0.0
2023-06-08,-0.0059500515788141195,0.008234700247255752
2023-06-09,-0.004916501708816608,0.0
2023-06-12,0.004508863296528066,0.0
2023-06-13,0.013096656715341472,0.0
2023-06-14,-0.006945358084676526,0.0
2023-06-15,0.014310383630408754,0.0
2023-06-16,-0.00042813374226097206,0.0
2023-06-20,-0.012404836400817163,0.0
2023-06-21,-0.0006520463287986481,0.0
2023-06-22,-0.00896289030017596,0.0
2023-06-23,-0.00940895605292341,0.0
2023-06-26,0.012033675769140106,0.0
2023-06-27,0.009452087811825702,0.0
2023-06-28,-0.002622830193632261,0.0
2023-06-29,0.010907764863193146,0.0
2023-06-30,0.006752290239131147,0.0
2023-07-03,0.008371482145681064,1.138648380479287
2023-07-05,-0.004608036210401713,0.0
2023-07-06,-0.008427313992784347,0.0
2023-07-07,0.002805727113452918,0.0
2023-07-10,0.004645974060873592,0.0
2023-07-11,0.013524979144394322,0.006728485979305269
2023-07-12,0.00668663907394169,0.0
2023-07-13,0.006285145234186504,0.0
2023-07-14,-0.00819366261127109,0.0
2023-07-17,-6.368199036550876e-05,0.0
2023-07-18,0.006829834068012861,0.0
2023-07-19,0.011762256854729373,0.0
2023-07-20,-0.0009726562220621314,0.0
2023-07-21,0.0038832458223840936,0.0
2023-07-24,0.004050897512389692,0.0
2023-07-25,0.0012900448792280811,0.0
2023-07-26,0.003925772369883832,0.0
2023-07-27,-0.007332617195438196,0.0
2023-07-28,0.006725754376844441,0.0
2023-07-31,0.001893713526657246,0.0
2023-08-01,-0.00384804371306513,1.3995143779473511
2023-08-02,-0.013417810545421375,0.0
2023-08-03,-0.0036169434593208605,0.0
2023-08-04,-0.00322717508516716,0.0
2023-08-07,0.005262215213782354,0.0
2023-08-08,-0.0040670574045032805,0.0
2023-08-09,-0.002565783519960816,0.0
2023-08-10,-0.001665154021680351,0.0
2023-08-11,-0.0006670092146894105,0.0
2023-08-14,0.0018283841934324217,0.0
2023-08-15,-0.013331039015644308,0.0
2023-08-16,-0.00920723890339237,0.0
2023-08-17,-0.0073893263445037214,0.0
2023-08-18,0.0007572162464593612,0.0
2023-08-21,1.3501184952281255e-05,0.0
2023-08-22,-0.004077512226883479,0.0
2023-08-23,0.008607760167291374,0.0
2023-08-24,-0.011556679735202552,0.0
2023-08-25,0.00456381797127777,0.0
2023-08-28,0.007662919776880191,0.0
2023-08-29,0.013354852831296934,0.0
2023-08-30,0.003802394570409978,0.0
2023-08-31,-0.004318223751326871,0.0
2023-09-01,0.0017690886696395403,1.2562018095983158
2023-09-05,-0.010912269240230097,0.0
2023-09-06,-0.006134774723284497,0.0
2023-09-07,-0.01080964264086558,0.0
2023-09-08,0.0021528861228202745,0.0
2023-09-11,0.0029985586771626776,0.0
2023-09-12,0.001311017103548365,0.0
2023-09-13,-0.0065132413532525794,0.0
2023-09-14,0.014348583683672957,0.0
2023-09-15,-0.005828762548616376,0.0
2023-09-18,-0.007652988510470443,0.0
2023-09-19,-0.002566507428333531,0.006918723756394429
2023-09-20,-0.005336185976775394,0.0
2023-09-21,-0.01733816795762281,0.0
2023-09-22,-0.007875868594871657,0.0
2023-09-25,0.0019785459531478098,0.0
2023-09-26,-0.015810278236056907,0.0
2023-09-27,-0.0005943408492663632,0.0
2023-09-28,0.009170012863928665,0.0
2023-09-29,0.002141055959622223,0.0
2023-10-02,-0.014753861808055047,1.0192425328526018
2023-10-03,-0.015509064780161341,0.007103170524820974
2023-10-04,0.0059755074974507695,0.0
2023-10-05,-0.005317011939242759,0.0
2023-10-06,0.007027451418806856,0.0
2023-10-09,0.0026788347874037656,0.0
2023-10-10,0.011285720579566642,0.0
2023-10-11,0.0017348054144183272,0.0
2023-10-12,-0.016838420787012438,0.0
2023-10-13,-0.006352601567981247,0.0
2023-10-16,0.014934314084951791,0.0
2023-10-17,0.006460737873397431,0.0
2023-10-18,-0.023732999304653887,0.0
2023-10-19,-0.01327574461569847,0.01997937861239437
2023-10-20,-0.014529567888219904,0.0
2023-10-23,-0.006370696366210633,0.0
2023-10-24,0.00781750531770626,0.0
2023-10-25,-0.018382241378272792,0.0
2023-10-26,1.3577332554250151e-05,0.0
2023-10-27,-0.012918049529326162,0.0
2023-10-30,0.004737619994862841,0.0
2023-10-31,0.008964457185172282,0.0
2023-11-01,-0.004164718752915797,0.924092257561405
2023-11-02,0.028055419748632054,0.0
2023-11-03,0.02639645603041678,0.0
2023-11-06,-0.010092586996696995,0.0
2023-11-07,0.0004519637244376354,0.0
2023-11-08,-0.0029859556651678563,0.0
2023-11-09,-0.01626053322216368,0.0
2023-11-10,0.013176331235087739,0.0
2023-11-13,-0.0047263052955351,0.0
2023-11-14,0.0441817880752302,0.0
2023-11-15,0.01518787004374156,0.0
2023-11-16,-0.009193494210442021,0.0
2023-11-17,0.00685570957258003,0.0
2023-11-20,0.004615225029294134,0.0
2023-11-21,-0.005724057690747253,0.0
2023-11-22,0.004634349878942826,0.0
2023-11-24,0.004262609692478908,0.0
2023-11-27,-0.0055276683857476494,0.0
2023-11-28,0.003565342003570029,0.0
2023-11-29,0.01034966647378826,0.0
2023-11-30,0.0034975055978555027,0.0
2023-12-01,0.026659237529392144,1.335413850168173
2023-12-04,0.0019676525409979017,0.0
2023-12-05,-0.012879185650311209,0.0
2023-12-06,0.0032858972469603986,0.0
2023-12-07,0.0031148663976645627,0.0
2023-12-08,0.001748535564996263,0.0
2023-12-11,0.007441575217362172,0.0
2023-12-12,-0.0033300233182507522,0.0
2023-12-13,0.028860644742160147,0.0
2023-12-14,0.01572259675917722,0.0
2023-12-15,-0.01114154265575179,0.0
2023-12-18,-0.00010547517457254543,0.0
2024-02-02,-0.0070000025575984726,0.9789045998223092
2024-02-05,-0.011815576391568581,0.0
2024-02-06,0.006789552339961828,0.0
2024-02-07,-1.1218692684583967e-05,0.0
2024-02-08,-0.0007899022663598651,0.0
2024-02-09,0.0017542803864551751,0.0
2024-02-12,0.008480949610213031,0.0
2024-02-13,-0.015026525712670243,0.0
2024-02-14,0.00466250170026105,0.0
2024-02-15,0.013416557465956266,0.0
2024-02-16,-0.0020809448906296073,0.0
2024-02-20,-0.0035550824511846003,0.0
2024-02-21,0.007242133347920565,0.0
2024-02-22,0.0047107766138809685,0.0
2024-02-23,0.0027178637751174963,0.0
2024-02-26,-0.008536263997391942,0.0
2024-02-27,0.005663155897406905,0.0
2024-02-28,0.0006445490995568406,0.0
2024-02-29,0.004804055804319666,0.0
2024-03-01,0.0008071322763123501,1.2556706624676601
2024-03-04,0.004838351399926286,0.0
2024-03-05,-0.0024417277973487472,0.013910442798558393
2024-03-06,0.005628862995147749,0.0
2024-03-07,0.007114755954662729,0.0
2024-03-08,0.0051401907947611234,0.0
2024-03-11,0.007422403012277802,0.0
2024-03-12,-0.004506943551499585,0.0
2024-03-13,0.0034223079251689188,0.0
2024-03-14,-0.013608182179336943,0.0
2024-03-15,-0.0015546747275239324,0.0
2024-03-18,0.0035695724526714537,0.0
2024-03-19,0.004340407364012977,0.0073748394811312176
2024-03-20,0.007802055390673126,0.0
2024-03-21,0.007639966512662772,0.0
2024-03-22,-0.00876806767889854,0.0
2024-03-25,-0.00019790362987943778,0.0
2024-03-26,-0.003957322353903114,0.006089698683379579
2024-03-27,0.022166449673873795,0.0
2024-03-28,0.006158278346984083,0.0
2024-04-01,-0.007748972916301278,1.2575346759880284
2024-04-02,-0.014075230361646596,0.007092840354920887
2024-04-03,-0.0027045859763963967,0.0
2024-04-04,-0.009276967176154532,0.0
2024-04-05,0.003196467279195128,0.0
2024-04-08,0.0033124417975978295,0.0
2024-04-09,0.009038726334218032,0.0
2024-04-10,-0.022355858697058518,0.0
2024-04-11,-0.0014932185988530719,0.0
2024-04-12,-0.01625333558114962,0.0
2024-04-15,-0.010677106936753219,0.0
2024-04-16,-0.006142827864774545,0.0
2024-04-17,-0.002757796805337596,0.0
2024-04-18,-0.0010028781292309487,0.0
2024-04-19,0.0029517467017464633,0.0
2024-04-22,0.007511156014855002,0.0
2024-04-23,0.0070725410999060555,0.0
2024-04-24,0.00011807009932318001,0.0
2024-04-25,-0.005054216632225374,0.0
2024-04-26,0.00030796756900111687,0.0
2024-04-29,0.008526676191893278,0.0
2024-04-30,-0.01617509271518356,0.0
2024-05-01,-0.0018801375757381278,1.106534096946979
2024-05-02,0.007669157865924492,0.0
2024-05-03,0.00964070027478901,0.0
2024-05-06,0.006699614075198063,0.0
2024-05-07,0.001750106033501089,0.0
2024-05-08,-0.0024155027758496154,0.0
2024-05-09,0.008937299989835834,0.019989975784939967
2024-05-10,0.004089026861565049,0.0
2024-05-13,0.001841816772666265,0.0
2024-05-14,0.005921709176301232,0.0
2024-05-15,0.008063917515437061,0.0
2024-05-16,-0.0005624163367072893,0.0
2024-05-17,-0.000898498304418807,0.0
2024-05-20,-0.0019279174034301906,0.0
2024-05-21,-0.003946714246709256,0.0
2024-05-22,-0.004044459703891121,0.0
2024-05-23,-0.016453343574958583,0.0
2024-05-24,0.005615535191934248,0.0
2024-05-28,-0.004688595095070026,0.0
2024-05-29,-0.01355090613427563,0.0
2024-05-30,0.0006649249728201345,0.0
2024-05-31,0.014107019559264274,0.0
2024-06-03,-0.0011938975892232806,1.055385180379183
2024-06-04,-0.002704967160157155,0.0
2024-06-05,0.002595861463607129,0.0
2024-06-06,0.0018013032770287588,0.0
2024-06-07,-0.004107119083840362,0.0
2024-06-10,-3.672886933419879e-05,0.0
2024-06-11,-0.0026596619200323105,0.0
2024-06-12,0.002229470242404494,0.0
2024-06-13,-0.00493964735739085,0.0
2024-06-14,-0.004682870703108761,0.0
2024-06-17,0.006444110439606406,0.0
2024-06-18,-0.0008136961213200751,0.0
2024-06-20,0.005144122069343297,0.0
2024-06-21,0.004970218918685008,0.0
2024-06-24,0.003693797814730175,0.0
2024-06-25,-0.008224936893411819,0.0
2024-06-26,-0.0017104077834572708,0.0
2024-06-27,0.0008270129018121666,0.0
2024-06-28,0.0035428057340023975,0.0
2024-07-01,-0.009773220545226113,1.100787077672285
2024-07-02,0.002629841305839388,0.0
2024-07-03,0.0026242012419588796,0.0
2024-07-05,-0.0013837958557032478,0.0
2024-07-08,0.0006529037772529194,0.0
2024-07-09,-0.004877773658226947,0.021154593156557773
2024-07-10,0.009229744027659616,0.0
2024-07-11,0.01825485370990506,0.0
2024-07-12,0.00865918086606478,0.0
2024-07-15,-0.005612000719806555,0.0
2024-07-16,0.02216361592627688,0.0
2024-07-17,-0.003285429507857435,0.0
2024-07-18,-0.00806804345779552,0.0
2024-07-19,-0.007450278961675222,0.0
2024-07-22,0.009064500480803555,0.0
2024-07-23,-0.004082505950259838,0.0
2024-07-24,-0.010334037573822523,0.0
2024-07-25,0.004458208924717045,0.0
2024-07-26,0.015131151114509763,0.0
2024-07-29,0.002602363605648003,0.0
2024-07-30,0.008425770768098697,0.0
2024-07-31,0.00636513165404902,0.0
2024-08-01,-0.01032481119099804,1.3874337498251663
2024-08-02,-0.02907019806155835,0.0
2024-08-05,-0.022273829638760585,0.0
2024-08-06,0.010759611012922065,0.0
2024-08-07,-0.010732267000829802,0.0
2024-08-08,0.029822831531984742,0.0
2024-08-09,0.0019241788342216066,0.0
2024-08-12,-0.0029905946270479683,0.0
2024-08-13,0.01723918089081496,0.0
2024-08-14,-0.0003361706758429973,0.0
2024-08-15,0.025528878512557786,0.0
2024-08-16,0.0018253428363908843,0.0
2024-08-19,0.00984081945256206,0.0
2024-08-20,-0.006257620068106755,0.0
2024-08-21,0.01126055404102548,0.0
2024-08-22,-0.01023048346774708,0.0
2024-08-23,0.014959234553203193,0.0
2024-08-26,-0.004927816579644836,0.0
2024-08-27,0.001468411656280547,0.0
2024-08-28,-0.008934761713529445,0.0
2024-08-29,0.000809563241284148,0.0
2024-08-30,0.008539866269561696,0.0
2024-09-03,-0.024331497393086376,1.1382646610671192
2024-09-04,-0.00553202461275851,0.0
2024-09-05,-0.005236076926348684,0.0
2024-09-06,-0.013171027240231024,0.0
2024-09-09,0.008574983672410661,0.0
2024-09-10,-0.0008804001122407138,0.0
2024-09-11,0.004779834708726883,0.0
2024-09-12,0.005266409741235093,0.0
2024-09-13,0.012493902751271407,0.0
2024-09-16,0.007535613378431812,0.0
2024-09-17,0.007401796075127561,0.0
2024-09-18,-0.00047601402141924715,0.0
2024-09-19,0.013203057015230332,0.0
2024-09-20,-0.010634751904123083,0.0
2024-09-23,0.00565361303126757,0.0
2024-09-24,0.0041796770035928245,0.0
2024-09-25,-0.010276317223453159,0.0
2024-09-26,0.018844679772694366,0.0
2024-09-27,0.008164341063001174,0.0
2024-09-30,-0.002297758315349174,0.0
2024-10-01,-0.0073137251590869035,1.1596704070044666
2024-10-02,-0.0012996218984797636,0.007002107084709782
2024-10-03,-0.003681816093114387,0.0
2024-10-04,0.008565342120518358,0.0
2024-10-07,-0.007577701594370863,0.0
2024-10-08,0.0005316673792767371,0.0
2024-10-09,0.008843891916330454,0.0
2024-10-10,-0.0018249956883452704,0.0
2024-10-11,0.008200759839425805,0.0
2024-10-14,0.006266467257922814,0.0
2024-10-15,-0.011970069645417856,0.0
2024-10-16,0.0031083392821535244,0.0
2024-10-17,-0.0025843836391238216,0.0
2024-10-18,0.0019213272165147992,0.0
2024-10-21,-0.009747157749131543,0.0
2024-10-22,-0.0036171224359202252,0.0
2024-10-23,-0.007021940474452995,0.0
2024-10-24,0.0019356860537440778,0.0
2024-10-25,-0.0005621615721388378,0.0
2024-10-28,0.003461152893832294,0.0
2024-10-29,-0.0012910981822657679,0.0
2024-10-30,-0.0034127842311580626,0.0
2024-10-31,-0.013249440794426146,0.0
2024-11-01,0.004825333734739035,1.0243617872418138
2024-11-04,0.005543710930536164,0.0
2024-11-05,0.0052637038506540695,0.0
2024-11-06,0.008241294774999068,0.0
2024-11-07,0.0026015754475067466,0.0
2024-11-08,-0.003076940058015434,0.0
2024-11-11,-0.0001817710461776579,0.0
2024-11-12,-0.012526843671161908,0.0
2024-11-13,5.858056003903416e-05,0.0
2024-11-14,-0.006286568497912634,0.0
2024-11-15,-0.016066639774008983,0.0
2024-11-18,0.0061492088298587926,0.0
2024-11-19,-0.0068526295550844175,0.0
2024-11-20,0.006810088352118547,0.0
2024-11-21,0.012770505005863034,0.0
2024-11-22,0.007700697569128362,0.0
2024-11-25,0.015466257858678183,0.0
2024-11-26,-0.008450878011680233,0.0
2024-11-27,0.0020294317264288875,0.006510015968155249
2024-11-29,0.004630419457290105,0.0
2024-12-02,0.004685077356552769,0.8493518137480163
2024-12-03,-0.0054542406252184195,0.0
2024-12-04,-0.0037946938515531314,0.0
2024-12-05,-0.011274772954415448,0.0
2024-12-06,0.0006591012399500312,0.0
2024-12-09,0.008545343881800024,0.0
2024-12-10,-0.008394496425244443,0.0
2024-12-11,-0.0010363866072532618,0.0
2024-12-12,-0.004351024799523708,0.0
2024-12-13,-0.001474765166090073,0.0
2024-12-16,-0.004794368952479631,0.0
2024-12-17,-0.00506550345062709,0.0
2024-12-18,-0.027150533518840565,0.0
2024-12-19,-0.010476800297998206,0.0
2024-12-20,0.01425646703391373,0.0
2024-12-23,0.006047534394064673,0.0
2025-03-25,-0.00565726876717787,1.16780162424629
2025-03-26,0.0012783846449461618,0.0
2025-03-27,-0.0016581657032771347,0.0
2025-03-28,-0.013983435394537568,0.0
2025-03-31,0.005441157368997629,0.0
2025-04-01,0.0005693795988903627,0.6355951703897198
2025-04-02,0.010814120463647926,0.0
2025-04-03,-0.06425632314770544,0.0
2025-04-04,-0.0540355048842768,0.0
2025-04-07,-0.008381843474637371,0.0
2025-04-08,-0.02774003223342011,0.0
2025-04-09,0.09821586836616611,0.0
2025-04-10,-0.04920160366009899,0.0
2025-04-11,0.018637124538206866,0.0
2025-04-14,0.012781745749601352,0.0
2025-04-15,-0.005936687638449566,0.0
2025-04-16,-0.014261610146835694,0.0
2025-04-17,0.008829138550433241,0.0
2025-04-21,-0.01974712997304204,0.0
2025-04-22,0.02506914430607882,0.0
2025-04-23,0.010957729077279005,0.0
2025-04-24,0.02543571819605351,0.0
2025-04-25,-0.00048738369835667254,0.0
2025-04-28,0.002861686571311582,0.0
2025-04-29,0.003458770492316694,0.0
2025-04-30,-0.0007663014789543373,0.0
2025-05-01,-0.000158882246373504,0.8629583232773768
2025-05-02,0.022988589479805324,0.0
2025-05-05,-0.010005897953989784,0.0
2025-05-06,-0.011654478721495819,0.0
2025-05-07,0.010361505344373988,0.0
2025-05-08,0.018799015509772324,0.0
2025-05-09,0.0007666153461649017,0.0
2025-05-12,0.050248787790860144,0.0
2025-05-13,0.0042280116025403686,0.0
2025-05-14,-0.009800513729141709,0.0
2025-05-15,0.00015094650394052868,0.0
2025-05-16,0.008166318226892098,0.0
2025-05-19,-0.0045096506658932126,0.0
2025-05-20,-0.00366978959639793,0.0
2025-05-21,-0.02882772672033966,0.0
2025-05-22,-0.003959459064088716,0.0
2025-05-23,-0.006797419419148021,0.0
2025-05-27,0.023076756242155647,0.0
2025-05-28,-0.010093420246145696,0.0
2025-05-29,0.005151856858807201,0.0
2025-05-30,-0.007535784292632134,0.0
2025-06-02,-0.0006751110416308714,0.7945439453724814
2025-06-03,0.014395965522256951,0.0
2025-06-04,0.0009199016988751703,0.0
2025-06-05,-0.001967457559845993,0.0
2025-06-06,0.009280938190977604,0.0
2025-06-09,0.007919797730399785,0.0
2025-06-10,0.016742343168780763,0.0
2025-06-11,-0.004127753765584328,0.0
2025-06-12,0.000551067012963019,0.0
2025-06-13,-0.011800817814832483,0.0
2025-06-16,0.009095430495903166,0.0
2025-06-17,-0.015409502222258665,0.0
2025-06-18,-0.0021857660226883148,0.0
2025-06-20,0.0019091740297121596,0.0
2025-06-23,0.0020218413965356462,0.0
2025-06-24,0.0121940971731795,0.0
2025-06-25,-0.007229575531488601,0.0
2025-06-26,0.008292427227244348,0.0
2025-06-27,0.00113122620850142,0.0
2025-06-30,3.206987432305467e-05,0.0
2025-07-01,0.02343432511681387,0.8133066064756149
2025-07-02,0.002350629012859498,0.0
2025-07-03,0.0010545611086447385,0.0
2025-07-07,-0.014551207572789658,0.0
2025-07-08,0.012997462432437129,0.0
2025-07-09,0.003635412352856164,0.0
2025-07-10,0.008850897543891643,0.0
2025-07-11,-0.011177560110186996,0.0
2025-07-14,-0.006325170902224935,0.0
2025-07-15,-0.018098359772503146,0.0
2025-07-16,0.004031054671366524,0.0
2025-07-17,0.007568679583723484,0.0
2025-07-18,-0.006186474301233826,0.0
2025-07-21,-0.005727559411243652,0.0
2025-07-22,0.023682220869683183,0.0
2025-07-23,0.011130729584730863,0.0
2025-07-24,-0.008646797904762778,0.0
2025-07-25,0.0075463651829942024,0.0
2025-07-28,-0.007761848700749261,0.0
2025-07-29,-0.005845049131185973,0.0
2025-07-30,-0.015046493397234286,0.0
2025-07-31,-0.020273819003358885,0.0
2025-08-01,-0.011452484445609645,0.7957393163816728
2025-08-04,0.005954601827698015,0.0
2025-08-05,0.001497645750434922,0.0
2025-08-06,-0.008612049318313504,0.0
2025-08-07,0.0025582469432239648,0.0
2025-08-08,0.004426444103914589,0.0
2025-08-11,-0.004826696464854994,0.0
2025-08-12,0.018628734923393106,0.0
2025-08-13,0.022902948444580032,0.0
2025-08-14,-0.005822850405931995,0.0
2025-08-15,0.005334466841706546,0.0
2025-08-18,-0.0006089734461909768,0.0
2025-08-19,0.00980564865186973,0.0
2025-08-20,-0.004879689499396809,0.0
2025-08-21,-0.0037048528480035326,0.0
2025-08-22,0.028982643207246417,0.0
2025-08-25,-0.010020170120530733,0.0
2025-08-26,-0.0033981242055761305,0.0
2025-08-27,0.004316604041105832,0.0
2025-08-28,-0.004274265077708983,0.0
2025-08-29,0.0037337516623299205,0.020511507795983583
2025-09-02,-0.008214796439414473,1.0139523994096973
2025-09-03,-0.003920583049155896,0.0
2025-09-04,0.0037799473977388107,0.0
2025-09-05,0.0045092971415501455,0.0
2025-09-08,-0.0025349039248424247,0.0
2025-09-09,-0.0020625868783941386,0.0
2025-09-10,-0.0019963426555160754,0.0
2025-09-11,0.016121715139915088,0.0
2025-09-12,-0.009410714695218838,0.0
2025-09-15,-0.002375212544142954,0.0
2025-09-16,0.0025042653242518475,0.0
2025-09-17,-0.0019225044787201094,0.0
2025-09-18,0.009001692729365735,0.0
2025-09-19,-0.0053701266585826826,0.0
2025-09-22,0.0031809011877014966,0.0
2025-09-23,-0.0017833183882310212,0.0
2025-09-24,-0.0003415593980967803,0.0
2025-09-25,-0.013474573864337584,0.0
2025-09-26,0.011062400350583234,0.0
2025-09-29,0.0010855401076547587,0.0
2025-09-30,0.0031471155229031806,0.0
2025-10-01,0.010965078462400246,0.8185353797335736
2025-10-02,0.004668788555362573,0.0
2025-10-03,0.008284924115594863,0.0
2025-10-06,-0.003770022412488431,0.0
2025-10-07,-0.0061320051045448565,0.0
2025-10-08,0.005561701081836901,0.0
2025-10-09,-0.008070730315770283,0.0
2025-10-10,-0.025814350704387624,0.0
2025-10-13,0.010730387994036696,0.0
2025-10-14,0.010277009699620974,0.0
2025-10-15,0.0001657957918514826,0.0
2025-10-16,-0.0024249438606306303,0.0
2025-10-17,0.0050031849261018176,0.0
2025-10-20,0.012621111415161989,0.0
2025-10-21,0.00887593350209664,0.0
2025-10-22,-0.005150617905983503,0.0
2025-10-23,0.0035205315353764644,0.0
2025-10-24,-0.0006589260601351151,0.0
2025-10-27,0.004148615301378028,0.0
2025-10-28,-0.010980841684205505,0.0
2025-10-29,-0.022470322738047485,0.0
2025-10-30,-0.011447828976595704,0.0
2025-10-31,0.003908287334777993,0.00644481318550187
2025-11-03,-0.005417294526143812,0.8469556695229262
2025-11-04,-0.004743683491812645,0.0069775437033233
2025-11-05,0.0046169512492635345,0.006871906327762741
2025-11-06,-0.008616101783047347,0.0
2025-11-07,0.013048795415889462,0.0
2025-11-10,-0.0007959250338006701,0.0
2025-11-11,0.011473231242935724,0.0
2025-11-12,0.002280828534659634,0.0
2025-11-13,-0.004629942448945892,0.0
2025-11-14,-0.0038871794043093665,0.0
2025-11-17,-0.015255907882908305,0.0
2025-11-18,0.00301442768512821,0.0
2025-11-19,-0.00671477164151275,0.0
2025-11-20,-0.006922936459219648,0.0
2025-11-21,0.02629676093774702,0.0
2025-11-24,-0.0012354747565239063,0.0
2025-11-25,0.018910839296191886,0.0
2025-11-26,0.006375845258532087,0.0
2025-11-28,0.004595295809534582,0.0
2025-12-01,-0.0038522123533967223,1.0071775030286596
2025-12-02,0.00459690380626902,0.0
2025-12-03,0.013729221490010459,0.0
2025-12-04,-0.0005365206812717755,0.0
2025-12-05,0.0030288511991197558,0.0
2025-12-08,-0.004588858977794686,0.0
2025-12-09,-0.0019402861615290215,0.0
2025-12-10,0.018098090622084298,0.0
2025-12-11,0.009677875709327568,0.0
2025-12-12,-0.009998358816249109,0.013747010111621357
2025-12-15,-0.0032328499288768646,0.0
2025-12-16,-0.006168499788654124,0.0
2025-12-17,-0.006177147734901636,0.0
2025-12-18,0.002605323431129472,0.0
2025-12-19,0.0033875682057065365,0.0
2025-12-22,0.008654353376422463,0.0
2026-01-15,0.0058610627057775755,1.091144283452158
2026-01-16,-0.005868214692213873,0.0
2026-01-20,-0.00952149933732704,0.0
2026-01-21,0.01560551807517385,0.0
2026-01-22,0.003615601535406657,0.0
2026-01-23,-0.00303520968508632,0.0
2026-01-26,0.001223379313764764,0.0
2026-01-27,-0.007931602458940645,0.0
2026-01-28,-0.00426677327659828,0.0
2026-01-29,-0.001922872862545548,0.0
2026-01-30,0.002095041932232077,0.0
2026-02-02,-0.0033460745790689916,0.8364233016696748
2026-02-03,-0.014970931894863386,0.0
2026-02-04,0.022332628862793448,0.0
2026-02-05,-0.0150082370300796,0.0
2026-02-06,0.021107171370396534,0.0
2026-02-09,0.0011823793148142223,0.0
2026-02-10,0.008924294418240164,0.02620091883458963
2026-02-11,0.0016312040640970033,0.0
2026-02-12,-0.018186978670881673,0.0
2026-02-13,0.013312951975271436,0.0
2026-02-17,-0.005115967505230939,0.0
2026-02-18,0.007834940997596868,0.0
2026-02-19,-0.005941305594729094,0.0
2026-02-20,0.001591549486872467,0.0
2026-02-23,-0.016735109350692976,0.0
2026-02-24,0.008349863444342534,0.0
2026-02-25,-0.0008172349239167292,0.0
2026-02-26,0.007854947869155988,0.0
2026-02-27,0.0038846776657434643,0.0
2026-03-02,-0.000928516185608963,0.9329742291836138
2026-03-03,-0.0042774722048433385,0.0
2026-03-04,0.010639350979981959,0.0
2026-03-05,0.001446366492022776,0.0
2026-03-06,-0.01050704923066095,0.0
2026-03-09,0.0008466917619101601,0.0
2026-03-10,-0.016113409240198443,0.0
2026-03-11,-0.0038931067934260197,0.0
2026-03-12,-0.019297523671506653,0.0
2026-03-13,0.0005266337345582289,0.0
2026-03-16,0.006290944673402749,0.0
2026-03-17,0.009458733386209658,0.0
2026-03-18,-0.011832047065944715,0.0
2026-03-19,0.000361341690770634,0.0
2026-03-20,-0.013985430213503496,0.0
2026-03-23,0.008497789689756651,0.0
2026-03-24,-0.007142632969409691,0.0
2026-03-25,0.004399683874120451,0.0
2026-03-26,-0.007249420500898149,0.0
2026-03-27,-0.02056738297951284,0.0
2026-03-30,0.0016100476788872228,0.0
2026-03-31,0.022675555336277065,0.0
2026-04-01,0.00016133665187401114,0.9805768955403872
2026-04-02,5.557826224009785e-05,0.0
2026-04-06,0.00710922254339678,0.0
2026-04-07,-0.004645844792486114,0.0
2026-04-08,0.03284128710017899,0.0
2026-04-09,-0.0013541305786780907,0.0
2026-04-10,-0.006327372466491664,0.0
2026-04-13,0.019216246650354596,0.0
2026-04-14,0.007977479783170488,0.0
2026-04-15,0.0017236200658687566,0.0
2026-04-16,0.0057916109635348535,0.0
2026-04-17,0.018438957563480317,0.0
2026-04-20,0.0026347494148624383,0.0
2026-04-21,-0.006510057026173886,0.0
2026-04-22,0.001330206791545795,0.0
2026-04-23,-0.00784144927676475,0.0
2026-04-24,0.005422080464776999,0.0
2026-04-27,-0.005187332105339157,0.0
2026-04-28,-0.012231717056025377,0.0
2026-04-29,-0.0030419590084704486,0.0
2026-04-30,0.016594923441326563,0.0
2026-05-01,-0.0013287140498505767,0.6995660564719135
2026-05-04,-0.006186644717531649,0.0
2026-05-05,0.01041532491927974,0.0
2026-05-06,0.013252015009369345,0.0
2026-05-07,-0.000527487030790394,0.0
2026-05-08,0.0012668240729513012,0.0
2026-05-11,-0.00988637790036373,0.0
2026-05-12,-0.003221479563296448,0.0
2026-05-13,-0.010714891927975936,0.0
2026-05-14,0.0030024717744339935,0.0
2026-05-15,-0.010740380719467358,0.0
2026-05-18,0.01139285813319025,0.0
2026-05-19,-0.00861435508296631,0.0
2026-05-20,0.021678999077435014,0.0
2026-05-21,0.0059656855602115205,0.0
2026-05-22,0.008500387582965972,0.0
2026-05-26,0.005906396268735695,0.0
2026-05-27,0.0029464600189093295,0.0
2026-05-28,0.015769496885468096,0.0
2026-05-29,0.010552220716676157,0.0
2026-06-01,0.011698815146210961,0.6082974192773803
2026-06-02,-0.001674603757189863,0.007004737152160128
2026-06-03,-0.006170290801527756,0.013970745121628042
2026-06-04,0.007645574036454467,0.0
2026-06-05,-0.02026730982659938,0.0
2026-06-08,0.001936165502981153,0.0
2026-06-09,0.010528840266434955,0.0
2026-06-10,-0.01969675929156079,0.0
2026-06-11,0.017467269900971322,0.0
2026-06-12,0.009198322430456048,0.0
2026-06-15,0.01130492864221019,0.0
2026-06-16,-0.0033101098304055784,0.0
2026-06-17,-0.018784147280061857,0.0
2026-06-18,0.012006534415856508,0.0
2026-06-22,-0.005114319369138421,0.0
2026-06-23,-0.009973774617027666,0.0
2026-06-24,0.015146148242020067,0.0
2026-06-25,0.012469703636275909,0.0
2026-06-26,0.003825310907821493,0.0
2026-06-29,0.004496736832858237,0.0
2026-06-30,0.0011346047282596583,0.007303041510822974
