date,return,turnover
2005-01-07,9.999999999998899e-05,0.0
2005-01-10,9.999999999998899e-05,0.0
2005-01-11,9.999999999998899e-05,0.0
2005-01-12,9.999999999998899e-05,0.0
2005-01-13,9.999999999998899e-05,0.0
2005-01-14,9.999999999998899e-05,0.0
2005-01-18,9.999999999998899e-05,0.0
2005-01-19,9.999999999998899e-05,0.0
2005-01-20,9.999999999998899e-05,0.0
2005-01-21,9.999999999998899e-05,0.0
2005-01-24,9.999999999998899e-05,0.0
2005-01-25,9.999999999998899e-05,0.0
2005-01-26,9.999999999998899e-05,0.0
2005-01-27,9.999999999998899e-05,0.0
2005-01-28,9.999999999998899e-05,0.0
2005-01-31,9.999999999998899e-05,0.0
2005-02-01,-0.0009000999999999593,1.0
2005-02-02,0.006861093303728822,0.0
2005-02-03,0.3711582405428514,0.0
2005-02-04,0.012650456690907674,0.0
2005-02-07,0.0007145508768076184,0.0
2005-02-08,0.002798475230887338,0.0
2005-02-09,-0.014097757018772542,0.0
2005-02-10,-0.2708998415514132,0.0
2005-02-11,0.017761479512370316,0.0
2005-02-14,0.36331075228259346,0.0
2005-02-15,-0.2589284355051315,0.0
2005-02-16,-0.007148921412601902,0.0
2005-02-17,0.34794117441716993,0.0
2005-02-18,0.007358313760547233,0.0
2005-02-22,-0.27606804076572006,0.0
2005-02-23,-0.001081938702267381,0.0
2005-02-24,0.00672827680770151,0.0
2005-02-25,0.4309885163988837,0.0
2005-02-28,-0.0074416481736602775,0.0
2005-03-01,-0.28389204324889006,0.4914192535351332
2005-03-02,-0.005135235867935467,0.0
2005-03-03,-0.0031586318724007205,0.0
2005-03-04,0.3713302251522854,0.0
2005-03-07,-0.26076977110055116,0.0
2005-03-08,-0.010863064247244113,0.0
2005-03-09,0.354405151711529,0.0
2005-03-10,-0.0010130427762226456,0.0
2005-03-11,-0.2714725725763349,0.0
2005-03-14,0.004282891829197447,0.0
2005-03-15,0.3500693312678455,0.0
2005-03-16,-0.008092258722694517,0.0
2005-03-17,-0.2692785320428851,0.0
2005-03-18,0.3743265077123639,0.0
2005-03-21,-0.27142520272845705,0.0
2005-03-22,0.36841546500449984,0.0
2005-03-23,-0.2781425415016802,0.0
2005-03-24,0.0005697908853763855,0.0
2005-03-28,-0.003188204179234317,0.0
2005-03-29,-0.010080553728066682,0.0
2005-03-30,0.01611297953319085,0.0
2005-03-31,0.38397741503081395,0.0
2005-04-01,-0.007930103045715953,0.8639050148233982
2005-04-04,-0.006900913711790061,0.0
2005-04-05,0.011744454714507102,0.0
2005-04-06,0.002476844075311441,0.0
2005-04-07,0.00959511030533948,0.0
2005-04-08,-0.007592189031124994,0.0
2005-04-11,-0.012182308234638995,0.0
2005-04-12,0.010858645092941387,0.0
2005-04-13,-0.015925357056228214,0.0
2005-04-14,-0.01679040126805445,0.0
2005-04-15,-0.021791587243069073,0.0
2005-04-18,0.006407013928149362,0.0
2005-04-19,0.009901227911870437,0.0
2005-04-20,-0.011371181412761232,0.0
2005-04-21,0.02418482689229782,0.0
2005-04-22,-0.011831575213537617,0.0
2005-04-25,0.008600682986631233,0.0
2005-04-26,-0.018797886914217216,0.0
2005-04-27,0.004950174410121435,0.0
2005-04-28,-0.020013971795822344,0.0
2005-04-29,0.01080079027303233,0.0
2005-05-02,0.011495315318014843,0.4088769977219068
2005-05-03,0.0022990479968010113,0.0
2005-05-04,0.011427076982276229,0.0
2005-05-05,-0.0012228142695325972,0.0
2005-05-06,0.0037290793635862255,0.0
2005-05-09,0.004739607389526014,0.0
2005-05-10,-0.010849990293551801,0.0
2005-05-11,0.002443524956195618,0.0
2005-05-12,-0.009139250375195015,0.0
2005-05-13,0.010101159801509461,0.0
2005-05-16,-0.00019909269419778316,0.0
2005-05-17,0.016075007029763458,0.0
2005-05-18,0.02052149103189506,0.0
2005-05-19,0.000202553977231245,0.0
2005-05-20,0.00834033367227247,0.0
2005-05-23,0.01074691488800174,0.0
2005-05-24,-0.0009170882475900269,0.0
2005-05-25,-0.00791400190924512,0.0
2005-05-26,0.010381115577112153,0.0
2005-05-27,0.0032552582800545104,0.0
2005-05-31,-0.006868542866722296,0.0
2005-06-01,0.01662479376068915,0.4957146518028114
2005-06-02,-0.002357996640552023,0.0
2005-06-03,-0.0010213692831285044,0.0
2005-06-06,-0.007950563189670554,0.0
2005-06-07,-0.0012529596768445785,0.0
2005-06-08,-0.0016555092806052635,0.0
2005-06-09,0.014720359545506996,0.0
2005-06-10,-0.003937415062921634,0.0
2005-06-13,-0.0020729278713451276,0.0
2005-06-14,0.009830992978692705,0.0
2005-06-15,0.007479068532223999,0.0
2005-06-16,-0.0016757999344404959,0.0
2005-06-17,0.0011496127820721134,0.0
2005-06-20,-0.002435859468099811,0.0
2005-06-21,0.006019379486821192,0.0
2005-06-22,-0.0027980519937953006,0.0
2005-06-23,-0.010204254782565796,0.0
2005-06-24,-0.014387024047099902,0.0
2005-06-27,-0.0038512223984989405,0.0
2005-06-28,0.00467927131160472,0.0
2005-06-29,0.0001446879812356648,0.0
2005-06-30,-0.003922165607178929,0.0
2005-07-01,0.009620788704448824,0.37857401019805537
2005-07-05,0.0025497038507965803,0.0
2005-07-06,0.00650743492167875,0.0
2005-07-07,0.0024069790740510705,0.0
2005-07-08,0.008198526805635783,0.0
2005-07-11,0.01950896547066002,0.0
2005-07-12,0.0001381920675857602,0.0
2005-07-13,-0.008589854520790226,0.0
2005-07-14,0.010631313839364111,0.0
2005-07-15,0.011307818572416993,0.0
2005-07-18,-0.00029520570940401144,0.0
2005-07-19,0.013321398032316774,0.0
2005-07-20,0.009935667680976106,0.0
2005-07-21,-0.007761031714742021,0.0
2005-07-22,0.00464373685638461,0.0
2005-07-25,-0.014311943877052681,0.0
2005-07-26,0.003319728622480927,0.0
2005-07-27,0.011953296611248575,0.0
2005-07-28,0.00411971262234178,0.0
2005-07-29,-0.013022991632334033,0.0
2005-08-01,-0.0005564397533305288,0.637348640484842
2005-08-02,0.004654605899428387,0.0
2005-08-03,0.0005214159165776288,0.0
2005-08-04,-0.014032804791891498,0.0
2005-08-05,-0.010172827851952138,0.0
2005-08-08,0.007543613658452497,0.0
2005-08-09,0.0014980264704147503,0.0
2005-08-10,0.002610559347264179,0.0
2005-08-11,0.002723756998833136,0.0
2005-08-12,0.0047445784049484655,0.0
2005-08-15,0.004440450977123554,0.0
2005-08-16,-0.02241039014827214,0.0
2005-08-17,0.009575335366298227,0.0
2005-08-18,-0.005416000009270441,0.0
2005-08-19,-0.005584327206058282,0.004482323288208992
2005-08-22,0.011390589976083635,0.0
2005-08-23,-0.0036920306446394558,0.0
2005-08-24,-0.016636694888909793,0.0
2005-08-25,0.01262690984161827,0.0
2005-08-26,0.0008101922982342308,0.0
2005-08-29,-0.01016364650879579,0.0
2005-08-30,0.005928539529414259,0.0
2005-08-31,0.010637694878544575,0.0
2005-09-01,-0.0005953668885063657,0.48704052139051246
2005-09-02,-0.01125105970558693,0.0
2005-09-06,0.018981117615507893,0.0
2005-09-07,0.0005852343840952092,0.0
2005-09-08,-0.003871109617050081,0.0
2005-09-09,0.008787177189485133,0.0
2005-09-12,0.004722191414289634,0.0
2005-09-13,0.0033437720938457307,0.0
2005-09-14,-0.01218218898152443,0.0
2005-09-15,-0.005629450624295497,0.0
2005-09-16,0.018585469426576316,0.0
2005-09-19,-0.011025602488719621,0.0
2005-09-20,-0.011227107876716203,0.0
2005-09-21,-0.01748715485202631,0.0
2005-09-22,0.010846676477013375,0.0
2005-09-23,-0.004066249593654412,0.0
2005-09-26,0.0001174388583911446,0.0
2005-09-27,0.009277846826379334,0.0
2005-09-28,-0.006999327616138168,0.0
2005-09-29,0.018089705737528796,0.0
2005-09-30,0.014084590345415244,0.0
2005-10-03,-0.008229771696904198,0.6599352318915441
2005-10-04,-0.011830003624808324,0.0
2005-10-05,0.5714873303376227,0.0
2005-10-06,-0.012492082483010265,0.0
2005-10-07,0.004543518693719361,0.0
2005-10-10,-0.014694102497176544,0.0
2005-10-11,-0.38208106196445424,0.0010740267613882286
2005-10-12,-0.015438559188025235,0.0
2005-10-13,0.6262195867533016,0.0
2005-10-14,-0.37944444882874023,0.0
2005-10-17,0.010438428100357056,0.0
2005-10-18,0.6023603311794041,0.0
2005-10-19,0.02268830141572858,0.0
2005-10-20,-0.012228080906329816,0.0
2005-10-21,0.0042880381464010875,0.0
2005-10-24,0.012290546687567514,0.0
2005-10-25,-0.0014669549295613378,0.0
2005-10-26,-0.008023735192270412,0.0
2005-10-27,-0.009436923852640085,0.0
2005-10-28,0.0196512245126926,0.0
2005-10-31,0.016421161751328867,0.0
2005-11-01,-0.3959843661040754,1.003538667791902
2005-11-02,0.7863383606607132,0.0
2005-11-03,0.0026216154990661147,0.0
2005-11-04,-0.4293974464890285,0.0
2005-11-07,0.009066807742400868,0.0
2005-11-08,0.734794492918923,0.0
2005-11-09,-0.4299787057615017,0.0
2005-11-10,0.7814946398523047,0.0
2005-11-11,-0.43113831889130794,0.0
2005-11-14,-0.0016422700891764812,0.0
2005-11-15,0.7536945404421318,0.0
2005-11-16,-0.43686766028463114,0.0
2005-11-17,0.01238325744703818,0.0
2005-11-18,0.7763698722028595,0.0
2005-11-21,-0.0011894694627014178,0.0
2005-11-22,0.0020313530273703517,0.0
2005-11-23,0.0007032812531084,0.0
2005-11-25,-0.4262644044915284,0.0
2005-11-28,-0.008645287253767307,0.0
2005-11-29,0.0008797306455763376,0.0043894278675331785
2005-11-30,1.009685297666624,0.0
2005-12-01,0.021811275664783247,1.2068289654979596
2005-12-02,0.004841514225223478,0.0
2005-12-05,-0.012595894606191482,0.0
2005-12-06,0.011535055356789834,0.0
2005-12-07,-0.011879708900045305,0.0
2005-12-08,-0.0011311402857906603,0.0
2005-12-09,0.005555768792828915,0.0
2005-12-12,0.009031614892729965,0.0
2005-12-13,0.002498444972901305,0.0
2005-12-14,-0.004469750786635434,0.0
2005-12-15,-0.006098179554226335,0.0
2005-12-16,0.005170825504022458,0.0
2005-12-19,-0.013693956931133977,0.0
2005-12-20,0.004253319403987146,0.0
2005-12-21,-0.0027536193989419686,0.0
2005-12-22,0.0035059679602369095,0.0
2005-12-23,0.012247254721736036,0.0
2005-12-27,-0.010253130440190317,0.0
2005-12-28,0.002692994914547378,0.0
2005-12-29,-0.00780737292957611,0.0
2005-12-30,-0.0035011640444654324,0.01692460433531632
2006-01-03,0.009336061731673118,0.35175467141055694
2006-01-04,0.7266793586361568,0.004907995590274044
2006-01-05,0.007890949949772881,0.0
2006-01-06,-0.4105291319628442,0.0
2006-01-09,0.010020580940465177,0.0
2006-01-10,0.001586976864753196,0.0
2006-01-11,0.0038760780343180803,0.0
2006-01-12,0.7125218408904559,0.0
2006-01-13,0.0035229238051578938,0.0
2006-01-17,-0.0011805327716758992,0.0
2006-01-18,-0.001064659945141636,0.0
2006-01-19,-0.41981944470017796,0.0
2006-01-20,0.7231617437709995,0.0
2006-01-23,-0.4287460766528852,0.0
2006-01-24,0.7543419672163479,0.0
2006-01-25,-0.0029422280217119767,0.0
2006-01-26,-0.4220466385568695,0.0
2006-01-27,0.742793556270789,0.0
2006-01-30,0.010377202723210613,0.0
2006-01-31,-0.4270525937545041,0.0
2006-02-01,0.762806279245829,1.5882936186693601
2006-02-02,-0.02058625232945277,0.0
2006-02-03,-0.007567953616901785,0.0
2006-02-06,0.0032051580369446614,0.0
2006-02-07,-0.011970451068824425,0.0
2006-02-08,0.012517206902870474,0.0
2006-02-09,-0.011002178876415128,0.0
2006-02-10,0.0006123643466602394,0.0
2006-02-13,-0.0012916944419222147,0.0
2006-02-14,0.01609003866990375,0.0
2006-02-15,-0.0032605051415130005,0.0
2006-02-16,0.0203328366654228,0.0
2006-02-17,-0.001159682074095212,0.0
2006-02-21,-0.011247074592909523,0.008704710644860957
2006-02-22,0.011815305776561385,0.0
2006-02-23,-0.003296433215186043,0.0
2006-02-24,-9.287266625283177e-05,0.0
2006-02-27,0.014930225518471205,0.0
2006-02-28,-0.01474063789915861,0.0
2006-03-01,0.002998151904526125,0.5426014483758492
2006-03-02,0.681000526321381,0.0
2006-03-03,-0.40783083969178185,0.0
2006-03-06,-0.012900254171518126,0.0
2006-03-07,0.6820186449701005,0.0
2006-03-08,-0.4132406495166852,0.0
2006-03-09,-0.0029168536453646724,0.0
2006-03-10,0.71719481732192,0.0
2006-03-13,-0.41107464297371105,0.0
2006-03-14,0.7310113169400612,0.0
2006-03-15,-0.40767536404197824,0.0
2006-03-16,0.7049322530086674,0.0
2006-03-17,-0.40864055678877603,0.0
2006-03-20,0.6805766328840925,0.0
2006-03-21,-0.0030561618310871465,0.0
2006-03-22,-0.4072155071696762,0.0
2006-03-23,0.0019957048284272158,0.0
2006-03-24,0.0071713788911404,0.0
2006-03-27,-0.002563101536712161,0.0
2006-03-28,0.7095265980745294,0.0
2006-03-29,0.007706543052273019,0.0
2006-03-30,-0.41436381419089624,0.0
2006-03-31,0.7038829991562894,0.0
2006-04-03,-6.400275682572065e-05,1.1017964570756829
2006-04-04,-0.005215100698808687,0.0
2006-04-05,0.0077701439157597425,0.0
2006-04-06,0.011416922558473718,0.0
2006-04-07,-0.011877465268947777,0.0
2006-04-10,-0.00928371439063923,0.0
2006-04-11,-0.003913282119046096,0.0
2006-04-12,0.0049427263247862965,0.0
2006-04-13,-0.007127013294614892,0.0
2006-04-17,-0.007441850015155613,0.0
2006-04-18,0.03613845886089596,0.0
2006-04-19,0.006665951705925193,0.0
2006-04-20,-0.011341218692001855,0.0
2006-04-21,8.764348161796913e-05,0.0
2006-04-24,0.0053791093843716985,0.0
2006-04-25,-0.005154339669280047,0.0
2006-04-26,0.002045392984995305,0.0
2006-04-27,-0.01467502670372795,0.0
2006-04-28,0.00822732278696358,0.0
2006-05-01,-0.0110545109240896,0.8146268683613301
2006-05-02,0.005858571618324673,0.0
2006-05-03,-0.004217402535600253,0.0
2006-05-04,0.6139807990160429,0.0
2006-05-05,-0.372920030906565,0.0
2006-05-08,0.0008795603434126995,0.0
2006-05-09,0.5998342112586672,0.0
2006-05-10,-0.000415304100873236,0.0
2006-05-11,-0.016454467379798943,0.005356500091868332
2006-05-12,-0.37872337746070683,0.0
2006-05-15,0.588580416096269,0.0
2006-05-16,-0.374088135808584,0.0
2006-05-17,0.5670159015036469,0.0
2006-05-18,-0.3690471283163029,0.0
2006-05-19,0.5847578249648558,0.0
2006-05-22,-0.011799489781159543,0.0
2006-05-23,0.004884401407013748,0.0
2006-05-24,-0.3682118531362415,0.0
2006-05-25,0.6094870779604911,0.0
2006-05-26,0.005285332507016779,0.0
2006-05-30,-0.015616284154134357,0.0
2006-05-31,-0.3634253843346148,0.0
2006-06-01,0.011462365005922903,1.0154349679153625
2006-06-02,0.0006947629042711877,0.0
2006-06-05,-0.024473243051653437,0.0
2006-06-06,0.8283351019157577,0.0
2006-06-07,-0.46463446112748047,0.0
2006-06-08,-0.0023017576909721907,0.0
2006-06-09,0.8298880677910919,0.0
2006-06-12,-0.019194059560899118,0.0
2006-06-13,-0.013020268107227007,0.0
2006-06-14,0.017807531437729847,0.0
2006-06-15,0.029733535415289922,0.0
2006-06-16,-0.006727076619308752,0.0
2006-06-19,-0.46905416647880166,0.0
2006-06-20,0.8515643685524088,0.0
2006-06-21,-0.4512852723711288,0.0
2006-06-22,0.856678073218041,0.0
2006-06-23,0.009834161997190052,0.0
2006-06-26,0.011021844213461139,0.0
2006-06-27,-0.015337407894656135,0.0
2006-06-28,0.008603888498995304,0.0
2006-06-29,-0.45557522423225005,0.0
2006-06-30,0.9108159061835582,0.0
2006-07-03,0.005637082110420133,1.135008605245772
2006-07-05,-0.02038027046842391,0.0
2006-07-06,0.007262636514696231,0.0
2006-07-07,-0.02210013899511956,0.0
2006-07-10,-0.004607400273642693,0.0
2006-07-11,0.012543599056720001,0.0
2006-07-12,-0.0221452912233161,0.00892463208673831
2006-07-13,-0.006810512591873953,0.0
2006-07-14,-0.008760932272614966,0.0
2006-07-17,-0.00788749545492569,0.0
2006-07-18,-0.003537145308633153,0.0
2006-07-19,0.0215976450663362,0.0
2006-07-20,-0.01965761677131723,0.0
2006-07-21,-0.017455448304310266,0.0
2006-07-24,0.018747305847863226,0.0
2006-07-25,0.013248604066754117,0.0
2006-07-26,0.004236400674034737,0.0
2006-07-27,-0.006742964900879716,0.0
2006-07-28,0.01626980728906511,0.0
2006-07-31,0.0032911118664853867,0.0
2006-08-01,-0.012277056100742034,0.6704782734244238
2006-08-02,0.012567724603566513,0.0
2006-08-03,0.010429619444346266,0.0
2006-08-04,-0.010304677664102807,0.0
2006-08-07,0.007959090323428225,0.0
2006-08-08,-0.005521722285851003,0.0
2006-08-09,-0.008232210802978578,0.0
2006-08-10,-0.002551792529697064,0.0
2006-08-11,-0.0008500184757769167,0.0
2006-08-14,0.005746346945843357,0.0
2006-08-15,0.022548645470191288,0.0
2006-08-16,0.01655263811261012,0.0
2006-08-17,0.014060405083885936,0.0
2006-08-18,0.0019412064658442878,0.0
2006-08-21,-0.017729777533356028,0.0
2006-08-22,0.00039257472894331795,0.0
2006-08-23,-0.007550811839060254,0.0
2006-08-24,0.008023792777560991,0.0
2006-08-25,0.0013259918867806813,0.0
2006-08-28,0.00464505609717222,0.0
2006-08-29,0.0029962105275820887,0.0
2006-08-30,0.0022697179140919593,0.0
2006-08-31,-0.004948552945957769,0.0
2006-09-01,0.01349711445023738,0.6148919254020176
2006-09-05,0.004282855949643353,0.0
2006-09-06,-0.025497832319695487,0.0
2006-09-07,0.0001077507278713571,0.0
2006-09-08,0.0031285947022589994,0.0
2006-09-11,-0.004980412066887278,0.0
2006-09-12,0.01747881673957532,0.0
2006-09-13,0.009917106545309844,0.0
2006-09-14,-0.0032126401615122043,0.0
2006-09-15,0.00196736818381302,0.0
2006-09-18,0.0067549522930387546,0.0
2006-09-19,-0.006400445886630595,0.0
2006-09-20,0.004217591076385293,0.0
2006-09-21,-0.006464976600309165,0.0
2006-09-22,-0.005147452951483754,0.0
2006-09-25,0.010723235420591698,0.0
2006-09-26,0.007574258353594258,0.0
2006-09-27,0.0035238313401914395,0.0
2006-09-28,0.004145072449696621,0.0
2006-09-29,-0.0031089195579913076,0.01913982743369111
2006-10-02,-0.004845321328530883,0.4738093568573508
2006-10-03,-0.004536305831311796,0.0
2006-10-04,0.014078810058617972,0.0
2006-10-05,0.010430661142625903,0.0
2006-10-06,-0.006744492284005973,0.0
2006-10-09,0.0030770464281995934,0.0
2006-10-10,0.0035731692028400136,0.0
2006-10-11,6.6690421375325e-05,0.0
2006-10-12,0.012183227307836539,0.0
2006-10-13,0.005506645735175432,0.0
2006-10-16,0.009268907656406443,0.0
2006-10-17,-0.00906876615244636,0.0
2006-10-18,-0.0025004747850434846,0.0
2006-10-19,-0.000898240004578384,0.0
2006-10-20,-0.005001380953387525,0.0
2006-10-23,0.005758571368556122,0.0
2006-10-24,0.004838839467627309,0.0
2006-10-25,0.0021418249409901487,0.0
2006-10-26,0.006340804886728215,0.0
2006-10-27,-0.010274711968986272,0.0
2006-10-30,0.001544428482696779,0.0
2006-10-31,3.2403387225281646e-05,0.0
2006-11-01,-0.013540472035267537,0.5711228124850867
2006-11-02,0.0014209703350232836,0.0
2006-11-03,-0.001647594739185856,0.0
2006-11-06,0.015400142272357357,0.0
2006-11-07,0.0031173613114344758,0.0
2006-11-08,0.000561985275396415,0.008727825697156638
2006-11-09,-0.005939131808777112,0.0
2006-11-10,0.004635785825085349,0.0
2006-11-13,0.004095589620487206,0.0
2006-11-14,0.01246959529720053,0.0
2006-11-15,0.006675110066906068,0.0
2006-11-16,0.00012878301817973763,0.0
2006-11-17,-0.0022369910227376623,0.0
2006-11-20,-0.0016920052475391952,0.0
2006-11-21,0.005479115794317371,0.0
2006-11-22,0.005873372938498019,0.0
2006-11-24,-0.0029484723109624886,0.0
2006-11-27,-0.018040034284053534,0.0
2006-11-28,0.0010899322776020963,0.0
2006-11-29,0.013247042618591961,0.0
2006-11-30,0.005659545855588501,0.0
2006-12-01,-0.00618249047923658,0.5511360511413391
2006-12-04,0.015816086529111303,0.0
2006-12-05,0.004026155177000133,0.0
2006-12-06,0.0014244470409481057,0.0
2006-12-07,-0.005713782717081716,0.0
2006-12-08,0.0009841749062345308,0.0
2006-12-11,-0.00196593464106312,0.0
2006-12-12,-0.005905660416703912,0.0
2006-12-13,-0.0010621620927874008,0.0
2006-12-14,0.011969454115747348,0.0
2006-12-15,-0.0013533573392692094,0.0
2006-12-18,-0.007798978856045193,0.0
2006-12-19,-0.0008025365174669883,0.0
2006-12-20,-0.00158409812342944,0.0
2006-12-21,-0.004615474061128656,0.0
2006-12-22,-0.004472216445587195,0.0
2006-12-26,0.0020187935588820882,0.0
2006-12-27,0.008681667937583968,0.0
2006-12-28,-0.0007243442010462627,0.0
2006-12-29,-0.003443120079983711,0.0
2007-01-03,-0.004346471292365095,1.0508883794373924
2007-01-04,0.0043248476908337675,0.0
2007-01-05,-0.005821355655554938,0.0
2007-01-08,-0.006694612731937826,0.0
2007-01-09,0.008219479516997825,0.0
2007-01-10,0.004373789775394879,0.0
2007-01-11,0.007159074627182376,0.0
2007-01-12,0.0077006961776600585,0.0
2007-01-16,-0.0006667978522038248,0.0
2007-01-17,-0.009243180676092993,0.0
2007-01-18,0.0010402718712669858,0.0
2007-01-19,0.008465163056377945,0.0
2007-01-22,-0.0046832546667473045,0.0
2007-01-23,0.00976646993953129,0.0
2007-01-24,0.008902242572000087,0.0
2007-01-25,0.014916213221036978,0.007835245609440867
2007-01-26,-0.031536726004525596,0.0
2007-01-29,0.02690517902351218,0.0
2007-01-30,-0.02228973851233836,0.0
2007-01-31,0.009620455200378974,0.0
2007-02-01,0.0049643608092657665,1.6960825242640545
2007-02-02,0.2469947344823982,0.0
2007-02-05,-0.02019693853937899,0.0
2007-02-06,-0.016561214690931,0.0
2007-02-07,-0.014173827352650253,0.0
2007-02-08,-0.0146244847488798,0.0
2007-02-09,-0.018839143833472793,0.0
2007-02-12,-0.01586948572823854,0.0076274208341526465
2007-02-13,-0.005011994384353359,0.0
2007-02-14,-0.003003917639797332,0.0
2007-02-15,-0.0054072332665647815,0.007741055592216229
2007-02-16,0.0018328714445882337,0.0
2007-02-20,0.010856331414456744,0.008112694142437555
2007-02-21,-0.004681601739110304,0.0
2007-02-22,-0.00663415200089498,0.0
2007-02-23,-0.01323629269567979,0.0
2007-02-26,-0.003325706633815043,0.0
2007-02-27,-0.022620005279437038,0.0
2007-02-28,-0.0022984450730819915,0.0
2007-03-01,-0.006505394771707751,0.9043393090479412
2007-03-02,-0.013978059323533201,0.0
2007-03-05,-0.013912232387773182,0.0
2007-03-06,0.018364739373604236,0.0
2007-03-07,-0.0020213071460728656,0.0
2007-03-08,0.010360874568597262,0.0
2007-03-09,0.004718172237304948,0.0
2007-03-12,0.004582015049503195,0.0
2007-03-13,-0.02292216128962033,0.0
2007-03-14,0.005323160795584463,0.0
2007-03-15,0.007065928627103309,0.0
2007-03-16,-0.007708617152159903,0.0
2007-03-19,0.010239330090427788,0.0
2007-03-20,0.007982679412582893,0.0
2007-03-21,0.01609573391404085,0.0
2007-03-22,-0.0011482147318148514,0.0
2007-03-23,0.0007538833583184085,0.0
2007-03-26,-0.0023981324686574413,0.0
2007-03-27,-0.006209047806363743,0.0
2007-03-28,-0.007168576182403381,0.0
2007-03-29,0.0038439657304785877,0.0
2007-03-30,0.0010285786503985502,0.0
2007-04-02,0.0018312499306971652,0.9242269682632598
2007-04-03,0.009223674817791376,0.0
2007-04-04,-0.002030814044460684,0.0
2007-04-05,0.004571158562791826,0.0
2007-04-09,-0.004765051568618749,0.0
2007-04-10,0.0057012773022272895,0.0
2007-04-11,-0.007362378551735314,0.0
2007-04-12,0.004299520343930552,0.0
2007-04-13,0.002288352895665707,0.0
2007-04-16,0.010813696270278285,0.0
2007-04-17,0.0038327141711786313,0.0
2007-04-18,0.002146911949912401,0.0
2007-04-19,-0.002419785973656374,0.0
2007-04-20,0.010280247468260497,0.0
2007-04-23,0.002761022037939546,0.0
2007-04-24,-0.001945837652993353,0.0
2007-04-25,0.004856059004416289,0.0
2007-04-26,0.0005414395339699643,0.0
2007-04-27,-0.0005104080485159464,0.0
2007-04-30,-0.00969411234132595,0.0
2007-05-01,-0.007130541087159936,1.15182653196988
2007-05-02,0.0318152791522362,0.0
2007-05-03,0.0016962070176254399,0.0
2007-05-04,0.0007441765876912526,0.0
2007-05-07,8.554336107458408e-05,0.0
2007-05-08,-0.0019415025855388387,0.0
2007-05-09,0.007820137809250264,0.0
2007-05-10,-0.01212373815636687,0.0
2007-05-11,0.006704857616491432,0.0
2007-05-14,-0.0024620723950498427,0.0
2007-05-15,-0.005645457520636327,0.0
2007-05-16,0.005653032210275545,0.0
2007-05-17,-0.008996910254526492,0.0
2007-05-18,0.012666521299055626,0.0
2007-05-21,0.0009300845462869931,0.0
2007-05-22,0.0014177333526614545,0.0
2007-05-23,-0.007909210521120119,0.0
2007-05-24,-0.0027239532321157852,0.0
2007-05-25,0.00574585688647494,0.0
2007-05-29,0.0037664139421820014,0.0
2007-05-30,0.007539395290999955,0.0
2007-05-31,0.00376381334728354,0.0
2007-06-01,-0.002483005179400699,1.40862513614583
2007-06-04,0.05095043890732315,0.0
2007-06-05,-0.005898933620078761,0.0
2007-06-06,-0.00842012769177803,0.0
2007-06-07,-0.02057470398237206,0.0
2007-06-08,0.01029080506545279,0.0
2007-06-11,-0.04969857794637635,0.0
2007-06-12,0.03968076509039719,0.0
2007-06-13,0.012104655369106904,0.0
2007-06-14,0.003330257932480367,0.0
2007-06-15,0.007126001469281263,0.0
2007-06-18,-0.0017431773735002618,0.0
2007-06-19,0.0012527205066157178,0.0
2007-06-20,-0.06980976124116368,0.0
2007-06-21,0.06494085658624923,0.0
2007-06-22,-0.010101371777570419,0.0
2007-06-25,-0.0034907399076003903,0.0
2007-06-26,-0.006521528953793631,0.0
2007-06-27,0.011648481376972716,0.0
2007-06-28,0.0006860168488579176,0.0
2007-06-29,-0.0022492484361134432,0.0
2007-07-02,0.011077451196384036,0.759795336504607
2007-07-03,0.002796967421403943,0.0
2007-07-05,0.0010489837056743925,0.0
2007-07-06,0.0058358203311259065,0.0
2007-07-09,-0.0011576691254835088,0.0
2007-07-10,-0.018340012061969842,0.0
2007-07-11,0.00442861224805074,0.0
2007-07-12,0.017131987448829836,0.0
2007-07-13,0.006109153640775038,0.0
2007-07-16,-0.005216374633883355,0.0
2007-07-17,-0.00018256577110313906,0.0
2007-07-18,-0.0014324370216225926,0.0
2007-07-19,0.005993537365122139,0.0
2007-07-20,-0.016525668873184164,0.0
2007-07-23,-0.008670676040342667,0.0
2007-07-24,-0.014215999761096266,0.0
2007-07-25,0.0011634315996517256,0.0
2007-07-26,-0.025858450598245625,0.0
2007-07-27,-0.017053046657307287,0.0
2007-07-30,0.012526459261492495,0.0
2007-07-31,-0.011546513591552007,0.0
2007-08-01,0.0030776283077189603,0.9235039316930697
2007-08-02,-0.000614537500665801,0.0
2007-08-03,-0.025012679872846413,0.0
2007-08-06,0.01698979485756858,0.0
2007-08-07,0.0032976090351755864,0.0
2007-08-08,0.013687798066120187,0.0
2007-08-09,-0.028567358898739004,0.0
2007-08-10,-0.007838887361548651,0.0
2007-08-13,0.00513154564330528,0.0
2007-08-14,-0.017137660151534808,0.0
2007-08-15,-0.018492107664013498,0.0
2007-08-16,-0.002765543456927858,0.0
2007-08-17,0.028489214623633484,0.0
2007-08-20,0.002473371488745493,0.0
2007-08-21,0.005779204101211402,0.0
2007-08-22,0.017222776246956183,0.0
2007-08-23,-0.004457531508108216,0.0
2007-08-24,0.014366541629627772,0.0
2007-08-27,-0.011950901227751907,0.0
2007-08-28,-0.027332005470008875,0.0
2007-08-29,0.02509562672874152,0.0
2007-08-30,-0.00579343301918482,0.0
2007-08-31,0.016889961983065704,0.0
2007-09-04,0.005891039180034641,0.9174657169992683
2007-09-05,-0.013157685772769323,0.008660891815309976
2007-09-06,0.0051966964050942435,0.0
2007-09-07,-0.019134683007445384,0.0
2007-09-10,-0.004216832599970114,0.0
2007-09-11,0.013411838054933723,0.0
2007-09-12,-0.0010068072397738021,0.0
2007-09-13,0.008267641440977573,0.0
2007-09-14,0.0012786219100783152,0.0
2007-09-17,-0.006319931279501092,0.0
2007-09-18,0.033391482199029016,0.0
2007-09-19,0.008333401295959927,0.0
2007-09-20,-0.006254687718144102,0.0
2007-09-21,0.004907214447370721,0.0
2007-09-24,-0.0068659800399031206,0.0
2007-09-25,-0.0021090006189086797,0.0
2007-09-26,0.006161649164646043,0.0
2007-09-27,0.005958278370605306,0.0
2007-09-28,-0.004243811206313044,0.0
2007-10-01,0.016181600345633873,0.8291153152646848
2007-10-02,0.004482907849514328,0.008508791693221796
2007-10-03,-0.003023160997960686,0.0
2007-10-04,-0.0024603194752367027,0.0
2007-10-05,0.016839031217217557,0.0
2007-10-08,-0.005457623468339117,0.0
2007-10-09,0.008896270595135923,0.0
2007-10-10,-0.010179804673891386,0.0
2007-10-11,-0.0004297460967490796,0.0
2007-10-12,0.00357477016419521,0.0
2007-10-15,-0.008221393598373218,0.0
2007-10-16,-0.006121873666949207,0.0
2007-10-17,0.0011096377754678686,0.0
2007-10-18,-0.0034572771635556256,0.0
2007-10-19,-0.02588681076696869,0.0
2007-10-22,0.00642037424580147,0.0
2007-10-23,0.006096013252973265,0.0
2007-10-24,-0.003642027011007007,0.0
2007-10-25,0.011665506703930987,0.0
2007-10-26,0.007550510218962228,0.0
2007-10-29,0.003085501966752835,0.008622299227204908
2007-10-30,-0.006581643794187764,0.0
2007-10-31,0.008455634707643772,0.0
2007-11-01,-0.025742636156423915,0.9972193274080985
2007-11-02,0.0031069778068025505,0.0
2007-11-05,-0.007618849486621493,0.0
2007-11-06,0.013809187553705256,0.0
2007-11-07,-0.03073492043173337,0.0
2007-11-08,-0.0022873004410397003,0.0
2007-11-09,-0.010676332388060436,0.0
2007-11-12,-0.015371643145311198,0.0
2007-11-13,0.029113938446976864,0.0
2007-11-14,-0.005555939594416182,0.0
2007-11-15,-0.016998177257553343,0.0
2007-11-16,0.0020773563964124114,0.0
2007-11-19,-0.0203291757949949,0.0
2007-11-20,0.005034785674465452,0.0
2007-11-21,-0.010780260961143897,0.0
2007-11-23,0.021298371403201552,0.0
2007-11-26,-0.030752845002207985,0.0
2007-11-27,0.023636812191626083,0.0
2007-11-28,0.030236940551145272,0.0
2007-11-29,-0.008050071486049491,0.0
2007-11-30,0.01627946679246722,0.0
2007-12-03,-0.0006611580311850496,1.0771608366203145
2007-12-04,-0.007173985554271426,0.0
2007-12-05,0.00987798545501499,0.0
2007-12-06,0.0299728248994697,0.0
2007-12-07,-0.0011790360309269702,0.0
2007-12-10,0.005487079033227555,0.0
2007-12-11,-0.02994177848825142,0.0
2007-12-12,0.004945215016888296,0.0
2007-12-13,0.0025506021912093946,0.008439063699443626
2007-12-14,-0.015660092620036543,0.0
2007-12-17,-0.01876645247189394,0.0
2007-12-18,0.0052377272227172485,0.0
2007-12-19,-0.0067143498339227265,0.0
2007-12-20,0.01209675851983906,0.0
2007-12-21,0.018393683724782974,0.0
2007-12-24,0.010155017888750726,0.0
2007-12-26,-0.0021191888317869095,0.0
2007-12-27,-0.014840773912578096,0.0
2007-12-28,0.0011397383572982654,0.0
2007-12-31,-0.005602764504089132,0.0
2008-01-02,-0.01175888964592342,0.9102837129681792
2008-01-03,-0.012201253241468351,0.0
2008-01-04,-0.014217102589969959,0.0
2008-01-07,-0.0008024214900718371,0.0
2008-01-08,-0.01637084486504057,0.0
2008-01-09,0.011874415501935852,0.0
2008-01-10,0.006559576099315318,0.0
2008-01-11,-0.024574683447799325,0.0
2008-01-14,0.01941488712678186,0.0
2008-01-15,-0.024545312684166456,0.0
2008-01-16,-0.010940788842934337,0.0
2008-01-17,-0.02970627904416613,0.0
2008-01-18,-0.0006149572054028971,0.0
2008-01-22,-0.019653391962510564,0.0
2008-01-23,0.021270332456670194,0.0
2008-01-24,0.006121213105777226,0.0
2008-01-25,-0.0025808133850195166,0.0
2008-01-28,0.012422682265755203,0.0
2008-01-29,-0.0014804561744514782,0.0
2008-01-30,0.0007800059769057003,0.0
2008-01-31,0.011588239793452325,0.0
2008-02-01,0.025443754973912824,1.294920765914044
2008-02-04,-0.015455841514032492,0.0
2008-02-05,-0.03743324392157516,0.0
2008-02-06,-0.014054004112039428,0.0
2008-02-07,0.012535449342711507,0.0
2008-02-08,-0.002358435070261667,0.0
2008-02-11,0.01460786687192051,0.0
2008-02-12,0.002928537652989019,0.0
2008-02-13,0.020404873436481626,0.0
2008-02-14,-0.016452546894543528,0.0
2008-02-15,-0.0012571722781350454,0.0
2008-02-19,0.003297659908434697,0.0
2008-02-20,0.014299871044972417,0.0
2008-02-21,-0.01644694158173105,0.0
2008-02-22,0.010851875799985446,0.0
2008-02-25,0.0175996575910366,0.0
2008-02-26,0.010700524908592034,0.0
2008-02-27,-0.0008032369593583235,0.0
2008-02-28,-0.013888408724557492,0.0
2008-02-29,-0.03295020993927026,0.0
2008-03-03,-0.003946749933274929,1.104117856428784
2008-03-04,-0.0002929316081032036,0.0
2008-03-05,5.131072615269792e-05,0.0
2008-03-06,-0.0362202669115809,0.0
2008-03-07,-0.0028444552671444377,0.0
2008-03-10,-0.021520775060303993,0.0
2008-03-11,0.04761860950585444,0.0
2008-03-12,-0.014602304312151829,0.0
2008-03-13,0.01154726539954062,0.0
2008-03-14,-0.026448592314245675,0.0
2008-03-17,-0.02142592625128182,0.0
2008-03-18,0.054977614490593574,0.0
2008-03-19,-0.01876857651523134,0.008509332278731577
2008-03-20,0.03966089118783966,0.0
2008-03-24,0.017693935496201484,0.0
2008-03-25,0.009970043939079928,0.0
2008-03-26,-0.02542144495661721,0.0
2008-03-27,-0.017522012636151944,0.0
2008-03-28,-0.02117956738602479,0.0
2008-03-31,0.01133056165450478,0.0
2008-04-01,0.055660838726245165,0.9017791503262784
2008-04-02,0.09982038646304167,0.0
2008-04-03,0.0036577287072630978,0.0
2008-04-04,0.0011007713679464788,0.0
2008-04-07,-9.230353078453662e-05,0.0
2008-04-08,-0.0935637109947047,0.0
2008-04-09,0.08003628832944536,0.0
2008-04-10,-0.08708672960199311,0.0
2008-04-11,0.07842118364344132,0.0
2008-04-14,-0.10174584308874685,0.0
2008-04-15,0.10558716222298795,0.0
2008-04-16,-0.07301439372062446,0.0
2008-04-17,0.11103921801449905,0.0
2008-04-18,0.021315607256495485,0.0
2008-04-21,0.0004463566790174165,0.0
2008-04-22,-0.10594006048789166,0.0
2008-04-23,0.08993932555673433,0.0
2008-04-24,0.015367893900037857,0.0
2008-04-25,0.016799835202350975,0.0
2008-04-28,-0.00031660398094313113,0.0
2008-04-29,-0.07889705511041697,0.0
2008-04-30,0.08056444505178655,0.0
2008-05-01,-0.06957783419025043,0.9212687039950707
2008-05-02,0.03835053913665433,0.0
2008-05-05,0.10022562532041074,0.0
2008-05-06,0.005989051936580047,0.0
2008-05-07,-0.10929381092972942,0.0
2008-05-08,0.0008318104980689759,0.0
2008-05-09,-0.005604486493689614,0.0
2008-05-12,0.014099062023105962,0.0
2008-05-13,0.001036731310087907,0.0
2008-05-14,0.00807697416325415,0.0
2008-05-15,0.018237406408905966,0.0
2008-05-16,0.0003505118927319621,0.0
2008-05-19,-0.005061968492629644,0.0
2008-05-20,-0.01199805719092394,0.0
2008-05-21,-0.01903551785420652,0.0
2008-05-22,-0.00031112502416404694,0.0
2008-05-23,-0.01681640966550028,0.0
2008-05-27,0.008755466852304576,0.0
2008-05-28,0.0066049287603505685,0.0
2008-05-29,0.004946129458958212,0.0
2008-05-30,0.003105806588918768,0.0
2008-06-02,-0.022711701364102388,0.9787764304707849
2008-06-03,0.005894482397927555,0.0
2008-06-04,-0.0023638881891174723,0.0
2008-06-05,0.016406463898611383,0.0
2008-06-06,-0.04048207143059861,0.0
2008-06-09,-0.014237695850241358,0.0
2008-06-10,1.4980181534585157e-05,0.0
2008-06-11,-0.03031873435712281,0.0
2008-06-12,0.008934688463661872,0.0
2008-06-13,0.0184330706141577,0.0
2008-06-16,0.006943034682627782,0.0
2008-06-17,-0.017812424687225166,0.0
2008-06-18,-0.01567143369457217,0.0
2008-06-19,0.0030462173843091023,0.007984118608233932
2008-06-20,-0.02047520384527642,0.0
2008-06-23,-0.020747099028701334,0.0
2008-06-24,0.0035077040287877005,0.0
2008-06-25,0.008407146238098887,0.0
2008-06-26,-0.035616554342577454,0.0
2008-06-27,-0.008573726883892473,0.0
2008-06-30,-0.014468242662323251,0.0
2008-07-01,0.0028163557124998295,0.7402479252330743
2008-07-02,-0.024200908395603696,0.0
2008-07-03,-0.007243809563256284,0.0
2008-07-07,-0.01708936414165025,0.0
2008-07-08,0.040329494528958315,0.0
2008-07-09,-0.04217339408553787,0.0
2008-07-10,-0.01585808790856235,0.0
2008-07-11,-0.022762660181684154,0.0
2008-07-14,-0.029766338556124358,0.0
2008-07-15,-0.010347433719478565,0.0
2008-07-16,0.06976857503660153,0.0
2008-07-17,0.05361710305093835,0.0
2008-07-18,0.0006986811815394786,0.0
2008-07-21,-0.005102581293473319,0.0
2008-07-22,0.04095742408675766,0.0
2008-07-23,0.0225801369997112,0.0
2008-07-24,-0.055271747723829645,0.0
2008-07-25,-0.0005124711777013947,0.0
2008-07-28,-0.03210639234639808,0.0
2008-07-29,0.12947967595310572,0.0
2008-07-30,0.007394795840852897,0.009041608036548177
2008-07-31,-0.0073566834020192375,0.0
2008-08-01,0.003739918433107281,0.9301268372487737
2008-08-04,-0.01587840993893595,0.0
2008-08-05,0.03981042601917421,0.0
2008-08-06,0.004745590208252232,0.0
2008-08-07,-0.028300995544335177,0.0
2008-08-08,0.0274130969339633,0.0
2008-08-11,0.018857023801405,0.0
2008-08-12,-0.02890043034683923,0.0
2008-08-13,-0.007265598458986936,0.0
2008-08-14,0.02241314841027204,0.0
2008-08-15,-0.0011986092744963421,0.0
2008-08-18,0.011231302504383766,0.0
2008-08-19,-0.0207427885507383,0.008491150630257148
2008-08-20,0.003302783677627761,0.0
2008-08-21,-0.004476227172596256,0.0
2008-08-22,0.013083755298126668,0.0
2008-08-25,-0.02046262488813225,0.0
2008-08-26,0.004847363609326472,0.00825287669977083
2008-08-27,0.018755277342950412,0.0
2008-08-28,0.029522729437652794,0.0
2008-08-29,-0.004118613903599694,0.0
2008-09-02,0.0025115662968206998,0.5796411546512488
2008-09-03,0.007143401994683725,0.0
2008-09-04,-0.04214143819023801,0.0
2008-09-05,0.01649987758111043,0.0
2008-09-08,0.012320469711939598,0.0
2008-09-09,-0.050304142271411,0.0023900232032945654
2008-09-10,0.0034312215485515305,0.0
2008-09-11,0.015479623799694227,0.0
2008-09-12,0.003221050014136117,0.0
2008-09-15,-0.06728078516777945,0.0
2008-09-16,0.023803192667351935,0.0
2008-09-17,-0.06092754475511999,0.0
2008-09-18,0.07814985179107589,0.0
2008-09-19,0.07064757695966892,0.0
2008-09-22,-0.06706983298521617,0.0
2008-09-23,-0.023221459519748664,0.0
2008-09-24,-0.009652723140004227,0.0
2008-09-25,0.019922501556703734,0.0
2008-09-26,0.0034335185199516395,0.0
2008-09-29,-0.1253248384800706,0.0003934779547414367
2008-09-30,0.0725380204989636,0.0
2008-10-01,0.009166800538252362,0.8327333011702345
2008-10-02,-0.07313129832156093,0.0
2008-10-03,-0.01684020385969234,0.0
2008-10-06,-0.04467269456789734,0.0
2008-10-07,-0.0801547843671773,0.0
2008-10-08,-0.014856281213006943,0.0
2008-10-09,-0.10109523198123105,0.0
2008-10-10,0.003891275229434767,0.0
2008-10-13,0.1362376564501148,0.0
2008-10-14,0.020174155866160486,0.0
2008-10-15,-0.11423975014819843,0.0
2008-10-16,0.030187479895824754,0.0
2008-10-17,0.0051631409863592825,0.005905025567152198
2008-10-20,0.050873915603254084,0.0
2008-10-21,-0.037111807191559584,0.0
2008-10-22,-0.07445784148638804,0.0
2008-10-23,-0.026643891689188303,0.0
2008-10-24,-0.037805879699779124,0.0
2008-10-27,-0.03942478776566778,0.0
2008-10-28,0.11326106692341197,0.0
2008-10-29,0.011856549997951715,0.0029311750776517525
2008-10-30,0.040224083165441404,0.0
2008-10-31,0.02153435693858643,0.0
2008-11-03,-0.0036098015148449125,0.8385779211833218
2008-11-04,0.06898867175716816,0.0
2008-11-05,-0.07572338820334981,0.0
2008-11-06,-0.0702306567086346,0.009250415700711959
2008-11-07,0.031059249691903948,0.0
2008-11-10,-0.04011087600551236,0.0
2008-11-11,-0.044175312214103014,0.0
2008-11-12,-0.08892614809273991,0.0
2008-11-13,0.09167852300453641,0.0
2008-11-14,-0.05555913481067054,0.018286360847997993
2008-11-17,-0.05079722589516794,0.0
2008-11-18,-0.007303922388669903,0.0
2008-11-19,-0.10555458396757737,0.0
2008-11-20,-0.10483942576103392,0.0
2008-11-21,0.07506311666230611,0.0
2008-11-24,0.13454665476426356,0.0
2008-11-25,0.03019639777073313,0.0
2008-11-26,0.06600115149264614,0.0
2008-11-28,0.014729039423995971,0.0
2008-12-01,-0.1349211581550802,0.45842204154766475
2008-12-02,0.06251577267731805,0.0
2008-12-03,0.035269380641004044,0.0
2008-12-04,-0.03366352742741527,0.0
2008-12-05,0.07975721201222684,0.0
2008-12-08,0.06974384729749411,0.0
2008-12-09,-0.026020759557123133,0.0
2008-12-10,0.03123187070870416,0.0
2008-12-11,-0.0564724273204848,0.0
2008-12-12,0.019207238286398864,0.0
2008-12-15,-0.030372199562606925,0.0
2008-12-16,0.0883626100475191,0.0
2008-12-17,0.03137597804444581,0.0
2008-12-18,-0.03753969637136839,0.0
2008-12-19,0.017913121030671275,0.0
2008-12-22,-0.049088916684180806,0.0
2008-12-23,0.054576466253623696,0.0
2008-12-24,-0.07406353989588534,0.0
2008-12-26,0.01418045945506606,0.0
2008-12-29,-0.008017611077413698,0.0
2008-12-30,0.041504693354605715,0.007464023320722578
2008-12-31,0.09388777371703415,0.0
2009-01-02,-0.013859704253622152,0.5639002573338217
2009-01-05,0.014112995111757707,0.0
2009-01-06,0.04431791618823204,0.0
2009-01-07,-0.050295803344856574,0.0
2009-01-08,0.019891333176998184,0.0
2009-01-09,-0.03416326092304063,0.0
2009-01-12,-0.056597037872611014,0.0
2009-01-13,0.0073220253351622844,0.0
2009-01-14,-0.05918908779555554,0.0
2009-01-15,-0.0041037271242339215,0.0
2009-01-16,0.014115243088360704,0.0
2009-01-20,-0.07532470866429838,0.0
2009-01-21,0.07278762497211108,0.0
2009-01-22,-0.019271739903646716,0.0
2009-01-23,0.008268175046813236,0.0
2009-01-26,-0.0012505683594218383,0.0
2009-01-27,0.016199803417781183,0.0
2009-01-28,0.07919849186998945,0.0
2009-01-29,-0.05605020231069613,0.0071689062829222985
2009-01-30,-0.05867886293869347,0.0
2009-02-02,-0.0030684992186197357,0.8868593402968665
2009-02-03,0.005901688000155374,0.0
2009-02-04,-0.010992552349666864,0.0
2009-02-05,0.023217968069215493,0.0
2009-02-06,0.06177683250874971,0.0
2009-02-09,0.005945414952113107,0.0
2009-02-10,-0.0936322343075215,0.0
2009-02-11,0.027710511895367183,0.0
2009-02-12,-0.005187594005848256,0.0
2009-02-13,-0.02329179739407148,0.0
2009-02-17,-0.07765499587966093,0.0
2009-02-18,-0.01297900057792372,0.0
2009-02-19,-0.052841576648008357,0.0
2009-02-20,-0.0044104655652123115,0.0
2009-02-23,-0.04667407049901215,0.0
2009-02-24,0.08872276993769669,0.0
2009-02-25,-0.02137801828778762,0.0
2009-02-26,0.006720078908846256,0.0
2009-02-27,-0.041031131730152014,0.0
2009-03-02,-0.07676237357142268,0.7535844957443547
2009-03-03,-0.024223438331299252,0.017369609814383995
2009-03-04,0.038652987414876716,0.0
2009-03-05,-0.08251532002800253,0.0
2009-03-06,-0.009428378369776454,0.0
2009-03-09,0.0073518136373296565,0.0
2009-03-10,0.13608928881726395,0.0
2009-03-11,0.00864862689619718,0.0
2009-03-12,0.07659332334846758,0.0
2009-03-13,0.010490102039555329,0.0
2009-03-16,-0.0002328049611609014,0.0
2009-03-17,0.05055864587950287,0.0
2009-03-18,0.08439756041184174,0.0
2009-03-19,-0.03519487064005311,0.0
2009-03-20,-0.0551911283458024,0.0
2009-03-23,0.13250790084803166,0.0
2009-03-24,-0.034406175933545,0.0
2009-03-25,0.016184073325190992,0.0
2009-03-26,0.033965498374209396,0.0
2009-03-27,-0.0303840900963349,0.0
2009-03-30,-0.0855894366163944,0.007418898728307003
2009-03-31,0.03617918698144989,0.0
2009-04-01,0.02870479636736034,0.7985403718217896
2009-04-02,0.05313317758338688,0.0
2009-04-03,0.0322365038820904,0.0
2009-04-06,-0.015473447170792526,0.0
2009-04-07,-0.03586536383885916,0.0
2009-04-08,0.018606569178063217,0.0
2009-04-09,0.10146722378110865,0.0
2009-04-13,0.022999478876004013,0.0
2009-04-14,-0.040492081726427695,0.0
2009-04-15,0.039200939643877164,0.0
2009-04-16,0.025253504358318496,0.0
2009-04-17,0.025282593213402163,0.0
2009-04-20,-0.09686704870917902,0.0
2009-04-21,0.0598710177817232,0.0
2009-04-22,-0.014144989265879145,0.0
2009-04-23,0.02488620513427526,0.0
2009-04-24,0.03522006252626127,0.0
2009-04-27,-0.036431489381976,0.0
2009-04-28,-0.002468560552030083,0.0
2009-04-29,0.037428171484808426,0.0
2009-04-30,-0.004399456251976995,0.0
2009-05-01,0.013345011044475497,0.7070827699401293
2009-05-04,0.25945209928699103,0.0
2009-05-05,0.0013190634615037372,0.0
2009-05-06,-0.10790729084519973,0.0
2009-05-07,-0.023144838194059793,0.0
2009-05-08,0.07973283594617997,0.0
2009-05-11,-0.05109435258587537,0.0
2009-05-12,-0.018767984936030657,0.0
2009-05-13,-0.06317311508345569,0.0
2009-05-14,0.21478522192243643,0.0
2009-05-15,-0.16709803376558366,0.0
2009-05-18,0.2368089300274915,0.0
2009-05-19,-0.0016567454255002802,0.0
2009-05-20,-0.15183120999746436,0.0
2009-05-21,-0.016496616798473425,0.0
2009-05-22,-0.008765770229860682,0.0
2009-05-26,0.03720178487302324,0.0
2009-05-27,-0.02524225297428461,0.0
2009-05-28,0.0225749104699979,0.0
2009-05-29,0.023573042570286872,0.0
2009-06-01,0.032570212396364484,1.7175913627639723
2009-06-02,2.0337179425122858,0.0
2009-06-03,-0.6717328818941539,0.0
2009-06-04,0.006585760335535629,0.0
2009-06-05,0.0039776411570247435,0.0
2009-06-08,2.0469827821602617,0.0
2009-06-09,-0.66947507126491,0.0
2009-06-10,-0.007421057354064765,0.0
2009-06-11,0.0004203401160403576,0.0
2009-06-12,0.004127455408642462,0.0
2009-06-15,-0.026060852932733972,0.0
2009-06-16,-0.013618404704780866,0.0
2009-06-17,0.0038476415048742884,0.0
2009-06-18,0.0037305081597925954,0.0
2009-06-19,0.004528824809603633,0.0
2009-06-22,-0.022646889402135596,0.0
2009-06-23,-0.0042271697367653694,0.0
2009-06-24,0.008137446632807029,0.0
2009-06-25,0.02277971598750414,0.0
2009-06-26,0.0013478229033639477,0.0
2009-06-29,2.1600199917500182,0.0
2009-06-30,-0.6829871731701626,0.0
2009-07-01,0.005084598101147808,1.6486083883513198
2009-07-02,-0.03706689556388953,0.0
2009-07-06,1.5658836830294185,0.0
2009-07-07,-0.6219299796754477,0.0
2009-07-08,0.0008175289900573105,0.0
2009-07-09,0.008552241700669674,0.0
2009-07-10,-0.004734320617653981,0.0
2009-07-13,0.025106242616589447,0.0
2009-07-14,0.013045914443398088,0.0
2009-07-15,0.03602709434760734,0.0
2009-07-16,0.00617840805538421,0.0
2009-07-17,-0.001088214196519206,0.0
2009-07-20,0.023965436099854243,0.002655352713655326
2009-07-21,-0.002785415714284387,0.0
2009-07-22,0.0017611587128840132,0.0
2009-07-23,0.028486593769977864,0.0
2009-07-24,1.4990815243814546,0.0
2009-07-27,-0.5933423546813824,0.0
2009-07-28,-0.002446271598256624,0.0
2009-07-29,-0.011699741582346365,0.0
2009-07-30,0.019574106376395325,0.0
2009-07-31,0.004221433415710892,0.0
2009-08-03,0.026378133968792516,1.5780609414640892
2009-08-04,0.006691439074540647,0.0
2009-08-05,-0.0011649163586045115,0.0
2009-08-06,-0.0019344135203369795,0.0
2009-08-07,0.019160559277492675,0.0
2009-08-10,-0.0027762039673244303,0.0
2009-08-11,-0.010995836171056886,0.0
2009-08-12,0.010148999040652164,0.0
2009-08-13,0.006444705723660677,0.0
2009-08-14,-0.00802891325926237,0.0
2009-08-17,-0.020160994508782996,0.0
2009-08-18,1.6444594871844722,0.0
2009-08-19,-0.6155602799856162,0.0
2009-08-20,0.01281545706862201,0.0
2009-08-21,0.01859464684659276,0.0
2009-08-24,-0.00023791016876440168,0.0
2009-08-25,0.0038415835695996313,0.0
2009-08-26,0.005301650215748809,0.0
2009-08-27,0.011130714388190858,0.0
2009-08-28,-2.991646848140043e-05,0.0
2009-08-31,-0.010444730622098356,0.0
2009-09-01,-0.02421957191239288,1.3716900888394434
2009-09-02,-0.0005246027156295463,0.0
2009-09-03,1.2946582830864857,0.0
2009-09-04,-0.5556167317143873,0.0
2009-09-08,0.012211442934874119,0.0
2009-09-09,0.006809868149181766,0.0
2009-09-10,0.010100287485951463,0.0
2009-09-11,0.0020304644923475933,0.0
2009-09-14,0.006596387132796594,0.0
2009-09-15,1.2117210464407155,0.0
2009-09-16,-0.5372388187729907,0.0
2009-09-17,1.2663060668145063,0.0
2009-09-18,-0.5610266082152794,0.0
2009-09-21,1.2947297066330488,0.0
2009-09-22,-0.5620622683947595,0.0
2009-09-23,-0.013091137892021862,0.0
2009-09-24,-0.011297902349756327,0.0
2009-09-25,-0.004311790949447912,0.0
2009-09-28,0.01618038236660281,0.0
2009-09-29,0.07069392914627703,0.0
2009-09-30,-0.06793378886112356,0.0
2009-10-01,1.3652756138846938,1.767278591394395
2009-10-02,-0.017465002132821178,0.0
2009-10-05,0.026465416693750195,0.0
2009-10-06,0.004666143977130962,0.0
2009-10-07,0.0019111741243990964,0.0
2009-10-08,0.011322039456889445,0.0
2009-10-09,0.008038292420633033,0.0
2009-10-12,0.004096774543104767,0.0
2009-10-13,-0.0017644753584499155,0.0
2009-10-14,0.02245221850708704,0.0
2009-10-15,0.004362018753118534,0.0
2009-10-16,-0.00402734663258657,0.0
2009-10-19,0.0037527262540576374,0.0
2009-10-20,-0.007643603864585167,0.0
2009-10-21,-0.011089210899381207,0.0
2009-10-22,0.022048246531920522,0.0
2009-10-23,-0.020652807870547407,0.0
2009-10-26,-0.007811734350160752,0.0
2009-10-27,-0.014276574014848933,0.0
2009-10-28,-0.02039116804247582,0.0
2009-10-29,0.01959012056740965,0.0
2009-10-30,-0.03157365391594275,0.0
2009-11-02,0.0032223646365707737,1.4614119999636017
2009-11-03,1.3866566794122834,0.0
2009-11-04,0.006148180142242933,0.0
2009-11-05,-0.5709262701071915,0.0
2009-11-06,1.2987547202449787,0.0
2009-11-09,-0.5504486014637959,0.0
2009-11-10,-0.010762426828180656,0.0
2009-11-11,0.012013442463387647,0.0
2009-11-12,1.2921028920082582,0.0
2009-11-13,-0.014029876506356915,0.0
2009-11-16,0.01721515830781657,0.0
2009-11-17,-0.0071419640228892484,0.0
2009-11-18,0.00828668593262781,0.0
2009-11-19,-0.020304947402698018,0.0
2009-11-20,-0.006782778434703328,0.0
2009-11-23,0.005940250517596082,0.0
2009-11-24,-0.044509161367764415,0.0
2009-11-25,0.004752625075285341,0.0
2009-11-27,-0.5448989446973493,0.0
2009-11-30,0.0041569235434387375,0.0
2009-12-01,1.21097776470334,1.6455327323062021
2009-12-02,0.0013416225408063136,0.0
2009-12-03,-0.011209326876138919,0.0
2009-12-04,0.01688045547280508,0.0
2009-12-07,-0.00036522562150863693,0.0
2009-12-08,-0.01637929544797334,0.0
2009-12-09,0.0017135151716690105,0.0
2009-12-10,0.013331289397455525,0.0
2009-12-11,0.005914467409429679,0.0
2009-12-14,0.012209758228150019,0.0
2009-12-15,-0.004659007985832232,0.0
2009-12-16,0.00807847727636983,0.0
2009-12-17,-0.01161428514582429,0.0
2009-12-18,0.005266467998444879,0.022233785888511513
2009-12-21,0.003126804458681482,0.0
2009-12-22,0.017216505245741948,0.0
2009-12-23,0.005791806692588569,0.0
2009-12-24,0.005120630924837629,0.0
2009-12-28,-0.011053445186696589,0.0
2009-12-29,-0.0017355387663083488,0.0
2009-12-30,1.5287880398904066e-05,0.0
2009-12-31,-0.009682825162723233,0.0
2010-01-04,0.016152104756064656,1.5236273127889692
2010-01-05,0.009530600841045761,0.0
2010-01-06,1.628432811468614,0.0
2010-01-07,-0.614195225748373,0.0
2010-01-08,1.6196640188623554,0.0
2010-01-11,-0.6153105300951078,0.0
2010-01-12,-0.010737333963612683,0.0
2010-01-13,0.008972061511135837,0.0
2010-01-14,0.0028936656931898386,0.0
2010-01-15,-0.011614801114245243,0.0
2010-01-19,1.618785121999375,0.0
2010-01-20,-0.6172896167808571,0.0
2010-01-21,1.5874682596848937,0.0
2010-01-22,-0.6302674035524248,0.0
2010-01-25,0.003967299597707206,0.0
2010-01-26,-0.005628495834545878,0.0
2010-01-27,0.004332822338501817,0.0
2010-01-28,-0.010188708522475554,0.0
2010-01-29,0.06368805835467442,0.0
2010-02-01,0.01654968977410709,1.3054604182818585
2010-02-02,0.016201103739782598,0.0
2010-02-03,-0.00703990154427947,0.007865287097005963
2010-02-04,-0.04170406548907772,0.0
2010-02-05,0.004177226461203483,0.0
2010-02-08,-0.0069204893204767035,0.0
2010-02-09,0.0180277154600429,0.0
2010-02-10,-0.0009585584317580694,0.0
2010-02-11,0.02296676026545197,0.00804790714461548
2010-02-12,0.002623196960455839,0.0
2010-02-16,0.01913438118769315,0.0
2010-02-17,0.004116423174583675,0.0
2010-02-18,0.003949389759669691,0.0
2010-02-19,0.006809025673087908,0.0
2010-02-22,-0.0019149431476930322,0.0
2010-02-23,-0.01117653984125385,0.0
2010-02-24,0.01050132303918816,0.007872096760092753
2010-02-25,0.0017841718646854654,0.0
2010-02-26,0.008207788548566254,0.0
2010-03-01,0.02477723095480755,0.9567474992632081
2010-03-02,0.005029010531931392,0.0
2010-03-03,0.002639672972174274,0.0
2010-03-04,0.006435865425253942,0.0
2010-03-05,0.020618825902330246,0.0
2010-03-08,0.0033390008677811407,0.0
2010-03-09,0.0037420286505014085,0.0
2010-03-10,0.00790736076715698,0.0
2010-03-11,0.003541053992355903,0.0
2010-03-12,0.0006750206304415585,0.0076757659864267165
2010-03-15,-0.0047991410210244554,0.0
2010-03-16,0.014828681707819633,0.0
2010-03-17,0.011292171038507895,0.0
2010-03-18,-0.0054214169886339725,0.0
2010-03-19,-0.014085726750866308,0.0
2010-03-22,0.012418175253828653,0.0
2010-03-23,0.012986643628171191,0.0
2010-03-24,-0.005392106811537833,0.0
2010-03-25,-0.0030148810958515486,0.0
2010-03-26,0.00403318081663721,0.0
2010-03-29,0.0073144371606047795,0.0
2010-03-30,-0.002752554683785753,0.0
2010-03-31,-0.004508379717679601,0.0
2010-04-01,0.009429316397662424,0.37920166906594155
2010-04-05,0.01721383462679728,0.0
2010-04-06,0.003666835154952687,0.0
2010-04-07,-0.006026109587431975,0.0
2010-04-08,0.002338081982048962,0.0
2010-04-09,0.006322861754588476,0.0
2010-04-12,0.002917740038423555,0.0
2010-04-13,7.75868881232377e-05,0.0
2010-04-14,0.018775757636906143,0.0
2010-04-15,-0.0008892094696661858,0.0
2010-04-16,-0.021620878971346173,0.0
2010-04-19,0.00028864328203381486,0.0
2010-04-20,0.01362865561814322,0.0
2010-04-21,0.0038081963400334153,0.0
2010-04-22,0.011925955520592169,0.00797486359061899
2010-04-23,0.01075997293914663,0.0
2010-04-26,-0.002179022557707776,0.0
2010-04-27,-0.03316414032192588,0.0
2010-04-28,0.006614200759995442,0.0
2010-04-29,0.014239324829355058,0.0
2010-04-30,-0.0253519961631619,0.0
2010-05-03,0.017464950387624967,0.459563068285456
2010-05-04,-0.03294706075209616,0.0
2010-05-05,-0.00917828981653843,0.0
2010-05-06,-0.03574900859090852,0.0
2010-05-07,-0.02360621734713616,0.0
2010-05-10,0.060273494459182064,0.0
2010-05-11,-0.0039058865714033074,0.0
2010-05-12,0.02362748513066657,0.0
2010-05-13,-0.015949960317940874,0.0
2010-05-14,-0.02745668770704946,0.0
2010-05-17,-0.0015450668977022486,0.0
2010-05-18,-0.018798120989740635,0.0
2010-05-19,-0.007989525582188819,0.0
2010-05-20,-0.04910474799197853,0.0
2010-05-21,0.02657567352193694,0.0
2010-05-24,-0.014543768042699693,0.0
2010-05-25,0.00327496157245073,0.0
2010-05-26,-0.0006640760395080346,0.0
2010-05-27,0.04283572248182571,0.0
2010-05-28,-0.016022221133797213,0.0
2010-06-01,-0.030396556441670164,0.7461238633713743
2010-06-02,0.03086008382682006,0.0
2010-06-03,0.004488306390162395,0.0
2010-06-04,-0.04744292788979654,0.0
2010-06-07,-0.026736128532252476,0.0
2010-06-08,0.00931295344143191,0.0
2010-06-09,0.001278448266773319,0.0
2010-06-10,0.04607907788588278,0.0
2010-06-11,0.007617538378799152,0.0
2010-06-14,0.0001568515009270287,0.0
2010-06-15,0.03167372307099462,0.0
2010-06-16,-0.005167934324752852,0.0
2010-06-17,-0.005805873892503185,0.0
2010-06-18,-0.0005006049023361001,0.0
2010-06-21,-0.0020923327700934934,0.0
2010-06-22,-0.024509950781287093,0.0
2010-06-23,0.0009707648113635575,0.0
2010-06-24,-0.02388718707755917,0.0
2010-06-25,0.014317405645472556,0.0
2010-06-28,-0.010140366793699025,0.0
2010-06-29,-0.04736431904203617,0.0
2010-06-30,-0.014014447140569562,0.0
2010-07-01,-0.0025163404386387977,0.48126452817370535
2010-07-02,-0.009119806044425931,0.0
2010-07-06,-0.0008894250481903904,0.0
2010-07-07,0.044038591706202404,0.0
2010-07-08,0.012484248362282492,0.0
2010-07-09,0.014186221043458059,0.0
2010-07-12,-0.006701535644140914,0.0
2010-07-13,0.025146824706862657,0.0
2010-07-14,-0.003304120308244396,0.0
2010-07-15,-0.002930145323637885,0.0
2010-07-16,-0.04070417966148307,0.0
2010-07-19,0.007496286734023672,0.0
2010-07-20,0.021123887029742675,0.0
2010-07-21,-0.013293311410348287,0.0
2010-07-22,0.037541816645680806,0.0
2010-07-23,0.017730467302589387,0.0
2010-07-26,0.0167104497255728,0.0
2010-07-27,-0.01225967507302337,0.0
2010-07-28,-0.011080854653455725,0.0
2010-07-29,-0.0011571350698310946,0.0
2010-07-30,0.0007013790511954416,0.0
2010-08-02,0.028125565043632506,0.49630696647239647
2010-08-03,-0.010646996664691382,0.0
2010-08-04,0.008919477120682175,0.0
2010-08-05,-0.0004871119955021093,0.0
2010-08-06,-0.006646304362084957,0.0
2010-08-09,0.00792280628265863,0.0
2010-08-10,-0.014347950208492418,0.0
2010-08-11,-0.037885778434669705,0.0
2010-08-12,-0.006234423579274851,0.0
2010-08-13,-0.0026381256113261957,0.0
2010-08-16,-0.0015417288394104609,0.0
2010-08-17,0.017120555436621464,0.0
2010-08-18,0.006195853208245422,0.0
2010-08-19,-0.01721823279211593,0.0
2010-08-20,-0.003930379722136532,0.0
2010-08-23,-0.009600942404739332,0.0
2010-08-24,-0.018491951070403495,0.0
2010-08-25,0.004225721366049731,0.0
2010-08-26,-0.011077650274914055,0.0
2010-08-27,0.02710041582095759,0.0
2010-08-30,-0.017705807497823876,0.0
2010-08-31,-0.002899004723012134,0.0
2010-09-01,0.04133221436761558,0.5841873954453196
2010-09-02,0.017080168846979105,0.0
2010-09-03,0.01877100739542594,0.0
2010-09-07,-0.02093885761686378,0.0
2010-09-08,0.009906606713954593,0.0
2010-09-09,0.003320601201843909,0.0
2010-09-10,0.00602821877497219,0.0
2010-09-13,0.0200302919620588,0.0
2010-09-14,-0.005050854444704685,0.0
2010-09-15,-0.0006355585964889173,0.0
2010-09-16,-0.0025272496000863964,0.0
2010-09-17,0.0010407725475668078,0.0
2010-09-20,0.02312561978327693,0.0
2010-09-21,-0.008927147406048655,0.0
2010-09-22,-0.011662132228832108,0.0
2010-09-23,-0.01053931140663678,0.0
2010-09-24,0.029217235118121465,0.0
2010-09-27,-0.007239524856295478,0.0
2010-09-28,0.008690834730497244,0.0
2010-09-29,0.0011949423820814742,0.0
2010-09-30,-0.002617603561268657,0.0
2010-10-01,0.0052271134662273955,0.687589940402724
2010-10-04,-0.009265288865227813,0.0
2010-10-05,0.023682466000733246,0.0
2010-10-06,-0.006173268413708404,0.0
2010-10-07,-0.0010703722483269575,0.0
2010-10-08,0.01286361630565297,0.0
2010-10-11,0.003726957174708269,0.0
2010-10-12,0.005246018583192706,0.0
2010-10-13,0.00833280884950038,0.0
2010-10-14,-0.010017606991331668,0.0
2010-10-15,-0.002750155612590215,0.0
2010-10-18,0.0037285015970411903,0.0
2010-10-19,-0.017521641030510196,0.0
2010-10-20,0.011379355362369132,0.0
2010-10-21,-0.0019991152174102843,0.0
2010-10-22,0.005238396740216663,0.0
2010-10-25,0.004716139820492302,0.0
2010-10-26,-0.0017170879272079627,0.0
2010-10-27,-0.001107430008156346,0.0
2010-10-28,-0.0031926194101246585,0.0
2010-10-29,0.005020074376709843,0.0
2010-11-01,-0.0009417985798387818,0.6415741825715024
2010-11-02,0.01131626737834703,0.0
2010-11-03,0.004385566087597573,0.0
2010-11-04,0.025444799176901838,0.0
2010-11-05,0.007723161620900441,0.0
2010-11-08,0.00037696518970723375,0.0
2010-11-09,-0.012938850002141233,0.007655021523189943
2010-11-10,0.007950185693595313,0.0
2010-11-11,-0.0011250554394810028,0.0
2010-11-12,-0.016300668877960743,0.0
2010-11-15,-0.002804292432792008,0.0
2010-11-16,-0.020203313307260277,0.0
2010-11-17,0.0007124416378631384,0.0
2010-11-18,0.014824581164267351,0.0
2010-11-19,0.00581858749010069,0.0
2010-11-22,0.0025792945777668858,0.0
2010-11-23,-0.014012572594451763,0.0
2010-11-24,0.018367388140801855,0.0
2010-11-26,-0.006376103637118003,0.0
2010-11-29,-0.0005886112942849029,0.0
2010-11-30,-0.0056611186851604324,0.0
2010-12-01,0.02271966270903647,0.613665079023211
2010-12-02,0.017730378189150853,0.0
2010-12-03,0.0041203269544464165,0.0
2010-12-06,0.0016218938757843829,0.0
2010-12-07,0.00280102848956192,0.0
2010-12-08,0.0072267758274144524,0.0
2010-12-09,0.00806430861870203,0.0
2010-12-10,0.010685304818927325,0.0
2010-12-13,-0.0038359322110208378,0.0
2010-12-14,-0.00414048980497965,0.0
2010-12-15,-0.006903014742808342,0.0
2010-12-16,0.008330037778946846,0.0
2010-12-17,0.007532027025026661,0.0
2010-12-20,-0.0020044693125456092,0.025068032816628033
2010-12-21,0.01109237290742954,0.0
2010-12-22,0.0033435877180498915,0.0
2010-12-23,-0.004369639685116174,0.0
2010-12-27,-0.0001616179100837058,0.0
2010-12-28,-0.001912206446769446,0.0
2010-12-29,0.0016751476205668157,0.0
2010-12-30,0.0004763169634940573,0.0
2010-12-31,-0.0006510616535152951,0.0
2011-01-03,0.015208907571864438,0.5982975750966515
2011-01-04,-0.0068986986792119905,0.0
2011-01-05,0.01029832363017225,0.0
2011-01-06,-0.0011627201763268371,0.0
2011-01-07,-0.0012789333760766484,0.0
2011-01-10,-9.775687445266149e-05,0.0
2011-01-11,0.00461886965474228,0.0
2011-01-12,0.010538730674807517,0.0
2011-01-13,-0.002331313681938507,0.007723002318916312
2011-01-14,0.006359789519391222,0.0
2011-01-18,0.0031854438918588602,0.0
2011-01-19,-0.017760918619582934,0.0
2011-01-20,-0.004721592744417687,0.0
2011-01-21,-0.0007026029553063892,0.0
2011-01-24,0.006817670297292991,0.0
2011-01-25,-0.004139608851668585,0.0
2011-01-26,0.010826121964237,0.0
2011-01-27,0.004712865642974587,0.0
2011-01-28,-0.023143538605143663,0.0
2011-01-31,0.008131734836736253,0.0
2011-02-01,0.018005850323788097,0.5227075694984475
2011-02-02,-0.0015958234982261451,0.0
2011-02-03,0.008103242371555332,0.0
2011-02-04,0.008115198458299564,0.0
2011-02-07,0.008901829739693945,0.0
2011-02-08,0.0035304663392752593,0.0
2011-02-09,-0.001483454650826718,0.0
2011-02-10,0.004210381369207873,0.0
2011-02-11,0.01075569875010608,0.0
2011-02-14,0.0019973407680167737,0.0
2011-02-15,-0.005436631989457561,0.0
2011-02-16,0.013967642469173383,0.0
2011-02-17,0.006395704905035188,0.0
2011-02-18,-0.0007574856187212752,0.0
2011-02-22,-0.030434953986091133,0.0
2011-02-23,-0.013426034585084365,0.0
2011-02-24,0.00354270786097044,0.008077694105416946
2011-02-25,0.015327804500288058,0.0
2011-02-28,0.00011271663283917354,0.0
2011-03-01,-0.020183705723749834,0.6595917738883897
2011-03-02,0.005824402935761113,0.0
2011-03-03,0.018527083924974548,0.0
2011-03-04,-0.006535041379632374,0.0
2011-03-07,-0.014151098985391297,0.0
2011-03-08,0.008775823514529156,0.0
2011-03-09,-0.005202491359073576,0.0
2011-03-10,-0.021004120562382055,0.0
2011-03-11,0.012663496357990897,0.0
2011-03-14,-0.006148325132703414,0.0
2011-03-15,-0.008137574289997843,0.0
2011-03-16,-0.016022808145171652,0.0
2011-03-17,0.008681602221921464,0.0
2011-03-18,0.004517416475530203,0.0
2011-03-21,0.01639748870191231,0.0
2011-03-22,-0.007517394017602978,0.0
2011-03-23,0.006687142473985537,0.0
2011-03-24,0.015271491924014328,0.0
2011-03-25,0.0036194601848235724,0.0
2011-03-28,-0.00419444243874666,0.0
2011-03-29,0.007555707401209222,0.0
2011-03-30,0.009539306751912344,0.0
2011-03-31,-0.0023024632138568396,0.0
2011-04-01,0.005596110148680555,0.6447659647552775
2011-04-04,-0.0019805503939012807,0.0
2011-04-05,0.0038414837822365283,0.0
2011-04-06,0.000272061461150353,0.0
2011-04-07,-0.0024894719357818076,0.0
2011-04-08,-0.005267745210254292,0.0
2011-04-11,-0.007831362726611769,0.0
2011-04-12,-0.010774537622047572,0.0
2011-04-13,0.00363262711331228,0.0
2011-04-14,0.0007269027126372052,0.0
2011-04-15,0.004894795960089147,0.0
2011-04-18,-0.011784330627020735,0.0
2011-04-19,0.0064146338096063935,0.0
2011-04-20,0.019759664671191068,0.0
2011-04-21,0.006602327917567064,0.0
2011-04-25,-0.002351095818148133,0.0
2011-04-26,0.0037626231220379,0.0
2011-04-27,0.004263845580479416,0.0
2011-04-28,-0.0018205411129884116,0.0
2011-04-29,0.0031139276091060467,0.0
2011-05-02,-0.004837103325985859,0.44636964898781467
2011-05-03,-0.00946051094139952,0.0
2011-05-04,-0.008230953820580426,0.0
2011-05-05,-0.002726305422680966,0.0
2011-05-06,0.0038285078344962894,0.0
2011-05-09,0.0060629684203916045,0.0
2011-05-10,0.01057483308329359,0.0
2011-05-11,-0.013202174633408162,0.0
2011-05-12,0.008125524746425502,0.0
2011-05-13,-0.011009086434399261,0.0
2011-05-16,-0.008574746266513613,0.0
2011-05-17,-0.004375448381361719,0.0
2011-05-18,0.013667093837527086,0.0
2011-05-19,0.0010683838744472707,0.0
2011-05-20,-0.008336530438676297,0.0
2011-05-23,-0.014531965511672327,0.0
2011-05-24,-0.0034521164312160124,0.007416295050054786
2011-05-25,0.003930142656056448,0.0
2011-05-26,0.006771886039688505,0.0
2011-05-27,0.00784229173466768,0.0
2011-05-31,0.008607248251816833,0.0
2011-06-01,-0.027815909660843796,0.521633626514441
2011-06-02,-0.0004014803508955151,0.0
2011-06-03,-0.015727051317530896,0.0
2011-06-06,-0.015425888089390775,0.0
2011-06-07,0.002840178798140113,0.0
2011-06-08,-0.012682184778344032,0.0
2011-06-09,0.008247043120087276,0.0
2011-06-10,-0.016231413023533807,0.0
2011-06-13,-0.003563749671262414,0.0
2011-06-14,0.020445317571624592,0.0
2011-06-15,-0.0205070596774203,0.0
2011-06-16,-0.001981413051115499,0.0
2011-06-17,0.0021888114296228505,0.0
2011-06-20,0.008117301206661268,0.0
2011-06-21,0.022093278412274105,0.0
2011-06-22,-0.007284974746213846,0.0
2011-06-23,0.0021541583197325995,0.0
2011-06-24,-0.014466431130078521,0.0
2011-06-27,0.008744158549858145,0.0
2011-06-28,0.018094251509658196,0.0
2011-06-29,0.008200246019173883,0.0
2011-06-30,0.010461777116582204,0.0
2011-07-01,0.016523573559858784,0.6239786244034667
2011-07-05,-0.0026581376831745235,0.0
2011-07-06,-0.00018716961286689324,0.0
2011-07-07,0.015612765060053824,0.0
2011-07-08,-0.009045410473260494,0.0
2011-07-11,-0.024866113433087818,0.0
2011-07-12,-0.006819996964738223,0.0
2011-07-13,0.0029729615893614846,0.0
2011-07-14,-0.013166658013811412,0.0
2011-07-15,0.007850817177212444,0.0
2011-07-18,-0.012750112159928767,0.0
2011-07-19,0.020197665976224154,0.0
2011-07-20,0.00014571292240461373,0.0
2011-07-21,0.01251443828256503,0.0
2011-07-22,0.007650728439421242,0.0
2011-07-25,-0.008301369654756816,0.0
2011-07-26,0.000558329657318495,0.0
2011-07-27,-0.031014698359545498,0.0
2011-07-28,-0.009436055583198351,0.0
2011-07-29,-0.004151775146998836,0.0
2011-08-01,-0.009032057457267761,0.5286035355301921
2011-08-02,-0.03853660824558433,0.0
2011-08-03,0.01101549796673407,0.0
2011-08-04,-0.0621316788752892,0.0
2011-08-05,-0.007587654254256591,0.0
2011-08-08,-0.08407937889240594,0.0
2011-08-09,0.057344333522706945,0.0
2011-08-10,-0.04484257065856388,0.0
2011-08-11,0.056386829286585276,0.0
2011-08-12,0.005939450801922886,0.0
2011-08-15,0.023458611734103196,0.0
2011-08-16,-0.015088415906610152,0.0
2011-08-17,-0.006760503117820818,0.0
2011-08-18,-0.06019315621962296,0.0
2011-08-19,-0.017179248557715916,0.0
2011-08-22,0.001399630698962008,0.0
2011-08-23,0.043021856999428135,0.0
2011-08-24,0.01370580735394451,0.0
2011-08-25,-0.01888955791462836,0.0
2011-08-26,0.023522070435008226,0.0
2011-08-29,0.039961469833890845,0.0
2011-08-30,0.006523827489420306,0.0
2011-08-31,0.0037154023467330724,0.0
2011-09-01,-0.017292473362811145,1.1194813228517158
2011-09-02,-0.03832638862394164,0.0
2011-09-06,-0.01258265375939761,0.0
2011-09-07,0.049673867531049146,0.0
2011-09-08,-0.017324997888898117,0.0
2011-09-09,-0.03207843579813764,0.0
2011-09-12,0.00813830383062333,0.0
2011-09-13,0.015216654297382557,0.0
2011-09-14,0.01793713470223836,0.0
2011-09-15,0.022340574813083387,0.0
2011-09-16,0.0014891787149840887,0.0
2011-09-19,-0.01818104690508308,0.0
2011-09-20,-0.009105807760359581,0.0
2011-09-21,-0.042744662844737547,0.0
2011-09-22,-0.04414796987117649,0.0
2011-09-23,0.007769203766245153,0.0
2011-09-26,0.030031354562575552,0.0
2011-09-27,0.015362647070042179,0.0
2011-09-28,-0.034716018724885576,0.0
2011-09-29,0.010215778377835142,0.0
2011-09-30,-0.04023728846979589,0.0
2011-10-03,-0.04854219857374231,0.3087661313674547
2011-10-04,0.043494208727987343,0.0
2011-10-05,0.032128665470192525,0.0
2011-10-06,0.03393619389376034,0.0
2011-10-07,-0.023572513278671776,0.0
2011-10-10,0.048503206704098564,0.0
2011-10-11,0.0047599832023183745,0.0
2011-10-12,0.018226210765427034,0.0
2011-10-13,-0.006151761675843531,0.0
2011-10-14,0.02281321057694709,0.0
2011-10-17,-0.035048510567239954,0.0
2011-10-18,0.0376314494792547,0.0
2011-10-19,-0.022921830307160176,0.0
2011-10-20,0.01017273278166729,0.0
2011-10-21,0.02737354803034272,0.0
2011-10-24,0.03071375867161817,0.0
2011-10-25,-0.03587806188837518,0.0
2011-10-26,0.02136527036432652,0.0
2011-10-27,0.060042047129009735,0.0
2011-10-28,0.010156394142758051,0.0
2011-10-31,-0.03970825276554541,0.0
2011-11-01,-0.041398599158368854,0.534758104024033
2011-11-02,0.025133797203187334,0.0
2011-11-03,0.02241514137492224,0.0
2011-11-04,-0.0008189043731986322,0.0
2011-11-07,0.0015398331780766285,0.0
2011-11-08,0.01592514664346093,0.0
2011-11-09,-0.0493622026969036,0.0
2011-11-10,0.007588455223257215,0.0
2011-11-11,0.02381603332236872,0.0
2011-11-14,-0.013871006658411188,0.0
2011-11-15,0.006644013893694555,0.0
2011-11-16,-0.01865501980018183,0.0
2011-11-17,-0.0260207895115133,0.0
2011-11-18,-0.0013330420587843684,0.0
2011-11-21,-0.020983580743459622,0.0
2011-11-22,-0.007698490949469701,0.0
2011-11-23,-0.03054837469404294,0.0
2011-11-25,-0.004041890400916447,0.0
2011-11-28,0.039058458179617415,0.0
2011-11-29,-0.0030581509506690165,0.0
2011-11-30,0.053963433735291014,0.0
2011-12-01,-0.0025003417365342395,0.5978426354978604
2011-12-02,0.000841371152210713,0.0
2011-12-05,0.017419245947732913,0.0
2011-12-06,-0.0037882314965485605,0.0
2011-12-07,0.0025740074103009396,0.0
2011-12-08,-0.030478083492820787,0.0
2011-12-09,0.023096330954974622,0.0
2011-12-12,-0.022438319423445246,0.0
2011-12-13,-0.02163755558116642,0.0
2011-12-14,-0.01787323921741122,0.0
2011-12-15,0.0017533237552709302,0.016433539936291878
2011-12-16,0.005598780643476727,0.0
2011-12-19,-0.021501557877326535,0.0
2011-12-20,0.03807413820063865,0.0
2011-12-21,-0.00026459830503400283,0.008071266903701224
2011-12-22,0.017247720510675302,0.0
2011-12-23,0.007321787514468314,0.0
2011-12-27,-0.0030343462826446614,0.0
2011-12-28,-0.018158233652805496,0.0
2011-12-29,0.013862287837305979,0.0
2011-12-30,-0.002603153956547203,0.0
2012-01-03,0.022842120438528957,0.6586012178155103
2012-01-04,-0.0004202017288476679,0.0
2012-01-05,0.007605890634274538,0.0
2012-01-06,-0.002700979783412812,0.0
2012-01-09,0.005025944333769836,0.0
2012-01-10,0.01569630620561277,0.0
2012-01-11,0.004639840359053538,0.0
2012-01-12,0.0017021795039284127,0.0
2012-01-13,-0.00942936968800012,0.0
2012-01-17,0.0017751202628408058,0.0
2012-01-18,0.02248699557167253,0.0
2012-01-19,0.00980771187658126,0.0
2012-01-20,-0.0018187869375642428,0.0
2012-01-23,0.002422300065280044,0.0
2012-01-24,0.005375509528345292,0.0
2012-01-25,0.009766196189989897,0.0
2012-01-26,-0.011900409788448238,0.0
2012-01-27,0.004927829474270954,0.0
2012-01-30,-0.007266078317685181,0.0
2012-01-31,-0.0024614136786895602,0.0
2012-02-01,0.016635775401890873,0.6354129525743368
2012-02-02,0.004545551841134013,0.0
2012-02-03,0.026682502143109736,0.0
2012-02-06,-0.0012429945208362277,0.0
2012-02-07,0.0006484107476159957,0.0
2012-02-08,0.006321867891712321,0.0
2012-02-09,0.0045343521794605985,0.0
2012-02-10,-0.012717980215506675,0.0
2012-02-13,0.005570953593064955,0.0
2012-02-14,-0.0009670612818156299,0.0
2012-02-15,6.056291592297213e-05,0.0
2012-02-16,0.017411926919564204,0.0
2012-02-17,0.0021824585173477887,0.0
2012-02-21,-0.0032000310484147235,0.0
2012-02-22,-0.009468563287917509,0.0
2012-02-23,0.009127486311246952,0.0
2012-02-24,0.0006751347237015046,0.0
2012-02-27,0.0018762720707826228,0.0
2012-02-28,-0.000817605768544952,0.0
2012-02-29,-0.008614544410614247,0.0
2012-03-01,0.006502447168857062,0.8369673599356127
2012-03-02,-0.007084403084277968,0.0
2012-03-05,-0.012965791606595877,0.0
2012-03-06,-0.022562882820238248,0.0
2012-03-07,0.011967217246904046,0.0
2012-03-08,0.016378409316212164,0.0
2012-03-09,0.005871353232466145,0.0
2012-03-12,-0.006382841544932797,0.0
2012-03-13,0.024699742712229727,0.0
2012-03-14,-0.007220643433448529,0.0
2012-03-15,0.013611889484289262,0.0
2012-03-16,0.0039702830956254015,0.0
2012-03-19,0.004590935430400012,0.0
2012-03-20,-0.00783953453655112,0.0
2012-03-21,-0.0016649432242514552,0.0
2012-03-22,-0.014220247389437177,0.0
2012-03-23,0.004127623594217932,0.0
2012-03-26,0.013657741652293406,0.0
2012-03-27,-0.004513287769797649,0.0
2012-03-28,-0.012168648708617578,0.0
2012-03-29,-0.0008541678117454123,0.0
2012-03-30,0.003135325786450157,0.0
2012-04-02,0.008622276312495458,0.872552920060224
2012-04-03,-0.009595744807204239,0.0
2012-04-04,-0.014352285386047142,0.0
2012-04-05,-0.004509399123449761,0.0
2012-04-09,-0.015803344232457515,0.0
2012-04-10,-0.019518715641073412,0.0
2012-04-11,0.010078078473340756,0.0
2012-04-12,0.022613870711902906,0.0
2012-04-13,-0.017596521031438304,0.0
2012-04-16,-0.0041730532850424926,0.0
2012-04-17,0.01762952880896365,0.0
2012-04-18,-0.00807278790493893,0.0
2012-04-19,-0.0010357615364931518,0.0
2012-04-20,-0.0022790124347598743,0.0
2012-04-23,-0.010601006979379114,0.0
2012-04-24,-0.0014446059434045613,0.0
2012-04-25,0.013693510372195137,0.0
2012-04-26,0.006674630962126708,0.0
2012-04-27,0.004415490907853485,0.0
2012-04-30,-0.0021661075352557117,0.0
2012-05-01,0.008385405359815357,0.8056765677505968
2012-05-02,-0.002714195167066377,0.0
2012-05-03,-0.0150513916319491,0.0
2012-05-04,-0.020625462187797865,0.0
2012-05-07,-0.0017359104956287685,0.0
2012-05-08,-0.007925988850951915,0.0
2012-05-09,-0.0019187206767062401,0.0
2012-05-10,-0.0012694972583047583,0.0
2012-05-11,-0.004239291763782274,0.0
2012-05-14,-0.012866880002597163,0.0
2012-05-15,-0.010488899896349494,0.0
2012-05-16,-0.011994451403151678,0.0
2012-05-17,-0.01939228517074577,0.0
2012-05-18,-0.01063455526228882,0.0
2012-05-21,0.022594008921285828,0.0
2012-05-22,0.0007310849138399723,0.0
2012-05-23,0.006054203536464001,0.0
2012-05-24,-0.002794401342089336,0.0
2012-05-25,0.0024172323034296122,0.0
2012-05-29,0.0138467567894917,0.0
2012-05-30,-0.02150395181257731,0.0
2012-05-31,-0.006218753140860641,0.0
2012-06-01,-0.030122103574200754,0.7126328364754173
2012-06-04,-0.003024100002089739,0.0
2012-06-05,0.014301782832833503,0.0
2012-06-06,0.02904447685331383,0.0
2012-06-07,-0.006678818330998865,0.0
2012-06-08,0.006524105987108736,0.0
2012-06-11,-0.02317070520447019,0.0
2012-06-12,0.01562996654689619,0.0
2012-06-13,-0.015038778616654525,0.0
2012-06-14,0.009607454363504284,0.0
2012-06-15,0.016612953461065262,0.0
2012-06-18,0.0028919600952622927,0.0
2012-06-19,0.01780044831895122,0.0
2012-06-20,0.0026185649447527863,0.0
2012-06-21,-0.03183918635877806,0.0
2012-06-22,0.011236883694052902,0.0
2012-06-25,-0.022250203683010096,0.0
2012-06-26,0.006229861428266978,0.0
2012-06-27,0.01344288058593112,0.0
2012-06-28,0.000493159976705901,0.0
2012-06-29,0.03561719967594756,0.0
2012-07-02,0.00032186721300520027,0.6731269143957104
2012-07-03,0.012257841730559434,0.0
2012-07-05,-0.0016296625007325579,0.0
2012-07-06,-0.017218179579140073,0.0
2012-07-09,-0.00963713802224478,0.0
2012-07-10,-0.014173260262781966,0.0
2012-07-11,-0.0018256523518347942,0.0
2012-07-12,-0.006087120814760441,0.0
2012-07-13,0.01737706956757283,0.0
2012-07-16,-0.0068135925279775925,0.0
2012-07-17,0.008795871952194216,0.0
2012-07-18,0.011311752863808859,0.0
2012-07-19,0.010551734158990654,0.0
2012-07-20,-0.019173085774859617,0.0
2012-07-23,-0.013048696554933657,0.0
2012-07-24,-0.012435478204893893,0.0
2012-07-25,-0.0016745748017461008,0.0
2012-07-26,0.02175770784183744,0.0
2012-07-27,0.026312565527874865,0.0065419873699010585
2012-07-30,-0.007237243954007148,0.0
2012-07-31,-0.007328025632153198,0.0
2012-08-01,-0.00692880417698194,0.489636932505782
2012-08-02,-0.007854684375997501,0.0
2012-08-03,0.027584688181638457,0.0
2012-08-06,0.010529973010229572,0.0
2012-08-07,0.015682105477990566,0.0
2012-08-08,0.002227356107211525,0.0
2012-08-09,0.004709183136354878,0.0
2012-08-10,0.0010644546803305667,0.0
2012-08-13,-0.002567358036723379,0.0
2012-08-14,-0.004233086248717236,0.0
2012-08-15,0.007816314229414267,0.0
2012-08-16,0.015473809727224327,0.0
2012-08-17,0.0035739617721572466,0.0
2012-08-20,-0.00017736142778402566,0.0
2012-08-21,0.00039220965159438557,0.0
2012-08-22,-0.0003605308621745383,0.0
2012-08-23,-0.01121832311288586,0.0
2012-08-24,0.004679669227980121,0.0
2012-08-27,-0.004498497930200099,0.0
2012-08-28,0.0005038752405098266,0.0
2012-08-29,0.003055369202353111,0.0
2012-08-30,-0.012838206018919482,0.0
2012-08-31,0.005810766992617401,0.0
2012-09-04,-0.0032415808460286577,0.5699254427116396
2012-09-05,-0.00024028272683846905,0.0
2012-09-06,0.027279237814931738,0.0
2012-09-07,0.01248419515518856,0.0
2012-09-10,-0.005471471097405828,0.0
2012-09-11,0.009747784407377056,0.0
2012-09-12,0.006816149118310893,0.0
2012-09-13,0.014610843146278342,0.0
2012-09-14,0.01388765696969724,0.0
2012-09-17,-0.010978434565565685,0.0
2012-09-18,-0.005740011235779179,0.0
2012-09-19,0.003956558347555388,0.0
2012-09-20,-0.004425203676543418,0.0
2012-09-21,-0.002249690399180856,0.0
2012-09-24,-0.008906649508151732,0.0
2012-09-25,-0.018713694410130276,0.0
2012-09-26,-0.007641391959719468,0.00813259241989725
2012-09-27,0.014270010473274532,0.0
2012-09-28,-0.006457819425085095,0.0
2012-10-01,0.0010390397956328012,0.44602027205748496
2012-10-02,0.0022780434319261836,0.0
2012-10-03,-0.0004225859281595677,0.0
2012-10-04,0.011785269100251357,0.0
2012-10-05,-0.000279508285550363,0.0
2012-10-08,-0.002065440197988497,0.0
2012-10-09,-0.009540583768512254,0.0
2012-10-10,-0.009159011952994614,0.0
2012-10-11,0.008095606156913439,0.0
2012-10-12,-0.005938519848734917,0.0
2012-10-15,0.007842740555851489,0.0
2012-10-16,0.01471555146471477,0.0
2012-10-17,0.004164761332220397,0.0
2012-10-18,-0.0004565843370359369,0.0
2012-10-19,-0.023211289267276423,0.0
2012-10-22,0.0020668236968043323,0.0
2012-10-23,-0.011708740592417,0.0
2012-10-24,-0.00994657612768375,0.0
2012-10-25,0.003426597317953242,0.0
2012-10-26,0.0006359905067799987,0.0
2012-10-31,0.0004432329697218822,0.0
2012-11-01,0.020968795943313134,0.42181041160164257
2012-11-02,-0.010598604519870488,0.0
2012-11-05,0.007623689920615771,0.0
2012-11-06,0.011853761589445844,0.0
2012-11-07,-0.023417078942435353,0.0
2012-11-08,-0.01701415004435424,0.0
2012-11-09,0.0004195868972661432,0.0
2012-11-12,0.0019821826551401976,0.0
2012-11-13,-0.005014059526882331,0.0
2012-11-14,-0.013138538658008323,0.0
2012-11-15,0.0008577061333199987,0.0
2012-11-16,0.004889121757620907,0.0
2012-11-19,0.022772673560442318,0.0
2012-11-20,-0.0032604482568213415,0.0
2012-11-21,0.005946882584475311,0.0
2012-11-23,0.014788184180712836,0.0
2012-11-26,-0.0022532950773254345,0.0
2012-11-27,-0.005303494894546788,0.0
2012-11-28,0.011544121282778512,0.0
2012-11-29,0.005997439780275201,0.0
2012-11-30,-0.000746285435556173,0.0
2012-12-03,-0.005779233006540263,0.7528415245723162
2012-12-04,0.0017965418219010997,0.0
2012-12-05,0.0025241250323858886,0.0
2012-12-06,0.0051755328888076135,0.0
2012-12-07,0.005111824169706101,0.0
2012-12-10,0.0037526292718975274,0.0
2012-12-11,0.00807190006740231,0.0
2012-12-12,0.0010389635041095748,0.0
2012-12-13,-0.0025999458970121913,0.0
2012-12-14,0.00011061797999715583,0.0
2012-12-17,0.01305332363280994,0.0
2012-12-18,0.017168438176389713,0.0
2012-12-19,-0.004214260561268671,0.0
2012-12-20,0.00507359411719647,0.0
2012-12-21,-0.010633200962491075,0.0
2012-12-24,-0.0032808805370436733,0.007499739061637266
2012-12-26,-0.003924384834787542,0.0
2012-12-27,-0.001241897835978303,0.0
2012-12-28,-0.010751214188616694,0.0
2012-12-31,0.023292861260678865,0.0073185092425719234
2013-01-02,0.023146659619654786,0.5150474585374203
2013-01-03,0.0005076045261972612,0.0
2013-01-04,0.008476994818196349,0.0
2013-01-07,-0.0017817380095057048,0.0
2013-01-08,-0.006432304413634529,0.0
2013-01-09,0.001680964111902777,0.0
2013-01-10,0.007255705651020388,0.0
2013-01-11,-1.484910645619124e-05,0.0
2013-01-14,-8.424958668427527e-05,0.0
2013-01-15,0.006180033453818191,0.0
2013-01-16,-0.0012259789627814856,0.0
2013-01-17,0.009464951539146702,0.0
2013-01-18,0.003640479093046849,0.0
2013-01-22,0.006689577405385112,0.0
2013-01-23,-0.0015617963587185374,0.0
2013-01-24,0.008333931676039524,0.0
2013-01-25,0.012012574740029789,0.0
2013-01-28,-0.003235847263876538,0.0
2013-01-29,0.0028366966868158144,0.0
2013-01-30,-0.004712901813106091,0.0
2013-01-31,0.002963209632216632,0.0
2013-02-01,0.008160032229970415,0.49958644677797964
2013-02-04,-0.010820533320061077,0.0
2013-02-05,0.01038903146317733,0.0
2013-02-06,0.002520890895349551,0.0
2013-02-07,-0.0033074054704371747,0.007923086511012308
2013-02-08,0.005239378771760526,0.0
2013-02-11,0.0005582781127560818,0.0
2013-02-12,0.004410007516070631,0.0
2013-02-13,-0.00045149089621144244,0.0
2013-02-14,0.005076486940753423,0.0
2013-02-15,-0.0010494974250594936,0.0
2013-02-19,0.0052856907838013875,0.0
2013-02-20,-0.02010883466685741,0.0
2013-02-21,-0.00931622024210664,0.0
2013-02-22,0.009364928017477056,0.0
2013-02-25,-0.02238494121275329,0.0
2013-02-26,0.004608924176224334,0.0
2013-02-27,0.014437294901617102,0.0
2013-02-28,-0.003985306920443946,0.0
2013-03-01,0.0008303660074662211,0.7521721676629721
2013-03-04,0.0024567777314677304,0.0
2013-03-05,0.011398336760793992,0.0
2013-03-06,0.004385073688704392,0.0
2013-03-07,0.005279134219734597,0.0
2013-03-08,0.008121651382795737,0.0
2013-03-11,0.001955855474738124,0.0
2013-03-12,-0.0007289422960105032,0.0
2013-03-13,0.0027738417278819483,0.0
2013-03-14,0.005398770417021416,0.0
2013-03-15,-0.0018809389082961993,0.0
2013-03-18,-0.004526605898947557,0.0
2013-03-19,-0.008368054127056185,0.0
2013-03-20,0.01031863866563705,0.0
2013-03-21,-0.010473468454418057,0.0
2013-03-22,0.0038160891138008333,0.0
2013-03-25,-0.0027572545286468067,0.0
2013-03-26,0.005512252093587744,0.0
2013-03-27,-0.0006296503845874323,0.0
2013-03-28,0.0038795322082495246,0.0
2013-04-01,-0.010526043416391295,0.5993086334025123
2013-04-02,-0.0021437479746274114,0.0
2013-04-03,-0.012209780347550103,0.0
2013-04-04,0.00481442074522493,0.0
2013-04-05,-0.0033142856110078183,0.0
2013-04-08,0.009637177249347702,0.0
2013-04-09,0.007156861187492527,0.0
2013-04-10,0.012500612253772397,0.0
2013-04-11,0.004679539612360702,0.0
2013-04-12,-0.005364309390011722,0.0
2013-04-15,-0.03146053109528328,0.0
2013-04-16,0.016184208345021787,0.0
2013-04-17,-0.018893220436129274,0.0
2013-04-18,-0.006251971900677192,0.0
2013-04-19,0.008807340414025566,0.0
2013-04-22,0.004501893882635954,0.0
2013-04-23,0.016607718876998908,0.0
2013-04-24,0.00396014881965984,0.0
2013-04-25,0.00885731160915499,0.0
2013-04-26,-0.006307936304916122,0.0
2013-04-29,0.008189419634607207,0.0
2013-04-30,0.002313159989954734,0.0
2013-05-01,-0.010843091692995022,0.7224813715015272
2013-05-02,0.014186888043287412,0.0
2013-05-03,0.016978791325631383,0.0
2013-05-06,0.00397174198659179,0.0
2013-05-07,0.003955989546042487,0.0
2013-05-08,0.010166910540074663,0.0
2013-05-09,-0.001517692709532908,0.0
2013-05-10,0.00879051752607912,0.0
2013-05-13,-0.0026957142478100425,0.0
2013-05-14,0.012198832339685585,0.0
2013-05-15,0.0034190296022420606,0.0
2013-05-16,-0.007362888413757294,0.0
2013-05-17,0.01353635615272392,0.0
2013-05-20,0.0024673878222724157,0.0
2013-05-21,-0.0002722546932091871,0.0
2013-05-22,-0.013357109686464558,0.0
2013-05-23,0.0015463879207673085,0.0
2013-05-24,-0.0037858460875887776,0.0
2013-05-28,0.008154201514534885,0.0
2013-05-29,-0.010950880770050044,0.0
2013-05-30,0.0052780366489487834,0.0
2013-05-31,-0.01355323065194803,0.0
2013-06-03,-0.0013576972654412156,0.6318196333448474
2013-06-04,-0.007998143012023897,0.0
2013-06-05,-0.012470645097321917,0.0
2013-06-06,0.0120146669847185,0.0
2013-06-07,0.013771605088251926,0.007712896635280801
2013-06-10,-0.0013062572389047435,0.0
2013-06-11,-0.01262068903108266,0.0
2013-06-12,-0.011123705776922288,0.0
2013-06-13,0.020478081912708473,0.0
2013-06-14,-0.005467647700007466,0.0
2013-06-17,0.008802444417577198,0.0
2013-06-18,0.00801908431647143,0.0
2013-06-19,-0.015407102780944017,0.0
2013-06-20,-0.028951926495110858,0.0
2013-06-21,-0.000566839714042493,0.0
2013-06-24,-0.013930298400767592,0.0
2013-06-25,0.011722633990692986,0.0
2013-06-26,0.0080905730520379,0.0
2013-06-27,0.011340901026481387,0.0
2013-06-28,-0.0030340756451070483,0.006830581770165648
2013-07-01,0.007304944451503426,0.6175445929695411
2013-07-02,-0.002732908036621472,0.0
2013-07-03,-0.0014451870334190905,0.0
2013-07-05,0.008672102076729724,0.0
2013-07-08,0.003011046784970178,0.0
2013-07-09,0.011985839407979674,0.0
2013-07-10,0.00035515081255434156,0.0
2013-07-11,0.02146852069772992,0.0
2013-07-12,0.0036138422448665133,0.0
2013-07-15,3.974461870289792e-05,0.0
2013-07-16,-0.005166127637849112,0.0
2013-07-17,0.003067228932936236,0.0
2013-07-18,0.0068628448588132895,0.0
2013-07-19,0.0030826094168855374,0.0
2013-07-22,0.0014612796947592807,0.0
2013-07-23,-0.0012395634844095792,0.0
2013-07-24,-0.009086333428113666,0.0
2013-07-25,0.008509389174347133,0.0
2013-07-26,-0.00040030245952893916,0.0
2013-07-29,-0.004373420119173848,0.0
2013-07-30,0.003018239662645513,0.0
2013-07-31,0.0015698572200577823,0.0
2013-08-01,0.01551255620255354,0.8020790267630187
2013-08-02,0.0013416887551708542,0.0
2013-08-05,0.0008390311289341356,0.0
2013-08-06,-0.007003555390136838,0.0
2013-08-07,-0.006996472920559658,0.0
2013-08-08,0.00810908577519659,0.0
2013-08-09,0.0006399941720284481,0.0
2013-08-12,-0.0015850724065735306,0.0
2013-08-13,-0.0003619321433188185,0.0
2013-08-14,-0.0027553791615430217,0.0
2013-08-15,-0.015350906555553502,0.0
2013-08-16,-0.0056566537015646165,0.0
2013-08-19,-0.011290021045104615,0.0
2013-08-20,0.01189508327681921,0.0
2013-08-21,-0.006386029736915548,0.0
2013-08-22,0.012179445120547645,0.0
2013-08-23,0.004803575414585874,0.0
2013-08-26,-0.0026893743220319246,0.0
2013-08-27,-0.019753155354998837,0.0
2013-08-28,0.0021950666022768576,0.0
2013-08-29,0.002710409611188105,0.0
2013-08-30,-0.0049815092428238325,0.0
2013-09-03,0.004780469384414232,0.967578053229655
2013-09-04,0.012713417448696869,0.0
2013-09-05,0.0034676723110872464,0.0
2013-09-06,0.0006039414957781448,0.0
2013-09-09,0.014909951362919005,0.0
2013-09-10,0.007834995206070606,0.0
2013-09-11,0.002486007752895625,0.0
2013-09-12,-0.006009957935963171,0.0
2013-09-13,0.0028130481768751225,0.0
2013-09-16,0.008172485401532873,0.0
2013-09-17,0.0059119615160485575,0.0
2013-09-18,0.011791638584066384,0.0
2013-09-19,-0.0043149900859063796,0.0
2013-09-20,-0.009394994964243817,0.0
2013-09-23,-0.009648358351911183,0.0
2013-09-24,0.002216591144858094,0.0
2013-09-25,-0.001388511470794442,0.0
2013-09-26,0.0026038208204421298,0.0
2013-09-27,-0.0050281668704421755,0.0
2013-09-30,-0.004536772302204257,0.0
2013-10-01,0.009688405126018651,0.7062050024943314
2013-10-02,0.001997118476986736,0.0
2013-10-03,-0.008650383310173598,0.0
2013-10-04,0.008035901519686497,0.0
2013-10-07,-0.010648221236423287,0.0
2013-10-08,-0.01579990545257409,0.0
2013-10-09,0.0017490724450783804,0.0
2013-10-10,0.021840418415378836,0.0
2013-10-11,0.006214081002669198,0.0
2013-10-14,0.0037344071051281747,0.0
2013-10-15,-0.00850636012665798,0.0
2013-10-16,0.015342807016696786,0.0
2013-10-17,0.00895638643077494,0.0
2013-10-18,0.005364040333531199,0.0
2013-10-21,-0.0006246729598499785,0.0
2013-10-22,0.005070626172087802,0.0
2013-10-23,-0.007019573021930004,0.0
2013-10-24,0.0034588203743475435,0.0
2013-10-25,0.003975521126436139,0.0
2013-10-28,0.0005327167690559454,0.0
2013-10-29,0.0066729477970598975,0.0
2013-10-30,-0.004790531225383941,0.0
2013-10-31,-0.0035688476350476317,0.0
2013-11-01,0.006021233336848564,0.7817815405585442
2013-11-04,0.008040092958858196,0.0
2013-11-05,-0.0029548034654431985,0.0
2013-11-06,-0.0010614068457136252,0.0
2013-11-07,-0.014178654803875462,0.0
2013-11-08,0.015330789464572704,0.0
2013-11-11,0.003451722121210537,0.0
2013-11-12,-0.0009641871513355166,0.0
2013-11-13,0.010702219500137635,0.0
2013-11-14,0.0025677523016008723,0.0
2013-11-15,0.005508417644678926,0.0
2013-11-18,-0.008235504221475114,0.0
2013-11-19,-0.004131791069762811,0.0
2013-11-20,-0.0011125317926838631,0.0
2013-11-21,0.009732006143697559,0.0
2013-11-22,0.004509916830893445,0.0
2013-11-25,-0.002438120303983938,0.0
2013-11-26,0.0008120527452443024,0.0
2013-11-27,0.005701497010835662,0.0
2013-11-29,-0.00010635107421097523,0.009237378216970817
2013-12-02,-0.0034330431363442937,0.7497918399008349
2013-12-03,-0.002271141298188419,0.0
2013-12-04,0.0008574609445992643,0.007764878227374988
2013-12-05,-0.00504829607343381,0.0
2013-12-06,0.00832366774694916,0.0
2013-12-09,0.0012673651984771858,0.0
2013-12-10,-0.0017894258550145814,0.0
2013-12-11,-0.015220636718000695,0.0
2013-12-12,-0.00201154407362231,0.0
2013-12-13,0.003288837993566149,0.0
2013-12-16,0.0064877986414808055,0.0
2013-12-17,0.0007622558624163034,0.0
2013-12-18,0.011413091218282406,0.0
2013-12-19,0.0005512042074178325,0.015091959798364637
2013-12-20,0.007320686715083851,0.0
2013-12-23,0.005502563529593468,0.0
2013-12-24,0.00406266965783208,0.0
2013-12-26,0.004089295312344152,0.0
2013-12-27,0.00047558752792698796,0.0
2013-12-30,0.0006592610168774723,0.0
2013-12-31,0.0028113730182041828,0.0
2014-01-02,-0.00812993886658564,0.5960438938258119
2014-01-03,0.0006599618872789106,0.0
2014-01-06,-0.005087811388082489,0.0
2014-01-07,0.007746284532625539,0.0
2014-01-08,0.0029687547607592808,0.0
2014-01-09,0.002323425111653111,0.0
2014-01-10,0.004542098411554451,0.0
2014-01-13,-0.016392449442733385,0.0
2014-01-14,0.013331008914752796,0.0
2014-01-15,0.0032286082190232197,0.0
2014-01-16,-0.002289917176237908,0.0
2014-01-17,-0.0036143897046634517,0.0
2014-01-21,0.0019547694794062017,0.0
2014-01-22,0.0040128125627219196,0.0
2014-01-23,-0.008536672361894085,0.0
2014-01-24,-0.02378387263664585,0.0
2014-01-27,-0.0058147292332064796,0.0
2014-01-28,0.008801201405143209,0.0
2014-01-29,-0.011260728754963,0.0
2014-01-30,0.01442448304823003,0.0
2014-01-31,-0.007054566758125924,0.0
2014-02-03,-0.025919896625705485,0.6043330666291287
2014-02-04,0.010708057946352635,0.0
2014-02-05,-0.00219481334265585,0.0
2014-02-06,0.01768168227292498,0.0
2014-02-07,0.011989970616187486,0.0
2014-02-10,0.003225761855296921,0.0
2014-02-11,0.01045576192577401,0.0
2014-02-12,0.003020410256581544,0.0
2014-02-13,0.006521603700078668,0.0
2014-02-14,0.004640027208774414,0.0
2014-02-18,0.0028991080898836934,0.0
2014-02-19,-0.0037218203711305523,0.0
2014-02-20,0.008242289817002514,0.0
2014-02-21,-0.00012253610182848458,0.0
2014-02-24,0.006785539023173534,0.0
2014-02-25,-0.0003713369134187271,0.0
2014-02-26,0.002407190599050716,0.0
2014-02-27,0.0051385369369692626,0.0
2014-02-28,0.0012666795568979147,0.0
2014-03-03,-0.00772590051616151,0.6207893274495511
2014-03-04,0.015185088089945415,0.0
2014-03-05,-0.00023003163383853212,0.0
2014-03-06,0.00313987570648272,0.0
2014-03-07,-0.00035982548327950857,0.0
2014-03-10,-0.0034856219253326663,0.0
2014-03-11,-0.005989259823693114,0.0
2014-03-12,0.0015815452956992257,0.0
2014-03-13,-0.013314935816270523,0.007725236591562808
2014-03-14,0.0011934706326391638,0.0
2014-03-17,0.00851486974631881,0.0
2014-03-18,0.009205893627990614,0.0
2014-03-19,-0.0032768427306518405,0.0
2014-03-20,0.004897773061588411,0.0
2014-03-21,-0.0021881291547825245,0.0
2014-03-24,-0.008520715014247436,0.0
2014-03-25,0.0014610400272445242,0.0
2014-03-26,-0.007560602658416833,0.0
2014-03-27,-0.003203522579451683,0.0
2014-03-28,0.007633897800969952,0.0
2014-03-31,0.00936492366948133,0.0
2014-04-01,0.010782720924955802,0.5313366758942987
2014-04-02,0.005407816891961792,0.007650874312085197
2014-04-03,-0.0048289679350093685,0.0
2014-04-04,-0.015696890071760207,0.0
2014-04-07,-0.015471428986438683,0.0
2014-04-08,0.007632713014474897,0.0
2014-04-09,0.010845572463307668,0.0
2014-04-10,-0.024180988833760585,0.0
2014-04-11,-0.01402730622071138,0.0
2014-04-14,0.010146200653607624,0.0
2014-04-15,0.004717509748124376,0.0
2014-04-16,0.01168657460256587,0.0
2014-04-17,0.0024689227784311023,0.0
2014-04-21,0.003973896362950017,0.0
2014-04-22,0.006490501019475151,0.0
2014-04-23,-0.004260126317508717,0.008190507930714429
2014-04-24,0.0029819199454382004,0.0
2014-04-25,-0.012281365774880211,0.0
2014-04-28,-0.0022354533318038276,0.0
2014-04-29,0.0054845596094164235,0.0
2014-04-30,0.006473422255097639,0.0
2014-05-01,-0.00038882738180656684,0.46728513557816476
2014-05-02,0.002402563645332071,0.0
2014-05-05,-0.0006851137712771862,0.0
2014-05-06,-0.012127560433358948,0.0
2014-05-07,-0.000882192916892499,0.0
2014-05-08,-0.0007045057615972183,0.0
2014-05-09,0.0037227608488021547,0.0
2014-05-12,0.01619858845020234,0.0
2014-05-13,-0.0011561371402085854,0.0
2014-05-14,-0.008852558159834645,0.0
2014-05-15,-0.008705883176935773,0.0
2014-05-16,0.003949071164062721,0.0
2014-05-19,0.0061310134104227,0.0
2014-05-20,-0.008620209544827648,0.0
2014-05-21,0.00934787444219486,0.0
2014-05-22,0.004653655103381296,0.0
2014-05-23,0.008086371518389996,0.0
2014-05-27,0.006155288697883517,0.0
2014-05-28,2.7302594533440915e-05,0.0
2014-05-29,0.0064391777392753145,0.0
2014-05-30,-0.0007231729759720492,0.0
2014-06-02,0.0006281047644347559,0.7332611744722561
2014-06-03,-0.00011380420658368637,0.0
2014-06-04,0.004883500213930997,0.0
2014-06-05,0.007005633886607749,0.0
2014-06-06,0.0059412435248606035,0.0
2014-06-09,0.00023031758252204743,0.0
2014-06-10,-0.0018170253591848133,0.0
2014-06-11,-0.001540397717891413,0.0
2014-06-12,-0.0070061103854179175,0.0
2014-06-13,0.003602124199561836,0.0
2014-06-16,0.0013886492002263206,0.0
2014-06-17,0.005661007955806563,0.0
2014-06-18,0.006748375642762148,0.0
2014-06-19,-0.0015314332732707897,0.0
2014-06-20,0.003538734371624913,0.0
2014-06-23,-0.0003742359589250587,0.0
2014-06-24,-0.007961771240712888,0.0
2014-06-25,0.0032257231991528242,0.0
2014-06-26,0.0005072194288569658,0.0
2014-06-27,0.003251469037182669,0.0
2014-06-30,0.0007273892116360682,0.0
2014-07-01,0.008307415747088376,0.4610954516942851
2014-07-02,0.0029401848200640776,0.0
2014-07-03,0.007778554819021776,0.0
2014-07-07,-0.007186466698135525,0.0
2014-07-08,-0.010296807561173824,0.0
2014-07-09,0.006251195599404078,0.0
2014-07-10,-0.004097689912626425,0.0
2014-07-11,0.00268605717715745,0.0
2014-07-14,0.004132095344194101,0.0
2014-07-15,-0.004374296976687524,0.0
2014-07-16,0.0016086420661062533,0.0
2014-07-17,-0.010211230039008288,0.0
2014-07-18,0.011608956918337453,0.0
2014-07-21,-0.0028416354667921227,0.0
2014-07-22,0.00771915686780905,0.0
2014-07-23,0.0003917847593230706,0.0
2014-07-24,0.0012700193592253333,0.0
2014-07-25,-0.003844641108424898,0.0
2014-07-28,0.0013080370871328072,0.0
2014-07-29,-0.0027011118775678187,0.0
2014-07-30,0.002960959194966197,0.0
2014-07-31,-0.01925968771850427,0.0
2014-08-01,-0.0025736814756752713,0.6390360648456015
2014-08-04,0.00816845979300015,0.0
2014-08-05,-0.005678786541936482,0.0
2014-08-06,0.0006348404110058578,0.0
2014-08-07,-0.007971296506814808,0.0
2014-08-08,0.013186969423145763,0.0
2014-08-11,0.004155177047075903,0.0
2014-08-12,-0.0034819237104948457,0.0
2014-08-13,0.005382823905244985,0.0
2014-08-14,0.006185036976258607,0.007184077072283535
2014-08-15,0.00117281595487611,0.0
2014-08-18,0.009943985139849926,0.0
2014-08-19,0.006815036634349027,0.0
2014-08-20,0.0031624218742886913,0.0
2014-08-21,0.0008609286555993876,0.0
2014-08-22,0.0010564824734613063,0.0
2014-08-25,0.002640753861374678,0.0
2014-08-26,0.001154451910204631,0.0
2014-08-27,0.0003413960005655783,0.0
2014-08-28,-0.0010302589985629084,0.0
2014-08-29,0.0035952938689526553,0.0
2014-09-02,-0.0023840007947518727,0.616767581872899
2014-09-03,-0.0007152186999633062,0.0
2014-09-04,-0.0014815774817254041,0.0
2014-09-05,0.004097140061698799,0.0
2014-09-08,-0.003235137429670132,0.0
2014-09-09,-0.007537134938061572,0.0
2014-09-10,0.002684507983030551,0.0
2014-09-11,0.0028516157105197126,0.0
2014-09-12,-0.007195875411255074,0.0
2014-09-15,-0.0030479940128779015,0.0
2014-09-16,0.00657201928098054,0.0
2014-09-17,-0.0007246928911427361,0.0
2014-09-18,0.00351183790811513,0.0
2014-09-19,-0.004278076127687653,0.0
2014-09-22,-0.010500737628820422,0.0067634818624627046
2014-09-23,-0.006631566759479511,0.0
2014-09-24,0.007316685008941391,0.0
2014-09-25,-0.01566011072407593,0.0
2014-09-26,0.0062013715725884495,0.0
2014-09-29,-0.0012759013740946705,0.0
2014-09-30,-0.0048924462250886196,0.0
2014-10-01,-0.014985049148908303,0.4871771716975418
2014-10-02,0.001204265014821452,0.0
2014-10-03,0.00838837608398526,0.0
2014-10-06,-0.003328573407053635,0.0
2014-10-07,-0.017905179138447087,0.0
2014-10-08,0.01665287682564265,0.0
2014-10-09,-0.026109165762886313,0.0
2014-10-10,-0.014535808521589139,0.0
2014-10-13,-0.02032830756459942,0.0
2014-10-14,0.008563068204053286,0.0
2014-10-15,0.001423755322496273,0.0
2014-10-16,0.005512744033097122,0.0
2014-10-17,0.010681459956601672,0.0
2014-10-20,0.010875986734203298,0.0
2014-10-21,0.024628870949800978,0.0
2014-10-22,-0.011267877242441498,0.0
2014-10-23,0.014844394681269222,0.0
2014-10-24,0.004614294435594302,0.0
2014-10-27,-0.004176692733437632,0.0
2014-10-28,0.016473119131412015,0.0
2014-10-29,-0.0035740760884813328,0.0
2014-10-30,0.004377600141172532,0.0
2014-10-31,0.01318829738179771,0.0
2014-11-03,-0.0016624893787438033,0.8309128720657737
2014-11-04,-0.012284407974929966,0.0
2014-11-05,0.010173722043397396,0.0
2014-11-06,0.005820145981157974,0.0
2014-11-07,0.0024569619046818816,0.0
2014-11-10,-0.0009639289891949499,0.0
2014-11-11,0.0010906506816188728,0.0
2014-11-12,-6.88690899695793e-05,0.0
2014-11-13,-0.005687625967955283,0.0
2014-11-14,0.005079169342972693,0.0
2014-11-17,-0.0030403457837681934,0.0
2014-11-18,0.006546007004582499,0.0
2014-11-19,-0.002550872755885823,0.0
2014-11-20,0.00808226271080157,0.0
2014-11-21,0.006538965382976873,0.0
2014-11-24,0.003937526283317865,0.0
2014-11-25,-0.002746357434184895,0.0
2014-11-26,-0.0002671531457128142,0.0
2014-11-28,-0.014997242619215064,0.0
2014-12-01,-0.012319355344831528,0.5395715958722909
2014-12-02,0.007212082797469564,0.0
2014-12-03,0.012682829342903552,0.0
2014-12-04,-0.005372095220495322,0.0
2014-12-05,-0.0015042871006338216,0.0
2014-12-08,-0.023019037578271104,0.0
2014-12-09,0.007254973239367832,0.0
2014-12-10,-0.025904333766640517,0.0
2014-12-11,0.0023153800850011803,0.0
2014-12-12,-0.018479957308353875,0.0
2014-12-15,-0.007449851019717246,0.0
2014-12-16,-0.0042934079998768965,0.0
2014-12-17,0.028283340283200134,0.0
2014-12-18,0.02182664451274862,0.0
2014-12-19,0.014902886338639752,0.0
2014-12-22,-0.0008659847134551068,0.0
2014-12-23,0.0045638379262351566,0.0
2014-12-24,-0.0022878174541952666,0.0
2015-01-08,0.020909692957860937,0.3949011751003821
2015-01-09,-0.008965413127116587,0.0
2015-01-12,-0.015579681241175015,0.0
2015-01-13,-0.0068002230962605804,0.0
2015-01-14,-0.005544684708538294,0.0
2015-01-15,-0.014913890643086156,0.0
2015-01-16,0.01938575856990802,0.0
2015-01-20,-0.0017248075533250176,0.0
2015-01-21,0.015575584689038711,0.0
2015-01-22,0.011406490154589603,0.0
2015-01-23,-0.006878091940322687,0.0
2015-01-26,0.009242115188333157,0.0
2015-01-27,-0.00788899998438966,0.0
2015-01-28,-0.022077597387836774,0.0
2015-01-29,0.009378275272496234,0.0
2015-01-30,-0.003962326219398887,0.0
2015-02-02,0.019673623180419986,0.45894214680834655
2015-02-03,0.024590111107415137,0.0
2015-02-04,-0.008811898735109569,0.0
2015-02-05,0.012784800861453956,0.0
2015-02-06,0.00019957126117985742,0.0
2015-02-09,-0.0006750882609171257,0.0
2015-02-10,0.007139073619052338,0.0
2015-02-11,-0.0017647528823231332,0.0
2015-02-12,0.01407211785097091,0.0
2015-02-13,0.010438832897874013,0.0
2015-02-17,0.0036783051068365416,0.0
2015-02-18,-0.0042763497991037515,0.0
2015-02-19,0.0013607216213179355,0.0
2015-02-20,0.004091431659098927,0.0
2015-02-23,-0.005131596430328372,0.0
2015-02-24,0.0036800078840935916,0.0
2015-02-25,0.002033222485003532,0.0
2015-02-26,-0.008414694191833454,0.0
2015-02-27,-0.0015026455667946721,0.0
2015-03-02,0.005363622566858961,0.5737349514342824
2015-03-03,-0.003695509474919192,0.0
2015-03-04,-0.004619765418814146,0.0
2015-03-05,-0.0002913577351267278,0.0
2015-03-06,-0.015461124971764181,0.0
2015-03-09,-0.0018493379604542564,0.0
2015-03-10,-0.017137225144309546,0.0
2015-03-11,0.0010270349015206568,0.0
2015-03-12,0.00638137390416138,0.007856828204340402
2015-03-13,-0.007984719788532539,0.0
2015-03-16,0.009663031389457542,0.0
2015-03-17,-0.00331622582070852,0.0
2015-03-18,0.01671690029329191,0.0
2015-03-19,-0.008582598429144887,0.0
2015-03-20,0.012053793245778488,0.021204773961501836
2015-03-23,0.0003170672481157351,0.0
2015-03-24,-0.006019932289643469,0.0
2015-03-25,-0.0076470144668994555,0.0
2015-03-26,-0.002104186114273156,0.0
2015-03-27,-0.0007362278748669947,0.0
2015-03-30,0.011925543699647533,0.0
2015-03-31,-0.00624183105144859,0.0
2015-04-01,-0.0024445730577903335,0.39016972248109455
2015-04-02,0.006941276825290273,0.0
2015-04-06,0.012011776526140204,0.0
2015-04-07,-0.001685799694948573,0.0
2015-04-08,0.0013994145813756797,0.0
2015-04-09,0.008602144030979968,0.0
2015-04-10,0.002501233791179059,0.0
2015-04-13,-0.0038944701320938746,0.0
2015-04-14,0.005514418955883965,0.0
2015-04-15,0.01555135609072749,0.0
2015-04-16,-0.0027996759218467636,0.0
2015-04-17,-0.009520718726216529,0.0
2015-04-20,0.006714196141969248,0.0
2015-04-21,-0.0026397360993578216,0.0
2015-04-22,0.004751976509807356,0.0
2015-04-23,0.00435238978262012,0.0
2015-04-24,-0.0010801735608628904,0.0
2015-04-27,-0.0014545798983343749,0.0
2015-04-28,0.0024559193834665883,0.0
2015-04-29,0.0021646387269964,0.0
2015-04-30,-0.006002292784666153,0.0
2015-05-01,0.00815767036583459,0.5348381520938179
2015-05-04,0.001994867596443851,0.0
2015-05-05,-0.010205294057243762,0.0
2015-05-06,-0.006372102201224072,0.0
2015-05-07,-0.0019470051247882218,0.0
2015-05-08,0.012336063105830266,0.0
2015-05-11,-0.003502527766551496,0.0
2015-05-12,-0.004970937595854524,0.0
2015-05-13,-0.0006298919310723406,0.0
2015-05-14,0.004443018887004543,0.0
2015-05-15,0.0010661856566731506,0.0
2015-05-18,0.002468138717022489,0.0
2015-05-19,-0.008751697200696216,0.0
2015-05-20,0.0011208977806530353,0.0
2015-05-21,0.005328591120587751,0.0
2015-05-22,-0.0010551252359842452,0.0
2015-05-26,-0.01577176945599659,0.0
2015-05-27,0.00541629655097834,0.0
2015-05-28,-0.003097641223100353,0.0
2015-05-29,-0.0069531643196363135,0.0
2015-06-01,0.0004930445584931942,0.5676660907048264
2015-06-02,0.003408068003820503,0.0
2015-06-03,0.0004986216202299424,0.0
2015-06-04,-0.009334616109579712,0.0
2015-06-05,0.001587926815959892,0.0
2015-06-08,-0.008462404964781848,0.0
2015-06-09,-0.0008160084558065699,0.0
2015-06-10,0.010243489792263895,0.0
2015-06-11,-6.529313912452664e-05,0.0
2015-06-12,-0.007017900150917853,0.0
2015-06-15,-0.0057819176675490865,0.0
2015-06-16,0.005802062870115961,0.0
2015-06-17,0.003412487629670451,0.0
2015-06-18,0.006664880260175,0.0
2015-06-19,-0.0047471187703637735,0.0
2015-06-22,0.0032023300402628232,0.0
2015-06-23,0.00185274172745672,0.0
2015-06-24,-0.008487196147951358,0.0
2015-06-25,-0.006163632134048801,0.0
2015-06-26,-0.001411727169829534,0.0
2015-06-29,-0.02328477986449306,0.0
2015-06-30,0.0021308352566692676,0.0
2015-07-01,0.00041843502316218917,0.5795950300525838
2015-07-02,0.000969782072611336,0.007568360579283734
2015-07-06,-0.009517938671196102,0.007631508527862611
2015-07-07,0.007122122365913144,0.0
2015-07-08,-0.020101178238135127,0.0
2015-07-09,0.0026556535711615226,0.0
2015-07-10,0.008257613337046808,0.0
2015-07-13,0.010878162266506855,0.0
2015-07-14,0.004889748955636319,0.0
2015-07-15,-0.009415479237069407,0.0
2015-07-16,0.0046669826204044015,0.0
2015-07-17,-0.00764124924533921,0.0
2015-07-20,-0.00789436498477095,0.0
2015-07-21,-0.0010905246079824821,0.0
2015-07-22,-0.0014741158457175453,0.0
2015-07-23,-0.002851721740370387,0.0
2015-07-24,-0.01511667911224282,0.0
2015-07-27,-0.008367752668928533,0.0
2015-07-28,0.015522082674333406,0.0
2015-07-29,0.007199938524161049,0.0
2015-07-30,0.00013737905231575337,0.0
2015-07-31,-0.0035893278439006974,0.0
2015-08-03,-0.00729130338368833,0.5830337795993905
2015-08-04,-0.002080048942293838,0.0
2015-08-05,-0.0012808958689392086,0.0
2015-08-06,-0.00631423473544023,0.0
2015-08-07,-0.0068825972856292345,0.0
2015-08-10,0.025350330910934693,0.0
2015-08-11,-0.0146850824494368,0.0
2015-08-12,0.004191756616586096,0.0
2015-08-13,-0.008759043177647176,0.0
2015-08-14,0.0017758656303295502,0.0
2015-08-17,0.007646918113661417,0.0
2015-08-18,-0.005112056713478718,0.0
2015-08-19,-0.012473284498295273,0.0
2015-08-20,-0.02391760736271736,0.0
2015-08-21,-0.02624708946136876,0.0
2015-08-24,-0.04253920913065694,0.0
2015-08-25,-0.012809661157651397,0.0
2015-08-26,0.031509773142942316,0.0
2015-08-27,0.037280364065918885,0.0
2015-08-28,0.008560840340907483,0.0
2015-08-31,-0.0014427274127484955,0.0
2015-09-01,-0.03231524105474981,0.5259958808219477
2015-09-02,0.013843217765091231,0.0
2015-09-03,0.003184733971845853,0.0
2015-09-04,-0.015655106741958958,0.0
2015-09-08,0.0245395787274559,0.0
2015-09-09,-0.013619754105274433,0.0
2015-09-10,0.00472471682321995,0.0
2015-09-11,-0.0015571857733142477,0.0
2015-09-14,-0.007054891892998669,0.0
2015-09-15,0.013300026030266674,0.0
2015-09-16,0.016089188434830176,0.0
2015-09-17,-0.0025611712715717773,0.0
2015-09-18,-0.02385819214219291,0.0
2015-09-21,4.8759159993150346e-05,0.0
2015-09-22,-0.017489433671022115,0.0
2015-09-23,-0.011763516238369225,0.0
2015-09-24,-0.0016403285479618637,0.0
2015-09-25,-0.003890154408342663,0.0
2015-09-28,-0.03382819266893091,0.0
2015-09-29,-0.00016766525378848632,0.0
2015-09-30,0.022036255402281747,0.0
2015-10-01,-0.0008385437951076158,0.686768341608005
2015-10-02,0.028124343846040793,0.0
2015-10-05,0.029116202004466227,0.0
2015-10-06,0.0068494967478118784,0.008041215321537076
2015-10-07,0.014663547017508632,0.0
2015-10-08,0.016115268283147428,0.0
2015-10-09,-0.00428378054349383,0.0
2015-10-12,-0.009706836735302656,0.0
2015-10-13,-0.009466237312511354,0.0
2015-10-14,0.0033361249988570338,0.0
2015-10-15,0.014469548745497668,0.0
2015-10-16,-0.005243223342077127,0.0
2015-10-19,-0.006848957539580933,0.0
2015-10-20,0.0032116866905007686,0.0
2015-10-21,-0.013389503463030923,0.0
2015-10-22,0.013124220043945752,0.0
2015-10-23,0.008293134595795436,0.0
2015-10-26,-0.012845571525131612,0.0
2015-10-27,-0.012001706427898072,0.0
2015-10-28,0.02106668541731708,0.0
2015-10-29,-0.0018653710962307343,0.0
2015-10-30,0.002910305376286042,0.0
2015-11-02,0.018640958598890922,0.5905854747242383
2015-11-03,0.009362463945996186,0.0
2015-11-04,-0.004901601138989897,0.0
2015-11-05,-0.002433526481783496,0.0
2015-11-06,0.004922348876171247,0.0
2015-11-09,-0.009525319129526755,0.0
2015-11-10,-0.0008641394932798702,0.0
2015-11-11,-0.01348134239458863,0.0
2015-11-12,-0.01642132737049272,0.0
2015-11-13,-0.011310505196860936,0.0
2015-11-16,0.017268222025087408,0.0
2015-11-17,-0.005613364944412321,0.0
2015-11-18,0.020281305172352493,0.007355921322357949
2015-11-19,-0.004892321042884726,0.0
2015-11-20,0.001881810143537285,0.0
2015-11-23,-0.0010103400352092199,0.0
2015-11-24,0.0095272515800191,0.0
2015-11-25,-0.00032528520024141115,0.0
2015-11-27,-0.005059008177454309,0.0
2015-11-30,-0.00020742853438232792,0.0
2015-12-01,0.010398828209968514,0.6543731687777815
2015-12-02,-0.017338958352852443,0.0
2015-12-03,-0.012908293006759154,0.0
2015-12-04,0.0034241761006161926,0.0
2015-12-07,-0.010381863130899406,0.0
2015-12-08,-0.009031585000223366,0.0
2015-12-09,-0.002311707864231609,0.0
2015-12-10,0.0051798229954361195,0.0
2015-12-11,-0.02517088371728564,0.0
2015-12-14,-0.006459690841454813,0.0
2015-12-15,0.014195834664905174,0.0
2015-12-16,0.009712179275455465,0.0
2015-12-17,-0.023163980371693357,0.0
2015-12-18,-0.013095895553954403,0.0
2015-12-21,0.00801387042469948,0.0
2015-12-22,0.012294262516427467,0.0
2015-12-23,0.02410569933729711,0.0
2015-12-24,-0.0020289714862896276,0.0
2015-12-28,-0.009913803073532745,0.0
2015-12-29,0.011035673304377817,0.0
2015-12-30,-0.011416720929795296,0.0
2015-12-31,-0.0033488638099595782,0.0
2016-01-04,-0.006743497943673127,0.43635841595859154
2016-01-05,-0.0014496904002601063,0.007644611750713375
2016-01-06,-0.03040594485384969,0.0
2016-01-07,-0.025094557609329188,0.0
2016-01-08,-0.011117535766652569,0.0
2016-01-11,-0.01295502688899226,0.0
2016-01-12,-0.001351518644299987,0.0
2016-01-13,-0.028061543681833438,0.0
2016-01-14,0.018101375874829774,0.0
2016-01-15,-0.02315420621219802,0.0
2016-01-19,-0.013035968153060955,0.0
2016-01-20,-0.003883588307260155,0.0
2016-01-21,0.0209117842017785,0.0
2016-01-22,0.019625164577521472,0.0
2016-01-25,-0.02853646051214967,0.0
2016-01-26,0.026900461693406194,0.0
2016-01-27,-0.004279461768823552,0.0
2016-01-28,0.0012059501703036571,0.0
2016-01-29,0.03335418888269425,0.0
2016-02-01,-0.0030769943082762374,1.4833096767084166
2016-02-02,-0.024606095734816612,0.0
2016-02-03,0.00848273971850562,0.0
2016-02-04,0.008175489964840086,0.0
2016-02-05,-0.01846517249568537,0.0
2016-02-08,-0.024148147814005275,0.0
2016-02-09,-0.0016255113711555434,0.0
2016-02-10,0.0028991602731668702,0.0
2016-02-11,-0.017310790885180033,0.0
2016-02-12,0.02224246478411026,0.0
2016-02-16,0.02355751037624731,0.0
2016-02-17,0.021584506180719915,0.0
2016-02-18,-0.00608241049414646,0.0
2016-02-19,-0.0006833302706144141,0.0
2016-02-22,0.018864719534219705,0.0
2016-02-23,-0.0122986832918689,0.0
2016-02-24,0.005498895437564599,0.0
2016-02-25,0.011433042303769209,0.0
2016-02-26,0.0051457181061799456,0.0
2016-02-29,-0.009169561088444664,0.0
2016-03-01,0.025498299173757122,1.2667352651438972
2016-03-02,0.0072650238724130435,0.0
2016-03-03,0.009193573446464248,0.0
2016-03-04,0.00432151733492514,0.008575366837095868
2016-03-07,0.0066680905151113995,0.0
2016-03-08,-0.012695822460676657,0.0
2016-03-09,0.0029245146945030493,0.0
2016-03-10,-0.00024129098332552383,0.0
2016-03-11,0.018813065819948602,0.0
2016-03-14,-0.0022672812847644077,0.0
2016-03-15,-0.007386452227724473,0.0
2016-03-16,0.008046752933728921,0.0
2016-03-17,0.008946621675929994,0.0
2016-03-18,0.005159029800747691,0.0
2016-03-21,0.001163987568912012,0.0
2016-03-22,0.00022216197056816576,0.0
2016-03-23,-0.008494742077975048,0.0
2016-03-24,-0.002541293393923386,0.0
2016-03-28,8.858484716474607e-05,0.0
2016-03-29,0.008463362765880564,0.0
2016-03-30,0.0031020767209127154,0.0
2016-03-31,-0.0006427442624671778,0.0
2016-04-01,0.005188057323849415,0.6765525421899816
2016-04-04,-0.00538015159331076,0.0
2016-04-05,-0.012634104434107965,0.0
2016-04-06,0.008305844285843359,0.0
2016-04-07,-0.013418744967964365,0.0
2016-04-08,0.004172178400531799,0.0
2016-04-11,-0.0019006894135478168,0.0
2016-04-12,0.011017577412618575,0.0
2016-04-13,0.014368844483299063,0.0
2016-04-14,-0.0004411456730215602,0.0
2016-04-15,-0.0005484547150780596,0.0
2016-04-18,0.0062095650329423435,0.008209308042790842
2016-04-19,0.00856555081028284,0.0
2016-04-20,0.0010057681886248414,0.0
2016-04-21,-0.006415637138754593,0.00785207089552763
2016-04-22,0.006543788492433838,0.0
2016-04-25,-0.005149387329183752,0.0
2016-04-26,0.0056383459408099745,0.0
2016-04-27,0.006566853537168782,0.0
2016-04-28,-0.006663768745882271,0.0
2016-04-29,-0.008705409809368599,0.0
2016-05-02,0.005617330472115656,0.9040294282064665
2016-05-03,-0.007389221576059227,0.0
2016-05-04,-0.007309800571760448,0.0
2016-05-05,0.0011196026394776697,0.0
2016-05-06,0.0010025895434494464,0.0
2016-05-09,0.00324583384837803,0.0
2016-05-10,0.011173207945737175,0.0
2016-05-11,-0.010896657216475958,0.0
2016-05-12,-0.0023575179019043775,0.0
2016-05-13,-0.007160051385716366,0.0
2016-05-16,0.009849428822506452,0.0
2016-05-17,-0.007828524265601506,0.0
2016-05-18,0.0015990844026880135,0.0
2016-05-19,-0.0046075850164084085,0.0
2016-05-20,0.008112217660439534,0.0
2016-05-23,-0.0029487074040981387,0.007770215005861771
2016-05-24,0.014198673476255193,0.0
2016-05-25,0.00708808494577738,0.0
2016-05-26,-0.0009963405733273362,0.0
2016-05-27,0.004662497616059031,0.0
2016-05-31,0.0021937811667833095,0.0
2016-06-01,0.0006809149283011351,1.0376503282288105
2016-06-02,0.0018359755646383908,0.0
2016-06-03,0.0003006593615276691,0.0
2016-06-06,0.001669242047704595,0.0
2016-06-07,0.002330308161454058,0.0
2016-06-08,0.003795015319464341,0.0
2016-06-09,0.0014863358184386529,0.0
2016-06-10,-0.00763047282010716,0.0
2016-06-13,-0.007823244324178903,0.0
2016-06-14,-0.0011807246256942028,0.0
2016-06-15,-0.0016012345707145785,0.0
2016-06-16,0.003668600384287555,0.0
2016-06-17,-0.002045632895807551,0.0
2016-06-20,0.005789218863911624,0.0
2016-06-21,0.00245669010201377,0.007643955324480059
2016-06-22,-0.000710701009222789,0.0
2016-06-23,0.011299365145877482,0.0
2016-06-24,-0.026845231183507783,0.0
2016-06-27,-0.014438621467657071,0.0
2016-06-28,0.013199183030232042,0.007803364873367589
2016-06-29,0.016021097023319553,0.0
2016-06-30,0.017084762132540232,0.0
2016-07-01,-0.0007658221168002077,0.9650470138459438
2016-07-05,-0.011700754217972354,0.0
2016-07-06,0.004119766119080543,0.0
2016-07-07,0.0012283736971820747,0.0
2016-07-08,0.01994141013688929,0.0
2016-07-11,0.0054968632901514795,0.0
2016-07-12,0.008540378863588419,0.0
2016-07-13,0.0012203867851650581,0.0
2016-07-14,0.005725369964450895,0.0
2016-07-15,-0.0009559455205290178,0.0
2016-07-18,0.0037310831413809712,0.0
2016-07-19,-0.001702491066700485,0.0
2016-07-20,0.0060913826098843125,0.0
2016-07-21,-0.00400670039736079,0.0
2016-07-22,0.00511712012505439,0.0
2016-07-25,-0.0018343065281453972,0.0
2016-07-26,0.0027099061169609403,0.0
2016-07-27,-0.00629547200333189,0.0
2016-07-28,0.0009496430016977023,0.0
2016-07-29,0.0012576968326528202,0.0
2016-08-01,-0.0032981097251119085,1.0163125720215105
2016-08-02,-0.007599424828094423,0.0
2016-08-03,0.002769780426457291,0.0
2016-08-04,-0.003420711269859088,0.0
2016-08-05,0.0023898769566493873,0.0
2016-08-08,0.00017669725131589354,0.0
2016-08-09,-0.0018101706320274133,0.0
2016-08-10,-0.0016259985373331188,0.0
2016-08-11,0.0060585968926403005,0.0
2016-08-12,0.0006154088056808732,0.0
2016-08-15,0.0012378051872327846,0.0
2016-08-16,-0.008307553118465415,0.0
2016-08-17,0.0021817522717454936,0.0
2016-08-18,0.004824741409770985,0.0
2016-08-19,-0.00020407153002287482,0.0
2016-08-22,0.0015230068835922002,0.0
2016-08-23,0.0015029675089096273,0.0
2016-08-24,-0.004423528523759709,0.0
2016-08-25,-0.002450417714508556,0.0
2016-08-26,-0.007164125570554582,0.0
2016-08-29,0.005153164309445297,0.0
2016-08-30,-0.0012354442773230387,0.0
2016-08-31,-0.0010633752903535193,0.0
2016-09-01,-0.0021861550369679517,0.7441468661628591
2016-09-02,0.005537121204287877,0.0
2016-09-06,0.004679055206047141,0.0
2016-09-07,0.003563321819164706,0.0
2016-09-08,0.00038604205731970477,0.0
2016-09-09,-0.029631212914332808,0.0
2016-09-12,0.015899352678413952,0.0
2016-09-13,-0.016460538461976995,0.0
2016-09-14,-0.0013178635949987895,0.0
2016-09-15,0.008448224331003085,0.0
2016-09-16,-0.0011415454275173005,0.0
2016-09-19,0.0030804237030641578,0.0
2016-09-20,-0.00278987342365752,0.0
2016-09-21,0.01455280776818998,0.0
2016-09-22,0.008867947072967206,0.0
2016-09-23,-0.003466828199175348,0.0
2016-09-26,-0.005089896027026821,0.0
2016-09-27,0.0008220035343113425,0.0
2016-09-28,0.004370297163767564,0.0
2016-09-29,-0.009557535219030616,0.0
2016-09-30,0.004435631898864414,0.0
2016-10-03,-0.007323459882133565,0.590869747974077
2016-10-04,-0.010561640649643175,0.0
2016-10-05,0.000416797204368026,0.0
2016-10-06,-0.0011882990602479233,0.0
2016-10-07,-0.003892816762363261,0.0
2016-10-10,0.006272624618917312,0.0
2016-10-11,-0.012738569863205432,0.0
2016-10-12,0.0032748773670978814,0.0
2016-10-13,0.0017187891340835683,0.0
2016-10-14,-0.004336764616825129,0.0
2016-10-17,-0.0009355607585205615,0.0
2016-10-18,0.008499883214714805,0.0
2016-10-19,0.0004617755729128198,0.0
2016-10-20,-0.000645139319430668,0.0
2016-10-21,-0.0007925386501549121,0.0
2016-10-24,0.0032873726280676723,0.0
2016-10-25,-0.002938438709797149,0.0
2016-10-26,-0.004889512874464907,0.0
2016-10-27,-0.0062168627906328535,0.0
2016-10-28,0.0004371841995263586,0.0
2016-10-31,0.004458835193691334,0.0
2016-11-01,-0.010604016106346092,0.9862633940272107
2016-11-02,-0.006526218376115485,0.0
2016-11-03,-0.006027001908537819,0.0
2016-11-04,0.002533262075218054,0.0
2016-11-07,0.02228447204616042,0.0
2016-11-08,0.0011350544324372747,0.0
2016-11-09,0.012906358169116557,0.0
2016-11-10,0.0066811143191297774,0.0
2016-11-11,-0.0018980913546372295,0.0
2016-11-14,0.007192952340947651,0.0
2016-11-15,0.003980573631143354,0.0
2016-11-16,-0.0035483736697054114,0.0
2016-11-17,0.005082359554859845,0.0
2016-11-18,-0.005312000399233779,0.0
2016-11-21,0.006850183710110312,0.0
2016-11-22,0.0018064705057909496,0.0
2016-11-23,0.0033395962673372975,0.0
2016-11-25,0.004300261011443011,0.0
2016-11-28,-0.006757424157372086,0.0
2016-11-29,0.0007969178372533277,0.0
2016-11-30,-0.006907157009338416,0.0077950922032783134
2016-12-01,-0.006779964928601334,1.0601627262908528
2016-12-02,0.003878292736671048,0.0
2016-12-05,0.006480480395028998,0.0
2016-12-06,0.0035070276933186198,0.0
2016-12-07,0.014899120761048316,0.0
2016-12-08,0.003897657161770185,0.0
2016-12-09,0.002558064238298814,0.0
2016-12-12,0.0005910419860899988,0.0
2016-12-13,0.005861556275422396,0.0
2016-12-14,-0.012839717115088554,0.0
2016-12-15,0.0009221768215136594,0.0
2016-12-16,0.0013431058668910616,0.0
2016-12-19,0.0020698470421207636,0.0
2016-12-20,0.0017903004668538476,0.0
2016-12-21,-0.0014765832784510427,0.0
2016-12-22,-0.0028858412623656397,0.0
2016-12-23,0.0006724875113329208,0.0
2016-12-27,0.0021808038935911826,0.0
2016-12-28,-0.008789289806903135,0.0
2016-12-29,0.003778774540034535,0.0
2016-12-30,-0.0039071739905213575,0.0
2017-01-03,0.007057310416724638,0.8867735988584264
2017-01-04,0.009023835887102342,0.0
2017-01-05,-0.002842110222102243,0.0
2017-01-06,0.0008196382124609579,0.0
2017-01-09,-0.007083501240248525,0.0
2017-01-10,0.0019508519775574564,0.0
2017-01-11,0.003743586540685808,0.0
2017-01-12,-0.001095949794487413,0.0
2017-01-13,0.001595627835658077,0.0
2017-01-17,0.0010728525305927065,0.0
2017-01-18,0.0026559695251260453,0.0
2017-01-19,-0.005662897142546856,0.0
2017-01-20,0.0036577135805487314,0.0
2017-01-23,-0.0033390177641638326,0.0
2017-01-24,0.011340057649720767,0.0
2017-01-25,0.006302992272523721,0.0
2017-01-26,-0.0029470558672917407,0.0
2017-01-27,-0.0027517706156514454,0.0
2017-01-30,-0.005066912429066118,0.0
2017-01-31,0.0009384165225537447,0.0
2017-02-01,-0.0064516560890132135,1.4753537337189813
2017-02-02,-0.00040882606131365515,0.0
2017-02-03,0.00879375504452341,0.0
2017-02-06,-0.003567126955391007,0.0
2017-02-07,-0.0005717400878818879,0.0
2017-02-08,-0.0013353371353716748,0.0
2017-02-09,0.006796811668402695,0.0
2017-02-10,0.004758861051286726,0.0
2017-02-13,0.006298427095171456,0.0
2017-02-14,0.0024797594069830764,0.0
2017-02-15,0.004863408357676017,0.0
2017-02-16,-0.0004941668369959268,0.0
2017-02-17,-0.0003269459097666029,0.0
2017-02-21,0.005102923629996423,0.0
2017-02-22,-0.0018856932380223665,0.0
2017-02-23,-0.0003523616581580821,0.0
2017-02-24,0.001920309514260313,0.0
2017-02-27,0.0009368328357393359,0.0
2017-02-28,-0.0019247662696231487,0.0
2017-03-01,0.015700942542730578,0.6102409752973064
2017-03-02,-0.009409754728546573,0.0
2017-03-03,0.0014860325604186487,0.0
2017-03-06,-0.0035331760914362256,0.0
2017-03-07,-0.0023221311474909702,0.0
2017-03-08,-0.002997680649849691,0.0
2017-03-09,-9.053150754131047e-05,0.0
2017-03-10,0.0034564762186530956,0.0
2017-03-13,0.002159011156533497,0.014980356372382361
2017-03-14,-0.004262806183345262,0.0
2017-03-15,0.008192519760335144,0.0
2017-03-16,-0.0021894834457748405,0.0
2017-03-17,0.0007290971519315923,0.0
2017-03-20,-0.002258570187292591,0.0
2017-03-21,-0.015898153808709077,0.0
2017-03-22,0.0035658515024142544,0.0
2017-03-23,-0.0006635293899766102,0.0
2017-03-24,-0.001305210919560894,0.0
2017-03-27,-0.0022983239373011327,0.0
2017-03-28,0.009149068879000948,0.0
2017-03-29,0.0007541476545173662,0.0
2017-03-30,0.004699745023048597,0.0
2017-03-31,-0.001322281213783908,0.0
2017-04-03,-0.0037673960611809276,0.8482224839270058
2017-04-04,0.00031052945257560105,0.0
2017-04-05,-0.0020504475091921498,0.0
2017-04-06,0.0017266274293453363,0.0
2017-04-07,5.033205890236163e-05,0.0
2017-04-10,-0.00011268217876222314,0.0
2017-04-11,-0.0008449376654367012,0.0
2017-04-12,-0.0038893823631380043,0.0
2017-04-13,-0.0050067909064578885,0.0
2017-04-17,0.008831343638552092,0.0
2017-04-18,-0.0012874701617813706,0.0
2017-04-19,0.00026956283999779565,0.0
2017-04-20,0.00819359813201247,0.0
2017-04-21,-0.001436668300546022,0.0
2017-04-24,0.013317386064957254,0.0
2017-04-25,0.004932562786701995,0.0
2017-04-26,-0.0016596596160750078,0.0
2017-04-27,0.0030106642273813157,0.0
2017-04-28,-0.0028772923288587567,0.0
2017-05-01,0.0004053691590955033,0.5642256730400573
2017-05-02,0.0005634960036973284,0.0
2017-05-03,-0.001669604658981129,0.0
2017-05-04,0.0030536234821317673,0.0
2017-05-05,0.004463451191569916,0.0
2017-05-08,-0.0017697045240251193,0.0
2017-05-09,-0.0001335851947303659,0.0
2017-05-10,0.00262093440376532,0.0
2017-05-11,-0.001886220442497252,0.0
2017-05-12,-0.0010357804367354345,0.0
2017-05-15,0.00650877587743103,0.0
2017-05-16,-0.0004774888261960492,0.0
2017-05-17,-0.013923840575358715,0.0
2017-05-18,0.004047634012562189,0.0
2017-05-19,0.006028222370670322,0.0
2017-05-22,0.007287212926996462,0.0
2017-05-23,0.0006882850519265163,0.0
2017-05-24,0.0031786786473203318,0.0
2017-05-25,0.00783085798625895,0.0
2017-05-26,-0.00012390679699611292,0.0
2017-05-30,0.0014956918422439113,0.0
2017-05-31,0.0030202911480707896,0.0
2017-06-01,0.007201133260995141,0.5963511129436979
2017-06-02,0.0034423718285077776,0.0
2017-06-05,-0.0016020821486765406,0.0
2017-06-06,-0.004565156439538126,0.0
2017-06-07,0.0027938426715783315,0.0
2017-06-08,-0.0004783376590717925,0.0073178138794319225
2017-06-09,-0.003874912362145767,0.0
2017-06-12,-0.0033110293080470636,0.0
2017-06-13,0.004808932867155142,0.0
2017-06-14,0.001279690212682321,0.0
2017-06-15,0.0004061913857392154,0.0
2017-06-16,0.00048388723932035196,0.0
2017-06-19,0.007280320619482028,0.0075275225224633036
2017-06-20,-0.004457342116026363,0.0
2017-06-21,-0.0015824241050261805,0.0
2017-06-22,-0.0017159518883302929,0.0
2017-06-23,0.0005891279270211971,0.0
2017-06-26,0.0002995283358958402,0.0
2017-06-27,-0.008290766092823521,0.0
2017-06-28,0.006154861290567447,0.0
2017-06-29,-0.011694867159121526,0.0
2017-06-30,0.0019270727893546035,0.0
2017-07-03,-0.001227833547762791,0.5964884356580846
2017-07-05,0.005522750012030115,0.0
2017-07-06,-0.006978983742266924,0.0
2017-07-07,0.009403085990022764,0.0
2017-07-10,0.000377442645926346,0.0
2017-07-11,-0.0006008711259362634,0.0
2017-07-12,0.008896771043797894,0.0
2017-07-13,-0.0008312762785445896,0.0
2017-07-14,0.005791760082961091,0.0
2017-07-17,0.0005871158239423858,0.0
2017-07-18,0.0012308911989797914,0.0
2017-07-19,0.006059833445828222,0.0
2017-07-20,0.0007924667188680431,0.0
2017-07-21,0.0021661727894886074,0.007284307381804215
2017-07-24,-0.0023151915919040838,0.0
2017-07-25,-0.002897504269783359,0.0
2017-07-26,0.0012303995976857842,0.0
2017-07-27,-0.004449290451545587,0.0
2017-07-28,0.0016851982263998162,0.0
2017-07-31,-0.0017890655832341839,0.0
2017-08-01,0.002456389111898938,0.6924857901176704
2017-08-02,0.0013362763045072488,0.0
2017-08-03,0.0001689122503614642,0.0
2017-08-04,0.0014976218808804025,0.0
2017-08-07,0.0006078564983095427,0.0
2017-08-08,-0.002626771586986601,0.0
2017-08-09,-0.0004452000383215509,0.0
2017-08-10,-0.013240880046467585,0.0
2017-08-11,0.0005265743006150534,0.0
2017-08-14,0.010335527825864374,0.0
2017-08-15,0.0004178961816809802,0.0
2017-08-16,0.003107184077251471,0.0
2017-08-17,-0.014917040697052134,0.0
2017-08-18,-0.0010252491165412421,0.0
2017-08-21,0.002041642547356102,0.0
2017-08-22,0.009326637808368494,0.0
2017-08-23,-0.004584924917600107,0.0
2017-08-24,-0.0012730303638644625,0.0
2017-08-25,0.00308798383011164,0.0
2017-08-28,-0.0004080682721375788,0.0
2017-08-29,-0.0005576040411549195,0.0
2017-08-30,0.003368275838614457,0.0
2017-08-31,0.006353570525437624,0.0
2017-09-01,0.0006697932100838688,0.6327763589633626
2017-09-05,-0.008414025597869426,0.0
2017-09-06,-0.0002782129813228568,0.0
2017-09-07,-0.0009928438186666347,0.0
2017-09-08,0.005091908230207587,0.0
2017-09-11,0.012012806608862947,0.0
2017-09-12,-0.00032060464696654137,0.0
2017-09-13,-0.0025873521252726874,0.0
2017-09-14,0.0005411285386278654,0.0
2017-09-15,0.0016089587688158066,0.0
2017-09-18,0.001708033460560041,0.0
2017-09-19,0.001162180906123952,0.0
2017-09-20,0.0007438482044358061,0.0
2017-09-21,-0.0015048287420626675,0.0
2017-09-22,-0.0007723860809098302,0.0
2017-09-25,-0.002382730697725994,0.0
2017-09-26,0.0015570527356213995,0.0
2017-09-27,0.001954454480426581,0.0
2017-09-28,0.0019006950467792428,0.0
2017-09-29,0.003317350699452286,0.0
2017-10-02,0.004087041910598499,0.5813178193777607
2017-10-03,0.0013502502570155997,0.0
2017-10-04,0.0038919477873141546,0.0
2017-10-05,0.003752631308055509,0.0
2017-10-06,0.00010182648689749916,0.0
2017-10-09,-0.0008540960601695023,0.0
2017-10-10,0.002731354177980246,0.0
2017-10-11,0.00241417908224381,0.0
2017-10-12,0.002726032772625742,0.0
2017-10-13,-0.0009303629777802993,0.0
2017-10-16,0.0011186022600825514,0.0
2017-10-17,0.000205447726297831,0.0
2017-10-18,-0.00016460443569687655,0.0
2017-10-19,0.0030019256651970375,0.0
2017-10-20,0.005235504107151948,0.0
2017-10-23,-0.0006092750612481291,0.0
2017-10-24,0.002843099229278969,0.0
2017-10-25,-0.0024493788803638095,0.0
2017-10-26,0.0019757895560125658,0.0
2017-10-27,0.0016957281501033248,0.0
2017-10-30,-0.00405452860594927,0.0
2017-10-31,0.001807898829253044,0.0
2017-11-01,-0.0009859591347031182,0.7219741775780846
2017-11-02,0.0018708101405031526,0.0
2017-11-03,0.001469878207740968,0.0
2017-11-06,0.000659787071694126,0.0
2017-11-07,-0.0002738245419964826,0.0
2017-11-08,-0.00012783116935617867,0.0
2017-11-09,-0.005551901613483512,0.0
2017-11-10,0.0003158960924117022,0.0
2017-11-13,0.003076262168777892,0.0
2017-11-14,0.0031285166021397847,0.0
2017-11-15,-0.004875015562770945,0.0
2017-11-16,0.006499307670129115,0.0
2017-11-17,-0.0015925123014516155,0.0
2017-11-20,0.0035774335870692913,0.0
2017-11-21,0.004552870359062068,0.0
2017-11-22,-0.0028697500721126326,0.0
2017-11-24,0.0013710888838099555,0.0
2017-11-27,0.001293232976453269,0.0
2017-11-28,0.011262955083328547,0.0
2017-11-29,0.0012884132385904317,0.0
2017-11-30,0.009441304092572244,0.0
2017-12-01,-0.004856963584234042,0.7549000922426891
2017-12-04,-0.009067496872545216,0.0
2017-12-05,-0.002569351005031151,0.0
2017-12-06,0.002068217851819785,0.0
2017-12-07,0.004646214415340101,0.0
2017-12-08,0.0046674627055079,0.0
2017-12-11,0.0014661775494311656,0.0
2017-12-12,-0.003614513619980088,0.0
2017-12-13,0.0006883744491972555,0.0
2017-12-14,-0.0038016273241943672,0.0
2017-12-15,0.00967789622283913,0.0
2017-12-18,0.0035246368186950612,0.0
2017-12-19,-0.004354699419697813,0.0
2017-12-20,-0.0019351914808770011,0.0
2017-12-21,-0.002456006413404161,0.0
2017-12-22,-9.023203923513615e-05,0.0
2017-12-26,-0.00037714868518908635,0.0
2017-12-27,0.002169106995224353,0.0
2017-12-28,0.0031358273090649202,0.0072694442890444255
2017-12-29,-0.004075020972414066,0.0
2018-01-02,0.0020721578929980833,0.5896310071807556
2018-01-03,0.00847476152461487,0.0
2018-01-04,0.00517100304254349,0.0
2018-01-05,0.007664410366620467,0.0
2018-01-08,0.004107159829189021,0.0
2018-01-09,0.0042501443973481925,0.0
2018-01-10,-0.0030611388661432497,0.0
2018-01-11,0.0073148274913788815,0.0
2018-01-12,0.007410586547075552,0.0
2018-01-16,-0.006263363599408886,0.0
2018-01-17,0.012076931076724268,0.0
2018-01-18,-0.0014278451728743785,0.0
2018-01-19,0.007087050192560264,0.0
2018-01-22,0.004660808317201874,0.0
2018-01-23,0.0011146331795412337,0.0
2018-01-24,0.0005676794904792791,0.0
2018-01-25,0.003195623105946013,0.0
2018-01-26,0.012087802950605285,0.0
2018-01-29,-0.008376799007897485,0.0
2018-01-30,-0.010005304658076947,0.0
2018-01-31,-0.0005642475898624949,0.0
2018-02-01,-0.002981602481973211,1.3275684809435317
2018-02-02,-0.019611674648987887,0.0
2018-02-05,-0.03677605373891802,0.0
2018-02-06,0.01782824649831359,0.0
2018-02-07,-0.002664151310837862,0.0
2018-02-08,-0.03414226814733981,0.0
2018-02-09,0.010514487524685208,0.0
2018-02-12,0.014274129673059546,0.0
2018-02-13,0.005538325403744874,0.0
2018-02-14,0.017604810949116166,0.0
2018-02-15,0.012392797415027981,0.0
2018-02-16,4.5515480172984043e-05,0.0
2018-02-20,-0.007236069605564167,0.0
2018-02-21,-0.0037705216113549126,0.0
2018-02-22,9.322330289008774e-05,0.0
2018-02-23,0.01398826650636572,0.0
2018-02-26,0.009229439784860667,0.0
2018-02-27,-0.014586455466562932,0.0
2018-02-28,-0.008530399465407821,0.0
2018-03-01,-0.010889153503706672,1.069082276677051
2018-03-02,0.004290198706410767,0.0
2018-03-05,0.011028006645706731,0.0
2018-03-06,0.0043641128376043,0.0
2018-03-07,0.0013567677526257534,0.0
2018-03-08,0.003908780496849489,0.0
2018-03-09,0.017784884470215194,0.0
2018-03-12,-0.002998785766622295,0.0
2018-03-13,-0.005911963182290113,0.0
2018-03-14,-0.008034781301363054,0.0
2018-03-15,-0.001890684082957232,0.0
2018-03-16,0.0036623073366855306,0.0
2018-03-19,-0.010945585255921153,0.005383416804300548
2018-03-20,0.0022443054765242934,0.0
2018-03-21,-0.0011162800497513316,0.0
2018-03-22,-0.02792142757361426,0.0
2018-03-23,-0.018651403218329168,0.0
2018-03-26,0.027245974352563988,0.0
2018-03-27,-0.0166901348797828,0.0
2018-03-28,-0.002723314887474345,0.0
2018-03-29,0.013922499165925844,0.0
2018-04-02,-0.023231019174547063,0.7215139248060677
2018-04-03,0.012272683730922829,0.007158471284541806
2018-04-04,0.01164232722171047,0.0
2018-04-05,0.005915428277654651,0.0
2018-04-06,-0.023838138311807172,0.0
2018-04-09,0.0029437040178978443,0.0
2018-04-10,0.017606025204643532,0.0
2018-04-11,-0.006028284093075361,0.0
2018-04-12,0.010708813069015855,0.0
2018-04-13,-0.005814480509039532,0.0
2018-04-16,0.007770203610124693,0.0
2018-04-17,0.010548136145077476,0.0
2018-04-18,0.002561917572907434,0.0
2018-04-19,-0.0038011475290965404,0.0
2018-04-20,-0.005650810971223159,0.0
2018-04-23,4.549615695645717e-05,0.0
2018-04-24,-0.01354211025222091,0.0
2018-04-25,0.0007289347080112336,0.0
2018-04-26,0.008823784191387334,0.0
2018-04-27,0.001570711059012022,0.0
2018-04-30,-0.006814986767861719,0.0
2018-05-01,0.00023900487425088102,0.8922159092323935
2018-05-02,-0.009540959665209897,0.0
2018-05-03,-0.0021347654856622546,0.0
2018-05-04,0.008633662003938012,0.0
2018-05-07,0.002538859487726406,0.0
2018-05-08,0.0016575732685143057,0.0
2018-05-09,0.008976067036814004,0.0
2018-05-10,0.008438887200261378,0.0
2018-05-11,0.0016835191321421853,0.0
2018-05-14,-0.0028760142047323774,0.0
2018-05-15,-0.0029538933795469676,0.0
2018-05-16,0.005269960045059356,0.0
2018-05-17,0.0002784276020126746,0.0
2018-05-18,-0.0021359378691365827,0.0
2018-05-21,0.006704358183965129,0.0
2018-05-22,-0.003930875774601118,0.0
2018-05-23,0.0008271959292605292,0.0
2018-05-24,0.0012908733598999457,0.0
2018-05-25,-0.002768575473160848,0.0
2018-05-29,-0.01231254225858224,0.0
2018-05-30,0.011216032876767439,0.0
2018-05-31,-0.008800175545394766,0.0
2018-06-01,0.008846661616272566,1.0132433007421375
2018-06-04,0.005817788818951675,0.007152580941471761
2018-06-05,0.0045931594856573965,0.0
2018-06-06,0.01017400625703279,0.0
2018-06-07,-0.0001895620944548531,0.0
2018-06-08,0.00457934334594889,0.0
2018-06-11,0.0015779338146587982,0.0
2018-06-12,0.0022213017739382726,0.0
2018-06-13,-0.004994488816005101,0.0
2018-06-14,0.00029257917029896894,0.0
2018-06-15,-0.0012676560176148033,0.0
2018-06-18,0.0008982716613982429,0.0
2018-06-19,-0.004399514390390271,0.0
2018-06-20,0.0007559684033434047,0.0
2018-06-21,-0.00521799187015024,0.0
2018-06-22,0.00012282044918556222,0.0
2018-06-25,-0.014910875758258143,0.0
2018-06-26,0.0018046504099879651,0.0
2018-06-27,-0.009529413664603551,0.0
2018-06-28,0.004598734068111241,0.0
2018-06-29,-0.000548401332827381,0.0
2018-07-02,-0.00042803334247143443,0.9070914052257113
2018-07-03,-0.004854913597289451,0.0
2018-07-05,0.008682782173786,0.0
2018-07-06,0.008330401823674278,0.0
2018-07-09,0.010703364034608188,0.0
2018-07-10,0.001585450306191203,0.0
2018-07-11,-0.006917761732100772,0.0
2018-07-12,0.007192329658977663,0.0
2018-07-13,0.0006445733005037168,0.0
2018-07-16,-0.0018359079856237314,0.0
2018-07-17,0.006454425889017799,0.0
2018-07-18,0.005283381758736645,0.0
2018-07-19,-0.002289078042392062,0.0
2018-07-20,-0.0017049997102116662,0.0
2018-07-23,0.003740642563341806,0.0
2018-07-24,-0.0029075753415414704,0.0
2018-07-25,0.010348391513405055,0.0
2018-07-26,0.0016282262819782443,0.0
2018-07-27,-0.007764933166061741,0.0
2018-07-30,-0.008355817331171272,0.0
2018-07-31,0.0037069101586574152,0.0
2018-08-01,-0.0037857465514959943,0.7789990949658923
2018-08-02,0.004781441088023477,0.0
2018-08-03,0.0023127281022843602,0.0
2018-08-06,0.002791308891841027,0.0
2018-08-07,0.0038503732127502096,0.0
2018-08-08,0.0005030357723047312,0.0
2018-08-09,0.0009062165775150508,0.0
2018-08-10,-0.007267400551336343,0.0
2018-08-13,-0.002848535464805103,0.0
2018-08-14,0.011211350376487652,0.0
2018-08-15,-0.007554524186279472,0.0
2018-08-16,0.007053394764418892,0.0
2018-08-17,0.005234314646777592,0.0
2018-08-20,0.004929024134145211,0.0
2018-08-21,0.002816984749629194,0.0
2018-08-22,0.0001104668119516085,0.0
2018-08-23,-0.0004838614749120853,0.0
2018-08-24,0.003384250671823585,0.0
2018-08-27,0.004147538032455694,0.0
2018-08-28,0.0011494936724425055,0.0
2018-08-29,0.0053645588905729714,0.0
2018-08-30,-0.006881686754898392,0.0
2018-08-31,0.0021799704564261215,0.0
2018-09-04,-0.0005842534018372092,0.983518556266438
2018-09-05,0.0010223174912517587,0.0
2018-09-06,-6.500321489002429e-05,0.0
2018-09-07,-0.002817525757234566,0.0
2018-09-10,0.00460815480459483,0.0
2018-09-11,0.00037073130139644275,0.0
2018-09-12,0.0017000102739414312,0.0
2018-09-13,0.001992272728907082,0.0
2018-09-14,0.0008375032345353564,0.0
2018-09-17,-0.0034005543219896733,0.0
2018-09-18,0.004690892624188468,0.0
2018-09-19,-0.0008199443495064962,0.007193461987428402
2018-09-20,0.005401844258524139,0.0
2018-09-21,0.0018823168329691689,0.0
2018-09-24,-0.007722220115188024,0.0
2018-09-25,-0.0029139546141619646,0.0
2018-09-26,0.0002922189464175502,0.0
2018-09-27,-0.0015892625617597881,0.0
2018-09-28,0.0027229018821901914,0.0
2018-10-01,-0.0019737154717495153,0.7042446140241635
2018-10-02,-0.004021984144621374,0.0
2018-10-03,0.00044433159166035733,0.0
2018-10-04,-0.006587504846950892,0.0
2018-10-05,-0.005522221750042744,0.0
2018-10-08,0.0010613442772891052,0.0
2018-10-09,-0.005385736465487051,0.0
2018-10-10,-0.030297258726987967,0.0
2018-10-11,-0.022422323451576354,0.007711165595919151
2018-10-12,0.011979999435315424,0.0
2018-10-15,-0.0004418240533685042,0.0
2018-10-16,0.020405234031315146,0.0
2018-10-17,-0.003329513573771631,0.0
2018-10-18,-0.012882866144678404,0.0
2018-10-19,-0.00426490168206676,0.0
2018-10-22,-0.0036381807141975015,0.0
2018-10-23,-0.007593811022287679,0.0
2018-10-24,-0.026513360074429396,0.0
2018-10-25,0.012930528295041446,0.0
2018-10-26,-0.015721347740753004,0.0
2018-10-29,0.004015200178858267,0.0
2018-10-30,0.019067243466486437,0.0
2018-10-31,0.005333189346013475,0.0
2018-11-01,0.012886850877685818,0.8833915508436354
2018-11-02,-0.0034498949459593788,0.0
2018-11-05,0.005589016295982698,0.0
2018-11-06,0.007489209973894638,0.0
2018-11-07,0.0183770356964034,0.0
2018-11-08,0.00017888491761870002,0.0
2018-11-09,-0.006967460625560124,0.0
2018-11-12,-0.015188623528753744,0.0
2018-11-13,-6.206028988179305e-05,0.0
2018-11-14,-0.009330651412662351,0.0
2018-11-15,0.009909240513320268,0.0
2018-11-16,0.0005885312106348997,0.0
2018-11-19,-0.01676056833178071,0.0
2018-11-20,-0.014545266227821603,0.0
2018-11-21,0.004931431020054687,0.0
2018-11-23,-0.001229634762003838,0.0
2018-11-26,0.012493060782768546,0.0
2018-11-27,0.0019128617110357048,0.0
2018-11-28,0.02052524876317041,0.0
2018-11-29,-0.0031500892165121338,0.0
2018-11-30,0.006807265031220311,0.006666395321768226
2018-12-03,0.009151037201171164,1.019257699546675
2018-12-04,-0.026619620969671826,0.0
2018-12-06,-0.0022641424474809137,0.0
2018-12-07,-0.01978361803099151,0.0
2018-12-10,-0.00025763395482527934,0.0
2018-12-11,-0.0007969799727620293,0.0
2018-12-12,0.004004496407122718,0.0
2018-12-13,-0.0032502150451469494,0.0
2018-12-14,-0.012067512701744079,0.0
2018-12-17,-0.02221021014136607,0.0
2018-12-18,-4.497808393802109e-05,0.0
2018-12-19,-0.013075954571920078,0.0
2018-12-20,-0.01942595752145646,0.0
2018-12-21,-0.01917335216684756,0.0
2018-12-24,-0.025571518288204406,0.0
2018-12-26,0.039283626209315026,0.00814899714711234
2018-12-27,0.007908442172175234,0.0
2018-12-28,-0.001659002334907898,0.0
2018-12-31,0.008798665342022859,0.0
2019-01-02,-0.004419226726313341,0.8939075544610553
2019-01-03,-0.00875514776019954,0.0
2019-01-04,0.022350460129441474,0.0
2019-01-07,0.005899533741074544,0.0
2019-01-08,0.011474082918283638,0.0
2019-01-09,0.0017299519380449117,0.0
2019-01-10,0.009544442777328034,0.0
2019-01-11,0.0008109969542468461,0.0
2019-01-14,-0.005580562001663138,0.0
2019-01-15,0.008650145751038509,0.0
2019-01-16,-0.00029524237599701193,0.0
2019-01-17,0.00824202910133862,0.0
2019-01-18,0.011608924796126416,0.0
2019-01-22,-0.009702996537169111,0.0
2019-01-23,0.002663658014361408,0.0
2019-01-24,0.002214485077182554,0.0
2019-01-25,0.005549705524431908,0.0
2019-01-28,-0.0008420711113296894,0.0
2019-01-29,0.0038768222569525138,0.0
2019-01-30,0.00880491135649063,0.0
2019-01-31,0.010900022183428632,0.0
2019-02-01,-0.0005755041157701202,0.7366197953612019
2019-02-04,0.005292594866243937,0.0
2019-02-05,0.003508974066527979,0.0
2019-02-06,-0.002173549260168484,0.0
2019-02-07,2.0611401518361226e-05,0.0
2019-02-08,0.0030846975270113477,0.0
2019-02-11,0.0021359871022510147,0.0
2019-02-12,0.00806245313789686,0.0
2019-02-13,0.0016953632169407918,0.0
2019-02-14,-0.0016038819019818283,0.0
2019-02-15,0.007815504676677958,0.0
2019-02-19,0.0008629910354447279,0.0
2019-02-20,0.0019975697508602787,0.0
2019-02-21,0.0020382595936059913,0.0
2019-02-22,0.006660995293665957,0.0
2019-02-25,-0.0026810362548170524,0.0
2019-02-26,-0.000679768809297418,0.0
2019-02-27,0.0010594252148893725,0.0
2019-02-28,0.0020269056532142213,0.0
2019-03-01,0.004170219026240485,0.9949806062775597
2019-03-04,-0.004535450332532848,0.0
2019-03-05,-0.001095031994254854,0.0
2019-03-06,-0.007695308498138462,0.0
2019-03-07,-0.005256806038595692,0.0
2019-03-08,-0.00242902415503775,0.0
2019-03-11,0.0112365453679974,0.0
2019-03-12,0.0035079178446047916,0.0
2019-03-13,0.005864533521455515,0.0
2019-03-14,-0.0005191566909068471,0.0
2019-03-15,0.002946230839288175,0.0
2019-03-18,0.0025252660909905198,0.0
2019-03-19,-0.0019226985974864338,0.0
2019-03-20,-0.006833998059826792,0.0
2019-03-21,0.014077330601746613,0.0
2019-03-22,-0.016978438553471524,0.0
2019-03-25,0.000997248424750862,0.0
2019-03-26,0.007349038309575389,0.0
2019-03-27,-0.003157325988918316,0.0
2019-03-28,0.005781202751975024,0.0
2019-03-29,0.005984571660564526,0.0
2019-04-01,0.008843028526518415,0.8154849840731128
2019-04-02,-0.00016269087607665843,0.0
2019-04-03,0.0015375452851986715,0.007071847970132075
2019-04-04,0.00029839004836217,0.0
2019-04-05,0.005450186971296604,0.0
2019-04-08,-0.00028673670366963775,0.0
2019-04-09,-0.005100352627447757,0.0
2019-04-10,0.00501246815762486,0.0
2019-04-11,0.0022013375891338336,0.0
2019-04-12,0.005738051757961529,0.0
2019-04-15,-0.0018823286617117292,0.0
2019-04-16,-0.0024855812073150624,0.0
2019-04-17,-0.008870918210611783,0.0
2019-04-18,0.002453980497741612,0.0
2019-04-22,-0.002891101756450728,0.0
2019-04-23,0.007765480317039889,0.0
2019-04-24,0.0012825852463176795,0.0
2019-04-25,-0.003412755753588637,0.0
2019-04-26,0.004828961461391084,0.0
2019-04-29,-0.002356820523982131,0.0
2019-04-30,0.005807086520009632,0.0
2019-05-01,-0.0087238182861189,1.0330845668909632
2019-05-02,0.0020910431048045703,0.0
2019-05-03,0.010058742145591621,0.0
2019-05-06,-0.006431240597590035,0.0
2019-05-07,-0.01391697550586999,0.0
2019-05-08,-0.0023671653776888095,0.0
2019-05-09,-0.0012934894507827797,0.0
2019-05-10,0.0034795280737481525,0.0
2019-05-13,-0.02459352519387767,0.0
2019-05-14,0.009032717974009513,0.0
2019-05-15,0.005212120482573178,0.0
2019-05-16,0.004681880439070419,0.0
2019-05-17,-0.007451534821395989,0.0
2019-05-20,-0.007279007613838973,0.0
2019-05-21,0.008933593200522491,0.0
2019-05-22,-0.004840692466796214,0.0
2019-05-23,-0.01223481697084776,0.0
2019-05-24,0.0009132548169236308,0.0
2019-05-28,-0.009134494305262936,0.0
2019-05-29,-0.0073830726628203855,0.0
2019-05-30,0.0035054791865229734,0.0
2019-05-31,-0.012042256211972342,0.0
2019-06-03,0.0042819602677899304,0.9408624888992242
2019-06-04,0.023895810323442124,0.006976107570223369
2019-06-05,0.005308355858460533,0.0
2019-06-06,0.003961230767953806,0.0
2019-06-07,0.007013872262122719,0.0
2019-06-10,0.0037960719781154287,0.0
2019-06-11,-6.448430577440042e-05,0.0
2019-06-12,-0.002898311304061967,0.0
2019-06-13,0.006647930679791539,0.0
2019-06-14,-0.00294789631999173,0.0
2019-06-17,-0.0024793591139791035,0.0
2019-06-18,0.009909965280854364,0.0
2019-06-19,0.002500788667323387,0.0
2019-06-20,0.008024407038162923,0.0
2019-06-21,-0.0026061864188642882,0.0
2019-06-24,-0.004492237617230625,0.0
2019-06-25,-0.006860910643311682,0.0
2019-06-26,-0.00026167719206235315,0.0
2019-06-27,0.006145833917441885,0.0
2019-06-28,0.00951709674073704,0.0
2019-07-01,0.006111828682470843,0.9152044171656244
2019-07-02,0.004438705308809163,0.0
2019-07-03,0.010155442555941344,0.0
2019-07-05,-0.0011872595552819333,0.0
2019-07-08,-0.003292786506851055,0.0
2019-07-09,0.00013904941425485452,0.0
2019-07-10,0.002121418288381748,0.0
2019-07-11,0.0010080559845884888,0.0
2019-07-12,0.005688932424863016,0.0
2019-07-15,0.0003146936290567877,0.0
2019-07-16,-0.003106821879450296,0.0
2019-07-17,-0.005275555914825643,0.0
2019-07-18,0.002746556650656397,0.0
2019-07-19,-0.008432227726059291,0.0
2019-07-22,-3.107070322064993e-05,0.0
2019-07-23,0.007417341286132854,0.0
2019-07-24,0.0037855061514543605,0.0
2019-07-25,-0.003737394560519335,0.0
2019-07-26,0.007147489894982343,0.0
2019-07-29,-0.0005703712374629823,0.0
2019-07-30,-0.004986119529732581,0.0
2019-07-31,-0.009707204624292368,0.0
2019-08-01,-0.00754600431132324,1.0680648126465762
2019-08-02,-0.01224554922076339,0.0
2019-08-05,-0.030621527141649573,0.0
2019-08-06,0.010659927484477274,0.0
2019-08-07,0.0007686421031305062,0.0
2019-08-08,0.021631308650144166,0.0
2019-08-09,-0.010206263737209786,0.007514357073113333
2019-08-12,-0.015041439483050811,0.00717275308884415
2019-08-13,0.01550545513037729,0.0
2019-08-14,-0.03199372205042549,0.0
2019-08-15,-0.00021223305765891997,0.0
2019-08-16,0.016012928853240824,0.0
2019-08-19,0.01215218253396336,0.0
2019-08-20,-0.008029858380772609,0.0
2019-08-21,0.010625693358815311,0.0
2019-08-22,0.000267388098338134,0.0
2019-08-23,-0.029011882064750555,0.0
2019-08-26,0.00828661513993811,0.0
2019-08-27,-0.005528057381636445,0.0
2019-08-28,0.008566060002791523,0.0
2019-08-29,0.01578441347108988,0.0
2019-08-30,0.002225724449723977,0.0
2019-09-03,-0.013359199461064453,0.9563175434833874
2019-09-04,0.011029099297755557,0.0
2019-09-05,0.016150247752070496,0.0
2019-09-06,0.0027447108948149197,0.0
2019-09-09,0.003913093060677557,0.0
2019-09-10,0.005084869513198619,0.0
2019-09-11,0.006426869564683675,0.0
2019-09-12,0.0004308284373891228,0.0
2019-09-13,5.5062879692691666e-05,0.0
2019-09-16,-0.0026763425261383993,0.0
2019-09-17,0.0016046274481425569,0.0
2019-09-18,-0.0009191078838396067,0.0
2019-09-19,-0.0012346561482585673,0.0
2019-09-20,-0.0035098973168533696,0.0
2019-09-23,-7.711700506250754e-05,0.0
2019-09-24,-0.008837982210783456,0.0
2019-09-25,0.005193463062545865,0.0
2019-09-26,-0.0016159575029729952,0.0
2019-09-27,-0.004495933403580343,0.0072056807491044286
2019-09-30,0.005820305609468443,0.0
2019-10-01,-0.014498360298061286,0.5407548461845768
2019-10-02,-0.01893144225982398,0.0
2019-10-03,0.00851325697941662,0.0
2019-10-04,0.013591341211063025,0.0
2019-10-07,-0.005469416499969017,0.0
2019-10-08,-0.019310097400101138,0.0
2019-10-09,0.010965606368099564,0.0
2019-10-10,0.00726154790371493,0.0
2019-10-11,0.01426909449486565,0.0
2019-10-14,-0.0016607389877860402,0.0
2019-10-15,0.009229021890107877,0.0
2019-10-16,-0.0016139227320138123,0.0
2019-10-17,0.0030906373906184293,0.0
2019-10-18,-0.003444531368485805,0.0
2019-10-21,0.005666915436818298,0.006842952961247994
2019-10-22,-0.005817040031342221,0.0
2019-10-23,0.0017701487442292698,0.0
2019-10-24,0.0006619645001441657,0.0
2019-10-25,0.00305481090451538,0.0
2019-10-28,0.004741652933708943,0.0
2019-10-29,0.002668769097148079,0.0
2019-10-30,0.0013427833987072566,0.0
2019-10-31,-0.002094081814228656,0.0
2019-11-01,0.012025639682475608,1.0252878285048372
2019-11-04,0.004558623738271363,0.0
2019-11-05,-9.248148299224017e-05,0.0
2019-11-06,-0.0005120175041938883,0.0
2019-11-07,-0.001417702637754294,0.0
2019-11-08,9.788274156507609e-05,0.0
2019-11-11,-0.0028889633465830344,0.0
2019-11-12,-0.00014883354794412995,0.0
2019-11-13,-0.0010432986763156968,0.0
2019-11-14,0.002107964676386705,0.0
2019-11-15,0.005395673531906769,0.0
2019-11-18,-7.34101143024401e-05,0.0
2019-11-19,-0.001433827315102587,0.0
2019-11-20,-0.0019048708991133796,0.0
2019-11-21,-0.002991057413217991,0.0
2019-11-22,0.00324323803337861,0.0
2019-11-25,0.0069381101277608695,0.0
2019-11-26,0.000742893786080114,0.0
2019-11-27,0.003728189623382672,0.0
2019-11-29,-0.004770860687465883,0.0
2019-12-02,-0.008853625760676276,1.0493765328473967
2019-12-03,-0.009161319509765698,0.0
2019-12-04,0.006357447240339691,0.0
2019-12-05,0.003520655869044076,0.0
2019-12-06,0.009208714539944374,0.0
2019-12-09,-0.0027628647215397093,0.0
2019-12-10,-0.0006274842216884085,0.0
2019-12-11,0.0013872137224930636,0.00720919765206477
2019-12-12,0.013946627188471087,0.0
2019-12-13,-0.004924792475234252,0.0
2019-12-16,0.00411370678050614,0.0
2019-12-17,-0.00020123041733952266,0.0
2019-12-18,-0.0010140755818841111,0.0
2019-12-19,0.0019084006754584025,0.0
2019-12-20,0.005052469545334782,0.0
2019-12-23,-0.00040230596956673754,0.0
2020-01-29,-0.0050883009230608955,0.7144243282083989
2020-01-30,0.0022850917426806353,0.0
2020-01-31,-0.020874196976072717,0.0
2020-02-03,0.006422400498668379,0.4246845369025028
2020-02-04,0.013348541838444219,0.0
2020-02-05,0.017104463167487375,0.0
2020-02-06,-0.003406700489891583,0.0
2020-02-07,-0.008113866789669376,0.0
2020-02-10,0.0037680992061554144,0.0
2020-02-11,0.006649790563347711,0.0
2020-02-12,0.005645677745590961,0.0
2020-02-13,-0.002079007705770495,0.0
2020-02-14,-0.0006222728992285629,0.0
2020-02-18,-0.0033579570694896583,0.0
2020-02-19,0.002583606836004084,0.0
2020-02-20,0.000990143151169093,0.0
2020-02-21,-0.0067567193205690275,0.0
2020-02-24,-0.029737267743430537,0.0
2020-02-25,-0.03256456514087686,0.0
2020-02-26,-0.008804334194452926,0.0
2020-02-27,-0.03696983227844479,0.0
2020-02-28,-0.013160463590836228,0.0
2020-03-02,0.038120561510130324,0.7967280931893477
2020-03-03,-0.029641028897172735,0.0
2020-03-04,0.03669064084056946,0.0
2020-03-05,-0.038081966169580136,0.0
2020-03-06,-0.017249016382160563,0.0
2020-03-09,-0.08106028660470088,0.0
2020-03-10,0.04585655680534578,0.0
2020-03-11,-0.05257836161070256,0.0
2020-03-12,-0.1035477548946171,0.0
2020-03-13,0.08210835713050817,0.0
2020-03-16,-0.11739727056768642,0.0
2020-03-17,0.06462790323954895,0.0
2020-03-18,-0.06480554435874131,0.0
2020-03-19,0.004792553332137286,0.0
2020-03-20,-0.04697337665868813,0.0
2020-03-23,-0.034195122756516254,0.0
2020-03-24,0.09929034136722976,0.0
2020-03-25,0.0234916083620813,0.0
2020-03-26,0.058464267438079885,0.0
2020-03-27,-0.03684388369875687,0.0
2020-03-30,0.02675698400028451,0.0
2020-03-31,-0.01547349842596406,0.0
2020-04-01,-0.04822193729987667,1.2403673485227706
2020-04-02,0.019661936483585617,0.0
2020-04-03,-0.01439405159426159,0.0
2020-04-06,0.08540340407155878,0.0
2020-04-07,0.024342530189550793,0.0077054727267476435
2020-04-08,0.060039935904315896,0.0
2020-04-09,0.03505270577730292,0.0
2020-04-13,-0.028548292489993212,0.0
2020-04-14,0.014623525639585223,0.0
2020-04-15,-0.04362175654512479,0.0
2020-04-16,-0.022933396168185093,0.0
2020-04-17,0.056086769170804573,0.0
2020-04-20,-0.026087506151946382,0.0
2020-04-21,-0.027196013813620884,0.0
2020-04-22,0.020955652246426808,0.0
2020-04-23,0.01146433845183588,0.0
2020-04-24,0.011955617209215678,0.0
2020-04-27,0.02888232649647071,0.0
2020-04-28,0.024563533985119228,0.0
2020-04-29,0.05479931065176862,0.0
2020-04-30,-0.028027176251379102,0.0
2020-05-01,-0.05224520489852069,1.1842257586102622
2020-05-04,0.0026285913783838295,0.0
2020-05-05,0.010736819085441916,0.0
2020-05-06,-0.014949771102455437,0.0
2020-05-07,0.011947382385812342,0.0
2020-05-08,0.016968976508892026,0.0
2020-05-11,-0.0027896191073455406,0.0
2020-05-12,-0.021736645282487428,0.0
2020-05-13,-0.017586938242105193,0.0
2020-05-14,0.00811659797824123,0.0
2020-05-15,0.0022625832923580226,0.0
2020-05-18,0.03345957092595969,0.0
2020-05-19,-0.013433034195187356,0.0
2020-05-20,0.01277271585167658,0.0
2020-05-21,-0.006809882088066492,0.0
2020-05-22,0.005705558405229719,0.0
2020-05-26,0.01616829145132015,0.0
2020-05-27,0.01779178260996944,0.0
2020-05-28,0.006559852856395865,0.0
2020-05-29,0.003946696656392952,0.0
2020-06-01,0.005690497342180079,0.7711689393314559
2020-06-02,0.011299815610661984,0.0
2020-06-03,0.027524920171449783,0.0
2020-06-04,0.0010255759972292266,0.0
2020-06-05,0.039534204341282644,0.0
2020-06-08,0.026603768661312015,0.0
2020-06-09,-0.02588608898278934,0.0
2020-06-10,-0.02239884944206462,0.0
2020-06-11,-0.06848927168737719,0.0
2020-06-12,0.019255145865457582,0.0
2020-06-15,0.009177257438697604,0.0
2020-06-16,0.021451526037932468,0.0
2020-06-17,-0.012270277790000821,0.0
2020-06-18,0.00042580194677098633,0.0
2020-06-19,-0.01234472948451874,0.0
2020-06-22,0.0035153946051990504,0.0
2020-06-23,0.001540275324935335,0.0
2020-06-24,-0.034894245662117025,0.0
2020-06-25,0.01268939656858835,0.0
2020-06-26,-0.02141416587704061,0.0
2020-06-29,0.019817934592902518,0.0
2020-06-30,0.014252951127495191,0.0
2020-07-01,-0.00285824050464889,0.7379707986405273
2020-07-02,0.005164025318346029,0.0
2020-07-06,0.00584625136664247,0.0
2020-07-07,-0.0142466747045863,0.0
2020-07-08,0.0049959078045238685,0.0
2020-07-09,-0.016066740506072145,0.0
2020-07-10,0.014457812937489154,0.0
2020-07-13,-0.0030892413861583123,0.0
2020-07-14,0.015437978875636506,0.0
2020-07-15,0.020458324778065744,0.0
2020-07-16,-0.0006479227526941247,0.0
2020-07-17,0.008459266148915724,0.0
2020-07-20,-0.006720508303222089,0.0
2020-07-21,0.010022001286598194,0.0
2020-07-22,0.009968756551111159,0.0
2020-07-23,-0.0026850166457249125,0.0
2020-07-24,-0.004544214012830299,0.0
2020-07-27,0.0004383556287326881,0.0
2020-07-28,-0.003695455330595505,0.0
2020-07-29,0.01663026603048562,0.0
2020-07-30,-0.00797725239942573,0.0
2020-07-31,-0.0021185045275506765,0.0
2020-08-03,-0.002847289610284909,1.426637965395235
2020-08-04,0.007645800963828241,0.0
2020-08-05,0.009418724229112743,0.0
2020-08-06,-0.0006955993717832806,0.0
2020-08-07,0.01021364683669574,0.0
2020-08-10,0.016512814892600404,0.0
2020-08-11,0.002056479774793586,0.0
2020-08-12,0.005318020348429559,0.0
2020-08-13,-0.006447152353522076,0.0
2020-08-14,0.002847302093015391,0.0
2020-08-17,-0.0029822527502091495,0.0
2020-08-18,-0.004249473363510055,0.0
2020-08-19,-0.0051277012009183906,0.0
2020-08-20,-0.006342457786554942,0.0
2020-08-21,-0.002799187801258883,0.0
2020-08-24,0.019847082396755082,0.0
2020-08-25,-0.002072875910194837,0.0
2020-08-26,-0.0033886315931601447,0.0
2020-08-27,0.0055527649488333625,0.0
2020-08-28,0.010887639098485283,0.0
2020-08-31,-0.010901843120781232,0.0
2020-09-01,0.0050709838456881595,1.0560210552700695
2020-09-02,0.01860263938543175,0.0
2020-09-03,-0.022705900753209652,0.0
2020-09-04,-0.002634099995771436,0.0
2020-09-08,-0.02137838630703661,0.0
2020-09-09,0.014119070327172883,0.0
2020-09-10,-0.012971607821324898,0.0
2020-09-11,0.006151709386744102,0.0
2020-09-14,0.014640806279513445,0.0
2020-09-15,0.0002732619608852528,0.0
2020-09-16,0.007556525729215767,0.0
2020-09-17,-0.0022124839840315536,0.0
2020-09-18,-0.010524832443090045,0.0
2020-09-21,-0.024304874964380385,0.006340870367278143
2020-09-22,0.004290151398639308,0.006833230962118633
2020-09-23,-0.02068091841642657,0.0
2020-09-24,0.0018510645143334633,0.0
2020-09-25,0.010669371933682052,0.0
2020-09-28,0.019192865778078716,0.0
2020-09-29,-0.00671854232709591,0.0
2020-09-30,0.006558619320666675,0.0
2020-10-01,-0.0007231627471633306,0.9531015357154662
2020-10-02,0.0019377307379602913,0.0
2020-10-05,0.015579752779152205,0.0
2020-10-06,-0.013588616166815795,0.0
2020-10-07,0.016694866956180186,0.0
2020-10-08,0.014032231567590259,0.003484485696403731
2020-10-09,0.004305517908664619,0.0
2020-10-12,0.0067129585138299116,0.0
2020-10-13,-0.008588415699751405,0.0
2020-10-14,-0.0015675358369620256,0.0
2020-10-15,0.001562333532386889,0.0
2020-10-16,-0.0019464024143668517,0.0
2020-10-19,-0.012977966982394985,0.0
2020-10-20,0.005393699389908091,0.0
2020-10-21,-0.0035866935897500398,0.0
2020-10-22,0.009470722630986642,0.0
2020-10-23,0.0026974354380005353,0.0
2020-10-26,-0.02225265731949732,0.0
2020-10-27,-0.011030040719396894,0.0
2020-10-28,-0.03388433445829294,0.0
2020-10-29,0.007408051199014217,0.0
2020-10-30,-0.0037063724746959083,0.0
2020-11-02,0.018189568829309444,0.7617690827481574
2020-11-03,0.017997821749431615,0.0
2020-11-04,0.0072716160015028316,0.0
2020-11-05,0.015032836922666598,0.0
2020-11-06,0.0025394082867113126,0.0
2020-11-09,0.016653217994693752,0.0
2020-11-10,0.004847339977192387,0.0
2020-11-11,0.0052932853283640885,0.0
2020-11-12,-0.012348203192973774,0.0
2020-11-13,0.01783962788976417,0.0
2020-11-16,0.01314332638415978,0.0
2020-11-17,-0.004400074019212974,0.0
2020-11-18,-0.009453739448259016,0.0
2020-11-19,0.0035712083808241957,0.0
2020-11-20,-0.006842567675877025,0.0
2020-11-23,0.007539533149806782,0.0
2020-11-24,0.01587841875319842,0.0
2020-11-25,-0.0030241385157445118,0.0
2020-11-27,0.0022838413611494988,0.0
2020-11-30,-0.0011173661301230433,0.0
2020-12-01,0.005317383524827024,1.076649652562641
2020-12-02,-0.0014656217903765735,0.0
2020-12-03,0.002285720819113365,0.0
2020-12-04,0.010428223609004812,0.0
2020-12-07,-0.0037243455212110465,0.0
2020-12-08,0.0011910932981013768,0.0
2020-12-09,-0.0004843617428104055,0.0
2020-12-10,-0.003305015838488485,0.0
2020-12-11,-0.002103919512690174,0.0
2020-12-14,-0.00883534084588353,0.0
2020-12-15,0.01520877734122296,0.0
2020-12-16,-0.0014413838068070117,0.0
2020-12-17,0.00834221321587814,0.0
2020-12-18,-0.0013154702469321967,0.0
2020-12-21,-0.006096194916173348,0.0
2021-01-08,0.003314194429998585,0.7567100925969146
2021-01-11,-0.004396190024549794,0.0
2021-01-12,0.007524602673503295,0.0
2021-01-13,-0.0009631038231732445,0.0
2021-01-14,0.0010914346672809298,0.0
2021-01-15,-0.0065485149524493,0.0
2021-01-19,0.0008754836985779824,0.0
2021-01-20,0.00616101689809689,0.0
2021-01-21,-0.007462194908352817,0.0
2021-01-22,-0.004291107749134623,0.0
2021-01-25,-0.0015539550662505759,0.0
2021-01-26,-0.004146996556916916,0.0
2021-01-27,-0.0243600179964767,0.0
2021-01-28,0.013033583727001492,0.0
2021-01-29,-0.019241049935578937,0.0
2021-02-01,0.010348137894402143,0.6367034924314081
2021-02-02,0.018919676406007602,0.0
2021-02-03,0.010429297168935318,0.0
2021-02-04,0.019277929858304524,0.0
2021-02-05,0.004315901923732029,0.0
2021-02-08,0.013528950792031511,0.0
2021-02-09,-0.0017395301100728328,0.0
2021-02-10,0.005276148285146756,0.0
2021-02-11,-0.0007348324134883585,0.0
2021-02-12,0.005650008466279241,0.0
2021-02-16,0.009448422188605088,0.007208412742926056
2021-02-17,-0.0009205613359745701,0.0
2021-02-18,-0.005875814582668991,0.0
2021-02-19,0.013692842094435274,0.0
2021-02-22,0.018121993533170355,0.0
2021-02-23,0.009485151961903786,0.0
2021-02-24,0.022777983212377798,0.0
2021-02-25,-0.024815841311100262,0.0
2021-02-26,-0.009933659111389858,0.0
2021-03-01,0.020557850807298328,0.7092453993871957
2021-03-02,-0.003320583660312894,0.0
2021-03-03,5.537633426760361e-05,0.0
2021-03-04,-0.01228771262667714,0.0
2021-03-05,0.025043758651330246,0.0
2021-03-08,0.014618917923169052,0.0
2021-03-09,-0.007029395932905122,0.0
2021-03-10,0.013797928543020612,0.0
2021-03-11,0.0015278289777997404,0.0
2021-03-12,0.008972324450779886,0.0
2021-03-15,0.006441418562247693,0.0
2021-03-16,-0.010832187023377165,0.0
2021-03-17,0.0046229323205577875,0.0
2021-03-18,-0.006600483981030286,0.0
2021-03-19,-0.005771142482588632,0.0
2021-03-22,-0.00271759867192861,0.0
2021-03-23,-0.016603224593144117,0.007044260056846493
2021-03-24,0.0017414618498457941,0.0
2021-03-25,0.01798486946947314,0.0
2021-03-26,0.01880616057749481,0.0
2021-03-29,-0.006617756083087923,0.0
2021-03-30,0.0032592684013385805,0.0
2021-03-31,-0.005730065525062414,0.0
2021-04-01,0.006805021319558735,1.009503462455954
2021-04-05,0.010608841239117775,0.0
2021-04-06,0.0012611832762204798,0.0
2021-04-07,-0.0016775147022370243,0.0
2021-04-08,0.002077016079312787,0.0
2021-04-09,0.006160602821601078,0.0
2021-04-12,0.0015220240540788667,0.0
2021-04-13,-0.00266715889534371,0.0
2021-04-14,-0.0005531478749081322,0.0
2021-04-15,0.007388759735162035,0.0
2021-04-16,0.004843531880568542,0.0
2021-04-19,-0.00351967327460483,0.0
2021-04-20,-0.006470446432891574,0.0
2021-04-21,0.01207274536741898,0.007041327370012452
2021-04-22,-0.006378624035322538,0.0
2021-04-23,0.009954338026617016,0.0
2021-04-26,0.0008329814230531686,0.0
2021-04-27,0.0023095067022913408,0.0
2021-04-28,-0.0002635791070577459,0.0
2021-04-29,0.009657193031298033,0.0
2021-04-30,-0.006407490817558894,0.0
2021-05-03,0.002113559991991254,1.182262494795952
2021-05-04,0.002171175453598686,0.0
2021-05-05,0.0002465763899080056,0.0
2021-05-06,0.008712802349035787,0.0
2021-05-07,0.0069033530879526244,0.0
2021-05-10,0.0025023218432374274,0.0
2021-05-11,-0.012221274654827842,0.0
2021-05-12,-0.019284894797335528,0.0
2021-05-13,0.014569547473941413,0.0
2021-05-14,0.007888704518536332,0.0
2021-05-17,-0.0017301352656331087,0.0
2021-05-18,-0.007378938765146496,0.0
2021-05-19,-0.0036664482036032346,0.0
2021-05-20,0.00802337648604582,0.0
2021-05-21,0.0018373696733505194,0.0
2021-05-24,0.0035236236982262707,0.0
2021-05-25,-0.006291767455089732,0.0
2021-05-26,0.0009743052946402614,0.0
2021-05-27,0.0014113826721110418,0.0
2021-05-28,0.0018510325716281446,0.0
2021-06-01,-0.0011138652795118498,0.8222526711687609
2021-06-02,0.004492790974458387,0.0
2021-06-03,0.0007398200226474982,0.0
2021-06-04,0.0058528295525094465,0.0
2021-06-07,-0.0020745246482236903,0.0
2021-06-08,-0.0005897731588827356,0.0
2021-06-09,9.146499050717441e-06,0.0
2021-06-10,0.006439309528576548,0.0
2021-06-11,0.0025563701834622646,0.0
2021-06-14,0.0005039955231946398,0.0
2021-06-15,-0.0003655064828204451,0.0
2021-06-16,-0.007787347520424087,0.0
2021-06-17,-0.0012006952370941827,0.0
2021-06-18,-0.01770751457012224,0.0
2021-06-21,0.016327969674439013,0.0
2021-06-22,0.00013984291710418865,0.0
2021-06-23,-0.00483043137745646,0.0
2021-06-24,0.004184260700949212,0.0
2021-06-25,0.00739419614335168,0.0
2021-06-28,-0.0020795573613076757,0.0
2021-06-29,-0.003066581519443905,0.0
2021-06-30,-0.0004332274579417984,0.0
2021-07-01,0.00595339966620223,0.8248184971403272
2021-07-02,0.0023143866646193646,0.0
2021-07-06,-0.007089592450879225,0.0
2021-07-07,0.003424539936940763,0.0
2021-07-08,-0.009173600410399774,0.0
2021-07-09,0.012924422700643215,0.0
2021-07-12,0.0011665282815064531,0.0
2021-07-13,-0.007835396949415959,0.0
2021-07-14,0.0007482509660062481,0.0
2021-07-15,-0.0001665445654205814,0.0
2021-07-16,-0.0028824557269660415,0.0
2021-07-19,-0.01866633248530685,0.0
2021-07-20,0.01526906795119402,0.0
2021-07-21,0.006120171933782046,0.0
2021-07-22,-0.0036084840618267567,0.0
2021-07-23,0.007333431008488198,0.0
2021-07-26,0.00419599785700088,0.0
2021-07-27,0.0019384245548800792,0.0
2021-07-28,-0.003818917664904986,0.0
2021-07-29,0.005677199374564959,0.0
2021-07-30,-0.002937631825428341,0.0
2021-08-02,-0.0022015650021318667,0.864334335762123
2021-08-03,0.00558913200983593,0.0
2021-08-04,-0.008638191101507986,0.00689890468144475
2021-08-05,0.002548127600360167,0.0
2021-08-06,0.0026494392753869888,0.0
2021-08-09,-0.0018426754527222757,0.0
2021-08-10,0.0007346197550867616,0.0
2021-08-11,0.00540092067029543,0.0
2021-08-12,-0.000992491716309239,0.0
2021-08-13,0.0034186024837461054,0.0
2021-08-16,0.004501447655697835,0.0
2021-08-17,-0.0018020020854242636,0.0
2021-08-18,-0.010682326704173866,0.0
2021-08-19,0.0031096626822284153,0.0
2021-08-20,0.005628065006463981,0.0
2021-08-23,0.0023738593870344764,0.0
2021-08-24,-0.0021746200433319304,0.0
2021-08-25,0.0019512048607547134,0.0
2021-08-26,-0.005640284816652965,0.0
2021-08-27,0.006490607603976596,0.0
2021-08-30,0.0017203895960881336,0.0
2021-08-31,0.0012118741129636327,0.0
2021-09-01,0.000858426725728556,0.8158143079819415
2021-09-02,0.004228260125948312,0.0
2021-09-03,-0.0027476708374121967,0.0
2021-09-07,-0.00925366343275204,0.0
2021-09-08,0.005956301878477634,0.0
2021-09-09,-0.005985197788626033,0.0
2021-09-10,-0.007351626601902187,0.0
2021-09-13,0.0017152250719575032,0.0
2021-09-14,-0.004591591838669547,0.0
2021-09-15,0.004409771167338799,0.0
2021-09-16,-0.0008656684415721702,0.0
2021-09-17,-0.007580853859209509,0.0
2021-09-20,-0.010913022475162603,0.0
2021-09-21,-0.0033634830807041443,0.0
2021-09-22,0.006925339308736966,0.0
2021-09-23,0.006680681771288017,0.0
2021-09-24,0.00012723447729730085,0.0
2021-09-27,-0.003208008530659766,0.0
2021-09-28,-0.01353133944193226,0.0
2021-09-29,0.006931650989726375,0.0
2021-09-30,-0.015798153404684448,0.0
2021-10-01,0.007049215103857476,0.7360287182125368
2021-10-04,-0.0066724264251074895,0.0
2021-10-05,0.0055949488171160005,0.0
2021-10-06,0.006211019175379562,0.0
2021-10-07,0.00676539226426915,0.0
2021-10-08,-0.0043811415662810705,0.0
2021-10-11,-0.0059203449660811085,0.0
2021-10-12,0.000803068823469572,0.0
2021-10-13,0.004706554434141092,0.0
2021-10-14,0.015781055139087067,0.0
2021-10-15,0.002219827334139292,0.0
2021-10-18,-0.0025157098453985807,0.0
2021-10-19,0.007495866448468358,0.0
2021-10-20,0.0073375399540006525,0.0
2021-10-21,0.004181261123978312,0.0
2021-10-22,0.002779289838221656,0.0
2021-10-25,-0.00041132112359053513,0.0
2021-10-26,-0.00012783905648019935,0.0
2021-10-27,-0.00884167034040099,0.0
2021-10-28,0.0061155908773831424,0.0
2021-10-29,0.00048698367782305395,0.0
2021-11-01,0.0020759630098050597,0.7628707457454611
2021-11-02,0.0030819689922060895,0.0
2021-11-03,0.0040601613874414865,0.0
2021-11-04,-0.0013162781364917972,0.0
2021-11-05,0.007351857783727355,0.0
2021-11-08,1.8151758309641205e-05,0.0
2021-11-09,0.0003901176428128835,0.0
2021-11-10,-0.0024561651102619516,0.0
2021-11-11,-0.0019526485213665094,0.0
2021-11-12,0.0043112374822565115,0.0
2021-11-15,0.0023650876242942193,0.0
2021-11-16,0.0011437368020929344,0.0
2021-11-17,-0.0036878520099733704,0.0
2021-11-18,-0.005155111501281032,0.0
2021-11-19,-0.0019205346592376387,0.0
2021-11-22,-0.0017289686934376838,0.0
2021-11-23,0.00044184739338124423,0.0
2021-11-24,-2.8451144885726547e-05,0.0
2021-11-26,-0.01988498843981191,0.0
2021-11-29,0.005989868031534849,0.0
2021-11-30,-0.02600649427575878,0.0
2021-12-01,-0.012776907155532147,0.9171814974959968
2021-12-02,0.020348696865012943,0.0
2021-12-03,-0.000532198979561929,0.0
2021-12-06,0.01727702388626446,0.0
2021-12-07,0.012397365396994917,0.0
2021-12-08,0.0036995130939836626,0.0
2021-12-09,-0.003996437207422533,0.0
2021-12-10,0.005367018568719072,0.0
2021-12-13,-0.0018833026835629349,0.0
2021-12-14,-0.005138686464251352,0.0
2021-12-15,0.01053717323633463,0.006720337599938281
2021-12-16,6.546678666824392e-05,0.0
2021-12-17,-0.009827129189860962,0.0
2021-12-20,-0.010857519233845446,0.0
2022-01-11,0.004560903815973516,0.9287671277567184
2022-01-12,0.001678571047133051,0.0
2022-01-13,-0.005010054985607852,0.0
2022-01-14,-0.004764700520335542,0.0
2022-01-18,-0.017162548330730977,0.0
2022-01-19,-0.009320039799195792,0.0
2022-01-20,-0.011858766981896883,0.0
2022-01-21,-0.014042400735406838,0.0
2022-01-24,0.007700243025663998,0.0
2022-01-25,-0.014754940155475878,0.0
2022-01-26,-0.006460324180448477,0.0
2022-01-27,-0.008815862196300447,0.0
2022-01-28,0.015752500298449434,0.0
2022-01-31,0.018193871651791926,0.0
2022-02-01,0.006748497704824219,0.9480028659705647
2022-02-02,0.0012285150469802377,0.0
2022-02-03,-0.020646487676639458,0.007478632582695473
2022-02-04,0.0015117391070390948,0.0
2022-02-07,0.0019242045513808426,0.0
2022-02-08,0.016267969934676524,0.0
2022-02-09,0.02553539084409408,0.0
2022-02-10,-0.015416295248820731,0.0
2022-02-11,-0.023325036816824386,0.0
2022-02-14,-0.004750609014538947,0.0
2022-02-15,0.027597510078695944,0.0
2022-02-16,0.00255718608432165,0.007386172984281951
2022-02-17,-0.025494595200313056,0.0
2022-02-18,-0.00827144998365758,0.0
2022-02-22,-0.012472311087262856,0.0
2022-02-23,-0.02063278936734439,0.0
2022-02-24,0.021511626313107858,0.0
2022-02-25,0.027761238654269427,0.0
2022-02-28,-0.004315083204943199,0.0
2022-03-01,-0.025858075663850233,0.9952892509766821
2022-03-02,0.024165160961190237,0.0
2022-03-03,-0.009487313900222578,0.0
2022-03-04,-0.018203425581272775,0.0
2022-03-07,-0.039786414552779245,0.0
2022-03-08,0.002039136146581279,0.0
2022-03-09,0.028752785094596087,0.0
2022-03-10,-0.006815048671241667,0.0
2022-03-11,-0.013282203764495074,0.0
2022-03-14,-0.00538151005600714,0.0
2022-03-15,0.02093774824974104,0.0
2022-03-16,0.02830252663955527,0.0
2022-03-17,0.011919732407831306,0.0
2022-03-18,0.012218961624616886,0.0
2022-03-21,-0.007505902514459066,0.0
2022-03-22,0.010770434100945792,0.0
2022-03-23,-0.017541863434646372,0.0
2022-03-24,0.012685921617466202,0.0
2022-03-25,0.004054252639612212,0.0
2022-03-28,0.004347157612619841,0.0
2022-03-29,0.023564193150363736,0.0
2022-03-30,-0.01177933344192437,0.0
2022-03-31,-0.015701337053414584,0.0
2022-04-01,0.00012311768638384457,0.9169749921783948
2022-04-04,0.009371301387816095,0.0
2022-04-05,-0.01990735495809448,0.014572226733168289
2022-04-06,-0.01629156008467085,0.0
2022-04-07,-0.0017065596924877638,0.0
2022-04-08,-0.0002448231368338847,0.0
2022-04-11,-0.004122348222818166,0.0
2022-04-12,-0.004457554429982968,0.007166705124133321
2022-04-13,0.015253219612627858,0.0
2022-04-14,-0.008361831264048807,0.0
2022-04-18,0.0005542582805340162,0.0
2022-04-19,0.024046876623617246,0.0
2022-04-20,0.001069050600779148,0.0
2022-04-21,-0.015594671752631913,0.0
2022-04-22,-0.02402166355169595,0.0
2022-04-25,0.00819048053374554,0.0
2022-04-26,-0.029824778824716198,0.0
2022-04-27,0.0005447164397737882,0.0
2022-04-28,0.021592996954679065,0.0
2022-04-29,-0.029025992374574566,0.0
2022-05-02,0.011211498179336532,0.8676144152787162
2022-05-03,0.008358983676476944,0.0
2022-05-04,0.03074131261335884,0.0
2022-05-05,-0.041811129540973296,0.0
2022-05-06,-0.023250844009898075,0.0
2022-05-09,-0.036479616649916655,0.0
2022-05-10,4.273469817439547e-05,0.0
2022-05-11,-0.025072648048566168,0.0
2022-05-12,0.008002148984202902,0.0
2022-05-13,0.03361526385836609,0.0
2022-05-16,-0.01220991905822915,0.0
2022-05-17,0.03330351075581227,0.0
2022-05-18,-0.04179776917500501,0.0
2022-05-19,-0.00082223456517664,0.0
2022-05-20,0.0009999644463296127,0.0
2022-05-23,0.012206649969548261,0.0
2022-05-24,-0.02118318783645025,0.0
2022-05-25,0.020942821503813838,0.0
2022-05-26,0.03184012027928376,0.0
2022-05-27,0.027648483488225163,0.0
2022-05-31,-0.00607646358119035,0.0
2022-06-01,-0.014938152538224392,1.0956678831537945
2022-06-02,0.025220855142368832,0.0
2022-06-03,-0.01739727813536198,0.0
2022-06-06,0.0046339714625438936,0.0
2022-06-07,0.006810775618045969,0.0
2022-06-08,-0.013103548175647212,0.0
2022-06-09,-0.024498550166964464,0.0
2022-06-10,-0.031182364703798426,0.015108850514493045
2022-06-13,-0.04642422513850787,0.0
2022-06-14,-0.006270602463648553,0.0
2022-06-15,0.0157299824138582,0.0
2022-06-16,-0.04036589890160981,0.0
2022-06-17,0.010741284794960056,0.0
2022-06-21,0.010587519406176294,0.0
2022-06-22,-0.0005060814034153479,0.0
2022-06-23,0.011115542039767008,0.0
2022-06-24,0.038577078645983955,0.0
2022-06-27,-0.00561982299827299,0.0
2022-06-28,-0.01965923894868194,0.0
2022-06-29,-0.006733510085451422,0.014218314735224474
2022-06-30,-0.011644580360592918,0.0
2022-07-01,0.014829011484729815,0.9287416219021765
2022-07-05,0.006556922473761976,0.0
2022-07-06,-0.00861115194945963,0.0
2022-07-07,0.025556938791239783,0.0
2022-07-08,-0.006319630356700757,0.0
2022-07-11,-0.020132318725485973,0.0
2022-07-12,0.00533804136217244,0.0
2022-07-13,-0.004112052802363571,0.0
2022-07-14,-0.008995635289548483,0.0
2022-07-15,0.026104907097190513,0.0
2022-07-18,0.0035467461098162784,0.0
2022-07-19,0.03996106368032623,0.0
2022-07-20,0.01765141079134079,0.0
2022-07-21,0.0053109708914308214,0.0
2022-07-22,-0.012705341095529754,0.0
2022-07-25,0.00048517163409509095,0.0
2022-07-26,-0.016693594237287675,0.0
2022-07-27,0.02904810066810213,0.0
2022-07-28,0.013990357901343422,0.0
2022-07-29,0.008541545463022684,0.0
2022-08-01,-0.0011577010891110628,0.9708904886051797
2022-08-02,-0.0062520744661228615,0.0
2022-08-03,0.013589867849341342,0.0
2022-08-04,-0.006054139624275893,0.0
2022-08-05,0.0005241938111800602,0.0
2022-08-08,0.0068181143443387885,0.0
2022-08-09,-0.011879622749306543,0.0
2022-08-10,0.025066596825696195,0.0
2022-08-11,0.006115722747870734,0.0
2022-08-12,0.014142336349714749,0.0
2022-08-15,0.0015255998178306264,0.0
2022-08-16,0.006429536814731606,0.0
2022-08-17,-0.015581837188199079,0.0
2022-08-18,0.002361702222991793,0.0
2022-08-19,-0.01594722239157134,0.0
2022-08-22,-0.025459398086073594,0.0
2022-08-23,0.0010606780102244509,0.0
2022-08-24,0.0061046616967676565,0.0
2022-08-25,0.017338255774889698,0.0
2022-08-26,-0.0347852220594243,0.0
2022-08-29,-0.006399341001465112,0.0
2022-08-30,-0.009281317809420403,0.0
2022-08-31,-0.008468234944472297,0.0
2022-09-01,-0.0018422925596027762,1.1136318471231057
2022-09-02,-0.007607662830482436,0.0
2022-09-06,-0.005150523773753591,0.0
2022-09-07,0.026461040930367122,0.0
2022-09-08,0.013406304218764889,0.0
2022-09-09,0.020531545357277983,0.0
2022-09-12,0.010373632478536829,0.0
2022-09-13,-0.05101891879826179,0.0
2022-09-14,-0.0011536302039051823,0.0
2022-09-15,-0.007645221626344317,0.0
2022-09-16,-0.012600312026684858,0.0
2022-09-19,0.006422674073978911,0.0
2022-09-20,-0.018769367813855475,0.0
2022-09-21,-0.019501004227138005,0.0
2022-09-22,-0.02216472275696149,0.0
2022-09-23,-0.015029876619087511,0.0
2022-09-26,-0.01374393793275806,0.0
2022-09-27,-0.0002547921461138265,0.0
2022-09-28,0.028050628283300075,0.0
2022-09-29,-0.02434706131843524,0.0
2022-09-30,-0.016399745646425833,0.0
2022-10-03,0.029600759494416762,0.8995816978244477
2022-10-04,0.04293542627711498,0.0
2022-10-05,-0.005807442224574634,0.0
2022-10-06,-0.014510095713396034,0.0
2022-10-07,-0.03150596726000564,0.0
2022-10-10,-0.01325108006116082,0.0
2022-10-11,-0.007518983653205668,0.0
2022-10-12,-0.002888259959521953,0.0
2022-10-13,0.024650176657195332,0.0
2022-10-14,-0.021294920265442815,0.0
2022-10-17,0.025488805302070067,0.0
2022-10-18,0.014828625940663153,0.0
2022-10-19,-0.016391645199740127,0.0
2022-10-20,-0.00848061172723193,0.0
2022-10-21,0.02314746184564211,0.0
2022-10-24,0.009229814256912577,0.0
2022-10-25,0.026359696007860096,0.0
2022-10-26,-0.00010116620786366623,0.0
2022-10-27,-0.0026384442881029085,0.0
2022-10-28,0.02305293702647409,0.0
2022-10-31,-0.008878860113769168,0.0
2022-11-01,-0.0013491470211129952,1.000863742543469
2022-11-02,-0.02914282638839677,0.0
2022-11-03,-0.011452792478747559,0.0
2022-11-04,0.02337534776903567,0.0
2022-11-07,0.008478201488859551,0.0
2022-11-08,0.00911840355115446,0.0
2022-11-09,-0.022434397546409142,0.0
2022-11-10,0.08014272312415041,0.0
2022-11-11,0.0293785591052953,0.0
2022-11-14,-0.017725497461504862,0.0
2022-11-15,0.013664532162263697,0.0
2022-11-16,-0.023144856698832806,0.0
2022-11-17,-0.008992010977186117,0.0
2022-11-18,0.0030974882254724565,0.0
2022-11-21,-0.005198561152473075,0.0
2022-11-22,0.01496073271004467,0.0
2022-11-23,0.00848624495625634,0.0
2022-11-25,0.00021229010516188524,0.0
2022-11-28,-0.01949330294018321,0.0
2022-11-29,0.006021066312363118,0.0
2022-11-30,0.033222777641832166,0.0
2022-12-01,0.0008420235354054117,1.1264243734062682
2022-12-02,-0.003221987031105096,0.0
2022-12-05,-0.026144392803096137,0.0
2022-12-06,-0.014434718334018798,0.0
2022-12-07,-0.00393777647932743,0.0
2022-12-08,0.00579523649751418,0.0
2022-12-09,-0.005178299360381342,0.0
2022-12-12,0.015449918879038415,0.0
2022-12-13,0.008482559337768062,0.0
2022-12-14,-0.010546474399121777,0.0
2022-12-15,-0.026744100883144665,0.0
2022-12-16,-0.014729750833898067,0.0
2022-12-19,-0.0117945618008032,0.0
2022-12-20,0.0010204237886122236,0.007762695723879596
2022-12-21,0.015474847535064876,0.0
2022-12-22,-0.013662696091804446,0.0
2023-01-05,-0.008609931993726061,0.7577976868949134
2023-01-06,0.02742998520432637,0.0
2023-01-09,0.007457216168561634,0.0
2023-01-10,0.010356574152461367,0.0
2023-01-11,0.017806869719036174,0.0
2023-01-12,0.007445698436645443,0.0
2023-01-13,0.0020614987165630625,0.0
2023-01-17,0.0015214462712583926,0.0
2023-01-18,-0.012400355762716966,0.0
2023-01-19,-0.013334066125836489,0.0
2023-01-20,0.027562819903675918,0.0
2023-01-23,0.022854329056008253,0.0
2023-01-24,-0.005823663046562431,0.0
2023-01-25,0.003137216330814705,0.0
2023-01-26,0.011012415239532652,0.0
2023-01-27,0.007437703580648998,0.0
2023-01-30,-0.017183073415388685,0.0
2023-01-31,0.02265431540831883,0.0
2023-02-01,0.019811762478274764,1.4565726417677163
2023-02-02,0.011051967057814485,0.0
2023-02-03,-0.011826394302838009,0.0
2023-02-06,-0.007236373127963528,0.0
2023-02-07,0.006778738473419562,0.0
2023-02-08,-0.012700701733260922,0.0
2023-02-09,-0.01017533410254316,0.0
2023-02-10,0.005764184463621988,0.0
2023-02-13,0.010035329320978403,0.0
2023-02-14,-0.005281237552920228,0.0
2023-02-15,0.005954045736507074,0.0
2023-02-16,-0.01063146123632714,0.0
2023-02-17,0.0035289833661692497,0.0
2023-02-21,-0.02238396726871711,0.0
2023-02-22,-0.0026464167136267566,0.0
2023-02-23,6.430118031700688e-05,0.0
2023-02-24,-0.009878192819364862,0.0
2023-02-27,-0.0007112176859706814,0.0
2023-02-28,-0.003301056305640284,0.0
2023-03-01,-0.007314625857344437,1.380713559989067
2023-03-02,0.009883603255246586,0.0
2023-03-03,0.016150553518156342,0.0
2023-03-06,-0.008674659505364639,0.0
2023-03-07,-0.01883573291059132,0.0
2023-03-08,0.0038616774737072765,0.0
2023-03-09,-0.024740297463146158,0.0
2023-03-10,-0.025422256580586097,0.0
2023-03-13,-0.012688103901104714,0.0
2023-03-14,0.012025126401922935,0.0
2023-03-15,-0.014154667064780021,0.0
2023-03-16,0.01585159872752362,0.0058840448762723235
2023-03-17,-0.01450187137313456,0.0
2023-03-20,0.008685087720597858,0.0
2023-03-21,0.017081500970059116,0.0007216430963016825
2023-03-22,-0.024479770723279545,0.0
2023-03-23,0.001191528660341418,0.0
2023-03-24,0.005350775708044837,0.0
2023-03-27,0.004302672742136168,0.0
2023-03-28,-2.136588941849335e-05,0.0
2023-03-29,0.020083549811061828,0.0
2023-03-30,0.006347743042899607,0.0
2023-03-31,0.017636537026102912,0.0
2023-04-03,-0.0013793686318271936,1.1848228914607308
2023-04-04,-0.017981922529911196,0.0
2023-04-05,-0.007650210092557643,0.0
2023-04-06,0.0028931100548138344,0.0
2023-04-10,0.010077360540766153,0.0
2023-04-11,0.01303036156838172,0.0
2023-04-12,-0.010800862866068899,0.0
2023-04-13,0.008563527094752096,0.0
2023-04-14,-0.004448401392106723,0.0
2023-04-17,0.01259737621708766,0.0
2023-04-18,-0.0006544612457562006,0.0
2023-04-19,0.0055206820583841845,0.0
2023-04-20,-0.01300470283392367,0.0
2023-04-21,-0.004034200417218353,0.0
2023-04-24,0.00107092776765301,0.0
2023-04-25,-0.026642945056172096,0.0
2023-04-26,-0.009746510594426086,0.0
2023-04-27,0.018247559463490166,0.0
2023-04-28,0.018982484497684426,0.0
2023-05-01,-0.00749641529159939,1.0588515631010877
2023-05-02,-0.02214395641422548,0.0
2023-05-03,-0.008023502464219897,0.0
2023-05-04,-0.015333977092112417,0.0
2023-05-05,0.023775400166707,0.0
2023-05-08,-0.0023291518755553294,0.0
2023-05-09,-0.005738115501867509,0.0
2023-05-10,-0.0021880237838183417,0.0
2023-05-11,-0.007340550926562222,0.0
2023-05-12,-0.002515739203678455,0.0
2023-05-15,0.01724274430680953,0.0
2023-05-16,-0.017074770241519516,0.0
2023-05-17,0.02455094606340181,0.0
2023-05-18,0.01318401210579052,0.0
2023-05-19,-0.004943571961067784,0.0
2023-05-22,0.008994607096425042,0.0
2023-05-23,-0.00855439563011409,0.0
2023-05-24,-0.01469982874002275,0.0
2023-05-25,0.003898380853459274,0.0
2023-05-26,0.017004071979338557,0.0
2023-05-30,0.000515249402288101,0.0
2023-05-31,-0.01627129087060595,0.0
2023-06-01,0.011322757530057848,1.318786288909454
2023-06-02,0.03224045442188995,0.0
2023-06-05,-0.006523805030851054,0.0
2023-06-06,0.014077777776801071,0.0
2023-06-07,0.01787817961421585,0.0
2023-06-08,-0.005735979803704883,0.008231390518105836
2023-06-09,-0.0050257919076436165,0.0
2023-06-12,0.004192452016830745,0.0
2023-06-13,0.012964892051992222,0.0
2023-06-14,-0.007229378186721274,0.0
2023-06-15,0.01441612579615154,0.0
2023-06-16,-0.00019241860575793562,0.0
2023-06-20,-0.012547394692487597,0.0
2023-06-21,-0.0005805667649741602,0.0
2023-06-22,-0.009225306881142925,0.0
2023-06-23,-0.009400513857290762,0.0
2023-06-26,0.011934200263225395,0.0
2023-06-27,0.009416618321170148,0.0
2023-06-28,-0.0029781264209394072,0.0
2023-06-29,0.010810049570122012,0.0
2023-06-30,0.006664077183178705,0.0
2023-07-03,0.0070225019898717544,1.1790001526439688
2023-07-05,-0.0043723385183756115,0.0
2023-07-06,-0.008315108334697775,0.0
2023-07-07,0.002218618439903358,0.0
2023-07-10,0.00468896934048918,0.0
2023-07-11,0.013097592163197058,0.006732577929299986
2023-07-12,0.007005711432053423,0.0
2023-07-13,0.006155372240406493,0.0
2023-07-14,-0.007861053096157675,0.0
2023-07-17,-0.00020467293397564222,0.0
2023-07-18,0.006327957339728226,0.0
2023-07-19,0.011889014905678135,0.0
2023-07-20,-0.0009402046630805488,0.0
2023-07-21,0.003943370270252873,0.0
2023-07-24,0.0037377743643557735,0.0
2023-07-25,0.0011543408641407167,0.0
2023-07-26,0.00389042950654468,0.0
2023-07-27,-0.007579258786093344,0.0
2023-07-28,0.006546418825576879,0.0
2023-07-31,0.0016625284922025922,0.0
2023-08-01,-0.005478511644825823,1.4263823108265758
2023-08-02,-0.013397566344782489,0.0
2023-08-03,-0.003637289011371479,0.0
2023-08-04,-0.0031579407344678985,0.0
2023-08-07,0.005329644943335847,0.0
2023-08-08,-0.00434317717394407,0.0
2023-08-09,-0.0022190966033164366,0.0
2023-08-10,-0.001780912310219799,0.0
2023-08-11,-0.0007057196130858193,0.0
2023-08-14,0.0022142606958086264,0.0
2023-08-15,-0.01332907293321129,0.0
2023-08-16,-0.009083195553583605,0.0
2023-08-17,-0.007355645566362539,0.0
2023-08-18,0.0006669875751790159,0.0
2023-08-21,-8.43563969966999e-05,0.0
2023-08-22,-0.0037553740015768876,0.0
2023-08-23,0.008330112593221672,0.0
2023-08-24,-0.011555920976422662,0.0
2023-08-25,0.004602021820059485,0.0
2023-08-28,0.007441006517021689,0.0
2023-08-29,0.012856647640712957,0.0
2023-08-30,0.0037356835108362345,0.0
2023-08-31,-0.004578531673881975,0.0
2023-09-01,0.0003556377594882143,1.2695063290368025
2023-09-05,-0.010943996022087246,0.0
2023-09-06,-0.006153443901127793,0.0
2023-09-07,-0.010832913608397818,0.0
2023-09-08,0.0021668507269836258,0.0
2023-09-11,0.002947716822127025,0.0
2023-09-12,0.0013768630477311618,0.0
2023-09-13,-0.006597692583094878,0.0
2023-09-14,0.014305537344591186,0.0
2023-09-15,-0.00587474236398344,0.0
2023-09-18,-0.007656430137473571,0.0
2023-09-19,-0.0026581787020640846,0.006920851885160695
2023-09-20,-0.005365935297951252,0.0
2023-09-21,-0.017497727238874914,0.0
2023-09-22,-0.007871223085689834,0.0
2023-09-25,0.0019501080919888153,0.0
2023-09-26,-0.01592531058660724,0.0
2023-09-27,-0.0005758391237507655,0.0
2023-09-28,0.009293020412598031,0.0
2023-09-29,0.002125894622166561,0.0
2023-10-02,-0.015703108974750468,1.018379640747048
2023-10-03,-0.015434977184437093,0.00710258557081243
2023-10-04,0.006195124450291385,0.0
2023-10-05,-0.005072634022801157,0.0
2023-10-06,0.006979519426066197,0.0
2023-10-09,0.002675727200407575,0.0
2023-10-10,0.011287938475822625,0.0
2023-10-11,0.0017401184964677596,0.0
2023-10-12,-0.016644004986902026,0.0
2023-10-13,-0.006344144528516056,0.0
2023-10-16,0.014885334158768165,0.0
2023-10-17,0.0065403944989547115,0.0
2023-10-18,-0.02358405178253141,0.0
2023-10-19,-0.013386690843064541,0.019963395708029595
2023-10-20,-0.014504893598247396,0.0
2023-10-23,-0.006351186764692867,0.0
2023-10-24,0.007731224523512829,0.0
2023-10-25,-0.018423879818597153,0.0
2023-10-26,-3.240957252965222e-05,0.0
2023-10-27,-0.012944060992776112,0.0
2023-10-30,0.004772333997867262,0.0
2023-10-31,0.008990728279312365,0.0
2023-11-01,-0.005019674251191986,0.9524955375732105
2023-11-02,0.027959757939358388,0.0
2023-11-03,0.026605214275503924,0.0
2023-11-06,-0.010099282660734066,0.0
2023-11-07,0.0008108505469982339,0.0
2023-11-08,-0.003016325733037878,0.0
2023-11-09,-0.016258653826505855,0.0
2023-11-10,0.013325378823228807,0.0
2023-11-13,-0.004679510338418897,0.0
2023-11-14,0.04412153325700833,0.0
2023-11-15,0.015021458414265235,0.0
2023-11-16,-0.009104507109501633,0.0
2023-11-17,0.006773023792288096,0.0
2023-11-20,0.004500483404134406,0.0
2023-11-21,-0.00586046109822512,0.0
2023-11-22,0.004629920787087657,0.0
2023-11-24,0.004239487951481708,0.0
2023-11-27,-0.005534815825818277,0.0
2023-11-28,0.0034246456671135615,0.0
2023-11-29,0.0103345784202,0.0
2023-11-30,0.0035242481503366878,0.0
2023-12-01,0.025102992010753056,1.3493119767889208
2023-12-04,0.0019614471111068328,0.0
2023-12-05,-0.012634965346353257,0.0
2023-12-06,0.003255697311056965,0.0
2023-12-07,0.0032650548162477355,0.0
2023-12-08,0.00168559925847213,0.0
2023-12-11,0.00755055373696256,0.0
2023-12-12,-0.0032501404745114383,0.0
2023-12-13,0.02853272152542482,0.0
2023-12-14,0.015725375744340124,0.0
2023-12-15,-0.011079063618642217,0.0
2023-12-18,-7.669619786947596e-05,0.0
2024-02-02,-0.007986042151593042,1.033956591184209
2024-02-05,-0.010815556691811496,0.0
2024-02-06,0.006641957172107638,0.0
2024-02-07,-0.00021858505198802888,0.0
2024-02-08,-0.0007671153523401695,0.0
2024-02-09,0.0015468376510062811,0.0
2024-02-12,0.007886294732914235,0.0
2024-02-13,-0.013772795749548563,0.0
2024-02-14,0.004498911225357557,0.0
2024-02-15,0.013138149191786703,0.0
2024-02-16,-0.0021408845585453424,0.0
2024-02-20,-0.0032177392572285413,0.0
2024-02-21,0.007096295447804443,0.0
2024-02-22,0.004966321781544311,0.0
2024-02-23,0.003014808418915566,0.0
2024-02-26,-0.008688923809210571,0.0
2024-02-27,0.0046716569792146405,0.0
2024-02-28,0.0005445426741302309,0.0
2024-02-29,0.004069134541460585,0.0
2024-03-01,-0.0004933636177310019,1.2825186304360687
2024-03-04,0.004609661587773283,0.0
2024-03-05,-0.0023486455041137333,0.013912117668952702
2024-03-06,0.005603205418355944,0.0
2024-03-07,0.007032172132101873,0.0
2024-03-08,0.005114000604262097,0.0
2024-03-11,0.007466746233247799,0.0
2024-03-12,-0.004403456826155839,0.0
2024-03-13,0.003295338001457044,0.0
2024-03-14,-0.013623391043229143,0.0
2024-03-15,-0.001526134305716343,0.0
2024-03-18,0.0035936237006795797,0.0
2024-03-19,0.004362147359199042,0.007376066739949483
2024-03-20,0.008012242903784762,0.0
2024-03-21,0.007734221203589158,0.0
2024-03-22,-0.008801446830018775,0.0
2024-03-25,-0.00017148612664517733,0.0
2024-03-26,-0.00363918617478054,0.006086935439844937
2024-03-27,0.02201050640584735,0.0
2024-03-28,0.0061155622701963815,0.0
2024-04-01,-0.0090057946137716,1.2994272399273097
2024-04-02,-0.014032473555425584,0.007092482467900632
2024-04-03,-0.002541265512157695,0.0
2024-04-04,-0.009224750875505573,0.0
2024-04-05,0.0031748803096902562,0.0
2024-04-08,0.003014978706951814,0.0
2024-04-09,0.008898799143952474,0.0
2024-04-10,-0.02147465291460096,0.0
2024-04-11,-0.0016647789328989027,0.0
2024-04-12,-0.01617873849718978,0.0
2024-04-15,-0.011150462501716968,0.0
2024-04-16,-0.005725062079457763,0.0
2024-04-17,-0.003000767877240398,0.0
2024-04-18,-0.0013253888857893562,0.0
2024-04-19,0.002838969574533496,0.0
2024-04-22,0.007455808001473923,0.0
2024-04-23,0.006936960828125806,0.0
2024-04-24,0.0001638384366307118,0.0
2024-04-25,-0.00449003543227995,0.0
2024-04-26,0.0006528646680540675,0.0
2024-04-29,0.008489250639923882,0.0
2024-04-30,-0.016306045407438328,0.0
2024-05-01,-0.003344363748659096,1.1071751076578549
2024-05-02,0.007994966957792147,0.0
2024-05-03,0.009451935186244096,0.0
2024-05-06,0.00693754165184477,0.0
2024-05-07,0.0016771890782106248,0.0
2024-05-08,-0.002315491364679164,0.0
2024-05-09,0.008932144182403512,0.019981682837984665
2024-05-10,0.003970432361203952,0.0
2024-05-13,0.00183509398465607,0.0
2024-05-14,0.005941126383934064,0.0
2024-05-15,0.008156808057432173,0.0
2024-05-16,-0.0006181334347976855,0.0
2024-05-17,-0.0010643945906748857,0.0
2024-05-20,-0.0018717636508984938,0.0
2024-05-21,-0.00384746439228866,0.0
2024-05-22,-0.003907286308933994,0.0
2024-05-23,-0.0167044657443375,0.0
2024-05-24,0.005772840556947373,0.0
2024-05-28,-0.0047830845584254525,0.0
2024-05-29,-0.01367897568581753,0.0
2024-05-30,0.000730965859988492,0.0
2024-05-31,0.01420931379686206,0.0
2024-06-03,-0.0025537599680108825,1.0970926605056948
2024-06-04,-0.002483467610509878,0.0
2024-06-05,0.0025179971412246597,0.0
2024-06-06,0.0018017287189798631,0.0
2024-06-07,-0.0042202125484466675,0.0
2024-06-10,-4.716053787801136e-05,0.0
2024-06-11,-0.0027487693969209383,0.0
2024-06-12,0.00244716136806877,0.0
2024-06-13,-0.004980583800464773,0.0
2024-06-14,-0.004732907227245145,0.0
2024-06-17,0.00647242630084858,0.0
2024-06-18,-0.0005030129332733264,0.0
2024-06-20,0.005363190281031786,0.0
2024-06-21,0.004652748240506833,0.0
2024-06-24,0.0038900413774586593,0.0
2024-06-25,-0.00829014669721676,0.0
2024-06-26,-0.0016008139953391448,0.0
2024-06-27,0.000993903985362594,0.0
2024-06-28,0.003692276906173292,0.0
2024-07-01,-0.0106021378309058,1.1284908975439045
2024-07-02,0.002719688829420506,0.0
2024-07-03,0.0026819895556265466,0.0
2024-07-05,-0.0014749258692729125,0.0
2024-07-08,0.0007864591639003009,0.0
2024-07-09,-0.004850107950737481,0.021149550654301328
2024-07-10,0.009299628918572798,0.0
2024-07-11,0.01783066993649386,0.0
2024-07-12,0.008381322019693679,0.0
2024-07-15,-0.005748296034102836,0.0
2024-07-16,0.02205789650678595,0.0
2024-07-17,-0.0035761501530933225,0.0
2024-07-18,-0.007866501514620223,0.0
2024-07-19,-0.007463073245965934,0.0
2024-07-22,0.009377243508307428,0.0
2024-07-23,-0.0034882026198654807,0.0
2024-07-24,-0.010833880151192717,0.0
2024-07-25,0.004413513636113803,0.0
2024-07-26,0.01562517373592438,0.0
2024-07-29,0.002808726468188362,0.0
2024-07-30,0.008327165200981737,0.0
2024-07-31,0.0064942110466656,0.0
2024-08-01,-0.011743138150726473,1.3876047595668641
2024-08-02,-0.029050184446008636,0.0
2024-08-05,-0.022241421698315493,0.0
2024-08-06,0.010812702702192808,0.0
2024-08-07,-0.010727533547522247,0.0
2024-08-08,0.029928720951593067,0.0
2024-08-09,0.0020476836439129687,0.0
2024-08-12,-0.0029930101802330958,0.0
2024-08-13,0.01711909358498445,0.0
2024-08-14,-0.0003026093267774606,0.0
2024-08-15,0.0251964927402231,0.0
2024-08-16,0.0017970825062808365,0.0
2024-08-19,0.0099779579052198,0.0
2024-08-20,-0.006269487969956744,0.0
2024-08-21,0.011204796012328624,0.0
2024-08-22,-0.010152394459869492,0.0
2024-08-23,0.014832936923283368,0.0
2024-08-26,-0.004937314801398281,0.0
2024-08-27,0.0016363260742702774,0.0
2024-08-28,-0.00899947340519881,0.0
2024-08-29,0.0008403205390519958,0.0
2024-08-30,0.008566537113193856,0.0
2024-09-03,-0.025498071514807985,1.1382729269023821
2024-09-04,-0.00553202461275851,0.0
2024-09-05,-0.005236076926348684,0.0
2024-09-06,-0.013171027240231024,0.0
2024-09-09,0.008574983672410661,0.0
2024-09-10,-0.0008804001122407138,0.0
2024-09-11,0.004779834708726883,0.0
2024-09-12,0.005266409741235093,0.0
2024-09-13,0.012493902751271407,0.0
2024-09-16,0.007535613378431812,0.0
2024-09-17,0.007401796075127561,0.0
2024-09-18,-0.00047601402141924715,0.0
2024-09-19,0.013203057015230332,0.0
2024-09-20,-0.010634751904123083,0.0
2024-09-23,0.00565361303126757,0.0
2024-09-24,0.0041796770035928245,0.0
2024-09-25,-0.010276317223453159,0.0
2024-09-26,0.018844679772694366,0.0
2024-09-27,0.008164341063001174,0.0
2024-09-30,-0.002297758315349174,0.0
2024-10-01,-0.008478783791215916,1.1736423295625547
2024-10-02,-0.0013821241251392724,0.007002636536417289
2024-10-03,-0.0035181958960592086,0.0
2024-10-04,0.008318494971763476,0.0
2024-10-07,-0.007067597869939432,0.0
2024-10-08,0.0006890143384518112,0.0
2024-10-09,0.008747208166546764,0.0
2024-10-10,-0.0018873815729833028,0.0
2024-10-11,0.008180918181811717,0.0
2024-10-14,0.006221128094068713,0.0
2024-10-15,-0.01187574103646386,0.0
2024-10-16,0.0035514392555419886,0.0
2024-10-17,-0.0024429077113915293,0.0
2024-10-18,0.0018888203856970434,0.0
2024-10-21,-0.009874858730437083,0.0
2024-10-22,-0.003623348515865519,0.0
2024-10-23,-0.007029939526233718,0.0
2024-10-24,0.001942553893732853,0.0
2024-10-25,-0.0005367327764234843,0.0
2024-10-28,0.003443143628792393,0.0
2024-10-29,-0.0011443336771887874,0.0
2024-10-30,-0.003578700992975782,0.0
2024-10-31,-0.012758168411781175,0.0
2024-11-01,0.0037346136259699403,1.0658270195667991
2024-11-04,0.005776717277470313,0.0
2024-11-05,0.005354239786122324,0.0
2024-11-06,0.007996944207864311,0.0
2024-11-07,0.002866995852668106,0.0
2024-11-08,-0.0029539977485880478,0.0
2024-11-11,-0.00024398066101465814,0.0
2024-11-12,-0.012669655243470909,0.0
2024-11-13,0.00015950890901474625,0.0
2024-11-14,-0.006356442763006579,0.0
2024-11-15,-0.01572091553276297,0.0
2024-11-18,0.00615165526519325,0.0
2024-11-19,-0.0069855736938481934,0.0
2024-11-20,0.006658952190551919,0.0
2024-11-21,0.012767188694976672,0.0
2024-11-22,0.0076968911266435385,0.0
2024-11-25,0.01550986433609212,0.0
2024-11-26,-0.008442863136216547,0.0
2024-11-27,0.001983415450560022,0.0065076374938168174
2024-11-29,0.004445362657815842,0.0
2024-12-02,0.003796809601906981,0.8634708910446346
2024-12-03,-0.005298560038642736,0.0
2024-12-04,-0.0035378580884112484,0.0
2024-12-05,-0.011197699344884553,0.0
2024-12-06,0.0007875486788759033,0.0
2024-12-09,0.008631435033828128,0.0
2024-12-10,-0.00813520455152288,0.0
2024-12-11,-0.0009441700125313842,0.0
2024-12-12,-0.003692582591366276,0.0
2024-12-13,-0.0013719560871547707,0.0
2024-12-16,-0.0048219157906852685,0.0
2024-12-17,-0.004993844349625986,0.0
2024-12-18,-0.027126700289241877,0.0
2024-12-19,-0.010455467636242766,0.0
2024-12-20,0.014143706325222348,0.0
2024-12-23,0.0060120297645439216,0.0
2025-03-25,-0.006874695026949151,1.1925925223657958
2025-03-26,0.0014764590873444536,0.0
2025-03-27,-0.0019995067743543977,0.0
2025-03-28,-0.013560246833904997,0.0
2025-03-31,0.00591447823431391,0.0
2025-04-01,0.0003663421933810529,0.6645561737773866
2025-04-02,0.012228999933135715,0.0
2025-04-03,-0.06952191483868322,0.0
2025-04-04,-0.05572832654825938,0.0
2025-04-07,-0.006223985801203169,0.0
2025-04-08,-0.024900172147379267,0.0
2025-04-09,0.10184572679063825,0.0
2025-04-10,-0.049092450344052414,0.0
2025-04-11,0.017557541379953953,0.0
2025-04-14,0.011667805694297477,0.0
2025-04-15,-0.004597447361366281,0.0
2025-04-16,-0.014496209719558357,0.0
2025-04-17,0.008927585054497315,0.0
2025-04-21,-0.022006498705858222,0.0
2025-04-22,0.026334271702430308,0.0
2025-04-23,0.013085799750330973,0.0
2025-04-24,0.02651783459312171,0.0
2025-04-25,-0.0006159817578447401,0.0
2025-04-28,0.0034502856836717347,0.0
2025-04-29,0.002911656002931859,0.0
2025-04-30,0.00017139101196660562,0.0
2025-05-01,-7.334832201089103e-05,1.0708700945396517
2025-05-02,0.021409429589891754,0.0
2025-05-05,-0.009979627313375913,0.0
2025-05-06,-0.011760939026604442,0.0
2025-05-07,0.009251689298658071,0.0
2025-05-08,0.0180935486825769,0.0
2025-05-09,0.0012855569320675039,0.0
2025-05-12,0.04830859766733738,0.0
2025-05-13,0.0048000324821050044,0.0
2025-05-14,-0.010600452767937876,0.0
2025-05-15,0.0010977714434298423,0.0
2025-05-16,0.008875081558515678,0.0
2025-05-19,-0.0042739194088291434,0.0
2025-05-20,-0.003877710202320111,0.0
2025-05-21,-0.028443362138185144,0.0
2025-05-22,-0.00409818415695549,0.0
2025-05-23,-0.005834829322417309,0.0
2025-05-27,0.022631074399425414,0.0
2025-05-28,-0.01013230573142308,0.0
2025-05-29,0.005778238017998002,0.0
2025-05-30,-0.006907911268563455,0.0
2025-06-02,-0.0006580529769160126,1.1422924606757707
2025-06-03,0.011237478126152613,0.0
2025-06-04,0.0006713465872639873,0.0
2025-06-05,-0.002339961293493916,0.0
2025-06-06,0.009523447135582504,0.0
2025-06-09,0.005338488944316932,0.0
2025-06-10,0.013728760095689987,0.0
2025-06-11,-0.004395418114327213,0.0
2025-06-12,0.0016814833490382168,0.0
2025-06-13,-0.011089936572569414,0.0
2025-06-16,0.004847544032749711,0.0
2025-06-17,-0.01428560037120617,0.0
2025-06-18,-0.0015784789271103168,0.0
2025-06-20,0.0028452109648980013,0.0
2025-06-23,0.003919891677186633,0.0
2025-06-24,0.01079817524356229,0.0
2025-06-25,-0.00845108042582702,0.0
2025-06-26,0.006016450313660054,0.0
2025-06-27,0.0006681823607950895,0.0
2025-06-30,0.002166218968147433,0.0
2025-07-01,0.020769913349032,1.1378661821498008
2025-07-02,-0.0005345547386017475,0.0
2025-07-03,0.002843250028894768,0.0
2025-07-07,-0.012378676207325162,0.0
2025-07-08,0.008497888125135269,0.0
2025-07-09,0.0031772382439261486,0.0
2025-07-10,0.006720193173381179,0.0
2025-07-11,-0.00941167142268972,0.0
2025-07-14,-0.004114208001242517,0.0
2025-07-15,-0.017532813076166814,0.0
2025-07-16,0.00399524612836658,0.0
2025-07-17,0.0069781963812441455,0.0
2025-07-18,-0.004028869547117009,0.0
2025-07-21,-0.004929774884189008,0.0
2025-07-22,0.019613863161257603,0.0
2025-07-23,0.009457273123137152,0.0
2025-07-24,-0.010730744949240008,0.0
2025-07-25,0.007769833348921078,0.0
2025-07-28,-0.008313436523867734,0.0
2025-07-29,-0.002690631815353335,0.0
2025-07-30,-0.015256442822011596,0.0
2025-07-31,-0.016916367643089195,0.0
2025-08-01,-0.013060088158797556,1.0793705636008406
2025-08-04,0.006707780068214458,0.0
2025-08-05,0.0012071652883312817,0.0
2025-08-06,-0.005886777340443138,0.0
2025-08-07,0.0012349763853097796,0.0
2025-08-08,0.0030888918654101987,0.0
2025-08-11,-0.003663112664801726,0.0
2025-08-12,0.015202968979817915,0.0
2025-08-13,0.022234322202882323,0.0
2025-08-14,-0.005827684739470427,0.0
2025-08-15,0.005464415273914867,0.0
2025-08-18,-0.0012021019850268204,0.0
2025-08-19,0.011148938242585569,0.0
2025-08-20,-0.0030391658091187363,0.0
2025-08-21,-0.0035818237587774858,0.0
2025-08-22,0.024474406310541395,0.0
2025-08-25,-0.010870478006079255,0.0
2025-08-26,-0.0025402632545443687,0.0
2025-08-27,0.003670425525108858,0.0
2025-08-28,-0.004655801298150028,0.0
2025-08-29,0.004043906200225544,0.02060524431657162
2025-09-02,-0.009927267690613584,1.3639292561624008
2025-09-03,-0.0034557179690852904,0.0
2025-09-04,0.005868695868326008,0.0
2025-09-05,0.0022202634251957797,0.0
2025-09-08,-0.0019564327433656283,0.0
2025-09-09,-0.00227529977253513,0.0
2025-09-10,-0.0009514801012896626,0.0
2025-09-11,0.015086543305135775,0.0
2025-09-12,-0.008633145840129851,0.0
2025-09-15,-0.0019457902277139276,0.0
2025-09-16,-0.00025907274614246227,0.0
2025-09-17,-0.0008328827389414408,0.0
2025-09-18,0.006845511459924145,0.0
2025-09-19,-0.0017928478886806605,0.0
2025-09-22,0.003794753956792173,0.0
2025-09-23,-0.0026829914739468605,0.0
2025-09-24,-0.0014083309200206354,0.0
2025-09-25,-0.011407751121484351,0.0
2025-09-26,0.010613589185836922,0.0
2025-09-29,0.0010756816381128696,0.0
2025-09-30,0.004444283245389709,0.0
2025-10-01,0.00449597541430613,1.1821942702254709
2025-10-02,0.005643537007392464,0.0
2025-10-03,0.006861515753310176,0.0
2025-10-06,-0.001690344504191133,0.0
2025-10-07,-0.0058731603940541935,0.0
2025-10-08,0.00498387949182238,0.0
2025-10-09,-0.006949615793722852,0.0
2025-10-10,-0.027019583269182707,0.0
2025-10-13,0.012190386943082433,0.0
2025-10-14,0.010673507700072523,0.0
2025-10-15,-0.000488602461828976,0.0
2025-10-16,-0.004024779696278742,0.0
2025-10-17,0.005363952637747948,0.0
2025-10-20,0.012539356753569762,0.0
2025-10-21,0.009734789421228175,0.0
2025-10-22,-0.005624552867495582,0.0
2025-10-23,0.004969758211057591,0.0
2025-10-24,0.00039657649369391316,0.0
2025-10-27,0.004145661391149542,0.0
2025-10-28,-0.009963427844496525,0.0
2025-10-29,-0.023186417697993143,0.0
2025-10-30,-0.011349369352304843,0.0
2025-10-31,0.004060788270422,0.006415891526758047
2025-11-03,-0.005398365567672259,1.2015797290880523
2025-11-04,-0.00554235491354349,0.006983098762440811
2025-11-05,0.0043281978525191445,0.006879307268062016
2025-11-06,-0.008309686388917234,0.0
2025-11-07,0.013046572700314283,0.0
2025-11-10,-0.0008294921691275913,0.0
2025-11-11,0.010285300816810358,0.0
2025-11-12,0.0024324964472255254,0.0
2025-11-13,-0.006080416417370185,0.0
2025-11-14,-0.004069311191294734,0.0
2025-11-17,-0.014946563903274151,0.0
2025-11-18,0.0013644823130221288,0.0
2025-11-19,-0.006062305774779795,0.0
2025-11-20,-0.007257986391690339,0.0
2025-11-21,0.025809256983638916,0.0
2025-11-24,-0.0035903902918114957,0.0
2025-11-25,0.01840063505888255,0.0
2025-11-26,0.004942993333720665,0.0
2025-11-28,0.004402089408746914,0.0
2025-12-01,-0.0046028877463552,1.1968318790004806
2025-12-02,0.0043487036451311046,0.0
2025-12-03,0.013078541071268868,0.0
2025-12-04,0.0011920900517236564,0.0
2025-12-05,0.0032256108282134517,0.0
2025-12-08,-0.0034314036897882838,0.0
2025-12-09,-0.0015322653142374515,0.0
2025-12-10,0.016195483379759533,0.0
2025-12-11,0.010304111249807497,0.0
2025-12-12,-0.010907213820714579,0.013740816279088505
2025-12-15,-0.0032072477252123085,0.0
2025-12-16,-0.006344776824185158,0.0
2025-12-17,-0.006562161716412389,0.0
2025-12-18,0.003490560346773502,0.0
2025-12-19,0.004351469929520363,0.0
2025-12-22,0.00830536852170885,0.0
2026-01-15,0.0047593238359602275,1.4592899969278919
2026-01-16,-0.003554079693787186,0.0
2026-01-20,-0.009105087741996748,0.0
2026-01-21,0.013626579797131395,0.0
2026-01-22,-0.00018048979201599097,0.0
2026-01-23,-0.0029764421678154414,0.0
2026-01-26,0.0023989488082273368,0.0
2026-01-27,0.001386385476800714,0.0
2026-01-28,-0.005039877870316798,0.0
2026-01-29,-0.0022038076765581146,0.0
2026-01-30,0.0023402402633700883,0.0
2026-02-02,-0.003859328062693179,1.1447759555292358
2026-02-03,-0.019456921852279055,0.0
2026-02-04,0.015445947777392778,0.0
2026-02-05,-0.015675894072554084,0.0
2026-02-06,0.023288810528491886,0.0
2026-02-09,0.003018336809408131,0.0
2026-02-10,0.008236171292258954,0.026429626890000713
2026-02-11,-0.0001996704693523686,0.0
2026-02-12,-0.019787125396661907,0.0
2026-02-13,0.014286346070865468,0.0
2026-02-17,-0.005122683470709255,0.0
2026-02-18,0.007805825452695717,0.0
2026-02-19,-0.007196715894930654,0.0
2026-02-20,0.0009007286546845732,0.0
2026-02-23,-0.018311533735067394,0.0
2026-02-24,0.01250072028732708,0.0
2026-02-25,0.0004254708153110021,0.0
2026-02-26,0.007416342182214589,0.0
2026-02-27,0.002767443945054928,0.0
2026-03-02,-0.003519113308226518,1.0343413146729925
2026-03-03,-0.004820236986958519,0.0
2026-03-04,0.01022378510821704,0.0
2026-03-05,-0.0004978934442900663,0.0
2026-03-06,-0.013548472470064684,0.0
2026-03-09,0.0015081393292810364,0.0
2026-03-10,-0.014447048402256267,0.0
2026-03-11,-0.004481074018882243,0.0
2026-03-12,-0.02227514429490444,0.0
2026-03-13,0.0009462871793820591,0.0
2026-03-16,0.007829468288426058,0.0
2026-03-17,0.010812216134845568,0.0
2026-03-18,-0.011683998020217932,0.0
2026-03-19,0.0010773803614647257,0.0
2026-03-20,-0.013330491038251631,0.0
2026-03-23,0.009635781850223542,0.0
2026-03-24,-0.008107574859942821,0.0
2026-03-25,0.004161481019704687,0.0
2026-03-26,-0.009835351827691657,0.0
2026-03-27,-0.021806909703731413,0.0
2026-03-30,0.0005044369379423965,0.0
2026-03-31,0.025997327496316728,0.0
2026-04-01,-6.939171467923444e-05,1.1651503733415427
2026-04-02,-0.0010011360578047652,0.0
2026-04-06,0.007382407336731306,0.0
2026-04-07,-0.004970715171928145,0.0
2026-04-08,0.03593848400374092,0.0
2026-04-09,8.139537481126585e-05,0.0
2026-04-10,-0.005341023350385273,0.0
2026-04-13,0.01854633129017544,0.0
2026-04-14,0.008775293942550513,0.0
2026-04-15,-3.4500563668809783e-06,0.0
2026-04-16,0.0054378127316215795,0.0
2026-04-17,0.019747780733598466,0.0
2026-04-20,0.0026092725054193276,0.0
2026-04-21,-0.007179414281187095,0.0
2026-04-22,0.0015017311841034708,0.0
2026-04-23,-0.006384149144465823,0.0
2026-04-24,0.0048269443450964416,0.0
2026-04-27,-0.00518045427625431,0.0
2026-04-28,-0.013442522425800692,0.0
2026-04-29,-0.0035650691608143698,0.0
2026-04-30,0.017481799233690722,0.0
2026-05-01,-0.0024162478680038735,0.8255923578551505
2026-05-04,-0.005501830843851505,0.0
2026-05-05,0.008530333224698157,0.0
2026-05-06,0.01034896792085636,0.0
2026-05-07,0.0007378015363625163,0.0
2026-05-08,-0.0005620753655067332,0.0
2026-05-11,-0.009428279707537308,0.0
2026-05-12,-0.0016971740401368215,0.0
2026-05-13,-0.011020467175810318,0.0
2026-05-14,0.002569188158839125,0.0
2026-05-15,-0.009252000408741905,0.0
2026-05-18,0.01245236968142206,0.0
2026-05-19,-0.008053625292805075,0.0
2026-05-20,0.019716527470600882,0.0
2026-05-21,0.0040579039212661015,0.0
2026-05-22,0.008059351451562414,0.0
2026-05-26,0.00331875431325056,0.0
2026-05-27,0.002548130702300158,0.0
2026-05-28,0.015691019092726396,0.0
2026-05-29,0.009756690582446336,0.0
2026-06-01,0.009524305175159897,0.7482697757656961
2026-06-02,-3.2771569731342414e-05,0.0
2026-06-03,-0.004329603651858527,0.006928313393649568
2026-06-04,0.007880129228412063,0.0
2026-06-05,-0.019825175514731033,0.0
2026-06-08,0.002447694602560864,0.0
2026-06-09,0.00977335096715972,0.0
2026-06-10,-0.018727862093920914,0.0
2026-06-11,0.01530662475842838,0.0
2026-06-12,0.008504791550649794,0.0
2026-06-15,0.00911506378206128,0.0
2026-06-16,-0.0022751557380972444,0.0
2026-06-17,-0.018349699514853598,0.0
2026-06-18,0.010650116767557002,0.0
2026-06-22,-0.0037392608015723197,0.0
2026-06-23,-0.010203980012719847,0.0
2026-06-24,0.013765027571466932,0.0
2026-06-25,0.012399864886794057,0.0
2026-06-26,0.0026161936274713233,0.0
2026-06-29,0.003281927463305264,0.0
2026-06-30,0.002121213583963444,0.007314820801609804
