date,membership_names,remaining_membership_eligible,excluded_names,complete_feature_eligible,excluded_fraction,portfolio_window
1999-01-06,64,64,0,0,0.0,False
1999-01-07,64,64,0,0,0.0,False
1999-01-08,64,64,0,0,0.0,False
1999-01-11,64,64,0,0,0.0,False
1999-01-12,64,64,0,0,0.0,False
1999-01-13,64,65,0,0,0.0,False
1999-01-14,65,65,0,0,0.0,False
1999-01-15,65,65,0,0,0.0,False
1999-01-19,65,65,0,0,0.0,False
1999-01-20,65,65,0,0,0.0,False
1999-01-21,65,65,0,0,0.0,False
1999-01-22,65,65,0,0,0.0,False
1999-01-25,65,65,0,0,0.0,False
1999-01-26,65,65,0,0,0.0,False
1999-01-27,65,65,0,0,0.0,False
1999-01-28,65,65,0,0,0.0,False
1999-01-29,65,65,0,0,0.0,False
1999-02-01,65,65,0,0,0.0,False
1999-02-02,65,65,0,0,0.0,False
1999-02-03,65,65,0,0,0.0,False
1999-02-04,65,65,0,0,0.0,False
1999-02-05,65,65,0,0,0.0,False
1999-02-08,65,65,0,0,0.0,False
1999-02-09,65,65,0,0,0.0,False
1999-02-10,65,65,0,0,0.0,False
1999-02-11,65,65,0,0,0.0,False
1999-02-12,65,65,0,0,0.0,False
1999-02-16,65,65,0,0,0.0,False
1999-02-17,65,65,0,0,0.0,False
1999-02-18,65,65,0,0,0.0,False
1999-02-19,65,65,0,0,0.0,False
1999-02-22,65,65,0,0,0.0,False
1999-02-23,65,65,0,0,0.0,False
1999-02-24,65,65,0,0,0.0,False
1999-02-25,65,65,0,0,0.0,False
1999-02-26,65,65,0,0,0.0,False
1999-03-01,65,65,0,0,0.0,False
1999-03-02,65,65,0,0,0.0,False
1999-03-03,65,65,0,0,0.0,False
1999-03-04,65,65,0,0,0.0,False
1999-03-05,65,65,0,0,0.0,False
1999-03-08,65,65,0,0,0.0,False
1999-03-09,65,65,0,0,0.0,False
1999-03-10,65,65,0,0,0.0,False
1999-03-11,65,65,0,0,0.0,False
1999-03-12,65,65,0,0,0.0,False
1999-03-15,65,65,0,0,0.0,False
1999-03-16,65,65,0,0,0.0,False
1999-03-17,65,65,0,0,0.0,False
1999-03-18,65,65,0,0,0.0,False
1999-03-19,65,65,0,0,0.0,False
1999-03-22,65,65,0,0,0.0,False
1999-03-23,65,65,0,0,0.0,False
1999-03-24,65,65,0,0,0.0,False
1999-03-25,65,65,0,0,0.0,False
1999-03-26,65,65,0,0,0.0,False
1999-03-29,65,65,0,0,0.0,False
1999-03-30,65,65,0,0,0.0,False
1999-03-31,65,65,0,0,0.0,False
1999-04-01,65,65,0,0,0.0,False
1999-04-05,65,65,0,0,0.0,False
1999-04-06,65,65,0,0,0.0,False
1999-04-07,65,65,0,0,0.0,False
1999-04-08,65,65,0,0,0.0,False
1999-04-09,65,65,0,0,0.0,False
1999-04-12,65,65,0,0,0.0,False
1999-04-13,65,65,0,0,0.0,False
1999-04-14,65,65,0,0,0.0,False
1999-04-15,65,65,0,0,0.0,False
1999-04-16,65,65,0,0,0.0,False
1999-04-19,65,65,0,0,0.0,False
1999-04-20,65,65,0,0,0.0,False
1999-04-21,65,65,0,0,0.0,False
1999-04-22,65,65,0,0,0.0,False
1999-04-23,65,65,0,0,0.0,False
1999-04-26,65,65,0,0,0.0,False
1999-04-27,65,65,0,0,0.0,False
1999-04-28,65,65,0,0,0.0,False
1999-04-29,65,65,0,0,0.0,False
1999-04-30,65,65,0,0,0.0,False
1999-05-03,65,65,0,0,0.0,False
1999-05-04,65,65,0,0,0.0,False
1999-05-05,65,65,0,0,0.0,False
1999-05-06,65,65,0,0,0.0,False
1999-05-07,65,65,0,0,0.0,False
1999-05-10,65,65,0,0,0.0,False
1999-05-11,65,65,0,0,0.0,False
1999-05-12,65,65,0,0,0.0,False
1999-05-13,65,65,0,0,0.0,False
1999-05-14,65,65,0,0,0.0,False
1999-05-17,65,65,0,0,0.0,False
1999-05-18,65,65,0,0,0.0,False
1999-05-19,65,65,0,0,0.0,False
1999-05-20,65,65,0,0,0.0,False
1999-05-21,65,65,0,0,0.0,False
1999-05-24,65,65,0,0,0.0,False
1999-05-25,65,65,0,0,0.0,False
1999-05-26,65,65,0,0,0.0,False
1999-05-27,65,65,0,0,0.0,False
1999-05-28,65,65,0,0,0.0,False
1999-06-01,65,65,0,0,0.0,False
1999-06-02,65,65,0,0,0.0,False
1999-06-03,65,65,0,0,0.0,False
1999-06-04,65,65,0,0,0.0,False
1999-06-07,65,65,0,0,0.0,False
1999-06-08,65,65,0,0,0.0,False
1999-06-09,65,65,0,0,0.0,False
1999-06-10,65,65,0,0,0.0,False
1999-06-11,65,65,0,0,0.0,False
1999-06-14,65,65,0,0,0.0,False
1999-06-15,65,65,0,0,0.0,False
1999-06-16,65,65,0,0,0.0,False
1999-06-17,65,65,0,0,0.0,False
1999-06-18,65,65,0,0,0.0,False
1999-06-21,65,65,0,0,0.0,False
1999-06-22,65,65,0,0,0.0,False
1999-06-23,65,65,0,0,0.0,False
1999-06-24,65,65,0,0,0.0,False
1999-06-25,65,65,0,0,0.0,False
1999-06-28,65,65,0,0,0.0,False
1999-06-29,65,65,0,0,0.0,False
1999-06-30,65,65,0,0,0.0,False
1999-07-01,65,65,0,0,0.0,False
1999-07-02,65,65,0,0,0.0,False
1999-07-06,65,65,0,0,0.0,False
1999-07-07,65,65,0,0,0.0,False
1999-07-08,65,65,0,0,0.0,False
1999-07-09,65,65,0,0,0.0,False
1999-07-12,65,65,0,0,0.0,False
1999-07-13,65,65,0,0,0.0,False
1999-07-14,65,65,0,0,0.0,False
1999-07-15,65,65,0,0,0.0,False
1999-07-16,65,65,0,0,0.0,False
1999-07-19,65,65,0,0,0.0,False
1999-07-20,65,65,0,0,0.0,False
1999-07-21,65,65,0,0,0.0,False
1999-07-22,65,65,0,0,0.0,False
1999-07-23,65,65,0,0,0.0,False
1999-07-26,65,65,0,0,0.0,False
1999-07-27,65,65,0,0,0.0,False
1999-07-28,65,65,0,0,0.0,False
1999-07-29,65,65,0,0,0.0,False
1999-07-30,65,65,0,0,0.0,False
1999-08-02,65,65,0,0,0.0,False
1999-08-03,65,65,0,0,0.0,False
1999-08-04,65,65,0,0,0.0,False
1999-08-05,65,65,0,0,0.0,False
1999-08-06,65,65,0,0,0.0,False
1999-08-09,65,65,0,0,0.0,False
1999-08-10,65,65,0,0,0.0,False
1999-08-11,65,65,0,0,0.0,False
1999-08-12,65,65,0,0,0.0,False
1999-08-13,65,65,0,0,0.0,False
1999-08-16,65,65,0,0,0.0,False
1999-08-17,65,65,0,0,0.0,False
1999-08-18,65,65,0,0,0.0,False
1999-08-19,65,65,0,0,0.0,False
1999-08-20,65,65,0,0,0.0,False
1999-08-23,65,65,0,0,0.0,False
1999-08-24,65,65,0,0,0.0,False
1999-08-25,65,65,0,0,0.0,False
1999-08-26,65,65,0,0,0.0,False
1999-08-27,65,65,0,0,0.0,False
1999-08-30,65,65,0,0,0.0,False
1999-08-31,65,65,0,0,0.0,False
1999-09-01,65,65,0,0,0.0,False
1999-09-02,65,65,0,0,0.0,False
1999-09-03,65,65,0,0,0.0,False
1999-09-07,65,65,0,0,0.0,False
1999-09-08,65,65,0,0,0.0,False
1999-09-09,65,65,0,0,0.0,False
1999-09-10,65,65,0,0,0.0,False
1999-09-13,65,65,0,0,0.0,False
1999-09-14,65,65,0,0,0.0,False
1999-09-15,65,65,0,0,0.0,False
1999-09-16,65,65,0,0,0.0,False
1999-09-17,65,65,0,0,0.0,False
1999-09-20,65,65,0,0,0.0,False
1999-09-21,65,65,0,0,0.0,False
1999-09-22,65,65,0,0,0.0,False
1999-09-23,65,65,0,0,0.0,False
1999-09-24,65,65,0,0,0.0,False
1999-09-27,65,65,0,0,0.0,False
1999-09-28,65,65,0,0,0.0,False
1999-09-29,65,65,0,0,0.0,False
1999-09-30,65,65,0,0,0.0,False
1999-10-01,65,65,0,0,0.0,False
1999-10-04,65,66,0,0,0.0,False
1999-10-05,66,66,0,0,0.0,False
1999-10-06,66,66,0,0,0.0,False
1999-10-07,66,66,0,0,0.0,False
1999-10-08,66,66,0,0,0.0,False
1999-10-11,66,66,0,0,0.0,False
1999-10-12,66,66,0,0,0.0,False
1999-10-13,66,67,0,0,0.0,False
1999-10-14,67,67,0,0,0.0,False
1999-10-15,67,67,0,0,0.0,False
1999-10-18,67,67,0,0,0.0,False
1999-10-19,67,67,0,0,0.0,False
1999-10-20,67,67,0,0,0.0,False
1999-10-21,67,67,0,0,0.0,False
1999-10-22,67,67,0,0,0.0,False
1999-10-25,67,67,0,0,0.0,False
1999-10-26,67,67,0,0,0.0,False
1999-10-27,67,67,0,0,0.0,False
1999-10-28,67,67,0,0,0.0,False
1999-10-29,67,67,0,0,0.0,False
1999-11-01,67,67,0,0,0.0,False
1999-11-02,67,67,0,0,0.0,False
1999-11-03,67,67,0,0,0.0,False
1999-11-04,67,67,0,0,0.0,False
1999-11-05,67,67,0,0,0.0,False
1999-11-08,67,67,0,0,0.0,False
1999-11-09,67,67,0,0,0.0,False
1999-11-10,67,67,0,0,0.0,False
1999-11-11,67,67,0,0,0.0,False
1999-11-12,67,67,0,0,0.0,False
1999-11-15,67,68,0,0,0.0,False
1999-11-16,68,68,0,0,0.0,False
1999-11-17,68,68,0,0,0.0,False
1999-11-18,68,68,0,0,0.0,False
1999-11-19,68,68,0,0,0.0,False
1999-11-22,68,68,0,0,0.0,False
1999-11-23,68,68,0,0,0.0,False
1999-11-24,68,68,0,0,0.0,False
1999-11-26,68,68,0,0,0.0,False
1999-11-29,68,68,0,0,0.0,False
1999-11-30,68,68,0,0,0.0,False
1999-12-01,68,68,0,0,0.0,False
1999-12-02,68,68,0,0,0.0,False
1999-12-03,68,68,0,0,0.0,False
1999-12-06,68,68,0,0,0.0,False
1999-12-07,68,68,0,0,0.0,False
1999-12-08,68,68,0,0,0.0,False
1999-12-09,68,68,0,0,0.0,False
1999-12-10,68,68,0,0,0.0,False
1999-12-13,68,68,0,0,0.0,False
1999-12-14,68,68,0,0,0.0,False
1999-12-15,68,68,0,0,0.0,False
1999-12-16,68,68,0,0,0.0,False
1999-12-17,68,68,0,0,0.0,False
1999-12-20,68,68,0,0,0.0,False
1999-12-21,68,68,0,0,0.0,False
1999-12-22,68,68,0,0,0.0,False
1999-12-23,68,68,0,0,0.0,False
1999-12-27,68,68,0,0,0.0,False
1999-12-28,68,68,0,0,0.0,False
1999-12-29,68,68,0,0,0.0,False
1999-12-30,68,68,0,0,0.0,False
1999-12-31,68,68,0,0,0.0,False
2000-01-03,68,68,0,0,0.0,False
2000-01-04,68,68,0,64,0.0,False
2000-01-05,68,68,0,64,0.0,False
2000-01-06,68,68,0,64,0.0,False
2000-01-07,68,68,0,64,0.0,False
2000-01-10,68,68,0,64,0.0,False
2000-01-11,68,68,0,64,0.0,False
2000-01-12,68,68,0,65,0.0,False
2000-01-13,68,68,0,65,0.0,False
2000-01-14,68,68,0,65,0.0,False
2000-01-18,68,68,0,65,0.0,False
2000-01-19,68,68,0,65,0.0,False
2000-01-20,68,68,0,65,0.0,False
2000-01-21,68,68,0,65,0.0,False
2000-01-24,68,68,0,65,0.0,False
2000-01-25,68,68,0,65,0.0,False
2000-01-26,68,68,0,65,0.0,False
2000-01-27,68,68,0,65,0.0,False
2000-01-28,68,68,0,65,0.0,False
2000-01-31,68,69,0,65,0.0,False
2000-02-01,69,69,0,65,0.0,False
2000-02-02,69,69,0,65,0.0,False
2000-02-03,69,69,0,65,0.0,False
2000-02-04,69,69,0,65,0.0,False
2000-02-07,69,69,0,65,0.0,False
2000-02-08,69,69,0,65,0.0,False
2000-02-09,69,69,0,65,0.0,False
2000-02-10,69,69,0,65,0.0,False
2000-02-11,69,69,0,65,0.0,False
2000-02-14,69,69,0,65,0.0,False
2000-02-15,69,69,0,65,0.0,False
2000-02-16,69,69,0,65,0.0,False
2000-02-17,69,69,0,65,0.0,False
2000-02-18,69,69,0,65,0.0,False
2000-02-22,69,69,0,65,0.0,False
2000-02-23,69,69,0,65,0.0,False
2000-02-24,69,69,0,65,0.0,False
2000-02-25,69,69,0,65,0.0,False
2000-02-28,69,69,0,65,0.0,False
2000-02-29,69,69,0,65,0.0,False
2000-03-01,69,69,0,65,0.0,False
2000-03-02,69,69,0,65,0.0,False
2000-03-03,69,69,0,65,0.0,False
2000-03-06,69,69,0,65,0.0,False
2000-03-07,69,69,0,65,0.0,False
2000-03-08,69,69,0,65,0.0,False
2000-03-09,69,69,0,65,0.0,False
2000-03-10,69,69,0,65,0.0,False
2000-03-13,69,69,0,65,0.0,False
2000-03-14,69,69,0,65,0.0,False
2000-03-15,69,69,0,65,0.0,False
2000-03-16,69,69,0,65,0.0,False
2000-03-17,69,69,0,65,0.0,False
2000-03-20,69,69,0,65,0.0,False
2000-03-21,69,69,0,65,0.0,False
2000-03-22,69,69,0,65,0.0,False
2000-03-23,69,69,0,65,0.0,False
2000-03-24,69,69,0,65,0.0,False
2000-03-27,69,69,0,65,0.0,False
2000-03-28,69,69,0,65,0.0,False
2000-03-29,69,69,0,65,0.0,False
2000-03-30,69,69,0,65,0.0,False
2000-03-31,69,69,0,65,0.0,False
2000-04-03,69,70,0,65,0.0,False
2000-04-04,70,70,0,65,0.0,False
2000-04-05,70,70,0,65,0.0,False
2000-04-06,70,70,0,65,0.0,False
2000-04-07,70,70,0,65,0.0,False
2000-04-10,70,70,0,65,0.0,False
2000-04-11,70,70,0,65,0.0,False
2000-04-12,70,70,0,65,0.0,False
2000-04-13,70,70,0,65,0.0,False
2000-04-14,70,70,0,65,0.0,False
2000-04-17,70,70,0,65,0.0,False
2000-04-18,70,70,0,65,0.0,False
2000-04-19,70,70,0,65,0.0,False
2000-04-20,70,70,0,65,0.0,False
2000-04-24,70,70,0,65,0.0,False
2000-04-25,70,70,0,65,0.0,False
2000-04-26,70,70,0,65,0.0,False
2000-04-27,70,70,0,65,0.0,False
2000-04-28,70,70,0,65,0.0,False
2000-05-01,70,70,0,65,0.0,False
2000-05-02,70,70,0,65,0.0,False
2000-05-03,70,70,0,65,0.0,False
2000-05-04,70,70,0,65,0.0,False
2000-05-05,70,70,0,65,0.0,False
2000-05-08,70,70,0,65,0.0,False
2000-05-09,70,70,0,65,0.0,False
2000-05-10,70,70,0,65,0.0,False
2000-05-11,70,70,0,65,0.0,False
2000-05-12,70,70,0,65,0.0,False
2000-05-15,70,70,0,65,0.0,False
2000-05-16,70,70,0,65,0.0,False
2000-05-17,70,70,0,65,0.0,False
2000-05-18,70,70,0,65,0.0,False
2000-05-19,70,70,0,65,0.0,False
2000-05-22,70,70,0,65,0.0,False
2000-05-23,70,70,0,65,0.0,False
2000-05-24,70,70,0,65,0.0,False
2000-05-25,70,70,0,65,0.0,False
2000-05-26,70,70,0,65,0.0,False
2000-05-30,70,70,0,65,0.0,False
2000-05-31,70,70,0,65,0.0,False
2000-06-01,70,70,0,65,0.0,False
2000-06-02,70,70,0,65,0.0,False
2000-06-05,70,70,0,65,0.0,False
2000-06-06,70,70,0,65,0.0,False
2000-06-07,70,70,0,65,0.0,False
2000-06-08,70,70,0,65,0.0,False
2000-06-09,70,70,0,65,0.0,False
2000-06-12,70,70,0,65,0.0,False
2000-06-13,70,70,0,65,0.0,False
2000-06-14,70,70,0,65,0.0,False
2000-06-15,70,70,0,65,0.0,False
2000-06-16,70,70,0,65,0.0,False
2000-06-19,70,70,0,65,0.0,False
2000-06-20,70,70,0,65,0.0,False
2000-06-21,70,70,0,65,0.0,False
2000-06-22,70,70,0,65,0.0,False
2000-06-23,70,70,0,65,0.0,False
2000-06-26,70,70,0,65,0.0,False
2000-06-27,70,70,0,65,0.0,False
2000-06-28,70,70,0,65,0.0,False
2000-06-29,70,70,0,65,0.0,False
2000-06-30,70,70,0,65,0.0,False
2000-07-03,70,70,0,65,0.0,False
2000-07-05,70,70,0,65,0.0,False
2000-07-06,70,70,0,65,0.0,False
2000-07-07,70,70,0,65,0.0,False
2000-07-10,70,70,0,65,0.0,False
2000-07-11,70,70,0,65,0.0,False
2000-07-12,70,70,0,65,0.0,False
2000-07-13,70,70,0,65,0.0,False
2000-07-14,70,70,0,65,0.0,False
2000-07-17,70,70,0,65,0.0,False
2000-07-18,70,70,0,65,0.0,False
2000-07-19,70,70,0,65,0.0,False
2000-07-20,70,70,0,65,0.0,False
2000-07-21,70,70,0,65,0.0,False
2000-07-24,70,70,0,65,0.0,False
2000-07-25,70,70,0,65,0.0,False
2000-07-26,70,70,0,65,0.0,False
2000-07-27,70,70,0,65,0.0,False
2000-07-28,70,70,0,65,0.0,False
2000-07-31,70,70,0,65,0.0,False
2000-08-01,70,70,0,65,0.0,False
2000-08-02,70,70,0,65,0.0,False
2000-08-03,70,70,0,65,0.0,False
2000-08-04,70,70,0,65,0.0,False
2000-08-07,70,70,0,65,0.0,False
2000-08-08,70,70,0,65,0.0,False
2000-08-09,70,70,0,65,0.0,False
2000-08-10,70,70,0,65,0.0,False
2000-08-11,70,70,0,65,0.0,False
2000-08-14,70,70,0,65,0.0,False
2000-08-15,70,70,0,65,0.0,False
2000-08-16,70,70,0,65,0.0,False
2000-08-17,70,70,0,65,0.0,False
2000-08-18,70,70,0,65,0.0,False
2000-08-21,70,70,0,65,0.0,False
2000-08-22,70,70,0,65,0.0,False
2000-08-23,70,70,0,65,0.0,False
2000-08-24,70,70,0,65,0.0,False
2000-08-25,70,70,0,65,0.0,False
2000-08-28,70,70,0,65,0.0,False
2000-08-29,70,70,0,65,0.0,False
2000-08-30,70,70,0,65,0.0,False
2000-08-31,70,70,0,65,0.0,False
2000-09-01,70,70,0,65,0.0,False
2000-09-05,70,70,0,65,0.0,False
2000-09-06,70,70,0,65,0.0,False
2000-09-07,70,70,0,65,0.0,False
2000-09-08,70,70,0,65,0.0,False
2000-09-11,70,70,0,65,0.0,False
2000-09-12,70,70,0,65,0.0,False
2000-09-13,70,70,0,65,0.0,False
2000-09-14,70,70,0,65,0.0,False
2000-09-15,70,70,0,65,0.0,False
2000-09-18,70,70,0,65,0.0,False
2000-09-19,70,70,0,65,0.0,False
2000-09-20,70,70,0,65,0.0,False
2000-09-21,70,70,0,65,0.0,False
2000-09-22,70,70,0,65,0.0,False
2000-09-25,70,70,0,65,0.0,False
2000-09-26,70,70,0,65,0.0,False
2000-09-27,70,70,0,65,0.0,False
2000-09-28,70,70,0,65,0.0,False
2000-09-29,70,70,0,65,0.0,False
2000-10-02,70,70,0,66,0.0,False
2000-10-03,70,70,0,66,0.0,False
2000-10-04,70,70,0,66,0.0,False
2000-10-05,70,70,0,66,0.0,False
2000-10-06,70,70,0,66,0.0,False
2000-10-09,70,70,0,66,0.0,False
2000-10-10,70,70,0,66,0.0,False
2000-10-11,70,70,0,67,0.0,False
2000-10-12,70,70,0,67,0.0,False
2000-10-13,70,70,0,67,0.0,False
2000-10-16,70,70,0,67,0.0,False
2000-10-17,70,70,0,67,0.0,False
2000-10-18,70,70,0,67,0.0,False
2000-10-19,70,70,0,67,0.0,False
2000-10-20,70,70,0,67,0.0,False
2000-10-23,70,70,0,67,0.0,False
2000-10-24,70,70,0,67,0.0,False
2000-10-25,70,70,0,67,0.0,False
2000-10-26,70,70,0,67,0.0,False
2000-10-27,70,70,0,67,0.0,False
2000-10-30,70,70,0,67,0.0,False
2000-10-31,70,70,0,67,0.0,False
2000-11-01,70,70,0,67,0.0,False
2000-11-02,70,70,0,67,0.0,False
2000-11-03,70,70,0,67,0.0,False
2000-11-06,70,70,0,67,0.0,False
2000-11-07,70,70,0,67,0.0,False
2000-11-08,70,70,0,67,0.0,False
2000-11-09,70,70,0,67,0.0,False
2000-11-10,70,70,0,67,0.0,False
2000-11-13,70,70,0,68,0.0,False
2000-11-14,70,70,0,68,0.0,False
2000-11-15,70,70,0,68,0.0,False
2000-11-16,70,70,0,68,0.0,False
2000-11-17,70,70,0,68,0.0,False
2000-11-20,70,70,0,68,0.0,False
2000-11-21,70,70,0,68,0.0,False
2000-11-22,70,70,0,68,0.0,False
2000-11-24,70,70,0,68,0.0,False
2000-11-27,70,70,0,68,0.0,False
2000-11-28,70,70,0,68,0.0,False
2000-11-29,70,70,0,68,0.0,False
2000-11-30,70,70,0,68,0.0,False
2000-12-01,70,70,0,68,0.0,False
2000-12-04,70,70,0,68,0.0,False
2000-12-05,70,71,0,68,0.0,False
2000-12-06,71,71,0,68,0.0,False
2000-12-07,71,71,0,68,0.0,False
2000-12-08,71,71,0,68,0.0,False
2000-12-11,71,71,0,68,0.0,False
2000-12-12,71,71,0,68,0.0,False
2000-12-13,71,71,0,68,0.0,False
2000-12-14,71,71,0,68,0.0,False
2000-12-15,71,71,0,68,0.0,False
2000-12-18,71,71,0,68,0.0,False
2000-12-19,71,71,0,68,0.0,False
2000-12-20,71,71,0,68,0.0,False
2000-12-21,71,71,0,68,0.0,False
2000-12-22,71,71,0,68,0.0,False
2000-12-26,71,71,0,68,0.0,False
2000-12-27,71,71,0,68,0.0,False
2000-12-28,71,71,0,68,0.0,False
2000-12-29,71,71,0,68,0.0,False
2001-01-02,71,72,0,68,0.0,False
2001-01-03,72,72,0,68,0.0,False
2001-01-04,72,72,0,68,0.0,False
2001-01-05,72,72,0,68,0.0,False
2001-01-08,72,72,0,68,0.0,False
2001-01-09,72,72,0,68,0.0,False
2001-01-10,72,72,0,68,0.0,False
2001-01-11,72,72,0,68,0.0,False
2001-01-12,72,72,0,68,0.0,False
2001-01-16,72,72,0,68,0.0,False
2001-01-17,72,72,0,68,0.0,False
2001-01-18,72,72,0,68,0.0,False
2001-01-19,72,72,0,68,0.0,False
2001-01-22,72,72,0,68,0.0,False
2001-01-23,72,72,0,68,0.0,False
2001-01-24,72,72,0,68,0.0,False
2001-01-25,72,72,0,68,0.0,False
2001-01-26,72,72,0,68,0.0,False
2001-01-29,72,72,0,68,0.0,False
2001-01-30,72,72,0,69,0.0,False
2001-01-31,72,72,0,69,0.0,False
2001-02-01,72,72,0,69,0.0,False
2001-02-02,72,72,0,69,0.0,False
2001-02-05,72,72,0,69,0.0,False
2001-02-06,72,72,0,69,0.0,False
2001-02-07,72,72,0,69,0.0,False
2001-02-08,72,72,0,69,0.0,False
2001-02-09,72,72,0,69,0.0,False
2001-02-12,72,72,0,69,0.0,False
2001-02-13,72,72,0,69,0.0,False
2001-02-14,72,72,0,69,0.0,False
2001-02-15,72,72,0,69,0.0,False
2001-02-16,72,72,0,69,0.0,False
2001-02-20,72,72,0,69,0.0,False
2001-02-21,72,72,0,69,0.0,False
2001-02-22,72,72,0,69,0.0,False
2001-02-23,72,72,0,69,0.0,False
2001-02-26,72,72,0,69,0.0,False
2001-02-27,72,72,0,69,0.0,False
2001-02-28,72,72,0,69,0.0,False
2001-03-01,72,73,0,69,0.0,False
2001-03-02,73,73,0,69,0.0,False
2001-03-05,73,73,0,69,0.0,False
2001-03-06,73,73,0,69,0.0,False
2001-03-07,73,73,0,69,0.0,False
2001-03-08,73,73,0,69,0.0,False
2001-03-09,73,73,0,69,0.0,False
2001-03-12,73,73,0,69,0.0,False
2001-03-13,73,73,0,69,0.0,False
2001-03-14,73,73,0,69,0.0,False
2001-03-15,73,73,0,69,0.0,False
2001-03-16,73,73,0,69,0.0,False
2001-03-19,73,73,0,69,0.0,False
2001-03-20,73,73,0,69,0.0,False
2001-03-21,73,73,0,69,0.0,False
2001-03-22,73,73,0,69,0.0,False
2001-03-23,73,73,0,69,0.0,False
2001-03-26,73,73,0,69,0.0,False
2001-03-27,73,73,0,69,0.0,False
2001-03-28,73,73,0,69,0.0,False
2001-03-29,73,73,0,69,0.0,False
2001-03-30,73,73,0,69,0.0,False
2001-04-02,73,73,0,69,0.0,False
2001-04-03,73,73,0,70,0.0,False
2001-04-04,73,73,0,70,0.0,False
2001-04-05,73,73,0,70,0.0,False
2001-04-06,73,73,0,70,0.0,False
2001-04-09,73,73,0,70,0.0,False
2001-04-10,73,73,0,70,0.0,False
2001-04-11,73,73,0,70,0.0,False
2001-04-12,73,73,0,70,0.0,False
2001-04-16,73,73,0,70,0.0,False
2001-04-17,73,73,0,70,0.0,False
2001-04-18,73,73,0,70,0.0,False
2001-04-19,73,73,0,70,0.0,False
2001-04-20,73,73,0,70,0.0,False
2001-04-23,73,73,0,70,0.0,False
2001-04-24,73,73,0,70,0.0,False
2001-04-25,73,73,0,70,0.0,False
2001-04-26,73,73,0,70,0.0,False
2001-04-27,73,73,0,70,0.0,False
2001-04-30,73,73,0,70,0.0,False
2001-05-01,73,73,0,70,0.0,False
2001-05-02,73,73,0,70,0.0,False
2001-05-03,73,73,0,70,0.0,False
2001-05-04,73,73,0,70,0.0,False
2001-05-07,73,73,0,70,0.0,False
2001-05-08,73,73,0,70,0.0,False
2001-05-09,73,73,0,70,0.0,False
2001-05-10,73,73,0,70,0.0,False
2001-05-11,73,73,0,70,0.0,False
2001-05-14,73,73,0,70,0.0,False
2001-05-15,73,73,0,70,0.0,False
2001-05-16,73,73,0,70,0.0,False
2001-05-17,73,73,0,70,0.0,False
2001-05-18,73,73,0,70,0.0,False
2001-05-21,73,73,0,70,0.0,False
2001-05-22,73,73,0,70,0.0,False
2001-05-23,73,73,0,70,0.0,False
2001-05-24,73,73,0,70,0.0,False
2001-05-25,73,73,0,70,0.0,False
2001-05-29,73,73,0,70,0.0,False
2001-05-30,73,73,0,70,0.0,False
2001-05-31,73,73,0,70,0.0,False
2001-06-01,73,73,0,70,0.0,False
2001-06-04,73,74,0,70,0.0,False
2001-06-05,74,74,0,70,0.0,False
2001-06-06,74,74,0,70,0.0,False
2001-06-07,74,74,0,70,0.0,False
2001-06-08,74,74,0,70,0.0,False
2001-06-11,74,74,0,70,0.0,False
2001-06-12,74,74,0,70,0.0,False
2001-06-13,74,74,0,70,0.0,False
2001-06-14,74,74,0,70,0.0,False
2001-06-15,74,74,0,70,0.0,False
2001-06-18,74,74,0,70,0.0,False
2001-06-19,74,74,0,70,0.0,False
2001-06-20,74,74,0,70,0.0,False
2001-06-21,74,74,0,70,0.0,False
2001-06-22,74,74,0,70,0.0,False
2001-06-25,74,74,0,70,0.0,False
2001-06-26,74,74,0,70,0.0,False
2001-06-27,74,74,0,70,0.0,False
2001-06-28,74,74,0,70,0.0,False
2001-06-29,74,74,0,70,0.0,False
2001-07-02,74,74,0,70,0.0,False
2001-07-03,74,74,0,70,0.0,False
2001-07-05,74,74,0,70,0.0,False
2001-07-06,74,74,0,70,0.0,False
2001-07-09,74,74,0,70,0.0,False
2001-07-10,74,74,0,70,0.0,False
2001-07-11,74,74,0,70,0.0,False
2001-07-12,74,74,0,70,0.0,False
2001-07-13,74,74,0,70,0.0,False
2001-07-16,74,74,0,70,0.0,False
2001-07-17,74,74,0,70,0.0,False
2001-07-18,74,74,0,70,0.0,False
2001-07-19,74,74,0,70,0.0,False
2001-07-20,74,74,0,70,0.0,False
2001-07-23,74,74,0,70,0.0,False
2001-07-24,74,74,0,70,0.0,False
2001-07-25,74,74,0,70,0.0,False
2001-07-26,74,74,0,70,0.0,False
2001-07-27,74,74,0,70,0.0,False
2001-07-30,74,74,0,70,0.0,False
2001-07-31,74,74,0,70,0.0,False
2001-08-01,74,74,0,70,0.0,False
2001-08-02,74,74,0,70,0.0,False
2001-08-03,74,74,0,70,0.0,False
2001-08-06,74,75,0,70,0.0,False
2001-08-07,75,76,0,70,0.0,False
2001-08-08,76,76,0,70,0.0,False
2001-08-09,76,76,0,70,0.0,False
2001-08-10,76,76,0,70,0.0,False
2001-08-13,76,76,0,70,0.0,False
2001-08-14,76,76,0,70,0.0,False
2001-08-15,76,76,0,70,0.0,False
2001-08-16,76,76,0,70,0.0,False
2001-08-17,76,76,0,70,0.0,False
2001-08-20,76,76,0,70,0.0,False
2001-08-21,76,76,0,70,0.0,False
2001-08-22,76,76,0,70,0.0,False
2001-08-23,76,76,0,70,0.0,False
2001-08-24,76,76,0,70,0.0,False
2001-08-27,76,76,0,70,0.0,False
2001-08-28,76,76,0,70,0.0,False
2001-08-29,76,76,0,70,0.0,False
2001-08-30,75,75,0,69,0.0,False
2001-08-31,75,75,0,69,0.0,False
2001-09-04,75,75,0,69,0.0,False
2001-09-05,75,75,0,69,0.0,False
2001-09-06,75,75,0,69,0.0,False
2001-09-07,75,75,0,69,0.0,False
2001-09-10,75,75,0,69,0.0,False
2001-09-17,75,75,0,69,0.0,False
2001-09-18,75,75,0,69,0.0,False
2001-09-19,75,75,0,69,0.0,False
2001-09-20,75,75,0,69,0.0,False
2001-09-21,75,75,0,69,0.0,False
2001-09-24,75,75,0,69,0.0,False
2001-09-25,75,75,0,69,0.0,False
2001-09-26,75,75,0,69,0.0,False
2001-09-27,75,75,0,69,0.0,False
2001-09-28,75,75,0,69,0.0,False
2001-10-01,75,75,0,69,0.0,False
2001-10-02,75,75,0,69,0.0,False
2001-10-03,75,75,0,69,0.0,False
2001-10-04,75,75,0,69,0.0,False
2001-10-05,75,75,0,69,0.0,False
2001-10-08,75,75,0,69,0.0,False
2001-10-09,75,75,0,69,0.0,False
2001-10-10,75,75,0,69,0.0,False
2001-10-11,75,75,0,69,0.0,False
2001-10-12,75,75,0,69,0.0,False
2001-10-15,75,75,0,69,0.0,False
2001-10-16,75,75,0,69,0.0,False
2001-10-17,75,75,0,69,0.0,False
2001-10-18,75,75,0,69,0.0,False
2001-10-19,75,75,0,69,0.0,False
2001-10-22,75,75,0,69,0.0,False
2001-10-23,75,75,0,69,0.0,False
2001-10-24,75,75,0,69,0.0,False
2001-10-25,75,75,0,69,0.0,False
2001-10-26,75,75,0,69,0.0,False
2001-10-29,75,75,0,69,0.0,False
2001-10-30,75,75,0,69,0.0,False
2001-10-31,75,75,0,69,0.0,False
2001-11-01,75,75,0,69,0.0,False
2001-11-02,75,75,0,69,0.0,False
2001-11-05,75,75,0,69,0.0,False
2001-11-06,75,75,0,69,0.0,False
2001-11-07,75,75,0,69,0.0,False
2001-11-08,75,75,0,69,0.0,False
2001-11-09,75,75,0,69,0.0,False
2001-11-12,75,75,0,69,0.0,False
2001-11-13,75,75,0,69,0.0,False
2001-11-14,75,75,0,69,0.0,False
2001-11-15,75,75,0,69,0.0,False
2001-11-16,75,75,0,69,0.0,False
2001-11-19,75,75,0,69,0.0,False
2001-11-20,75,75,0,69,0.0,False
2001-11-21,75,75,0,69,0.0,False
2001-11-23,75,75,0,69,0.0,False
2001-11-26,75,75,0,69,0.0,False
2001-11-27,75,75,0,69,0.0,False
2001-11-28,75,75,0,69,0.0,False
2001-11-29,75,75,0,69,0.0,False
2001-11-30,75,75,0,69,0.0,False
2001-12-03,75,75,0,69,0.0,False
2001-12-04,75,75,0,69,0.0,False
2001-12-05,75,75,0,69,0.0,False
2001-12-06,75,75,0,69,0.0,False
2001-12-07,75,75,0,69,0.0,False
2001-12-10,75,75,0,69,0.0,False
2001-12-11,75,75,0,70,0.0,False
2001-12-12,75,75,0,70,0.0,False
2001-12-13,75,75,0,70,0.0,False
2001-12-14,75,75,0,70,0.0,False
2001-12-17,75,75,0,70,0.0,False
2001-12-18,75,75,0,70,0.0,False
2001-12-19,75,75,0,70,0.0,False
2001-12-20,75,75,0,70,0.0,False
2001-12-21,75,75,0,70,0.0,False
2001-12-24,75,75,0,70,0.0,False
2001-12-26,75,75,0,70,0.0,False
2001-12-27,75,75,0,70,0.0,False
2001-12-28,75,75,0,70,0.0,False
2001-12-31,75,75,0,70,0.0,False
2002-01-02,75,77,0,70,0.0,False
2002-01-03,77,77,0,70,0.0,False
2002-01-04,77,77,0,70,0.0,False
2002-01-07,77,77,0,70,0.0,False
2002-01-08,77,77,0,71,0.0,False
2002-01-09,77,77,0,71,0.0,False
2002-01-10,77,77,0,71,0.0,False
2002-01-11,77,77,0,71,0.0,False
2002-01-14,77,77,0,71,0.0,False
2002-01-15,77,77,0,71,0.0,False
2002-01-16,77,77,0,71,0.0,False
2002-01-17,77,77,0,71,0.0,False
2002-01-18,77,77,0,71,0.0,False
2002-01-22,77,77,0,71,0.0,False
2002-01-23,77,77,0,71,0.0,False
2002-01-24,77,77,0,71,0.0,False
2002-01-25,77,77,0,71,0.0,False
2002-01-28,77,77,0,71,0.0,False
2002-01-29,77,77,0,71,0.0,False
2002-01-30,77,77,0,71,0.0,False
2002-01-31,77,77,0,71,0.0,False
2002-02-01,77,77,0,71,0.0,False
2002-02-04,77,77,0,71,0.0,False
2002-02-05,77,77,0,71,0.0,False
2002-02-06,77,77,0,71,0.0,False
2002-02-07,77,77,0,71,0.0,False
2002-02-08,77,77,0,71,0.0,False
2002-02-11,77,77,0,71,0.0,False
2002-02-12,77,77,0,71,0.0,False
2002-02-13,77,77,0,71,0.0,False
2002-02-14,77,77,0,71,0.0,False
2002-02-15,77,77,0,71,0.0,False
2002-02-19,77,77,0,71,0.0,False
2002-02-20,77,77,0,71,0.0,False
2002-02-21,77,77,0,71,0.0,False
2002-02-22,77,77,0,71,0.0,False
2002-02-25,77,77,0,71,0.0,False
2002-02-26,77,77,0,71,0.0,False
2002-02-27,77,77,0,71,0.0,False
2002-02-28,77,77,0,71,0.0,False
2002-03-01,77,77,0,71,0.0,False
2002-03-04,77,77,0,71,0.0,False
2002-03-05,77,77,0,71,0.0,False
2002-03-06,77,77,0,71,0.0,False
2002-03-07,77,77,0,72,0.0,False
2002-03-08,77,77,0,72,0.0,False
2002-03-11,77,77,0,72,0.0,False
2002-03-12,77,77,0,72,0.0,False
2002-03-13,77,77,0,72,0.0,False
2002-03-14,77,77,0,72,0.0,False
2002-03-15,77,77,0,72,0.0,False
2002-03-18,77,77,0,72,0.0,False
2002-03-19,77,77,0,72,0.0,False
2002-03-20,77,77,0,72,0.0,False
2002-03-21,77,77,0,72,0.0,False
2002-03-22,77,77,0,72,0.0,False
2002-03-25,77,77,0,72,0.0,False
2002-03-26,77,77,0,72,0.0,False
2002-03-27,77,77,0,72,0.0,False
2002-03-28,77,77,0,72,0.0,False
2002-04-01,77,77,0,72,0.0,False
2002-04-02,77,77,0,72,0.0,False
2002-04-03,77,77,0,72,0.0,False
2002-04-04,77,77,0,72,0.0,False
2002-04-05,77,77,0,72,0.0,False
2002-04-08,77,77,0,72,0.0,False
2002-04-09,77,77,0,72,0.0,False
2002-04-10,77,77,0,72,0.0,False
2002-04-11,77,77,0,72,0.0,False
2002-04-12,77,77,0,72,0.0,False
2002-04-15,77,77,0,72,0.0,False
2002-04-16,77,77,0,72,0.0,False
2002-04-17,77,77,0,72,0.0,False
2002-04-18,77,77,0,72,0.0,False
2002-04-19,77,77,0,72,0.0,False
2002-04-22,77,77,0,72,0.0,False
2002-04-23,77,77,0,72,0.0,False
2002-04-24,77,77,0,72,0.0,False
2002-04-25,77,77,0,72,0.0,False
2002-04-26,77,77,0,72,0.0,False
2002-04-29,77,77,0,72,0.0,False
2002-04-30,77,77,0,72,0.0,False
2002-05-01,77,77,0,72,0.0,False
2002-05-02,77,77,0,72,0.0,False
2002-05-03,77,77,0,72,0.0,False
2002-05-06,77,77,0,72,0.0,False
2002-05-07,77,77,0,72,0.0,False
2002-05-08,77,77,0,72,0.0,False
2002-05-09,77,77,0,72,0.0,False
2002-05-10,77,77,0,72,0.0,False
2002-05-13,77,77,0,72,0.0,False
2002-05-14,77,77,0,72,0.0,False
2002-05-15,77,77,0,72,0.0,False
2002-05-16,77,77,0,72,0.0,False
2002-05-17,77,77,0,72,0.0,False
2002-05-20,77,77,0,72,0.0,False
2002-05-21,77,77,0,72,0.0,False
2002-05-22,77,77,0,72,0.0,False
2002-05-23,77,77,0,72,0.0,False
2002-05-24,77,77,0,72,0.0,False
2002-05-28,77,77,0,72,0.0,False
2002-05-29,77,77,0,72,0.0,False
2002-05-30,77,77,0,72,0.0,False
2002-05-31,77,77,0,72,0.0,False
2002-06-03,77,77,0,72,0.0,False
2002-06-04,77,77,0,72,0.0,False
2002-06-05,77,77,0,72,0.0,False
2002-06-06,77,77,0,72,0.0,False
2002-06-07,77,77,0,72,0.0,False
2002-06-10,77,77,0,73,0.0,False
2002-06-11,77,77,0,73,0.0,False
2002-06-12,77,77,0,73,0.0,False
2002-06-13,77,77,0,73,0.0,False
2002-06-14,77,77,0,73,0.0,False
2002-06-17,77,77,0,73,0.0,False
2002-06-18,77,77,0,73,0.0,False
2002-06-19,77,77,0,73,0.0,False
2002-06-20,77,77,0,73,0.0,False
2002-06-21,77,77,0,73,0.0,False
2002-06-24,77,77,0,73,0.0,False
2002-06-25,77,77,0,73,0.0,False
2002-06-26,77,77,0,73,0.0,False
2002-06-27,77,77,0,73,0.0,False
2002-06-28,77,77,0,73,0.0,False
2002-07-01,77,77,0,73,0.0,False
2002-07-02,77,77,0,73,0.0,False
2002-07-03,77,77,0,73,0.0,False
2002-07-05,77,77,0,73,0.0,False
2002-07-08,77,77,0,73,0.0,False
2002-07-09,77,77,0,73,0.0,False
2002-07-10,77,77,0,73,0.0,False
2002-07-11,77,77,0,73,0.0,False
2002-07-12,77,77,0,73,0.0,False
2002-07-15,77,77,0,73,0.0,False
2002-07-16,77,77,0,73,0.0,False
2002-07-17,77,77,0,73,0.0,False
2002-07-18,77,77,0,73,0.0,False
2002-07-19,77,77,0,73,0.0,False
2002-07-22,77,80,0,73,0.0,False
2002-07-23,80,80,0,73,0.0,False
2002-07-24,80,80,0,73,0.0,False
2002-07-25,79,79,0,73,0.0,False
2002-07-26,79,79,0,73,0.0,False
2002-07-29,79,79,0,73,0.0,False
2002-07-30,79,79,0,73,0.0,False
2002-07-31,79,79,0,73,0.0,False
2002-08-01,79,79,0,73,0.0,False
2002-08-02,79,79,0,73,0.0,False
2002-08-05,79,79,0,73,0.0,False
2002-08-06,79,79,0,73,0.0,False
2002-08-07,79,79,0,73,0.0,False
2002-08-08,79,79,0,73,0.0,False
2002-08-09,79,79,0,73,0.0,False
2002-08-12,79,79,0,74,0.0,False
2002-08-13,79,79,0,75,0.0,False
2002-08-14,79,79,0,75,0.0,False
2002-08-15,79,79,0,75,0.0,False
2002-08-16,79,79,0,75,0.0,False
2002-08-19,79,79,0,75,0.0,False
2002-08-20,79,79,0,75,0.0,False
2002-08-21,79,79,0,75,0.0,False
2002-08-22,79,79,0,75,0.0,False
2002-08-23,79,79,0,75,0.0,False
2002-08-26,79,79,0,75,0.0,False
2002-08-27,79,79,0,75,0.0,False
2002-08-28,79,79,0,75,0.0,False
2002-08-29,79,79,0,75,0.0,False
2002-08-30,79,79,0,75,0.0,False
2002-09-03,79,79,0,75,0.0,False
2002-09-04,79,79,0,75,0.0,False
2002-09-05,79,79,0,75,0.0,False
2002-09-06,79,79,0,75,0.0,False
2002-09-09,79,79,0,75,0.0,False
2002-09-10,79,79,0,75,0.0,False
2002-09-11,79,79,0,75,0.0,False
2002-09-12,79,79,0,75,0.0,False
2002-09-13,79,79,0,75,0.0,False
2002-09-16,79,79,0,75,0.0,False
2002-09-17,79,79,0,75,0.0,False
2002-09-18,79,79,0,75,0.0,False
2002-09-19,79,79,0,75,0.0,False
2002-09-20,79,79,0,75,0.0,False
2002-09-23,79,79,0,75,0.0,False
2002-09-24,79,79,0,75,0.0,False
2002-09-25,79,79,0,75,0.0,False
2002-09-26,79,79,0,75,0.0,False
2002-09-27,79,79,0,75,0.0,False
2002-09-30,79,79,0,75,0.0,False
2002-10-01,79,79,0,75,0.0,False
2002-10-02,79,79,0,75,0.0,False
2002-10-03,79,79,0,75,0.0,False
2002-10-04,79,79,0,75,0.0,False
2002-10-07,79,79,0,75,0.0,False
2002-10-08,79,79,0,75,0.0,False
2002-10-09,79,79,0,75,0.0,False
2002-10-10,79,79,0,75,0.0,False
2002-10-11,79,79,0,75,0.0,False
2002-10-14,79,79,0,75,0.0,False
2002-10-15,79,79,0,75,0.0,False
2002-10-16,79,79,0,75,0.0,False
2002-10-17,79,79,0,75,0.0,False
2002-10-18,79,79,0,75,0.0,False
2002-10-21,79,79,0,75,0.0,False
2002-10-22,79,79,0,75,0.0,False
2002-10-23,79,79,0,75,0.0,False
2002-10-24,79,79,0,75,0.0,False
2002-10-25,79,79,0,75,0.0,False
2002-10-28,79,79,0,75,0.0,False
2002-10-29,79,79,0,75,0.0,False
2002-10-30,79,79,0,75,0.0,False
2002-10-31,79,79,0,75,0.0,False
2002-11-01,79,79,0,75,0.0,False
2002-11-04,79,79,0,75,0.0,False
2002-11-05,79,79,0,75,0.0,False
2002-11-06,79,79,0,75,0.0,False
2002-11-07,79,79,0,75,0.0,False
2002-11-08,79,79,0,75,0.0,False
2002-11-11,79,79,0,75,0.0,False
2002-11-12,79,79,0,75,0.0,False
2002-11-13,79,79,0,75,0.0,False
2002-11-14,79,79,0,75,0.0,False
2002-11-15,79,79,0,75,0.0,False
2002-11-18,79,79,0,75,0.0,False
2002-11-19,79,79,0,75,0.0,False
2002-11-20,79,79,0,75,0.0,False
2002-11-21,79,79,0,75,0.0,False
2002-11-22,79,79,0,75,0.0,False
2002-11-25,79,79,0,75,0.0,False
2002-11-26,79,79,0,75,0.0,False
2002-11-27,79,79,0,75,0.0,False
2002-11-29,79,79,0,75,0.0,False
2002-12-02,79,79,0,75,0.0,False
2002-12-03,79,79,0,75,0.0,False
2002-12-04,79,79,0,75,0.0,False
2002-12-05,79,79,0,75,0.0,False
2002-12-06,79,79,0,75,0.0,False
2002-12-09,79,79,0,75,0.0,False
2002-12-10,79,79,0,75,0.0,False
2002-12-11,79,79,0,75,0.0,False
2002-12-12,79,80,0,75,0.0,False
2002-12-13,80,80,0,75,0.0,False
2002-12-16,80,80,0,75,0.0,False
2002-12-17,80,80,0,75,0.0,False
2002-12-18,80,80,0,75,0.0,False
2002-12-19,80,80,0,75,0.0,False
2002-12-20,80,80,0,75,0.0,False
2002-12-23,80,80,0,75,0.0,False
2002-12-24,80,80,0,75,0.0,False
2002-12-26,80,80,0,75,0.0,False
2002-12-27,80,80,0,75,0.0,False
2002-12-30,80,80,0,75,0.0,False
2002-12-31,80,80,0,75,0.0,False
2003-01-02,80,80,0,76,0.0,False
2003-01-03,80,80,0,76,0.0,False
2003-01-06,80,80,0,76,0.0,False
2003-01-07,80,80,0,76,0.0,False
2003-01-08,80,80,0,76,0.0,False
2003-01-09,80,80,0,76,0.0,False
2003-01-10,80,80,0,76,0.0,False
2003-01-13,80,80,0,76,0.0,False
2003-01-14,80,80,0,76,0.0,False
2003-01-15,80,80,0,76,0.0,False
2003-01-16,80,80,0,76,0.0,False
2003-01-17,80,80,0,76,0.0,False
2003-01-21,80,80,0,76,0.0,False
2003-01-22,80,80,0,76,0.0,False
2003-01-23,80,80,0,76,0.0,False
2003-01-24,80,80,0,76,0.0,False
2003-01-27,80,80,0,76,0.0,False
2003-01-28,80,80,0,76,0.0,False
2003-01-29,80,80,0,76,0.0,False
2003-01-30,80,80,0,76,0.0,False
2003-01-31,80,80,0,76,0.0,False
2003-02-03,80,80,0,76,0.0,False
2003-02-04,80,80,0,76,0.0,False
2003-02-05,80,80,0,76,0.0,False
2003-02-06,80,80,0,76,0.0,False
2003-02-07,80,80,0,76,0.0,False
2003-02-10,80,80,0,76,0.0,False
2003-02-11,80,80,0,76,0.0,False
2003-02-12,80,80,0,76,0.0,False
2003-02-13,80,80,0,76,0.0,False
2003-02-14,80,80,0,76,0.0,False
2003-02-18,80,80,0,76,0.0,False
2003-02-19,80,80,0,76,0.0,False
2003-02-20,80,80,0,76,0.0,False
2003-02-21,80,80,0,76,0.0,False
2003-02-24,80,81,0,76,0.0,False
2003-02-25,81,81,0,76,0.0,False
2003-02-26,81,81,0,76,0.0,False
2003-02-27,81,81,0,76,0.0,False
2003-02-28,81,81,0,76,0.0,False
2003-03-03,81,81,0,76,0.0,False
2003-03-04,81,81,0,76,0.0,False
2003-03-05,81,81,0,76,0.0,False
2003-03-06,81,81,0,76,0.0,False
2003-03-07,81,81,0,76,0.0,False
2003-03-10,81,81,0,76,0.0,False
2003-03-11,81,81,0,76,0.0,False
2003-03-12,81,81,0,76,0.0,False
2003-03-13,81,81,0,76,0.0,False
2003-03-14,81,81,0,76,0.0,False
2003-03-17,81,81,0,76,0.0,False
2003-03-18,81,81,0,76,0.0,False
2003-03-19,81,81,0,76,0.0,False
2003-03-20,81,81,0,76,0.0,False
2003-03-21,81,82,0,76,0.0,False
2003-03-24,82,82,0,76,0.0,False
2003-03-25,82,82,0,76,0.0,False
2003-03-26,82,82,0,76,0.0,False
2003-03-27,82,82,0,76,0.0,False
2003-03-28,82,82,0,76,0.0,False
2003-03-31,82,82,0,76,0.0,False
2003-04-01,82,82,0,76,0.0,False
2003-04-02,82,82,0,76,0.0,False
2003-04-03,82,82,0,76,0.0,False
2003-04-04,82,82,0,76,0.0,False
2003-04-07,82,82,0,76,0.0,False
2003-04-08,82,82,0,76,0.0,False
2003-04-09,82,82,0,76,0.0,False
2003-04-10,82,82,0,76,0.0,False
2003-04-11,82,82,0,76,0.0,False
2003-04-14,82,82,0,76,0.0,False
2003-04-15,82,82,0,76,0.0,False
2003-04-16,82,82,0,76,0.0,False
2003-04-17,82,82,0,76,0.0,False
2003-04-21,82,82,0,76,0.0,False
2003-04-22,82,82,0,76,0.0,False
2003-04-23,82,82,0,76,0.0,False
2003-04-24,82,82,0,76,0.0,False
2003-04-25,82,82,0,76,0.0,False
2003-04-28,82,82,0,76,0.0,False
2003-04-29,82,82,0,76,0.0,False
2003-04-30,82,82,0,76,0.0,False
2003-05-01,82,82,0,76,0.0,False
2003-05-02,82,82,0,76,0.0,False
2003-05-05,82,82,0,76,0.0,False
2003-05-06,82,82,0,76,0.0,False
2003-05-07,82,82,0,76,0.0,False
2003-05-08,82,82,0,76,0.0,False
2003-05-09,82,82,0,76,0.0,False
2003-05-12,82,82,0,76,0.0,False
2003-05-13,82,82,0,76,0.0,False
2003-05-14,82,82,0,76,0.0,False
2003-05-15,82,82,0,76,0.0,False
2003-05-16,82,82,0,76,0.0,False
2003-05-19,82,82,0,76,0.0,False
2003-05-20,82,82,0,76,0.0,False
2003-05-21,82,82,0,76,0.0,False
2003-05-22,82,82,0,76,0.0,False
2003-05-23,82,82,0,76,0.0,False
2003-05-27,82,82,0,76,0.0,False
2003-05-28,82,82,0,76,0.0,False
2003-05-29,82,82,0,76,0.0,False
2003-05-30,82,82,0,76,0.0,False
2003-06-02,82,82,0,76,0.0,False
2003-06-03,82,82,0,76,0.0,False
2003-06-04,82,82,0,76,0.0,False
2003-06-05,82,82,0,76,0.0,False
2003-06-06,82,82,0,76,0.0,False
2003-06-09,82,82,0,76,0.0,False
2003-06-10,82,82,0,76,0.0,False
2003-06-11,82,82,0,76,0.0,False
2003-06-12,82,82,0,76,0.0,False
2003-06-13,82,82,0,76,0.0,False
2003-06-16,82,82,0,76,0.0,False
2003-06-17,82,82,0,76,0.0,False
2003-06-18,82,82,0,76,0.0,False
2003-06-19,82,82,0,76,0.0,False
2003-06-20,82,82,0,76,0.0,False
2003-06-23,82,82,0,76,0.0,False
2003-06-24,82,82,0,76,0.0,False
2003-06-25,82,82,0,76,0.0,False
2003-06-26,82,82,0,76,0.0,False
2003-06-27,82,82,0,76,0.0,False
2003-06-30,82,82,0,76,0.0,False
2003-07-01,82,82,0,76,0.0,False
2003-07-02,82,82,0,76,0.0,False
2003-07-03,82,82,0,76,0.0,False
2003-07-07,82,82,0,76,0.0,False
2003-07-08,82,82,0,76,0.0,False
2003-07-09,82,82,0,76,0.0,False
2003-07-10,82,82,0,76,0.0,False
2003-07-11,82,82,0,76,0.0,False
2003-07-14,82,82,0,76,0.0,False
2003-07-15,82,82,0,76,0.0,False
2003-07-16,82,82,0,76,0.0,False
2003-07-17,82,83,0,76,0.0,False
2003-07-18,83,83,0,76,0.0,False
2003-07-21,83,83,0,76,0.0,False
2003-07-22,83,83,0,79,0.0,False
2003-07-23,83,83,0,79,0.0,False
2003-07-24,83,83,0,79,0.0,False
2003-07-25,83,83,0,79,0.0,False
2003-07-28,83,83,0,79,0.0,False
2003-07-29,83,83,0,79,0.0,False
2003-07-30,83,83,0,79,0.0,False
2003-07-31,83,83,0,79,0.0,False
2003-08-01,83,83,0,79,0.0,False
2003-08-04,83,83,0,79,0.0,False
2003-08-05,83,83,0,79,0.0,False
2003-08-06,83,83,0,79,0.0,False
2003-08-07,83,83,0,79,0.0,False
2003-08-08,83,83,0,79,0.0,False
2003-08-11,83,83,0,79,0.0,False
2003-08-12,83,83,0,79,0.0,False
2003-08-13,83,83,0,79,0.0,False
2003-08-14,83,83,0,79,0.0,False
2003-08-15,83,83,0,79,0.0,False
2003-08-18,83,83,0,79,0.0,False
2003-08-19,83,83,0,79,0.0,False
2003-08-20,83,83,0,79,0.0,False
2003-08-21,83,83,0,79,0.0,False
2003-08-22,83,83,0,79,0.0,False
2003-08-25,83,83,0,79,0.0,False
2003-08-26,83,83,0,79,0.0,False
2003-08-27,83,83,0,79,0.0,False
2003-08-28,83,83,0,79,0.0,False
2003-08-29,83,83,0,79,0.0,False
2003-09-02,83,83,0,79,0.0,False
2003-09-03,83,83,0,79,0.0,False
2003-09-04,83,83,0,79,0.0,False
2003-09-05,83,83,0,79,0.0,False
2003-09-08,83,83,0,79,0.0,False
2003-09-09,83,83,0,79,0.0,False
2003-09-10,83,83,0,79,0.0,False
2003-09-11,83,83,0,79,0.0,False
2003-09-12,83,83,0,79,0.0,False
2003-09-15,83,83,0,79,0.0,False
2003-09-16,83,83,0,79,0.0,False
2003-09-17,83,83,0,79,0.0,False
2003-09-18,83,83,0,79,0.0,False
2003-09-19,83,83,0,79,0.0,False
2003-09-22,83,83,0,79,0.0,False
2003-09-23,83,83,0,79,0.0,False
2003-09-24,83,83,0,79,0.0,False
2003-09-25,83,83,0,79,0.0,False
2003-09-26,83,83,0,79,0.0,False
2003-09-29,83,83,0,79,0.0,False
2003-09-30,83,83,0,79,0.0,False
2003-10-01,83,83,0,79,0.0,False
2003-10-02,83,83,0,79,0.0,False
2003-10-03,83,83,0,79,0.0,False
2003-10-06,83,83,0,79,0.0,False
2003-10-07,83,83,0,79,0.0,False
2003-10-08,83,83,0,79,0.0,False
2003-10-09,83,83,0,79,0.0,False
2003-10-10,83,83,0,79,0.0,False
2003-10-13,83,83,0,79,0.0,False
2003-10-14,83,83,0,79,0.0,False
2003-10-15,83,83,0,79,0.0,False
2003-10-16,83,83,0,79,0.0,False
2003-10-17,83,83,0,79,0.0,False
2003-10-20,83,83,0,79,0.0,False
2003-10-21,83,83,0,79,0.0,False
2003-10-22,83,83,0,79,0.0,False
2003-10-23,83,83,0,79,0.0,False
2003-10-24,83,83,0,79,0.0,False
2003-10-27,83,83,0,79,0.0,False
2003-10-28,83,83,0,79,0.0,False
2003-10-29,83,83,0,79,0.0,False
2003-10-30,83,83,0,79,0.0,False
2003-10-31,83,83,0,79,0.0,False
2003-11-03,83,83,0,79,0.0,False
2003-11-04,83,83,0,79,0.0,False
2003-11-05,83,83,0,79,0.0,False
2003-11-06,83,83,0,79,0.0,False
2003-11-07,83,83,0,79,0.0,False
2003-11-10,83,83,0,79,0.0,False
2003-11-11,83,83,0,79,0.0,False
2003-11-12,83,83,0,79,0.0,False
2003-11-13,83,84,0,79,0.0,False
2003-11-14,84,84,0,79,0.0,False
2003-11-17,84,84,0,79,0.0,False
2003-11-18,84,84,0,79,0.0,False
2003-11-19,84,84,0,79,0.0,False
2003-11-20,84,84,0,79,0.0,False
2003-11-21,84,84,0,79,0.0,False
2003-11-24,84,84,0,79,0.0,False
2003-11-25,84,84,0,79,0.0,False
2003-11-26,84,84,0,79,0.0,False
2003-11-28,84,84,0,79,0.0,False
2003-12-01,84,84,0,79,0.0,False
2003-12-02,84,84,0,79,0.0,False
2003-12-03,84,84,0,79,0.0,False
2003-12-04,84,84,0,79,0.0,False
2003-12-05,84,84,0,79,0.0,False
2003-12-08,84,84,0,79,0.0,False
2003-12-09,84,84,0,79,0.0,False
2003-12-10,84,84,0,79,0.0,False
2003-12-11,84,84,0,79,0.0,False
2003-12-12,84,84,0,80,0.0,False
2003-12-15,84,84,0,80,0.0,False
2003-12-16,84,84,0,80,0.0,False
2003-12-17,84,84,0,80,0.0,False
2003-12-18,84,84,0,80,0.0,False
2003-12-19,84,84,0,80,0.0,False
2003-12-22,84,84,0,80,0.0,False
2003-12-23,84,84,0,80,0.0,False
2003-12-24,84,84,0,80,0.0,False
2004-01-08,85,85,0,80,0.0,False
2004-01-09,85,85,0,80,0.0,False
2004-01-12,85,85,0,80,0.0,False
2004-01-13,85,85,0,80,0.0,False
2004-01-14,85,85,0,80,0.0,False
2004-01-15,85,85,0,80,0.0,False
2004-01-16,85,85,0,80,0.0,False
2004-01-20,85,85,0,80,0.0,False
2004-01-21,85,85,0,80,0.0,False
2004-01-22,85,85,0,80,0.0,False
2004-01-23,85,85,0,80,0.0,False
2004-01-26,85,85,0,80,0.0,False
2004-01-27,85,85,0,80,0.0,False
2004-01-28,85,85,0,80,0.0,False
2004-01-29,85,85,0,80,0.0,False
2004-01-30,85,85,0,80,0.0,False
2004-02-02,85,85,0,80,0.0,False
2004-02-03,85,85,0,80,0.0,False
2004-02-04,85,85,0,80,0.0,False
2004-02-05,85,85,0,80,0.0,False
2004-02-06,85,85,0,80,0.0,False
2004-02-09,85,85,0,80,0.0,False
2004-02-10,85,85,0,80,0.0,False
2004-02-11,85,85,0,80,0.0,False
2004-02-12,85,85,0,80,0.0,False
2004-02-13,85,85,0,80,0.0,False
2004-02-17,85,85,0,80,0.0,False
2004-02-18,85,85,0,80,0.0,False
2004-02-19,85,85,0,80,0.0,False
2004-02-20,85,85,0,80,0.0,False
2004-02-23,85,85,0,80,0.0,False
2004-02-24,85,85,0,80,0.0,False
2004-02-25,85,85,0,80,0.0,False
2004-02-26,85,85,0,80,0.0,False
2004-02-27,85,85,0,80,0.0,False
2004-03-01,85,85,0,80,0.0,False
2004-03-02,85,85,0,80,0.0,False
2004-03-03,85,85,0,80,0.0,False
2004-03-04,85,85,0,80,0.0,False
2004-03-05,85,85,0,81,0.0,False
2004-03-08,85,85,0,81,0.0,False
2004-03-09,85,85,0,81,0.0,False
2004-03-10,85,85,0,81,0.0,False
2004-03-11,85,85,0,81,0.0,False
2004-03-12,85,85,0,81,0.0,False
2004-03-15,85,85,0,81,0.0,False
2004-03-16,85,85,0,81,0.0,False
2004-03-17,85,85,0,81,0.0,False
2004-03-18,85,85,0,81,0.0,False
2004-03-19,85,85,0,81,0.0,False
2004-03-22,85,85,0,81,0.0,False
2004-03-23,85,85,0,81,0.0,False
2004-03-24,85,85,0,81,0.0,False
2004-03-25,85,85,0,81,0.0,False
2004-03-26,85,85,0,81,0.0,False
2004-03-29,85,85,0,81,0.0,False
2004-03-30,85,85,0,81,0.0,False
2004-03-31,85,85,0,81,0.0,False
2004-04-01,85,85,0,82,0.0,False
2004-04-02,85,85,0,82,0.0,False
2004-04-05,85,85,0,82,0.0,False
2004-04-06,85,85,0,82,0.0,False
2004-04-07,85,85,0,82,0.0,False
2004-04-08,85,85,0,82,0.0,False
2004-04-12,85,85,0,82,0.0,False
2004-04-13,85,85,0,82,0.0,False
2004-04-14,85,85,0,82,0.0,False
2004-04-15,85,85,0,82,0.0,False
2004-04-16,85,85,0,82,0.0,False
2004-04-19,85,85,0,82,0.0,False
2004-04-20,85,85,0,82,0.0,False
2004-04-21,85,85,0,82,0.0,False
2004-04-22,85,85,0,82,0.0,False
2004-04-23,85,86,0,82,0.0,False
2004-04-26,86,86,0,82,0.0,False
2004-04-27,86,86,0,82,0.0,False
2004-04-28,86,86,0,82,0.0,False
2004-04-29,86,87,0,82,0.0,False
2004-04-30,87,87,0,82,0.0,False
2004-05-03,87,88,0,82,0.0,False
2004-05-04,88,88,0,82,0.0,False
2004-05-05,88,88,0,82,0.0,False
2004-05-06,88,88,0,82,0.0,False
2004-05-07,88,88,0,82,0.0,False
2004-05-10,88,88,0,82,0.0,False
2004-05-11,88,88,0,82,0.0,False
2004-05-12,88,88,0,82,0.0,False
2004-05-13,88,88,0,82,0.0,False
2004-05-14,88,88,0,82,0.0,False
2004-05-17,88,88,0,82,0.0,False
2004-05-18,88,88,0,82,0.0,False
2004-05-19,88,88,0,82,0.0,False
2004-05-20,88,88,0,82,0.0,False
2004-05-21,88,88,0,82,0.0,False
2004-05-24,88,88,0,82,0.0,False
2004-05-25,88,88,0,82,0.0,False
2004-05-26,88,88,0,82,0.0,False
2004-05-27,88,88,0,82,0.0,False
2004-05-28,88,88,0,82,0.0,False
2004-06-01,88,88,0,82,0.0,False
2004-06-02,88,88,0,82,0.0,False
2004-06-03,88,88,0,82,0.0,False
2004-06-04,88,88,0,82,0.0,False
2004-06-07,88,88,0,82,0.0,False
2004-06-08,88,88,0,82,0.0,False
2004-06-09,88,88,0,82,0.0,False
2004-06-10,88,88,0,82,0.0,False
2004-06-14,88,88,0,82,0.0,False
2004-06-15,88,88,0,82,0.0,False
2004-06-16,88,88,0,82,0.0,False
2004-06-17,88,88,0,82,0.0,False
2004-06-18,88,88,0,82,0.0,False
2004-06-21,88,88,0,82,0.0,False
2004-06-22,88,88,0,82,0.0,False
2004-06-23,88,88,0,82,0.0,False
2004-06-24,88,88,0,82,0.0,False
2004-06-25,88,88,0,82,0.0,False
2004-06-28,88,88,0,82,0.0,False
2004-06-29,88,88,0,82,0.0,False
2004-06-30,88,88,0,82,0.0,False
2004-07-01,88,89,0,82,0.0,False
2004-07-02,89,89,0,82,0.0,False
2004-07-06,89,89,0,82,0.0,False
2004-07-07,89,89,0,82,0.0,False
2004-07-08,89,89,0,82,0.0,False
2004-07-09,89,89,0,82,0.0,False
2004-07-12,89,89,0,82,0.0,False
2004-07-13,89,89,0,82,0.0,False
2004-07-14,89,89,0,82,0.0,False
2004-07-15,89,89,0,82,0.0,False
2004-07-16,89,89,0,82,0.0,False
2004-07-19,89,89,0,82,0.0,False
2004-07-20,89,89,0,82,0.0,False
2004-07-21,89,89,0,82,0.0,False
2004-07-22,89,89,0,82,0.0,False
2004-07-23,89,89,0,82,0.0,False
2004-07-26,89,89,0,82,0.0,False
2004-07-27,89,89,0,82,0.0,False
2004-07-28,89,89,0,82,0.0,False
2004-07-29,89,89,0,83,0.0,False
2004-07-30,89,89,0,83,0.0,False
2004-08-02,89,89,0,83,0.0,False
2004-08-03,89,89,0,83,0.0,False
2004-08-04,89,89,0,83,0.0,False
2004-08-05,89,89,0,83,0.0,False
2004-08-06,89,89,0,83,0.0,False
2004-08-09,89,89,0,83,0.0,False
2004-08-10,89,89,0,83,0.0,False
2004-08-11,89,89,0,83,0.0,False
2004-08-12,89,89,0,83,0.0,False
2004-08-13,89,89,0,83,0.0,False
2004-08-16,89,89,0,83,0.0,False
2004-08-17,89,89,0,83,0.0,False
2004-08-18,89,89,0,83,0.0,False
2004-08-19,89,89,0,83,0.0,False
2004-08-20,89,89,0,83,0.0,False
2004-08-23,89,89,0,83,0.0,False
2004-08-24,89,89,0,83,0.0,False
2004-08-25,89,89,0,83,0.0,False
2004-08-26,89,89,0,83,0.0,False
2004-08-27,89,89,0,83,0.0,False
2004-08-30,89,89,0,83,0.0,False
2004-08-31,89,89,0,83,0.0,False
2004-09-01,89,90,0,83,0.0,False
2004-09-02,90,90,0,83,0.0,False
2004-09-03,90,90,0,83,0.0,False
2004-09-07,90,90,0,83,0.0,False
2004-09-08,90,90,0,83,0.0,False
2004-09-09,90,90,0,83,0.0,False
2004-09-10,90,90,0,83,0.0,False
2004-09-13,90,90,0,83,0.0,False
2004-09-14,90,90,0,83,0.0,False
2004-09-15,90,90,0,83,0.0,False
2004-09-16,90,90,0,83,0.0,False
2004-09-17,90,90,0,83,0.0,False
2004-09-20,90,90,0,83,0.0,False
2004-09-21,90,90,0,83,0.0,False
2004-09-22,90,90,0,83,0.0,False
2004-09-23,90,90,0,83,0.0,False
2004-09-24,90,90,0,83,0.0,False
2004-09-27,90,90,0,83,0.0,False
2004-09-28,90,90,0,83,0.0,False
2004-09-29,90,90,0,83,0.0,False
2004-09-30,90,90,0,83,0.0,False
2004-10-01,90,90,0,83,0.0,False
2004-10-04,90,90,0,83,0.0,False
2004-10-05,90,90,0,83,0.0,False
2004-10-06,90,90,0,83,0.0,False
2004-10-07,90,90,0,83,0.0,False
2004-10-08,90,90,0,83,0.0,False
2004-10-11,90,90,0,83,0.0,False
2004-10-12,90,90,0,83,0.0,False
2004-10-13,90,90,0,83,0.0,False
2004-10-14,90,90,0,83,0.0,False
2004-10-15,90,90,0,83,0.0,False
2004-10-18,90,90,0,83,0.0,False
2004-10-19,90,90,0,83,0.0,False
2004-10-20,90,90,0,83,0.0,False
2004-10-21,90,90,0,83,0.0,False
2004-10-22,90,90,0,83,0.0,False
2004-10-25,90,90,0,83,0.0,False
2004-10-26,90,90,0,83,0.0,False
2004-10-27,90,90,0,83,0.0,False
2004-10-28,90,90,0,83,0.0,False
2004-10-29,90,90,0,83,0.0,False
2004-11-01,90,90,0,83,0.0,False
2004-11-02,90,90,0,83,0.0,False
2004-11-03,90,90,0,83,0.0,False
2004-11-04,90,90,0,83,0.0,False
2004-11-05,90,90,0,83,0.0,False
2004-11-08,90,90,0,83,0.0,False
2004-11-09,90,90,0,83,0.0,False
2004-11-10,90,90,0,83,0.0,False
2004-11-11,90,90,0,83,0.0,False
2004-11-12,90,90,0,83,0.0,False
2004-11-15,90,90,0,83,0.0,False
2004-11-16,90,90,0,83,0.0,False
2004-11-17,90,90,0,83,0.0,False
2004-11-18,90,90,0,83,0.0,False
2004-11-19,90,90,0,83,0.0,False
2004-11-22,90,90,0,83,0.0,False
2004-11-23,90,90,0,83,0.0,False
2004-11-24,90,90,0,83,0.0,False
2004-11-26,90,90,0,84,0.0,False
2004-11-29,90,90,0,84,0.0,False
2004-11-30,90,90,0,84,0.0,False
2004-12-01,90,90,0,84,0.0,False
2004-12-02,90,90,0,84,0.0,False
2004-12-03,90,90,0,84,0.0,False
2004-12-06,90,90,0,84,0.0,False
2004-12-07,90,90,0,84,0.0,False
2004-12-08,90,90,0,84,0.0,False
2004-12-09,90,90,0,84,0.0,False
2004-12-10,90,90,0,84,0.0,False
2004-12-13,90,90,0,84,0.0,False
2004-12-14,90,90,0,84,0.0,False
2004-12-15,90,90,0,84,0.0,False
2004-12-16,90,90,0,84,0.0,False
2004-12-17,90,90,0,84,0.0,False
2004-12-20,90,90,0,84,0.0,False
2004-12-21,90,90,0,84,0.0,False
2004-12-22,90,90,0,84,0.0,False
2004-12-23,90,90,0,84,0.0,False
2004-12-27,90,90,0,84,0.0,False
2004-12-28,90,90,0,84,0.0,False
2004-12-29,90,90,0,84,0.0,False
2004-12-30,90,90,0,84,0.0,False
2004-12-31,90,90,0,84,0.0,False
2005-01-03,90,90,0,84,0.0,False
2005-01-04,90,90,0,84,0.0,False
2005-01-05,90,90,0,84,0.0,False
2005-01-06,90,90,0,85,0.0,False
2005-01-07,90,90,0,85,0.0,True
2005-01-10,90,90,0,85,0.0,True
2005-01-11,90,90,0,85,0.0,True
2005-01-12,90,90,0,85,0.0,True
2005-01-13,90,90,0,85,0.0,True
2005-01-14,90,90,0,85,0.0,True
2005-01-18,90,90,0,85,0.0,True
2005-01-19,90,90,0,85,0.0,True
2005-01-20,90,90,0,85,0.0,True
2005-01-21,90,90,0,85,0.0,True
2005-01-24,90,90,0,85,0.0,True
2005-01-25,90,90,0,85,0.0,True
2005-01-26,90,90,0,85,0.0,True
2005-01-27,90,90,0,85,0.0,True
2005-01-28,90,90,0,85,0.0,True
2005-01-31,90,90,0,85,0.0,True
2005-02-01,90,90,0,85,0.0,True
2005-02-02,90,90,0,85,0.0,True
2005-02-03,90,90,0,85,0.0,True
2005-02-04,90,90,0,85,0.0,True
2005-02-07,90,90,0,85,0.0,True
2005-02-08,90,90,0,85,0.0,True
2005-02-09,90,90,0,85,0.0,True
2005-02-10,90,90,0,85,0.0,True
2005-02-11,90,90,0,85,0.0,True
2005-02-14,90,90,0,85,0.0,True
2005-02-15,90,90,0,85,0.0,True
2005-02-16,90,90,0,85,0.0,True
2005-02-17,90,90,0,85,0.0,True
2005-02-18,90,90,0,85,0.0,True
2005-02-22,90,90,0,85,0.0,True
2005-02-23,90,90,0,85,0.0,True
2005-02-24,90,90,0,85,0.0,True
2005-02-25,90,90,0,85,0.0,True
2005-02-28,90,90,0,85,0.0,True
2005-03-01,90,90,0,85,0.0,True
2005-03-02,90,90,0,85,0.0,True
2005-03-03,90,90,0,85,0.0,True
2005-03-04,90,90,0,85,0.0,True
2005-03-07,90,90,0,85,0.0,True
2005-03-08,90,90,0,85,0.0,True
2005-03-09,90,90,0,85,0.0,True
2005-03-10,90,90,0,85,0.0,True
2005-03-11,90,90,0,85,0.0,True
2005-03-14,90,90,0,85,0.0,True
2005-03-15,90,90,0,85,0.0,True
2005-03-16,90,90,0,85,0.0,True
2005-03-17,90,90,0,85,0.0,True
2005-03-18,90,90,0,85,0.0,True
2005-03-21,90,90,0,85,0.0,True
2005-03-22,90,90,0,85,0.0,True
2005-03-23,90,90,0,85,0.0,True
2005-03-24,90,90,0,85,0.0,True
2005-03-28,90,90,0,85,0.0,True
2005-03-29,90,90,0,85,0.0,True
2005-03-30,90,90,0,85,0.0,True
2005-03-31,90,90,0,85,0.0,True
2005-04-01,90,90,0,85,0.0,True
2005-04-04,90,90,0,85,0.0,True
2005-04-05,90,90,0,85,0.0,True
2005-04-06,90,90,0,85,0.0,True
2005-04-07,90,90,0,85,0.0,True
2005-04-08,90,90,0,85,0.0,True
2005-04-11,90,90,0,85,0.0,True
2005-04-12,90,90,0,85,0.0,True
2005-04-13,90,90,0,85,0.0,True
2005-04-14,90,90,0,85,0.0,True
2005-04-15,90,90,0,85,0.0,True
2005-04-18,90,90,0,85,0.0,True
2005-04-19,90,90,0,85,0.0,True
2005-04-20,90,90,0,85,0.0,True
2005-04-21,90,90,0,85,0.0,True
2005-04-22,90,90,0,85,0.0,True
2005-04-25,90,90,0,86,0.0,True
2005-04-26,90,90,0,86,0.0,True
2005-04-27,90,90,0,86,0.0,True
2005-04-28,90,90,0,86,0.0,True
2005-04-29,90,90,0,87,0.0,True
2005-05-02,90,90,0,87,0.0,True
2005-05-03,90,90,0,88,0.0,True
2005-05-04,90,90,0,88,0.0,True
2005-05-05,90,90,0,88,0.0,True
2005-05-06,90,90,0,88,0.0,True
2005-05-09,90,90,0,88,0.0,True
2005-05-10,90,90,0,88,0.0,True
2005-05-11,90,90,0,88,0.0,True
2005-05-12,90,90,0,88,0.0,True
2005-05-13,90,90,0,88,0.0,True
2005-05-16,90,90,0,88,0.0,True
2005-05-17,90,90,0,88,0.0,True
2005-05-18,90,90,0,88,0.0,True
2005-05-19,90,90,0,88,0.0,True
2005-05-20,90,90,0,88,0.0,True
2005-05-23,90,90,0,88,0.0,True
2005-05-24,90,90,0,88,0.0,True
2005-05-25,90,90,0,88,0.0,True
2005-05-26,90,90,0,88,0.0,True
2005-05-27,90,90,0,88,0.0,True
2005-05-31,90,90,0,88,0.0,True
2005-06-01,90,90,0,88,0.0,True
2005-06-02,90,90,0,88,0.0,True
2005-06-03,90,90,0,88,0.0,True
2005-06-06,90,90,0,88,0.0,True
2005-06-07,90,90,0,88,0.0,True
2005-06-08,90,90,0,88,0.0,True
2005-06-09,90,90,0,88,0.0,True
2005-06-10,90,90,0,88,0.0,True
2005-06-13,90,90,0,88,0.0,True
2005-06-14,90,90,0,88,0.0,True
2005-06-15,90,90,0,88,0.0,True
2005-06-16,90,90,0,88,0.0,True
2005-06-17,90,90,0,88,0.0,True
2005-06-20,90,90,0,88,0.0,True
2005-06-21,90,90,0,88,0.0,True
2005-06-22,90,90,0,88,0.0,True
2005-06-23,90,90,0,88,0.0,True
2005-06-24,90,90,0,88,0.0,True
2005-06-27,90,90,0,88,0.0,True
2005-06-28,90,90,0,88,0.0,True
2005-06-29,90,90,0,88,0.0,True
2005-06-30,90,90,0,89,0.0,True
2005-07-01,90,90,0,89,0.0,True
2005-07-05,90,90,0,89,0.0,True
2005-07-06,90,90,0,89,0.0,True
2005-07-07,90,90,0,89,0.0,True
2005-07-08,90,90,0,89,0.0,True
2005-07-11,90,90,0,89,0.0,True
2005-07-12,90,90,0,89,0.0,True
2005-07-13,90,90,0,89,0.0,True
2005-07-14,90,90,0,89,0.0,True
2005-07-15,90,90,0,89,0.0,True
2005-07-18,90,90,0,89,0.0,True
2005-07-19,90,90,0,89,0.0,True
2005-07-20,90,90,0,89,0.0,True
2005-07-21,90,90,0,89,0.0,True
2005-07-22,90,90,0,89,0.0,True
2005-07-25,90,90,0,89,0.0,True
2005-07-26,90,90,0,89,0.0,True
2005-07-27,90,90,0,89,0.0,True
2005-07-28,90,90,0,89,0.0,True
2005-07-29,90,90,0,89,0.0,True
2005-08-01,90,90,0,89,0.0,True
2005-08-02,90,90,0,89,0.0,True
2005-08-03,90,90,0,89,0.0,True
2005-08-04,90,90,0,89,0.0,True
2005-08-05,90,90,0,89,0.0,True
2005-08-08,90,90,0,89,0.0,True
2005-08-09,90,90,0,89,0.0,True
2005-08-10,90,90,0,89,0.0,True
2005-08-11,90,90,0,89,0.0,True
2005-08-12,90,91,0,89,0.0,True
2005-08-15,91,92,0,89,0.0,True
2005-08-16,92,92,0,89,0.0,True
2005-08-17,92,92,0,89,0.0,True
2005-08-18,92,92,0,89,0.0,True
2005-08-19,92,92,0,89,0.0,True
2005-08-22,92,92,0,89,0.0,True
2005-08-23,92,92,0,89,0.0,True
2005-08-24,92,92,0,89,0.0,True
2005-08-25,92,92,0,89,0.0,True
2005-08-26,92,92,0,89,0.0,True
2005-08-29,92,92,0,89,0.0,True
2005-08-30,92,92,0,89,0.0,True
2005-08-31,92,92,0,90,0.0,True
2005-09-01,92,92,0,90,0.0,True
2005-09-02,92,92,0,90,0.0,True
2005-09-06,92,92,0,90,0.0,True
2005-09-07,92,92,0,90,0.0,True
2005-09-08,92,92,0,90,0.0,True
2005-09-09,92,92,0,90,0.0,True
2005-09-12,92,92,0,90,0.0,True
2005-09-13,92,92,0,90,0.0,True
2005-09-14,92,92,0,90,0.0,True
2005-09-15,92,92,0,90,0.0,True
2005-09-16,92,92,0,90,0.0,True
2005-09-19,92,92,0,90,0.0,True
2005-09-20,92,92,0,90,0.0,True
2005-09-21,92,92,0,90,0.0,True
2005-09-22,92,92,0,90,0.0,True
2005-09-23,92,92,0,90,0.0,True
2005-09-26,92,92,0,90,0.0,True
2005-09-27,92,92,0,90,0.0,True
2005-09-28,92,92,0,90,0.0,True
2005-09-29,92,92,0,90,0.0,True
2005-09-30,92,92,0,90,0.0,True
2005-10-03,92,92,0,90,0.0,True
2005-10-04,92,92,0,90,0.0,True
2005-10-05,92,92,0,90,0.0,True
2005-10-06,92,92,0,90,0.0,True
2005-10-07,92,92,0,90,0.0,True
2005-10-10,92,92,0,90,0.0,True
2005-10-11,92,93,0,90,0.0,True
2005-10-12,93,93,0,90,0.0,True
2005-10-13,93,93,0,90,0.0,True
2005-10-14,93,93,0,90,0.0,True
2005-10-17,93,93,0,90,0.0,True
2005-10-18,93,93,0,90,0.0,True
2005-10-19,93,93,0,90,0.0,True
2005-10-20,93,93,0,90,0.0,True
2005-10-21,93,93,0,90,0.0,True
2005-10-24,93,93,0,90,0.0,True
2005-10-25,93,93,0,90,0.0,True
2005-10-26,93,93,0,90,0.0,True
2005-10-27,93,93,0,90,0.0,True
2005-10-28,93,93,0,90,0.0,True
2005-10-31,93,93,0,90,0.0,True
2005-11-01,93,93,0,90,0.0,True
2005-11-02,93,93,0,90,0.0,True
2005-11-03,93,93,0,90,0.0,True
2005-11-04,93,93,0,90,0.0,True
2005-11-07,93,93,0,90,0.0,True
2005-11-08,93,93,0,90,0.0,True
2005-11-09,93,93,0,90,0.0,True
2005-11-10,93,93,0,90,0.0,True
2005-11-11,93,93,0,90,0.0,True
2005-11-14,93,93,0,90,0.0,True
2005-11-15,93,93,0,90,0.0,True
2005-11-16,93,93,0,90,0.0,True
2005-11-17,93,93,0,90,0.0,True
2005-11-18,93,93,0,90,0.0,True
2005-11-21,93,94,0,90,0.0,True
2005-11-22,94,94,0,90,0.0,True
2005-11-23,94,94,0,90,0.0,True
2005-11-25,94,94,0,90,0.0,True
2005-11-28,94,94,0,90,0.0,True
2005-11-29,94,94,0,90,0.0,True
2005-11-30,94,94,0,90,0.0,True
2005-12-01,94,94,0,90,0.0,True
2005-12-02,94,94,0,90,0.0,True
2005-12-05,94,94,0,90,0.0,True
2005-12-06,94,94,0,90,0.0,True
2005-12-07,94,94,0,90,0.0,True
2005-12-08,94,94,0,90,0.0,True
2005-12-09,94,94,0,90,0.0,True
2005-12-12,94,94,0,90,0.0,True
2005-12-13,94,94,0,90,0.0,True
2005-12-14,94,94,0,90,0.0,True
2005-12-15,94,94,0,90,0.0,True
2005-12-16,94,94,0,90,0.0,True
2005-12-19,94,94,0,90,0.0,True
2005-12-20,94,94,0,90,0.0,True
2005-12-21,94,94,0,90,0.0,True
2005-12-22,94,94,0,90,0.0,True
2005-12-23,94,94,0,90,0.0,True
2005-12-27,94,94,0,90,0.0,True
2005-12-28,94,94,0,90,0.0,True
2005-12-29,94,94,0,90,0.0,True
2005-12-30,94,94,0,90,0.0,True
2006-01-03,94,95,0,90,0.0,True
2006-01-04,95,95,0,90,0.0,True
2006-01-05,95,95,0,90,0.0,True
2006-01-06,95,95,0,90,0.0,True
2006-01-09,95,95,0,90,0.0,True
2006-01-10,95,95,0,90,0.0,True
2006-01-11,95,95,0,90,0.0,True
2006-01-12,95,95,0,90,0.0,True
2006-01-13,95,95,0,90,0.0,True
2006-01-17,95,95,0,90,0.0,True
2006-01-18,95,95,0,90,0.0,True
2006-01-19,95,95,0,90,0.0,True
2006-01-20,95,95,0,90,0.0,True
2006-01-23,95,95,0,90,0.0,True
2006-01-24,95,95,0,90,0.0,True
2006-01-25,95,95,0,90,0.0,True
2006-01-26,95,95,0,90,0.0,True
2006-01-27,95,95,0,90,0.0,True
2006-01-30,95,95,0,90,0.0,True
2006-01-31,95,95,0,90,0.0,True
2006-02-01,95,97,0,90,0.0,True
2006-02-02,97,97,0,90,0.0,True
2006-02-03,97,97,0,90,0.0,True
2006-02-06,97,97,0,90,0.0,True
2006-02-07,97,97,0,90,0.0,True
2006-02-08,97,97,0,90,0.0,True
2006-02-09,97,97,0,90,0.0,True
2006-02-10,97,97,0,90,0.0,True
2006-02-13,97,97,0,90,0.0,True
2006-02-14,97,97,0,90,0.0,True
2006-02-15,97,97,0,90,0.0,True
2006-02-16,97,97,0,90,0.0,True
2006-02-17,97,97,0,90,0.0,True
2006-02-21,97,97,0,90,0.0,True
2006-02-22,97,97,0,90,0.0,True
2006-02-23,97,97,0,90,0.0,True
2006-02-24,97,97,0,90,0.0,True
2006-02-27,97,97,0,90,0.0,True
2006-02-28,97,97,0,90,0.0,True
2006-03-01,97,97,0,90,0.0,True
2006-03-02,97,97,0,90,0.0,True
2006-03-03,97,97,0,90,0.0,True
2006-03-06,97,97,0,90,0.0,True
2006-03-07,97,97,0,90,0.0,True
2006-03-08,97,97,0,90,0.0,True
2006-03-09,97,97,0,90,0.0,True
2006-03-10,97,97,0,90,0.0,True
2006-03-13,97,97,0,90,0.0,True
2006-03-14,97,97,0,90,0.0,True
2006-03-15,97,97,0,90,0.0,True
2006-03-16,97,97,0,90,0.0,True
2006-03-17,97,97,0,90,0.0,True
2006-03-20,97,97,0,90,0.0,True
2006-03-21,97,97,0,90,0.0,True
2006-03-22,97,97,0,90,0.0,True
2006-03-23,97,97,0,90,0.0,True
2006-03-24,97,97,0,90,0.0,True
2006-03-27,97,97,0,90,0.0,True
2006-03-28,97,97,0,90,0.0,True
2006-03-29,97,97,0,90,0.0,True
2006-03-30,97,97,0,90,0.0,True
2006-03-31,97,97,0,90,0.0,True
2006-04-03,97,100,0,90,0.0,True
2006-04-04,100,100,0,90,0.0,True
2006-04-05,100,100,0,90,0.0,True
2006-04-06,100,100,0,90,0.0,True
2006-04-07,100,100,0,90,0.0,True
2006-04-10,100,100,0,90,0.0,True
2006-04-11,100,100,0,90,0.0,True
2006-04-12,100,100,0,90,0.0,True
2006-04-13,100,100,0,90,0.0,True
2006-04-17,100,100,0,90,0.0,True
2006-04-18,100,100,0,90,0.0,True
2006-04-19,100,100,0,90,0.0,True
2006-04-20,100,100,0,90,0.0,True
2006-04-21,100,100,0,90,0.0,True
2006-04-24,100,100,0,90,0.0,True
2006-04-25,100,100,0,90,0.0,True
2006-04-26,100,100,0,90,0.0,True
2006-04-27,100,100,0,90,0.0,True
2006-04-28,100,100,0,90,0.0,True
2006-05-01,100,100,0,90,0.0,True
2006-05-02,100,100,0,90,0.0,True
2006-05-03,100,100,0,90,0.0,True
2006-05-04,100,100,0,90,0.0,True
2006-05-05,100,100,0,90,0.0,True
2006-05-08,100,100,0,90,0.0,True
2006-05-09,100,100,0,90,0.0,True
2006-05-10,100,100,0,90,0.0,True
2006-05-11,100,100,0,90,0.0,True
2006-05-12,100,100,0,90,0.0,True
2006-05-15,100,100,0,90,0.0,True
2006-05-16,100,100,0,90,0.0,True
2006-05-17,100,100,0,90,0.0,True
2006-05-18,100,100,0,90,0.0,True
2006-05-19,100,100,0,90,0.0,True
2006-05-22,100,100,0,90,0.0,True
2006-05-23,100,100,0,90,0.0,True
2006-05-24,100,100,0,90,0.0,True
2006-05-25,100,100,0,90,0.0,True
2006-05-26,100,100,0,90,0.0,True
2006-05-30,100,100,0,90,0.0,True
2006-05-31,100,100,0,90,0.0,True
2006-06-01,100,100,0,90,0.0,True
2006-06-02,100,100,0,90,0.0,True
2006-06-05,100,100,0,90,0.0,True
2006-06-06,100,100,0,90,0.0,True
2006-06-07,100,100,0,90,0.0,True
2006-06-08,100,100,0,90,0.0,True
2006-06-09,100,100,0,90,0.0,True
2006-06-12,100,100,0,90,0.0,True
2006-06-13,100,100,0,90,0.0,True
2006-06-14,100,100,0,90,0.0,True
2006-06-15,100,100,0,90,0.0,True
2006-06-16,100,100,0,90,0.0,True
2006-06-19,100,100,0,90,0.0,True
2006-06-20,100,100,0,90,0.0,True
2006-06-21,100,100,0,90,0.0,True
2006-06-22,100,100,0,90,0.0,True
2006-06-23,100,100,0,90,0.0,True
2006-06-26,100,100,0,90,0.0,True
2006-06-27,100,100,0,90,0.0,True
2006-06-28,100,100,0,90,0.0,True
2006-06-29,100,100,0,90,0.0,True
2006-06-30,100,100,0,90,0.0,True
2006-07-03,100,100,0,90,0.0,True
2006-07-05,100,100,0,90,0.0,True
2006-07-06,100,100,0,90,0.0,True
2006-07-07,100,100,0,90,0.0,True
2006-07-10,100,100,0,90,0.0,True
2006-07-11,100,100,0,90,0.0,True
2006-07-12,100,100,0,90,0.0,True
2006-07-13,100,100,0,90,0.0,True
2006-07-14,100,100,0,90,0.0,True
2006-07-17,100,100,0,90,0.0,True
2006-07-18,100,100,0,90,0.0,True
2006-07-19,100,100,0,90,0.0,True
2006-07-20,100,100,0,90,0.0,True
2006-07-21,100,100,0,90,0.0,True
2006-07-24,100,100,0,90,0.0,True
2006-07-25,100,100,0,90,0.0,True
2006-07-26,100,100,0,90,0.0,True
2006-07-27,100,100,0,90,0.0,True
2006-07-28,100,100,0,90,0.0,True
2006-07-31,100,100,0,90,0.0,True
2006-08-01,100,100,0,90,0.0,True
2006-08-02,100,100,0,90,0.0,True
2006-08-03,100,100,0,90,0.0,True
2006-08-04,100,100,0,90,0.0,True
2006-08-07,100,100,0,90,0.0,True
2006-08-08,100,100,0,90,0.0,True
2006-08-09,100,100,0,90,0.0,True
2006-08-10,100,100,0,90,0.0,True
2006-08-11,100,101,0,90,0.0,True
2006-08-14,101,101,0,91,0.0,True
2006-08-15,101,101,0,92,0.0,True
2006-08-16,101,101,0,92,0.0,True
2006-08-17,101,101,0,92,0.0,True
2006-08-18,101,101,0,92,0.0,True
2006-08-21,101,101,0,92,0.0,True
2006-08-22,101,101,0,92,0.0,True
2006-08-23,101,101,0,92,0.0,True
2006-08-24,101,101,0,92,0.0,True
2006-08-25,101,101,0,92,0.0,True
2006-08-28,101,101,0,92,0.0,True
2006-08-29,101,101,0,92,0.0,True
2006-08-30,101,101,0,92,0.0,True
2006-08-31,101,101,0,92,0.0,True
2006-09-01,101,101,0,92,0.0,True
2006-09-05,101,101,0,92,0.0,True
2006-09-06,101,101,0,92,0.0,True
2006-09-07,101,101,0,92,0.0,True
2006-09-08,101,101,0,92,0.0,True
2006-09-11,101,101,0,92,0.0,True
2006-09-12,101,101,0,92,0.0,True
2006-09-13,101,101,0,92,0.0,True
2006-09-14,101,101,0,92,0.0,True
2006-09-15,101,101,0,92,0.0,True
2006-09-18,101,101,0,92,0.0,True
2006-09-19,101,101,0,92,0.0,True
2006-09-20,101,101,0,92,0.0,True
2006-09-21,101,101,0,92,0.0,True
2006-09-22,101,101,0,92,0.0,True
2006-09-25,101,101,0,92,0.0,True
2006-09-26,101,101,0,92,0.0,True
2006-09-27,101,101,0,92,0.0,True
2006-09-28,101,101,0,92,0.0,True
2006-09-29,101,101,0,92,0.0,True
2006-10-02,101,102,0,92,0.0,True
2006-10-03,102,102,0,92,0.0,True
2006-10-04,102,102,0,92,0.0,True
2006-10-05,102,102,0,92,0.0,True
2006-10-06,102,102,0,92,0.0,True
2006-10-09,102,102,0,92,0.0,True
2006-10-10,102,102,0,92,0.0,True
2006-10-11,102,102,0,93,0.0,True
2006-10-12,102,102,0,93,0.0,True
2006-10-13,102,102,0,93,0.0,True
2006-10-16,102,102,0,93,0.0,True
2006-10-17,102,102,0,93,0.0,True
2006-10-18,102,102,0,93,0.0,True
2006-10-19,102,102,0,93,0.0,True
2006-10-20,102,102,0,93,0.0,True
2006-10-23,102,102,0,93,0.0,True
2006-10-24,102,102,0,93,0.0,True
2006-10-25,102,102,0,93,0.0,True
2006-10-26,102,102,0,93,0.0,True
2006-10-27,102,102,0,93,0.0,True
2006-10-30,102,102,0,93,0.0,True
2006-10-31,102,102,0,93,0.0,True
2006-11-01,102,102,0,93,0.0,True
2006-11-02,102,102,0,93,0.0,True
2006-11-03,102,102,0,93,0.0,True
2006-11-06,102,103,0,93,0.0,True
2006-11-07,103,103,0,93,0.0,True
2006-11-08,103,103,0,93,0.0,True
2006-11-09,103,103,0,93,0.0,True
2006-11-10,103,105,0,93,0.0,True
2006-11-13,105,105,0,93,0.0,True
2006-11-14,105,105,0,93,0.0,True
2006-11-15,105,105,0,93,0.0,True
2006-11-16,105,105,0,93,0.0,True
2006-11-17,105,106,0,93,0.0,True
2006-11-20,106,106,0,93,0.0,True
2006-11-21,106,106,0,94,0.0,True
2006-11-22,106,106,0,94,0.0,True
2006-11-24,106,106,0,94,0.0,True
2006-11-27,106,106,0,94,0.0,True
2006-11-28,106,106,0,94,0.0,True
2006-11-29,106,106,0,94,0.0,True
2006-11-30,106,106,0,94,0.0,True
2006-12-01,106,106,0,94,0.0,True
2006-12-04,106,106,0,94,0.0,True
2006-12-05,106,106,0,94,0.0,True
2006-12-06,106,106,0,94,0.0,True
2006-12-07,106,106,0,94,0.0,True
2006-12-08,106,106,0,94,0.0,True
2006-12-11,106,106,0,94,0.0,True
2006-12-12,106,106,0,94,0.0,True
2006-12-13,106,106,0,94,0.0,True
2006-12-14,106,106,0,94,0.0,True
2006-12-15,106,106,0,94,0.0,True
2006-12-18,106,106,0,94,0.0,True
2006-12-19,106,106,0,94,0.0,True
2006-12-20,106,106,0,94,0.0,True
2006-12-21,106,106,0,94,0.0,True
2006-12-22,106,106,0,94,0.0,True
2006-12-26,106,106,0,94,0.0,True
2006-12-27,106,106,0,94,0.0,True
2006-12-28,106,106,0,94,0.0,True
2006-12-29,106,106,0,94,0.0,True
2007-01-03,105,105,0,93,0.0,True
2007-01-04,105,105,0,94,0.0,True
2007-01-05,105,105,0,94,0.0,True
2007-01-08,105,105,0,94,0.0,True
2007-01-09,105,105,0,94,0.0,True
2007-01-10,105,106,0,94,0.0,True
2007-01-11,106,106,0,94,0.0,True
2007-01-12,106,106,0,94,0.0,True
2007-01-16,106,106,0,94,0.0,True
2007-01-17,106,106,0,94,0.0,True
2007-01-18,106,106,0,94,0.0,True
2007-01-19,106,106,0,94,0.0,True
2007-01-22,106,106,0,94,0.0,True
2007-01-23,106,106,0,94,0.0,True
2007-01-24,106,106,0,94,0.0,True
2007-01-25,106,106,0,94,0.0,True
2007-01-26,106,106,0,94,0.0,True
2007-01-29,106,106,0,94,0.0,True
2007-01-30,106,106,0,94,0.0,True
2007-01-31,106,106,0,94,0.0,True
2007-02-01,106,106,0,94,0.0,True
2007-02-02,106,107,0,96,0.0,True
2007-02-05,107,107,0,96,0.0,True
2007-02-06,107,107,0,96,0.0,True
2007-02-07,107,107,0,96,0.0,True
2007-02-08,107,107,0,96,0.0,True
2007-02-09,107,107,0,96,0.0,True
2007-02-12,107,107,0,96,0.0,True
2007-02-13,107,107,0,96,0.0,True
2007-02-14,107,107,0,96,0.0,True
2007-02-15,107,107,0,96,0.0,True
2007-02-16,107,107,0,96,0.0,True
2007-02-20,107,107,0,96,0.0,True
2007-02-21,107,107,0,96,0.0,True
2007-02-22,107,107,0,96,0.0,True
2007-02-23,107,107,0,96,0.0,True
2007-02-26,107,107,0,96,0.0,True
2007-02-27,107,107,0,96,0.0,True
2007-02-28,107,107,0,96,0.0,True
2007-03-01,107,107,0,96,0.0,True
2007-03-02,107,108,0,96,0.0,True
2007-03-05,108,108,0,96,0.0,True
2007-03-06,108,108,0,96,0.0,True
2007-03-07,108,108,0,96,0.0,True
2007-03-08,108,108,0,96,0.0,True
2007-03-09,108,108,0,96,0.0,True
2007-03-12,108,108,0,96,0.0,True
2007-03-13,108,108,0,96,0.0,True
2007-03-14,108,108,0,96,0.0,True
2007-03-15,108,108,0,96,0.0,True
2007-03-16,108,108,0,96,0.0,True
2007-03-19,108,108,0,96,0.0,True
2007-03-20,108,109,0,96,0.0,True
2007-03-21,109,109,0,96,0.0,True
2007-03-22,109,109,0,96,0.0,True
2007-03-23,109,109,0,96,0.0,True
2007-03-26,109,109,0,96,0.0,True
2007-03-27,109,109,0,96,0.0,True
2007-03-28,109,109,0,96,0.0,True
2007-03-29,109,109,0,96,0.0,True
2007-03-30,109,109,0,96,0.0,True
2007-04-02,109,109,0,96,0.0,True
2007-04-03,109,109,0,96,0.0,True
2007-04-04,109,109,0,99,0.0,True
2007-04-05,109,109,0,99,0.0,True
2007-04-09,109,109,0,99,0.0,True
2007-04-10,109,110,0,99,0.0,True
2007-04-11,110,110,0,99,0.0,True
2007-04-12,110,110,0,99,0.0,True
2007-04-13,110,110,0,99,0.0,True
2007-04-16,110,110,0,99,0.0,True
2007-04-17,110,110,0,99,0.0,True
2007-04-18,110,110,0,99,0.0,True
2007-04-19,110,110,0,99,0.0,True
2007-04-20,110,110,0,99,0.0,True
2007-04-23,110,110,0,99,0.0,True
2007-04-24,110,110,0,99,0.0,True
2007-04-25,110,110,0,99,0.0,True
2007-04-26,110,110,0,99,0.0,True
2007-04-27,110,110,0,99,0.0,True
2007-04-30,110,110,0,99,0.0,True
2007-05-01,110,110,0,99,0.0,True
2007-05-02,110,110,0,99,0.0,True
2007-05-03,110,110,0,99,0.0,True
2007-05-04,110,110,0,99,0.0,True
2007-05-07,110,110,0,99,0.0,True
2007-05-08,110,110,0,99,0.0,True
2007-05-09,110,110,0,99,0.0,True
2007-05-10,110,110,0,99,0.0,True
2007-05-11,110,110,0,99,0.0,True
2007-05-14,110,110,0,99,0.0,True
2007-05-15,110,110,0,99,0.0,True
2007-05-16,110,110,0,99,0.0,True
2007-05-17,110,110,0,99,0.0,True
2007-05-18,110,110,0,99,0.0,True
2007-05-21,110,110,0,99,0.0,True
2007-05-22,110,110,0,99,0.0,True
2007-05-23,110,110,0,99,0.0,True
2007-05-24,110,110,0,99,0.0,True
2007-05-25,110,110,0,99,0.0,True
2007-05-29,110,110,0,99,0.0,True
2007-05-30,110,110,0,99,0.0,True
2007-05-31,110,110,0,99,0.0,True
2007-06-01,110,110,0,99,0.0,True
2007-06-04,110,110,0,99,0.0,True
2007-06-05,110,110,0,99,0.0,True
2007-06-06,110,110,0,99,0.0,True
2007-06-07,110,110,0,99,0.0,True
2007-06-08,110,110,0,99,0.0,True
2007-06-11,110,110,0,99,0.0,True
2007-06-12,110,110,0,99,0.0,True
2007-06-13,110,110,0,99,0.0,True
2007-06-14,110,110,0,99,0.0,True
2007-06-15,110,110,0,99,0.0,True
2007-06-18,110,110,0,99,0.0,True
2007-06-19,110,110,0,99,0.0,True
2007-06-20,110,110,0,99,0.0,True
2007-06-21,110,110,0,99,0.0,True
2007-06-22,110,110,0,99,0.0,True
2007-06-25,110,110,0,99,0.0,True
2007-06-26,110,110,0,99,0.0,True
2007-06-27,110,110,0,99,0.0,True
2007-06-28,110,110,0,99,0.0,True
2007-06-29,110,110,0,99,0.0,True
2007-07-02,110,111,0,99,0.0,True
2007-07-03,111,111,0,99,0.0,True
2007-07-05,111,111,0,99,0.0,True
2007-07-06,111,111,0,99,0.0,True
2007-07-09,111,111,0,99,0.0,True
2007-07-10,111,111,0,99,0.0,True
2007-07-11,111,111,0,99,0.0,True
2007-07-12,111,112,0,99,0.0,True
2007-07-13,112,112,0,99,0.0,True
2007-07-16,112,112,0,99,0.0,True
2007-07-17,112,112,0,99,0.0,True
2007-07-18,112,112,0,99,0.0,True
2007-07-19,112,112,0,99,0.0,True
2007-07-20,112,112,0,99,0.0,True
2007-07-23,112,112,0,99,0.0,True
2007-07-24,112,112,0,99,0.0,True
2007-07-25,112,112,0,99,0.0,True
2007-07-26,112,112,0,99,0.0,True
2007-07-27,112,112,0,99,0.0,True
2007-07-30,112,112,0,99,0.0,True
2007-07-31,112,112,0,99,0.0,True
2007-08-01,112,112,0,99,0.0,True
2007-08-02,112,112,0,99,0.0,True
2007-08-03,112,112,0,99,0.0,True
2007-08-06,112,112,0,99,0.0,True
2007-08-07,112,112,0,99,0.0,True
2007-08-08,112,112,0,99,0.0,True
2007-08-09,112,112,0,99,0.0,True
2007-08-10,112,112,0,99,0.0,True
2007-08-13,112,112,0,99,0.0,True
2007-08-14,112,112,0,100,0.0,True
2007-08-15,112,112,0,100,0.0,True
2007-08-16,112,112,0,100,0.0,True
2007-08-17,112,112,0,100,0.0,True
2007-08-20,112,112,0,100,0.0,True
2007-08-21,112,112,0,100,0.0,True
2007-08-22,112,112,0,100,0.0,True
2007-08-23,112,112,0,100,0.0,True
2007-08-24,112,112,0,100,0.0,True
2007-08-27,112,112,0,100,0.0,True
2007-08-28,112,112,0,100,0.0,True
2007-08-29,112,112,0,100,0.0,True
2007-08-30,112,112,0,100,0.0,True
2007-08-31,112,112,0,100,0.0,True
2007-09-04,112,112,0,100,0.0,True
2007-09-05,112,112,0,100,0.0,True
2007-09-06,112,112,0,100,0.0,True
2007-09-07,112,113,0,100,0.0,True
2007-09-10,113,113,0,100,0.0,True
2007-09-11,113,113,0,100,0.0,True
2007-09-12,113,113,0,100,0.0,True
2007-09-13,113,113,0,100,0.0,True
2007-09-14,113,113,0,100,0.0,True
2007-09-17,113,113,0,100,0.0,True
2007-09-18,113,113,0,100,0.0,True
2007-09-19,113,113,0,100,0.0,True
2007-09-20,113,113,0,100,0.0,True
2007-09-21,113,113,0,100,0.0,True
2007-09-24,113,113,0,100,0.0,True
2007-09-25,113,113,0,100,0.0,True
2007-09-26,113,114,0,100,0.0,True
2007-09-27,114,114,0,100,0.0,True
2007-09-28,114,114,0,100,0.0,True
2007-10-01,114,114,0,100,0.0,True
2007-10-02,114,114,0,100,0.0,True
2007-10-03,114,114,0,101,0.0,True
2007-10-04,114,114,0,101,0.0,True
2007-10-05,114,114,0,101,0.0,True
2007-10-08,114,114,0,101,0.0,True
2007-10-09,114,114,0,101,0.0,True
2007-10-10,114,115,0,101,0.0,True
2007-10-11,115,115,0,101,0.0,True
2007-10-12,115,115,0,101,0.0,True
2007-10-15,115,115,0,101,0.0,True
2007-10-16,115,115,0,101,0.0,True
2007-10-17,115,115,0,101,0.0,True
2007-10-18,115,115,0,101,0.0,True
2007-10-19,115,115,0,101,0.0,True
2007-10-22,115,115,0,101,0.0,True
2007-10-23,115,115,0,101,0.0,True
2007-10-24,115,115,0,101,0.0,True
2007-10-25,115,115,0,101,0.0,True
2007-10-26,115,116,0,101,0.0,True
2007-10-29,116,116,0,101,0.0,True
2007-10-30,116,116,0,101,0.0,True
2007-10-31,116,116,0,101,0.0,True
2007-11-01,116,116,0,101,0.0,True
2007-11-02,116,116,0,101,0.0,True
2007-11-05,116,116,0,101,0.0,True
2007-11-06,116,116,0,101,0.0,True
2007-11-07,116,116,0,102,0.0,True
2007-11-08,116,116,0,102,0.0,True
2007-11-09,116,116,0,102,0.0,True
2007-11-12,116,116,0,102,0.0,True
2007-11-13,116,116,0,104,0.0,True
2007-11-14,116,116,0,104,0.0,True
2007-11-15,116,116,0,104,0.0,True
2007-11-16,116,116,0,104,0.0,True
2007-11-19,116,117,0,104,0.0,True
2007-11-20,117,117,0,105,0.0,True
2007-11-21,117,117,0,105,0.0,True
2007-11-23,117,117,0,105,0.0,True
2007-11-26,117,117,0,105,0.0,True
2007-11-27,117,117,0,105,0.0,True
2007-11-28,117,117,0,105,0.0,True
2007-11-29,117,117,0,105,0.0,True
2007-11-30,117,117,0,105,0.0,True
2007-12-03,117,117,0,105,0.0,True
2007-12-04,117,117,0,105,0.0,True
2007-12-05,117,117,0,105,0.0,True
2007-12-06,117,117,0,105,0.0,True
2007-12-07,117,117,0,105,0.0,True
2007-12-10,117,117,0,105,0.0,True
2007-12-11,117,117,0,105,0.0,True
2007-12-12,117,117,0,105,0.0,True
2007-12-13,117,117,0,105,0.0,True
2007-12-14,117,117,0,105,0.0,True
2007-12-17,117,117,0,105,0.0,True
2007-12-18,117,117,0,105,0.0,True
2007-12-19,117,117,0,105,0.0,True
2007-12-20,117,117,0,105,0.0,True
2007-12-21,117,118,0,105,0.0,True
2007-12-24,118,118,0,105,0.0,True
2007-12-26,118,118,0,105,0.0,True
2007-12-27,118,118,0,105,0.0,True
2007-12-28,118,118,0,105,0.0,True
2007-12-31,118,118,0,105,0.0,True
2008-01-02,118,119,0,105,0.0,True
2008-01-03,119,119,0,105,0.0,True
2008-01-04,119,119,0,105,0.0,True
2008-01-07,119,119,0,105,0.0,True
2008-01-08,119,119,0,105,0.0,True
2008-01-09,119,119,0,105,0.0,True
2008-01-10,119,119,0,106,0.0,True
2008-01-11,119,119,0,106,0.0,True
2008-01-14,119,119,0,106,0.0,True
2008-01-15,119,119,0,106,0.0,True
2008-01-16,119,119,0,106,0.0,True
2008-01-17,119,119,0,106,0.0,True
2008-01-18,119,119,0,106,0.0,True
2008-01-22,119,119,0,106,0.0,True
2008-01-23,119,119,0,106,0.0,True
2008-01-24,119,119,0,106,0.0,True
2008-01-25,119,119,0,106,0.0,True
2008-01-28,119,119,0,106,0.0,True
2008-01-29,119,119,0,106,0.0,True
2008-01-30,119,119,0,106,0.0,True
2008-01-31,119,119,0,106,0.0,True
2008-02-01,119,119,0,106,0.0,True
2008-02-04,119,119,0,107,0.0,True
2008-02-05,119,119,0,107,0.0,True
2008-02-06,119,119,0,107,0.0,True
2008-02-07,119,119,0,107,0.0,True
2008-02-08,119,119,0,107,0.0,True
2008-02-11,119,119,0,107,0.0,True
2008-02-12,119,119,0,107,0.0,True
2008-02-13,119,119,0,107,0.0,True
2008-02-14,119,119,0,107,0.0,True
2008-02-15,119,119,0,107,0.0,True
2008-02-19,119,119,0,107,0.0,True
2008-02-20,119,119,0,107,0.0,True
2008-02-21,119,119,0,107,0.0,True
2008-02-22,119,119,0,107,0.0,True
2008-02-25,119,119,0,107,0.0,True
2008-02-26,119,119,0,107,0.0,True
2008-02-27,119,119,0,107,0.0,True
2008-02-28,119,119,0,107,0.0,True
2008-02-29,119,119,0,107,0.0,True
2008-03-03,119,119,0,108,0.0,True
2008-03-04,119,119,0,108,0.0,True
2008-03-05,119,119,0,108,0.0,True
2008-03-06,119,119,0,108,0.0,True
2008-03-07,119,119,0,108,0.0,True
2008-03-10,119,119,0,108,0.0,True
2008-03-11,119,119,0,108,0.0,True
2008-03-12,119,119,0,108,0.0,True
2008-03-13,119,119,0,108,0.0,True
2008-03-14,119,119,0,108,0.0,True
2008-03-17,119,119,0,108,0.0,True
2008-03-18,119,119,0,108,0.0,True
2008-03-19,119,119,0,109,0.0,True
2008-03-20,119,119,0,109,0.0,True
2008-03-24,119,119,0,109,0.0,True
2008-03-25,119,119,0,109,0.0,True
2008-03-26,119,119,0,109,0.0,True
2008-03-27,119,119,0,109,0.0,True
2008-03-28,119,119,0,109,0.0,True
2008-03-31,119,120,0,109,0.0,True
2008-04-01,120,120,0,109,0.0,True
2008-04-02,120,120,0,109,0.0,True
2008-04-03,120,120,0,109,0.0,True
2008-04-04,120,120,0,109,0.0,True
2008-04-07,120,120,0,109,0.0,True
2008-04-08,120,120,0,109,0.0,True
2008-04-09,120,120,0,110,0.0,True
2008-04-10,120,120,0,110,0.0,True
2008-04-11,120,120,0,110,0.0,True
2008-04-14,120,120,0,110,0.0,True
2008-04-15,120,120,0,110,0.0,True
2008-04-16,120,120,0,110,0.0,True
2008-04-17,120,120,0,110,0.0,True
2008-04-18,120,120,0,110,0.0,True
2008-04-21,120,120,0,110,0.0,True
2008-04-22,120,120,0,110,0.0,True
2008-04-23,120,120,0,110,0.0,True
2008-04-24,120,120,0,110,0.0,True
2008-04-25,120,120,0,110,0.0,True
2008-04-28,120,120,0,110,0.0,True
2008-04-29,120,120,0,110,0.0,True
2008-04-30,120,120,0,110,0.0,True
2008-05-01,120,120,0,110,0.0,True
2008-05-02,120,120,0,110,0.0,True
2008-05-05,120,120,0,110,0.0,True
2008-05-06,120,120,0,110,0.0,True
2008-05-07,120,120,0,110,0.0,True
2008-05-08,120,120,0,110,0.0,True
2008-05-09,120,120,0,110,0.0,True
2008-05-12,120,120,0,110,0.0,True
2008-05-13,120,120,0,110,0.0,True
2008-05-14,120,120,0,110,0.0,True
2008-05-15,120,120,0,110,0.0,True
2008-05-16,120,120,0,110,0.0,True
2008-05-19,120,120,0,110,0.0,True
2008-05-20,120,120,0,110,0.0,True
2008-05-21,120,120,0,110,0.0,True
2008-05-22,120,120,0,110,0.0,True
2008-05-23,120,120,0,110,0.0,True
2008-05-27,120,120,0,110,0.0,True
2008-05-28,120,120,0,110,0.0,True
2008-05-29,120,120,0,110,0.0,True
2008-05-30,120,120,0,110,0.0,True
2008-06-02,120,120,0,110,0.0,True
2008-06-03,120,120,0,110,0.0,True
2008-06-04,120,120,0,110,0.0,True
2008-06-05,120,120,0,110,0.0,True
2008-06-06,120,120,0,110,0.0,True
2008-06-09,120,120,0,110,0.0,True
2008-06-10,120,120,0,110,0.0,True
2008-06-11,120,120,0,110,0.0,True
2008-06-12,120,120,0,110,0.0,True
2008-06-13,120,120,0,110,0.0,True
2008-06-16,120,120,0,110,0.0,True
2008-06-17,120,120,0,110,0.0,True
2008-06-18,120,120,0,110,0.0,True
2008-06-19,120,120,0,110,0.0,True
2008-06-20,120,120,0,110,0.0,True
2008-06-23,120,120,0,110,0.0,True
2008-06-24,120,120,0,110,0.0,True
2008-06-25,120,120,0,110,0.0,True
2008-06-26,120,120,0,110,0.0,True
2008-06-27,120,120,0,110,0.0,True
2008-06-30,120,120,0,110,0.0,True
2008-07-01,120,120,0,111,0.0,True
2008-07-02,120,120,0,111,0.0,True
2008-07-03,120,120,0,111,0.0,True
2008-07-07,120,120,0,111,0.0,True
2008-07-08,120,120,0,111,0.0,True
2008-07-09,120,120,0,111,0.0,True
2008-07-10,120,120,0,111,0.0,True
2008-07-11,120,120,0,112,0.0,True
2008-07-14,120,120,0,112,0.0,True
2008-07-15,120,120,0,112,0.0,True
2008-07-16,120,120,0,112,0.0,True
2008-07-17,120,120,0,112,0.0,True
2008-07-18,120,121,0,112,0.0,True
2008-07-21,121,121,0,112,0.0,True
2008-07-22,121,121,0,112,0.0,True
2008-07-23,121,121,0,112,0.0,True
2008-07-24,121,121,0,112,0.0,True
2008-07-25,121,121,0,112,0.0,True
2008-07-28,121,121,0,112,0.0,True
2008-07-29,121,121,0,112,0.0,True
2008-07-30,121,121,0,112,0.0,True
2008-07-31,121,121,0,112,0.0,True
2008-08-01,121,121,0,112,0.0,True
2008-08-04,121,121,0,112,0.0,True
2008-08-05,121,121,0,112,0.0,True
2008-08-06,121,121,0,112,0.0,True
2008-08-07,121,121,0,112,0.0,True
2008-08-08,121,121,0,112,0.0,True
2008-08-11,121,121,0,112,0.0,True
2008-08-12,121,121,0,112,0.0,True
2008-08-13,121,121,0,112,0.0,True
2008-08-14,121,121,0,112,0.0,True
2008-08-15,121,121,0,112,0.0,True
2008-08-18,121,121,0,112,0.0,True
2008-08-19,121,121,0,112,0.0,True
2008-08-20,121,121,0,112,0.0,True
2008-08-21,121,122,0,112,0.0,True
2008-08-22,122,122,0,112,0.0,True
2008-08-25,122,122,0,112,0.0,True
2008-08-26,122,122,0,112,0.0,True
2008-08-27,122,123,0,112,0.0,True
2008-08-28,123,123,0,112,0.0,True
2008-08-29,123,123,0,112,0.0,True
2008-09-02,123,123,0,112,0.0,True
2008-09-03,123,123,0,112,0.0,True
2008-09-04,123,123,0,112,0.0,True
2008-09-05,123,123,0,112,0.0,True
2008-09-08,123,123,0,113,0.0,True
2008-09-09,123,123,0,113,0.0,True
2008-09-10,123,123,0,113,0.0,True
2008-09-11,123,123,0,113,0.0,True
2008-09-12,123,123,0,113,0.0,True
2008-09-15,123,124,0,113,0.0,True
2008-09-16,124,124,0,113,0.0,True
2008-09-17,124,124,0,113,0.0,True
2008-09-18,124,124,0,113,0.0,True
2008-09-19,124,124,0,113,0.0,True
2008-09-22,124,124,0,113,0.0,True
2008-09-23,124,124,0,113,0.0,True
2008-09-24,124,124,0,113,0.0,True
2008-09-25,124,124,0,114,0.0,True
2008-09-26,124,124,0,114,0.0,True
2008-09-29,124,124,0,114,0.0,True
2008-09-30,124,125,0,114,0.0,True
2008-10-01,125,125,0,114,0.0,True
2008-10-02,125,125,0,114,0.0,True
2008-10-03,125,125,0,114,0.0,True
2008-10-06,125,125,0,114,0.0,True
2008-10-07,125,125,0,114,0.0,True
2008-10-08,125,125,0,114,0.0,True
2008-10-09,125,125,0,115,0.0,True
2008-10-10,125,125,0,115,0.0,True
2008-10-13,125,125,0,115,0.0,True
2008-10-14,125,125,0,115,0.0,True
2008-10-15,125,125,0,115,0.0,True
2008-10-16,125,125,0,115,0.0,True
2008-10-17,125,125,0,115,0.0,True
2008-10-20,125,125,0,115,0.0,True
2008-10-21,125,125,0,115,0.0,True
2008-10-22,125,126,0,115,0.0,True
2008-10-23,126,126,0,115,0.0,True
2008-10-24,126,126,0,115,0.0,True
2008-10-27,126,126,0,116,0.0,True
2008-10-28,126,126,0,116,0.0,True
2008-10-29,126,126,0,116,0.0,True
2008-10-30,126,126,0,116,0.0,True
2008-10-31,126,127,0,116,0.0,True
2008-11-03,127,127,0,116,0.0,True
2008-11-04,127,127,0,116,0.0,True
2008-11-05,127,127,0,116,0.0,True
2008-11-06,127,128,0,116,0.0,True
2008-11-07,128,128,0,116,0.0,True
2008-11-10,128,128,0,116,0.0,True
2008-11-11,128,128,0,116,0.0,True
2008-11-12,128,128,0,116,0.0,True
2008-11-13,128,129,0,116,0.0,True
2008-11-14,129,131,0,116,0.0,True
2008-11-17,131,131,0,116,0.0,True
2008-11-18,131,131,0,117,0.0,True
2008-11-19,131,131,0,117,0.0,True
2008-11-20,131,131,0,117,0.0,True
2008-11-21,131,131,0,117,0.0,True
2008-11-24,131,131,0,117,0.0,True
2008-11-25,131,131,0,117,0.0,True
2008-11-26,131,131,0,117,0.0,True
2008-11-28,131,131,0,117,0.0,True
2008-12-01,131,131,0,117,0.0,True
2008-12-02,131,131,0,117,0.0,True
2008-12-03,131,131,0,117,0.0,True
2008-12-04,131,131,0,117,0.0,True
2008-12-05,131,132,0,117,0.0,True
2008-12-08,132,132,0,117,0.0,True
2008-12-09,132,132,0,117,0.0,True
2008-12-10,132,132,0,117,0.0,True
2008-12-11,132,132,0,117,0.0,True
2008-12-12,132,132,0,117,0.0,True
2008-12-15,132,132,0,117,0.0,True
2008-12-16,132,132,0,117,0.0,True
2008-12-17,132,132,0,117,0.0,True
2008-12-18,132,132,0,117,0.0,True
2008-12-19,132,133,0,117,0.0,True
2008-12-22,133,133,0,118,0.0,True
2008-12-23,133,133,0,118,0.0,True
2008-12-24,133,133,0,118,0.0,True
2008-12-26,133,133,0,118,0.0,True
2008-12-29,133,133,0,118,0.0,True
2008-12-30,133,133,0,118,0.0,True
2008-12-31,133,133,0,119,0.0,True
2009-01-02,133,134,0,119,0.0,True
2009-01-05,134,134,0,119,0.0,True
2009-01-06,134,135,0,119,0.0,True
2009-01-07,135,135,0,119,0.0,True
2009-01-08,135,135,0,119,0.0,True
2009-01-09,135,135,0,119,0.0,True
2009-01-12,135,135,0,119,0.0,True
2009-01-13,135,135,0,119,0.0,True
2009-01-14,135,135,0,119,0.0,True
2009-01-15,135,135,0,119,0.0,True
2009-01-16,135,135,0,119,0.0,True
2009-01-20,135,135,0,119,0.0,True
2009-01-21,135,135,0,119,0.0,True
2009-01-22,135,135,0,119,0.0,True
2009-01-23,135,135,0,119,0.0,True
2009-01-26,135,135,0,119,0.0,True
2009-01-27,135,135,0,119,0.0,True
2009-01-28,135,135,0,119,0.0,True
2009-01-29,135,135,0,119,0.0,True
2009-01-30,135,135,0,119,0.0,True
2009-02-02,135,135,0,119,0.0,True
2009-02-03,135,135,0,119,0.0,True
2009-02-04,135,135,0,119,0.0,True
2009-02-05,135,135,0,119,0.0,True
2009-02-06,135,135,0,119,0.0,True
2009-02-09,135,135,0,119,0.0,True
2009-02-10,135,135,0,119,0.0,True
2009-02-11,135,135,0,119,0.0,True
2009-02-12,135,135,0,119,0.0,True
2009-02-13,135,135,0,119,0.0,True
2009-02-17,135,135,0,119,0.0,True
2009-02-18,135,135,0,119,0.0,True
2009-02-19,135,135,0,119,0.0,True
2009-02-20,135,135,0,119,0.0,True
2009-02-23,135,135,0,119,0.0,True
2009-02-24,135,135,0,119,0.0,True
2009-02-25,135,135,0,119,0.0,True
2009-02-26,135,135,0,119,0.0,True
2009-02-27,135,135,0,119,0.0,True
2009-03-02,135,135,0,119,0.0,True
2009-03-03,135,135,0,119,0.0,True
2009-03-04,135,136,0,119,0.0,True
2009-03-05,136,136,0,119,0.0,True
2009-03-06,136,136,0,119,0.0,True
2009-03-09,136,136,0,119,0.0,True
2009-03-10,136,136,0,119,0.0,True
2009-03-11,136,136,0,119,0.0,True
2009-03-12,136,136,0,119,0.0,True
2009-03-13,136,136,0,119,0.0,True
2009-03-16,136,136,0,119,0.0,True
2009-03-17,136,136,0,119,0.0,True
2009-03-18,136,136,0,119,0.0,True
2009-03-19,136,136,0,119,0.0,True
2009-03-20,136,136,0,119,0.0,True
2009-03-23,136,136,0,119,0.0,True
2009-03-24,136,136,0,119,0.0,True
2009-03-25,136,136,0,119,0.0,True
2009-03-26,136,136,0,119,0.0,True
2009-03-27,136,137,0,119,0.0,True
2009-03-30,137,137,0,120,0.0,True
2009-03-31,137,137,0,120,0.0,True
2009-04-01,137,137,0,120,0.0,True
2009-04-02,137,137,0,120,0.0,True
2009-04-03,137,137,0,120,0.0,True
2009-04-06,137,137,0,120,0.0,True
2009-04-07,137,137,0,120,0.0,True
2009-04-08,137,137,0,120,0.0,True
2009-04-09,137,137,0,120,0.0,True
2009-04-13,137,137,0,120,0.0,True
2009-04-14,137,137,0,120,0.0,True
2009-04-15,137,137,0,120,0.0,True
2009-04-16,137,137,0,120,0.0,True
2009-04-17,137,137,0,120,0.0,True
2009-04-20,137,137,0,120,0.0,True
2009-04-21,137,137,0,120,0.0,True
2009-04-22,137,137,0,120,0.0,True
2009-04-23,137,137,0,120,0.0,True
2009-04-24,137,137,0,120,0.0,True
2009-04-27,137,137,0,120,0.0,True
2009-04-28,137,137,0,120,0.0,True
2009-04-29,137,137,0,120,0.0,True
2009-04-30,137,137,0,120,0.0,True
2009-05-01,137,137,0,120,0.0,True
2009-05-04,137,137,0,120,0.0,True
2009-05-05,137,137,0,120,0.0,True
2009-05-06,137,137,0,120,0.0,True
2009-05-07,137,137,0,120,0.0,True
2009-05-08,137,137,0,120,0.0,True
2009-05-11,137,137,0,120,0.0,True
2009-05-12,137,137,0,120,0.0,True
2009-05-13,137,137,0,120,0.0,True
2009-05-14,137,137,0,120,0.0,True
2009-05-15,137,137,0,120,0.0,True
2009-05-18,137,137,0,120,0.0,True
2009-05-19,137,137,0,120,0.0,True
2009-05-20,137,137,0,120,0.0,True
2009-05-21,137,137,0,120,0.0,True
2009-05-22,137,137,0,120,0.0,True
2009-05-26,137,137,0,120,0.0,True
2009-05-27,137,137,0,120,0.0,True
2009-05-28,137,137,0,120,0.0,True
2009-05-29,137,137,0,120,0.0,True
2009-06-01,137,137,0,120,0.0,True
2009-06-02,137,137,0,120,0.0,True
2009-06-03,137,137,0,120,0.0,True
2009-06-04,137,137,0,120,0.0,True
2009-06-05,137,138,0,120,0.0,True
2009-06-08,138,138,0,120,0.0,True
2009-06-09,138,138,0,120,0.0,True
2009-06-10,138,138,0,120,0.0,True
2009-06-11,138,138,0,120,0.0,True
2009-06-12,138,138,0,120,0.0,True
2009-06-15,138,138,0,120,0.0,True
2009-06-16,138,138,0,120,0.0,True
2009-06-17,138,138,0,120,0.0,True
2009-06-18,138,138,0,120,0.0,True
2009-06-19,138,138,0,120,0.0,True
2009-06-22,138,138,0,120,0.0,True
2009-06-23,138,138,0,120,0.0,True
2009-06-24,138,138,0,120,0.0,True
2009-06-25,138,138,0,120,0.0,True
2009-06-26,138,138,0,120,0.0,True
2009-06-29,138,138,0,120,0.0,True
2009-06-30,138,138,0,120,0.0,True
2009-07-01,138,139,0,120,0.0,True
2009-07-02,139,139,0,120,0.0,True
2009-07-06,139,139,0,120,0.0,True
2009-07-07,139,139,0,120,0.0,True
2009-07-08,139,139,0,120,0.0,True
2009-07-09,139,139,0,120,0.0,True
2009-07-10,139,139,0,120,0.0,True
2009-07-13,139,139,0,120,0.0,True
2009-07-14,139,139,0,120,0.0,True
2009-07-15,139,139,0,120,0.0,True
2009-07-16,139,139,0,120,0.0,True
2009-07-17,139,139,0,120,0.0,True
2009-07-20,139,139,0,121,0.0,True
2009-07-21,139,139,0,121,0.0,True
2009-07-22,139,139,0,121,0.0,True
2009-07-23,139,139,0,121,0.0,True
2009-07-24,139,139,0,121,0.0,True
2009-07-27,139,139,0,121,0.0,True
2009-07-28,139,139,0,121,0.0,True
2009-07-29,139,139,0,121,0.0,True
2009-07-30,139,139,0,121,0.0,True
2009-07-31,139,139,0,121,0.0,True
2009-08-03,139,139,0,121,0.0,True
2009-08-04,139,139,0,121,0.0,True
2009-08-05,139,139,0,121,0.0,True
2009-08-06,139,139,0,121,0.0,True
2009-08-07,139,139,0,121,0.0,True
2009-08-10,139,139,0,121,0.0,True
2009-08-11,139,139,0,121,0.0,True
2009-08-12,139,139,0,121,0.0,True
2009-08-13,139,139,0,121,0.0,True
2009-08-14,139,139,0,121,0.0,True
2009-08-17,139,139,0,121,0.0,True
2009-08-18,139,139,0,121,0.0,True
2009-08-19,139,139,0,121,0.0,True
2009-08-20,139,139,0,121,0.0,True
2009-08-21,139,139,0,122,0.0,True
2009-08-24,139,139,0,122,0.0,True
2009-08-25,139,139,0,122,0.0,True
2009-08-26,139,139,0,122,0.0,True
2009-08-27,139,139,0,123,0.0,True
2009-08-28,139,139,0,123,0.0,True
2009-08-31,139,139,0,123,0.0,True
2009-09-01,139,139,0,123,0.0,True
2009-09-02,139,139,0,123,0.0,True
2009-09-03,139,139,0,123,0.0,True
2009-09-04,139,139,0,123,0.0,True
2009-09-08,139,139,0,123,0.0,True
2009-09-09,139,139,0,123,0.0,True
2009-09-10,139,139,0,123,0.0,True
2009-09-11,139,139,0,123,0.0,True
2009-09-14,139,139,0,123,0.0,True
2009-09-15,139,139,0,124,0.0,True
2009-09-16,139,139,0,124,0.0,True
2009-09-17,139,139,0,124,0.0,True
2009-09-18,139,139,0,124,0.0,True
2009-09-21,139,139,0,124,0.0,True
2009-09-22,139,139,0,124,0.0,True
2009-09-23,139,139,0,124,0.0,True
2009-09-24,139,139,0,124,0.0,True
2009-09-25,139,139,0,124,0.0,True
2009-09-28,139,139,0,124,0.0,True
2009-09-29,139,139,0,124,0.0,True
2009-09-30,139,139,0,125,0.0,True
2009-10-01,139,139,0,125,0.0,True
2009-10-02,139,139,0,125,0.0,True
2009-10-05,139,139,0,125,0.0,True
2009-10-06,139,139,0,125,0.0,True
2009-10-07,139,139,0,125,0.0,True
2009-10-08,139,139,0,125,0.0,True
2009-10-09,139,139,0,125,0.0,True
2009-10-12,139,139,0,125,0.0,True
2009-10-13,139,139,0,125,0.0,True
2009-10-14,139,139,0,125,0.0,True
2009-10-15,139,139,0,125,0.0,True
2009-10-16,139,140,0,125,0.0,True
2009-10-19,140,140,0,125,0.0,True
2009-10-20,140,140,0,125,0.0,True
2009-10-21,140,140,0,125,0.0,True
2009-10-22,140,140,0,126,0.0,True
2009-10-23,140,140,0,126,0.0,True
2009-10-26,140,140,0,126,0.0,True
2009-10-27,140,140,0,126,0.0,True
2009-10-28,140,140,0,126,0.0,True
2009-10-29,140,140,0,126,0.0,True
2009-10-30,140,140,0,126,0.0,True
2009-11-02,140,140,0,127,0.0,True
2009-11-03,140,140,0,127,0.0,True
2009-11-04,140,140,0,127,0.0,True
2009-11-05,140,140,0,127,0.0,True
2009-11-06,140,140,0,128,0.0,True
2009-11-09,140,140,0,128,0.0,True
2009-11-10,140,140,0,128,0.0,True
2009-11-11,140,140,0,128,0.0,True
2009-11-12,140,140,0,128,0.0,True
2009-11-13,140,140,0,129,0.0,True
2009-11-16,140,140,0,131,0.0,True
2009-11-17,140,140,0,131,0.0,True
2009-11-18,140,140,0,131,0.0,True
2009-11-19,140,140,0,131,0.0,True
2009-11-20,140,140,0,131,0.0,True
2009-11-23,140,140,0,131,0.0,True
2009-11-24,140,140,0,131,0.0,True
2009-11-25,140,140,0,131,0.0,True
2009-11-27,140,140,0,131,0.0,True
2009-11-30,140,140,0,131,0.0,True
2009-12-01,140,140,0,131,0.0,True
2009-12-02,140,140,0,131,0.0,True
2009-12-03,140,140,0,131,0.0,True
2009-12-04,140,140,0,131,0.0,True
2009-12-07,140,140,0,132,0.0,True
2009-12-08,140,140,0,132,0.0,True
2009-12-09,140,140,0,132,0.0,True
2009-12-10,140,140,0,132,0.0,True
2009-12-11,140,140,0,132,0.0,True
2009-12-14,140,140,0,132,0.0,True
2009-12-15,140,140,0,132,0.0,True
2009-12-16,140,140,0,132,0.0,True
2009-12-17,140,140,0,132,0.0,True
2009-12-18,140,138,2,130,0.014285714285714285,True
2009-12-21,138,139,0,131,0.0,True
2009-12-22,139,139,0,131,0.0,True
2009-12-23,139,140,0,131,0.0,True
2009-12-24,140,140,0,131,0.0,True
2009-12-28,140,140,0,131,0.0,True
2009-12-29,140,140,0,131,0.0,True
2009-12-30,140,140,0,131,0.0,True
2009-12-31,140,140,0,131,0.0,True
2010-01-04,140,140,0,132,0.0,True
2010-01-05,140,140,0,132,0.0,True
2010-01-06,140,140,0,133,0.0,True
2010-01-07,140,140,0,133,0.0,True
2010-01-08,140,140,0,133,0.0,True
2010-01-11,140,140,0,133,0.0,True
2010-01-12,140,140,0,133,0.0,True
2010-01-13,140,140,0,133,0.0,True
2010-01-14,140,140,0,133,0.0,True
2010-01-15,140,140,0,133,0.0,True
2010-01-19,140,140,0,133,0.0,True
2010-01-20,140,140,0,133,0.0,True
2010-01-21,140,140,0,133,0.0,True
2010-01-22,140,140,0,133,0.0,True
2010-01-25,140,140,0,133,0.0,True
2010-01-26,140,140,0,133,0.0,True
2010-01-27,140,140,0,133,0.0,True
2010-01-28,140,140,0,133,0.0,True
2010-01-29,140,141,0,133,0.0,True
2010-02-01,141,141,0,133,0.0,True
2010-02-02,141,141,0,133,0.0,True
2010-02-03,141,141,0,133,0.0,True
2010-02-04,141,141,0,133,0.0,True
2010-02-05,141,141,0,133,0.0,True
2010-02-08,141,141,0,133,0.0,True
2010-02-09,141,141,0,133,0.0,True
2010-02-10,141,141,0,133,0.0,True
2010-02-11,141,141,0,133,0.0,True
2010-02-12,141,141,0,133,0.0,True
2010-02-16,141,141,0,133,0.0,True
2010-02-17,141,141,0,133,0.0,True
2010-02-18,141,141,0,133,0.0,True
2010-02-19,141,141,0,133,0.0,True
2010-02-22,141,141,0,133,0.0,True
2010-02-23,141,141,0,133,0.0,True
2010-02-24,141,141,0,133,0.0,True
2010-02-25,141,141,0,133,0.0,True
2010-02-26,141,141,0,133,0.0,True
2010-03-01,141,141,0,133,0.0,True
2010-03-02,141,141,0,133,0.0,True
2010-03-03,141,141,0,133,0.0,True
2010-03-04,141,141,0,134,0.0,True
2010-03-05,141,141,0,134,0.0,True
2010-03-08,141,141,0,134,0.0,True
2010-03-09,141,141,0,134,0.0,True
2010-03-10,141,141,0,134,0.0,True
2010-03-11,141,141,0,134,0.0,True
2010-03-12,141,141,0,134,0.0,True
2010-03-15,141,142,0,134,0.0,True
2010-03-16,142,142,0,134,0.0,True
2010-03-17,142,142,0,134,0.0,True
2010-03-18,142,142,0,134,0.0,True
2010-03-19,142,142,0,134,0.0,True
2010-03-22,142,142,0,134,0.0,True
2010-03-23,142,142,0,134,0.0,True
2010-03-24,142,142,0,134,0.0,True
2010-03-25,142,142,0,134,0.0,True
2010-03-26,142,142,0,134,0.0,True
2010-03-29,142,142,0,135,0.0,True
2010-03-30,142,142,0,135,0.0,True
2010-03-31,142,142,0,135,0.0,True
2010-04-01,142,142,0,135,0.0,True
2010-04-05,142,142,0,135,0.0,True
2010-04-06,142,142,0,135,0.0,True
2010-04-07,142,142,0,135,0.0,True
2010-04-08,142,142,0,135,0.0,True
2010-04-09,142,142,0,135,0.0,True
2010-04-12,142,142,0,135,0.0,True
2010-04-13,142,142,0,135,0.0,True
2010-04-14,142,142,0,135,0.0,True
2010-04-15,142,142,0,135,0.0,True
2010-04-16,142,142,0,135,0.0,True
2010-04-19,142,142,0,135,0.0,True
2010-04-20,142,142,0,135,0.0,True
2010-04-21,142,142,0,135,0.0,True
2010-04-22,142,142,0,135,0.0,True
2010-04-23,142,142,0,135,0.0,True
2010-04-26,142,142,0,135,0.0,True
2010-04-27,142,142,0,135,0.0,True
2010-04-28,142,142,0,135,0.0,True
2010-04-29,142,142,0,135,0.0,True
2010-04-30,142,142,0,135,0.0,True
2010-05-03,142,142,0,135,0.0,True
2010-05-04,142,142,0,135,0.0,True
2010-05-05,142,142,0,135,0.0,True
2010-05-06,142,142,0,135,0.0,True
2010-05-07,142,142,0,135,0.0,True
2010-05-10,142,142,0,135,0.0,True
2010-05-11,142,142,0,135,0.0,True
2010-05-12,142,142,0,135,0.0,True
2010-05-13,142,142,0,135,0.0,True
2010-05-14,142,142,0,135,0.0,True
2010-05-17,142,142,0,135,0.0,True
2010-05-18,142,142,0,135,0.0,True
2010-05-19,142,142,0,135,0.0,True
2010-05-20,142,142,0,135,0.0,True
2010-05-21,142,142,0,135,0.0,True
2010-05-24,142,142,0,135,0.0,True
2010-05-25,142,142,0,135,0.0,True
2010-05-26,142,142,0,135,0.0,True
2010-05-27,142,142,0,135,0.0,True
2010-05-28,142,142,0,135,0.0,True
2010-06-01,142,142,0,135,0.0,True
2010-06-02,142,142,0,135,0.0,True
2010-06-03,142,142,0,135,0.0,True
2010-06-04,142,142,0,135,0.0,True
2010-06-07,142,142,0,136,0.0,True
2010-06-08,142,142,0,136,0.0,True
2010-06-09,142,142,0,136,0.0,True
2010-06-10,142,142,0,136,0.0,True
2010-06-11,142,142,0,136,0.0,True
2010-06-14,142,142,0,136,0.0,True
2010-06-15,142,142,0,136,0.0,True
2010-06-16,142,142,0,136,0.0,True
2010-06-17,142,142,0,136,0.0,True
2010-06-18,142,142,0,136,0.0,True
2010-06-21,142,142,0,136,0.0,True
2010-06-22,142,142,0,136,0.0,True
2010-06-23,142,142,0,136,0.0,True
2010-06-24,142,142,0,136,0.0,True
2010-06-25,142,142,0,136,0.0,True
2010-06-28,142,142,0,136,0.0,True
2010-06-29,142,142,0,136,0.0,True
2010-06-30,142,142,0,136,0.0,True
2010-07-01,142,142,0,137,0.0,True
2010-07-02,142,142,0,137,0.0,True
2010-07-06,142,142,0,137,0.0,True
2010-07-07,142,142,0,137,0.0,True
2010-07-08,142,142,0,137,0.0,True
2010-07-09,142,142,0,137,0.0,True
2010-07-12,142,142,0,137,0.0,True
2010-07-13,142,142,0,137,0.0,True
2010-07-14,142,142,0,137,0.0,True
2010-07-15,142,142,0,137,0.0,True
2010-07-16,142,142,0,137,0.0,True
2010-07-19,142,142,0,137,0.0,True
2010-07-20,142,142,0,137,0.0,True
2010-07-21,142,142,0,137,0.0,True
2010-07-22,142,142,0,137,0.0,True
2010-07-23,142,142,0,137,0.0,True
2010-07-26,142,142,0,137,0.0,True
2010-07-27,142,142,0,137,0.0,True
2010-07-28,142,142,0,137,0.0,True
2010-07-29,142,142,0,137,0.0,True
2010-07-30,142,142,0,137,0.0,True
2010-08-02,142,142,0,137,0.0,True
2010-08-03,142,142,0,137,0.0,True
2010-08-04,142,142,0,137,0.0,True
2010-08-05,142,142,0,137,0.0,True
2010-08-06,142,142,0,137,0.0,True
2010-08-09,142,142,0,137,0.0,True
2010-08-10,142,142,0,137,0.0,True
2010-08-11,142,142,0,137,0.0,True
2010-08-12,142,142,0,137,0.0,True
2010-08-13,142,142,0,137,0.0,True
2010-08-16,142,142,0,137,0.0,True
2010-08-17,142,142,0,137,0.0,True
2010-08-18,142,142,0,137,0.0,True
2010-08-19,142,142,0,137,0.0,True
2010-08-20,142,142,0,137,0.0,True
2010-08-23,142,142,0,137,0.0,True
2010-08-24,142,142,0,137,0.0,True
2010-08-25,142,142,0,137,0.0,True
2010-08-26,142,142,0,137,0.0,True
2010-08-27,142,142,0,137,0.0,True
2010-08-30,142,142,0,137,0.0,True
2010-08-31,142,142,0,137,0.0,True
2010-09-01,142,142,0,137,0.0,True
2010-09-02,142,142,0,137,0.0,True
2010-09-03,142,142,0,137,0.0,True
2010-09-07,142,142,0,137,0.0,True
2010-09-08,142,142,0,137,0.0,True
2010-09-09,142,142,0,137,0.0,True
2010-09-10,142,142,0,137,0.0,True
2010-09-13,142,142,0,137,0.0,True
2010-09-14,142,142,0,137,0.0,True
2010-09-15,142,142,0,137,0.0,True
2010-09-16,142,142,0,137,0.0,True
2010-09-17,142,142,0,137,0.0,True
2010-09-20,142,142,0,137,0.0,True
2010-09-21,142,142,0,137,0.0,True
2010-09-22,142,142,0,137,0.0,True
2010-09-23,142,142,0,137,0.0,True
2010-09-24,142,142,0,137,0.0,True
2010-09-27,142,142,0,137,0.0,True
2010-09-28,142,142,0,137,0.0,True
2010-09-29,142,142,0,137,0.0,True
2010-09-30,142,142,0,137,0.0,True
2010-10-01,142,142,0,137,0.0,True
2010-10-04,142,142,0,137,0.0,True
2010-10-05,142,142,0,137,0.0,True
2010-10-06,142,142,0,137,0.0,True
2010-10-07,142,142,0,137,0.0,True
2010-10-08,142,142,0,137,0.0,True
2010-10-11,142,142,0,137,0.0,True
2010-10-12,142,142,0,137,0.0,True
2010-10-13,142,142,0,137,0.0,True
2010-10-14,142,142,0,137,0.0,True
2010-10-15,142,142,0,137,0.0,True
2010-10-18,142,142,0,138,0.0,True
2010-10-19,142,142,0,138,0.0,True
2010-10-20,142,142,0,138,0.0,True
2010-10-21,142,142,0,138,0.0,True
2010-10-22,142,142,0,138,0.0,True
2010-10-25,142,142,0,138,0.0,True
2010-10-26,142,142,0,138,0.0,True
2010-10-27,142,142,0,138,0.0,True
2010-10-28,142,142,0,138,0.0,True
2010-10-29,142,142,0,138,0.0,True
2010-11-01,142,142,0,138,0.0,True
2010-11-02,142,142,0,138,0.0,True
2010-11-03,142,142,0,138,0.0,True
2010-11-04,142,142,0,138,0.0,True
2010-11-05,142,142,0,138,0.0,True
2010-11-08,142,142,0,138,0.0,True
2010-11-09,142,142,0,138,0.0,True
2010-11-10,142,142,0,138,0.0,True
2010-11-11,142,142,0,138,0.0,True
2010-11-12,142,142,0,138,0.0,True
2010-11-15,142,142,0,138,0.0,True
2010-11-16,142,142,0,138,0.0,True
2010-11-17,142,142,0,138,0.0,True
2010-11-18,142,142,0,138,0.0,True
2010-11-19,142,142,0,138,0.0,True
2010-11-22,142,142,0,138,0.0,True
2010-11-23,142,142,0,138,0.0,True
2010-11-24,142,142,0,138,0.0,True
2010-11-26,142,142,0,138,0.0,True
2010-11-29,142,142,0,138,0.0,True
2010-11-30,142,142,0,138,0.0,True
2010-12-01,142,142,0,138,0.0,True
2010-12-02,142,142,0,138,0.0,True
2010-12-03,142,142,0,138,0.0,True
2010-12-06,142,142,0,138,0.0,True
2010-12-07,142,142,0,138,0.0,True
2010-12-08,142,142,0,138,0.0,True
2010-12-09,142,142,0,138,0.0,True
2010-12-10,142,142,0,138,0.0,True
2010-12-13,142,142,0,138,0.0,True
2010-12-14,142,142,0,138,0.0,True
2010-12-15,142,142,0,138,0.0,True
2010-12-16,142,142,0,138,0.0,True
2010-12-17,142,142,0,138,0.0,True
2010-12-20,142,142,1,137,0.007042253521126761,True
2010-12-21,142,142,0,138,0.0,True
2010-12-22,142,142,0,138,0.0,True
2010-12-23,142,142,0,139,0.0,True
2010-12-27,142,142,0,139,0.0,True
2010-12-28,142,142,0,139,0.0,True
2010-12-29,142,142,0,139,0.0,True
2010-12-30,142,142,0,139,0.0,True
2010-12-31,142,142,0,139,0.0,True
2011-01-03,142,142,0,139,0.0,True
2011-01-04,142,142,0,139,0.0,True
2011-01-05,142,142,0,139,0.0,True
2011-01-06,142,142,0,139,0.0,True
2011-01-07,142,142,0,139,0.0,True
2011-01-10,142,142,0,139,0.0,True
2011-01-11,142,142,0,139,0.0,True
2011-01-12,142,142,0,139,0.0,True
2011-01-13,142,142,0,139,0.0,True
2011-01-14,142,142,0,139,0.0,True
2011-01-18,142,142,0,139,0.0,True
2011-01-19,142,142,0,139,0.0,True
2011-01-20,142,142,0,139,0.0,True
2011-01-21,142,142,0,139,0.0,True
2011-01-24,142,142,0,139,0.0,True
2011-01-25,142,142,0,139,0.0,True
2011-01-26,142,142,0,139,0.0,True
2011-01-27,142,142,0,139,0.0,True
2011-01-28,142,142,0,140,0.0,True
2011-01-31,142,142,0,140,0.0,True
2011-02-01,142,142,0,140,0.0,True
2011-02-02,142,142,0,140,0.0,True
2011-02-03,142,142,0,140,0.0,True
2011-02-04,142,142,0,140,0.0,True
2011-02-07,142,142,0,140,0.0,True
2011-02-08,142,142,0,140,0.0,True
2011-02-09,142,142,0,140,0.0,True
2011-02-10,142,142,0,140,0.0,True
2011-02-11,142,142,0,140,0.0,True
2011-02-14,142,142,0,140,0.0,True
2011-02-15,142,142,0,140,0.0,True
2011-02-16,142,142,0,140,0.0,True
2011-02-17,142,142,0,140,0.0,True
2011-02-18,142,142,0,140,0.0,True
2011-02-22,142,142,0,140,0.0,True
2011-02-23,142,142,0,140,0.0,True
2011-02-24,142,142,0,140,0.0,True
2011-02-25,142,142,0,140,0.0,True
2011-02-28,142,142,0,140,0.0,True
2011-03-01,142,142,0,140,0.0,True
2011-03-02,142,142,0,140,0.0,True
2011-03-03,142,142,0,140,0.0,True
2011-03-04,142,142,0,140,0.0,True
2011-03-07,142,142,0,140,0.0,True
2011-03-08,142,142,0,140,0.0,True
2011-03-09,142,142,0,140,0.0,True
2011-03-10,142,142,0,140,0.0,True
2011-03-11,142,142,0,140,0.0,True
2011-03-14,142,142,0,141,0.0,True
2011-03-15,142,142,0,141,0.0,True
2011-03-16,142,142,0,141,0.0,True
2011-03-17,142,142,0,141,0.0,True
2011-03-18,142,142,0,141,0.0,True
2011-03-21,142,142,0,141,0.0,True
2011-03-22,142,142,0,141,0.0,True
2011-03-23,142,142,0,141,0.0,True
2011-03-24,142,142,0,141,0.0,True
2011-03-25,142,142,0,141,0.0,True
2011-03-28,142,142,0,141,0.0,True
2011-03-29,142,142,0,141,0.0,True
2011-03-30,142,142,0,141,0.0,True
2011-03-31,142,142,0,141,0.0,True
2011-04-01,142,143,0,141,0.0,True
2011-04-04,143,143,0,141,0.0,True
2011-04-05,143,143,0,141,0.0,True
2011-04-06,143,143,0,141,0.0,True
2011-04-07,143,143,0,141,0.0,True
2011-04-08,143,143,0,141,0.0,True
2011-04-11,143,143,0,141,0.0,True
2011-04-12,143,143,0,141,0.0,True
2011-04-13,143,143,0,141,0.0,True
2011-04-14,143,143,0,141,0.0,True
2011-04-15,143,143,0,141,0.0,True
2011-04-18,143,143,0,141,0.0,True
2011-04-19,143,143,0,141,0.0,True
2011-04-20,143,143,0,141,0.0,True
2011-04-21,143,143,0,141,0.0,True
2011-04-25,143,143,0,141,0.0,True
2011-04-26,143,143,0,141,0.0,True
2011-04-27,143,143,0,141,0.0,True
2011-04-28,143,144,0,141,0.0,True
2011-04-29,144,144,0,141,0.0,True
2011-05-02,144,144,0,141,0.0,True
2011-05-03,144,144,0,141,0.0,True
2011-05-04,144,144,0,141,0.0,True
2011-05-05,144,144,0,141,0.0,True
2011-05-06,144,144,0,141,0.0,True
2011-05-09,144,144,0,141,0.0,True
2011-05-10,144,144,0,141,0.0,True
2011-05-11,144,144,0,141,0.0,True
2011-05-12,144,144,0,141,0.0,True
2011-05-13,144,144,0,141,0.0,True
2011-05-16,144,144,0,141,0.0,True
2011-05-17,144,144,0,141,0.0,True
2011-05-18,144,144,0,141,0.0,True
2011-05-19,144,144,0,141,0.0,True
2011-05-20,144,144,0,141,0.0,True
2011-05-23,144,144,0,141,0.0,True
2011-05-24,144,144,0,141,0.0,True
2011-05-25,144,144,0,141,0.0,True
2011-05-26,144,144,0,141,0.0,True
2011-05-27,144,144,0,141,0.0,True
2011-05-31,144,144,0,141,0.0,True
2011-06-01,144,144,0,141,0.0,True
2011-06-02,144,144,0,141,0.0,True
2011-06-03,144,144,0,141,0.0,True
2011-06-06,144,144,0,141,0.0,True
2011-06-07,144,144,0,141,0.0,True
2011-06-08,144,144,0,141,0.0,True
2011-06-09,144,144,0,141,0.0,True
2011-06-10,144,144,0,141,0.0,True
2011-06-13,144,144,0,141,0.0,True
2011-06-14,144,144,0,141,0.0,True
2011-06-15,144,144,0,141,0.0,True
2011-06-16,144,144,0,141,0.0,True
2011-06-17,144,144,0,141,0.0,True
2011-06-20,144,144,0,141,0.0,True
2011-06-21,144,144,0,141,0.0,True
2011-06-22,144,144,0,141,0.0,True
2011-06-23,144,144,0,141,0.0,True
2011-06-24,144,144,0,141,0.0,True
2011-06-27,144,144,0,141,0.0,True
2011-06-28,144,144,0,141,0.0,True
2011-06-29,144,144,0,141,0.0,True
2011-06-30,144,144,0,141,0.0,True
2011-07-01,144,145,0,141,0.0,True
2011-07-05,145,145,0,141,0.0,True
2011-07-06,145,146,0,141,0.0,True
2011-07-07,146,146,0,141,0.0,True
2011-07-08,146,146,0,141,0.0,True
2011-07-11,146,146,0,141,0.0,True
2011-07-12,146,146,0,141,0.0,True
2011-07-13,146,146,0,141,0.0,True
2011-07-14,146,146,0,141,0.0,True
2011-07-15,146,146,0,141,0.0,True
2011-07-18,146,146,0,141,0.0,True
2011-07-19,146,146,0,141,0.0,True
2011-07-20,146,146,0,141,0.0,True
2011-07-21,146,146,0,141,0.0,True
2011-07-22,146,146,0,141,0.0,True
2011-07-25,146,146,0,141,0.0,True
2011-07-26,146,146,0,141,0.0,True
2011-07-27,146,146,0,141,0.0,True
2011-07-28,146,146,0,141,0.0,True
2011-07-29,146,146,0,141,0.0,True
2011-08-01,146,146,0,141,0.0,True
2011-08-02,146,146,0,141,0.0,True
2011-08-03,146,146,0,141,0.0,True
2011-08-04,146,146,0,141,0.0,True
2011-08-05,146,146,0,141,0.0,True
2011-08-08,146,146,0,141,0.0,True
2011-08-09,146,146,0,141,0.0,True
2011-08-10,146,146,0,141,0.0,True
2011-08-11,146,146,0,141,0.0,True
2011-08-12,146,146,0,141,0.0,True
2011-08-15,146,146,0,141,0.0,True
2011-08-16,146,146,0,141,0.0,True
2011-08-17,146,146,0,141,0.0,True
2011-08-18,146,146,0,141,0.0,True
2011-08-19,146,146,0,141,0.0,True
2011-08-22,146,146,0,141,0.0,True
2011-08-23,146,146,0,141,0.0,True
2011-08-24,146,146,0,141,0.0,True
2011-08-25,146,146,0,141,0.0,True
2011-08-26,146,146,0,141,0.0,True
2011-08-29,146,146,0,141,0.0,True
2011-08-30,146,146,0,141,0.0,True
2011-08-31,146,146,0,141,0.0,True
2011-09-01,146,146,0,141,0.0,True
2011-09-02,146,146,0,141,0.0,True
2011-09-06,146,146,0,141,0.0,True
2011-09-07,146,146,0,141,0.0,True
2011-09-08,146,146,0,141,0.0,True
2011-09-09,146,146,0,141,0.0,True
2011-09-12,146,146,0,141,0.0,True
2011-09-13,146,146,0,141,0.0,True
2011-09-14,146,146,0,141,0.0,True
2011-09-15,146,146,0,141,0.0,True
2011-09-16,146,146,0,141,0.0,True
2011-09-19,146,146,0,141,0.0,True
2011-09-20,146,146,0,141,0.0,True
2011-09-21,146,146,0,141,0.0,True
2011-09-22,146,146,0,141,0.0,True
2011-09-23,146,146,0,141,0.0,True
2011-09-26,146,147,0,141,0.0,True
2011-09-27,147,147,0,141,0.0,True
2011-09-28,147,147,0,141,0.0,True
2011-09-29,147,147,0,141,0.0,True
2011-09-30,147,147,0,141,0.0,True
2011-10-03,147,147,0,141,0.0,True
2011-10-04,147,147,0,141,0.0,True
2011-10-05,147,147,0,141,0.0,True
2011-10-06,147,147,0,141,0.0,True
2011-10-07,147,147,0,141,0.0,True
2011-10-10,147,147,0,141,0.0,True
2011-10-11,147,147,0,141,0.0,True
2011-10-12,147,147,0,141,0.0,True
2011-10-13,147,147,0,141,0.0,True
2011-10-14,147,147,0,141,0.0,True
2011-10-17,147,147,0,141,0.0,True
2011-10-18,147,147,0,141,0.0,True
2011-10-19,147,147,0,141,0.0,True
2011-10-20,147,147,0,141,0.0,True
2011-10-21,147,147,0,141,0.0,True
2011-10-24,147,147,0,141,0.0,True
2011-10-25,147,147,0,141,0.0,True
2011-10-26,147,147,0,141,0.0,True
2011-10-27,147,147,0,141,0.0,True
2011-10-28,147,147,0,141,0.0,True
2011-10-31,147,147,0,141,0.0,True
2011-11-01,147,147,1,140,0.006802721088435374,True
2011-11-02,147,147,0,140,0.0,True
2011-11-03,147,147,0,140,0.0,True
2011-11-04,147,147,0,140,0.0,True
2011-11-07,147,147,0,140,0.0,True
2011-11-08,147,147,0,140,0.0,True
2011-11-09,147,147,0,140,0.0,True
2011-11-10,147,147,0,140,0.0,True
2011-11-11,147,147,0,140,0.0,True
2011-11-14,147,147,0,140,0.0,True
2011-11-15,147,147,0,140,0.0,True
2011-11-16,147,147,0,140,0.0,True
2011-11-17,147,147,0,140,0.0,True
2011-11-18,147,147,0,140,0.0,True
2011-11-21,147,147,0,140,0.0,True
2011-11-22,147,147,0,140,0.0,True
2011-11-23,147,147,0,140,0.0,True
2011-11-25,147,147,0,140,0.0,True
2011-11-28,147,147,0,140,0.0,True
2011-11-29,147,147,0,140,0.0,True
2011-11-30,147,147,0,140,0.0,True
2011-12-01,147,147,0,140,0.0,True
2011-12-02,147,147,0,140,0.0,True
2011-12-05,147,147,0,140,0.0,True
2011-12-06,147,147,0,140,0.0,True
2011-12-07,147,147,0,140,0.0,True
2011-12-08,147,147,0,140,0.0,True
2011-12-09,147,147,0,140,0.0,True
2011-12-12,147,147,0,140,0.0,True
2011-12-13,147,147,0,140,0.0,True
2011-12-14,147,147,0,140,0.0,True
2011-12-15,147,146,1,139,0.006802721088435374,True
2011-12-16,146,146,0,139,0.0,True
2011-12-19,146,148,0,140,0.0,True
2011-12-20,148,148,0,140,0.0,True
2011-12-21,148,148,0,140,0.0,True
2011-12-22,148,148,0,140,0.0,True
2011-12-23,148,148,0,140,0.0,True
2011-12-27,148,148,0,140,0.0,True
2011-12-28,148,148,0,140,0.0,True
2011-12-29,148,148,0,140,0.0,True
2011-12-30,148,148,0,140,0.0,True
2012-01-03,148,148,0,140,0.0,True
2012-01-04,148,148,0,140,0.0,True
2012-01-05,148,148,0,140,0.0,True
2012-01-06,148,148,0,140,0.0,True
2012-01-09,148,148,0,140,0.0,True
2012-01-10,148,148,0,140,0.0,True
2012-01-11,148,148,0,140,0.0,True
2012-01-12,148,148,0,140,0.0,True
2012-01-13,148,148,0,140,0.0,True
2012-01-17,148,148,0,140,0.0,True
2012-01-18,148,148,0,140,0.0,True
2012-01-19,148,148,0,140,0.0,True
2012-01-20,148,148,0,140,0.0,True
2012-01-23,148,148,0,140,0.0,True
2012-01-24,148,148,0,140,0.0,True
2012-01-25,148,148,0,140,0.0,True
2012-01-26,148,148,0,140,0.0,True
2012-01-27,148,148,0,140,0.0,True
2012-01-30,148,148,0,140,0.0,True
2012-01-31,148,148,0,140,0.0,True
2012-02-01,148,148,0,140,0.0,True
2012-02-02,148,148,0,140,0.0,True
2012-02-03,148,148,0,140,0.0,True
2012-02-06,148,148,0,140,0.0,True
2012-02-07,148,148,0,140,0.0,True
2012-02-08,148,148,0,140,0.0,True
2012-02-09,148,148,0,140,0.0,True
2012-02-10,148,148,0,140,0.0,True
2012-02-13,148,148,0,140,0.0,True
2012-02-14,148,148,0,140,0.0,True
2012-02-15,148,148,0,140,0.0,True
2012-02-16,148,148,0,140,0.0,True
2012-02-17,148,148,0,140,0.0,True
2012-02-21,148,148,0,140,0.0,True
2012-02-22,148,148,0,140,0.0,True
2012-02-23,148,148,0,140,0.0,True
2012-02-24,148,148,0,140,0.0,True
2012-02-27,148,148,0,140,0.0,True
2012-02-28,148,148,0,140,0.0,True
2012-02-29,148,148,0,140,0.0,True
2012-03-01,148,148,0,140,0.0,True
2012-03-02,148,148,0,140,0.0,True
2012-03-05,148,148,0,140,0.0,True
2012-03-06,148,148,0,140,0.0,True
2012-03-07,148,148,0,140,0.0,True
2012-03-08,148,148,0,140,0.0,True
2012-03-09,148,148,0,140,0.0,True
2012-03-12,148,148,0,140,0.0,True
2012-03-13,148,148,0,140,0.0,True
2012-03-14,148,148,0,140,0.0,True
2012-03-15,148,148,0,140,0.0,True
2012-03-16,148,148,0,140,0.0,True
2012-03-19,148,148,0,140,0.0,True
2012-03-20,148,148,0,140,0.0,True
2012-03-21,148,148,0,140,0.0,True
2012-03-22,148,148,0,140,0.0,True
2012-03-23,148,148,0,140,0.0,True
2012-03-26,148,148,0,140,0.0,True
2012-03-27,148,148,0,140,0.0,True
2012-03-28,148,148,0,140,0.0,True
2012-03-29,148,148,0,140,0.0,True
2012-03-30,148,148,0,140,0.0,True
2012-04-02,148,148,0,141,0.0,True
2012-04-03,148,148,0,141,0.0,True
2012-04-04,148,148,0,141,0.0,True
2012-04-05,148,148,0,141,0.0,True
2012-04-09,148,148,0,141,0.0,True
2012-04-10,148,148,0,141,0.0,True
2012-04-11,148,148,0,141,0.0,True
2012-04-12,148,148,0,141,0.0,True
2012-04-13,148,148,0,141,0.0,True
2012-04-16,148,148,0,141,0.0,True
2012-04-17,148,148,0,141,0.0,True
2012-04-18,148,148,0,141,0.0,True
2012-04-19,148,148,0,141,0.0,True
2012-04-20,148,148,0,141,0.0,True
2012-04-23,148,148,0,141,0.0,True
2012-04-24,148,148,0,141,0.0,True
2012-04-25,148,148,0,141,0.0,True
2012-04-26,148,148,0,141,0.0,True
2012-04-27,148,148,0,142,0.0,True
2012-04-30,148,148,0,142,0.0,True
2012-05-01,148,149,0,142,0.0,True
2012-05-02,149,149,0,142,0.0,True
2012-05-03,149,149,0,142,0.0,True
2012-05-04,149,149,0,142,0.0,True
2012-05-07,149,149,0,142,0.0,True
2012-05-08,149,149,0,142,0.0,True
2012-05-09,149,149,0,142,0.0,True
2012-05-10,149,149,0,142,0.0,True
2012-05-11,149,149,0,142,0.0,True
2012-05-14,149,149,0,142,0.0,True
2012-05-15,149,149,0,142,0.0,True
2012-05-16,149,149,0,142,0.0,True
2012-05-17,149,149,0,142,0.0,True
2012-05-18,149,149,0,142,0.0,True
2012-05-21,149,149,0,142,0.0,True
2012-05-22,149,149,0,142,0.0,True
2012-05-23,149,149,0,142,0.0,True
2012-05-24,149,149,0,142,0.0,True
2012-05-25,149,149,0,142,0.0,True
2012-05-29,149,149,0,142,0.0,True
2012-05-30,149,149,0,142,0.0,True
2012-05-31,149,149,0,142,0.0,True
2012-06-01,149,149,0,142,0.0,True
2012-06-04,149,149,0,142,0.0,True
2012-06-05,149,149,1,141,0.006711409395973154,True
2012-06-06,149,149,0,141,0.0,True
2012-06-07,149,149,0,141,0.0,True
2012-06-08,149,149,0,141,0.0,True
2012-06-11,149,149,0,141,0.0,True
2012-06-12,149,149,0,141,0.0,True
2012-06-13,149,149,0,141,0.0,True
2012-06-14,149,149,0,141,0.0,True
2012-06-15,149,149,0,141,0.0,True
2012-06-18,149,149,0,141,0.0,True
2012-06-19,149,149,0,141,0.0,True
2012-06-20,149,149,0,141,0.0,True
2012-06-21,149,149,0,141,0.0,True
2012-06-22,149,149,0,141,0.0,True
2012-06-25,149,149,0,141,0.0,True
2012-06-26,149,149,0,141,0.0,True
2012-06-27,149,149,0,141,0.0,True
2012-06-28,149,149,0,141,0.0,True
2012-06-29,149,150,0,141,0.0,True
2012-07-02,150,151,0,142,0.0,True
2012-07-03,151,151,0,142,0.0,True
2012-07-05,151,151,0,143,0.0,True
2012-07-06,151,151,0,143,0.0,True
2012-07-09,151,151,0,143,0.0,True
2012-07-10,151,151,0,143,0.0,True
2012-07-11,151,151,0,143,0.0,True
2012-07-12,151,151,0,143,0.0,True
2012-07-13,151,151,0,143,0.0,True
2012-07-16,151,151,0,143,0.0,True
2012-07-17,151,151,0,143,0.0,True
2012-07-18,151,151,0,143,0.0,True
2012-07-19,151,151,0,143,0.0,True
2012-07-20,151,151,0,143,0.0,True
2012-07-23,151,151,0,143,0.0,True
2012-07-24,151,151,0,143,0.0,True
2012-07-25,151,151,0,143,0.0,True
2012-07-26,151,151,0,143,0.0,True
2012-07-27,151,151,0,143,0.0,True
2012-07-30,151,151,0,143,0.0,True
2012-07-31,151,151,0,143,0.0,True
2012-08-01,151,151,0,143,0.0,True
2012-08-02,151,151,0,143,0.0,True
2012-08-03,151,151,0,143,0.0,True
2012-08-06,151,151,0,143,0.0,True
2012-08-07,151,151,0,143,0.0,True
2012-08-08,151,151,0,143,0.0,True
2012-08-09,151,151,0,143,0.0,True
2012-08-10,151,151,0,143,0.0,True
2012-08-13,151,151,0,143,0.0,True
2012-08-14,151,151,0,143,0.0,True
2012-08-15,151,151,0,143,0.0,True
2012-08-16,151,151,0,143,0.0,True
2012-08-17,151,151,0,143,0.0,True
2012-08-20,151,151,0,143,0.0,True
2012-08-21,151,151,0,143,0.0,True
2012-08-22,151,151,0,143,0.0,True
2012-08-23,151,151,0,143,0.0,True
2012-08-24,151,151,0,143,0.0,True
2012-08-27,151,151,0,143,0.0,True
2012-08-28,151,151,0,143,0.0,True
2012-08-29,151,151,0,143,0.0,True
2012-08-30,151,151,0,143,0.0,True
2012-08-31,151,151,0,143,0.0,True
2012-09-04,151,151,0,143,0.0,True
2012-09-05,151,151,0,143,0.0,True
2012-09-06,151,151,0,143,0.0,True
2012-09-07,151,151,0,143,0.0,True
2012-09-10,151,151,0,143,0.0,True
2012-09-11,151,151,0,143,0.0,True
2012-09-12,151,151,0,143,0.0,True
2012-09-13,151,151,0,143,0.0,True
2012-09-14,151,151,0,143,0.0,True
2012-09-17,151,151,0,143,0.0,True
2012-09-18,151,151,0,143,0.0,True
2012-09-19,151,151,0,143,0.0,True
2012-09-20,151,151,0,143,0.0,True
2012-09-21,151,151,0,143,0.0,True
2012-09-24,151,151,0,143,0.0,True
2012-09-25,151,151,0,144,0.0,True
2012-09-26,151,151,0,144,0.0,True
2012-09-27,151,151,0,144,0.0,True
2012-09-28,151,151,0,144,0.0,True
2012-10-01,151,152,0,144,0.0,True
2012-10-02,152,153,0,144,0.0,True
2012-10-03,153,153,0,144,0.0,True
2012-10-04,153,153,0,144,0.0,True
2012-10-05,153,153,0,144,0.0,True
2012-10-08,153,153,0,144,0.0,True
2012-10-09,153,153,0,144,0.0,True
2012-10-10,153,153,0,144,0.0,True
2012-10-11,153,153,0,144,0.0,True
2012-10-12,153,153,0,144,0.0,True
2012-10-15,153,153,0,144,0.0,True
2012-10-16,153,153,0,144,0.0,True
2012-10-17,153,153,0,144,0.0,True
2012-10-18,153,153,0,144,0.0,True
2012-10-19,153,153,0,144,0.0,True
2012-10-22,153,153,0,144,0.0,True
2012-10-23,153,153,0,144,0.0,True
2012-10-24,153,153,0,144,0.0,True
2012-10-25,153,153,0,144,0.0,True
2012-10-26,153,153,0,144,0.0,True
2012-10-31,153,153,0,144,0.0,True
2012-11-01,153,153,0,144,0.0,True
2012-11-02,153,153,0,145,0.0,True
2012-11-05,153,153,0,145,0.0,True
2012-11-06,153,153,0,145,0.0,True
2012-11-07,153,153,0,145,0.0,True
2012-11-08,153,153,0,145,0.0,True
2012-11-09,153,153,0,145,0.0,True
2012-11-12,153,153,0,145,0.0,True
2012-11-13,153,153,0,145,0.0,True
2012-11-14,153,153,0,145,0.0,True
2012-11-15,153,153,0,145,0.0,True
2012-11-16,153,153,0,145,0.0,True
2012-11-19,153,153,0,145,0.0,True
2012-11-20,153,153,0,145,0.0,True
2012-11-21,153,153,0,145,0.0,True
2012-11-23,153,153,0,145,0.0,True
2012-11-26,153,153,0,145,0.0,True
2012-11-27,153,153,0,145,0.0,True
2012-11-28,153,153,0,145,0.0,True
2012-11-29,153,153,0,145,0.0,True
2012-11-30,153,153,0,145,0.0,True
2012-12-03,153,154,0,145,0.0,True
2012-12-04,154,154,0,145,0.0,True
2012-12-05,154,154,0,145,0.0,True
2012-12-06,154,154,0,145,0.0,True
2012-12-07,154,154,0,145,0.0,True
2012-12-10,154,154,0,145,0.0,True
2012-12-11,154,154,0,145,0.0,True
2012-12-12,154,155,0,145,0.0,True
2012-12-13,155,155,0,145,0.0,True
2012-12-14,155,155,0,145,0.0,True
2012-12-17,155,155,0,145,0.0,True
2012-12-18,155,155,0,145,0.0,True
2012-12-19,155,155,0,145,0.0,True
2012-12-20,155,155,0,147,0.0,True
2012-12-21,155,155,0,147,0.0,True
2012-12-24,155,155,0,147,0.0,True
2012-12-26,155,155,0,147,0.0,True
2012-12-27,155,155,0,147,0.0,True
2012-12-28,155,155,0,147,0.0,True
2012-12-31,155,155,0,147,0.0,True
2013-01-02,155,157,0,147,0.0,True
2013-01-03,157,157,0,147,0.0,True
2013-01-04,157,157,0,147,0.0,True
2013-01-07,157,157,0,147,0.0,True
2013-01-08,157,157,0,147,0.0,True
2013-01-09,157,157,0,147,0.0,True
2013-01-10,157,157,0,147,0.0,True
2013-01-11,157,157,0,147,0.0,True
2013-01-14,157,157,0,147,0.0,True
2013-01-15,157,157,0,147,0.0,True
2013-01-16,157,157,0,147,0.0,True
2013-01-17,157,157,0,147,0.0,True
2013-01-18,157,157,0,147,0.0,True
2013-01-22,157,157,0,147,0.0,True
2013-01-23,157,157,0,147,0.0,True
2013-01-24,157,157,0,147,0.0,True
2013-01-25,157,157,0,147,0.0,True
2013-01-28,157,157,0,147,0.0,True
2013-01-29,157,157,0,147,0.0,True
2013-01-30,157,157,0,147,0.0,True
2013-01-31,157,157,0,147,0.0,True
2013-02-01,157,157,0,147,0.0,True
2013-02-04,157,157,0,147,0.0,True
2013-02-05,157,157,0,147,0.0,True
2013-02-06,157,157,0,147,0.0,True
2013-02-07,157,157,0,147,0.0,True
2013-02-08,157,157,0,147,0.0,True
2013-02-11,157,157,0,147,0.0,True
2013-02-12,157,157,0,147,0.0,True
2013-02-13,157,157,0,147,0.0,True
2013-02-14,157,157,0,147,0.0,True
2013-02-15,157,157,0,147,0.0,True
2013-02-19,157,157,0,147,0.0,True
2013-02-20,157,157,0,147,0.0,True
2013-02-21,157,157,0,147,0.0,True
2013-02-22,157,157,0,147,0.0,True
2013-02-25,157,157,0,147,0.0,True
2013-02-26,157,157,0,147,0.0,True
2013-02-27,157,157,0,147,0.0,True
2013-02-28,157,157,0,147,0.0,True
2013-03-01,157,157,0,147,0.0,True
2013-03-04,157,157,0,147,0.0,True
2013-03-05,157,157,0,147,0.0,True
2013-03-06,157,157,0,147,0.0,True
2013-03-07,157,157,0,147,0.0,True
2013-03-08,157,157,0,147,0.0,True
2013-03-11,157,157,0,147,0.0,True
2013-03-12,157,157,0,147,0.0,True
2013-03-13,157,157,0,147,0.0,True
2013-03-14,157,157,0,147,0.0,True
2013-03-15,157,157,0,147,0.0,True
2013-03-18,157,157,0,147,0.0,True
2013-03-19,157,157,0,147,0.0,True
2013-03-20,157,157,0,147,0.0,True
2013-03-21,157,157,0,147,0.0,True
2013-03-22,157,157,0,147,0.0,True
2013-03-25,157,157,0,147,0.0,True
2013-03-26,157,157,0,147,0.0,True
2013-03-27,157,157,0,147,0.0,True
2013-03-28,157,157,0,147,0.0,True
2013-04-01,157,157,0,147,0.0,True
2013-04-02,157,157,0,147,0.0,True
2013-04-03,157,157,0,147,0.0,True
2013-04-04,157,157,0,147,0.0,True
2013-04-05,157,157,0,147,0.0,True
2013-04-08,157,157,0,147,0.0,True
2013-04-09,157,157,0,147,0.0,True
2013-04-10,157,157,0,147,0.0,True
2013-04-11,157,157,0,147,0.0,True
2013-04-12,157,157,0,147,0.0,True
2013-04-15,157,157,0,147,0.0,True
2013-04-16,157,157,0,147,0.0,True
2013-04-17,157,157,0,147,0.0,True
2013-04-18,157,157,0,147,0.0,True
2013-04-19,157,157,0,147,0.0,True
2013-04-22,157,157,0,147,0.0,True
2013-04-23,157,157,0,147,0.0,True
2013-04-24,157,157,0,147,0.0,True
2013-04-25,157,157,0,147,0.0,True
2013-04-26,157,157,0,147,0.0,True
2013-04-29,157,157,0,147,0.0,True
2013-04-30,157,157,0,147,0.0,True
2013-05-01,157,158,0,147,0.0,True
2013-05-02,158,158,0,147,0.0,True
2013-05-03,158,158,0,148,0.0,True
2013-05-06,158,158,0,148,0.0,True
2013-05-07,158,158,0,148,0.0,True
2013-05-08,158,158,0,148,0.0,True
2013-05-09,158,158,0,148,0.0,True
2013-05-10,158,158,0,148,0.0,True
2013-05-13,158,158,0,148,0.0,True
2013-05-14,158,158,0,148,0.0,True
2013-05-15,158,158,0,148,0.0,True
2013-05-16,158,158,0,148,0.0,True
2013-05-17,158,158,0,148,0.0,True
2013-05-20,158,158,0,148,0.0,True
2013-05-21,158,158,0,148,0.0,True
2013-05-22,158,158,0,148,0.0,True
2013-05-23,158,158,0,148,0.0,True
2013-05-24,158,158,0,148,0.0,True
2013-05-28,158,158,0,148,0.0,True
2013-05-29,158,158,0,148,0.0,True
2013-05-30,158,158,0,148,0.0,True
2013-05-31,158,158,0,148,0.0,True
2013-06-03,158,158,0,148,0.0,True
2013-06-04,158,158,0,148,0.0,True
2013-06-05,158,158,0,148,0.0,True
2013-06-06,158,158,0,148,0.0,True
2013-06-07,158,159,0,149,0.0,True
2013-06-10,159,159,0,149,0.0,True
2013-06-11,159,159,0,149,0.0,True
2013-06-12,159,159,0,149,0.0,True
2013-06-13,159,159,0,149,0.0,True
2013-06-14,159,159,0,149,0.0,True
2013-06-17,159,159,0,149,0.0,True
2013-06-18,159,159,0,149,0.0,True
2013-06-19,159,159,0,149,0.0,True
2013-06-20,159,159,0,149,0.0,True
2013-06-21,159,159,0,149,0.0,True
2013-06-24,159,160,0,149,0.0,True
2013-06-25,160,160,0,149,0.0,True
2013-06-26,160,160,0,149,0.0,True
2013-06-27,160,160,0,149,0.0,True
2013-06-28,160,160,0,149,0.0,True
2013-07-01,160,161,0,149,0.0,True
2013-07-02,161,161,0,149,0.0,True
2013-07-03,161,161,0,150,0.0,True
2013-07-05,161,161,0,151,0.0,True
2013-07-08,161,161,0,151,0.0,True
2013-07-09,161,161,0,151,0.0,True
2013-07-10,161,161,0,151,0.0,True
2013-07-11,161,161,0,151,0.0,True
2013-07-12,161,161,0,151,0.0,True
2013-07-15,161,161,0,151,0.0,True
2013-07-16,161,161,0,151,0.0,True
2013-07-17,161,161,0,151,0.0,True
2013-07-18,161,161,0,151,0.0,True
2013-07-19,161,161,0,151,0.0,True
2013-07-22,161,161,0,151,0.0,True
2013-07-23,161,161,0,151,0.0,True
2013-07-24,161,161,0,151,0.0,True
2013-07-25,161,161,0,151,0.0,True
2013-07-26,161,161,0,151,0.0,True
2013-07-29,161,161,0,151,0.0,True
2013-07-30,161,161,0,151,0.0,True
2013-07-31,161,161,0,151,0.0,True
2013-08-01,161,161,0,151,0.0,True
2013-08-02,161,161,0,151,0.0,True
2013-08-05,161,161,0,151,0.0,True
2013-08-06,161,161,0,151,0.0,True
2013-08-07,161,161,0,151,0.0,True
2013-08-08,161,161,0,151,0.0,True
2013-08-09,161,161,0,151,0.0,True
2013-08-12,161,161,0,151,0.0,True
2013-08-13,161,161,0,151,0.0,True
2013-08-14,161,161,0,151,0.0,True
2013-08-15,161,161,0,151,0.0,True
2013-08-16,161,161,0,151,0.0,True
2013-08-19,161,161,0,151,0.0,True
2013-08-20,161,161,0,151,0.0,True
2013-08-21,161,161,0,151,0.0,True
2013-08-22,161,161,0,151,0.0,True
2013-08-23,161,161,0,151,0.0,True
2013-08-26,161,161,0,151,0.0,True
2013-08-27,161,161,0,151,0.0,True
2013-08-28,161,161,0,151,0.0,True
2013-08-29,161,161,0,151,0.0,True
2013-08-30,161,161,0,151,0.0,True
2013-09-03,161,161,0,151,0.0,True
2013-09-04,161,161,0,151,0.0,True
2013-09-05,161,161,0,151,0.0,True
2013-09-06,161,161,0,151,0.0,True
2013-09-09,161,161,0,151,0.0,True
2013-09-10,161,161,0,151,0.0,True
2013-09-11,161,162,0,151,0.0,True
2013-09-12,162,162,0,151,0.0,True
2013-09-13,162,162,0,151,0.0,True
2013-09-16,162,162,0,151,0.0,True
2013-09-17,162,162,0,151,0.0,True
2013-09-18,162,162,0,151,0.0,True
2013-09-19,162,162,0,151,0.0,True
2013-09-20,162,162,0,151,0.0,True
2013-09-23,162,164,0,151,0.0,True
2013-09-24,164,164,0,151,0.0,True
2013-09-25,164,164,0,151,0.0,True
2013-09-26,164,164,0,151,0.0,True
2013-09-27,164,164,0,151,0.0,True
2013-09-30,164,164,0,151,0.0,True
2013-10-01,164,164,0,151,0.0,True
2013-10-02,164,164,0,151,0.0,True
2013-10-03,164,164,0,152,0.0,True
2013-10-04,164,164,0,153,0.0,True
2013-10-07,164,164,0,153,0.0,True
2013-10-08,164,164,0,153,0.0,True
2013-10-09,164,164,0,153,0.0,True
2013-10-10,164,164,0,153,0.0,True
2013-10-11,164,164,0,153,0.0,True
2013-10-14,164,164,0,153,0.0,True
2013-10-15,164,164,0,153,0.0,True
2013-10-16,164,164,0,153,0.0,True
2013-10-17,164,164,0,153,0.0,True
2013-10-18,164,164,0,153,0.0,True
2013-10-21,164,164,0,153,0.0,True
2013-10-22,164,164,0,153,0.0,True
2013-10-23,164,164,0,153,0.0,True
2013-10-24,164,164,0,153,0.0,True
2013-10-25,164,164,0,153,0.0,True
2013-10-28,164,164,0,153,0.0,True
2013-10-29,164,164,0,153,0.0,True
2013-10-30,164,164,0,153,0.0,True
2013-10-31,164,164,0,153,0.0,True
2013-11-01,164,164,0,153,0.0,True
2013-11-04,164,164,0,153,0.0,True
2013-11-05,164,164,0,153,0.0,True
2013-11-06,164,164,0,153,0.0,True
2013-11-07,164,164,0,153,0.0,True
2013-11-08,164,164,0,153,0.0,True
2013-11-11,164,164,0,153,0.0,True
2013-11-12,164,164,0,153,0.0,True
2013-11-13,164,164,0,153,0.0,True
2013-11-14,164,164,0,153,0.0,True
2013-11-15,164,164,0,153,0.0,True
2013-11-18,164,164,0,153,0.0,True
2013-11-19,164,164,0,153,0.0,True
2013-11-20,164,164,0,153,0.0,True
2013-11-21,164,164,0,153,0.0,True
2013-11-22,164,164,0,153,0.0,True
2013-11-25,164,164,0,153,0.0,True
2013-11-26,164,164,0,153,0.0,True
2013-11-27,164,164,0,153,0.0,True
2013-11-29,164,164,0,153,0.0,True
2013-12-02,164,165,0,153,0.0,True
2013-12-03,165,165,0,154,0.0,True
2013-12-04,165,165,0,154,0.0,True
2013-12-05,165,165,0,154,0.0,True
2013-12-06,165,165,0,154,0.0,True
2013-12-09,165,165,0,154,0.0,True
2013-12-10,165,165,0,154,0.0,True
2013-12-11,165,165,0,154,0.0,True
2013-12-12,165,165,0,155,0.0,True
2013-12-13,165,165,0,155,0.0,True
2013-12-16,165,165,0,155,0.0,True
2013-12-17,165,165,0,155,0.0,True
2013-12-18,165,165,0,155,0.0,True
2013-12-19,164,164,0,154,0.0,True
2013-12-20,164,164,0,154,0.0,True
2013-12-23,164,165,0,154,0.0,True
2013-12-24,165,165,0,154,0.0,True
2013-12-26,165,165,0,154,0.0,True
2013-12-27,165,165,0,154,0.0,True
2013-12-30,165,165,0,154,0.0,True
2013-12-31,165,165,0,154,0.0,True
2014-01-02,165,165,0,156,0.0,True
2014-01-03,165,165,0,156,0.0,True
2014-01-06,165,165,0,156,0.0,True
2014-01-07,165,165,0,156,0.0,True
2014-01-08,165,165,0,156,0.0,True
2014-01-09,165,165,0,156,0.0,True
2014-01-10,165,165,0,156,0.0,True
2014-01-13,165,165,0,156,0.0,True
2014-01-14,165,165,0,156,0.0,True
2014-01-15,165,165,0,156,0.0,True
2014-01-16,165,165,0,156,0.0,True
2014-01-17,165,165,0,156,0.0,True
2014-01-21,165,165,0,156,0.0,True
2014-01-22,165,165,0,156,0.0,True
2014-01-23,165,165,0,156,0.0,True
2014-01-24,165,166,0,156,0.0,True
2014-01-27,166,166,0,156,0.0,True
2014-01-28,166,166,0,156,0.0,True
2014-01-29,166,166,0,156,0.0,True
2014-01-30,166,166,0,156,0.0,True
2014-01-31,166,166,0,156,0.0,True
2014-02-03,166,166,0,156,0.0,True
2014-02-04,166,166,0,156,0.0,True
2014-02-05,166,166,0,156,0.0,True
2014-02-06,166,166,0,156,0.0,True
2014-02-07,166,166,0,156,0.0,True
2014-02-10,166,166,0,156,0.0,True
2014-02-11,166,166,0,156,0.0,True
2014-02-12,166,166,0,156,0.0,True
2014-02-13,166,166,0,156,0.0,True
2014-02-14,166,166,0,156,0.0,True
2014-02-18,166,166,0,156,0.0,True
2014-02-19,166,166,0,156,0.0,True
2014-02-20,166,166,0,156,0.0,True
2014-02-21,166,166,0,156,0.0,True
2014-02-24,166,166,0,156,0.0,True
2014-02-25,166,166,0,156,0.0,True
2014-02-26,166,166,0,156,0.0,True
2014-02-27,166,166,0,156,0.0,True
2014-02-28,166,166,0,156,0.0,True
2014-03-03,166,166,0,156,0.0,True
2014-03-04,166,166,0,156,0.0,True
2014-03-05,166,166,0,156,0.0,True
2014-03-06,166,166,0,156,0.0,True
2014-03-07,166,166,0,156,0.0,True
2014-03-10,166,166,0,156,0.0,True
2014-03-11,166,166,0,156,0.0,True
2014-03-12,166,166,0,156,0.0,True
2014-03-13,166,166,0,156,0.0,True
2014-03-14,166,166,0,156,0.0,True
2014-03-17,166,166,0,156,0.0,True
2014-03-18,166,166,0,156,0.0,True
2014-03-19,166,166,0,156,0.0,True
2014-03-20,166,166,0,156,0.0,True
2014-03-21,166,166,0,156,0.0,True
2014-03-24,166,166,0,156,0.0,True
2014-03-25,166,166,0,156,0.0,True
2014-03-26,166,166,0,156,0.0,True
2014-03-27,166,166,0,156,0.0,True
2014-03-28,166,166,0,156,0.0,True
2014-03-31,166,166,0,156,0.0,True
2014-04-01,166,166,0,156,0.0,True
2014-04-02,166,167,0,156,0.0,True
2014-04-03,167,168,0,156,0.0,True
2014-04-04,168,168,0,156,0.0,True
2014-04-07,168,168,0,156,0.0,True
2014-04-08,168,168,0,156,0.0,True
2014-04-09,168,168,0,156,0.0,True
2014-04-10,168,168,0,156,0.0,True
2014-04-11,168,168,0,156,0.0,True
2014-04-14,168,168,0,156,0.0,True
2014-04-15,168,168,0,156,0.0,True
2014-04-16,168,168,0,156,0.0,True
2014-04-17,168,168,0,156,0.0,True
2014-04-21,168,168,0,156,0.0,True
2014-04-22,168,168,0,156,0.0,True
2014-04-23,168,168,0,156,0.0,True
2014-04-24,168,168,0,156,0.0,True
2014-04-25,168,168,0,156,0.0,True
2014-04-28,168,168,0,156,0.0,True
2014-04-29,168,168,0,156,0.0,True
2014-04-30,168,168,0,156,0.0,True
2014-05-01,168,168,0,157,0.0,True
2014-05-02,168,168,0,157,0.0,True
2014-05-05,168,168,0,157,0.0,True
2014-05-06,168,168,0,157,0.0,True
2014-05-07,168,167,1,156,0.005952380952380952,True
2014-05-08,167,168,0,156,0.0,True
2014-05-09,168,168,0,156,0.0,True
2014-05-12,168,168,0,156,0.0,True
2014-05-13,168,168,0,156,0.0,True
2014-05-14,168,168,0,156,0.0,True
2014-05-15,168,168,0,156,0.0,True
2014-05-16,168,168,0,156,0.0,True
2014-05-19,168,168,0,156,0.0,True
2014-05-20,168,168,0,156,0.0,True
2014-05-21,168,168,0,156,0.0,True
2014-05-22,168,168,0,156,0.0,True
2014-05-23,168,168,0,156,0.0,True
2014-05-27,168,168,0,156,0.0,True
2014-05-28,168,168,0,156,0.0,True
2014-05-29,168,168,0,156,0.0,True
2014-05-30,168,168,0,156,0.0,True
2014-06-02,168,168,0,156,0.0,True
2014-06-03,168,168,0,156,0.0,True
2014-06-04,168,168,0,156,0.0,True
2014-06-05,168,168,0,156,0.0,True
2014-06-06,168,168,0,156,0.0,True
2014-06-09,168,168,0,157,0.0,True
2014-06-10,168,168,0,157,0.0,True
2014-06-11,168,168,0,157,0.0,True
2014-06-12,168,168,0,157,0.0,True
2014-06-13,168,168,0,157,0.0,True
2014-06-16,168,168,0,157,0.0,True
2014-06-17,168,168,0,157,0.0,True
2014-06-18,168,168,0,157,0.0,True
2014-06-19,168,168,0,157,0.0,True
2014-06-20,168,168,0,157,0.0,True
2014-06-23,168,168,0,157,0.0,True
2014-06-24,168,168,0,158,0.0,True
2014-06-25,168,168,0,158,0.0,True
2014-06-26,168,168,0,158,0.0,True
2014-06-27,168,168,0,158,0.0,True
2014-06-30,168,168,0,158,0.0,True
2014-07-01,168,168,0,159,0.0,True
2014-07-02,168,169,0,159,0.0,True
2014-07-03,169,169,0,159,0.0,True
2014-07-07,169,169,0,159,0.0,True
2014-07-08,169,169,0,159,0.0,True
2014-07-09,169,169,0,159,0.0,True
2014-07-10,169,169,0,159,0.0,True
2014-07-11,169,169,0,159,0.0,True
2014-07-14,169,169,0,159,0.0,True
2014-07-15,169,169,0,159,0.0,True
2014-07-16,169,169,0,159,0.0,True
2014-07-17,169,169,0,159,0.0,True
2014-07-18,169,169,0,159,0.0,True
2014-07-21,169,169,0,159,0.0,True
2014-07-22,169,169,0,159,0.0,True
2014-07-23,169,169,0,159,0.0,True
2014-07-24,169,169,0,159,0.0,True
2014-07-25,169,169,0,159,0.0,True
2014-07-28,169,169,0,159,0.0,True
2014-07-29,169,169,0,159,0.0,True
2014-07-30,169,169,0,159,0.0,True
2014-07-31,169,169,0,159,0.0,True
2014-08-01,169,169,0,159,0.0,True
2014-08-04,169,169,0,159,0.0,True
2014-08-05,169,169,0,159,0.0,True
2014-08-06,169,169,0,159,0.0,True
2014-08-07,169,169,0,159,0.0,True
2014-08-08,169,169,0,159,0.0,True
2014-08-11,169,169,0,159,0.0,True
2014-08-12,169,169,0,159,0.0,True
2014-08-13,169,169,0,159,0.0,True
2014-08-14,169,168,1,158,0.005917159763313609,True
2014-08-15,168,168,0,158,0.0,True
2014-08-18,168,168,0,158,0.0,True
2014-08-19,168,168,0,158,0.0,True
2014-08-20,168,168,0,158,0.0,True
2014-08-21,168,168,0,158,0.0,True
2014-08-22,168,168,0,158,0.0,True
2014-08-25,168,168,0,158,0.0,True
2014-08-26,168,168,0,158,0.0,True
2014-08-27,168,168,0,158,0.0,True
2014-08-28,168,168,0,158,0.0,True
2014-08-29,168,168,0,158,0.0,True
2014-09-02,168,168,0,158,0.0,True
2014-09-03,168,168,0,158,0.0,True
2014-09-04,168,168,0,158,0.0,True
2014-09-05,168,168,0,158,0.0,True
2014-09-08,168,168,0,158,0.0,True
2014-09-09,168,168,0,158,0.0,True
2014-09-10,168,168,0,158,0.0,True
2014-09-11,168,168,0,159,0.0,True
2014-09-12,168,168,0,159,0.0,True
2014-09-15,168,168,0,159,0.0,True
2014-09-16,168,168,0,159,0.0,True
2014-09-17,168,168,0,159,0.0,True
2014-09-18,168,168,0,159,0.0,True
2014-09-19,168,168,0,159,0.0,True
2014-09-22,168,170,0,159,0.0,True
2014-09-23,170,170,0,161,0.0,True
2014-09-24,170,170,0,161,0.0,True
2014-09-25,170,170,0,161,0.0,True
2014-09-26,170,170,0,161,0.0,True
2014-09-29,170,170,0,161,0.0,True
2014-09-30,170,170,0,161,0.0,True
2014-10-01,170,170,0,161,0.0,True
2014-10-02,170,170,0,161,0.0,True
2014-10-03,170,170,0,161,0.0,True
2014-10-06,170,170,0,161,0.0,True
2014-10-07,170,170,0,161,0.0,True
2014-10-08,170,170,0,161,0.0,True
2014-10-09,170,170,0,161,0.0,True
2014-10-10,170,170,0,161,0.0,True
2014-10-13,170,170,0,161,0.0,True
2014-10-14,170,170,0,161,0.0,True
2014-10-15,170,170,0,161,0.0,True
2014-10-16,170,170,0,161,0.0,True
2014-10-17,170,170,0,161,0.0,True
2014-10-20,170,170,0,161,0.0,True
2014-10-21,170,170,0,161,0.0,True
2014-10-22,170,170,0,161,0.0,True
2014-10-23,170,170,0,161,0.0,True
2014-10-24,170,170,0,161,0.0,True
2014-10-27,170,170,0,161,0.0,True
2014-10-28,170,170,0,161,0.0,True
2014-10-29,170,170,0,161,0.0,True
2014-10-30,170,170,0,161,0.0,True
2014-10-31,170,170,0,161,0.0,True
2014-11-03,170,170,0,161,0.0,True
2014-11-04,170,170,0,161,0.0,True
2014-11-05,170,170,0,161,0.0,True
2014-11-06,170,170,0,161,0.0,True
2014-11-07,170,170,0,161,0.0,True
2014-11-10,170,170,0,161,0.0,True
2014-11-11,170,170,0,161,0.0,True
2014-11-12,170,170,0,161,0.0,True
2014-11-13,170,170,0,161,0.0,True
2014-11-14,170,170,0,161,0.0,True
2014-11-17,170,170,0,161,0.0,True
2014-11-18,170,170,0,161,0.0,True
2014-11-19,170,170,0,161,0.0,True
2014-11-20,170,170,0,161,0.0,True
2014-11-21,170,170,0,161,0.0,True
2014-11-24,170,170,0,161,0.0,True
2014-11-25,170,170,0,161,0.0,True
2014-11-26,170,170,0,161,0.0,True
2014-11-28,170,170,0,161,0.0,True
2014-12-01,170,170,0,161,0.0,True
2014-12-02,170,170,0,162,0.0,True
2014-12-03,170,170,0,162,0.0,True
2014-12-04,170,170,0,162,0.0,True
2014-12-05,170,171,0,162,0.0,True
2014-12-08,171,171,0,162,0.0,True
2014-12-09,171,171,0,162,0.0,True
2014-12-10,171,171,0,162,0.0,True
2014-12-11,171,171,0,162,0.0,True
2014-12-12,171,171,0,162,0.0,True
2014-12-15,171,171,0,162,0.0,True
2014-12-16,171,171,0,162,0.0,True
2014-12-17,171,171,0,162,0.0,True
2014-12-18,171,171,0,162,0.0,True
2014-12-19,171,171,0,162,0.0,True
2014-12-22,171,171,0,162,0.0,True
2014-12-23,171,171,0,163,0.0,True
2014-12-24,171,171,0,163,0.0,True
2015-01-08,171,171,0,163,0.0,True
2015-01-09,171,171,0,163,0.0,True
2015-01-12,171,171,0,163,0.0,True
2015-01-13,171,171,0,163,0.0,True
2015-01-14,171,171,0,163,0.0,True
2015-01-15,171,171,0,163,0.0,True
2015-01-16,171,171,0,163,0.0,True
2015-01-20,171,171,0,163,0.0,True
2015-01-21,171,171,0,163,0.0,True
2015-01-22,171,171,0,163,0.0,True
2015-01-23,171,171,0,163,0.0,True
2015-01-26,171,171,0,163,0.0,True
2015-01-27,171,172,0,163,0.0,True
2015-01-28,172,172,0,163,0.0,True
2015-01-29,172,172,0,163,0.0,True
2015-01-30,172,172,0,163,0.0,True
2015-02-02,172,172,0,163,0.0,True
2015-02-03,172,172,0,163,0.0,True
2015-02-04,172,172,0,163,0.0,True
2015-02-05,172,172,0,164,0.0,True
2015-02-06,172,172,0,164,0.0,True
2015-02-09,172,172,0,164,0.0,True
2015-02-10,172,172,0,164,0.0,True
2015-02-11,172,172,0,164,0.0,True
2015-02-12,172,172,0,164,0.0,True
2015-02-13,172,172,0,164,0.0,True
2015-02-17,172,172,0,164,0.0,True
2015-02-18,172,172,0,164,0.0,True
2015-02-19,172,172,0,164,0.0,True
2015-02-20,172,172,0,164,0.0,True
2015-02-23,172,172,0,164,0.0,True
2015-02-24,172,172,0,164,0.0,True
2015-02-25,172,172,0,164,0.0,True
2015-02-26,172,172,0,164,0.0,True
2015-02-27,172,172,0,164,0.0,True
2015-03-02,172,172,0,164,0.0,True
2015-03-03,172,172,0,164,0.0,True
2015-03-04,172,172,0,164,0.0,True
2015-03-05,172,172,0,164,0.0,True
2015-03-06,172,172,0,164,0.0,True
2015-03-09,172,172,0,164,0.0,True
2015-03-10,172,172,0,164,0.0,True
2015-03-11,172,172,0,164,0.0,True
2015-03-12,172,173,0,164,0.0,True
2015-03-13,173,173,0,164,0.0,True
2015-03-16,173,173,0,164,0.0,True
2015-03-17,173,173,0,164,0.0,True
2015-03-18,173,174,0,164,0.0,True
2015-03-19,174,174,0,164,0.0,True
2015-03-20,174,174,0,164,0.0,True
2015-03-23,174,175,0,164,0.0,True
2015-03-24,175,175,0,164,0.0,True
2015-03-25,175,175,0,164,0.0,True
2015-03-26,175,175,0,164,0.0,True
2015-03-27,175,175,0,164,0.0,True
2015-03-30,175,175,0,164,0.0,True
2015-03-31,175,175,0,164,0.0,True
2015-04-01,175,175,0,164,0.0,True
2015-04-02,175,175,0,164,0.0,True
2015-04-06,175,175,0,164,0.0,True
2015-04-07,175,176,0,164,0.0,True
2015-04-08,176,176,0,164,0.0,True
2015-04-09,176,176,0,164,0.0,True
2015-04-10,176,176,0,164,0.0,True
2015-04-13,176,176,0,164,0.0,True
2015-04-14,176,176,0,164,0.0,True
2015-04-15,176,176,0,165,0.0,True
2015-04-16,176,176,0,166,0.0,True
2015-04-17,176,176,0,166,0.0,True
2015-04-20,176,176,0,166,0.0,True
2015-04-21,176,176,0,166,0.0,True
2015-04-22,176,176,0,166,0.0,True
2015-04-23,176,176,0,166,0.0,True
2015-04-24,176,176,0,166,0.0,True
2015-04-27,176,176,0,166,0.0,True
2015-04-28,176,176,0,166,0.0,True
2015-04-29,176,176,0,166,0.0,True
2015-04-30,176,176,0,166,0.0,True
2015-05-01,176,176,0,166,0.0,True
2015-05-04,176,176,0,166,0.0,True
2015-05-05,176,176,0,166,0.0,True
2015-05-06,176,176,0,166,0.0,True
2015-05-07,176,176,0,166,0.0,True
2015-05-08,176,176,0,166,0.0,True
2015-05-11,176,176,0,166,0.0,True
2015-05-12,176,176,0,166,0.0,True
2015-05-13,176,176,0,166,0.0,True
2015-05-14,176,176,0,166,0.0,True
2015-05-15,176,176,0,166,0.0,True
2015-05-18,176,176,0,166,0.0,True
2015-05-19,176,176,0,166,0.0,True
2015-05-20,176,176,0,167,0.0,True
2015-05-21,176,176,0,167,0.0,True
2015-05-22,176,176,0,167,0.0,True
2015-05-26,176,176,0,167,0.0,True
2015-05-27,176,176,0,167,0.0,True
2015-05-28,176,176,0,167,0.0,True
2015-05-29,176,176,0,167,0.0,True
2015-06-01,176,176,0,167,0.0,True
2015-06-02,176,176,0,167,0.0,True
2015-06-03,176,176,0,167,0.0,True
2015-06-04,176,176,0,167,0.0,True
2015-06-05,176,176,0,167,0.0,True
2015-06-08,176,176,0,167,0.0,True
2015-06-09,176,176,0,167,0.0,True
2015-06-10,176,176,0,167,0.0,True
2015-06-11,176,176,0,167,0.0,True
2015-06-12,176,176,0,167,0.0,True
2015-06-15,176,176,0,167,0.0,True
2015-06-16,176,176,0,167,0.0,True
2015-06-17,176,176,0,167,0.0,True
2015-06-18,176,176,0,167,0.0,True
2015-06-19,176,176,0,167,0.0,True
2015-06-22,176,176,0,167,0.0,True
2015-06-23,176,176,0,167,0.0,True
2015-06-24,176,176,0,167,0.0,True
2015-06-25,176,176,0,167,0.0,True
2015-06-26,176,176,0,167,0.0,True
2015-06-29,176,176,0,167,0.0,True
2015-06-30,176,176,0,167,0.0,True
2015-07-01,176,177,0,167,0.0,True
2015-07-02,177,177,0,167,0.0,True
2015-07-06,177,177,1,166,0.005649717514124294,True
2015-07-07,177,176,1,165,0.005649717514124294,True
2015-07-08,176,176,0,165,0.0,True
2015-07-09,176,176,0,165,0.0,True
2015-07-10,176,176,0,165,0.0,True
2015-07-13,176,176,0,165,0.0,True
2015-07-14,176,176,0,165,0.0,True
2015-07-15,176,176,0,166,0.0,True
2015-07-16,176,176,0,166,0.0,True
2015-07-17,176,176,0,166,0.0,True
2015-07-20,176,177,0,166,0.0,True
2015-07-21,177,177,0,166,0.0,True
2015-07-22,177,177,0,166,0.0,True
2015-07-23,177,177,0,166,0.0,True
2015-07-24,177,177,0,166,0.0,True
2015-07-27,177,177,0,166,0.0,True
2015-07-28,177,177,0,166,0.0,True
2015-07-29,177,177,0,166,0.0,True
2015-07-30,177,177,0,166,0.0,True
2015-07-31,177,177,0,166,0.0,True
2015-08-03,177,177,0,166,0.0,True
2015-08-04,177,177,0,166,0.0,True
2015-08-05,177,177,0,166,0.0,True
2015-08-06,177,177,0,166,0.0,True
2015-08-07,177,177,0,166,0.0,True
2015-08-10,177,177,0,166,0.0,True
2015-08-11,177,177,0,166,0.0,True
2015-08-12,177,177,0,166,0.0,True
2015-08-13,177,177,0,166,0.0,True
2015-08-14,177,177,0,166,0.0,True
2015-08-17,177,177,0,166,0.0,True
2015-08-18,177,177,0,166,0.0,True
2015-08-19,177,177,0,166,0.0,True
2015-08-20,177,177,0,166,0.0,True
2015-08-21,177,177,0,166,0.0,True
2015-08-24,177,177,0,166,0.0,True
2015-08-25,177,177,0,166,0.0,True
2015-08-26,177,177,0,166,0.0,True
2015-08-27,177,177,0,166,0.0,True
2015-08-28,177,177,0,166,0.0,True
2015-08-31,177,177,0,166,0.0,True
2015-09-01,177,177,0,166,0.0,True
2015-09-02,177,176,1,165,0.005649717514124294,True
2015-09-03,176,177,0,165,0.0,True
2015-09-04,177,177,0,165,0.0,True
2015-09-08,177,177,0,165,0.0,True
2015-09-09,177,177,0,165,0.0,True
2015-09-10,177,177,0,165,0.0,True
2015-09-11,177,177,0,165,0.0,True
2015-09-14,177,177,0,165,0.0,True
2015-09-15,177,177,0,165,0.0,True
2015-09-16,177,177,0,165,0.0,True
2015-09-17,177,177,0,165,0.0,True
2015-09-18,177,177,0,165,0.0,True
2015-09-21,177,178,0,165,0.0,True
2015-09-22,178,178,0,165,0.0,True
2015-09-23,178,178,0,165,0.0,True
2015-09-24,178,178,0,165,0.0,True
2015-09-25,178,178,0,165,0.0,True
2015-09-28,178,178,0,165,0.0,True
2015-09-29,178,178,0,165,0.0,True
2015-09-30,178,178,0,165,0.0,True
2015-10-01,178,178,0,165,0.0,True
2015-10-02,178,178,0,167,0.0,True
2015-10-05,178,178,0,167,0.0,True
2015-10-06,178,178,0,167,0.0,True
2015-10-07,178,178,0,167,0.0,True
2015-10-08,178,179,0,167,0.0,True
2015-10-09,179,179,0,167,0.0,True
2015-10-12,179,179,0,167,0.0,True
2015-10-13,179,179,0,167,0.0,True
2015-10-14,179,179,0,167,0.0,True
2015-10-15,179,179,0,167,0.0,True
2015-10-16,179,179,0,167,0.0,True
2015-10-19,179,179,0,167,0.0,True
2015-10-20,179,179,0,167,0.0,True
2015-10-21,179,179,0,167,0.0,True
2015-10-22,179,179,0,167,0.0,True
2015-10-23,179,179,0,167,0.0,True
2015-10-26,179,179,0,167,0.0,True
2015-10-27,179,179,0,167,0.0,True
2015-10-28,179,179,0,167,0.0,True
2015-10-29,179,179,0,167,0.0,True
2015-10-30,179,179,0,167,0.0,True
2015-11-02,179,180,0,167,0.0,True
2015-11-03,180,180,0,167,0.0,True
2015-11-04,180,180,0,167,0.0,True
2015-11-05,180,180,0,167,0.0,True
2015-11-06,180,180,0,167,0.0,True
2015-11-09,180,180,0,167,0.0,True
2015-11-10,180,180,0,167,0.0,True
2015-11-11,180,180,0,167,0.0,True
2015-11-12,180,180,0,167,0.0,True
2015-11-13,180,180,0,167,0.0,True
2015-11-16,180,180,0,167,0.0,True
2015-11-17,180,180,0,167,0.0,True
2015-11-18,180,181,0,167,0.0,True
2015-11-19,181,181,0,167,0.0,True
2015-11-20,181,181,0,167,0.0,True
2015-11-23,181,181,0,167,0.0,True
2015-11-24,181,181,0,167,0.0,True
2015-11-25,181,181,0,167,0.0,True
2015-11-27,181,181,0,167,0.0,True
2015-11-30,181,181,0,167,0.0,True
2015-12-01,181,181,0,167,0.0,True
2015-12-02,181,181,0,167,0.0,True
2015-12-03,181,181,0,167,0.0,True
2015-12-04,181,181,0,167,0.0,True
2015-12-07,181,181,0,167,0.0,True
2015-12-08,181,181,0,167,0.0,True
2015-12-09,181,181,0,167,0.0,True
2015-12-10,181,181,0,167,0.0,True
2015-12-11,181,181,0,167,0.0,True
2015-12-14,181,181,0,167,0.0,True
2015-12-15,181,181,0,167,0.0,True
2015-12-16,181,181,0,167,0.0,True
2015-12-17,181,181,0,168,0.0,True
2015-12-18,181,181,0,168,0.0,True
2015-12-21,181,181,0,168,0.0,True
2015-12-22,181,181,0,168,0.0,True
2015-12-23,181,181,0,168,0.0,True
2015-12-24,181,181,0,168,0.0,True
2015-12-28,181,181,0,168,0.0,True
2015-12-29,181,182,0,168,0.0,True
2015-12-30,182,182,0,168,0.0,True
2015-12-31,182,182,0,168,0.0,True
2016-01-04,182,182,0,168,0.0,True
2016-01-05,182,182,0,168,0.0,True
2016-01-06,182,182,0,168,0.0,True
2016-01-07,182,182,0,168,0.0,True
2016-01-08,182,182,0,168,0.0,True
2016-01-11,182,182,0,168,0.0,True
2016-01-12,182,182,0,168,0.0,True
2016-01-13,182,182,0,168,0.0,True
2016-01-14,182,182,0,168,0.0,True
2016-01-15,182,182,0,168,0.0,True
2016-01-19,182,183,0,168,0.0,True
2016-01-20,183,183,0,168,0.0,True
2016-01-21,183,183,0,168,0.0,True
2016-01-22,183,183,0,168,0.0,True
2016-01-25,183,183,0,168,0.0,True
2016-01-26,183,183,0,168,0.0,True
2016-01-27,183,183,0,169,0.0,True
2016-01-28,183,183,0,169,0.0,True
2016-01-29,183,183,0,169,0.0,True
2016-02-01,183,185,0,169,0.0,True
2016-02-02,185,185,0,169,0.0,True
2016-02-03,185,185,0,169,0.0,True
2016-02-04,185,185,0,169,0.0,True
2016-02-05,185,185,0,169,0.0,True
2016-02-08,185,185,0,169,0.0,True
2016-02-09,185,185,0,169,0.0,True
2016-02-10,185,185,0,169,0.0,True
2016-02-11,185,185,0,169,0.0,True
2016-02-12,185,185,0,169,0.0,True
2016-02-16,185,185,0,169,0.0,True
2016-02-17,185,185,0,169,0.0,True
2016-02-18,185,185,0,169,0.0,True
2016-02-19,185,185,0,169,0.0,True
2016-02-22,185,185,0,169,0.0,True
2016-02-23,185,185,0,169,0.0,True
2016-02-24,185,185,0,169,0.0,True
2016-02-25,185,185,0,169,0.0,True
2016-02-26,185,185,0,169,0.0,True
2016-02-29,185,185,0,169,0.0,True
2016-03-01,185,185,0,169,0.0,True
2016-03-02,185,185,0,169,0.0,True
2016-03-03,185,185,0,169,0.0,True
2016-03-04,185,186,0,169,0.0,True
2016-03-07,186,186,0,169,0.0,True
2016-03-08,186,186,0,169,0.0,True
2016-03-09,186,186,0,169,0.0,True
2016-03-10,186,186,0,169,0.0,True
2016-03-11,186,186,0,170,0.0,True
2016-03-14,186,186,0,170,0.0,True
2016-03-15,186,186,0,170,0.0,True
2016-03-16,186,186,0,170,0.0,True
2016-03-17,186,186,0,171,0.0,True
2016-03-18,186,186,0,171,0.0,True
2016-03-21,186,186,0,171,0.0,True
2016-03-22,186,186,0,172,0.0,True
2016-03-23,186,186,0,172,0.0,True
2016-03-24,186,186,0,172,0.0,True
2016-03-28,186,186,0,172,0.0,True
2016-03-29,186,186,0,172,0.0,True
2016-03-30,186,188,0,172,0.0,True
2016-03-31,188,188,0,172,0.0,True
2016-04-01,188,188,0,172,0.0,True
2016-04-04,188,188,0,172,0.0,True
2016-04-05,188,188,0,172,0.0,True
2016-04-06,188,188,0,173,0.0,True
2016-04-07,188,188,0,173,0.0,True
2016-04-08,188,188,0,173,0.0,True
2016-04-11,188,188,0,173,0.0,True
2016-04-12,188,188,0,173,0.0,True
2016-04-13,188,188,0,173,0.0,True
2016-04-14,188,188,0,173,0.0,True
2016-04-15,188,188,0,173,0.0,True
2016-04-18,188,188,0,173,0.0,True
2016-04-19,188,188,0,173,0.0,True
2016-04-20,188,188,0,173,0.0,True
2016-04-21,188,188,0,173,0.0,True
2016-04-22,188,188,0,173,0.0,True
2016-04-25,188,189,0,173,0.0,True
2016-04-26,189,189,0,173,0.0,True
2016-04-27,189,189,0,173,0.0,True
2016-04-28,189,189,0,173,0.0,True
2016-04-29,189,189,0,173,0.0,True
2016-05-02,189,189,0,173,0.0,True
2016-05-03,189,189,0,173,0.0,True
2016-05-04,189,189,0,173,0.0,True
2016-05-05,189,189,0,173,0.0,True
2016-05-06,189,189,0,173,0.0,True
2016-05-09,189,189,0,173,0.0,True
2016-05-10,189,189,0,173,0.0,True
2016-05-11,189,189,0,173,0.0,True
2016-05-12,189,189,0,173,0.0,True
2016-05-13,189,189,0,173,0.0,True
2016-05-16,189,189,0,173,0.0,True
2016-05-17,189,189,0,173,0.0,True
2016-05-18,189,190,0,173,0.0,True
2016-05-19,190,190,0,173,0.0,True
2016-05-20,190,190,0,173,0.0,True
2016-05-23,190,190,0,173,0.0,True
2016-05-24,190,190,0,173,0.0,True
2016-05-25,190,190,0,173,0.0,True
2016-05-26,190,190,0,173,0.0,True
2016-05-27,190,190,0,173,0.0,True
2016-05-31,190,191,0,173,0.0,True
2016-06-01,191,191,0,173,0.0,True
2016-06-02,191,191,0,173,0.0,True
2016-06-03,191,191,0,173,0.0,True
2016-06-06,191,191,0,173,0.0,True
2016-06-07,191,191,0,173,0.0,True
2016-06-08,191,191,0,173,0.0,True
2016-06-09,191,191,0,173,0.0,True
2016-06-10,191,191,0,173,0.0,True
2016-06-13,191,191,0,173,0.0,True
2016-06-14,191,191,0,173,0.0,True
2016-06-15,191,191,0,173,0.0,True
2016-06-16,191,191,0,173,0.0,True
2016-06-17,191,191,0,173,0.0,True
2016-06-20,191,191,0,173,0.0,True
2016-06-21,191,191,0,173,0.0,True
2016-06-22,191,191,0,173,0.0,True
2016-06-23,191,191,0,173,0.0,True
2016-06-24,191,191,0,173,0.0,True
2016-06-27,191,191,0,173,0.0,True
2016-06-28,191,191,0,173,0.0,True
2016-06-29,191,191,0,173,0.0,True
2016-06-30,191,191,0,174,0.0,True
2016-07-01,191,193,0,174,0.0,True
2016-07-05,193,193,0,175,0.0,True
2016-07-06,193,193,0,175,0.0,True
2016-07-07,193,193,0,175,0.0,True
2016-07-08,193,193,0,175,0.0,True
2016-07-11,193,193,0,175,0.0,True
2016-07-12,193,193,0,175,0.0,True
2016-07-13,193,193,0,175,0.0,True
2016-07-14,193,193,0,175,0.0,True
2016-07-15,193,193,0,175,0.0,True
2016-07-18,193,193,0,175,0.0,True
2016-07-19,193,193,0,176,0.0,True
2016-07-20,193,193,0,176,0.0,True
2016-07-21,193,193,0,176,0.0,True
2016-07-22,193,193,0,176,0.0,True
2016-07-25,193,193,0,176,0.0,True
2016-07-26,193,193,0,176,0.0,True
2016-07-27,193,193,0,176,0.0,True
2016-07-28,193,193,0,176,0.0,True
2016-07-29,193,193,0,176,0.0,True
2016-08-01,193,193,0,176,0.0,True
2016-08-02,193,193,0,176,0.0,True
2016-08-03,193,193,0,176,0.0,True
2016-08-04,193,193,0,176,0.0,True
2016-08-05,193,193,0,176,0.0,True
2016-08-08,193,193,0,176,0.0,True
2016-08-09,193,193,0,176,0.0,True
2016-08-10,193,193,0,176,0.0,True
2016-08-11,193,193,0,176,0.0,True
2016-08-12,193,193,0,176,0.0,True
2016-08-15,193,193,0,176,0.0,True
2016-08-16,193,193,0,176,0.0,True
2016-08-17,193,193,0,176,0.0,True
2016-08-18,193,193,0,176,0.0,True
2016-08-19,193,193,0,176,0.0,True
2016-08-22,193,193,0,176,0.0,True
2016-08-23,193,193,0,176,0.0,True
2016-08-24,193,193,0,176,0.0,True
2016-08-25,193,193,0,176,0.0,True
2016-08-26,193,193,0,176,0.0,True
2016-08-29,193,193,0,176,0.0,True
2016-08-30,193,193,0,176,0.0,True
2016-08-31,193,193,0,176,0.0,True
2016-09-01,193,193,0,176,0.0,True
2016-09-02,193,193,0,177,0.0,True
2016-09-06,193,194,0,177,0.0,True
2016-09-07,194,194,0,177,0.0,True
2016-09-08,194,195,0,177,0.0,True
2016-09-09,195,195,0,177,0.0,True
2016-09-12,195,195,0,177,0.0,True
2016-09-13,195,195,0,177,0.0,True
2016-09-14,195,195,0,177,0.0,True
2016-09-15,195,195,0,177,0.0,True
2016-09-16,195,195,0,177,0.0,True
2016-09-19,195,195,0,177,0.0,True
2016-09-20,195,195,0,178,0.0,True
2016-09-21,195,195,0,178,0.0,True
2016-09-22,195,195,0,178,0.0,True
2016-09-23,195,196,0,178,0.0,True
2016-09-26,196,196,0,178,0.0,True
2016-09-27,196,196,0,178,0.0,True
2016-09-28,196,196,0,178,0.0,True
2016-09-29,196,196,0,178,0.0,True
2016-09-30,196,196,0,178,0.0,True
2016-10-03,196,196,0,178,0.0,True
2016-10-04,196,196,0,178,0.0,True
2016-10-05,196,196,0,178,0.0,True
2016-10-06,196,196,0,178,0.0,True
2016-10-07,196,196,0,179,0.0,True
2016-10-10,196,196,0,179,0.0,True
2016-10-11,196,196,0,179,0.0,True
2016-10-12,196,196,0,179,0.0,True
2016-10-13,196,196,0,179,0.0,True
2016-10-14,196,196,0,179,0.0,True
2016-10-17,196,196,0,179,0.0,True
2016-10-18,196,196,0,179,0.0,True
2016-10-19,196,196,0,179,0.0,True
2016-10-20,196,196,0,179,0.0,True
2016-10-21,196,196,0,179,0.0,True
2016-10-24,196,196,0,179,0.0,True
2016-10-25,196,196,0,179,0.0,True
2016-10-26,196,196,0,179,0.0,True
2016-10-27,196,196,0,179,0.0,True
2016-10-28,196,196,0,179,0.0,True
2016-10-31,196,196,0,179,0.0,True
2016-11-01,196,196,0,180,0.0,True
2016-11-02,196,196,0,180,0.0,True
2016-11-03,196,196,0,180,0.0,True
2016-11-04,196,196,0,180,0.0,True
2016-11-07,196,196,0,180,0.0,True
2016-11-08,196,196,0,180,0.0,True
2016-11-09,196,196,0,180,0.0,True
2016-11-10,196,196,0,180,0.0,True
2016-11-11,196,196,0,180,0.0,True
2016-11-14,196,196,0,180,0.0,True
2016-11-15,196,196,0,180,0.0,True
2016-11-16,196,196,0,180,0.0,True
2016-11-17,196,196,0,181,0.0,True
2016-11-18,196,196,0,181,0.0,True
2016-11-21,196,196,0,181,0.0,True
2016-11-22,196,196,0,181,0.0,True
2016-11-23,196,196,0,181,0.0,True
2016-11-25,196,196,0,181,0.0,True
2016-11-28,196,196,0,181,0.0,True
2016-11-29,196,196,0,181,0.0,True
2016-11-30,196,196,0,181,0.0,True
2016-12-01,196,196,0,181,0.0,True
2016-12-02,196,197,0,181,0.0,True
2016-12-05,197,197,0,181,0.0,True
2016-12-06,197,197,0,181,0.0,True
2016-12-07,197,197,0,181,0.0,True
2016-12-08,197,197,0,181,0.0,True
2016-12-09,197,197,0,181,0.0,True
2016-12-12,197,197,0,181,0.0,True
2016-12-13,197,197,0,181,0.0,True
2016-12-14,197,197,0,181,0.0,True
2016-12-15,197,197,0,181,0.0,True
2016-12-16,197,197,0,181,0.0,True
2016-12-19,197,197,0,181,0.0,True
2016-12-20,197,197,0,181,0.0,True
2016-12-21,197,197,0,181,0.0,True
2016-12-22,197,197,0,181,0.0,True
2016-12-23,197,197,0,181,0.0,True
2016-12-27,197,197,0,181,0.0,True
2016-12-28,197,197,0,182,0.0,True
2016-12-29,197,197,0,182,0.0,True
2016-12-30,197,197,0,182,0.0,True
2017-01-03,197,197,0,182,0.0,True
2017-01-04,197,197,0,182,0.0,True
2017-01-05,197,197,0,182,0.0,True
2017-01-06,197,197,0,182,0.0,True
2017-01-09,197,197,0,182,0.0,True
2017-01-10,197,197,0,182,0.0,True
2017-01-11,197,197,0,182,0.0,True
2017-01-12,197,197,0,182,0.0,True
2017-01-13,197,197,0,182,0.0,True
2017-01-17,197,197,0,182,0.0,True
2017-01-18,197,197,0,183,0.0,True
2017-01-19,197,197,0,183,0.0,True
2017-01-20,197,197,0,183,0.0,True
2017-01-23,197,197,0,183,0.0,True
2017-01-24,197,197,0,183,0.0,True
2017-01-25,197,197,0,183,0.0,True
2017-01-26,197,197,0,183,0.0,True
2017-01-27,197,197,0,183,0.0,True
2017-01-30,197,197,0,183,0.0,True
2017-01-31,197,197,0,185,0.0,True
2017-02-01,197,197,0,185,0.0,True
2017-02-02,197,197,0,185,0.0,True
2017-02-03,197,197,0,185,0.0,True
2017-02-06,197,197,0,185,0.0,True
2017-02-07,197,197,0,185,0.0,True
2017-02-08,197,197,0,185,0.0,True
2017-02-09,197,197,0,185,0.0,True
2017-02-10,197,197,0,185,0.0,True
2017-02-13,197,197,0,185,0.0,True
2017-02-14,197,197,0,185,0.0,True
2017-02-15,197,197,0,185,0.0,True
2017-02-16,197,197,0,185,0.0,True
2017-02-17,197,197,0,185,0.0,True
2017-02-21,197,197,0,185,0.0,True
2017-02-22,197,197,0,185,0.0,True
2017-02-23,197,197,0,185,0.0,True
2017-02-24,197,197,0,185,0.0,True
2017-02-27,197,197,0,185,0.0,True
2017-02-28,197,197,0,185,0.0,True
2017-03-01,197,197,0,185,0.0,True
2017-03-02,197,197,0,185,0.0,True
2017-03-03,197,197,0,185,0.0,True
2017-03-06,197,197,0,186,0.0,True
2017-03-07,197,197,0,186,0.0,True
2017-03-08,197,197,0,186,0.0,True
2017-03-09,197,197,0,186,0.0,True
2017-03-10,197,197,0,186,0.0,True
2017-03-13,197,195,2,184,0.01015228426395939,True
2017-03-14,195,195,0,184,0.0,True
2017-03-15,195,195,0,184,0.0,True
2017-03-16,195,195,0,184,0.0,True
2017-03-17,195,195,0,184,0.0,True
2017-03-20,194,194,0,183,0.0,True
2017-03-21,194,194,0,183,0.0,True
2017-03-22,194,194,0,183,0.0,True
2017-03-23,194,194,0,183,0.0,True
2017-03-24,194,194,0,183,0.0,True
2017-03-27,194,194,0,183,0.0,True
2017-03-28,194,194,0,183,0.0,True
2017-03-29,194,194,0,185,0.0,True
2017-03-30,194,194,0,185,0.0,True
2017-03-31,194,194,0,185,0.0,True
2017-04-03,194,194,0,185,0.0,True
2017-04-04,194,194,0,185,0.0,True
2017-04-05,194,194,0,185,0.0,True
2017-04-06,194,194,0,185,0.0,True
2017-04-07,194,194,0,185,0.0,True
2017-04-10,194,194,0,185,0.0,True
2017-04-11,194,194,0,185,0.0,True
2017-04-12,194,194,0,185,0.0,True
2017-04-13,194,194,0,185,0.0,True
2017-04-17,194,194,0,185,0.0,True
2017-04-18,194,194,0,185,0.0,True
2017-04-19,194,194,0,185,0.0,True
2017-04-20,194,194,0,185,0.0,True
2017-04-21,194,194,0,185,0.0,True
2017-04-24,194,194,0,185,0.0,True
2017-04-25,194,194,0,186,0.0,True
2017-04-26,194,194,0,186,0.0,True
2017-04-27,194,194,0,186,0.0,True
2017-04-28,194,194,0,186,0.0,True
2017-05-01,194,194,0,186,0.0,True
2017-05-02,194,194,0,186,0.0,True
2017-05-03,194,194,0,186,0.0,True
2017-05-04,194,194,0,186,0.0,True
2017-05-05,194,194,0,186,0.0,True
2017-05-08,194,194,0,186,0.0,True
2017-05-09,194,194,0,186,0.0,True
2017-05-10,194,194,0,186,0.0,True
2017-05-11,194,194,0,186,0.0,True
2017-05-12,194,194,0,186,0.0,True
2017-05-15,194,194,0,186,0.0,True
2017-05-16,194,194,0,186,0.0,True
2017-05-17,194,194,0,186,0.0,True
2017-05-18,194,194,0,187,0.0,True
2017-05-19,194,194,0,187,0.0,True
2017-05-22,194,194,0,187,0.0,True
2017-05-23,194,194,0,187,0.0,True
2017-05-24,194,193,1,186,0.005154639175257732,True
2017-05-25,193,193,0,186,0.0,True
2017-05-26,193,193,0,186,0.0,True
2017-05-30,193,193,0,186,0.0,True
2017-05-31,193,193,0,187,0.0,True
2017-06-01,193,193,0,187,0.0,True
2017-06-02,193,193,0,187,0.0,True
2017-06-05,193,193,0,187,0.0,True
2017-06-06,193,193,0,187,0.0,True
2017-06-07,193,193,0,187,0.0,True
2017-06-08,193,193,0,187,0.0,True
2017-06-09,193,193,0,187,0.0,True
2017-06-12,193,193,0,187,0.0,True
2017-06-13,193,193,0,187,0.0,True
2017-06-14,193,193,0,187,0.0,True
2017-06-15,193,193,0,187,0.0,True
2017-06-16,193,193,0,187,0.0,True
2017-06-19,193,192,1,186,0.0051813471502590676,True
2017-06-20,192,192,0,186,0.0,True
2017-06-21,192,192,0,186,0.0,True
2017-06-22,192,192,0,186,0.0,True
2017-06-23,192,192,0,186,0.0,True
2017-06-26,192,192,0,186,0.0,True
2017-06-27,192,192,0,186,0.0,True
2017-06-28,192,192,0,186,0.0,True
2017-06-29,192,192,0,186,0.0,True
2017-06-30,192,192,0,186,0.0,True
2017-07-03,192,192,0,188,0.0,True
2017-07-05,192,192,0,188,0.0,True
2017-07-06,192,192,0,188,0.0,True
2017-07-07,192,192,0,188,0.0,True
2017-07-10,192,192,0,188,0.0,True
2017-07-11,192,192,0,188,0.0,True
2017-07-12,192,192,0,188,0.0,True
2017-07-13,192,192,0,188,0.0,True
2017-07-14,192,192,0,188,0.0,True
2017-07-17,192,192,0,188,0.0,True
2017-07-18,192,192,0,188,0.0,True
2017-07-19,192,192,0,188,0.0,True
2017-07-20,192,192,0,188,0.0,True
2017-07-21,192,192,0,188,0.0,True
2017-07-24,192,192,0,188,0.0,True
2017-07-25,192,192,0,188,0.0,True
2017-07-26,192,191,1,187,0.005208333333333333,True
2017-07-27,191,191,0,187,0.0,True
2017-07-28,191,191,0,187,0.0,True
2017-07-31,191,191,0,187,0.0,True
2017-08-01,191,191,0,187,0.0,True
2017-08-02,191,191,0,187,0.0,True
2017-08-03,191,191,0,187,0.0,True
2017-08-04,191,191,0,187,0.0,True
2017-08-07,191,191,0,187,0.0,True
2017-08-08,191,190,1,186,0.005235602094240838,True
2017-08-09,190,190,0,186,0.0,True
2017-08-10,190,190,0,186,0.0,True
2017-08-11,190,190,0,186,0.0,True
2017-08-14,190,190,0,186,0.0,True
2017-08-15,190,190,0,186,0.0,True
2017-08-16,190,190,0,186,0.0,True
2017-08-17,190,190,0,186,0.0,True
2017-08-18,190,190,0,186,0.0,True
2017-08-21,190,190,0,186,0.0,True
2017-08-22,190,190,0,186,0.0,True
2017-08-23,190,190,0,186,0.0,True
2017-08-24,190,190,0,186,0.0,True
2017-08-25,190,190,0,186,0.0,True
2017-08-28,190,190,0,186,0.0,True
2017-08-29,190,190,0,186,0.0,True
2017-08-30,190,190,0,186,0.0,True
2017-08-31,190,190,0,186,0.0,True
2017-09-01,190,190,0,186,0.0,True
2017-09-05,190,190,0,186,0.0,True
2017-09-06,190,190,0,187,0.0,True
2017-09-07,190,190,0,187,0.0,True
2017-09-08,190,190,0,188,0.0,True
2017-09-11,190,190,0,188,0.0,True
2017-09-12,190,190,0,188,0.0,True
2017-09-13,190,190,0,188,0.0,True
2017-09-14,190,190,0,188,0.0,True
2017-09-15,190,190,0,188,0.0,True
2017-09-18,190,190,0,188,0.0,True
2017-09-19,190,190,0,188,0.0,True
2017-09-20,190,190,0,188,0.0,True
2017-09-21,190,190,0,188,0.0,True
2017-09-22,190,190,0,188,0.0,True
2017-09-25,190,190,0,189,0.0,True
2017-09-26,190,190,0,189,0.0,True
2017-09-27,190,190,0,189,0.0,True
2017-09-28,190,190,0,189,0.0,True
2017-09-29,190,190,0,189,0.0,True
2017-10-02,190,190,0,189,0.0,True
2017-10-03,190,190,0,189,0.0,True
2017-10-04,190,190,0,189,0.0,True
2017-10-05,190,190,0,189,0.0,True
2017-10-06,190,190,0,189,0.0,True
2017-10-09,190,190,0,189,0.0,True
2017-10-10,190,190,0,189,0.0,True
2017-10-11,190,190,0,189,0.0,True
2017-10-12,190,190,0,189,0.0,True
2017-10-13,190,190,0,189,0.0,True
2017-10-16,190,190,0,189,0.0,True
2017-10-17,190,190,0,189,0.0,True
2017-10-18,190,190,0,189,0.0,True
2017-10-19,190,190,0,189,0.0,True
2017-10-20,190,190,0,189,0.0,True
2017-10-23,190,190,0,189,0.0,True
2017-10-24,190,190,0,189,0.0,True
2017-10-25,190,190,0,189,0.0,True
2017-10-26,190,190,0,189,0.0,True
2017-10-27,190,190,0,189,0.0,True
2017-10-30,190,190,0,189,0.0,True
2017-10-31,190,190,0,189,0.0,True
2017-11-01,190,190,0,189,0.0,True
2017-11-02,190,190,0,189,0.0,True
2017-11-03,190,190,0,189,0.0,True
2017-11-06,190,190,0,189,0.0,True
2017-11-07,190,190,0,189,0.0,True
2017-11-08,190,190,0,189,0.0,True
2017-11-09,190,190,0,189,0.0,True
2017-11-10,190,190,0,189,0.0,True
2017-11-13,190,190,0,189,0.0,True
2017-11-14,190,190,0,189,0.0,True
2017-11-15,190,190,0,189,0.0,True
2017-11-16,190,190,0,189,0.0,True
2017-11-17,190,190,0,189,0.0,True
2017-11-20,190,190,0,189,0.0,True
2017-11-21,190,190,0,189,0.0,True
2017-11-22,190,190,0,189,0.0,True
2017-11-24,190,190,0,189,0.0,True
2017-11-27,190,190,0,189,0.0,True
2017-11-28,190,190,0,189,0.0,True
2017-11-29,190,190,0,189,0.0,True
2017-11-30,190,190,0,189,0.0,True
2017-12-01,190,190,0,189,0.0,True
2017-12-04,190,190,0,190,0.0,True
2017-12-05,190,190,0,190,0.0,True
2017-12-06,190,190,0,190,0.0,True
2017-12-07,190,190,0,190,0.0,True
2017-12-08,190,190,0,190,0.0,True
2017-12-11,190,190,0,190,0.0,True
2017-12-12,190,190,0,190,0.0,True
2017-12-13,190,190,0,190,0.0,True
2017-12-14,190,190,0,190,0.0,True
2017-12-15,190,190,0,190,0.0,True
2017-12-18,190,190,0,190,0.0,True
2017-12-19,190,190,0,190,0.0,True
2017-12-20,190,190,0,190,0.0,True
2017-12-21,190,190,0,190,0.0,True
2017-12-22,190,190,0,190,0.0,True
2017-12-26,190,190,0,190,0.0,True
2017-12-27,190,190,0,190,0.0,True
2017-12-28,190,190,0,190,0.0,True
2017-12-29,190,190,0,190,0.0,True
2018-01-02,190,190,0,190,0.0,True
2018-01-03,190,190,0,190,0.0,True
2018-01-04,190,190,0,190,0.0,True
2018-01-05,190,190,0,190,0.0,True
2018-01-08,190,190,0,190,0.0,True
2018-01-09,190,190,0,190,0.0,True
2018-01-10,190,190,0,190,0.0,True
2018-01-11,190,190,0,190,0.0,True
2018-01-12,190,190,0,190,0.0,True
2018-01-16,190,190,0,190,0.0,True
2018-01-17,190,190,0,190,0.0,True
2018-01-18,190,190,0,190,0.0,True
2018-01-19,190,190,0,190,0.0,True
2018-01-22,190,190,0,190,0.0,True
2018-01-23,190,190,0,190,0.0,True
2018-01-24,190,190,0,190,0.0,True
2018-01-25,190,190,0,190,0.0,True
2018-01-26,190,190,0,190,0.0,True
2018-01-29,190,190,0,190,0.0,True
2018-01-30,190,190,0,190,0.0,True
2018-01-31,190,190,0,190,0.0,True
2018-02-01,190,190,0,190,0.0,True
2018-02-02,190,190,0,190,0.0,True
2018-02-05,190,190,0,190,0.0,True
2018-02-06,190,190,0,190,0.0,True
2018-02-07,190,190,0,190,0.0,True
2018-02-08,190,190,0,190,0.0,True
2018-02-09,190,190,0,190,0.0,True
2018-02-12,190,190,0,190,0.0,True
2018-02-13,190,190,0,190,0.0,True
2018-02-14,190,190,0,190,0.0,True
2018-02-15,190,190,0,190,0.0,True
2018-02-16,190,190,0,190,0.0,True
2018-02-20,190,190,0,190,0.0,True
2018-02-21,190,190,0,190,0.0,True
2018-02-22,190,190,0,190,0.0,True
2018-02-23,190,190,0,190,0.0,True
2018-02-26,190,190,0,190,0.0,True
2018-02-27,190,190,0,190,0.0,True
2018-02-28,190,190,0,190,0.0,True
2018-03-01,190,190,0,190,0.0,True
2018-03-02,190,190,0,190,0.0,True
2018-03-05,190,190,0,190,0.0,True
2018-03-06,190,190,0,190,0.0,True
2018-03-07,190,190,0,190,0.0,True
2018-03-08,190,190,0,190,0.0,True
2018-03-09,190,190,0,190,0.0,True
2018-03-12,190,190,0,190,0.0,True
2018-03-13,190,190,0,190,0.0,True
2018-03-14,190,190,0,190,0.0,True
2018-03-15,190,190,0,190,0.0,True
2018-03-16,190,190,0,190,0.0,True
2018-03-19,190,189,1,189,0.005263157894736842,True
2018-03-20,189,189,0,189,0.0,True
2018-03-21,189,189,0,189,0.0,True
2018-03-22,189,189,0,189,0.0,True
2018-03-23,189,189,0,189,0.0,True
2018-03-26,189,189,0,189,0.0,True
2018-03-27,189,189,0,189,0.0,True
2018-03-28,189,189,0,189,0.0,True
2018-03-29,189,189,0,189,0.0,True
2018-04-02,189,189,0,189,0.0,True
2018-04-03,189,189,0,189,0.0,True
2018-04-04,189,189,0,189,0.0,True
2018-04-05,189,189,0,189,0.0,True
2018-04-06,189,189,0,189,0.0,True
2018-04-09,189,189,0,189,0.0,True
2018-04-10,189,189,0,189,0.0,True
2018-04-11,189,189,0,189,0.0,True
2018-04-12,189,189,0,189,0.0,True
2018-04-13,189,189,0,189,0.0,True
2018-04-16,189,189,0,189,0.0,True
2018-04-17,189,189,0,189,0.0,True
2018-04-18,189,189,0,189,0.0,True
2018-04-19,189,189,0,189,0.0,True
2018-04-20,189,189,0,189,0.0,True
2018-04-23,189,189,0,189,0.0,True
2018-04-24,189,189,0,189,0.0,True
2018-04-25,189,189,0,189,0.0,True
2018-04-26,189,189,0,189,0.0,True
2018-04-27,189,189,0,189,0.0,True
2018-04-30,189,189,0,189,0.0,True
2018-05-01,189,189,0,189,0.0,True
2018-05-02,189,189,0,189,0.0,True
2018-05-03,189,189,0,189,0.0,True
2018-05-04,189,189,0,189,0.0,True
2018-05-07,189,189,0,189,0.0,True
2018-05-08,189,189,0,189,0.0,True
2018-05-09,189,189,0,189,0.0,True
2018-05-10,189,189,0,189,0.0,True
2018-05-11,189,189,0,189,0.0,True
2018-05-14,189,189,0,189,0.0,True
2018-05-15,189,189,0,189,0.0,True
2018-05-16,189,189,0,189,0.0,True
2018-05-17,189,189,0,189,0.0,True
2018-05-18,189,189,0,189,0.0,True
2018-05-21,189,189,0,189,0.0,True
2018-05-22,189,189,0,189,0.0,True
2018-05-23,189,189,0,189,0.0,True
2018-05-24,189,189,0,189,0.0,True
2018-05-25,189,189,0,189,0.0,True
2018-05-29,189,189,0,189,0.0,True
2018-05-30,189,189,0,189,0.0,True
2018-05-31,189,189,0,189,0.0,True
2018-06-01,189,189,0,189,0.0,True
2018-06-04,189,189,0,189,0.0,True
2018-06-05,189,189,0,189,0.0,True
2018-06-06,189,189,0,189,0.0,True
2018-06-07,189,189,0,189,0.0,True
2018-06-08,189,189,0,189,0.0,True
2018-06-11,189,189,0,189,0.0,True
2018-06-12,189,189,0,189,0.0,True
2018-06-13,189,189,0,189,0.0,True
2018-06-14,189,189,0,189,0.0,True
2018-06-15,189,189,0,189,0.0,True
2018-06-18,189,188,1,188,0.005291005291005291,True
2018-06-19,188,188,0,188,0.0,True
2018-06-20,188,188,0,188,0.0,True
2018-06-21,188,188,0,188,0.0,True
2018-06-22,188,188,0,188,0.0,True
2018-06-25,188,188,0,188,0.0,True
2018-06-26,188,188,0,188,0.0,True
2018-06-27,188,188,0,188,0.0,True
2018-06-28,188,188,0,188,0.0,True
2018-06-29,188,188,0,188,0.0,True
2018-07-02,188,188,0,188,0.0,True
2018-07-03,188,188,0,188,0.0,True
2018-07-05,188,188,0,188,0.0,True
2018-07-06,188,188,0,188,0.0,True
2018-07-09,188,188,0,188,0.0,True
2018-07-10,188,188,0,188,0.0,True
2018-07-11,188,188,0,188,0.0,True
2018-07-12,188,188,0,188,0.0,True
2018-07-13,188,188,0,188,0.0,True
2018-07-16,188,188,0,188,0.0,True
2018-07-17,188,188,0,188,0.0,True
2018-07-18,188,188,0,188,0.0,True
2018-07-19,188,188,0,188,0.0,True
2018-07-20,188,188,0,188,0.0,True
2018-07-23,188,188,0,188,0.0,True
2018-07-24,188,188,0,188,0.0,True
2018-07-25,188,188,0,188,0.0,True
2018-07-26,188,188,0,188,0.0,True
2018-07-27,188,188,0,188,0.0,True
2018-07-30,188,188,0,188,0.0,True
2018-07-31,188,188,0,188,0.0,True
2018-08-01,188,188,0,188,0.0,True
2018-08-02,188,188,0,188,0.0,True
2018-08-03,188,188,0,188,0.0,True
2018-08-06,188,188,0,188,0.0,True
2018-08-07,188,188,0,188,0.0,True
2018-08-08,188,188,0,188,0.0,True
2018-08-09,188,188,0,188,0.0,True
2018-08-10,188,188,0,188,0.0,True
2018-08-13,188,188,0,188,0.0,True
2018-08-14,188,188,0,188,0.0,True
2018-08-15,188,188,0,188,0.0,True
2018-08-16,188,188,0,188,0.0,True
2018-08-17,188,188,0,188,0.0,True
2018-08-20,188,188,0,188,0.0,True
2018-08-21,188,188,0,188,0.0,True
2018-08-22,188,188,0,188,0.0,True
2018-08-23,188,188,0,188,0.0,True
2018-08-24,188,188,0,188,0.0,True
2018-08-27,188,188,0,188,0.0,True
2018-08-28,188,188,0,188,0.0,True
2018-08-29,188,188,0,188,0.0,True
2018-08-30,188,188,0,188,0.0,True
2018-08-31,188,188,0,188,0.0,True
2018-09-04,188,188,0,188,0.0,True
2018-09-05,188,188,0,188,0.0,True
2018-09-06,188,188,0,188,0.0,True
2018-09-07,188,188,0,188,0.0,True
2018-09-10,188,188,0,188,0.0,True
2018-09-11,188,188,0,188,0.0,True
2018-09-12,188,188,0,188,0.0,True
2018-09-13,188,188,0,188,0.0,True
2018-09-14,188,188,0,188,0.0,True
2018-09-17,188,188,0,188,0.0,True
2018-09-18,188,188,0,188,0.0,True
2018-09-19,188,188,0,188,0.0,True
2018-09-20,188,188,0,188,0.0,True
2018-09-21,188,188,0,188,0.0,True
2018-09-24,188,188,0,188,0.0,True
2018-09-25,188,188,0,188,0.0,True
2018-09-26,188,188,0,188,0.0,True
2018-09-27,188,188,0,188,0.0,True
2018-09-28,188,188,0,188,0.0,True
2018-10-01,188,188,0,188,0.0,True
2018-10-02,188,188,0,188,0.0,True
2018-10-03,188,188,0,188,0.0,True
2018-10-04,188,188,0,188,0.0,True
2018-10-05,188,188,0,188,0.0,True
2018-10-08,188,188,0,188,0.0,True
2018-10-09,188,188,0,188,0.0,True
2018-10-10,188,188,0,188,0.0,True
2018-10-11,188,188,0,188,0.0,True
2018-10-12,188,188,0,188,0.0,True
2018-10-15,188,188,0,188,0.0,True
2018-10-16,188,188,0,188,0.0,True
2018-10-17,188,188,0,188,0.0,True
2018-10-18,188,188,0,188,0.0,True
2018-10-19,188,188,0,188,0.0,True
2018-10-22,188,188,0,188,0.0,True
2018-10-23,188,188,0,188,0.0,True
2018-10-24,188,188,0,188,0.0,True
2018-10-25,188,188,0,188,0.0,True
2018-10-26,188,188,0,188,0.0,True
2018-10-29,188,188,0,188,0.0,True
2018-10-30,188,188,0,188,0.0,True
2018-10-31,188,188,0,188,0.0,True
2018-11-01,188,188,0,188,0.0,True
2018-11-02,188,188,0,188,0.0,True
2018-11-05,188,188,0,188,0.0,True
2018-11-06,188,188,0,188,0.0,True
2018-11-07,188,188,0,188,0.0,True
2018-11-08,188,188,0,188,0.0,True
2018-11-09,188,188,0,188,0.0,True
2018-11-12,188,188,0,188,0.0,True
2018-11-13,187,187,0,187,0.0,True
2018-11-14,187,187,0,187,0.0,True
2018-11-15,187,187,0,187,0.0,True
2018-11-16,187,187,0,187,0.0,True
2018-11-19,187,187,0,187,0.0,True
2018-11-20,187,187,0,187,0.0,True
2018-11-21,187,187,0,187,0.0,True
2018-11-23,187,187,0,187,0.0,True
2018-11-26,187,187,0,187,0.0,True
2018-11-27,187,187,0,187,0.0,True
2018-11-28,187,187,0,187,0.0,True
2018-11-29,187,187,0,187,0.0,True
2018-11-30,187,187,0,187,0.0,True
2018-12-03,187,187,0,187,0.0,True
2018-12-04,187,187,0,187,0.0,True
2018-12-06,187,187,0,187,0.0,True
2018-12-07,187,187,0,187,0.0,True
2018-12-10,187,187,0,187,0.0,True
2018-12-11,187,187,0,187,0.0,True
2018-12-12,187,187,0,187,0.0,True
2018-12-13,187,187,0,187,0.0,True
2018-12-14,187,187,0,187,0.0,True
2018-12-17,187,187,0,187,0.0,True
2018-12-18,187,187,0,187,0.0,True
2018-12-19,187,187,0,187,0.0,True
2018-12-20,187,187,0,187,0.0,True
2018-12-21,187,187,0,187,0.0,True
2018-12-24,187,187,0,187,0.0,True
2018-12-26,187,187,0,187,0.0,True
2018-12-27,187,187,0,187,0.0,True
2018-12-28,187,187,0,187,0.0,True
2018-12-31,187,187,0,187,0.0,True
2019-01-02,187,187,0,187,0.0,True
2019-01-03,187,187,0,187,0.0,True
2019-01-04,187,187,0,187,0.0,True
2019-01-07,187,187,0,187,0.0,True
2019-01-08,187,187,0,187,0.0,True
2019-01-09,187,187,0,187,0.0,True
2019-01-10,187,187,0,187,0.0,True
2019-01-11,187,187,0,187,0.0,True
2019-01-14,187,187,0,187,0.0,True
2019-01-15,187,187,0,187,0.0,True
2019-01-16,187,187,0,187,0.0,True
2019-01-17,187,187,0,187,0.0,True
2019-01-18,187,187,0,187,0.0,True
2019-01-22,187,187,0,187,0.0,True
2019-01-23,187,187,0,187,0.0,True
2019-01-24,187,187,0,187,0.0,True
2019-01-25,187,187,0,187,0.0,True
2019-01-28,187,187,0,187,0.0,True
2019-01-29,187,187,0,187,0.0,True
2019-01-30,187,187,0,187,0.0,True
2019-01-31,187,187,0,187,0.0,True
2019-02-01,187,187,0,187,0.0,True
2019-02-04,187,187,0,187,0.0,True
2019-02-05,187,187,0,187,0.0,True
2019-02-06,187,187,0,187,0.0,True
2019-02-07,187,187,0,187,0.0,True
2019-02-08,187,187,0,187,0.0,True
2019-02-11,187,187,0,187,0.0,True
2019-02-12,187,187,0,187,0.0,True
2019-02-13,187,187,0,187,0.0,True
2019-02-14,187,187,0,187,0.0,True
2019-02-15,187,187,0,187,0.0,True
2019-02-19,187,187,0,187,0.0,True
2019-02-20,187,187,0,187,0.0,True
2019-02-21,187,187,0,187,0.0,True
2019-02-22,187,187,0,187,0.0,True
2019-02-25,187,187,0,187,0.0,True
2019-02-26,187,187,0,187,0.0,True
2019-02-27,187,187,0,187,0.0,True
2019-02-28,187,187,0,187,0.0,True
2019-03-01,187,187,0,187,0.0,True
2019-03-04,187,187,0,187,0.0,True
2019-03-05,187,187,0,187,0.0,True
2019-03-06,187,187,0,187,0.0,True
2019-03-07,187,187,0,187,0.0,True
2019-03-08,187,187,0,187,0.0,True
2019-03-11,187,187,0,187,0.0,True
2019-03-12,187,187,0,187,0.0,True
2019-03-13,187,187,0,187,0.0,True
2019-03-14,187,187,0,187,0.0,True
2019-03-15,187,187,0,187,0.0,True
2019-03-18,187,187,0,187,0.0,True
2019-03-19,187,187,0,187,0.0,True
2019-03-20,187,187,0,187,0.0,True
2019-03-21,187,187,0,187,0.0,True
2019-03-22,187,187,0,187,0.0,True
2019-03-25,187,187,0,187,0.0,True
2019-03-26,187,187,0,187,0.0,True
2019-03-27,187,187,0,187,0.0,True
2019-03-28,187,187,0,187,0.0,True
2019-03-29,187,187,0,187,0.0,True
2019-04-01,187,187,0,187,0.0,True
2019-04-02,187,187,0,187,0.0,True
2019-04-03,187,187,0,187,0.0,True
2019-04-04,187,187,0,187,0.0,True
2019-04-05,187,187,0,187,0.0,True
2019-04-08,187,187,0,187,0.0,True
2019-04-09,187,187,0,187,0.0,True
2019-04-10,187,187,0,187,0.0,True
2019-04-11,187,187,0,187,0.0,True
2019-04-12,187,187,0,187,0.0,True
2019-04-15,187,187,0,187,0.0,True
2019-04-16,187,187,0,187,0.0,True
2019-04-17,187,187,0,187,0.0,True
2019-04-18,187,187,0,187,0.0,True
2019-04-22,187,187,0,187,0.0,True
2019-04-23,187,187,0,187,0.0,True
2019-04-24,187,187,0,187,0.0,True
2019-04-25,187,187,0,187,0.0,True
2019-04-26,187,187,0,187,0.0,True
2019-04-29,187,187,0,187,0.0,True
2019-04-30,187,187,0,187,0.0,True
2019-05-01,187,187,0,187,0.0,True
2019-05-02,187,187,0,187,0.0,True
2019-05-03,187,187,0,187,0.0,True
2019-05-06,187,187,0,187,0.0,True
2019-05-07,187,187,0,187,0.0,True
2019-05-08,187,187,0,187,0.0,True
2019-05-09,187,187,0,187,0.0,True
2019-05-10,187,187,0,187,0.0,True
2019-05-13,187,187,0,187,0.0,True
2019-05-14,187,187,0,187,0.0,True
2019-05-15,187,187,0,187,0.0,True
2019-05-16,187,187,0,187,0.0,True
2019-05-17,187,187,0,187,0.0,True
2019-05-20,187,187,0,187,0.0,True
2019-05-21,187,187,0,187,0.0,True
2019-05-22,187,187,0,187,0.0,True
2019-05-23,187,187,0,187,0.0,True
2019-05-24,187,187,0,187,0.0,True
2019-05-28,187,187,0,187,0.0,True
2019-05-29,187,187,0,187,0.0,True
2019-05-30,187,187,0,187,0.0,True
2019-05-31,187,187,0,187,0.0,True
2019-06-03,187,188,0,187,0.0,True
2019-06-04,188,187,1,186,0.005319148936170213,True
2019-06-05,187,187,0,186,0.0,True
2019-06-06,187,187,0,186,0.0,True
2019-06-07,187,187,0,186,0.0,True
2019-06-10,187,187,0,186,0.0,True
2019-06-11,187,187,0,186,0.0,True
2019-06-12,187,187,0,186,0.0,True
2019-06-13,187,187,0,186,0.0,True
2019-06-14,187,187,0,186,0.0,True
2019-06-17,187,187,0,186,0.0,True
2019-06-18,187,187,0,186,0.0,True
2019-06-19,187,187,0,186,0.0,True
2019-06-20,187,187,0,186,0.0,True
2019-06-21,187,187,0,186,0.0,True
2019-06-24,187,187,0,186,0.0,True
2019-06-25,187,187,0,186,0.0,True
2019-06-26,187,187,0,186,0.0,True
2019-06-27,187,187,0,186,0.0,True
2019-06-28,187,187,0,186,0.0,True
2019-07-01,187,187,0,186,0.0,True
2019-07-02,187,187,0,186,0.0,True
2019-07-03,187,187,0,186,0.0,True
2019-07-05,187,187,0,186,0.0,True
2019-07-08,187,187,0,186,0.0,True
2019-07-09,187,187,0,186,0.0,True
2019-07-10,187,187,0,186,0.0,True
2019-07-11,187,187,0,186,0.0,True
2019-07-12,187,187,0,186,0.0,True
2019-07-15,187,187,0,186,0.0,True
2019-07-16,187,187,0,186,0.0,True
2019-07-17,187,187,0,186,0.0,True
2019-07-18,187,187,0,186,0.0,True
2019-07-19,187,187,0,186,0.0,True
2019-07-22,187,187,0,186,0.0,True
2019-07-23,187,187,0,186,0.0,True
2019-07-24,187,187,0,186,0.0,True
2019-07-25,187,187,0,186,0.0,True
2019-07-26,187,187,0,186,0.0,True
2019-07-29,187,187,0,186,0.0,True
2019-07-30,187,187,0,186,0.0,True
2019-07-31,187,187,0,186,0.0,True
2019-08-01,187,187,0,186,0.0,True
2019-08-02,187,187,0,186,0.0,True
2019-08-05,187,187,0,186,0.0,True
2019-08-06,187,187,0,186,0.0,True
2019-08-07,187,187,0,186,0.0,True
2019-08-08,187,187,0,186,0.0,True
2019-08-09,187,187,0,186,0.0,True
2019-08-12,187,186,1,185,0.0053475935828877,True
2019-08-13,186,186,0,185,0.0,True
2019-08-14,186,186,0,185,0.0,True
2019-08-15,186,186,0,185,0.0,True
2019-08-16,186,186,0,185,0.0,True
2019-08-19,186,186,0,185,0.0,True
2019-08-20,186,186,0,185,0.0,True
2019-08-21,186,186,0,185,0.0,True
2019-08-22,186,186,0,185,0.0,True
2019-08-23,186,186,0,185,0.0,True
2019-08-26,186,186,0,185,0.0,True
2019-08-27,186,186,0,185,0.0,True
2019-08-28,186,186,0,185,0.0,True
2019-08-29,186,186,0,185,0.0,True
2019-08-30,186,186,0,185,0.0,True
2019-09-03,186,186,0,185,0.0,True
2019-09-04,186,186,0,185,0.0,True
2019-09-05,186,186,0,185,0.0,True
2019-09-06,186,186,0,185,0.0,True
2019-09-09,186,186,0,185,0.0,True
2019-09-10,186,186,0,185,0.0,True
2019-09-11,186,186,0,185,0.0,True
2019-09-12,186,186,0,185,0.0,True
2019-09-13,186,186,0,185,0.0,True
2019-09-16,186,186,0,185,0.0,True
2019-09-17,186,186,0,185,0.0,True
2019-09-18,186,186,0,185,0.0,True
2019-09-19,186,186,0,185,0.0,True
2019-09-20,186,186,0,185,0.0,True
2019-09-23,186,186,0,185,0.0,True
2019-09-24,186,186,0,185,0.0,True
2019-09-25,186,186,0,185,0.0,True
2019-09-26,186,186,0,185,0.0,True
2019-09-27,186,186,0,185,0.0,True
2019-09-30,186,186,0,185,0.0,True
2019-10-01,186,186,0,185,0.0,True
2019-10-02,186,186,0,185,0.0,True
2019-10-03,186,186,0,185,0.0,True
2019-10-04,186,186,0,185,0.0,True
2019-10-07,186,186,0,185,0.0,True
2019-10-08,186,186,0,185,0.0,True
2019-10-09,186,186,0,185,0.0,True
2019-10-10,186,186,0,185,0.0,True
2019-10-11,186,186,0,185,0.0,True
2019-10-14,186,186,0,185,0.0,True
2019-10-15,186,186,0,185,0.0,True
2019-10-16,186,186,0,185,0.0,True
2019-10-17,186,186,0,185,0.0,True
2019-10-18,186,186,0,185,0.0,True
2019-10-21,186,186,0,185,0.0,True
2019-10-22,186,186,0,185,0.0,True
2019-10-23,186,186,0,185,0.0,True
2019-10-24,186,186,0,185,0.0,True
2019-10-25,186,186,0,185,0.0,True
2019-10-28,186,186,0,185,0.0,True
2019-10-29,186,186,0,185,0.0,True
2019-10-30,186,186,0,185,0.0,True
2019-10-31,186,186,0,185,0.0,True
2019-11-01,186,186,0,185,0.0,True
2019-11-04,186,186,0,185,0.0,True
2019-11-05,186,187,0,185,0.0,True
2019-11-06,187,186,1,184,0.0053475935828877,True
2019-11-07,186,186,0,184,0.0,True
2019-11-08,186,186,0,184,0.0,True
2019-11-11,186,186,0,184,0.0,True
2019-11-12,186,186,0,184,0.0,True
2019-11-13,186,186,0,184,0.0,True
2019-11-14,186,186,0,184,0.0,True
2019-11-15,186,186,0,184,0.0,True
2019-11-18,186,186,0,184,0.0,True
2019-11-19,186,186,0,184,0.0,True
2019-11-20,186,186,0,184,0.0,True
2019-11-21,186,186,0,184,0.0,True
2019-11-22,186,185,1,183,0.005376344086021506,True
2019-11-25,185,185,0,183,0.0,True
2019-11-26,185,185,0,183,0.0,True
2019-11-27,185,185,0,183,0.0,True
2019-11-29,185,185,0,183,0.0,True
2019-12-02,185,185,0,183,0.0,True
2019-12-03,185,185,0,183,0.0,True
2019-12-04,185,185,0,183,0.0,True
2019-12-05,185,185,0,183,0.0,True
2019-12-06,185,185,0,183,0.0,True
2019-12-09,185,185,0,183,0.0,True
2019-12-10,185,184,1,182,0.005405405405405406,True
2019-12-11,184,184,0,182,0.0,True
2019-12-12,184,184,0,182,0.0,True
2019-12-13,184,184,0,182,0.0,True
2019-12-16,184,184,0,182,0.0,True
2019-12-17,184,184,0,182,0.0,True
2019-12-18,184,184,0,182,0.0,True
2019-12-19,184,184,0,182,0.0,True
2019-12-20,184,184,0,182,0.0,True
2019-12-23,184,184,0,182,0.0,True
2020-01-29,184,184,0,182,0.0,True
2020-01-30,184,184,0,182,0.0,True
2020-01-31,184,184,0,182,0.0,True
2020-02-03,184,184,0,182,0.0,True
2020-02-04,184,184,0,182,0.0,True
2020-02-05,184,184,0,182,0.0,True
2020-02-06,184,184,0,182,0.0,True
2020-02-07,184,184,0,182,0.0,True
2020-02-10,184,184,0,182,0.0,True
2020-02-11,184,184,0,182,0.0,True
2020-02-12,184,184,0,182,0.0,True
2020-02-13,184,184,0,182,0.0,True
2020-02-14,184,184,0,182,0.0,True
2020-02-18,184,184,0,182,0.0,True
2020-02-19,184,184,0,182,0.0,True
2020-02-20,184,184,0,182,0.0,True
2020-02-21,184,184,0,182,0.0,True
2020-02-24,184,184,0,182,0.0,True
2020-02-25,184,184,0,182,0.0,True
2020-02-26,184,184,0,182,0.0,True
2020-02-27,184,184,0,182,0.0,True
2020-02-28,184,184,0,182,0.0,True
2020-03-02,184,184,0,182,0.0,True
2020-03-03,184,184,0,182,0.0,True
2020-03-04,184,184,0,182,0.0,True
2020-03-05,184,184,0,182,0.0,True
2020-03-06,184,184,0,182,0.0,True
2020-03-09,184,184,0,182,0.0,True
2020-03-10,184,184,0,182,0.0,True
2020-03-11,184,184,0,182,0.0,True
2020-03-12,184,184,0,182,0.0,True
2020-03-13,184,184,0,182,0.0,True
2020-03-16,184,184,0,182,0.0,True
2020-03-17,184,184,0,182,0.0,True
2020-03-18,184,184,0,182,0.0,True
2020-03-19,184,184,0,182,0.0,True
2020-03-20,184,184,0,182,0.0,True
2020-03-23,184,184,0,182,0.0,True
2020-03-24,184,184,0,182,0.0,True
2020-03-25,184,184,0,182,0.0,True
2020-03-26,184,184,0,182,0.0,True
2020-03-27,184,184,0,182,0.0,True
2020-03-30,184,184,0,182,0.0,True
2020-03-31,184,184,0,182,0.0,True
2020-04-01,184,184,0,182,0.0,True
2020-04-02,184,184,0,182,0.0,True
2020-04-03,184,185,0,182,0.0,True
2020-04-06,185,184,1,181,0.005405405405405406,True
2020-04-07,184,184,0,181,0.0,True
2020-04-08,184,184,0,181,0.0,True
2020-04-09,184,184,0,181,0.0,True
2020-04-13,184,184,0,181,0.0,True
2020-04-14,184,184,0,181,0.0,True
2020-04-15,184,184,0,181,0.0,True
2020-04-16,184,184,0,181,0.0,True
2020-04-17,184,184,0,181,0.0,True
2020-04-20,184,184,0,181,0.0,True
2020-04-21,184,184,0,181,0.0,True
2020-04-22,184,184,0,181,0.0,True
2020-04-23,184,184,0,181,0.0,True
2020-04-24,184,184,0,181,0.0,True
2020-04-27,184,184,0,181,0.0,True
2020-04-28,184,184,0,181,0.0,True
2020-04-29,184,184,0,181,0.0,True
2020-04-30,184,184,0,181,0.0,True
2020-05-01,184,184,0,181,0.0,True
2020-05-04,184,184,0,181,0.0,True
2020-05-05,184,184,0,181,0.0,True
2020-05-06,184,184,0,181,0.0,True
2020-05-07,184,184,0,181,0.0,True
2020-05-08,184,184,0,181,0.0,True
2020-05-11,184,184,0,181,0.0,True
2020-05-12,184,184,0,181,0.0,True
2020-05-13,184,184,0,181,0.0,True
2020-05-14,184,184,0,181,0.0,True
2020-05-15,184,184,0,181,0.0,True
2020-05-18,184,184,0,181,0.0,True
2020-05-19,184,184,0,181,0.0,True
2020-05-20,184,184,0,181,0.0,True
2020-05-21,184,184,0,181,0.0,True
2020-05-22,184,184,0,181,0.0,True
2020-05-26,184,183,1,180,0.005434782608695652,True
2020-05-27,183,183,0,180,0.0,True
2020-05-28,183,183,0,180,0.0,True
2020-05-29,183,183,0,180,0.0,True
2020-06-01,183,183,0,180,0.0,True
2020-06-02,183,183,0,180,0.0,True
2020-06-03,183,183,0,180,0.0,True
2020-06-04,183,183,0,180,0.0,True
2020-06-05,183,183,0,180,0.0,True
2020-06-08,183,183,0,180,0.0,True
2020-06-09,183,183,0,180,0.0,True
2020-06-10,183,183,0,180,0.0,True
2020-06-11,183,183,0,180,0.0,True
2020-06-12,183,183,0,180,0.0,True
2020-06-15,183,183,0,180,0.0,True
2020-06-16,183,183,0,180,0.0,True
2020-06-17,183,183,0,180,0.0,True
2020-06-18,183,183,0,180,0.0,True
2020-06-19,183,183,0,180,0.0,True
2020-06-22,183,183,0,180,0.0,True
2020-06-23,183,183,0,180,0.0,True
2020-06-24,183,183,0,180,0.0,True
2020-06-25,183,183,0,180,0.0,True
2020-06-26,183,183,0,180,0.0,True
2020-06-29,183,183,0,180,0.0,True
2020-06-30,183,183,0,180,0.0,True
2020-07-01,183,183,0,180,0.0,True
2020-07-02,183,183,0,180,0.0,True
2020-07-06,183,183,0,181,0.0,True
2020-07-07,183,183,0,181,0.0,True
2020-07-08,183,183,0,181,0.0,True
2020-07-09,183,183,0,181,0.0,True
2020-07-10,183,183,0,181,0.0,True
2020-07-13,183,183,0,181,0.0,True
2020-07-14,183,183,0,181,0.0,True
2020-07-15,183,183,0,181,0.0,True
2020-07-16,183,183,0,181,0.0,True
2020-07-17,183,183,0,181,0.0,True
2020-07-20,183,183,0,181,0.0,True
2020-07-21,183,183,0,181,0.0,True
2020-07-22,183,183,0,181,0.0,True
2020-07-23,183,183,0,181,0.0,True
2020-07-24,183,183,0,181,0.0,True
2020-07-27,183,183,0,181,0.0,True
2020-07-28,183,183,0,181,0.0,True
2020-07-29,183,183,0,181,0.0,True
2020-07-30,183,183,0,181,0.0,True
2020-07-31,183,183,0,181,0.0,True
2020-08-03,183,183,0,181,0.0,True
2020-08-04,183,183,0,181,0.0,True
2020-08-05,183,183,0,181,0.0,True
2020-08-06,183,183,0,181,0.0,True
2020-08-07,183,183,0,181,0.0,True
2020-08-10,183,183,0,181,0.0,True
2020-08-11,183,183,0,181,0.0,True
2020-08-12,183,183,0,181,0.0,True
2020-08-13,183,183,0,181,0.0,True
2020-08-14,183,183,0,181,0.0,True
2020-08-17,183,183,0,181,0.0,True
2020-08-18,183,183,0,181,0.0,True
2020-08-19,183,183,0,181,0.0,True
2020-08-20,183,183,0,181,0.0,True
2020-08-21,183,183,0,181,0.0,True
2020-08-24,183,183,0,181,0.0,True
2020-08-25,183,183,0,181,0.0,True
2020-08-26,183,183,0,181,0.0,True
2020-08-27,183,183,0,181,0.0,True
2020-08-28,183,183,0,181,0.0,True
2020-08-31,183,183,0,181,0.0,True
2020-09-01,183,183,0,181,0.0,True
2020-09-02,183,183,0,181,0.0,True
2020-09-03,183,183,0,181,0.0,True
2020-09-04,183,183,0,181,0.0,True
2020-09-08,183,183,0,181,0.0,True
2020-09-09,183,183,0,181,0.0,True
2020-09-10,183,183,0,181,0.0,True
2020-09-11,183,183,0,181,0.0,True
2020-09-14,183,183,0,181,0.0,True
2020-09-15,183,183,0,181,0.0,True
2020-09-16,183,183,0,181,0.0,True
2020-09-17,183,183,0,181,0.0,True
2020-09-18,183,184,0,181,0.0,True
2020-09-21,184,183,2,179,0.010869565217391304,True
2020-09-22,183,183,0,179,0.0,True
2020-09-23,183,183,0,179,0.0,True
2020-09-24,183,183,0,179,0.0,True
2020-09-25,183,183,0,179,0.0,True
2020-09-28,183,183,0,179,0.0,True
2020-09-29,183,183,0,179,0.0,True
2020-09-30,183,183,0,179,0.0,True
2020-10-01,183,183,0,179,0.0,True
2020-10-02,183,183,0,179,0.0,True
2020-10-05,183,183,0,179,0.0,True
2020-10-06,183,183,0,179,0.0,True
2020-10-07,183,183,0,179,0.0,True
2020-10-08,183,183,0,179,0.0,True
2020-10-09,183,183,0,179,0.0,True
2020-10-12,183,183,0,179,0.0,True
2020-10-13,183,182,1,178,0.00546448087431694,True
2020-10-14,182,182,0,178,0.0,True
2020-10-15,182,182,0,178,0.0,True
2020-10-16,182,182,0,178,0.0,True
2020-10-19,182,182,0,178,0.0,True
2020-10-20,182,182,0,178,0.0,True
2020-10-21,182,182,0,178,0.0,True
2020-10-22,182,182,0,178,0.0,True
2020-10-23,182,182,0,178,0.0,True
2020-10-26,182,182,0,178,0.0,True
2020-10-27,182,182,0,178,0.0,True
2020-10-28,182,182,0,178,0.0,True
2020-10-29,182,182,0,178,0.0,True
2020-10-30,182,182,0,178,0.0,True
2020-11-02,182,182,0,178,0.0,True
2020-11-03,182,182,0,178,0.0,True
2020-11-04,182,182,0,178,0.0,True
2020-11-05,182,182,0,178,0.0,True
2020-11-06,182,182,0,178,0.0,True
2020-11-09,182,182,0,178,0.0,True
2020-11-10,182,182,0,178,0.0,True
2020-11-11,182,182,0,178,0.0,True
2020-11-12,182,182,0,178,0.0,True
2020-11-13,182,182,0,178,0.0,True
2020-11-16,182,182,0,178,0.0,True
2020-11-17,182,182,0,178,0.0,True
2020-11-18,182,182,0,178,0.0,True
2020-11-19,182,182,0,178,0.0,True
2020-11-20,182,182,0,178,0.0,True
2020-11-23,182,182,0,178,0.0,True
2020-11-24,182,182,0,178,0.0,True
2020-11-25,182,182,0,178,0.0,True
2020-11-27,182,182,0,178,0.0,True
2020-11-30,182,182,0,178,0.0,True
2020-12-01,182,182,0,178,0.0,True
2020-12-02,182,182,0,178,0.0,True
2020-12-03,182,182,0,178,0.0,True
2020-12-04,182,182,0,178,0.0,True
2020-12-07,182,182,0,178,0.0,True
2020-12-08,182,182,0,179,0.0,True
2020-12-09,182,182,0,179,0.0,True
2020-12-10,182,182,0,179,0.0,True
2020-12-11,182,182,0,179,0.0,True
2020-12-14,182,182,0,179,0.0,True
2020-12-15,182,182,0,179,0.0,True
2020-12-16,182,182,0,179,0.0,True
2020-12-17,182,182,0,179,0.0,True
2020-12-18,182,182,0,179,0.0,True
2020-12-21,182,182,0,179,0.0,True
2021-01-08,182,182,0,179,0.0,True
2021-01-11,182,182,0,179,0.0,True
2021-01-12,182,182,0,179,0.0,True
2021-01-13,182,182,0,179,0.0,True
2021-01-14,182,182,0,179,0.0,True
2021-01-15,182,182,0,179,0.0,True
2021-01-19,182,182,0,179,0.0,True
2021-01-20,182,182,0,179,0.0,True
2021-01-21,182,182,0,179,0.0,True
2021-01-22,182,181,1,178,0.005494505494505495,True
2021-01-25,181,181,0,178,0.0,True
2021-01-26,181,181,0,178,0.0,True
2021-01-27,181,181,0,178,0.0,True
2021-01-28,181,181,0,178,0.0,True
2021-01-29,181,181,0,178,0.0,True
2021-02-01,181,181,0,178,0.0,True
2021-02-02,181,181,0,178,0.0,True
2021-02-03,181,181,0,178,0.0,True
2021-02-04,181,181,0,178,0.0,True
2021-02-05,181,181,0,178,0.0,True
2021-02-08,181,181,0,178,0.0,True
2021-02-09,181,181,0,178,0.0,True
2021-02-10,181,181,0,178,0.0,True
2021-02-11,181,181,0,178,0.0,True
2021-02-12,181,181,0,178,0.0,True
2021-02-16,181,181,0,178,0.0,True
2021-02-17,181,181,0,178,0.0,True
2021-02-18,181,181,0,178,0.0,True
2021-02-19,181,181,0,178,0.0,True
2021-02-22,181,181,0,178,0.0,True
2021-02-23,181,181,0,178,0.0,True
2021-02-24,181,181,0,178,0.0,True
2021-02-25,181,181,0,178,0.0,True
2021-02-26,181,181,0,178,0.0,True
2021-03-01,181,181,0,178,0.0,True
2021-03-02,181,181,0,178,0.0,True
2021-03-03,181,181,0,178,0.0,True
2021-03-04,181,181,0,178,0.0,True
2021-03-05,181,181,0,178,0.0,True
2021-03-08,181,181,0,178,0.0,True
2021-03-09,181,181,0,178,0.0,True
2021-03-10,181,181,0,178,0.0,True
2021-03-11,181,181,0,178,0.0,True
2021-03-12,181,181,0,178,0.0,True
2021-03-15,181,181,0,178,0.0,True
2021-03-16,181,181,0,178,0.0,True
2021-03-17,181,181,0,178,0.0,True
2021-03-18,181,181,0,178,0.0,True
2021-03-19,181,181,0,178,0.0,True
2021-03-22,181,181,0,178,0.0,True
2021-03-23,181,181,0,178,0.0,True
2021-03-24,181,181,0,178,0.0,True
2021-03-25,181,181,0,178,0.0,True
2021-03-26,181,181,0,178,0.0,True
2021-03-29,181,181,0,178,0.0,True
2021-03-30,181,181,0,178,0.0,True
2021-03-31,181,181,0,178,0.0,True
2021-04-01,181,181,0,178,0.0,True
2021-04-05,181,181,0,178,0.0,True
2021-04-06,181,181,0,178,0.0,True
2021-04-07,181,181,0,178,0.0,True
2021-04-08,181,181,0,178,0.0,True
2021-04-09,181,181,0,178,0.0,True
2021-04-12,181,181,0,178,0.0,True
2021-04-13,181,181,0,178,0.0,True
2021-04-14,181,181,0,178,0.0,True
2021-04-15,181,181,0,178,0.0,True
2021-04-16,181,181,0,178,0.0,True
2021-04-19,181,181,0,178,0.0,True
2021-04-20,181,182,0,178,0.0,True
2021-04-21,182,181,1,178,0.005494505494505495,True
2021-04-22,181,181,0,178,0.0,True
2021-04-23,181,181,0,178,0.0,True
2021-04-26,181,181,0,178,0.0,True
2021-04-27,181,181,0,178,0.0,True
2021-04-28,181,181,0,178,0.0,True
2021-04-29,181,181,0,178,0.0,True
2021-04-30,181,181,0,178,0.0,True
2021-05-03,181,181,0,178,0.0,True
2021-05-04,181,181,0,178,0.0,True
2021-05-05,181,181,0,178,0.0,True
2021-05-06,181,181,0,178,0.0,True
2021-05-07,181,181,0,178,0.0,True
2021-05-10,181,181,0,178,0.0,True
2021-05-11,181,181,0,178,0.0,True
2021-05-12,181,181,0,178,0.0,True
2021-05-13,181,181,0,178,0.0,True
2021-05-14,181,181,0,178,0.0,True
2021-05-17,181,181,0,178,0.0,True
2021-05-18,181,181,0,178,0.0,True
2021-05-19,181,181,0,178,0.0,True
2021-05-20,181,181,0,178,0.0,True
2021-05-21,181,181,0,178,0.0,True
2021-05-24,181,181,0,178,0.0,True
2021-05-25,181,181,0,178,0.0,True
2021-05-26,181,181,0,178,0.0,True
2021-05-27,181,181,0,178,0.0,True
2021-05-28,181,181,0,178,0.0,True
2021-06-01,181,181,0,178,0.0,True
2021-06-02,181,181,0,178,0.0,True
2021-06-03,181,181,0,178,0.0,True
2021-06-04,181,181,0,178,0.0,True
2021-06-07,181,181,0,178,0.0,True
2021-06-08,181,181,0,178,0.0,True
2021-06-09,181,181,0,178,0.0,True
2021-06-10,181,181,0,178,0.0,True
2021-06-11,181,181,0,178,0.0,True
2021-06-14,181,181,0,178,0.0,True
2021-06-15,181,181,0,178,0.0,True
2021-06-16,181,181,0,178,0.0,True
2021-06-17,181,181,0,178,0.0,True
2021-06-18,181,181,0,178,0.0,True
2021-06-21,181,181,0,178,0.0,True
2021-06-22,181,181,0,178,0.0,True
2021-06-23,181,181,0,178,0.0,True
2021-06-24,181,181,0,178,0.0,True
2021-06-25,181,181,0,178,0.0,True
2021-06-28,181,181,0,178,0.0,True
2021-06-29,181,181,0,178,0.0,True
2021-06-30,181,181,0,178,0.0,True
2021-07-01,181,181,0,178,0.0,True
2021-07-02,181,181,0,178,0.0,True
2021-07-06,181,181,0,178,0.0,True
2021-07-07,181,181,0,178,0.0,True
2021-07-08,181,181,0,178,0.0,True
2021-07-09,181,181,0,178,0.0,True
2021-07-12,181,181,0,178,0.0,True
2021-07-13,181,181,0,178,0.0,True
2021-07-14,181,181,0,178,0.0,True
2021-07-15,181,181,0,178,0.0,True
2021-07-16,181,181,0,178,0.0,True
2021-07-19,181,181,0,178,0.0,True
2021-07-20,181,181,0,178,0.0,True
2021-07-21,181,181,0,178,0.0,True
2021-07-22,181,181,0,178,0.0,True
2021-07-23,181,181,0,178,0.0,True
2021-07-26,181,181,0,178,0.0,True
2021-07-27,181,181,0,178,0.0,True
2021-07-28,181,181,0,178,0.0,True
2021-07-29,181,181,0,178,0.0,True
2021-07-30,181,181,0,178,0.0,True
2021-08-02,181,181,0,178,0.0,True
2021-08-03,181,181,0,178,0.0,True
2021-08-04,181,181,0,178,0.0,True
2021-08-05,181,181,0,178,0.0,True
2021-08-06,181,181,0,178,0.0,True
2021-08-09,181,181,0,178,0.0,True
2021-08-10,181,181,0,178,0.0,True
2021-08-11,181,181,0,178,0.0,True
2021-08-12,181,181,0,178,0.0,True
2021-08-13,181,181,0,178,0.0,True
2021-08-16,181,181,0,178,0.0,True
2021-08-17,181,181,0,178,0.0,True
2021-08-18,181,181,0,178,0.0,True
2021-08-19,181,181,0,178,0.0,True
2021-08-20,181,181,0,178,0.0,True
2021-08-23,181,181,0,178,0.0,True
2021-08-24,181,181,0,178,0.0,True
2021-08-25,181,181,0,178,0.0,True
2021-08-26,181,181,0,178,0.0,True
2021-08-27,181,181,0,178,0.0,True
2021-08-30,181,181,0,178,0.0,True
2021-08-31,181,181,0,178,0.0,True
2021-09-01,181,181,0,178,0.0,True
2021-09-02,181,181,0,178,0.0,True
2021-09-03,181,181,0,178,0.0,True
2021-09-07,181,181,0,178,0.0,True
2021-09-08,181,181,0,178,0.0,True
2021-09-09,181,181,0,178,0.0,True
2021-09-10,181,181,0,178,0.0,True
2021-09-13,181,181,0,178,0.0,True
2021-09-14,181,181,0,178,0.0,True
2021-09-15,181,181,0,178,0.0,True
2021-09-16,181,181,0,178,0.0,True
2021-09-17,181,181,0,178,0.0,True
2021-09-20,181,181,0,178,0.0,True
2021-09-21,181,181,0,178,0.0,True
2021-09-22,181,181,0,178,0.0,True
2021-09-23,181,181,0,178,0.0,True
2021-09-24,181,181,0,178,0.0,True
2021-09-27,181,181,0,178,0.0,True
2021-09-28,181,181,0,178,0.0,True
2021-09-29,181,181,0,178,0.0,True
2021-09-30,181,181,0,178,0.0,True
2021-10-01,181,181,0,178,0.0,True
2021-10-04,181,182,0,178,0.0,True
2021-10-05,182,182,0,179,0.0,True
2021-10-06,182,182,0,180,0.0,True
2021-10-07,182,182,0,180,0.0,True
2021-10-08,182,182,0,180,0.0,True
2021-10-11,182,182,0,180,0.0,True
2021-10-12,182,182,0,180,0.0,True
2021-10-13,182,182,0,180,0.0,True
2021-10-14,182,182,0,180,0.0,True
2021-10-15,182,182,0,180,0.0,True
2021-10-18,182,182,0,180,0.0,True
2021-10-19,182,182,0,180,0.0,True
2021-10-20,182,182,0,180,0.0,True
2021-10-21,182,182,0,180,0.0,True
2021-10-22,182,182,0,180,0.0,True
2021-10-25,182,182,0,180,0.0,True
2021-10-26,182,182,0,180,0.0,True
2021-10-27,182,182,0,180,0.0,True
2021-10-28,182,182,0,180,0.0,True
2021-10-29,182,182,0,180,0.0,True
2021-11-01,182,182,0,180,0.0,True
2021-11-02,182,182,0,180,0.0,True
2021-11-03,182,182,0,180,0.0,True
2021-11-04,182,182,0,180,0.0,True
2021-11-05,182,182,0,180,0.0,True
2021-11-08,182,182,0,180,0.0,True
2021-11-09,182,182,0,180,0.0,True
2021-11-10,182,182,0,180,0.0,True
2021-11-11,182,182,0,180,0.0,True
2021-11-12,182,182,0,180,0.0,True
2021-11-15,182,182,0,180,0.0,True
2021-11-16,182,182,0,180,0.0,True
2021-11-17,182,182,0,180,0.0,True
2021-11-18,182,182,0,180,0.0,True
2021-11-19,182,182,0,180,0.0,True
2021-11-22,182,182,0,180,0.0,True
2021-11-23,182,182,0,180,0.0,True
2021-11-24,182,182,0,180,0.0,True
2021-11-26,182,182,0,180,0.0,True
2021-11-29,182,182,0,180,0.0,True
2021-11-30,182,182,0,180,0.0,True
2021-12-01,182,182,0,180,0.0,True
2021-12-02,182,182,0,180,0.0,True
2021-12-03,182,182,0,180,0.0,True
2021-12-06,182,182,0,180,0.0,True
2021-12-07,182,182,0,180,0.0,True
2021-12-08,182,182,0,180,0.0,True
2021-12-09,182,182,0,180,0.0,True
2021-12-10,182,182,0,180,0.0,True
2021-12-13,182,182,0,180,0.0,True
2021-12-14,182,182,0,180,0.0,True
2021-12-15,182,181,1,179,0.005494505494505495,True
2021-12-16,181,181,0,179,0.0,True
2021-12-17,181,181,0,179,0.0,True
2021-12-20,181,181,0,179,0.0,True
2022-01-11,181,181,0,179,0.0,True
2022-01-12,181,181,0,179,0.0,True
2022-01-13,181,181,0,179,0.0,True
2022-01-14,181,181,0,179,0.0,True
2022-01-18,181,181,0,179,0.0,True
2022-01-19,181,181,0,179,0.0,True
2022-01-20,181,181,0,179,0.0,True
2022-01-21,181,181,0,179,0.0,True
2022-01-24,181,181,0,179,0.0,True
2022-01-25,181,181,0,179,0.0,True
2022-01-26,181,181,0,179,0.0,True
2022-01-27,181,181,0,179,0.0,True
2022-01-28,181,181,0,179,0.0,True
2022-01-31,181,181,0,179,0.0,True
2022-02-01,181,181,0,179,0.0,True
2022-02-02,181,181,0,179,0.0,True
2022-02-03,181,181,0,179,0.0,True
2022-02-04,181,181,0,179,0.0,True
2022-02-07,181,181,0,179,0.0,True
2022-02-08,181,181,0,179,0.0,True
2022-02-09,181,181,0,179,0.0,True
2022-02-10,181,181,0,179,0.0,True
2022-02-11,181,181,0,179,0.0,True
2022-02-14,181,181,0,179,0.0,True
2022-02-15,181,181,0,179,0.0,True
2022-02-16,181,181,0,179,0.0,True
2022-02-17,181,181,0,179,0.0,True
2022-02-18,181,181,0,179,0.0,True
2022-02-22,181,181,0,179,0.0,True
2022-02-23,181,181,0,179,0.0,True
2022-02-24,181,181,0,179,0.0,True
2022-02-25,181,181,0,179,0.0,True
2022-02-28,181,181,0,179,0.0,True
2022-03-01,181,181,0,179,0.0,True
2022-03-02,181,181,0,179,0.0,True
2022-03-03,181,180,1,178,0.0055248618784530384,True
2022-03-04,180,180,0,178,0.0,True
2022-03-07,180,180,0,178,0.0,True
2022-03-08,180,180,0,178,0.0,True
2022-03-09,180,180,0,178,0.0,True
2022-03-10,180,180,0,178,0.0,True
2022-03-11,180,180,0,178,0.0,True
2022-03-14,180,180,0,178,0.0,True
2022-03-15,180,180,0,178,0.0,True
2022-03-16,180,180,0,178,0.0,True
2022-03-17,180,180,0,178,0.0,True
2022-03-18,180,180,0,178,0.0,True
2022-03-21,180,180,0,178,0.0,True
2022-03-22,180,180,0,178,0.0,True
2022-03-23,180,180,0,178,0.0,True
2022-03-24,180,180,0,178,0.0,True
2022-03-25,180,180,0,178,0.0,True
2022-03-28,180,180,0,178,0.0,True
2022-03-29,180,180,0,178,0.0,True
2022-03-30,180,180,0,178,0.0,True
2022-03-31,180,180,0,178,0.0,True
2022-04-01,180,180,0,178,0.0,True
2022-04-04,180,180,0,178,0.0,True
2022-04-05,180,180,0,178,0.0,True
2022-04-06,180,180,0,178,0.0,True
2022-04-07,180,180,0,178,0.0,True
2022-04-08,180,180,0,178,0.0,True
2022-04-11,180,181,0,178,0.0,True
2022-04-12,181,181,0,178,0.0,True
2022-04-13,181,181,0,178,0.0,True
2022-04-14,181,181,0,178,0.0,True
2022-04-18,181,181,0,178,0.0,True
2022-04-19,181,181,0,178,0.0,True
2022-04-20,181,181,0,178,0.0,True
2022-04-21,181,181,0,178,0.0,True
2022-04-22,181,181,0,178,0.0,True
2022-04-25,181,181,0,178,0.0,True
2022-04-26,181,181,0,178,0.0,True
2022-04-27,181,181,0,178,0.0,True
2022-04-28,181,181,0,178,0.0,True
2022-04-29,181,181,0,178,0.0,True
2022-05-02,181,181,0,178,0.0,True
2022-05-03,181,181,0,178,0.0,True
2022-05-04,181,181,0,178,0.0,True
2022-05-05,181,181,0,178,0.0,True
2022-05-06,181,181,0,178,0.0,True
2022-05-09,181,181,0,179,0.0,True
2022-05-10,181,181,0,179,0.0,True
2022-05-11,181,181,0,179,0.0,True
2022-05-12,181,181,0,179,0.0,True
2022-05-13,181,181,0,179,0.0,True
2022-05-16,181,181,0,179,0.0,True
2022-05-17,181,181,0,179,0.0,True
2022-05-18,181,181,0,179,0.0,True
2022-05-19,181,181,0,179,0.0,True
2022-05-20,181,181,0,179,0.0,True
2022-05-23,181,181,0,179,0.0,True
2022-05-24,181,181,0,179,0.0,True
2022-05-25,181,181,0,179,0.0,True
2022-05-26,181,181,0,179,0.0,True
2022-05-27,181,181,0,179,0.0,True
2022-05-31,181,181,0,179,0.0,True
2022-06-01,181,181,0,179,0.0,True
2022-06-02,181,181,0,179,0.0,True
2022-06-03,181,181,0,179,0.0,True
2022-06-06,181,181,0,179,0.0,True
2022-06-07,181,181,0,179,0.0,True
2022-06-08,181,181,0,179,0.0,True
2022-06-09,181,181,0,179,0.0,True
2022-06-10,181,181,0,179,0.0,True
2022-06-13,181,181,0,179,0.0,True
2022-06-14,181,181,0,179,0.0,True
2022-06-15,181,181,0,179,0.0,True
2022-06-16,181,181,0,179,0.0,True
2022-06-17,181,181,0,179,0.0,True
2022-06-21,181,181,0,179,0.0,True
2022-06-22,181,181,0,179,0.0,True
2022-06-23,181,181,0,179,0.0,True
2022-06-24,181,181,0,179,0.0,True
2022-06-27,181,181,0,179,0.0,True
2022-06-28,181,182,0,179,0.0,True
2022-06-29,182,182,0,179,0.0,True
2022-06-30,182,182,0,179,0.0,True
2022-07-01,182,182,0,179,0.0,True
2022-07-05,182,182,0,179,0.0,True
2022-07-06,182,182,0,179,0.0,True
2022-07-07,182,182,0,179,0.0,True
2022-07-08,182,182,0,179,0.0,True
2022-07-11,182,182,0,179,0.0,True
2022-07-12,182,182,0,179,0.0,True
2022-07-13,182,182,0,179,0.0,True
2022-07-14,182,182,0,179,0.0,True
2022-07-15,182,182,0,179,0.0,True
2022-07-18,182,182,0,179,0.0,True
2022-07-19,182,182,0,179,0.0,True
2022-07-20,182,182,0,179,0.0,True
2022-07-21,182,182,0,179,0.0,True
2022-07-22,182,182,0,179,0.0,True
2022-07-25,182,182,0,179,0.0,True
2022-07-26,182,182,0,179,0.0,True
2022-07-27,182,182,0,179,0.0,True
2022-07-28,182,182,0,179,0.0,True
2022-07-29,182,182,0,179,0.0,True
2022-08-01,182,182,0,179,0.0,True
2022-08-02,182,182,0,179,0.0,True
2022-08-03,182,182,0,179,0.0,True
2022-08-04,182,182,0,179,0.0,True
2022-08-05,182,182,0,179,0.0,True
2022-08-08,182,182,0,179,0.0,True
2022-08-09,182,182,0,179,0.0,True
2022-08-10,182,182,0,179,0.0,True
2022-08-11,182,182,0,179,0.0,True
2022-08-12,182,182,0,179,0.0,True
2022-08-15,182,182,0,179,0.0,True
2022-08-16,182,182,0,179,0.0,True
2022-08-17,182,182,0,179,0.0,True
2022-08-18,182,182,0,179,0.0,True
2022-08-19,182,182,0,179,0.0,True
2022-08-22,182,182,0,179,0.0,True
2022-08-23,182,182,0,179,0.0,True
2022-08-24,182,182,0,179,0.0,True
2022-08-25,182,182,0,179,0.0,True
2022-08-26,182,182,0,179,0.0,True
2022-08-29,182,182,0,179,0.0,True
2022-08-30,182,182,0,179,0.0,True
2022-08-31,182,182,0,179,0.0,True
2022-09-01,182,182,0,179,0.0,True
2022-09-02,182,182,0,179,0.0,True
2022-09-06,182,182,0,179,0.0,True
2022-09-07,182,182,0,179,0.0,True
2022-09-08,182,182,0,179,0.0,True
2022-09-09,182,182,0,179,0.0,True
2022-09-12,182,182,0,179,0.0,True
2022-09-13,182,182,0,179,0.0,True
2022-09-14,182,182,0,179,0.0,True
2022-09-15,182,182,0,179,0.0,True
2022-09-16,182,182,0,179,0.0,True
2022-09-19,182,182,0,179,0.0,True
2022-09-20,182,182,0,179,0.0,True
2022-09-21,182,182,0,179,0.0,True
2022-09-22,182,182,0,179,0.0,True
2022-09-23,182,182,0,179,0.0,True
2022-09-26,182,182,0,179,0.0,True
2022-09-27,182,182,0,179,0.0,True
2022-09-28,182,182,0,179,0.0,True
2022-09-29,182,182,0,179,0.0,True
2022-09-30,182,182,0,179,0.0,True
2022-10-03,182,183,0,179,0.0,True
2022-10-04,183,183,0,179,0.0,True
2022-10-05,183,183,0,179,0.0,True
2022-10-06,183,183,0,179,0.0,True
2022-10-07,183,183,0,179,0.0,True
2022-10-10,183,183,0,179,0.0,True
2022-10-11,183,183,0,179,0.0,True
2022-10-12,183,183,0,179,0.0,True
2022-10-13,183,183,0,179,0.0,True
2022-10-14,183,183,0,179,0.0,True
2022-10-17,183,183,0,179,0.0,True
2022-10-18,183,183,0,179,0.0,True
2022-10-19,183,183,0,179,0.0,True
2022-10-20,183,183,0,179,0.0,True
2022-10-21,183,183,0,179,0.0,True
2022-10-24,183,183,0,180,0.0,True
2022-10-25,183,183,0,180,0.0,True
2022-10-26,183,183,0,180,0.0,True
2022-10-27,183,183,0,180,0.0,True
2022-10-28,183,183,0,180,0.0,True
2022-10-31,183,183,0,180,0.0,True
2022-11-01,183,183,0,180,0.0,True
2022-11-02,183,182,1,179,0.00546448087431694,True
2022-11-03,182,182,0,179,0.0,True
2022-11-04,182,182,0,179,0.0,True
2022-11-07,182,182,0,179,0.0,True
2022-11-08,182,183,0,179,0.0,True
2022-11-09,183,183,0,179,0.0,True
2022-11-10,183,183,0,179,0.0,True
2022-11-11,183,183,0,179,0.0,True
2022-11-14,183,183,0,179,0.0,True
2022-11-15,183,183,0,179,0.0,True
2022-11-16,183,183,0,179,0.0,True
2022-11-17,183,183,0,179,0.0,True
2022-11-18,183,183,0,179,0.0,True
2022-11-21,183,183,0,179,0.0,True
2022-11-22,183,183,0,179,0.0,True
2022-11-23,183,183,0,179,0.0,True
2022-11-25,183,183,0,179,0.0,True
2022-11-28,183,183,0,179,0.0,True
2022-11-29,183,183,0,179,0.0,True
2022-11-30,183,183,0,179,0.0,True
2022-12-01,183,183,0,179,0.0,True
2022-12-02,183,183,0,179,0.0,True
2022-12-05,183,183,0,179,0.0,True
2022-12-06,183,183,0,179,0.0,True
2022-12-07,183,183,0,179,0.0,True
2022-12-08,183,183,0,179,0.0,True
2022-12-09,183,183,0,179,0.0,True
2022-12-12,183,183,0,179,0.0,True
2022-12-13,183,183,0,179,0.0,True
2022-12-14,183,183,0,179,0.0,True
2022-12-15,183,183,0,179,0.0,True
2022-12-16,183,183,0,179,0.0,True
2022-12-19,183,184,0,179,0.0,True
2022-12-20,184,184,0,179,0.0,True
2022-12-21,184,184,0,179,0.0,True
2022-12-22,184,184,0,179,0.0,True
2023-01-05,184,183,1,178,0.005434782608695652,True
2023-01-06,183,183,0,178,0.0,True
2023-01-09,183,183,0,178,0.0,True
2023-01-10,183,183,0,178,0.0,True
2023-01-11,183,183,0,178,0.0,True
2023-01-12,183,183,0,178,0.0,True
2023-01-13,183,183,0,178,0.0,True
2023-01-17,183,183,0,178,0.0,True
2023-01-18,183,183,0,178,0.0,True
2023-01-19,183,183,0,178,0.0,True
2023-01-20,183,183,0,178,0.0,True
2023-01-23,183,183,0,178,0.0,True
2023-01-24,183,183,0,178,0.0,True
2023-01-25,183,183,0,178,0.0,True
2023-01-26,183,183,0,178,0.0,True
2023-01-27,183,183,0,178,0.0,True
2023-01-30,183,183,0,178,0.0,True
2023-01-31,183,183,0,178,0.0,True
2023-02-01,183,183,0,178,0.0,True
2023-02-02,183,183,0,178,0.0,True
2023-02-03,183,183,0,178,0.0,True
2023-02-06,183,183,0,178,0.0,True
2023-02-07,183,183,0,178,0.0,True
2023-02-08,183,183,0,178,0.0,True
2023-02-09,183,183,0,178,0.0,True
2023-02-10,183,183,0,178,0.0,True
2023-02-13,183,183,0,178,0.0,True
2023-02-14,183,183,0,178,0.0,True
2023-02-15,183,183,0,178,0.0,True
2023-02-16,183,183,0,178,0.0,True
2023-02-17,183,183,0,178,0.0,True
2023-02-21,183,183,0,178,0.0,True
2023-02-22,183,183,0,178,0.0,True
2023-02-23,183,183,0,178,0.0,True
2023-02-24,183,183,0,178,0.0,True
2023-02-27,183,183,0,178,0.0,True
2023-02-28,183,183,0,178,0.0,True
2023-03-01,183,183,0,178,0.0,True
2023-03-02,183,183,0,178,0.0,True
2023-03-03,183,183,0,178,0.0,True
2023-03-06,183,183,0,178,0.0,True
2023-03-07,183,183,0,178,0.0,True
2023-03-08,183,183,0,178,0.0,True
2023-03-09,183,183,0,178,0.0,True
2023-03-10,183,183,0,178,0.0,True
2023-03-13,183,183,0,178,0.0,True
2023-03-14,183,183,0,178,0.0,True
2023-03-15,183,183,0,178,0.0,True
2023-03-16,183,182,1,177,0.00546448087431694,True
2023-03-17,182,182,0,177,0.0,True
2023-03-20,182,182,0,177,0.0,True
2023-03-21,182,182,0,177,0.0,True
2023-03-22,182,182,0,177,0.0,True
2023-03-23,182,182,0,177,0.0,True
2023-03-24,182,182,0,177,0.0,True
2023-03-27,182,182,0,177,0.0,True
2023-03-28,182,182,0,177,0.0,True
2023-03-29,182,182,0,177,0.0,True
2023-03-30,182,182,0,177,0.0,True
2023-03-31,182,182,0,177,0.0,True
2023-04-03,182,182,0,177,0.0,True
2023-04-04,182,182,0,177,0.0,True
2023-04-05,182,182,0,177,0.0,True
2023-04-06,182,182,0,177,0.0,True
2023-04-10,182,182,0,177,0.0,True
2023-04-11,182,182,0,177,0.0,True
2023-04-12,182,182,0,177,0.0,True
2023-04-13,182,182,0,177,0.0,True
2023-04-14,182,182,0,177,0.0,True
2023-04-17,182,182,0,177,0.0,True
2023-04-18,182,182,0,177,0.0,True
2023-04-19,182,182,0,177,0.0,True
2023-04-20,182,182,0,177,0.0,True
2023-04-21,182,182,0,177,0.0,True
2023-04-24,182,182,0,178,0.0,True
2023-04-25,182,182,0,178,0.0,True
2023-04-26,182,182,0,178,0.0,True
2023-04-27,182,182,0,178,0.0,True
2023-04-28,182,182,0,178,0.0,True
2023-05-01,182,182,0,178,0.0,True
2023-05-02,182,182,0,178,0.0,True
2023-05-03,182,182,0,178,0.0,True
2023-05-04,182,182,0,178,0.0,True
2023-05-05,182,182,0,178,0.0,True
2023-05-08,182,182,0,178,0.0,True
2023-05-09,182,182,0,178,0.0,True
2023-05-10,182,182,0,178,0.0,True
2023-05-11,182,182,0,178,0.0,True
2023-05-12,182,182,0,178,0.0,True
2023-05-15,182,182,0,178,0.0,True
2023-05-16,182,183,0,178,0.0,True
2023-05-17,183,183,0,178,0.0,True
2023-05-18,183,183,0,178,0.0,True
2023-05-19,183,183,0,178,0.0,True
2023-05-22,183,183,0,178,0.0,True
2023-05-23,183,183,0,178,0.0,True
2023-05-24,183,183,0,178,0.0,True
2023-05-25,183,183,0,178,0.0,True
2023-05-26,183,183,0,178,0.0,True
2023-05-30,183,183,0,178,0.0,True
2023-05-31,183,183,0,178,0.0,True
2023-06-01,183,183,0,178,0.0,True
2023-06-02,183,183,0,178,0.0,True
2023-06-05,183,183,0,178,0.0,True
2023-06-06,183,183,0,178,0.0,True
2023-06-07,183,183,0,178,0.0,True
2023-06-08,183,183,0,178,0.0,True
2023-06-09,183,183,0,178,0.0,True
2023-06-12,183,183,0,178,0.0,True
2023-06-13,183,183,0,178,0.0,True
2023-06-14,183,183,0,178,0.0,True
2023-06-15,183,183,0,178,0.0,True
2023-06-16,183,183,0,178,0.0,True
2023-06-20,183,183,0,178,0.0,True
2023-06-21,183,183,0,178,0.0,True
2023-06-22,183,183,0,178,0.0,True
2023-06-23,183,183,0,178,0.0,True
2023-06-26,183,183,0,178,0.0,True
2023-06-27,183,183,0,178,0.0,True
2023-06-28,183,183,0,178,0.0,True
2023-06-29,183,183,0,178,0.0,True
2023-06-30,183,183,0,178,0.0,True
2023-07-03,183,183,0,178,0.0,True
2023-07-05,183,183,0,178,0.0,True
2023-07-06,183,183,0,178,0.0,True
2023-07-07,183,183,0,178,0.0,True
2023-07-10,183,183,0,178,0.0,True
2023-07-11,183,183,0,179,0.0,True
2023-07-12,183,183,0,179,0.0,True
2023-07-13,183,183,0,179,0.0,True
2023-07-14,183,183,0,179,0.0,True
2023-07-17,183,183,0,179,0.0,True
2023-07-18,183,183,0,179,0.0,True
2023-07-19,183,183,0,179,0.0,True
2023-07-20,183,183,0,179,0.0,True
2023-07-21,183,183,0,179,0.0,True
2023-07-24,183,183,0,179,0.0,True
2023-07-25,183,183,0,179,0.0,True
2023-07-26,183,183,0,179,0.0,True
2023-07-27,183,183,0,179,0.0,True
2023-07-28,183,183,0,179,0.0,True
2023-07-31,183,183,0,179,0.0,True
2023-08-01,183,183,0,179,0.0,True
2023-08-02,183,183,0,179,0.0,True
2023-08-03,183,183,0,179,0.0,True
2023-08-04,183,183,0,179,0.0,True
2023-08-07,183,183,0,179,0.0,True
2023-08-08,183,183,0,179,0.0,True
2023-08-09,183,183,0,179,0.0,True
2023-08-10,183,183,0,179,0.0,True
2023-08-11,183,183,0,179,0.0,True
2023-08-14,183,183,0,179,0.0,True
2023-08-15,183,183,0,179,0.0,True
2023-08-16,183,183,0,179,0.0,True
2023-08-17,183,183,0,179,0.0,True
2023-08-18,183,183,0,179,0.0,True
2023-08-21,183,183,0,179,0.0,True
2023-08-22,183,183,0,179,0.0,True
2023-08-23,183,183,0,179,0.0,True
2023-08-24,183,183,0,179,0.0,True
2023-08-25,183,183,0,179,0.0,True
2023-08-28,183,183,0,179,0.0,True
2023-08-29,183,183,0,179,0.0,True
2023-08-30,183,183,0,179,0.0,True
2023-08-31,183,182,1,178,0.00546448087431694,True
2023-09-01,182,182,0,178,0.0,True
2023-09-05,182,182,0,178,0.0,True
2023-09-06,182,182,0,178,0.0,True
2023-09-07,182,182,0,178,0.0,True
2023-09-08,182,182,0,178,0.0,True
2023-09-11,182,182,0,178,0.0,True
2023-09-12,182,182,0,178,0.0,True
2023-09-13,182,182,0,178,0.0,True
2023-09-14,182,182,0,178,0.0,True
2023-09-15,182,182,0,178,0.0,True
2023-09-18,182,182,0,178,0.0,True
2023-09-19,182,182,0,178,0.0,True
2023-09-20,182,182,0,178,0.0,True
2023-09-21,182,182,0,178,0.0,True
2023-09-22,182,182,0,178,0.0,True
2023-09-25,182,182,0,178,0.0,True
2023-09-26,182,182,0,178,0.0,True
2023-09-27,182,182,0,178,0.0,True
2023-09-28,182,182,0,178,0.0,True
2023-09-29,182,182,0,178,0.0,True
2023-10-02,182,182,0,178,0.0,True
2023-10-03,182,182,0,178,0.0,True
2023-10-04,182,182,0,178,0.0,True
2023-10-05,182,182,0,178,0.0,True
2023-10-06,182,182,0,178,0.0,True
2023-10-09,182,182,0,178,0.0,True
2023-10-10,182,182,0,178,0.0,True
2023-10-11,182,182,0,178,0.0,True
2023-10-12,182,182,0,178,0.0,True
2023-10-13,182,182,0,179,0.0,True
2023-10-16,182,182,0,179,0.0,True
2023-10-17,182,182,0,179,0.0,True
2023-10-18,182,182,0,179,0.0,True
2023-10-19,182,181,1,178,0.005494505494505495,True
2023-10-20,181,181,0,178,0.0,True
2023-10-23,181,181,0,178,0.0,True
2023-10-24,181,181,0,178,0.0,True
2023-10-25,181,181,0,178,0.0,True
2023-10-26,181,181,0,178,0.0,True
2023-10-27,181,181,0,178,0.0,True
2023-10-30,181,181,0,178,0.0,True
2023-10-31,181,181,0,178,0.0,True
2023-11-01,181,181,0,178,0.0,True
2023-11-02,181,181,0,178,0.0,True
2023-11-03,181,181,0,178,0.0,True
2023-11-06,181,181,0,178,0.0,True
2023-11-07,181,181,0,178,0.0,True
2023-11-08,181,181,0,178,0.0,True
2023-11-09,181,181,0,178,0.0,True
2023-11-10,181,181,0,178,0.0,True
2023-11-13,181,181,0,178,0.0,True
2023-11-14,181,181,0,178,0.0,True
2023-11-15,181,181,0,178,0.0,True
2023-11-16,181,181,0,178,0.0,True
2023-11-17,181,181,0,178,0.0,True
2023-11-20,181,181,0,179,0.0,True
2023-11-21,181,181,0,179,0.0,True
2023-11-22,181,181,0,179,0.0,True
2023-11-24,181,181,0,179,0.0,True
2023-11-27,181,181,0,179,0.0,True
2023-11-28,181,181,0,179,0.0,True
2023-11-29,181,181,0,179,0.0,True
2023-11-30,181,181,0,179,0.0,True
2023-12-01,181,181,0,179,0.0,True
2023-12-04,181,181,0,179,0.0,True
2023-12-05,181,181,0,179,0.0,True
2023-12-06,181,181,0,179,0.0,True
2023-12-07,181,181,0,179,0.0,True
2023-12-08,181,181,0,179,0.0,True
2023-12-11,181,181,0,179,0.0,True
2023-12-12,181,181,0,179,0.0,True
2023-12-13,181,181,0,179,0.0,True
2023-12-14,181,181,0,179,0.0,True
2023-12-15,181,181,0,179,0.0,True
2023-12-18,181,181,0,179,0.0,True
2024-02-02,181,181,0,179,0.0,True
2024-02-05,181,181,0,179,0.0,True
2024-02-06,181,181,0,179,0.0,True
2024-02-07,181,181,0,179,0.0,True
2024-02-08,181,181,0,179,0.0,True
2024-02-09,181,181,0,179,0.0,True
2024-02-12,181,181,0,179,0.0,True
2024-02-13,181,181,0,179,0.0,True
2024-02-14,181,181,0,180,0.0,True
2024-02-15,181,181,0,180,0.0,True
2024-02-16,181,181,0,180,0.0,True
2024-02-20,181,181,0,180,0.0,True
2024-02-21,181,181,0,180,0.0,True
2024-02-22,181,181,0,180,0.0,True
2024-02-23,181,181,0,180,0.0,True
2024-02-26,181,181,0,180,0.0,True
2024-02-27,181,181,0,180,0.0,True
2024-02-28,181,181,0,180,0.0,True
2024-02-29,181,181,0,180,0.0,True
2024-03-01,181,181,0,180,0.0,True
2024-03-04,181,181,0,180,0.0,True
2024-03-05,181,181,0,180,0.0,True
2024-03-06,181,181,0,180,0.0,True
2024-03-07,181,181,0,180,0.0,True
2024-03-08,181,181,0,180,0.0,True
2024-03-11,181,181,0,180,0.0,True
2024-03-12,181,181,0,180,0.0,True
2024-03-13,181,181,0,180,0.0,True
2024-03-14,181,181,0,180,0.0,True
2024-03-15,181,181,0,180,0.0,True
2024-03-18,181,181,0,180,0.0,True
2024-03-19,181,181,0,180,0.0,True
2024-03-20,181,181,0,180,0.0,True
2024-03-21,181,181,0,180,0.0,True
2024-03-22,181,181,0,180,0.0,True
2024-03-25,181,181,0,180,0.0,True
2024-03-26,181,181,0,180,0.0,True
2024-03-27,181,181,0,180,0.0,True
2024-03-28,181,181,0,180,0.0,True
2024-04-01,181,181,0,180,0.0,True
2024-04-02,181,180,1,179,0.0055248618784530384,True
2024-04-03,180,180,0,179,0.0,True
2024-04-04,180,180,0,179,0.0,True
2024-04-05,180,180,0,179,0.0,True
2024-04-08,180,180,0,179,0.0,True
2024-04-09,180,180,0,179,0.0,True
2024-04-10,180,180,0,179,0.0,True
2024-04-11,180,180,0,179,0.0,True
2024-04-12,180,180,0,179,0.0,True
2024-04-15,180,180,0,179,0.0,True
2024-04-16,180,180,0,179,0.0,True
2024-04-17,180,180,0,179,0.0,True
2024-04-18,180,180,0,179,0.0,True
2024-04-19,180,180,0,179,0.0,True
2024-04-22,180,180,0,179,0.0,True
2024-04-23,180,180,0,179,0.0,True
2024-04-24,180,180,0,179,0.0,True
2024-04-25,180,180,0,179,0.0,True
2024-04-26,180,180,0,179,0.0,True
2024-04-29,180,180,0,179,0.0,True
2024-04-30,180,180,0,179,0.0,True
2024-05-01,180,180,0,179,0.0,True
2024-05-02,180,180,0,179,0.0,True
2024-05-03,180,180,0,179,0.0,True
2024-05-06,180,180,0,179,0.0,True
2024-05-07,180,180,0,179,0.0,True
2024-05-08,180,180,0,179,0.0,True
2024-05-09,180,179,1,178,0.005555555555555556,True
2024-05-10,179,179,0,178,0.0,True
2024-05-13,179,179,0,178,0.0,True
2024-05-14,179,179,0,178,0.0,True
2024-05-15,179,179,0,178,0.0,True
2024-05-16,179,179,0,178,0.0,True
2024-05-17,179,179,0,178,0.0,True
2024-05-20,179,179,0,178,0.0,True
2024-05-21,179,179,0,178,0.0,True
2024-05-22,179,179,0,178,0.0,True
2024-05-23,179,179,0,178,0.0,True
2024-05-24,179,179,0,178,0.0,True
2024-05-28,179,179,0,178,0.0,True
2024-05-29,179,179,0,178,0.0,True
2024-05-30,179,179,0,178,0.0,True
2024-05-31,179,179,0,178,0.0,True
2024-06-03,179,179,0,178,0.0,True
2024-06-04,179,179,0,178,0.0,True
2024-06-05,179,179,0,178,0.0,True
2024-06-06,179,179,0,178,0.0,True
2024-06-07,179,179,0,178,0.0,True
2024-06-10,179,179,0,178,0.0,True
2024-06-11,179,179,0,178,0.0,True
2024-06-12,179,179,0,178,0.0,True
2024-06-13,179,179,0,178,0.0,True
2024-06-14,179,179,0,178,0.0,True
2024-06-17,179,179,0,178,0.0,True
2024-06-18,179,179,0,178,0.0,True
2024-06-20,179,179,0,178,0.0,True
2024-06-21,179,179,0,178,0.0,True
2024-06-24,179,179,0,178,0.0,True
2024-06-25,179,179,0,178,0.0,True
2024-06-26,179,179,0,178,0.0,True
2024-06-27,179,179,0,178,0.0,True
2024-06-28,179,179,0,178,0.0,True
2024-07-01,179,179,0,179,0.0,True
2024-07-02,179,179,0,179,0.0,True
2024-07-03,179,179,0,179,0.0,True
2024-07-05,179,179,0,179,0.0,True
2024-07-08,179,180,0,179,0.0,True
2024-07-09,180,180,0,179,0.0,True
2024-07-10,180,180,0,179,0.0,True
2024-07-11,180,180,0,179,0.0,True
2024-07-12,180,180,0,179,0.0,True
2024-07-15,180,180,0,179,0.0,True
2024-07-16,180,180,0,179,0.0,True
2024-07-17,180,180,0,179,0.0,True
2024-07-18,180,180,0,179,0.0,True
2024-07-19,180,180,0,179,0.0,True
2024-07-22,180,180,0,179,0.0,True
2024-07-23,180,180,0,179,0.0,True
2024-07-24,180,180,0,179,0.0,True
2024-07-25,180,180,0,179,0.0,True
2024-07-26,180,180,0,179,0.0,True
2024-07-29,180,180,0,179,0.0,True
2024-07-30,180,180,0,179,0.0,True
2024-07-31,180,180,0,179,0.0,True
2024-08-01,180,180,0,179,0.0,True
2024-08-02,180,180,0,179,0.0,True
2024-08-05,180,180,0,179,0.0,True
2024-08-06,180,180,0,179,0.0,True
2024-08-07,180,180,0,179,0.0,True
2024-08-08,180,180,0,179,0.0,True
2024-08-09,180,180,0,179,0.0,True
2024-08-12,180,180,0,179,0.0,True
2024-08-13,180,180,0,179,0.0,True
2024-08-14,180,180,0,179,0.0,True
2024-08-15,180,180,0,179,0.0,True
2024-08-16,180,180,0,179,0.0,True
2024-08-19,180,180,0,179,0.0,True
2024-08-20,180,180,0,179,0.0,True
2024-08-21,180,180,0,179,0.0,True
2024-08-22,180,180,0,179,0.0,True
2024-08-23,180,180,0,179,0.0,True
2024-08-26,180,180,0,179,0.0,True
2024-08-27,180,180,0,179,0.0,True
2024-08-28,180,180,0,179,0.0,True
2024-08-29,180,180,0,179,0.0,True
2024-08-30,180,180,0,179,0.0,True
2024-09-03,180,180,0,179,0.0,True
2024-09-04,180,180,0,179,0.0,True
2024-09-05,180,180,0,179,0.0,True
2024-09-06,180,180,0,179,0.0,True
2024-09-09,180,180,0,179,0.0,True
2024-09-10,180,180,0,179,0.0,True
2024-09-11,180,180,0,179,0.0,True
2024-09-12,180,180,0,179,0.0,True
2024-09-13,180,180,0,179,0.0,True
2024-09-16,180,180,0,179,0.0,True
2024-09-17,180,180,0,179,0.0,True
2024-09-18,180,180,0,179,0.0,True
2024-09-19,180,180,0,179,0.0,True
2024-09-20,180,180,0,179,0.0,True
2024-09-23,180,180,0,179,0.0,True
2024-09-24,180,180,0,179,0.0,True
2024-09-25,180,180,0,179,0.0,True
2024-09-26,180,180,0,179,0.0,True
2024-09-27,180,180,0,179,0.0,True
2024-09-30,180,180,0,179,0.0,True
2024-10-01,180,180,0,179,0.0,True
2024-10-02,180,180,0,179,0.0,True
2024-10-03,180,180,0,179,0.0,True
2024-10-04,180,180,0,179,0.0,True
2024-10-07,180,180,0,179,0.0,True
2024-10-08,180,180,0,179,0.0,True
2024-10-09,180,180,0,179,0.0,True
2024-10-10,180,180,0,179,0.0,True
2024-10-11,180,180,0,179,0.0,True
2024-10-14,180,180,0,179,0.0,True
2024-10-15,180,180,0,179,0.0,True
2024-10-16,180,180,0,179,0.0,True
2024-10-17,180,180,0,179,0.0,True
2024-10-18,180,180,0,179,0.0,True
2024-10-21,180,180,0,179,0.0,True
2024-10-22,180,180,0,179,0.0,True
2024-10-23,180,180,0,179,0.0,True
2024-10-24,180,180,0,179,0.0,True
2024-10-25,180,180,0,179,0.0,True
2024-10-28,180,180,0,179,0.0,True
2024-10-29,180,180,0,179,0.0,True
2024-10-30,180,180,0,179,0.0,True
2024-10-31,180,180,0,179,0.0,True
2024-11-01,180,180,0,179,0.0,True
2024-11-04,180,180,0,179,0.0,True
2024-11-05,180,180,0,179,0.0,True
2024-11-06,180,180,0,179,0.0,True
2024-11-07,180,180,0,179,0.0,True
2024-11-08,180,180,0,179,0.0,True
2024-11-11,180,180,0,179,0.0,True
2024-11-12,180,180,0,179,0.0,True
2024-11-13,180,180,0,179,0.0,True
2024-11-14,180,180,0,179,0.0,True
2024-11-15,180,180,0,179,0.0,True
2024-11-18,180,180,0,179,0.0,True
2024-11-19,180,180,0,179,0.0,True
2024-11-20,180,180,0,179,0.0,True
2024-11-21,180,180,0,179,0.0,True
2024-11-22,180,180,0,179,0.0,True
2024-11-25,180,180,0,179,0.0,True
2024-11-26,180,180,0,179,0.0,True
2024-11-27,180,180,0,179,0.0,True
2024-11-29,180,180,0,179,0.0,True
2024-12-02,180,180,0,179,0.0,True
2024-12-03,180,180,0,179,0.0,True
2024-12-04,180,180,0,179,0.0,True
2024-12-05,180,180,0,179,0.0,True
2024-12-06,180,180,0,179,0.0,True
2024-12-09,180,180,0,179,0.0,True
2024-12-10,180,180,0,179,0.0,True
2024-12-11,180,180,0,179,0.0,True
2024-12-12,180,180,0,179,0.0,True
2024-12-13,180,180,0,179,0.0,True
2024-12-16,180,180,0,179,0.0,True
2024-12-17,180,180,0,179,0.0,True
2024-12-18,180,180,0,179,0.0,True
2024-12-19,180,180,0,179,0.0,True
2024-12-20,180,180,0,179,0.0,True
2024-12-23,180,180,0,179,0.0,True
2025-03-25,180,178,2,177,0.011111111111111112,True
2025-03-26,178,178,0,177,0.0,True
2025-03-27,178,178,0,177,0.0,True
2025-03-28,178,178,0,177,0.0,True
2025-03-31,178,178,0,177,0.0,True
2025-04-01,178,178,0,177,0.0,True
2025-04-02,178,178,0,177,0.0,True
2025-04-03,178,178,0,177,0.0,True
2025-04-04,178,178,0,177,0.0,True
2025-04-07,178,178,0,177,0.0,True
2025-04-08,178,178,0,177,0.0,True
2025-04-09,178,178,0,177,0.0,True
2025-04-10,178,178,0,177,0.0,True
2025-04-11,178,178,0,177,0.0,True
2025-04-14,178,178,0,177,0.0,True
2025-04-15,178,178,0,177,0.0,True
2025-04-16,178,178,0,177,0.0,True
2025-04-17,178,178,0,177,0.0,True
2025-04-21,178,178,0,177,0.0,True
2025-04-22,178,178,0,177,0.0,True
2025-04-23,178,178,0,177,0.0,True
2025-04-24,178,178,0,177,0.0,True
2025-04-25,178,178,0,177,0.0,True
2025-04-28,178,178,0,177,0.0,True
2025-04-29,178,178,0,177,0.0,True
2025-04-30,178,178,0,177,0.0,True
2025-05-01,178,178,0,177,0.0,True
2025-05-02,178,178,0,177,0.0,True
2025-05-05,178,178,0,177,0.0,True
2025-05-06,178,178,0,177,0.0,True
2025-05-07,178,178,0,177,0.0,True
2025-05-08,178,178,0,177,0.0,True
2025-05-09,178,178,0,177,0.0,True
2025-05-12,178,178,0,177,0.0,True
2025-05-13,178,178,0,177,0.0,True
2025-05-14,178,178,0,177,0.0,True
2025-05-15,178,178,0,177,0.0,True
2025-05-16,178,178,0,177,0.0,True
2025-05-19,178,178,0,177,0.0,True
2025-05-20,178,178,0,177,0.0,True
2025-05-21,178,178,0,177,0.0,True
2025-05-22,178,178,0,177,0.0,True
2025-05-23,178,178,0,177,0.0,True
2025-05-27,178,178,0,177,0.0,True
2025-05-28,178,178,0,177,0.0,True
2025-05-29,178,178,0,177,0.0,True
2025-05-30,178,178,0,177,0.0,True
2025-06-02,178,178,0,177,0.0,True
2025-06-03,178,178,0,177,0.0,True
2025-06-04,178,178,0,177,0.0,True
2025-06-05,178,178,0,177,0.0,True
2025-06-06,178,178,0,177,0.0,True
2025-06-09,178,178,0,177,0.0,True
2025-06-10,178,178,0,177,0.0,True
2025-06-11,178,178,0,177,0.0,True
2025-06-12,178,178,0,177,0.0,True
2025-06-13,178,178,0,177,0.0,True
2025-06-16,178,178,0,177,0.0,True
2025-06-17,178,178,0,177,0.0,True
2025-06-18,178,178,0,177,0.0,True
2025-06-20,178,178,0,177,0.0,True
2025-06-23,178,178,0,177,0.0,True
2025-06-24,178,178,0,177,0.0,True
2025-06-25,178,178,0,177,0.0,True
2025-06-26,178,178,0,177,0.0,True
2025-06-27,178,178,0,177,0.0,True
2025-06-30,178,178,0,177,0.0,True
2025-07-01,178,178,0,177,0.0,True
2025-07-02,178,178,0,177,0.0,True
2025-07-03,178,178,0,177,0.0,True
2025-07-07,178,178,0,177,0.0,True
2025-07-08,178,178,0,177,0.0,True
2025-07-09,178,178,0,177,0.0,True
2025-07-10,178,178,0,177,0.0,True
2025-07-11,178,178,0,177,0.0,True
2025-07-14,178,178,0,177,0.0,True
2025-07-15,178,178,0,177,0.0,True
2025-07-16,178,178,0,177,0.0,True
2025-07-17,178,178,0,177,0.0,True
2025-07-18,178,178,0,177,0.0,True
2025-07-21,178,178,0,177,0.0,True
2025-07-22,178,178,0,177,0.0,True
2025-07-23,178,178,0,177,0.0,True
2025-07-24,178,178,0,177,0.0,True
2025-07-25,178,178,0,177,0.0,True
2025-07-28,178,178,0,177,0.0,True
2025-07-29,178,178,0,177,0.0,True
2025-07-30,178,178,0,177,0.0,True
2025-07-31,178,178,0,177,0.0,True
2025-08-01,178,178,0,177,0.0,True
2025-08-04,178,178,0,177,0.0,True
2025-08-05,178,178,0,177,0.0,True
2025-08-06,178,178,0,177,0.0,True
2025-08-07,178,178,0,177,0.0,True
2025-08-08,178,178,0,177,0.0,True
2025-08-11,178,178,0,177,0.0,True
2025-08-12,178,178,0,177,0.0,True
2025-08-13,178,178,0,177,0.0,True
2025-08-14,178,178,0,177,0.0,True
2025-08-15,178,178,0,177,0.0,True
2025-08-18,178,178,0,177,0.0,True
2025-08-19,178,178,0,177,0.0,True
2025-08-20,178,178,0,177,0.0,True
2025-08-21,178,178,0,177,0.0,True
2025-08-22,178,178,0,177,0.0,True
2025-08-25,178,178,0,177,0.0,True
2025-08-26,178,178,0,177,0.0,True
2025-08-27,178,178,0,177,0.0,True
2025-08-28,178,178,0,177,0.0,True
2025-08-29,178,178,0,177,0.0,True
2025-09-02,178,178,0,177,0.0,True
2025-09-03,178,178,0,177,0.0,True
2025-09-04,178,178,0,177,0.0,True
2025-09-05,178,178,0,177,0.0,True
2025-09-08,178,178,0,177,0.0,True
2025-09-09,178,178,0,177,0.0,True
2025-09-10,178,178,0,177,0.0,True
2025-09-11,178,178,0,177,0.0,True
2025-09-12,178,178,0,177,0.0,True
2025-09-15,178,178,0,177,0.0,True
2025-09-16,178,178,0,177,0.0,True
2025-09-17,178,178,0,177,0.0,True
2025-09-18,178,178,0,177,0.0,True
2025-09-19,178,178,0,177,0.0,True
2025-09-22,178,178,0,177,0.0,True
2025-09-23,178,178,0,177,0.0,True
2025-09-24,178,178,0,177,0.0,True
2025-09-25,178,178,0,177,0.0,True
2025-09-26,178,178,0,177,0.0,True
2025-09-29,178,178,0,177,0.0,True
2025-09-30,178,178,0,177,0.0,True
2025-10-01,178,178,0,177,0.0,True
2025-10-02,178,178,0,177,0.0,True
2025-10-03,178,178,0,178,0.0,True
2025-10-06,178,178,0,178,0.0,True
2025-10-07,178,178,0,178,0.0,True
2025-10-08,178,178,0,178,0.0,True
2025-10-09,178,178,0,178,0.0,True
2025-10-10,178,178,0,178,0.0,True
2025-10-13,178,178,0,178,0.0,True
2025-10-14,178,178,0,178,0.0,True
2025-10-15,178,178,0,178,0.0,True
2025-10-16,178,178,0,178,0.0,True
2025-10-17,178,178,0,178,0.0,True
2025-10-20,178,178,0,178,0.0,True
2025-10-21,178,178,0,178,0.0,True
2025-10-22,178,178,0,178,0.0,True
2025-10-23,178,178,0,178,0.0,True
2025-10-24,178,178,0,178,0.0,True
2025-10-27,178,178,0,178,0.0,True
2025-10-28,178,178,0,178,0.0,True
2025-10-29,178,178,0,178,0.0,True
2025-10-30,178,178,0,178,0.0,True
2025-10-31,178,178,0,178,0.0,True
2025-11-03,178,178,0,178,0.0,True
2025-11-04,178,177,1,177,0.0056179775280898875,True
2025-11-05,177,177,0,177,0.0,True
2025-11-06,177,177,0,177,0.0,True
2025-11-07,177,177,0,177,0.0,True
2025-11-10,177,177,0,177,0.0,True
2025-11-11,177,177,0,177,0.0,True
2025-11-12,177,177,0,177,0.0,True
2025-11-13,177,177,0,177,0.0,True
2025-11-14,177,177,0,177,0.0,True
2025-11-17,177,177,0,177,0.0,True
2025-11-18,177,177,0,177,0.0,True
2025-11-19,177,177,0,177,0.0,True
2025-11-20,177,177,0,177,0.0,True
2025-11-21,177,177,0,177,0.0,True
2025-11-24,177,177,0,177,0.0,True
2025-11-25,177,177,0,177,0.0,True
2025-11-26,177,177,0,177,0.0,True
2025-11-28,177,177,0,177,0.0,True
2025-12-01,177,177,0,177,0.0,True
2025-12-02,177,177,0,177,0.0,True
2025-12-03,177,177,0,177,0.0,True
2025-12-04,177,177,0,177,0.0,True
2025-12-05,177,177,0,177,0.0,True
2025-12-08,177,177,0,177,0.0,True
2025-12-09,177,177,0,177,0.0,True
2025-12-10,177,177,0,177,0.0,True
2025-12-11,177,177,0,177,0.0,True
2025-12-12,177,176,1,176,0.005649717514124294,True
2025-12-15,176,176,0,176,0.0,True
2025-12-16,176,176,0,176,0.0,True
2025-12-17,176,176,0,176,0.0,True
2025-12-18,176,176,0,176,0.0,True
2025-12-19,176,176,0,176,0.0,True
2025-12-22,176,176,0,176,0.0,True
2026-01-15,176,176,0,176,0.0,True
2026-01-16,176,176,0,176,0.0,True
2026-01-20,176,176,0,176,0.0,True
2026-01-21,176,176,0,176,0.0,True
2026-01-22,176,176,0,176,0.0,True
2026-01-23,176,176,0,176,0.0,True
2026-01-26,176,176,0,176,0.0,True
2026-01-27,176,176,0,176,0.0,True
2026-01-28,176,176,0,176,0.0,True
2026-01-29,176,176,0,176,0.0,True
2026-01-30,176,176,0,176,0.0,True
2026-02-02,176,176,0,176,0.0,True
2026-02-03,176,176,0,176,0.0,True
2026-02-04,176,176,0,176,0.0,True
2026-02-05,176,176,0,176,0.0,True
2026-02-06,176,176,0,176,0.0,True
2026-02-09,176,176,0,176,0.0,True
2026-02-10,176,176,0,176,0.0,True
2026-02-11,176,176,0,176,0.0,True
2026-02-12,176,176,0,176,0.0,True
2026-02-13,176,176,0,176,0.0,True
2026-02-17,176,176,0,176,0.0,True
2026-02-18,176,176,0,176,0.0,True
2026-02-19,176,176,0,176,0.0,True
2026-02-20,176,176,0,176,0.0,True
2026-02-23,176,176,0,176,0.0,True
2026-02-24,176,176,0,176,0.0,True
2026-02-25,176,176,0,176,0.0,True
2026-02-26,176,176,0,176,0.0,True
2026-02-27,176,176,0,176,0.0,True
2026-03-02,176,176,0,176,0.0,True
2026-03-03,176,176,0,176,0.0,True
2026-03-04,176,176,0,176,0.0,True
2026-03-05,176,176,0,176,0.0,True
2026-03-06,176,176,0,176,0.0,True
2026-03-09,176,176,0,176,0.0,True
2026-03-10,176,176,0,176,0.0,True
2026-03-11,176,176,0,176,0.0,True
2026-03-12,176,176,0,176,0.0,True
2026-03-13,176,176,0,176,0.0,True
2026-03-16,176,176,0,176,0.0,True
2026-03-17,176,176,0,176,0.0,True
2026-03-18,176,176,0,176,0.0,True
2026-03-19,176,176,0,176,0.0,True
2026-03-20,176,176,0,176,0.0,True
2026-03-23,176,176,0,176,0.0,True
2026-03-24,176,175,1,175,0.005681818181818182,True
2026-03-25,175,175,0,175,0.0,True
2026-03-26,175,175,0,175,0.0,True
2026-03-27,175,175,0,175,0.0,True
2026-03-30,175,175,0,175,0.0,True
2026-03-31,175,175,0,175,0.0,True
2026-04-01,175,175,0,175,0.0,True
2026-04-02,175,175,0,175,0.0,True
2026-04-06,175,175,0,175,0.0,True
2026-04-07,175,175,0,175,0.0,True
2026-04-08,175,175,0,175,0.0,True
2026-04-09,175,175,0,175,0.0,True
2026-04-10,175,174,1,174,0.005714285714285714,True
2026-04-13,174,174,0,174,0.0,True
2026-04-14,174,174,0,174,0.0,True
2026-04-15,174,174,0,174,0.0,True
2026-04-16,174,174,0,174,0.0,True
2026-04-17,174,174,0,174,0.0,True
2026-04-20,174,174,0,174,0.0,True
2026-04-21,174,174,0,174,0.0,True
2026-04-22,174,174,0,174,0.0,True
2026-04-23,174,174,0,174,0.0,True
2026-04-24,174,174,0,174,0.0,True
2026-04-27,174,174,0,174,0.0,True
2026-04-28,174,174,0,174,0.0,True
2026-04-29,174,174,0,174,0.0,True
2026-04-30,174,174,0,174,0.0,True
2026-05-01,174,174,0,174,0.0,True
2026-05-04,174,174,0,174,0.0,True
2026-05-05,174,174,0,174,0.0,True
2026-05-06,174,174,0,174,0.0,True
2026-05-07,174,174,0,174,0.0,True
2026-05-08,174,174,0,174,0.0,True
2026-05-11,174,174,0,174,0.0,True
2026-05-12,174,174,0,174,0.0,True
2026-05-13,174,174,0,174,0.0,True
2026-05-14,174,174,0,174,0.0,True
2026-05-15,174,174,0,174,0.0,True
2026-05-18,174,174,0,174,0.0,True
2026-05-19,174,174,0,174,0.0,True
2026-05-20,174,174,0,174,0.0,True
2026-05-21,174,174,0,174,0.0,True
2026-05-22,174,174,0,174,0.0,True
2026-05-26,174,174,0,174,0.0,True
2026-05-27,174,174,0,174,0.0,True
2026-05-28,174,174,0,174,0.0,True
2026-05-29,174,174,0,174,0.0,True
2026-06-01,174,174,0,174,0.0,True
2026-06-02,174,174,0,174,0.0,True
2026-06-03,174,174,0,174,0.0,True
2026-06-04,174,174,0,174,0.0,True
2026-06-05,174,174,0,174,0.0,True
2026-06-08,174,174,0,174,0.0,True
2026-06-09,174,174,0,174,0.0,True
2026-06-10,174,174,0,174,0.0,True
2026-06-11,174,174,0,174,0.0,True
2026-06-12,174,174,0,174,0.0,True
2026-06-15,174,174,0,174,0.0,True
2026-06-16,174,174,0,174,0.0,True
2026-06-17,174,174,0,174,0.0,True
2026-06-18,174,174,0,174,0.0,True
2026-06-22,174,174,0,174,0.0,True
2026-06-23,174,174,0,174,0.0,True
2026-06-24,174,174,0,174,0.0,True
2026-06-25,174,174,0,174,0.0,True
2026-06-26,174,174,0,174,0.0,True
2026-06-29,174,174,0,174,0.0,True
2026-06-30,174,174,0,174,0.0,True
