date,return,turnover
2005-01-07,9.999999999998899e-05,0.0
2005-01-10,9.999999999998899e-05,0.0
2005-01-11,9.999999999998899e-05,0.0
2005-01-12,9.999999999998899e-05,0.0
2005-01-13,9.999999999998899e-05,0.0
2005-01-14,9.999999999998899e-05,0.0
2005-01-18,9.999999999998899e-05,0.0
2005-01-19,9.999999999998899e-05,0.0
2005-01-20,9.999999999998899e-05,0.0
2005-01-21,9.999999999998899e-05,0.0
2005-01-24,9.999999999998899e-05,0.0
2005-01-25,9.999999999998899e-05,0.0
2005-01-26,9.999999999998899e-05,0.0
2005-01-27,9.999999999998899e-05,0.0
2005-01-28,9.999999999998899e-05,0.0
2005-01-31,9.999999999998899e-05,0.0
2005-02-01,-0.0024002499999999927,1.0
2005-02-02,0.0032119718768232716,0.0
2005-02-03,-0.0022135458692983663,0.0
2005-02-04,0.011620582565241148,0.0
2005-02-07,-0.0006502866754685318,0.0
2005-02-08,0.0019904027150587232,0.0
2005-02-09,-0.009650645718890178,0.0
2005-02-10,0.0032246559557369894,0.0
2005-02-11,0.008973362023364954,0.0
2005-02-14,-0.0011801802358292804,0.0
2005-02-15,0.0028436386062170027,0.0
2005-02-16,-0.000520349019441777,0.0
2005-02-17,-0.00523597824282547,0.0
2005-02-18,0.0004104626178837306,0.0
2005-02-22,-0.017213107511231777,0.0
2005-02-23,0.004114441538729184,0.0
2005-02-24,0.01043308640922051,0.0
2005-02-25,0.011669169783807025,0.0
2005-02-28,-0.010009075639780374,0.0
2005-03-01,0.007825737001092348,0.042562484407466517
2005-03-02,-0.0021341362049455935,0.0
2005-03-03,-0.000329883830369641,0.0
2005-03-04,0.009594817972722046,0.0
2005-03-07,0.002823551673220844,0.0
2005-03-08,-0.0035231711369224684,0.0
2005-03-09,-0.010640453745955068,0.0
2005-03-10,0.0022523268808623603,0.0
2005-03-11,-0.007252560382744505,0.0
2005-03-14,0.007167429811462124,0.0
2005-03-15,-0.007720937735882422,0.0
2005-03-16,-0.009612119817837578,0.0
2005-03-17,0.0011930038947781181,0.0
2005-03-18,-0.002901520365735444,0.0
2005-03-21,-0.0027797263108812033,0.0
2005-03-22,-0.008065767072487484,0.0
2005-03-23,-0.0006116208066897669,0.0
2005-03-24,0.001150058420083561,0.0
2005-03-28,0.0009123286861948941,0.0
2005-03-29,-0.009254370541116597,0.0
2005-03-30,0.012046961124678275,0.0
2005-03-31,-0.0007933604058640753,0.0
2005-04-01,-0.006296090358833717,0.038619594739460764
2005-04-04,0.002306793552871473,0.0
2005-04-05,0.005260840437742564,0.0
2005-04-06,0.0019914628095291194,0.0
2005-04-07,0.005226181112336583,0.0
2005-04-08,-0.007965696894196296,0.0
2005-04-11,-0.001042287036769785,0.0
2005-04-12,0.00822663755887687,0.0
2005-04-13,-0.014339122716918298,0.0
2005-04-14,-0.013720033157808322,0.0
2005-04-15,-0.01746979618097204,0.0
2005-04-18,0.004504283019566088,0.0
2005-04-19,0.005650353121960468,0.0
2005-04-20,-0.017595180372195617,0.0
2005-04-21,0.020214289563557614,0.0
2005-04-22,-0.009281957602288074,0.0
2005-04-25,0.009901286292957917,0.0
2005-04-26,-0.007985970442243737,0.0
2005-04-27,0.0019367189066228278,0.0
2005-04-28,-0.011004814654569258,0.0
2005-04-29,0.012524592656581271,0.0
2005-05-02,0.003911806535825679,0.07865996103762767
2005-05-03,-0.0006172390594518225,0.0
2005-05-04,0.014284179885826389,0.0
2005-05-05,-0.0037176507586019177,0.0
2005-05-06,-0.0003893083017360979,0.0
2005-05-09,0.0050102500828322506,0.0
2005-05-10,-0.008480500073763051,0.0
2005-05-11,0.005727725185785351,0.0
2005-05-12,-0.01043227890643672,0.0
2005-05-13,-0.005402696687147157,0.0
2005-05-16,0.012459607102603042,0.0
2005-05-17,0.006890852097438203,0.0
2005-05-18,0.016437328274488575,0.0
2005-05-19,0.004257580250424287,0.0
2005-05-20,-0.0031770726546171205,0.0
2005-05-23,0.003976600287742907,0.0
2005-05-24,-0.0015064702664005201,0.0
2005-05-25,-0.006598560338075272,0.0
2005-05-26,0.008284611292671325,0.0
2005-05-27,0.0016588234659478704,0.0
2005-05-31,-0.0035884517455507174,0.0
2005-06-01,0.008722421077850484,0.05238964407789962
2005-06-02,0.0020279457761094113,0.0
2005-06-03,-0.007547734439922149,0.0
2005-06-06,0.0010170019760462065,0.0
2005-06-07,0.001971757909167646,0.0
2005-06-08,-0.004113595948882956,0.0
2005-06-09,0.0057062847009298895,0.0
2005-06-10,-0.0005855099281058282,0.0
2005-06-13,0.0024187207622878193,0.0
2005-06-14,0.00703679926637972,0.0
2005-06-15,0.0005860976328107191,0.0
2005-06-16,0.005210220155880621,0.0
2005-06-17,0.006898714114404376,0.0
2005-06-20,-0.00325789232867958,0.0
2005-06-21,-0.0029402085117547047,0.0
2005-06-22,0.0007544558633170325,0.0
2005-06-23,-0.009361247981615799,0.0
2005-06-24,-0.0070735090034247106,0.0
2005-06-27,-0.0011677775582479607,0.0
2005-06-28,0.012979393891920174,0.0
2005-06-29,-0.002153902867275697,0.0
2005-06-30,-0.005538280627587511,0.0
2005-07-01,0.0031458814628355647,0.05701258057441916
2005-07-05,0.008867389357425426,0.0
2005-07-06,-0.005452335097733085,0.0
2005-07-07,0.003011254131145816,0.0
2005-07-08,0.013792031640158627,0.0
2005-07-11,0.0075187107049960525,0.0
2005-07-12,0.0012916207021639427,0.0
2005-07-13,0.0014197843398481957,0.0
2005-07-14,0.001608591078923932,0.0
2005-07-15,0.003385674861901611,0.0
2005-07-18,-0.003556592422713503,0.0
2005-07-19,0.008556912461057444,0.0
2005-07-20,0.01197534872563778,0.0
2005-07-21,-0.007954353908615512,0.0
2005-07-22,0.0066254912198445365,0.0
2005-07-25,-0.004733872744810496,0.0
2005-07-26,0.001993499280879882,0.0
2005-07-27,0.002810027555258621,0.0
2005-07-28,0.009182853408717946,0.0
2005-07-29,-0.005466834556039311,0.0
2005-08-01,-0.0003093373337623717,0.04663611164703521
2005-08-02,0.006907351274721814,0.0
2005-08-03,0.00028251989375854174,0.0
2005-08-04,-0.01112760457278831,0.0
2005-08-05,-0.009951314254158336,0.0
2005-08-08,-0.004180925375827848,0.0
2005-08-09,0.0067758745244941064,0.0
2005-08-10,-0.0013488231403406214,0.0
2005-08-11,0.007042165935001534,0.0
2005-08-12,-0.005218774670104848,0.0
2005-08-15,0.005562291522509487,0.0
2005-08-16,-0.014838581107075229,0.0
2005-08-17,0.0012874168752317551,0.0
2005-08-18,-0.0008379950839162167,0.0
2005-08-19,-0.00010916370380318251,0.0
2005-08-22,0.001668969801427709,0.0
2005-08-23,-0.002954776892814413,0.0
2005-08-24,-0.003971097717991363,0.0
2005-08-25,0.0033523398236833075,0.0
2005-08-26,-0.005978066385821849,0.0
2005-08-29,0.0056485506212256825,0.0
2005-08-30,-0.0057842470579005,0.0
2005-08-31,0.011195960235695851,0.0
2005-09-01,3.526120171937208e-05,0.060709232001910286
2005-09-02,-0.0022480746671449765,0.0
2005-09-06,0.013357175546913914,0.0
2005-09-07,0.0015734107979808853,0.0
2005-09-08,-0.006572758391575641,0.0
2005-09-09,0.008451224143818718,0.0
2005-09-12,0.004285236014395819,0.0
2005-09-13,-0.009278301126232982,0.0
2005-09-14,-0.007087016829296564,0.0
2005-09-15,0.00011722051637388639,0.0
2005-09-16,0.005340455154215328,0.0
2005-09-19,-0.008455223030630342,0.0
2005-09-20,-0.00903325491034686,0.0
2005-09-21,-0.01356413699676549,0.0
2005-09-22,0.007095768020363973,0.0
2005-09-23,0.002775227817064643,0.0
2005-09-26,-0.0015085527926182083,0.0
2005-09-27,-0.0001486476902562356,0.0
2005-09-28,0.0012220369540669222,0.0
2005-09-29,0.008333777079164807,0.0
2005-09-30,0.00450125997336554,0.0
2005-10-03,-0.0012819101375378672,0.03917385750340338
2005-10-04,-0.0076735547118195295,0.0
2005-10-05,-0.01573827786147993,0.0
2005-10-06,-0.004412841319752637,0.0
2005-10-07,0.00442878403179032,0.0
2005-10-10,-0.00794585432828357,0.0
2005-10-11,-0.004963323981504128,0.0
2005-10-12,-0.008546170964565093,0.0
2005-10-13,0.0008710884051072901,0.0
2005-10-14,0.008024438624090623,0.0
2005-10-17,0.001830696367950435,0.0
2005-10-18,-0.00961232267039796,0.0
2005-10-19,0.011366187597120062,0.0
2005-10-20,-0.011452704167125103,0.0
2005-10-21,0.0006319452760785271,0.0
2005-10-24,0.01819441379407819,0.0
2005-10-25,-0.003438456657399127,0.0
2005-10-26,-0.002723120611526118,0.0
2005-10-27,-0.013788881232734954,0.0
2005-10-28,0.015241945854000882,0.0
2005-10-31,0.010968669375982355,0.0
2005-11-01,-0.0011043110502788611,0.0515837143899199
2005-11-02,0.012922704237018552,0.0
2005-11-03,0.005937722707628339,0.0
2005-11-04,0.00038050884911565203,0.0
2005-11-07,0.005023959533915989,0.0
2005-11-08,-0.004811237199061893,0.0
2005-11-09,0.0022372345255237953,0.0
2005-11-10,0.012792564376192517,0.0
2005-11-11,0.002095916907773405,0.0
2005-11-14,-0.001719359077428154,0.0
2005-11-15,-0.006618321452744862,0.0
2005-11-16,0.0019601239891693764,0.0
2005-11-17,0.010570102372325045,0.0
2005-11-18,0.005817578711960933,0.0
2005-11-21,0.0036724127658950565,0.0
2005-11-22,0.005235948648794112,0.0
2005-11-23,0.003772158729218061,0.0
2005-11-25,0.001161660376824721,0.0
2005-11-28,-0.00876016950701678,0.0
2005-11-29,0.003124391611356671,0.0
2005-11-30,-0.005474496457654321,0.0
2005-12-01,0.013883059768650785,0.038379487736215655
2005-12-02,0.0001546831005684597,0.0
2005-12-05,-0.005218579394636259,0.0
2005-12-06,0.0001797904278642555,0.0
2005-12-07,-0.004790316194263641,0.0
2005-12-08,-0.00045909002674461406,0.0
2005-12-09,0.0032769239924647546,0.0
2005-12-12,-0.0004780177073369351,0.0
2005-12-13,0.006120729420837825,0.0
2005-12-14,0.005038314310609165,0.0
2005-12-15,-0.0007935667178313999,0.0
2005-12-16,-0.0020143335299257913,0.0
2005-12-19,-0.0063652113210370875,0.0
2005-12-20,0.00010824793657720102,0.0
2005-12-21,0.005214049601620528,0.0
2005-12-22,0.004247033971969091,0.0
2005-12-23,0.0003647523952924805,0.0
2005-12-27,-0.006992676614429727,0.0
2005-12-28,0.001954901126085266,0.0
2005-12-29,-0.0018666149542238017,0.0
2005-12-30,-0.0059769327684505175,0.0
2006-01-03,0.01223963110379156,0.03284597882322291
2006-01-04,0.004144929655853661,0.0
2006-01-05,0.00029463150946444617,0.0
2006-01-06,0.00621401716547779,0.0
2006-01-09,0.006491196093589886,0.0
2006-01-10,0.001401380952991796,0.0
2006-01-11,0.0010097765247980043,0.0
2006-01-12,-0.004779764310391658,0.0
2006-01-13,0.0011218355491811826,0.0
2006-01-17,-0.005527520895086941,0.0
2006-01-18,-0.0005393424439706944,0.0
2006-01-19,0.007948403755253214,0.0
2006-01-20,-0.01735382045626998,0.0
2006-01-23,0.0027935040341703727,0.0
2006-01-24,0.007802875496556894,0.0
2006-01-25,-0.0032659882619226585,0.0
2006-01-26,0.007957726158435695,0.0
2006-01-27,0.004947225099295547,0.0
2006-01-30,-0.0017589996575443885,0.0
2006-01-31,-0.00363372234303055,0.0
2006-02-01,0.004706824498190931,0.04353585936393588
2006-02-02,-0.008072349055302795,0.0
2006-02-03,-0.004108763610340098,0.0
2006-02-06,0.0003176831744624808,0.0
2006-02-07,-0.006000078624939757,0.0
2006-02-08,0.007246661081439357,0.0
2006-02-09,-0.0011252262085203026,0.0
2006-02-10,0.002206641669492141,0.0
2006-02-13,-0.0028642877536249386,0.0
2006-02-14,0.010633756868789798,0.0
2006-02-15,0.006244352531971125,0.0
2006-02-16,0.0056881965017697,0.0
2006-02-17,-0.00011869964901772208,0.0
2006-02-21,-0.004442279160255387,0.0
2006-02-22,0.011103803647479597,0.0
2006-02-23,-0.0031211859159734462,0.0
2006-02-24,0.0002218211278431411,0.0
2006-02-27,0.005410603776859946,0.0
2006-02-28,-0.012837198253300925,0.0
2006-03-01,0.0069014874598509746,0.03510265282505226
2006-03-02,-0.002285310959181893,0.0
2006-03-03,-0.0037079819891097767,0.0
2006-03-06,-0.007658554719522773,0.0
2006-03-07,-0.0023895722353629778,0.0
2006-03-08,0.0015442188109044109,0.0
2006-03-09,-0.0026337232966870652,0.0
2006-03-10,0.008762322115734113,0.0
2006-03-13,0.0009866423273608904,0.0
2006-03-14,0.011157439998445958,0.0
2006-03-15,0.004485060196825067,0.0
2006-03-16,0.0009063239985191062,0.0
2006-03-17,0.0023403977002738954,0.0
2006-03-20,-0.003504859347232617,0.0
2006-03-21,-0.0062253729071920245,0.0
2006-03-22,0.005428721962639144,0.0
2006-03-23,-0.0032609938386859946,0.0
2006-03-24,0.0025652225265769216,0.0
2006-03-27,-0.0016923244356592836,0.0
2006-03-28,-0.005529366445516989,0.0
2006-03-29,0.007373130935651586,0.0
2006-03-30,-0.0034012045282970534,0.0
2006-03-31,-0.003738622106760805,0.0
2006-04-03,0.00034458462818909297,0.035851356955392155
2006-04-04,0.00607407060814691,0.0
2006-04-05,0.005068937571845291,0.0
2006-04-06,-0.0027066982152905757,0.0
2006-04-07,-0.008188469401402769,0.0
2006-04-10,0.0013538264506390426,0.0
2006-04-11,-0.00893677003842725,0.0
2006-04-12,0.0001673947846388061,0.0
2006-04-13,0.000263398500629219,0.0
2006-04-17,-0.0034188464410876917,0.0
2006-04-18,0.020389883156559,0.0
2006-04-19,0.0040361820999151215,0.0
2006-04-20,0.002394919892925824,0.0
2006-04-21,-0.0026312845688479247,0.0
2006-04-24,-0.0010739107336477749,0.0
2006-04-25,-0.006402724354490725,0.0
2006-04-26,0.002441128569603299,0.0
2006-04-27,0.0022486231115971538,0.0
2006-04-28,-0.00035470890602698284,0.0
2006-05-01,-0.004560238436919106,0.044999977476364944
2006-05-02,0.0040922882380676085,0.0
2006-05-03,-0.0010674005323884235,0.0
2006-05-04,0.004092587053829751,0.0
2006-05-05,0.009500734663308943,0.0
2006-05-08,0.0014470622149914854,0.0
2006-05-09,-0.0010226388545233485,0.0
2006-05-10,7.157293904744757e-05,0.0
2006-05-11,-0.010732324974957496,0.0
2006-05-12,-0.011050891534835959,0.0
2006-05-15,0.002572498056491169,0.0
2006-05-16,-0.004334853650026896,0.0
2006-05-17,-0.0166378844816329,0.0
2006-05-18,-0.0061970359284307525,0.0
2006-05-19,0.005812063951801532,0.0
2006-05-22,-0.0053001485495023735,0.0
2006-05-23,-0.00515175390997158,0.0
2006-05-24,0.001453357756911703,0.0
2006-05-25,0.009323880886315758,0.0
2006-05-26,0.005891767480289954,0.0
2006-05-30,-0.013517753900089998,0.0
2006-05-31,0.01029866635779852,0.0
2006-06-01,0.011671150221875148,0.03749070224367933
2006-06-02,-0.0001871156699354263,0.0
2006-06-05,-0.01915293801272563,0.0
2006-06-06,-0.0037676592209888887,0.0
2006-06-07,-0.0031033470488408483,0.0
2006-06-08,2.8762230594083643e-05,0.0
2006-06-09,-0.0021054802191823275,0.0
2006-06-12,-0.013239632215434016,0.0
2006-06-13,-0.007294525609091815,0.0
2006-06-14,0.005862019177225027,0.0
2006-06-15,0.021571046211541704,0.0
2006-06-16,-0.0035405960191833676,0.0
2006-06-19,-0.00786982871548866,0.0
2006-06-20,-0.002216705633054184,0.0
2006-06-21,0.012093602920850252,0.0
2006-06-22,-0.005334644054818392,0.0
2006-06-23,-0.0008431053710695076,0.0
2006-06-26,0.0055024575387472375,0.0
2006-06-27,-0.010331917486403181,0.0
2006-06-28,0.002803433336143196,0.0
2006-06-29,0.02253007377472936,0.0
2006-06-30,0.0010914128265559961,0.0
2006-07-03,0.004776160891654335,0.04015800014314647
2006-07-05,-0.008768546227015568,0.0
2006-07-06,0.0025794746241640364,0.0
2006-07-07,-0.007950509539885907,0.0
2006-07-10,0.002357246637022976,0.0
2006-07-11,0.003173660719825296,0.0
2006-07-12,-0.011741606673485729,0.0
2006-07-13,-0.014210017235055772,0.0
2006-07-14,-0.010244178803931907,0.0
2006-07-17,0.001521954359035079,0.0
2006-07-18,0.001282798601771878,0.0
2006-07-19,0.018018890006691143,0.0
2006-07-20,-0.013572337224613665,0.0
2006-07-21,-0.005838102138787828,0.0
2006-07-24,0.020247712373934332,0.0
2006-07-25,0.006002124908437184,0.0
2006-07-26,-0.001064952158415248,0.0
2006-07-27,-0.0027415389442249664,0.0
2006-07-28,0.015400895748660676,0.0
2006-07-31,-0.0006991543559700518,0.0
2006-08-01,-0.005222084229296153,0.059831819912621695
2006-08-02,0.005566733254981714,0.0
2006-08-03,0.006947524218555764,0.0
2006-08-04,-0.00181865653560996,0.0
2006-08-07,-0.004803448792867018,0.0
2006-08-08,-0.004963975362852699,0.0
2006-08-09,-0.009936543212717966,0.0
2006-08-10,0.007443406034194725,0.0
2006-08-11,-0.003705189570098823,0.0
2006-08-14,0.0013281118572945308,0.0
2006-08-15,0.014849959427317415,0.0
2006-08-16,0.012331383144221955,0.0
2006-08-17,0.0027277603068982578,0.0
2006-08-18,0.0020962061641036965,0.0
2006-08-21,-0.006594188968388854,0.0
2006-08-22,0.00014372050899932824,0.0
2006-08-23,-0.0055851234631894755,0.0
2006-08-24,-0.00030296169659309015,0.0
2006-08-25,-0.002297902354219308,0.0
2006-08-28,0.008481817083396327,0.0
2006-08-29,0.00529815418484971,0.0
2006-08-30,0.0001714370730536977,0.0
2006-08-31,0.003851134993898169,0.0
2006-09-01,0.004996136400771345,0.06319650998811124
2006-09-05,-0.00107352349690926,0.0
2006-09-06,-0.010028299974608133,0.0
2006-09-07,-0.0037466929498107095,0.0
2006-09-08,0.006211013176124195,0.0
2006-09-11,0.0031950975406493114,0.0
2006-09-12,0.015269428892431105,0.0
2006-09-13,0.0043951817507103495,0.0
2006-09-14,-0.0007798733641281937,0.0
2006-09-15,0.004074092396433582,0.0
2006-09-18,-0.0015697684043303216,0.0
2006-09-19,-0.0022759054110465197,0.0
2006-09-20,0.005796079106905308,0.0
2006-09-21,-0.006676540039653535,0.0
2006-09-22,-0.003630959122785041,0.0
2006-09-25,0.011547293046328129,0.0
2006-09-26,0.006637523303389163,0.0
2006-09-27,0.001689648601805248,0.0
2006-09-28,0.0032832613181930414,0.0
2006-09-29,-0.004876536706828062,0.0
2006-10-02,-0.0011278073384066722,0.035430050135467434
2006-10-03,6.496981075402328e-05,0.0
2006-10-04,0.013914589499520999,0.0
2006-10-05,0.0056075818160761775,0.0
2006-10-06,-0.004237537704761795,0.0
2006-10-09,0.003581654984836233,0.0
2006-10-10,0.003233256204418426,0.0
2006-10-11,-0.0033790001926900753,0.0
2006-10-12,0.010601463814676297,0.0
2006-10-13,0.00023056646397305933,0.0
2006-10-16,0.005334338708313839,0.0
2006-10-17,-0.0055159523412945145,0.0
2006-10-18,0.0019702324873160496,0.0
2006-10-19,-0.0005851704057770823,0.0
2006-10-20,-0.0003412643254506694,0.0
2006-10-23,0.008916079908201154,0.0
2006-10-24,0.003587095119354281,0.0
2006-10-25,0.002479295328154253,0.0
2006-10-26,0.0024316391039408284,0.0
2006-10-27,-0.008699161929631891,0.0
2006-10-30,0.004671518101299624,0.0
2006-10-31,-0.003004985786551952,0.0
2006-11-01,-0.0070387246118088775,0.05139938576087735
2006-11-02,-0.0018547800553505127,0.0
2006-11-03,-0.004199974974110485,0.0
2006-11-06,0.010562663815327144,0.0
2006-11-07,0.005461725328226556,0.0
2006-11-08,0.0015882820796170375,0.0
2006-11-09,-0.00851776126513375,0.0
2006-11-10,0.005568786322616374,0.0
2006-11-13,0.004080770569628367,0.0
2006-11-14,0.008601030438153722,0.0
2006-11-15,0.0044152971289545175,0.0
2006-11-16,0.005545729234050461,0.0
2006-11-17,9.8185001261183e-05,0.0
2006-11-20,-0.00044637630932876503,0.0
2006-11-21,0.0021928209990588416,0.0
2006-11-22,0.0053887760080118165,0.0
2006-11-24,-0.003681571133284265,0.0
2006-11-27,-0.015080445671452778,0.0
2006-11-28,-0.00024039038248226184,0.0
2006-11-29,0.010017963836675825,0.0
2006-11-30,0.0034919079269088897,0.0
2006-12-01,-0.003603177601042118,0.050398099569548646
2006-12-04,0.010397216356567146,0.0
2006-12-05,0.005709022239655904,0.0
2006-12-06,0.000360498314587125,0.0
2006-12-07,-0.005473351677870349,0.0
2006-12-08,8.071294185073237e-05,0.0
2006-12-11,0.0012691387486697121,0.0
2006-12-12,-0.002566123870741405,0.0
2006-12-13,-0.0008480166541450639,0.0
2006-12-14,0.008513949891199284,0.0
2006-12-15,-0.00010372218276802543,0.0
2006-12-18,-0.004559541426370201,0.0
2006-12-19,0.0011578421314753038,0.0
2006-12-20,0.00041339712307761947,0.0
2006-12-21,-0.003159180536816978,0.0
2006-12-22,-0.004510193975432604,0.0
2006-12-26,0.004486815258140257,0.0
2006-12-27,0.006765568514179015,0.0
2006-12-28,-0.0022998928177643077,0.0
2006-12-29,-0.004663216632674926,0.0
2007-01-03,0.0010780649794559505,0.03567816484344243
2007-01-04,0.0015095163792494218,0.0
2007-01-05,-0.008019502413061071,0.0
2007-01-08,0.002574798421784144,0.0
2007-01-09,0.004482544108929162,0.0
2007-01-10,0.0024431821330137497,0.0
2007-01-11,0.009763724800106626,0.0
2007-01-12,0.00358296424470741,0.0
2007-01-16,0.00229410544816659,0.0
2007-01-17,-0.00014098892350711912,0.0
2007-01-18,-0.0028891893749967497,0.0
2007-01-19,0.004111872556383452,0.0
2007-01-22,-0.0046193599182461085,0.0
2007-01-23,0.004486126777230012,0.0
2007-01-24,0.0071858594757238945,0.0
2007-01-25,-0.011881996194581294,0.0
2007-01-26,-0.0010613904933791179,0.0
2007-01-29,0.0022269878162404335,0.0
2007-01-30,0.003076257619545854,0.0
2007-01-31,0.00947468862008793,0.0
2007-02-01,0.012127375251658412,0.04667919129662147
2007-02-02,0.002783738740967103,0.0
2007-02-05,-0.001578735760500234,0.0
2007-02-06,0.002308787645066688,0.0
2007-02-07,0.0035399974844933756,0.0
2007-02-08,-0.0013693947287593009,0.0
2007-02-09,-0.008243882906480284,0.0
2007-02-12,-0.0016186499811158945,0.0
2007-02-13,0.008145217442562592,0.0
2007-02-14,0.009968031260605257,0.0
2007-02-15,5.9229512830308274e-05,0.0
2007-02-16,-0.0009693965971536446,0.0
2007-02-20,0.00347584474813442,0.0
2007-02-21,-0.0011380436806536958,0.0
2007-02-22,-0.0028469629153439683,0.0
2007-02-23,-0.0031646526717085243,0.0
2007-02-26,-0.0015455469049833856,0.0
2007-02-27,-0.03191358152897956,0.0
2007-02-28,0.002716505518879393,0.0
2007-03-01,-0.0027217037330196092,0.06302470352414896
2007-03-02,-0.011672157296946222,0.0
2007-03-05,-0.011440715846639313,0.0
2007-03-06,0.014243118092283572,0.0
2007-03-07,-0.0006837862934666826,0.0
2007-03-08,0.008751362590868016,0.0
2007-03-09,0.002368413759749715,0.0
2007-03-12,0.002962893911437747,0.0
2007-03-13,-0.02096903631646881,0.0
2007-03-14,0.006420064977093253,0.0
2007-03-15,0.005118023952805365,0.0
2007-03-16,-0.004204005515126595,0.0
2007-03-19,0.009819025647764865,0.0
2007-03-20,0.0070635196768024,0.0
2007-03-21,0.014669233339499415,0.0
2007-03-22,-0.0014529662185674534,0.0
2007-03-23,0.0018149767417177556,0.0
2007-03-26,-0.002705932080645713,0.0
2007-03-27,-0.007009772777746485,0.0
2007-03-28,-0.008341269996989926,0.0
2007-03-29,0.003544807147264138,0.0
2007-03-30,0.0005720305692904983,0.0
2007-04-02,0.0034198521947459426,0.03818948710486837
2007-04-03,0.009536814102257346,0.0
2007-04-04,-0.001454226935457102,0.0
2007-04-05,0.0028030419922506914,0.0
2007-04-09,0.0007517499580819671,0.0
2007-04-10,0.0014526004769300246,0.0
2007-04-11,-0.0061946852872561894,0.0
2007-04-12,0.008095535459093254,0.0
2007-04-13,0.0014885726278305144,0.0
2007-04-16,0.009567228391374865,0.0
2007-04-17,0.0031985499654023078,0.0
2007-04-18,0.002939884241211555,0.0
2007-04-19,-0.001746328064599769,0.0
2007-04-20,0.009727762816643087,0.0
2007-04-23,0.0019199838436766564,0.0
2007-04-24,0.0008673261707449588,0.0
2007-04-25,0.010992498009119172,0.0
2007-04-26,0.004131890222455187,0.0
2007-04-27,2.894729202263342e-05,0.0
2007-04-30,-0.01052257877705628,0.0
2007-05-01,0.004637632756711696,0.08104935212287612
2007-05-02,0.00646637996640116,0.0
2007-05-03,0.004193911217679586,0.0
2007-05-04,0.00039971358557257686,0.0
2007-05-07,-0.0001225089441509806,0.0
2007-05-08,-0.00293777725628938,0.0
2007-05-09,0.006777678468378289,0.0
2007-05-10,-0.014622687237118532,0.0
2007-05-11,0.008224002863792117,0.0
2007-05-14,-0.0044375688899368,0.0
2007-05-15,-0.003788043117005026,0.0
2007-05-16,0.005571569123919215,0.0
2007-05-17,-0.0032941470015127967,0.0
2007-05-18,0.005253114613166953,0.0
2007-05-21,0.0024002943410053063,0.0
2007-05-22,-0.00032843418413770433,0.0
2007-05-23,-0.0044110985300250954,0.0
2007-05-24,-0.009436064565598482,0.0
2007-05-25,0.005750230844583155,0.0
2007-05-29,0.0040131772010028365,0.0
2007-05-30,0.008477023136207407,0.0
2007-05-31,0.0037609297695581447,0.0
2007-06-01,0.002780769225458446,0.03630068716814687
2007-06-04,0.002240309840106475,0.0
2007-06-05,-0.006751703921935821,0.0
2007-06-06,-0.010988148266588005,0.0
2007-06-07,-0.01847344098293431,0.0
2007-06-08,0.011429499608838153,0.0
2007-06-11,-0.0005213979797683395,0.0
2007-06-12,-0.011070923663151029,0.0
2007-06-13,0.01590159339105943,0.0
2007-06-14,0.0022855775995669586,0.0
2007-06-15,0.005143635063441955,0.0
2007-06-18,-0.0024257665267966447,0.0
2007-06-19,0.0005774353537155084,0.0
2007-06-20,-0.012162993574014349,0.0
2007-06-21,0.0043382616495274045,0.0
2007-06-22,-0.010223595713364932,0.0
2007-06-25,-0.004933425885716056,0.0
2007-06-26,-0.0036701092427407307,0.0
2007-06-27,0.01055093064367061,0.0
2007-06-28,-0.00021851533667900208,0.0
2007-06-29,-0.0029328808143909966,0.0
2007-07-02,0.010691702443513362,0.03898969759291542
2007-07-03,0.0014782825076249911,0.0
2007-07-05,0.0013816703623389798,0.0
2007-07-06,0.005591917498900888,0.0
2007-07-09,0.0008118628830775965,0.0
2007-07-10,-0.016496299840837562,0.0
2007-07-11,0.00592260627414418,0.0
2007-07-12,0.014921806022091871,0.0
2007-07-13,0.004674715958234562,0.0
2007-07-16,-0.0037260545951590318,0.0
2007-07-17,0.00048229617733002545,0.0
2007-07-18,-0.0024498026398357808,0.0
2007-07-19,0.00406269792549003,0.0
2007-07-20,-0.014832624425424306,0.0
2007-07-23,0.0026340155805612622,0.0
2007-07-24,-0.017348900091112812,0.0
2007-07-25,0.0057164369088262565,0.0
2007-07-26,-0.023301771575319864,0.0
2007-07-27,-0.01701592554122168,0.0
2007-07-30,0.009892673426620277,0.0
2007-07-31,-0.010186480021410392,0.0
2007-08-01,0.00697124378152103,0.051418478316766346
2007-08-02,0.00519053478222535,0.0
2007-08-03,-0.029008241018481214,0.0
2007-08-06,0.024951149236597542,0.0
2007-08-07,0.00583680209010617,0.0
2007-08-08,0.014218535636519508,0.0
2007-08-09,-0.028031796260031744,0.0
2007-08-10,0.0013347214947052471,0.0
2007-08-13,-0.0005153324680862688,0.0
2007-08-14,-0.02225128515446112,0.0
2007-08-15,-0.01395283643597001,0.0
2007-08-16,0.007219555840131632,0.0
2007-08-17,0.02144961756368855,0.0
2007-08-20,0.0010413220282616997,0.0
2007-08-21,-0.0008245235653892949,0.0
2007-08-22,0.012529596464078134,0.0
2007-08-23,-0.004877609339756542,0.0
2007-08-24,0.010432085465147026,0.0
2007-08-27,-0.012191321462591097,0.0
2007-08-28,-0.023151318552336434,0.0
2007-08-29,0.02283236815051747,0.0
2007-08-30,-0.004093041581418617,0.0
2007-08-31,0.012640726051724248,0.0
2007-09-04,0.008332952600099475,0.05220323873355266
2007-09-05,-0.013997693668440897,0.0
2007-09-06,0.00430599819202519,0.0
2007-09-07,-0.018383783761144433,0.0
2007-09-10,-0.0034476749360250044,0.0
2007-09-11,0.012071412493897867,0.0
2007-09-12,-0.0019551055443128105,0.0
2007-09-13,0.009268999848843624,0.0
2007-09-14,0.0023191061455427493,0.0
2007-09-17,-0.004289982949517839,0.0
2007-09-18,0.032618508263633425,0.0
2007-09-19,0.0076894384558501075,0.0
2007-09-20,-0.011171271195341122,0.0
2007-09-21,0.002049304026012139,0.0
2007-09-24,-0.007817552512944947,0.0
2007-09-25,-0.0039653260796646906,0.0
2007-09-26,0.0055615045694410925,0.0
2007-09-27,0.0047874781409960815,0.0
2007-09-28,-0.0026330461759104325,0.0
2007-10-01,0.01777282740521824,0.050528051805838727
2007-10-02,0.002889125542245753,0.0
2007-10-03,-0.0019197316007800768,0.0
2007-10-04,-0.0007286118946935007,0.0
2007-10-05,0.015456311467184868,0.0
2007-10-08,-0.005864109375528184,0.0
2007-10-09,0.0077598733029864515,0.0
2007-10-10,-0.0021166618379991394,0.0
2007-10-11,-0.005447308941972057,0.0
2007-10-12,0.0028493311950624407,0.0
2007-10-15,-0.011243050277445753,0.0
2007-10-16,-0.00732078872574872,0.0
2007-10-17,0.0008429103742387744,0.0
2007-10-18,-0.0011384896809581702,0.0
2007-10-19,-0.0259478837918589,0.0
2007-10-22,0.009422110800552493,0.0
2007-10-23,0.010508237330237723,0.0
2007-10-24,-0.001004102227216978,0.0
2007-10-25,-0.003667273952573124,0.0
2007-10-26,0.011303493776323593,0.0
2007-10-29,0.0016969528444880596,0.0
2007-10-30,-0.004297037752302805,0.0
2007-10-31,0.011102960945271245,0.0
2007-11-01,-0.024731861677903755,0.0694334131405758
2007-11-02,-0.0015712816955805221,0.0
2007-11-05,-0.006070665272573275,0.0
2007-11-06,0.00833823586221887,0.0
2007-11-07,-0.024096216583156194,0.0
2007-11-08,0.005746717230543673,0.0
2007-11-09,-0.013239838208775587,0.0
2007-11-12,-0.0033720259678917015,0.0
2007-11-13,0.027653980266481182,0.0
2007-11-14,-0.00876716965855516,0.0
2007-11-15,-0.010797031139430438,0.0
2007-11-16,0.001198693860736973,0.0
2007-11-19,-0.01969991886498707,0.0
2007-11-20,0.0021369364488304132,0.0
2007-11-21,-0.016263684914105774,0.0
2007-11-23,0.016946474984998412,0.0
2007-11-26,-0.021480272039231082,0.0
2007-11-27,0.012614956793418848,0.0
2007-11-28,0.02780507584966956,0.0
2007-11-29,-0.002730483377035421,0.0
2007-11-30,0.011192775483599463,0.0
2007-12-03,-0.007650953624898205,0.10851336723029223
2007-12-04,-0.0025761232864122334,0.0
2007-12-05,0.01406753710062157,0.0
2007-12-06,0.015187885998701928,0.0
2007-12-07,0.0005108276285338691,0.0
2007-12-10,0.007198246528655843,0.0
2007-12-11,-0.030250983573671803,0.0
2007-12-12,0.00585825219348839,0.0
2007-12-13,-0.002819065868233562,0.0
2007-12-14,-0.017429727716302176,0.0
2007-12-17,-0.012627681152977643,0.0
2007-12-18,0.0071428841178948314,0.0
2007-12-19,-0.0020487008626952543,0.0
2007-12-20,0.005103591711056975,0.0
2007-12-21,0.01628241704334453,0.0
2007-12-24,0.01029075693045316,0.0
2007-12-26,-0.0019205053418648562,0.0
2007-12-27,-0.013964290504697436,0.0
2007-12-28,-0.0010773286798906763,0.0
2007-12-31,-0.003395564217998585,0.0
2008-01-02,-0.017489997041824634,0.05270519411193017
2008-01-03,-0.008165892337817268,0.0
2008-01-04,-0.027181371841399682,0.0
2008-01-07,0.006112859248113108,0.0
2008-01-08,-0.022420117649876448,0.0
2008-01-09,0.010715554549381756,0.0
2008-01-10,0.010267103087029852,0.0
2008-01-11,-0.013664700710567202,0.0
2008-01-14,0.00639581796628861,0.0
2008-01-15,-0.025231246324103385,0.0
2008-01-16,0.004702703559716257,0.0
2008-01-17,-0.02628073928192533,0.0
2008-01-18,-0.0022674299076615003,0.0
2008-01-22,0.00033447232872386534,0.0
2008-01-23,0.035553328478231644,0.0
2008-01-24,0.00047192509411795626,0.0
2008-01-25,-0.012508003772197858,0.0
2008-01-28,0.020965389166072004,0.0
2008-01-29,0.008018321005394987,0.0
2008-01-30,-0.008005136712192489,0.0
2008-01-31,0.025752741235842987,0.0
2008-02-01,0.017188188839760254,0.09462125140390137
2008-02-04,-0.012398532619486473,0.0
2008-02-05,-0.03233223970091349,0.0
2008-02-06,-0.010322615345792223,0.0
2008-02-07,0.01003043337211606,0.0
2008-02-08,-0.00507065911666316,0.0
2008-02-11,0.0064292591756036225,0.0
2008-02-12,0.0059820463672370094,0.0
2008-02-13,0.012167957737380188,0.0
2008-02-14,-0.015627778175400696,0.0
2008-02-15,-0.001117569204060802,0.0
2008-02-19,-0.0035277817342392825,0.0
2008-02-20,0.013275131112760814,0.0
2008-02-21,-0.01549595912352634,0.0
2008-02-22,0.008737468230936534,0.0
2008-02-25,0.01780570590391785,0.0
2008-02-26,0.011143814035731836,0.0
2008-02-27,-0.0017621455918891398,0.0
2008-02-28,-0.015188486619291921,0.0
2008-02-29,-0.02813589194207097,0.0
2008-03-03,0.0015290636486844367,0.06683800946069134
2008-03-04,0.00018813907951343477,0.0
2008-03-05,0.0038712182525973485,0.0
2008-03-06,-0.027880402212734568,0.0
2008-03-07,-0.005578560409197025,0.0
2008-03-10,-0.01709173554982946,0.0
2008-03-11,0.041993511396901176,0.0
2008-03-12,-0.008908781648303873,0.0
2008-03-13,0.005307420181638954,0.0
2008-03-14,-0.020634043772393,0.0
2008-03-17,-0.012709390788862558,0.0
2008-03-18,0.04345264457096815,0.0
2008-03-19,-0.016536971566304674,0.0
2008-03-20,0.027535870182737253,0.0
2008-03-24,0.025569190000614292,0.0
2008-03-25,-0.00012821991479487833,0.0
2008-03-26,-0.014610057352028017,0.0
2008-03-27,-0.011565722042640877,0.0
2008-03-28,-0.011744775328913973,0.0
2008-03-31,0.008927407464810713,0.0
2008-04-01,0.03947971887306023,0.07285130876047932
2008-04-02,0.0015858975307255093,0.0
2008-04-03,0.0013253395816152428,0.0
2008-04-04,-0.0006291708756818739,0.0
2008-04-07,-0.001015591964263019,0.0
2008-04-08,-0.007381540601594615,0.0
2008-04-09,-0.015215447719476466,0.0
2008-04-10,0.004945614538685258,0.0
2008-04-11,-0.018268489332145164,0.0
2008-04-14,-0.0033058250911677106,0.0
2008-04-15,0.005190851977930986,0.0
2008-04-16,0.024562750187515733,0.0
2008-04-17,-0.0020498379606846877,0.0
2008-04-18,0.018029836455501075,0.0
2008-04-21,-0.0016130833015573188,0.0
2008-04-22,-0.014652118929927831,0.0
2008-04-23,0.0026867605565026815,0.0
2008-04-24,0.012481667050949689,0.0
2008-04-25,0.009556182066651367,0.0
2008-04-28,0.001194989383778692,0.0
2008-04-29,-0.003963960046720264,0.0
2008-04-30,-0.009528981206872972,0.0
2008-05-01,0.024395151749529553,0.06601022083223501
2008-05-02,0.0004654493116723745,0.0
2008-05-05,-0.007268226634617911,0.0
2008-05-06,0.007390078331190451,0.0
2008-05-07,-0.020783854770425284,0.0
2008-05-08,-0.0008366830703596877,0.0
2008-05-09,-0.004304624335317366,0.0
2008-05-12,0.016303407727852454,0.0
2008-05-13,-0.00021992693544654256,0.0
2008-05-14,0.009265555911746302,0.0
2008-05-15,0.010298127816942212,0.0
2008-05-16,-0.0037755230517390434,0.0
2008-05-19,0.0007163174633480276,0.0
2008-05-20,-0.010600485422243526,0.0
2008-05-21,-0.01917590888307367,0.0
2008-05-22,0.003917914696731952,0.0
2008-05-23,-0.014587113843783625,0.0
2008-05-27,0.010644783722297536,0.0
2008-05-28,0.00663996422123923,0.0
2008-05-29,0.009854017585642617,0.0
2008-05-30,0.0003405397453894902,0.0
2008-06-02,-0.012800993120662962,0.0515980004817305
2008-06-03,-0.0005023332724983211,0.0
2008-06-04,0.0015747935872855252,0.0
2008-06-05,0.01426263224878585,0.0
2008-06-06,-0.036831222699041904,0.0
2008-06-09,-0.0049340714766253225,0.0
2008-06-10,0.001676978364400137,0.0
2008-06-11,-0.024095397112475752,0.0
2008-06-12,0.010576392577171861,0.0
2008-06-13,0.018367710820992686,0.0
2008-06-16,0.0018782360921373756,0.0
2008-06-17,-0.010618962957961166,0.0
2008-06-18,-0.01172088819245016,0.0
2008-06-19,0.013622216498811218,0.0
2008-06-20,-0.023671418566492422,0.0
2008-06-23,-0.008352684711994199,0.0
2008-06-24,-0.004411370092369908,0.0
2008-06-25,0.01176637099610383,0.0
2008-06-26,-0.031415302281980806,0.0
2008-06-27,-0.0030989945268617074,0.0
2008-06-30,-0.0017161252533371952,0.0
2008-07-01,0.0030863283635504946,0.06514157755164311
2008-07-02,-0.019305875485713525,0.0
2008-07-03,0.00035255370780744896,0.0
2008-07-07,-0.00760817725523689,0.0
2008-07-08,0.03099741428046758,0.0
2008-07-09,-0.02736070937361148,0.0
2008-07-10,-0.0025494059780763532,0.0
2008-07-11,-0.01256721289710917,0.0
2008-07-14,-0.009674239956634582,0.0
2008-07-15,-0.0013503101864673606,0.0
2008-07-16,0.035741814024964215,0.0
2008-07-17,0.022112523693390784,0.0
2008-07-18,-0.003374356891511802,0.0
2008-07-21,-0.003309980293010647,0.0
2008-07-22,0.025461501996154032,0.0
2008-07-23,0.010802542599397166,0.0
2008-07-24,-0.030636881053039664,0.0
2008-07-25,0.0004946658088686502,0.0
2008-07-28,-0.01831706647913356,0.0
2008-07-29,0.03254608480310607,0.0
2008-07-30,0.006340230692495941,0.0
2008-07-31,-0.007616672803772623,0.0
2008-08-01,-0.0043481338585794616,0.10381671500992914
2008-08-04,-0.004915088088676954,0.0
2008-08-05,0.03453754107945659,0.0
2008-08-06,0.0036052157164512457,0.0
2008-08-07,-0.017923029785400335,0.0
2008-08-08,0.03479688397333983,0.0
2008-08-11,0.013680305920741844,0.0
2008-08-12,-0.015755581715680905,0.0
2008-08-13,-0.0070877725983460715,0.0
2008-08-14,0.01425340876774358,0.0
2008-08-15,0.007768011487800191,0.0
2008-08-18,-0.016412800686984672,0.0
2008-08-19,-0.017220432971832317,0.0
2008-08-20,-0.0007189026809656782,0.0
2008-08-21,-0.0009933971410644108,0.0
2008-08-22,0.017291772117342393,0.0
2008-08-25,-0.020596335769315386,0.0
2008-08-26,0.002210179837936715,0.0
2008-08-27,0.009422063039557293,0.0
2008-08-28,0.023948356459638553,0.0
2008-08-29,-0.011058416408202824,0.0
2008-09-02,0.004202809404515673,0.06582893391083039
2008-09-03,0.002600343263077607,0.0
2008-09-04,-0.029938943286446612,0.0
2008-09-05,0.004115384011768396,0.0
2008-09-08,0.029395121756736146,0.0
2008-09-09,-0.03149981462316014,0.0
2008-09-10,0.004920150019511955,0.0
2008-09-11,0.014071852750044123,0.0
2008-09-12,0.0014623861019334647,0.0
2008-09-15,-0.040534424790839255,0.0
2008-09-16,0.014554692970680131,0.0
2008-09-17,-0.05018324098192564,0.0
2008-09-18,0.05134683226079312,0.0
2008-09-19,0.02620196495365993,0.0
2008-09-22,-0.04748243655815219,0.0
2008-09-23,-0.010325424293921439,0.0
2008-09-24,-0.0017819729294463321,0.0
2008-09-25,0.01729282000214228,0.0
2008-09-26,0.004657145024371606,0.0
2008-09-29,-0.07501966599154107,0.0
2008-09-30,0.04077973662660876,0.0
2008-10-01,-0.00950555926766361,0.09518594574729732
2008-10-02,-0.050388318824948417,0.0
2008-10-03,-0.022210113481565614,0.0
2008-10-06,-0.03216996441818348,0.0
2008-10-07,-0.05347624460529522,0.0
2008-10-08,-0.01118710677091258,0.0
2008-10-09,-0.07709277613575356,0.0
2008-10-10,0.0017879128619545336,0.0
2008-10-13,0.10458384239808212,0.0
2008-10-14,-0.019171307580276936,0.0
2008-10-15,-0.09911446161743384,0.0
2008-10-16,0.04122928004237938,0.0
2008-10-17,-0.0017218205051776573,0.0
2008-10-20,0.03797906042589035,0.0
2008-10-21,-0.0352622804401763,0.0
2008-10-22,-0.06270488338760183,0.0
2008-10-23,-0.010431908720892,0.0
2008-10-24,-0.03435969543046606,0.0
2008-10-27,-0.03544490771476138,0.0
2008-10-28,0.10855468634524948,0.0
2008-10-29,-0.0030291285591704507,0.0
2008-10-30,0.031309551592228736,0.0
2008-10-31,0.02411227631148811,0.0
2008-11-03,-0.00348305670969995,0.13832605238518178
2008-11-04,0.04798853056911913,0.0
2008-11-05,-0.05805622359711799,0.0
2008-11-06,-0.05267395383329315,0.0
2008-11-07,0.029667964489844698,0.0
2008-11-10,-0.029245557636421695,0.0
2008-11-11,-0.02597334590446307,0.0
2008-11-12,-0.05675293589597803,0.0
2008-11-13,0.07320615523289112,0.0
2008-11-14,-0.04922866408531926,0.0
2008-11-17,-0.030886948499118154,0.0
2008-11-18,-0.004861182726993044,0.0
2008-11-19,-0.0744952266196327,0.0
2008-11-20,-0.06414186250224461,0.0
2008-11-21,0.060590445783598026,0.0
2008-11-24,0.08443348082680874,0.0
2008-11-25,0.014509939455391594,0.0
2008-11-26,0.045834577928075826,0.0
2008-11-28,0.010285256640410318,0.0
2008-12-01,-0.09552449390420692,0.1450285985340044
2008-12-02,0.04794279112425037,0.0
2008-12-03,0.04264150177301007,0.0
2008-12-04,-0.021771414907709168,0.0
2008-12-05,0.051421380879729486,0.0
2008-12-08,0.042887470377015804,0.0
2008-12-09,-0.029115010565142648,0.0
2008-12-10,0.020155405822223464,0.0
2008-12-11,-0.04765076177396975,0.0
2008-12-12,0.01614299394091748,0.0
2008-12-15,-0.0214115717500086,0.0
2008-12-16,0.07358413217864852,0.0
2008-12-17,0.0022439497553230882,0.0
2008-12-18,-0.021074033124196097,0.0
2008-12-19,0.007368809976209796,0.0
2008-12-22,-0.030129519513627877,0.0
2008-12-23,-0.008750889350819606,0.0
2008-12-24,0.004558941670678897,0.0
2008-12-26,0.005183239881962255,0.0
2008-12-29,-0.012619944236211603,0.0
2008-12-30,0.03510839325258253,0.0
2008-12-31,0.02367067547490093,0.0
2009-01-02,0.033231513903576815,0.12241493352885602
2009-01-05,0.00015141954958611107,0.0
2009-01-06,0.018476755401801992,0.0
2009-01-07,-0.035111623044414356,0.0
2009-01-08,0.008724738208123849,0.0
2009-01-09,-0.027721468516332184,0.0
2009-01-12,-0.031156514432292455,0.0
2009-01-13,0.004216093868392954,0.0
2009-01-14,-0.04333579385942387,0.0
2009-01-15,0.008776606502191133,0.0
2009-01-16,0.013193418592957232,0.0
2009-01-20,-0.06349662349832766,0.0
2009-01-21,0.04850373548912078,0.0
2009-01-22,-0.02385995450396225,0.0
2009-01-23,0.005059863594840343,0.0
2009-01-26,0.007101824522672672,0.0
2009-01-27,0.012160500267495936,0.0
2009-01-28,0.04520048156916612,0.0
2009-01-29,-0.0432635300553441,0.0
2009-01-30,-0.02798633629188512,0.0
2009-02-02,-0.004060317304933059,0.12022752381513967
2009-02-03,0.02019818771973211,0.0
2009-02-04,-0.00686968182103476,0.0
2009-02-05,0.01672616391765169,0.0
2009-02-06,0.03634756249837302,0.0
2009-02-09,-0.0016081099753692727,0.0
2009-02-10,-0.05659478119662403,0.0
2009-02-11,0.011181915064852669,0.0
2009-02-12,-0.00014631566753801764,0.0
2009-02-13,-0.013831353021424554,0.0
2009-02-17,-0.0514664907014762,0.0
2009-02-18,-0.0008396266401199878,0.0
2009-02-19,-0.01859110537430314,0.0
2009-02-20,-0.0034539878551119504,0.0
2009-02-23,-0.03863406363559525,0.0
2009-02-24,0.047569833388419046,0.0
2009-02-25,-0.016750742107933547,0.0
2009-02-26,-0.01950343026793566,0.0
2009-02-27,-0.021497927320559808,0.0
2009-03-02,-0.05381962583797961,0.12168864199321036
2009-03-03,-0.006633930188142133,0.0
2009-03-04,0.02964626501070315,0.0
2009-03-05,-0.051147057023300954,0.0
2009-03-06,-0.0006052580040254746,0.0
2009-03-09,-0.006913474656691168,0.0
2009-03-10,0.08298181209418533,0.0
2009-03-11,0.004531876693130713,0.0
2009-03-12,0.05137477556782883,0.0
2009-03-13,0.007793516729679475,0.0
2009-03-16,-0.009456054796923657,0.0
2009-03-17,0.04153398377444173,0.0
2009-03-18,0.03899199802284757,0.0
2009-03-19,-0.025492741415560564,0.0
2009-03-20,-0.03141233838559632,0.0
2009-03-23,0.08940370836922851,0.0
2009-03-24,-0.02206682235798995,0.0
2009-03-25,0.013396792112726059,0.0
2009-03-26,0.035465396243277617,0.0
2009-03-27,-0.02292090313506566,0.0
2009-03-30,-0.04819235684069607,0.0
2009-03-31,0.018313719290916266,0.0
2009-04-01,0.013815484876870565,0.11430895923467099
2009-04-02,0.04549852769367177,0.0
2009-04-03,0.020952272939354546,0.0
2009-04-06,-0.009153138816744063,0.0
2009-04-07,-0.032500448892652495,0.0
2009-04-08,0.017762640096153824,0.0
2009-04-09,0.05862633040770884,0.0
2009-04-13,0.005928281309114619,0.0
2009-04-14,-0.029640508838960723,0.0
2009-04-15,0.021018116230320048,0.0
2009-04-16,0.02264108454479854,0.0
2009-04-17,0.01381391778839084,0.0
2009-04-20,-0.059628591284604245,0.0
2009-04-21,0.030447944102536085,0.0
2009-04-22,0.00530280656131509,0.0
2009-04-23,0.013399885542019568,0.0
2009-04-24,0.028602060785900052,0.0
2009-04-27,-0.02216869486007212,0.0
2009-04-28,-0.003625955447264449,0.0
2009-04-29,0.030758384092965645,0.0
2009-04-30,0.004694754602550151,0.0
2009-05-01,-0.0017737881025140512,0.14288246617839415
2009-05-04,0.04002568364118615,0.0
2009-05-05,0.0017955292098275845,0.0
2009-05-06,0.014669025944718559,0.0
2009-05-07,-0.020588699742829772,0.0
2009-05-08,0.0287796680083033,0.0
2009-05-11,-0.027498053876899225,0.0
2009-05-12,-0.010094742302843749,0.0
2009-05-13,-0.03833534395711566,0.0
2009-05-14,0.014450525158029304,0.0
2009-05-15,-0.012264445543411235,0.0
2009-05-18,0.04031205432946109,0.0
2009-05-19,0.0007119555668279857,0.0
2009-05-20,-0.005838421909648961,0.0
2009-05-21,-0.018775380644241054,0.0
2009-05-22,0.0011272668209090842,0.0
2009-05-26,0.03486158529733471,0.0
2009-05-27,-0.02035634089348086,0.0
2009-05-28,0.010348912082558458,0.0
2009-05-29,0.017618050737682425,0.0
2009-06-01,0.03575537775581772,0.07267320375916811
2009-06-02,0.004269620224909281,0.0
2009-06-03,-0.01781155454828085,0.0
2009-06-04,0.011160829372209267,0.0
2009-06-05,-0.004752175642645495,0.0
2009-06-08,-0.0048891376249234056,0.0
2009-06-09,0.005663036749026527,0.0
2009-06-10,-0.004299787773943929,0.0
2009-06-11,0.0004570687642761078,0.0
2009-06-12,0.0014690433677251814,0.0
2009-06-15,-0.029050062818819757,0.0
2009-06-16,-0.015120869308288834,0.0
2009-06-17,-0.001622805239721042,0.0
2009-06-18,0.005920518482203546,0.0
2009-06-19,0.005691881563579169,0.0
2009-06-22,-0.03315575187849519,0.0
2009-06-23,0.0005482894432538907,0.0
2009-06-24,0.010849839819203877,0.0
2009-06-25,0.027416844695977934,0.0
2009-06-26,-0.00021777007688843035,0.0
2009-06-29,0.00914914685711962,0.0
2009-06-30,-0.007025268346548236,0.0
2009-07-01,0.005994888694562883,0.06830602710824334
2009-07-02,-0.036218787988608336,0.0
2009-07-06,0.002941301421591917,0.0
2009-07-07,-0.027575741826778438,0.0
2009-07-08,-0.0023341242575719186,0.0
2009-07-09,0.005831085673003281,0.0
2009-07-10,-0.0025686938115301217,0.0
2009-07-13,0.024661436496527012,0.0
2009-07-14,0.009801591787345063,0.0
2009-07-15,0.03501128768179659,0.0
2009-07-16,0.00915001819531503,0.0
2009-07-17,-0.0016793801423964192,0.0
2009-07-20,0.01677683523288169,0.0
2009-07-21,0.000689139582725413,0.0
2009-07-22,0.0049809562189315915,0.0
2009-07-23,0.03285348396066834,0.0
2009-07-24,0.005556205002436381,0.0
2009-07-27,0.00718717366587704,0.0
2009-07-28,-0.003998919538489845,0.0
2009-07-29,-0.0034778161956670406,0.0
2009-07-30,0.01413037574074668,0.0
2009-07-31,0.003519287028739967,0.0
2009-08-03,0.018901863599115165,0.091132792503739
2009-08-04,0.007812669142390758,0.0
2009-08-05,-0.0012213273212452914,0.0
2009-08-06,-0.004590331302713881,0.0
2009-08-07,0.024768824128955355,0.0
2009-08-10,-0.007105819815105063,0.0
2009-08-11,-0.01246973967771231,0.0
2009-08-12,0.014578042886911297,0.0
2009-08-13,0.004184926347036705,0.0
2009-08-14,-0.012038038986505885,0.0
2009-08-17,-0.027792640226894243,0.0
2009-08-18,0.013172421465025492,0.0
2009-08-19,0.005423745989861985,0.0
2009-08-20,0.014100446999242025,0.0
2009-08-21,0.02101666795885042,0.0
2009-08-24,-0.0036144378008448348,0.0
2009-08-25,0.00923084813031901,0.0
2009-08-26,-0.0010361325937636437,0.0
2009-08-27,0.005084297470201335,0.0
2009-08-28,0.00022397870187744928,0.0
2009-08-31,-0.01138305329053642,0.0
2009-09-01,-0.027477106057858025,0.06361185847246935
2009-09-02,-0.006255921376473948,0.0
2009-09-03,0.011102261743425657,0.0
2009-09-04,0.013666054383182604,0.0
2009-09-08,0.011738492507942795,0.0
2009-09-09,0.011081646924746055,0.0
2009-09-10,0.010074656705782137,0.0
2009-09-11,-0.0016017654571871096,0.0
2009-09-14,0.008892541418023326,0.0
2009-09-15,0.007451549926985089,0.0
2009-09-16,0.02065398552931383,0.0
2009-09-17,-0.0033432063671333255,0.0
2009-09-18,0.0035452620820352427,0.0
2009-09-21,-0.004628154606101198,0.0
2009-09-22,0.010491157582332756,0.0
2009-09-23,-0.014998373088816234,0.0
2009-09-24,-0.01504133826490185,0.0
2009-09-25,-0.00727469587144631,0.0
2009-09-28,0.022555114282577962,0.0
2009-09-29,0.0005170618004735669,0.0
2009-09-30,-0.003514516675333009,0.0
2009-10-01,-0.03032702491021111,0.06837246974079514
2009-10-02,-0.008824616674980388,0.0
2009-10-05,0.017693071330936803,0.0
2009-10-06,0.012515245553468779,0.0
2009-10-07,0.0012916756461019865,0.0
2009-10-08,0.013766276704233832,0.0
2009-10-09,0.005708024023549127,0.0
2009-10-12,0.002297308395142658,0.0
2009-10-13,-0.002961990258655977,0.0
2009-10-14,0.02206453604679129,0.0
2009-10-15,0.003966641901838812,0.0
2009-10-16,-0.007745490673550726,0.0
2009-10-19,0.012228047990536624,0.0
2009-10-20,-0.008607578294751204,0.0
2009-10-21,-0.010930700703933264,0.0
2009-10-22,0.016440744586181336,0.0
2009-10-23,-0.013722519542382659,0.0
2009-10-26,-0.010727199039361934,0.0
2009-10-27,-0.01219878554070987,0.0
2009-10-28,-0.029163201297184492,0.0
2009-10-29,0.02609329819919671,0.0
2009-10-30,-0.029333417896557912,0.0
2009-11-02,0.006197828859221266,0.06621611022169066
2009-11-03,0.008276215333751537,0.0
2009-11-04,-0.001644772997075284,0.0
2009-11-05,0.020670122225659473,0.0
2009-11-06,0.002101810195358584,0.0
2009-11-09,0.0270281431545737,0.0
2009-11-10,-0.005612505293465218,0.0
2009-11-11,0.007429430441301017,0.0
2009-11-12,-0.012270711125731498,0.0
2009-11-13,0.00649048098923823,0.0
2009-11-16,0.016678898465981175,0.0
2009-11-17,-0.003249894113514608,0.0
2009-11-18,0.001302019039117853,0.0
2009-11-19,-0.017454084502103603,0.0
2009-11-20,-0.005345566715659231,0.0
2009-11-23,0.012370344376181834,0.0
2009-11-24,-0.0021810353178690935,0.0
2009-11-25,0.0073414074730586785,0.0
2009-11-27,-0.01995665702319424,0.0
2009-11-30,0.004454932157138011,0.0
2009-12-01,0.013401207587638408,0.09666223405579803
2009-12-02,0.005939731761077351,0.0
2009-12-03,-0.009801693177032143,0.0
2009-12-04,0.0122618792614747,0.0
2009-12-07,-0.0033454191469964017,0.0
2009-12-08,-0.009053689451254922,0.0
2009-12-09,0.0013177875041133667,0.0
2009-12-10,0.006266503369630718,0.0
2009-12-11,0.007910634919239809,0.0
2009-12-14,0.012490291339599353,0.0
2009-12-15,-0.0051174050065414135,0.0
2009-12-16,0.005099332252497156,0.0
2009-12-17,-0.012548717279338345,0.0
2009-12-18,0.005640676574049763,0.01401600056255255
2009-12-21,0.010455776320237165,0.0
2009-12-22,0.004852819979352677,0.0
2009-12-23,0.0058175993997814255,0.0
2009-12-24,0.004741491468056532,0.0
2009-12-28,-0.0005706743850158167,0.0
2009-12-29,-0.0015126486310433527,0.0
2009-12-30,-5.452409510132636e-05,0.0
2009-12-31,-0.01190391184804086,0.0
2010-01-04,0.012886988903905383,0.06407442785753961
2010-01-05,0.003970066639897736,0.0
2010-01-06,0.002129121565158756,0.0
2010-01-07,0.0051733936831518616,0.0
2010-01-08,0.0035707772801501832,0.0
2010-01-11,0.004088574533960612,0.0
2010-01-12,-0.012102178071802857,0.0
2010-01-13,0.009988205076235795,0.0
2010-01-14,0.0008841631842714363,0.0
2010-01-15,-0.011634695137980482,0.0
2010-01-19,0.013753005978324781,0.0
2010-01-20,-0.01237322532798088,0.0
2010-01-21,-0.019795509263619882,0.0
2010-01-22,-0.021907898578392575,0.0
2010-01-25,0.00394154731782923,0.0
2010-01-26,-0.003481948422951184,0.0
2010-01-27,0.004880576176491161,0.0
2010-01-28,-0.01211203164013451,0.0
2010-01-29,-0.007591086194811464,0.0
2010-02-01,0.01281556317857424,0.05861848431985956
2010-02-02,0.01533704943977607,0.0
2010-02-03,-0.008525952161932169,0.0
2010-02-04,-0.03297184597021337,0.0
2010-02-05,0.0007779892599463132,0.0
2010-02-08,-0.006531977476485111,0.0
2010-02-09,0.01356732544303406,0.0
2010-02-10,-0.002722281301365162,0.0
2010-02-11,0.010502352824527574,0.0
2010-02-12,-0.0005382037612230712,0.0
2010-02-16,0.020026437130108175,0.0
2010-02-17,0.004694765693659989,0.0
2010-02-18,0.004978716922700346,0.0
2010-02-19,0.004272409236080018,0.0
2010-02-22,-0.002877609069648849,0.0
2010-02-23,-0.011620053202870748,0.0
2010-02-24,0.009617444799948978,0.0
2010-02-25,0.0009285495242570281,0.0
2010-02-26,0.0004213240774496805,0.0
2010-03-01,0.013584115657186535,0.04403077780672576
2010-03-02,0.0034473491720443446,0.0
2010-03-03,5.1856567233145355e-05,0.0
2010-03-04,0.004685416717720766,0.0
2010-03-05,0.01628197584721129,0.0
2010-03-08,-4.9624076014208286e-05,0.0
2010-03-09,0.0021351544979193275,0.0
2010-03-10,0.004556835097042003,0.0
2010-03-11,0.0029105776682366268,0.0
2010-03-12,0.0018508792765085406,0.0
2010-03-15,-0.0012107472346452558,0.0
2010-03-16,0.010553038010500906,0.0
2010-03-17,0.00825933058119318,0.0
2010-03-18,-0.0010644967870226457,0.0
2010-03-19,-0.005780807169927694,0.0
2010-03-22,0.008449645470267997,0.0
2010-03-23,0.006232390399970774,0.0
2010-03-24,-0.00586084968361914,0.0
2010-03-25,-0.00219055439803632,0.0
2010-03-26,0.0019120819336297086,0.0
2010-03-29,0.007401137292633139,0.0
2010-03-30,0.00042504503824736836,0.0
2010-03-31,-0.005041504108362535,0.0
2010-04-01,0.008495150783797145,0.059585350514861614
2010-04-05,0.011197445784774529,0.0
2010-04-06,0.002483889392318872,0.0
2010-04-07,-0.0055875372975508104,0.0
2010-04-08,0.0029758986142269356,0.0
2010-04-09,0.008672469129923475,0.0
2010-04-12,-0.0008786826789883718,0.0
2010-04-13,0.00390815846500944,0.0
2010-04-14,0.01319877846916809,0.0
2010-04-15,0.0005237773454558847,0.0
2010-04-16,-0.015128774419819822,0.0
2010-04-19,0.001958546813466935,0.0
2010-04-20,0.012376699644143105,0.0
2010-04-21,0.0009800470386770236,0.0
2010-04-22,0.008979252073725531,0.0
2010-04-23,0.009079849738539224,0.0
2010-04-26,-0.003489921548361525,0.0
2010-04-27,-0.02525345106605801,0.0
2010-04-28,0.004769148863502307,0.0
2010-04-29,0.01742131690344994,0.0
2010-04-30,-0.018718401883704265,0.0
2010-05-03,0.01575818226391945,0.052159356364413614
2010-05-04,-0.02521165988171177,0.0
2010-05-05,-0.006830890605280682,0.0
2010-05-06,-0.029593411334381935,0.0
2010-05-07,-0.01995237354650305,0.0
2010-05-10,0.05075277467888561,0.0
2010-05-11,-0.0036785497681916107,0.0
2010-05-12,0.017268969901994887,0.0
2010-05-13,-0.01414402878160776,0.0
2010-05-14,-0.02043596137029759,0.0
2010-05-17,0.0032138549231397646,0.0
2010-05-18,-0.015477789856973515,0.0
2010-05-19,-0.005946717516356409,0.0
2010-05-20,-0.04056275655729459,0.0
2010-05-21,0.017165051034632037,0.0
2010-05-24,-0.012269788120420984,0.0
2010-05-25,0.0005162915999690021,0.0
2010-05-26,-0.0031839091907828803,0.0
2010-05-27,0.035406104247655557,0.0
2010-05-28,-0.010966774326437584,0.0
2010-06-01,-0.020020484050086718,0.049565098171097464
2010-06-02,0.026482051636431088,0.0
2010-06-03,0.005065622162368824,0.0
2010-06-04,-0.04083218984475657,0.0
2010-06-07,-0.015687033876348098,0.0
2010-06-08,0.00759279369754174,0.0
2010-06-09,-0.0011224095271392181,0.0
2010-06-10,0.03449446353909556,0.0
2010-06-11,0.005990276489000548,0.0
2010-06-14,0.0006362335673541334,0.0
2010-06-15,0.02639310047372167,0.0
2010-06-16,-0.0021040260857685083,0.0
2010-06-17,0.0006694959517918595,0.0
2010-06-18,-0.0002367010304916627,0.0
2010-06-21,-0.003793993035429641,0.0
2010-06-22,-0.01997604083985817,0.0
2010-06-23,-0.000837053157018771,0.0
2010-06-24,-0.01707007797903921,0.0
2010-06-25,0.009229884250523535,0.0
2010-06-28,-0.003674315635738136,0.0
2010-06-29,-0.034655979709976074,0.0
2010-06-30,-0.009698213517403785,0.0
2010-07-01,-0.0017175203106026826,0.0533183828208942
2010-07-02,-0.007217831680009124,0.0
2010-07-06,0.0009418205667232529,0.0
2010-07-07,0.03245813265144769,0.0
2010-07-08,0.009554011611854851,0.0
2010-07-09,0.008289391619775242,0.0
2010-07-12,-0.002891732483983848,0.0
2010-07-13,0.01913565836681376,0.0
2010-07-14,-0.0017643707875099708,0.0
2010-07-15,0.0007590354648656881,0.0
2010-07-16,-0.03303357737682958,0.0
2010-07-19,0.007598233434745344,0.0
2010-07-20,0.0171541639509118,0.0
2010-07-21,-0.014402798502006056,0.0
2010-07-22,0.026487305303977374,0.0
2010-07-23,0.01059018594348475,0.0
2010-07-26,0.015591434973720886,0.0
2010-07-27,-0.006975847685646391,0.0
2010-07-28,-0.006780271694526767,0.0
2010-07-29,-0.0049888645673664645,0.0
2010-07-30,0.0027718202647718897,0.0
2010-08-02,0.020291355888501172,0.05808370555662021
2010-08-03,-0.00660977908411833,0.0
2010-08-04,0.009360833065261441,0.0
2010-08-05,-0.0006377407077572126,0.0
2010-08-06,-0.004962858330975551,0.0
2010-08-09,0.008105650205635724,0.0
2010-08-10,-0.007623428162554762,0.0
2010-08-11,-0.02959621593735996,0.0
2010-08-12,-0.0037638729340009123,0.0
2010-08-13,-0.0031725257973005388,0.0
2010-08-16,0.00018264663724785628,0.0
2010-08-17,0.0166656374600554,0.0
2010-08-18,0.0016675547738601968,0.0
2010-08-19,-0.019002384568511388,0.0
2010-08-20,-0.0024642115044881214,0.0
2010-08-23,-0.0059130994212010304,0.0
2010-08-24,-0.015247082103145577,0.0
2010-08-25,0.005598896189053663,0.0
2010-08-26,-0.00840928145725399,0.0
2010-08-27,0.01985239389865831,0.0
2010-08-30,-0.016641473903713736,0.0
2010-08-31,0.00018204745185332666,0.0
2010-09-01,0.03250666709059025,0.04849323768316955
2010-09-02,0.013033993285793143,0.0
2010-09-03,0.01570475943689372,0.0
2010-09-07,-0.014013854412556124,0.0
2010-09-08,0.0055414432913988695,0.0
2010-09-09,0.003398228193081275,0.0
2010-09-10,0.004874804810282976,0.0
2010-09-13,0.01330595438203306,0.0
2010-09-14,-0.00041920466411513133,0.0
2010-09-15,0.004413665427065527,0.0
2010-09-16,-0.002666734498186875,0.0
2010-09-17,0.002683952618076961,0.0
2010-09-20,0.01770630662012014,0.0
2010-09-21,-0.005614296736978035,0.0
2010-09-22,-0.008051405792144029,0.0
2010-09-23,-0.010403372318166137,0.0
2010-09-24,0.025378067311651438,0.0
2010-09-27,-0.006291161058379704,0.0
2010-09-28,0.007861245429164287,0.0
2010-09-29,-0.0019335108564613825,0.0
2010-09-30,-0.0019169198296689748,0.0
2010-10-01,0.0025957119114423666,0.03705143342110441
2010-10-04,-0.007659887943770417,0.0
2010-10-05,0.022006763602037613,0.0
2010-10-06,-0.0032775853653571555,0.0
2010-10-07,-0.0021590380696588367,0.0
2010-10-08,0.008347355265301577,0.0
2010-10-11,0.0012917327298528373,0.0
2010-10-12,0.0025701794017587796,0.0
2010-10-13,0.00826824061728816,0.0
2010-10-14,-0.004124472761792364,0.0
2010-10-15,0.0032755035787681774,0.0
2010-10-18,0.004062205237147414,0.0
2010-10-19,-0.016639146988361168,0.0
2010-10-20,0.011846681784676825,0.0
2010-10-21,0.001882257120440886,0.0
2010-10-22,0.0029170455972423273,0.0
2010-10-25,0.004030226381265832,0.0
2010-10-26,-0.00017673453223397185,0.0
2010-10-27,-0.0021368467834555573,0.0
2010-10-28,-0.0015516787132497743,0.0
2010-10-29,0.0050886969632911744,0.0
2010-11-01,0.0007740143178498471,0.052243881354958166
2010-11-02,0.009077899892844427,0.0
2010-11-03,0.002046901991606902,0.0
2010-11-04,0.01984353276411102,0.0
2010-11-05,0.00453678587020845,0.0
2010-11-08,-0.002227434469329016,0.0
2010-11-09,-0.010210439023954465,0.0
2010-11-10,0.004465690727456317,0.0
2010-11-11,-0.00042053197053314574,0.0
2010-11-12,-0.013631300282483196,0.0
2010-11-15,-0.0013153500320404834,0.0
2010-11-16,-0.017872498663333614,0.0
2010-11-17,0.0033231045762317675,0.0
2010-11-18,0.0148758062499694,0.0
2010-11-19,0.005106590869199769,0.0
2010-11-22,0.0015882057828085082,0.0
2010-11-23,-0.011858495552279281,0.0
2010-11-24,0.020126027461003983,0.0
2010-11-26,-0.006284363345145791,0.0
2010-11-29,-0.0030070546194803224,0.0
2010-11-30,-0.004716061515819594,0.0
2010-12-01,0.021905006877764865,0.04679216958288525
2010-12-02,0.015135034159438107,0.0
2010-12-03,0.002737987866568839,0.0
2010-12-06,-0.0013350852474425356,0.0
2010-12-07,0.0029133537423798993,0.0
2010-12-08,0.0018957609101050623,0.0
2010-12-09,0.0016560323413520545,0.0
2010-12-10,0.006878044959159132,0.0
2010-12-13,-0.0016220399127287394,0.0
2010-12-14,0.0006640645338249388,0.0
2010-12-15,-0.0038617053278106653,0.0
2010-12-16,0.008396587197028169,0.0
2010-12-17,0.0022204731378659827,0.0
2010-12-20,0.002660315671448643,0.0075116121153550024
2010-12-21,0.00613916245499081,0.0
2010-12-22,0.001837168636433747,0.0
2010-12-23,-0.0032301606670414097,0.0
2010-12-27,0.0009101496388199501,0.0
2010-12-28,-0.001002479494538377,0.0
2010-12-29,0.001580766012549892,0.0
2010-12-30,-0.0008251085049298426,0.0
2010-12-31,-0.0014952824943342668,0.0
2011-01-03,0.009948647444422809,0.05459718991040935
2011-01-04,-0.00865182124318006,0.0
2011-01-05,0.004595155264544293,0.0
2011-01-06,-0.003018909840537128,0.0
2011-01-07,-0.0016377530410573247,0.0
2011-01-10,-0.00012970492912331313,0.0
2011-01-11,0.003157531745789417,0.0
2011-01-12,0.00969186407846192,0.0
2011-01-13,-0.0018682119854127636,0.0
2011-01-14,0.008364986761207326,0.0
2011-01-18,0.0032641041307913286,0.0
2011-01-19,-0.012956060986947172,0.0
2011-01-20,-0.0006885989084708551,0.0
2011-01-21,-0.0004532629850849726,0.0
2011-01-24,0.0069747555162998276,0.0
2011-01-25,0.0005667534585018759,0.0
2011-01-26,0.007423102592380788,0.0
2011-01-27,0.005542747752663877,0.0
2011-01-28,-0.021572140291425557,0.0
2011-01-31,0.007753344201002143,0.0
2011-02-01,0.014088583031856894,0.05787574874987439
2011-02-02,-0.0027557123203159092,0.0
2011-02-03,0.002886822041552377,0.0
2011-02-04,0.004495382619734441,0.0
2011-02-07,0.006959913824672764,0.0
2011-02-08,0.005181418852473733,0.0
2011-02-09,-0.00031998481221246226,0.0
2011-02-10,0.0015622206902595245,0.0
2011-02-11,0.006605513535777168,0.0
2011-02-14,0.0003206847891592268,0.0
2011-02-15,-0.003807701951707514,0.0
2011-02-16,0.008406941697784491,0.0
2011-02-17,0.003230099446483419,0.0
2011-02-18,0.0011451975177026947,0.0
2011-02-22,-0.024317934168645007,0.0
2011-02-23,-0.009789111390620088,0.0
2011-02-24,0.0012893557007828535,0.0
2011-02-25,0.013965709013868007,0.0
2011-02-28,0.0038314432667871214,0.0
2011-03-01,-0.01687041850793969,0.0447109472806094
2011-03-02,0.003496225050260045,0.0
2011-03-03,0.01862835118134499,0.0
2011-03-04,-0.00876787100394422,0.0
2011-03-07,-0.007557973925242387,0.0
2011-03-08,0.012104064010163205,0.0
2011-03-09,-0.0003422091837647619,0.0
2011-03-10,-0.017607491197751513,0.0
2011-03-11,0.007306422307018307,0.0
2011-03-14,-0.006686190877459387,0.0
2011-03-15,-0.010116158083849396,0.0
2011-03-16,-0.014090741507963333,0.0
2011-03-17,0.010915259619623648,0.0
2011-03-18,0.004619669951054409,0.0
2011-03-21,0.014539058475769855,0.0
2011-03-22,-0.00554710009286758,0.0
2011-03-23,0.0034821850600506915,0.0
2011-03-24,0.010130629734219148,0.0
2011-03-25,0.004611824629046781,0.0
2011-03-28,-0.005255963263948349,0.0
2011-03-29,0.009121281092178366,0.0
2011-03-30,0.008082975509235271,0.0
2011-03-31,0.00016653512332002438,0.0
2011-04-01,0.007747808022992908,0.0465370206777648
2011-04-04,0.00038277879152090813,0.0
2011-04-05,0.0005565934844306473,0.0
2011-04-06,0.0020575750517472647,0.0
2011-04-07,-0.003187394702904139,0.0
2011-04-08,-0.007395027200690784,0.0
2011-04-11,-0.0028419238107239573,0.0
2011-04-12,-0.005906653995085614,0.0
2011-04-13,0.0027230371845964876,0.0
2011-04-14,0.0009988472139916996,0.0
2011-04-15,0.006716598469002323,0.0
2011-04-18,-0.010461070883097312,0.0
2011-04-19,0.004855601991415377,0.0
2011-04-20,0.014549972605408964,0.0
2011-04-21,0.0037526903979159883,0.0
2011-04-25,-0.0020857288420623003,0.0
2011-04-26,0.008434549678424599,0.0
2011-04-27,0.005284773088111025,0.0
2011-04-28,0.002392691163676121,0.0
2011-04-29,0.0002520185228071588,0.0
2011-05-02,0.00011703048080780043,0.04175774007304221
2011-05-03,-0.006373295054112851,0.0
2011-05-04,-0.0051240579658328195,0.0
2011-05-05,-0.0031544803942174064,0.0
2011-05-06,0.004445826288223364,0.0
2011-05-09,0.004730672380233792,0.0
2011-05-10,0.00995210073986051,0.0
2011-05-11,-0.009934899983466087,0.0
2011-05-12,0.007015793305223129,0.0
2011-05-13,-0.008553663291066646,0.0
2011-05-16,-0.005975380370313096,0.0
2011-05-17,-0.0008117147161514751,0.0
2011-05-18,0.010442644232920375,0.0
2011-05-19,0.003031617632029793,0.0
2011-05-20,-0.007326741203112905,0.0
2011-05-23,-0.012300593406050282,0.0
2011-05-24,-0.0022224090741596917,0.0
2011-05-25,0.002386679014600429,0.0
2011-05-26,0.005185688161799133,0.0
2011-05-27,0.004014951508572666,0.0
2011-05-31,0.009286500099810382,0.0
2011-06-01,-0.02372100984175951,0.04031423614818367
2011-06-02,-0.0012667796161317233,0.0
2011-06-03,-0.01293589615424003,0.0
2011-06-06,-0.010874097311871896,0.0
2011-06-07,0.0015347658700245288,0.0
2011-06-08,-0.007893625834170304,0.0
2011-06-09,0.007521519271597329,0.0
2011-06-10,-0.014642161607081507,0.0
2011-06-13,-0.0009423048321691505,0.0
2011-06-14,0.01483639227772788,0.0
2011-06-15,-0.01672415932474131,0.0
2011-06-16,0.002036340672263297,0.0
2011-06-17,0.005693319417380431,0.0
2011-06-20,0.00827356384900406,0.0
2011-06-21,0.015320343560824026,0.0
2011-06-22,-0.006631205129307031,0.0
2011-06-23,-0.0019368390395899065,0.0
2011-06-24,-0.009919946999955305,0.0
2011-06-27,0.00854350082043909,0.0
2011-06-28,0.016007878589494304,0.0
2011-06-29,0.008852501921925621,0.0
2011-06-30,0.008164378988915064,0.0
2011-07-01,0.01594783513110687,0.03231987154133431
2011-07-05,-0.0035272229015636883,0.0
2011-07-06,0.0013745899164239494,0.0
2011-07-07,0.01251827825559434,0.0
2011-07-08,-0.008355376940718636,0.0
2011-07-11,-0.020598088399821763,0.0
2011-07-12,-0.005089109798457625,0.0
2011-07-13,0.0008751154898324703,0.0
2011-07-14,-0.009841078816410428,0.0
2011-07-15,0.005656462072953441,0.0
2011-07-18,-0.012022773019739596,0.0
2011-07-19,0.01666193774064334,0.0
2011-07-20,-0.0009398300197085807,0.0
2011-07-21,0.015170955164905898,0.0
2011-07-22,0.0006285659364863398,0.0
2011-07-25,-0.004950433593805405,0.0
2011-07-26,-0.005480762607014239,0.0
2011-07-27,-0.021663894232916727,0.0
2011-07-28,-0.005296526563789799,0.0
2011-07-29,-0.004330980417681932,0.0
2011-08-01,-0.007563069472033113,0.052716581950782826
2011-08-02,-0.030895466110462497,0.0
2011-08-03,0.006695203998674265,0.0
2011-08-04,-0.049697253762617716,0.0
2011-08-05,-0.000997213597271846,0.0
2011-08-08,-0.07037091491148305,0.0
2011-08-09,0.04930858052440011,0.0
2011-08-10,-0.04090277528520271,0.0
2011-08-11,0.05011600709405133,0.0
2011-08-12,0.006586642223470612,0.0
2011-08-15,0.02094084164898538,0.0
2011-08-16,-0.011088919546010892,0.0
2011-08-17,-0.001987269304556116,0.0
2011-08-18,-0.0479753372537228,0.0
2011-08-19,-0.012056219943247279,0.0
2011-08-22,0.003191542342285269,0.0
2011-08-23,0.03670248897556603,0.0
2011-08-24,0.013985225500857023,0.0
2011-08-25,-0.018581202563697025,0.0
2011-08-26,0.01797200362966873,0.0
2011-08-29,0.03271770700154095,0.0
2011-08-30,0.006021934492994638,0.0
2011-08-31,0.006385172781022554,0.0
2011-09-01,-0.012397186378889757,0.06514347481447605
2011-09-02,-0.02900306266882953,0.0
2011-09-06,-0.008566867643924201,0.0
2011-09-07,0.03495202921329399,0.0
2011-09-08,-0.013788587998665804,0.0
2011-09-09,-0.027509792701470213,0.0
2011-09-12,0.005142366365670201,0.0
2011-09-13,0.014096935151556333,0.0
2011-09-14,0.01606754417452213,0.0
2011-09-15,0.016296248168931545,0.0
2011-09-16,0.004366593674269577,0.0
2011-09-19,-0.012452288507833139,0.0
2011-09-20,-0.003758420806369156,0.0
2011-09-21,-0.03305234951761896,0.0
2011-09-22,-0.03227819072899575,0.0
2011-09-23,0.008501571661269455,0.0
2011-09-26,0.020455614619099532,0.0
2011-09-27,0.013605637772142024,0.0
2011-09-28,-0.024983043716484188,0.0
2011-09-29,0.009479318108416023,0.0
2011-09-30,-0.029926239243624114,0.0
2011-10-03,-0.03283242003799414,0.06781173808913304
2011-10-04,0.0296474577890319,0.0
2011-10-05,0.02138449393252454,0.0
2011-10-06,0.022033478733733798,0.0
2011-10-07,-0.011898626527671118,0.0
2011-10-10,0.0363140214882575,0.0
2011-10-11,-0.0008109327563023817,0.0
2011-10-12,0.011797689347195415,0.0
2011-10-13,-0.0035858609799059925,0.0
2011-10-14,0.01653712164446175,0.0
2011-10-17,-0.022181076743916325,0.0
2011-10-18,0.02269570094824032,0.0
2011-10-19,-0.014635226010703333,0.0
2011-10-20,0.007739606374500919,0.0
2011-10-21,0.026128368581746518,0.0
2011-10-24,0.01911220152328328,0.0
2011-10-25,-0.024611750302851745,0.0
2011-10-26,0.012486839023450814,0.0
2011-10-27,0.041750625525085294,0.0
2011-10-28,0.0027468645943903797,0.0
2011-10-31,-0.026592432118917417,0.0
2011-11-01,-0.029766569316487468,0.07815320256767663
2011-11-02,0.017752675968168485,0.0
2011-11-03,0.01961032942093443,0.0
2011-11-04,-0.005475116182092824,0.0
2011-11-07,0.004083644974328813,0.0
2011-11-08,0.011408375126646688,0.0
2011-11-09,-0.039985403100119644,0.0
2011-11-10,0.008921030289031368,0.0
2011-11-11,0.02214422230663371,0.0
2011-11-14,-0.010922866226351633,0.0
2011-11-15,0.005941477817701064,0.0
2011-11-16,-0.017048424973568777,0.0
2011-11-17,-0.01846446006791906,0.0
2011-11-18,0.001539346274550588,0.0
2011-11-21,-0.01865863806259388,0.0
2011-11-22,-0.004686370383288993,0.0
2011-11-23,-0.022114735025702555,0.0
2011-11-25,-0.0012554356258224538,0.0
2011-11-28,0.03054007606398905,0.0
2011-11-29,0.0008032134401293667,0.0
2011-11-30,0.043952939034040066,0.0
2011-12-01,-0.0026400623193506556,0.0421588794057158
2011-12-02,-0.0006447194023824918,0.0
2011-12-05,0.012140335526772615,0.0
2011-12-06,-0.0006195010504579685,0.0
2011-12-07,0.0016124681102414494,0.0
2011-12-08,-0.0239125189253472,0.0
2011-12-09,0.019371680842195853,0.0
2011-12-12,-0.016150420266496074,0.0
2011-12-13,-0.013041615829897301,0.0
2011-12-14,-0.010605689211185126,0.0
2011-12-15,0.0070087191703678275,0.007826655139767876
2011-12-16,0.004195218548450576,0.0
2011-12-19,-0.012850282899697058,0.0
2011-12-20,0.03292111422985768,0.0
2011-12-21,0.0036824794886548625,0.0
2011-12-22,0.00970278078014052,0.0
2011-12-23,0.007080472792897299,0.0
2011-12-27,0.0006723889293581216,0.0
2011-12-28,-0.013011069324328262,0.0
2011-12-29,0.011932259001364782,0.0
2011-12-30,-0.004606284706886136,0.0
2012-01-03,0.010862044958296568,0.0522255923407696
2012-01-04,-0.002138925413594719,0.0
2012-01-05,0.0055416867880495775,0.0
2012-01-06,-0.002218273407907958,0.0
2012-01-09,0.0024985804745996,0.0
2012-01-10,0.012980415259084499,0.0
2012-01-11,0.0023523848024818964,0.0
2012-01-12,0.004429087928459946,0.0
2012-01-13,-0.006048334050224343,0.0
2012-01-17,0.0027412469319703166,0.0
2012-01-18,0.014750221391714061,0.0
2012-01-19,0.00732922373053475,0.0
2012-01-20,-0.0011533597206250168,0.0
2012-01-23,0.0003668691600490968,0.0
2012-01-24,0.004697133191088042,0.0
2012-01-25,0.009928993786055803,0.0
2012-01-26,-0.0041500238569331495,0.0
2012-01-27,0.0012952004608113492,0.0
2012-01-30,-0.006708216397760399,0.0
2012-01-31,0.0004758000973790831,0.0
2012-02-01,0.011331204686106267,0.057639576695856676
2012-02-02,0.0021318531262410536,0.0
2012-02-03,0.016852274609374704,0.0
2012-02-06,-0.0012973262691976274,0.0
2012-02-07,0.001126966336019011,0.0
2012-02-08,0.0014208224088821321,0.0
2012-02-09,0.0020053207420833905,0.0
2012-02-10,-0.007703501070141181,0.0
2012-02-13,0.006620568879124199,0.0
2012-02-14,-0.002415193998774082,0.0
2012-02-15,-0.005872540229858565,0.0
2012-02-16,0.011111531146188871,0.0
2012-02-17,0.0011172124259251266,0.0
2012-02-21,-0.0038142170792870673,0.0
2012-02-22,-0.003405273099503208,0.0
2012-02-23,0.004401432301131039,0.0
2012-02-24,0.00018571080760297758,0.0
2012-02-27,0.0006285436863174564,0.0
2012-02-28,0.0006743412890427814,0.0
2012-02-29,-0.004587575582863889,0.0
2012-03-01,0.0059178224842504346,0.04520333820874804
2012-03-02,-0.005175706885781439,0.0
2012-03-05,-0.004119626081726309,0.0
2012-03-06,-0.01670317334965387,0.0
2012-03-07,0.008276609157910397,0.0
2012-03-08,0.011557800006524399,0.0
2012-03-09,0.005642243726924318,0.0
2012-03-12,-0.0009616608971199604,0.0
2012-03-13,0.019113436525070113,0.0
2012-03-14,-0.004204560892279345,0.0
2012-03-15,0.00763310922335092,0.0
2012-03-16,6.272209969266645e-05,0.0
2012-03-19,0.002078124457630384,0.0
2012-03-20,-0.004068100510763917,0.0
2012-03-21,-0.0003309869824832791,0.0
2012-03-22,-0.006078730987203711,0.0
2012-03-23,0.0023672870938937106,0.0
2012-03-26,0.014655117686581622,0.0
2012-03-27,-0.0015549051777874218,0.0
2012-03-28,-0.00726073830132346,0.0
2012-03-29,-0.0021821336718313685,0.0
2012-03-30,0.003868035061209302,0.0
2012-04-02,0.007017958982512118,0.0331966759622752
2012-04-03,-0.004145413778633661,0.0
2012-04-04,-0.010730117747549357,0.0
2012-04-05,-0.0013126625550275107,0.0
2012-04-09,-0.013651777813781824,0.0
2012-04-10,-0.019128986390103204,0.0
2012-04-11,0.009683081873576927,0.0
2012-04-12,0.015121113849558197,0.0
2012-04-13,-0.0106433415255779,0.0
2012-04-16,-0.00011972566652029078,0.0
2012-04-17,0.015664942771360334,0.0
2012-04-18,-0.004071831912958519,0.0
2012-04-19,-0.0023308963353802854,0.0
2012-04-20,0.0020311165448051696,0.0
2012-04-23,-0.010637929046831958,0.0
2012-04-24,0.005047661810200317,0.0
2012-04-25,0.012295424925578563,0.0
2012-04-26,0.006625016381666526,0.0
2012-04-27,0.004768440667479358,0.0
2012-04-30,-0.003523230769771712,0.0
2012-05-01,0.004566679100973969,0.06347037231031087
2012-05-02,-0.0014778931640466674,0.0
2012-05-03,-0.010030107191725542,0.0
2012-05-04,-0.015686621953057756,0.0
2012-05-07,-0.0012731124956091816,0.0
2012-05-08,-0.003799337062132746,0.0
2012-05-09,-0.005772713545647582,0.0
2012-05-10,0.0016751255420167652,0.0
2012-05-11,-0.0005625020999784861,0.0
2012-05-14,-0.011646726634656492,0.0
2012-05-15,-0.005059426494617847,0.0
2012-05-16,-0.0048340250722428355,0.0
2012-05-17,-0.02036723482813569,0.0
2012-05-18,-0.00928873700841315,0.0
2012-05-21,0.017753359747266002,0.0
2012-05-22,0.0005920942470372817,0.0
2012-05-23,0.004035158630462941,0.0
2012-05-24,0.0018928939308104917,0.0
2012-05-25,-0.00022819933933065846,0.0
2012-05-29,0.01123385626117319,0.0
2012-05-30,-0.01818505517044081,0.0
2012-05-31,-0.0028050671003959113,0.0
2012-06-01,-0.028257748896712065,0.06264220430054777
2012-06-04,-0.0011531747055737373,0.0
2012-06-05,0.009359603058342936,0.00695218155202302
2012-06-06,0.024623517725594738,0.0
2012-06-07,-0.0018430064142577205,0.0
2012-06-08,0.008546801842612464,0.0
2012-06-11,-0.015263927231035215,0.0
2012-06-12,0.01312519660324804,0.0
2012-06-13,-0.009495971983591464,0.0
2012-06-14,0.011144591711958942,0.0
2012-06-15,0.011498631707246031,0.0
2012-06-18,0.0035173577034651065,0.0
2012-06-19,0.011677085659617698,0.0
2012-06-20,-0.0025902212274683616,0.0
2012-06-21,-0.023877437848299713,0.0
2012-06-22,0.006124946765233803,0.0
2012-06-25,-0.016416497104053233,0.0
2012-06-26,0.004190318091633236,0.0
2012-06-27,0.0077165088762159145,0.0
2012-06-28,-0.0018297236071172108,0.0
2012-06-29,0.026752798692269163,0.0
2012-07-02,0.003274817505829253,0.04570040754706217
2012-07-03,0.007395290873285729,0.0
2012-07-05,-0.0018500743847129795,0.0
2012-07-06,-0.00999654818819987,0.0
2012-07-09,-0.0031035414629736295,0.0
2012-07-10,-0.00947282613373707,0.0
2012-07-11,-0.00022044872101915664,0.0
2012-07-12,-0.0036387896636841067,0.0
2012-07-13,0.015605266674214986,0.0
2012-07-16,-0.0019122985086177857,0.0
2012-07-17,0.007845165141777658,0.0
2012-07-18,0.00826856178145234,0.0
2012-07-19,0.003777221927001721,0.0
2012-07-20,-0.013291280763377041,0.0
2012-07-23,-0.00993437867603258,0.0
2012-07-24,-0.011153271289923286,0.0
2012-07-25,0.0010543822080225419,0.0
2012-07-26,0.020611293454531218,0.0
2012-07-27,0.0226396782501046,0.0
2012-07-30,-0.00239583210013048,0.0
2012-07-31,-0.007718121061298134,0.0
2012-08-01,-0.005096916673812513,0.06295198864337817
2012-08-02,-0.00537991945103599,0.0
2012-08-03,0.01969696410053854,0.0
2012-08-06,0.004934550256865525,0.0
2012-08-07,0.007530427882468906,0.0
2012-08-08,0.0015904752983639662,0.0
2012-08-09,0.00045987932468804994,0.0
2012-08-10,0.002220127724570836,0.0
2012-08-13,-0.0015557446372341465,0.0
2012-08-14,-0.0011053040732447099,0.0
2012-08-15,0.004288884967664025,0.0
2012-08-16,0.009628201696932532,0.0
2012-08-17,0.0028705475318573917,0.0
2012-08-20,-0.0014675388931634714,0.0
2012-08-21,-0.0015774734471848489,0.0
2012-08-22,-0.001565481229268129,0.0
2012-08-23,-0.007952329921591613,0.0
2012-08-24,0.005988401651948896,0.0
2012-08-27,-0.0015946198805539117,0.0
2012-08-28,-0.0008663965743300333,0.0
2012-08-29,0.0026073062689022895,0.0
2012-08-30,-0.008326846908288443,0.0
2012-08-31,0.004805822743332104,0.0
2012-09-04,-0.0011153224443097853,0.0406855888980202
2012-09-05,-0.0016893041681764775,0.0
2012-09-06,0.021982523138442952,0.0
2012-09-07,0.006274153087313279,0.0
2012-09-10,-0.003753950491332012,0.0
2012-09-11,0.003970928488684095,0.0
2012-09-12,0.0032705575953973325,0.0
2012-09-13,0.013839731865270582,0.0
2012-09-14,0.005613256019801992,0.0
2012-09-17,-0.006566329941051529,0.0
2012-09-18,-0.0027163174535659485,0.0
2012-09-19,0.002370434120296765,0.0
2012-09-20,-0.0022967845875043187,0.0
2012-09-21,-0.0004255729050914314,0.0
2012-09-24,-0.00147292677208272,0.0
2012-09-25,-0.01101455442978228,0.0
2012-09-26,-0.005351678420623635,0.0
2012-09-27,0.009358214863105507,0.0
2012-09-28,-0.0024713815207899072,0.0
2012-10-01,0.0020304740387242504,0.044529343319586856
2012-10-02,0.0018837643978393554,0.0
2012-10-03,0.004063714874187939,0.0
2012-10-04,0.00795908824656392,0.0
2012-10-05,0.0002752100423243002,0.0
2012-10-08,-0.0015978635205352054,0.0
2012-10-09,-0.011763027260738539,0.0
2012-10-10,-0.00788605143582549,0.0
2012-10-11,0.004468267895103367,0.0
2012-10-12,-0.002578517037859588,0.0
2012-10-15,0.008288238370613578,0.0
2012-10-16,0.011899536462491353,0.0
2012-10-17,0.005870260452519156,0.0
2012-10-18,-0.0003273591697800015,0.0
2012-10-19,-0.015425350135859226,0.0
2012-10-22,-0.0005583922263786076,0.0
2012-10-23,-0.009551498432981293,0.0
2012-10-24,-0.004397467657720665,0.0
2012-10-25,0.003804526615245469,0.0
2012-10-26,-0.0007036636263992911,0.0
2012-10-31,0.0002369215889561128,0.0
2012-11-01,0.014344502946005644,0.049450819026522444
2012-11-02,-0.009108987330717319,0.0
2012-11-05,0.0032419582498836646,0.0
2012-11-06,0.010821705602126454,0.0
2012-11-07,-0.01891927678555881,0.0
2012-11-08,-0.012651617664861631,0.0
2012-11-09,0.0005559822467824282,0.0
2012-11-12,0.0012207929285932824,0.0
2012-11-13,-0.002611579764333966,0.0
2012-11-14,-0.014020747497827342,0.0
2012-11-15,0.00010908128932257487,0.0
2012-11-16,0.006129140797457337,0.0
2012-11-19,0.01711172454914297,0.0
2012-11-20,0.0015174457636724632,0.0
2012-11-21,0.002327629711089254,0.0
2012-11-23,0.011870617650741502,0.0
2012-11-26,-0.003588247235974885,0.0
2012-11-27,-0.00429387904661812,0.0
2012-11-28,0.0075410809183639495,0.0
2012-11-29,0.003821862748211835,0.0
2012-11-30,-0.0003239060780300184,0.0
2012-12-03,-0.004814035818761275,0.04152776568997755
2012-12-04,0.000462074717803365,0.0
2012-12-05,0.003664168596304687,0.0
2012-12-06,0.004323036336541938,0.0
2012-12-07,0.0027382881589688786,0.0
2012-12-10,0.002648761257119378,0.0
2012-12-11,0.0045490062059889225,0.0
2012-12-12,0.001667516562336491,0.0
2012-12-13,-0.005305771310816479,0.0
2012-12-14,-0.001344668037254485,0.0
2012-12-17,0.011397920936918713,0.0
2012-12-18,0.011777738775998572,0.0
2012-12-19,-0.0046070518862229,0.0
2012-12-20,0.004613862375088812,0.0
2012-12-21,-0.007559541470926978,0.0
2012-12-24,-0.0023862044553606384,0.0
2012-12-26,-0.006927063864833464,0.0
2012-12-27,-0.00033354405226403724,0.0
2012-12-28,-0.010215381298084312,0.0
2012-12-31,0.0166111791074885,0.0
2013-01-02,0.02261191425022413,0.05659255833444152
2013-01-03,-4.590374640592852e-05,0.0
2013-01-04,0.008052051030091302,0.0
2013-01-07,-0.0036282864820889283,0.0
2013-01-08,-0.002391477670230696,0.0
2013-01-09,0.005749170929320735,0.0
2013-01-10,0.00589490565041295,0.0
2013-01-11,0.0001065355635806996,0.0
2013-01-14,0.0006641705151829347,0.0
2013-01-15,0.004440092016340392,0.0
2013-01-16,-0.002497240525830841,0.0
2013-01-17,0.007639589267841251,0.0
2013-01-18,0.0050511880598114525,0.0
2013-01-22,0.0056420202314747085,0.0
2013-01-23,-0.0020515756813108336,0.0
2013-01-24,0.005523601690183664,0.0
2013-01-25,0.0066465616714844146,0.0
2013-01-28,-0.0025044071958119514,0.0
2013-01-29,0.003991989622193606,0.0
2013-01-30,-0.002877448826133607,0.0
2013-01-31,-0.002407377423568978,0.0
2013-02-01,0.009021909665360539,0.03672394373627791
2013-02-04,-0.010319451240480504,0.0
2013-02-05,0.009132464692214091,0.0
2013-02-06,0.0023631750761862807,0.0
2013-02-07,-0.001073947543941752,0.0
2013-02-08,0.007461450602056781,0.0
2013-02-11,-0.00048064481082041874,0.0
2013-02-12,0.0036125288890719986,0.0
2013-02-13,0.0011961328054697845,0.0
2013-02-14,0.0013037012686216466,0.0
2013-02-15,0.00028999845173582087,0.0
2013-02-19,0.007920780161954542,0.0
2013-02-20,-0.014710371562544487,0.0
2013-02-21,-0.007510499947796833,0.0
2013-02-22,0.009834041125454053,0.0
2013-02-25,-0.01958116323658637,0.0
2013-02-26,0.005934565073576081,0.0
2013-02-27,0.014286555183141435,0.0
2013-02-28,0.0013152397533672672,0.0
2013-03-01,0.0022088896260747948,0.04159901804981937
2013-03-04,0.005644454032048187,0.0
2013-03-05,0.010249928335088032,0.0
2013-03-06,0.000995474823013248,0.0
2013-03-07,-0.00010562150544514789,0.0
2013-03-08,0.006561591955981451,0.0
2013-03-11,0.003186039983863997,0.0
2013-03-12,-0.0017004878111321394,0.0
2013-03-13,0.0028977213900376157,0.0
2013-03-14,0.005118444514561988,0.0
2013-03-15,-0.0026200702171805743,0.0
2013-03-18,-0.006163918894144646,0.0
2013-03-19,-0.0038253112634061112,0.0
2013-03-20,0.009158477574992992,0.0
2013-03-21,-0.009103711255656531,0.0
2013-03-22,0.00550765868132044,0.0
2013-03-25,-0.00359590593849097,0.0
2013-03-26,0.009146351618186752,0.0
2013-03-27,0.00043075969615281255,0.0
2013-03-28,0.007790524569665357,0.0
2013-04-01,-0.008027115001265961,0.031085993634055113
2013-04-02,0.0004191261700020719,0.0
2013-04-03,-0.011173336009010021,0.0
2013-04-04,0.005399951727947442,0.0
2013-04-05,-0.005724704997594044,0.0
2013-04-08,0.008651286015328462,0.0
2013-04-09,0.004058318747231086,0.0
2013-04-10,0.013052706505264255,0.0
2013-04-11,0.005320399170840981,0.0
2013-04-12,-0.003248492355302589,0.0
2013-04-15,-0.027034414699138642,0.0
2013-04-16,0.015200091433870258,0.0
2013-04-17,-0.014931516100103154,0.0
2013-04-18,-0.005289801999479721,0.0
2013-04-19,0.011439646842790006,0.0
2013-04-22,0.004277542024328009,0.0
2013-04-23,0.010208400558035399,0.0
2013-04-24,0.0006451677450162565,0.0
2013-04-25,0.009449587360845222,0.0
2013-04-26,-0.004963766023731111,0.0
2013-04-29,0.0067927042581588225,0.0
2013-04-30,0.002806846577456691,0.0
2013-05-01,-0.009915410557784221,0.04835362017987607
2013-05-02,0.010197714793015584,0.0
2013-05-03,0.012050724804422706,0.0
2013-05-06,0.0020407144765185663,0.0
2013-05-07,0.005668066259523144,0.0
2013-05-08,0.004105000504154144,0.0
2013-05-09,-0.0033874563480940515,0.0
2013-05-10,0.006287285615959867,0.0
2013-05-13,-0.0019867314625232283,0.0
2013-05-14,0.012880692250135928,0.0
2013-05-15,0.007076872420738494,0.0
2013-05-16,-0.0070831118684865045,0.0
2013-05-17,0.011942000103076039,0.0
2013-05-20,-0.0005803034986381356,0.0
2013-05-21,0.0018731054887320003,0.0
2013-05-22,-0.012258622446979579,0.0
2013-05-23,-0.003434068262248321,0.0
2013-05-24,-0.0021585064860782594,0.0
2013-05-28,0.006774777317452271,0.0
2013-05-29,-0.008163144003485208,0.0
2013-05-30,0.004036238779864132,0.0
2013-05-31,-0.011866095914410972,0.0
2013-06-03,0.0013252343099885433,0.05390949591169465
2013-06-04,-0.007822688452724224,0.0
2013-06-05,-0.013948150654743023,0.0
2013-06-06,0.01148396467315516,0.0
2013-06-07,0.013206718171784804,0.0
2013-06-10,-0.0011234479642286822,0.0
2013-06-11,-0.011688485564570663,0.0
2013-06-12,-0.010319103223208215,0.0
2013-06-13,0.019838664202553268,0.0
2013-06-14,-0.005140009627505165,0.0
2013-06-17,0.008508848074788276,0.0
2013-06-18,0.007814939218749234,0.0
2013-06-19,-0.01572293957716545,0.0
2013-06-20,-0.027363195811029098,0.0
2013-06-21,0.0016067976781106172,0.0
2013-06-24,-0.011164695168090828,0.0
2013-06-25,0.011779102588401612,0.0
2013-06-26,0.009632108075859949,0.0
2013-06-27,0.008480782599416394,0.0
2013-06-28,-0.003598814426650547,0.0
2013-07-01,0.006522086098434521,0.04774513000443808
2013-07-02,-0.0023782760389070754,0.0
2013-07-03,-0.00044320570358913493,0.0
2013-07-05,0.010251180709855014,0.0
2013-07-08,0.005592215142387872,0.0
2013-07-09,0.008019005809030715,0.0
2013-07-10,0.0019313792119082444,0.0
2013-07-11,0.015615503742584117,0.0
2013-07-12,0.003352655515264187,0.0
2013-07-15,0.002096241500870746,0.0
2013-07-16,-0.005603408457402042,0.0
2013-07-17,0.0017697081293862509,0.0
2013-07-18,0.0049331701714401995,0.0
2013-07-19,0.0022168239504952217,0.0
2013-07-22,0.002092810252732666,0.0
2013-07-23,-0.002522306849972028,0.0
2013-07-24,-0.0070087490965756415,0.0
2013-07-25,0.006392628557492808,0.0
2013-07-26,0.0009911738092042558,0.0
2013-07-29,-0.0035762742759943536,0.0
2013-07-30,0.00188829686615792,0.0
2013-07-31,0.001062391692304425,0.0
2013-08-01,0.015346494192485682,0.05820706746576857
2013-08-02,0.0006025129062370682,0.0
2013-08-05,-0.003050722900527527,0.0
2013-08-06,-0.006040419443408017,0.0
2013-08-07,-0.006193515378824106,0.0
2013-08-08,0.00593957337625739,0.0
2013-08-09,-0.0014093809013007573,0.0
2013-08-12,-0.001266757097928254,0.0
2013-08-13,0.001351184276517064,0.0
2013-08-14,-0.0052418755507497835,0.0
2013-08-15,-0.015346724662117815,0.0
2013-08-16,-0.005201457156188196,0.0
2013-08-19,-0.007239092287279886,0.0
2013-08-20,0.007901802736102536,0.0
2013-08-21,-0.0045519614533154965,0.0
2013-08-22,0.010709225716743685,0.0
2013-08-23,0.0022378675596876167,0.0
2013-08-26,-0.0031445421382257513,0.0
2013-08-27,-0.018321837100629384,0.0
2013-08-28,0.0021734335086593323,0.0
2013-08-29,0.002734304041198921,0.0
2013-08-30,-0.004106691785883426,0.0
2013-09-03,0.004382320869448897,0.031486870285604936
2013-09-04,0.009304497878249347,0.0
2013-09-05,0.0013616269973805992,0.0
2013-09-06,0.0004774360228764453,0.0
2013-09-09,0.012492557062287343,0.0
2013-09-10,0.009080153213360333,0.0
2013-09-11,0.003705550337918219,0.0
2013-09-12,-0.004905471242642186,0.0
2013-09-13,0.002958105989506161,0.0
2013-09-16,0.007126559975208206,0.0
2013-09-17,0.0029204396484074375,0.0
2013-09-18,0.014506460207417093,0.0
2013-09-19,-9.330643742531172e-05,0.0
2013-09-20,-0.008021700063850046,0.0
2013-09-23,-0.005830730520890216,0.0
2013-09-24,-0.0003810789921218,0.0
2013-09-25,-0.0027639966158428684,0.0
2013-09-26,0.0031227182273130963,0.0
2013-09-27,-0.004003475450729901,0.0
2013-09-30,-0.004131542516977043,0.0
2013-10-01,0.008421446335456828,0.032017510979224825
2013-10-02,-0.0003397558945710912,0.0
2013-10-03,-0.009428696020852119,0.0
2013-10-04,0.007569381139177727,0.0
2013-10-07,-0.01046698315863712,0.0
2013-10-08,-0.012502642136781466,0.0
2013-10-09,0.0002973994185264434,0.0
2013-10-10,0.022534141121346114,0.0
2013-10-11,0.007230197693838733,0.0
2013-10-14,0.0037821357469316128,0.0
2013-10-15,-0.009689207250615848,0.0
2013-10-16,0.013769818425868765,0.0
2013-10-17,0.008876283194631001,0.0
2013-10-18,0.006934247918633953,0.0
2013-10-21,0.00016394354123992235,0.0
2013-10-22,0.005450202551480984,0.0
2013-10-23,-0.005503389626654814,0.0
2013-10-24,0.00184004600429853,0.0
2013-10-25,0.004907580223592721,0.0
2013-10-28,-0.0003912260172447225,0.0
2013-10-29,0.006746895194749931,0.0
2013-10-30,-0.006269084094328291,0.0
2013-10-31,-0.003517023700995247,0.0
2013-11-01,0.003741240978530902,0.06076306219734882
2013-11-04,0.004442964378096718,0.0
2013-11-05,-0.004003601691555609,0.0
2013-11-06,0.003281055222441293,0.0
2013-11-07,-0.013725905604349435,0.0
2013-11-08,0.011161208489092,0.0
2013-11-11,0.002077995337130968,0.0
2013-11-12,-0.001372842404440851,0.0
2013-11-13,0.009602294989858139,0.0
2013-11-14,0.0064329947970331305,0.0
2013-11-15,0.0038795093958426865,0.0
2013-11-18,-0.004674711875713207,0.0
2013-11-19,-0.004189261646054956,0.0
2013-11-20,-0.003520215563422715,0.0
2013-11-21,0.00849571384879374,0.0
2013-11-22,0.004978156502569702,0.0
2013-11-25,-0.0004932206294360367,0.0
2013-11-26,0.00045172675630855404,0.0
2013-11-27,0.003449598325430835,0.0
2013-11-29,-0.001842799919458179,0.0
2013-12-02,-0.001899415508413549,0.03835339018542785
2013-12-03,-0.003206003732759935,0.0
2013-12-04,-0.0003869110256011286,0.0
2013-12-05,-0.0033980734397062156,0.0
2013-12-06,0.012188951281771467,0.0
2013-12-09,0.0009614912240747974,0.0
2013-12-10,-0.0026465508030404606,0.0
2013-12-11,-0.011991843953357636,0.0
2013-12-12,-0.0032271528189931724,0.0
2013-12-13,0.0016843903363289265,0.0
2013-12-16,0.006401732687468438,0.0
2013-12-17,-0.0005859536253745542,0.0
2013-12-18,0.016050140165098682,0.0
2013-12-19,-0.0025110379475617164,0.0
2013-12-20,0.007645500804597268,0.0
2013-12-23,0.0048248702560004545,0.0
2013-12-24,0.003414001803868438,0.0
2013-12-26,0.0034525277878543962,0.0
2013-12-27,-0.00048801262784412593,0.0
2013-12-30,0.0024148885225009596,0.0
2013-12-31,0.0032099760697995514,0.0
2014-01-02,-0.00921932102019185,0.044616131994189484
2014-01-03,0.0014685304883072054,0.0
2014-01-06,-0.004573266781084042,0.0
2014-01-07,0.0076856187159491576,0.0
2014-01-08,0.0010450180151849544,0.0
2014-01-09,0.0023887549472172494,0.0
2014-01-10,0.005138189922864245,0.0
2014-01-13,-0.014501633007459103,0.0
2014-01-14,0.011488931777473819,0.0
2014-01-15,0.003632498898182588,0.0
2014-01-16,-0.0002505275343403974,0.0
2014-01-17,-0.0034126551442551093,0.0
2014-01-21,0.0017473042184986292,0.0
2014-01-22,0.0018511626169098825,0.0
2014-01-23,-0.009904238008107209,0.0
2014-01-24,-0.022198710269146125,0.0
2014-01-27,-0.003713374504078196,0.0
2014-01-28,0.009748008159370204,0.0
2014-01-29,-0.009604618689149812,0.0
2014-01-30,0.01295450024934644,0.0
2014-01-31,-0.005215568802748788,0.0
2014-02-03,-0.02519189716271142,0.06494541168376683
2014-02-04,0.008508031909345643,0.0
2014-02-05,-0.003117745162579731,0.0
2014-02-06,0.01405951709516296,0.0
2014-02-07,0.011403979583119762,0.0
2014-02-10,0.0017117770128287854,0.0
2014-02-11,0.010303045601886135,0.0
2014-02-12,0.0007638993603357312,0.0
2014-02-13,0.005767938097689725,0.0
2014-02-14,0.005235284814728605,0.0
2014-02-18,0.002510714687903484,0.0
2014-02-19,-0.004729539115343783,0.0
2014-02-20,0.00660827138668144,0.0
2014-02-21,0.0014368898491379065,0.0
2014-02-24,0.00556288292301256,0.0
2014-02-25,-0.0007766164523253551,0.0
2014-02-26,0.0009718650164034139,0.0
2014-02-27,0.004693489370654573,0.0
2014-02-28,0.0034865705015556313,0.0
2014-03-03,-0.0072782851956691985,0.037222644590096755
2014-03-04,0.014822561304923598,0.0
2014-03-05,-0.000510745303457717,0.0
2014-03-06,0.0022480160313141746,0.0
2014-03-07,0.0003819844823877682,0.0
2014-03-10,-0.0017612147281156133,0.0
2014-03-11,-0.003828391136768065,0.0
2014-03-12,0.0009746153223414676,0.0
2014-03-13,-0.01176562821794545,0.0
2014-03-14,-0.0006936082607545951,0.0
2014-03-17,0.008142375613277797,0.0
2014-03-18,0.007475498984731332,0.0
2014-03-19,-0.006083104529851066,0.0
2014-03-20,0.004509018862431295,0.0
2014-03-21,-0.0013204909782624057,0.0
2014-03-24,-0.006653105531248639,0.0
2014-03-25,0.001024442745075844,0.0
2014-03-26,-0.007249809724878214,0.0
2014-03-27,-0.002439051343173355,0.0
2014-03-28,0.005366473326742426,0.0
2014-03-31,0.010287644674535107,0.0
2014-04-01,0.007707820614130556,0.035316359115815654
2014-04-02,0.004119399584429632,0.0
2014-04-03,-0.002847349089272414,0.0
2014-04-04,-0.012266399207338071,0.0
2014-04-07,-0.012769440832261364,0.0
2014-04-08,0.005224790776134171,0.0
2014-04-09,0.010394899904191856,0.0
2014-04-10,-0.02125061873810403,0.0
2014-04-11,-0.010865867219351148,0.0
2014-04-14,0.008511396326891074,0.0
2014-04-15,0.005961923945927603,0.0
2014-04-16,0.011027793196679216,0.0
2014-04-17,0.0010295291184104004,0.0
2014-04-21,0.003292434089560865,0.0
2014-04-22,0.004243917378964089,0.0
2014-04-23,-0.0007665138778824775,0.0
2014-04-24,0.0023259965315262747,0.0
2014-04-25,-0.009566297453180852,0.0
2014-04-28,0.001980856314563129,0.0
2014-04-29,0.0021684584920475215,0.0
2014-04-30,0.0051309453977541036,0.0
2014-05-01,0.00018485004427892804,0.04091032190330905
2014-05-02,-0.0004374037394826246,0.0
2014-05-05,-0.0001452849876125313,0.0
2014-05-06,-0.008423242480748385,0.0
2014-05-07,0.004881149552116382,0.00645235106182977
2014-05-08,-0.0024022039215904948,0.0
2014-05-09,0.0012814253824536032,0.0
2014-05-12,0.010430876887823008,0.0
2014-05-13,-0.0006456013295511945,0.0
2014-05-14,-0.004504092402826978,0.0
2014-05-15,-0.009205811157107505,0.0
2014-05-16,0.004198739833198516,0.0
2014-05-19,0.003333855251463068,0.0
2014-05-20,-0.008055937687430827,0.0
2014-05-21,0.007123867006406019,0.0
2014-05-22,0.002662957242400671,0.0
2014-05-23,0.0038896155181525126,0.0
2014-05-27,0.006819779882483818,0.0
2014-05-28,-0.0006119080730691638,0.0
2014-05-29,0.0050185829813903056,0.0
2014-05-30,0.0024290065723810914,0.0
2014-06-02,0.000993029970379311,0.03541510289885649
2014-06-03,-0.0003151539953895851,0.0
2014-06-04,0.003587703451167146,0.0
2014-06-05,0.0064011100053975555,0.0
2014-06-06,0.005099499828985526,0.0
2014-06-09,0.0021822529202857586,0.0
2014-06-10,-0.003135560782343681,0.0
2014-06-11,-0.0043100408107549755,0.0
2014-06-12,-0.006263991090237057,0.0
2014-06-13,0.0020449669945091188,0.0
2014-06-16,0.0013870163276875098,0.0
2014-06-17,0.0039548499770178346,0.0
2014-06-18,0.007690718632915761,0.0
2014-06-19,0.0010143002816725946,0.0
2014-06-20,0.0023544221173973584,0.0
2014-06-23,-0.0006840673878904728,0.0
2014-06-24,-0.006234635456801682,0.0
2014-06-25,0.001772721579266607,0.0
2014-06-26,0.0008778222035033248,0.0
2014-06-27,0.0015789231208391593,0.0
2014-06-30,0.0006784761793048098,0.0
2014-07-01,0.005856675912912612,0.04602666280039757
2014-07-02,-0.00015933834886086245,0.0
2014-07-03,0.005123507289345846,0.0
2014-07-07,-0.005013967658909822,0.0
2014-07-08,-0.006239846617076118,0.0
2014-07-09,0.0032151955028261936,0.0
2014-07-10,-0.005268671740583139,0.0
2014-07-11,0.0011007912270829712,0.0
2014-07-14,0.0028113575771388224,0.0
2014-07-15,-0.0024446102641267915,0.0
2014-07-16,0.0024543033555587557,0.0
2014-07-17,-0.012620599356872559,0.0
2014-07-18,0.010901982205091454,0.0
2014-07-21,-0.003620838994632264,0.0
2014-07-22,0.0052653828187058365,0.0
2014-07-23,0.0007096366834050275,0.0
2014-07-24,0.0022678493722711373,0.0
2014-07-25,-0.004545203617336481,0.0
2014-07-28,0.0012573489729906509,0.0
2014-07-29,-0.005079865430099435,0.0
2014-07-30,0.0021593607697648794,0.0
2014-07-31,-0.018142442494136282,0.0
2014-08-01,-0.001961488290164737,0.04541512566539602
2014-08-04,0.00695718525450147,0.0
2014-08-05,-0.008370260984410597,0.0
2014-08-06,0.0001100177267394919,0.0
2014-08-07,-0.004859378902491782,0.0
2014-08-08,0.012777415252757256,0.0
2014-08-11,0.0027701837422427146,0.0
2014-08-12,-0.002079002046085238,0.0
2014-08-13,0.0056994889952094625,0.0
2014-08-14,0.006415723998922873,0.005925655931739054
2014-08-15,0.0008627073881731118,0.0
2014-08-18,0.00996525242901666,0.0
2014-08-19,0.004411893429065613,0.0
2014-08-20,0.004013610516967687,0.0
2014-08-21,0.0018369316730733603,0.0
2014-08-22,-0.0025895607462263987,0.0
2014-08-25,0.005159476903232661,0.0
2014-08-26,-0.00021048815013705673,0.0
2014-08-27,-0.0004268259002139076,0.0
2014-08-28,-0.0006646899309282661,0.0
2014-08-29,0.0029276491127183035,0.0
2014-09-02,-0.0004305655911216455,0.03125091954370701
2014-09-03,0.0003827182226873179,0.0
2014-09-04,-0.0011679279410171544,0.0
2014-09-05,0.004813943489706814,0.0
2014-09-08,-0.0026196768959140986,0.0
2014-09-09,-0.0071811793387395245,0.0
2014-09-10,0.0016783284657074658,0.0
2014-09-11,0.0013072386783250455,0.0
2014-09-12,-0.006604003208243174,0.0
2014-09-15,-0.001767264937909655,0.0
2014-09-16,0.00646888805655882,0.0
2014-09-17,0.001373742319679786,0.0
2014-09-18,0.004493927306771775,0.0
2014-09-19,-0.001810207773897906,0.0
2014-09-22,-0.009737243112338985,0.0
2014-09-23,-0.006769850024559048,0.0
2014-09-24,0.006425079675256223,0.0
2014-09-25,-0.014574653207283867,0.0
2014-09-26,0.006719875740563643,0.0
2014-09-29,-0.0021787201091397453,0.0
2014-09-30,-0.0033335685377433215,0.0
2014-10-01,-0.01192019014673762,0.05669167943051294
2014-10-02,0.0027270852024213065,0.0
2014-10-03,0.011674263152678447,0.0
2014-10-06,-0.0022095582486725985,0.0
2014-10-07,-0.01605312159046626,0.0
2014-10-08,0.01877957109405065,0.0
2014-10-09,-0.021359022861580545,0.0
2014-10-10,-0.012225541914240894,0.0
2014-10-13,-0.017026327098813302,0.0
2014-10-14,0.007620214709237331,0.0
2014-10-15,-0.004318698553949725,0.0
2014-10-16,0.0035819009473199667,0.0
2014-10-17,0.010216988415246776,0.0
2014-10-20,0.010487855023612068,0.0
2014-10-21,0.021792961027090673,0.0
2014-10-22,-0.008470299082727539,0.0
2014-10-23,0.013950078212855665,0.0
2014-10-24,0.008375127914189928,0.0
2014-10-27,-0.0015363642696894437,0.0
2014-10-28,0.012038706518138865,0.0
2014-10-29,-0.0028708111895419486,0.0
2014-10-30,0.009395249346899361,0.0
2014-10-31,0.011727323132291361,0.0
2014-11-03,0.0004013782335268168,0.046235060826495866
2014-11-04,-0.002399459047647286,0.0
2014-11-05,0.00671114968578071,0.0
2014-11-06,0.00633054113162939,0.0
2014-11-07,0.0012167615797786767,0.0
2014-11-10,0.004235939760610914,0.0
2014-11-11,0.0015369548230474979,0.0
2014-11-12,-0.0005222009991197529,0.0
2014-11-13,-0.0026029888038174827,0.0
2014-11-14,-0.0011317230233615259,0.0
2014-11-17,0.00208781966820161,0.0
2014-11-18,0.005859246293509074,0.0
2014-11-19,-0.0010426304158516148,0.0
2014-11-20,0.0024657475990764507,0.0
2014-11-21,0.005421101330034053,0.0
2014-11-24,0.003608229239705864,0.0
2014-11-25,-0.0010048029330452049,0.0
2014-11-26,0.0024345884406032337,0.0
2014-11-28,0.001635489897302373,0.0
2014-12-01,-0.008517042399067587,0.03492568504197225
2014-12-02,0.0073250665434343295,0.0
2014-12-03,0.005701724172969028,0.0
2014-12-04,-0.00220176764818664,0.0
2014-12-05,0.000705792481522163,0.0
2014-12-08,-0.00723657655636911,0.0
2014-12-09,0.001345878710661031,0.0
2014-12-10,-0.017141490840476514,0.0
2014-12-11,0.005793330496354415,0.0
2014-12-12,-0.01557218400157654,0.0
2014-12-15,-0.004749131947929351,0.0
2014-12-16,-0.007362805731334858,0.0
2014-12-17,0.02025163424322539,0.0
2014-12-18,0.023177496346671822,0.0
2014-12-19,0.0043456732692113585,0.0
2014-12-22,0.0026750524113460837,0.0
2014-12-23,0.0023167381690374993,0.0
2014-12-24,0.0009718651088457803,0.0
2015-01-08,0.01637262264038375,0.0480259296241293
2015-01-09,-0.008667453368190041,0.0
2015-01-12,-0.008652319227241072,0.0
2015-01-13,-0.0031486803614821125,0.0
2015-01-14,-0.004885450551148758,0.0
2015-01-15,-0.009642578956817024,0.0
2015-01-16,0.01362192735868624,0.0
2015-01-20,0.00042525068621744366,0.0
2015-01-21,0.005812205988368035,0.0
2015-01-22,0.013236521828176508,0.0
2015-01-23,-0.0040801108607315985,0.0
2015-01-26,0.003998256258440476,0.0
2015-01-27,-0.00927628569298868,0.0
2015-01-28,-0.013453901413617422,0.0
2015-01-29,0.01085519267129477,0.0
2015-01-30,-0.013536972357034266,0.0
2015-02-02,0.01180069499251557,0.03809913130715653
2015-02-03,0.01684772613658748,0.0
2015-02-04,-0.006008815487368729,0.0
2015-02-05,0.012460837622556781,0.0
2015-02-06,-0.003298981942115388,0.0
2015-02-09,-0.004412785133904984,0.0
2015-02-10,0.012308655968368554,0.0
2015-02-11,-0.0002517885565547343,0.0
2015-02-12,0.009698789140385668,0.0
2015-02-13,0.0021168407098804453,0.0
2015-02-17,0.001775931979305639,0.0
2015-02-18,0.0013615699999680363,0.0
2015-02-19,-0.00020763676927905948,0.0
2015-02-20,0.006612353456315889,0.0
2015-02-23,-0.0006241661473034163,0.0
2015-02-24,0.001868693244665689,0.0
2015-02-25,0.001691736140082312,0.0
2015-02-26,-0.0017558396028596883,0.0
2015-02-27,-0.0026051533139089997,0.0
2015-03-02,0.006389627805127196,0.06055244346401062
2015-03-03,-0.004778589398492385,0.0
2015-03-04,-0.005937434219719911,0.0
2015-03-05,0.002723344507240146,0.0
2015-03-06,-0.016066342710978322,0.0
2015-03-09,0.0044610877447059626,0.0
2015-03-10,-0.015397183401398541,0.0
2015-03-11,-0.000706230439245842,0.0
2015-03-12,0.014479747475003206,0.0
2015-03-13,-0.0067191157633036055,0.0
2015-03-16,0.014793954942394466,0.0
2015-03-17,-0.003386915966151175,0.0
2015-03-18,0.012850352131693783,0.0
2015-03-19,-0.0036862916699810884,0.0
2015-03-20,0.009904568161859716,0.0
2015-03-23,-0.002218943415246609,0.0
2015-03-24,-0.005499396643708983,0.0
2015-03-25,-0.01306143430262945,0.0
2015-03-26,-0.0023033445138387963,0.0
2015-03-27,0.003864317531548236,0.0
2015-03-30,0.01153605867180561,0.0
2015-03-31,-0.006850125443706115,0.0
2015-04-01,-0.004226633884009123,0.03624866127033555
2015-04-02,0.0024810444527923947,0.0
2015-04-06,0.005673524938642727,0.0
2015-04-07,-0.004224829428836068,0.0
2015-04-08,0.004833039913438513,0.0
2015-04-09,0.0028610955542426658,0.0
2015-04-10,0.0037924727812100956,0.0
2015-04-13,-0.005680997353326952,0.0
2015-04-14,0.0007823918870524373,0.0
2015-04-15,0.005038586419405081,0.0
2015-04-16,-0.0001076991769742149,0.0
2015-04-17,-0.010221308333292947,0.0
2015-04-20,0.009731078281526442,0.0
2015-04-21,0.0004408101889319886,0.0
2015-04-22,0.004081926458954875,0.0
2015-04-23,0.0025822603238117,0.0
2015-04-24,0.00031243792773445376,0.0
2015-04-27,-0.007039957186592876,0.0
2015-04-28,0.00188453110459681,0.0
2015-04-29,-0.00623407093687924,0.0
2015-04-30,-0.010048904961552502,0.0
2015-05-01,0.010702076632739477,0.0560542373606639
2015-05-04,0.0031854835636320944,0.0
2015-05-05,-0.012463406412305228,0.0
2015-05-06,-0.0037734076796548067,0.0
2015-05-07,0.006070646463790684,0.0
2015-05-08,0.012915901540104725,0.0
2015-05-11,-0.0024457013447872497,0.0
2015-05-12,-0.0044659817954135275,0.0
2015-05-13,-0.0011870903898422247,0.0
2015-05-14,0.009820703787054071,0.0
2015-05-15,0.0011685049374363658,0.0
2015-05-18,0.003132828275734487,0.0
2015-05-19,-0.00032185608749921515,0.0
2015-05-20,-0.0006897702681893849,0.0
2015-05-21,0.001602027985166787,0.0
2015-05-22,-0.0019177631481578925,0.0
2015-05-26,-0.011351820084995058,0.0
2015-05-27,0.008509424884649019,0.0
2015-05-28,-0.0010894231925838293,0.0
2015-05-29,-0.007189658503736941,0.0
2015-06-01,0.0019654306649077302,0.03644474358151198
2015-06-02,-0.0009063235734297877,0.0
2015-06-03,0.0028052944500102745,0.0
2015-06-04,-0.008256644633374277,0.0
2015-06-05,-0.0006987645078771562,0.0
2015-06-08,-0.006900792548410797,0.0
2015-06-09,1.214457781402537e-05,0.0
2015-06-10,0.010673635846295125,0.0
2015-06-11,0.0038453233563957713,0.0
2015-06-12,-0.006393792263139762,0.0
2015-06-15,-0.005014831074999694,0.0
2015-06-16,0.005363294662771679,0.0
2015-06-17,0.003464096919464436,0.0
2015-06-18,0.011727373019976936,0.0
2015-06-19,-0.0038995452973708848,0.0
2015-06-22,0.004609417891399346,0.0
2015-06-23,-0.0013761099692064587,0.0
2015-06-24,-0.007387761669432699,0.0
2015-06-25,-0.002772834527749587,0.0
2015-06-26,0.0006410370435998334,0.0
2015-06-29,-0.02191546924272182,0.0
2015-06-30,0.003767197889507026,0.0
2015-07-01,0.007302191243854228,0.03723548812977356
2015-07-02,-0.0003844776963732985,0.0
2015-07-06,-0.004665229656914405,0.006010814747180968
2015-07-07,0.008209647540911247,0.005985050139332627
2015-07-08,-0.018346358485131106,0.0
2015-07-09,0.0017463782234201563,0.0
2015-07-10,0.011218182615812963,0.0
2015-07-13,0.011970458234153238,0.0
2015-07-14,0.00398264530072055,0.0
2015-07-15,-0.0026929126207759706,0.0
2015-07-16,0.006479929562440873,0.0
2015-07-17,-0.002042911282354789,0.0
2015-07-20,-0.0007262594842759525,0.0
2015-07-21,-0.004000035027128099,0.0
2015-07-22,0.0005017840893393097,0.0
2015-07-23,-0.004653789654239272,0.0
2015-07-24,-0.009792489546717041,0.0
2015-07-27,-0.005948098566875629,0.0
2015-07-28,0.013016000340919202,0.0
2015-07-29,0.00863937513803447,0.0
2015-07-30,0.002209518439882292,0.0
2015-07-31,0.0007675264830679356,0.0
2015-08-03,-0.0020069035187398887,0.06245911999307053
2015-08-04,-0.001942828528758442,0.0
2015-08-05,0.006734709395379013,0.0
2015-08-06,-0.007988725472670849,0.0
2015-08-07,-0.00028238843412185756,0.0
2015-08-10,0.01274690568216515,0.0
2015-08-11,-0.0077003756865965285,0.0
2015-08-12,0.0017497001504370702,0.0
2015-08-13,-0.0011004065616866169,0.0
2015-08-14,0.0034165633620058264,0.0
2015-08-17,0.005624557197251812,0.0
2015-08-18,-0.0019984190468841268,0.0
2015-08-19,-0.007225163147254546,0.0
2015-08-20,-0.01939812391218918,0.0
2015-08-21,-0.02896041452392096,0.0
2015-08-24,-0.04026241344825386,0.0
2015-08-25,-0.014958207632475434,0.0
2015-08-26,0.03402246186834182,0.0
2015-08-27,0.02312603614655774,0.0
2015-08-28,0.0018470792118519819,0.0
2015-08-31,-0.00916174391639249,0.0
2015-09-01,-0.028464252151569447,0.041899648609596316
2015-09-02,0.0164115291843292,0.0059267402567147595
2015-09-03,0.0033491245401745,0.0
2015-09-04,-0.015479131664518716,0.0
2015-09-08,0.026131154028573245,0.0
2015-09-09,-0.012973183271238309,0.0
2015-09-10,0.0035302568683108493,0.0
2015-09-11,0.005098571928240829,0.0
2015-09-14,-0.004972727167942373,0.0
2015-09-15,0.01205589028138061,0.0
2015-09-16,0.008279406254036956,0.0
2015-09-17,-0.0011851316736094003,0.0
2015-09-18,-0.018335369378809717,0.0
2015-09-21,0.0024534082337938318,0.0
2015-09-22,-0.015240239321253124,0.0
2015-09-23,-0.0031323929657113376,0.0
2015-09-24,-0.003757157024917508,0.0
2015-09-25,0.0005794595209683501,0.0
2015-09-28,-0.026802837645148462,0.0
2015-09-29,0.0017202969026094465,0.0
2015-09-30,0.019865907109342697,0.0
2015-10-01,-0.0003956327237650825,0.05274895860193908
2015-10-02,0.01606891328951581,0.0
2015-10-05,0.020963712799780574,0.0
2015-10-06,-0.005485932537123053,0.0
2015-10-07,0.011596904713817364,0.0
2015-10-08,0.011893026772224941,0.0
2015-10-09,-0.0008703375929843542,0.0
2015-10-12,-0.0006059629322877688,0.0
2015-10-13,-0.010492521349599347,0.0
2015-10-14,-0.003848627069186656,0.0
2015-10-15,0.011739730742173757,0.0
2015-10-16,0.0035216119310780792,0.0
2015-10-19,-0.002117220883474288,0.0
2015-10-20,-0.0015360048366854604,0.0
2015-10-21,-0.007631993973655578,0.0
2015-10-22,0.01529441448775494,0.0
2015-10-23,0.007708893775110113,0.0
2015-10-26,-0.0017669022970455569,0.0
2015-10-27,-0.006428070278024441,0.0
2015-10-28,0.011003807571579777,0.0
2015-10-29,-1.960192571534569e-05,0.0
2015-10-30,-9.529562306235346e-05,0.0
2015-11-02,0.013391403726874751,0.0673542001533176
2015-11-03,0.0011522392941951214,0.0
2015-11-04,-0.002448019185583388,0.0
2015-11-05,0.0004481100877335941,0.0
2015-11-06,-0.0023781603155327486,0.0
2015-11-09,-0.010180296543687784,0.0
2015-11-10,0.002352814789329513,0.0
2015-11-11,-0.004995403292615561,0.0
2015-11-12,-0.01592778444085597,0.0
2015-11-13,-0.009112632830762857,0.0
2015-11-16,0.015535124695195551,0.0
2015-11-17,-0.0025032496682663697,0.0
2015-11-18,0.016571265540096698,0.0
2015-11-19,-0.0005231017780383169,0.0
2015-11-20,0.0028541725945300136,0.0
2015-11-23,0.00017982098532315209,0.0
2015-11-24,0.0016912810782744204,0.0
2015-11-25,0.0020130946157052147,0.0
2015-11-27,0.00016524738549370866,0.0
2015-11-30,-0.0028905176191067576,0.0
2015-12-01,0.008872038396963822,0.04188410050180335
2015-12-02,-0.014379456347579816,0.0
2015-12-03,-0.014759583645194575,0.0
2015-12-04,0.0158477733675202,0.0
2015-12-07,-0.007139598485997998,0.0
2015-12-08,-0.006514539311114682,0.0
2015-12-09,-0.007762901645577522,0.0
2015-12-10,0.00014179133446284343,0.0
2015-12-11,-0.02016164816202144,0.0
2015-12-14,0.00025288026279307493,0.0
2015-12-15,0.01116045996399392,0.0
2015-12-16,0.016890744717148805,0.0
2015-12-17,-0.01682348097027337,0.0
2015-12-18,-0.0146777935618434,0.0
2015-12-21,0.00858376826576172,0.0
2015-12-22,0.010353448409972543,0.0
2015-12-23,0.014666521632587403,0.0
2015-12-24,-0.0013969171750882097,0.0
2015-12-28,-0.001861612325975345,0.0
2015-12-29,0.01011239859150158,0.0
2015-12-30,-0.007633732592927506,0.0
2015-12-31,-0.008285911279747656,0.0
2016-01-04,-0.012777313126446255,0.05119583993735616
2016-01-05,0.003903295705117736,0.0
2016-01-06,-0.017118977200262068,0.0
2016-01-07,-0.021671302483940932,0.0
2016-01-08,-0.012517930177150045,0.0
2016-01-11,-0.001800492232123839,0.0
2016-01-12,0.006287710286688775,0.0
2016-01-13,-0.02472921261364282,0.0
2016-01-14,0.014457951950969113,0.0
2016-01-15,-0.01756382010921989,0.0
2016-01-19,-0.0021969223790803904,0.0
2016-01-20,-0.008386049288032438,0.0
2016-01-21,0.005868045387240524,0.0
2016-01-22,0.019047321886605625,0.0
2016-01-25,-0.016746376382624613,0.0
2016-01-26,0.01788178781571087,0.0
2016-01-27,-0.0091096444777302,0.0
2016-01-28,-0.0005360651700750047,0.0
2016-01-29,0.027999811419357104,0.0
2016-02-01,-0.00010454758447675516,0.07557719103520935
2016-02-02,-0.020952362587056843,0.0
2016-02-03,0.006253753196649317,0.0
2016-02-04,0.0043116892028530855,0.0
2016-02-05,-0.016604969138218056,0.0
2016-02-08,-0.020455456955237955,0.0
2016-02-09,-0.0007723234449168587,0.0
2016-02-10,0.0018629404872797805,0.0
2016-02-11,-0.01668783326703476,0.0
2016-02-12,0.021663606894714787,0.0
2016-02-16,0.02102886156703318,0.0
2016-02-17,0.01841485070683508,0.0
2016-02-18,-0.003354532671115999,0.0
2016-02-19,-0.0025026521319795017,0.0
2016-02-22,0.017124211031665525,0.0
2016-02-23,-0.011998022174054416,0.0
2016-02-24,0.0068725456513653495,0.0
2016-02-25,0.0105045114831423,0.0
2016-02-26,0.0004563556665355592,0.0
2016-02-29,-0.007534175580821289,0.0
2016-03-01,0.022785697198281385,0.053531667770707586
2016-03-02,0.0049247986635161745,0.0
2016-03-03,0.009835584264383069,0.0
2016-03-04,0.00224262081796731,0.0
2016-03-07,0.005423778160495671,0.0
2016-03-08,-0.017388393261638872,0.0
2016-03-09,0.005274929679492677,0.0
2016-03-10,0.0011408088545206145,0.0
2016-03-11,0.020748582927544168,0.0
2016-03-14,-0.002210837313369623,0.0
2016-03-15,-0.006312533741672012,0.0
2016-03-16,0.009480359349054073,0.0
2016-03-17,0.008768214199296338,0.0
2016-03-18,0.005557317869629004,0.0
2016-03-21,0.0003307603530917925,0.0
2016-03-22,0.0004065088335166141,0.0
2016-03-23,-0.010717906689524551,0.0
2016-03-24,-0.0015562403511687813,0.0
2016-03-28,0.0025081736410183593,0.0
2016-03-29,0.0110992171671099,0.0
2016-03-30,0.002737963940863973,0.0
2016-03-31,0.0003494186551189064,0.0
2016-04-01,0.0037091568047054047,0.06233696149902282
2016-04-04,-0.005957554669430516,0.0
2016-04-05,-0.011074015839162031,0.0
2016-04-06,0.009535530672888683,0.0
2016-04-07,-0.012169395353327308,0.0
2016-04-08,0.003567202398655862,0.0
2016-04-11,-0.0021563300077113287,0.0
2016-04-12,0.009102365446087415,0.0
2016-04-13,0.013417537671948396,0.0
2016-04-14,-0.003480624493433553,0.0
2016-04-15,0.00018423179178795191,0.0
2016-04-18,0.007010803104605397,0.0
2016-04-19,0.0037874076294193678,0.0
2016-04-20,0.0010289590799510704,0.0
2016-04-21,-0.00457517668460572,0.0
2016-04-22,0.004618075133113597,0.0
2016-04-25,-0.0024974513137494183,0.0
2016-04-26,0.005849372393397799,0.0
2016-04-27,0.004398657218364618,0.0
2016-04-28,-0.012216026479634125,0.0
2016-04-29,-0.007788873903061384,0.0
2016-05-02,0.007570362480164405,0.06350372625248331
2016-05-03,-0.009828030918875321,0.0
2016-05-04,-0.0055765681215043435,0.0
2016-05-05,-0.0006270358743615322,0.0
2016-05-06,0.004706376307264636,0.0
2016-05-09,0.0022193313343358482,0.0
2016-05-10,0.012028489113090728,0.0
2016-05-11,-0.011769214888082278,0.0
2016-05-12,-0.001380042278807344,0.0
2016-05-13,-0.008334186699820417,0.0
2016-05-16,0.00921169957005067,0.0
2016-05-17,-0.007652507428482059,0.0
2016-05-18,-0.0019839852101129897,0.0
2016-05-19,-0.004796462208108032,0.0
2016-05-20,0.008322245212696977,0.0
2016-05-23,-0.00256515382144972,0.0
2016-05-24,0.015541686232759994,0.0
2016-05-25,0.006423025604659231,0.0
2016-05-26,-0.00018779895549462947,0.0
2016-05-27,0.005479955296246224,0.0
2016-05-31,0.0021253234583483763,0.0
2016-06-01,0.0018342588665929416,0.04061572201269187
2016-06-02,0.004887202759016787,0.0
2016-06-03,-0.003708754302652555,0.0
2016-06-06,0.004725782232703636,0.0
2016-06-07,0.003841724864052133,0.0
2016-06-08,0.0025493672447364293,0.0
2016-06-09,-0.0023920644970095196,0.0
2016-06-10,-0.01269469627680516,0.0
2016-06-13,-0.009625052224489495,0.0
2016-06-14,-0.0025427073352114636,0.0
2016-06-15,0.000275047281868991,0.0
2016-06-16,0.0023515137016597836,0.0
2016-06-17,-0.0003104433612403622,0.0
2016-06-20,0.008347369597244306,0.0
2016-06-21,0.0005600138983461638,0.0
2016-06-22,-0.0005767731779859747,0.0
2016-06-23,0.014249257054917454,0.0
2016-06-24,-0.04029892238611603,0.0
2016-06-27,-0.024637869170233372,0.0
2016-06-28,0.019757900708683385,0.0
2016-06-29,0.01837329672827729,0.0
2016-06-30,0.013697727764382179,0.0
2016-07-01,0.004065908085659542,0.05366643507449021
2016-07-05,-0.011705892257960086,0.0
2016-07-06,0.005528149525408832,0.0
2016-07-07,-0.00010751474537947436,0.0
2016-07-08,0.01883022507646091,0.0
2016-07-11,0.004060071514991182,0.0
2016-07-12,0.010899968359537009,0.0
2016-07-13,-0.0008679589969635564,0.0
2016-07-14,0.0034329466773422375,0.0
2016-07-15,-0.0007488439043048629,0.0
2016-07-18,0.002103492897579119,0.0
2016-07-19,-0.0026022939594866523,0.0
2016-07-20,0.006045832197012237,0.0
2016-07-21,-0.001967744759349668,0.0
2016-07-22,0.005316776139987833,0.0
2016-07-25,-0.0006098242847197711,0.0
2016-07-26,0.00577542757589085,0.0
2016-07-27,-0.0065161156608802,0.0
2016-07-28,0.002598869938100181,0.0
2016-07-29,0.0013995862663017228,0.0
2016-08-01,-0.00208029104733487,0.06306607918253555
2016-08-02,-0.010336679595079154,0.0
2016-08-03,0.0053230615878064646,0.0
2016-08-04,-0.002409450605471731,0.0
2016-08-05,0.009614774261038996,0.0
2016-08-08,-0.0011010356263115285,0.0
2016-08-09,-0.001712630944468399,0.0
2016-08-10,-0.0019752043295634784,0.0
2016-08-11,0.007433552629843882,0.0
2016-08-12,-0.001786718107590857,0.0
2016-08-15,0.0040676954520845925,0.0
2016-08-16,-0.006031712028907797,0.0
2016-08-17,0.0010828538591416055,0.0
2016-08-18,0.003271056774807958,0.0
2016-08-19,0.0007116564416777167,0.0
2016-08-22,-6.0301546018138e-05,0.0
2016-08-23,0.003213494457946919,0.0
2016-08-24,-0.007267500620069251,0.0
2016-08-25,-0.0012488307784593265,0.0
2016-08-26,-0.002428454156193891,0.0
2016-08-29,0.005834474537081066,0.0
2016-08-30,-0.0014423103503295154,0.0
2016-08-31,-0.0039163181193030625,0.0
2016-09-01,-0.0007844897604819545,0.04716685434950266
2016-09-02,0.005113977551730432,0.0
2016-09-06,0.00011992623804659466,0.0
2016-09-07,0.003035912879479367,0.0
2016-09-08,-0.004424746530157014,0.0
2016-09-09,-0.02759702081092058,0.0
2016-09-12,0.016566571819889762,0.0
2016-09-13,-0.015525789860732036,0.0
2016-09-14,-0.0019156136128866618,0.0
2016-09-15,0.01029610362051952,0.0
2016-09-16,-0.003785813703788101,0.0
2016-09-19,0.0022230961184521196,0.0
2016-09-20,-0.001565385303740793,0.0
2016-09-21,0.011812363680327717,0.0
2016-09-22,0.0078114769486840345,0.0
2016-09-23,-0.004808679464824769,0.0
2016-09-26,-0.007096808204578323,0.0
2016-09-27,0.005357889726297492,0.0
2016-09-28,0.005480718136858846,0.0
2016-09-29,-0.00925517409463325,0.0
2016-09-30,0.007872518694058066,0.0
2016-10-03,-0.0033572202498178827,0.04532259203089249
2016-10-04,-0.0064864015550999445,0.0
2016-10-05,0.004801043637601145,0.0
2016-10-06,4.0049172001649396e-05,0.0
2016-10-07,-0.006004983539967597,0.0
2016-10-10,0.005110682211094289,0.0
2016-10-11,-0.014931396037160101,0.0
2016-10-12,0.0003228497431028677,0.0
2016-10-13,-0.0019820509393072274,0.0
2016-10-14,-0.002403492829684549,0.0
2016-10-17,-0.0032146838276044913,0.0
2016-10-18,0.006930378278989074,0.0
2016-10-19,0.003380830039224351,0.0
2016-10-20,-0.0009491533103559248,0.0
2016-10-21,1.2457054104131663e-05,0.0
2016-10-24,0.003169057226087584,0.0
2016-10-25,-0.00667489613597982,0.0
2016-10-26,-0.0008057085700635296,0.0
2016-10-27,-0.006997216317840374,0.0
2016-10-28,0.00042039800418539893,0.0
2016-10-31,0.002544206118089581,0.0
2016-11-01,-0.006246111419728528,0.05770428559475643
2016-11-02,-0.007034033562349762,0.0
2016-11-03,-0.00370302148892468,0.0
2016-11-04,0.0011094220307669167,0.0
2016-11-07,0.022625260846030337,0.0
2016-11-08,0.003596686336720251,0.0
2016-11-09,0.014246141749814693,0.0
2016-11-10,0.007058307615120668,0.0
2016-11-11,-0.0007031855950468335,0.0
2016-11-14,0.009726078551839415,0.0
2016-11-15,0.005022878420415317,0.0
2016-11-16,-0.004037587833851254,0.0
2016-11-17,0.004865871544822145,0.0
2016-11-18,-0.0028625385734620153,0.0
2016-11-21,0.008398804230442525,0.0
2016-11-22,0.0010456796396774205,0.0
2016-11-23,0.0022525987872399848,0.0
2016-11-25,0.003883916813157231,0.0
2016-11-28,-0.006347024203260452,0.0
2016-11-29,0.0004948643950287229,0.0
2016-11-30,-0.003483045376901146,0.0
2016-12-01,-0.004878069305178312,0.08772451635018366
2016-12-02,0.0013728368187006612,0.0
2016-12-05,0.008350151355498159,0.0
2016-12-06,0.004817282183033822,0.0
2016-12-07,0.015051763181939242,0.0
2016-12-08,0.0037006963043552028,0.0
2016-12-09,0.002349132000283331,0.0
2016-12-12,-0.004463476695408656,0.0
2016-12-13,0.0036753124890483296,0.0
2016-12-14,-0.010619668487249299,0.0
2016-12-15,0.0028268065207842745,0.0
2016-12-16,-0.0019488588867637231,0.0
2016-12-19,0.0013157842374836458,0.0
2016-12-20,0.00453650747995437,0.0
2016-12-21,-0.002594514833149739,0.0
2016-12-22,-0.0035750989341482163,0.0
2016-12-23,0.0018503302257853562,0.0
2016-12-27,0.0034139132618514778,0.0
2016-12-28,-0.009859081868192558,0.0
2016-12-29,0.0008081938422982391,0.0
2016-12-30,-0.004260825705859106,0.0
2017-01-03,0.009221586513667779,0.04478994568497558
2017-01-04,0.010966783450836844,0.0
2017-01-05,-0.0033488889741135875,0.0
2017-01-06,0.0008959081633445428,0.0
2017-01-09,-0.004755060184885397,0.0
2017-01-10,0.001335615662433896,0.0
2017-01-11,0.002884084823958367,0.0
2017-01-12,-0.0012807771059059167,0.0
2017-01-13,0.0020965181257339076,0.0
2017-01-17,-0.0013497884535055178,0.0
2017-01-18,0.002311154775087888,0.0
2017-01-19,-0.005032517222600899,0.0
2017-01-20,0.004946812020682096,0.0
2017-01-23,-0.002447073035542825,0.0
2017-01-24,0.010174073153763386,0.0
2017-01-25,0.008261693685329408,0.0
2017-01-26,-0.0036874471517611297,0.0
2017-01-27,-0.001694947389949812,0.0
2017-01-30,-0.006248031690456872,0.0
2017-01-31,0.00045988695391467545,0.0
2017-02-01,-0.0020225719852902113,0.06831966826652516
2017-02-02,0.00016736008658490653,0.0
2017-02-03,0.008429536806441299,0.0
2017-02-06,-0.002704426545929485,0.0
2017-02-07,9.292748401755957e-05,0.0
2017-02-08,0.001669454245707887,0.0
2017-02-09,0.007016545942996046,0.0
2017-02-10,0.005257035269987927,0.0
2017-02-13,0.004613334950465586,0.0
2017-02-14,0.0026134796834104187,0.0
2017-02-15,0.005722007554881267,0.0
2017-02-16,-0.003250563479461062,0.0
2017-02-17,0.003548298443144501,0.0
2017-02-21,0.005845383448960514,0.0
2017-02-22,-0.003001649860668596,0.0
2017-02-23,-0.0014749049776520786,0.0
2017-02-24,0.0025347431328224695,0.0
2017-02-27,0.0025578086273554687,0.0
2017-02-28,-0.004880354746685977,0.0
2017-03-01,0.012487070440030168,0.035504337757194804
2017-03-02,-0.005698717268042864,0.0
2017-03-03,3.375708616106656e-05,0.0
2017-03-06,-0.004587318169662636,0.0
2017-03-07,-0.004914211345465185,0.0
2017-03-08,-0.00026018729737667856,0.0
2017-03-09,-0.001514053977553499,0.0
2017-03-10,0.004591461859817519,0.0
2017-03-13,0.0012504980720808856,0.010929629772895784
2017-03-14,-0.0040612408837634294,0.0
2017-03-15,0.011243579976292349,0.0
2017-03-16,-0.001830385995921364,0.0
2017-03-17,-0.00035085395166248616,0.0
2017-03-20,-0.0030411620062736895,0.0
2017-03-21,-0.012302722238183489,0.0
2017-03-22,0.0030526646263425473,0.0
2017-03-23,-0.0004932689808616806,0.0
2017-03-24,-0.000987442640671776,0.0
2017-03-27,-0.0009055803470657887,0.0
2017-03-28,0.007402398386384559,0.0
2017-03-29,0.0039452044926714,0.0
2017-03-30,0.0018629655713362095,0.0
2017-03-31,-0.001079289486070771,0.0
2017-04-03,-0.005595646327487325,0.05140332583660345
2017-04-04,-0.0007843051389535268,0.0
2017-04-05,-0.002514076579633343,0.0
2017-04-06,0.00435854366452154,0.0
2017-04-07,-0.0020604944393012165,0.0
2017-04-10,0.002929339950997556,0.0
2017-04-11,-0.0002435056044321735,0.0
2017-04-12,-0.006717721093694559,0.0
2017-04-13,-0.006678833259400768,0.0
2017-04-17,0.008837443986708202,0.0
2017-04-18,-0.0023226517005486683,0.0
2017-04-19,0.0015524183198396663,0.0
2017-04-20,0.008034687226674012,0.0
2017-04-21,-0.0033396359293652858,0.0
2017-04-24,0.009766307060777132,0.0
2017-04-25,0.004917192257288505,0.0
2017-04-26,-0.00136620201914187,0.0
2017-04-27,-0.0005690256256628858,0.0
2017-04-28,-0.00473450646822272,0.0
2017-05-01,1.278754969624707e-05,0.045722491999468415
2017-05-02,0.0031434932185378864,0.0
2017-05-03,-0.004230684035795151,0.0
2017-05-04,0.001938679848884418,0.0
2017-05-05,0.005174553790865,0.0
2017-05-08,-0.002194451307575742,0.0
2017-05-09,0.0005964561297149641,0.0
2017-05-10,0.0016061553148898683,0.0
2017-05-11,-0.005241973980395628,0.0
2017-05-12,-0.003961227837947666,0.0
2017-05-15,0.006052115669120152,0.0
2017-05-16,-0.0024002680228717116,0.0
2017-05-17,-0.01511771730490753,0.0
2017-05-18,0.00280172852903691,0.0
2017-05-19,0.007946205638574419,0.0
2017-05-22,0.005508259041099936,0.0
2017-05-23,-0.0004750373477382439,0.0
2017-05-24,0.002994722759319668,0.0048214925137525285
2017-05-25,0.003999786755164389,0.0
2017-05-26,0.00012292624384223968,0.0
2017-05-30,-0.0015275743064125545,0.0
2017-05-31,0.0009878792584287442,0.0
2017-06-01,0.01124121378986409,0.056025785672501965
2017-06-02,0.0022953007333505956,0.0
2017-06-05,-0.002526210041461661,0.0
2017-06-06,-0.005388440270573261,0.0
2017-06-07,0.001577302600112206,0.0
2017-06-08,0.0005594073690026962,0.0
2017-06-09,0.004034331246886598,0.0
2017-06-12,0.001984743153141435,0.0
2017-06-13,0.005096180483003275,0.0
2017-06-14,-0.0015312902873057437,0.0
2017-06-15,-7.18128416785791e-05,0.0
2017-06-16,-0.0007556271389257741,0.0
2017-06-19,0.005748012572140748,0.005331323412967997
2017-06-20,-0.00860431604144551,0.0
2017-06-21,-0.001782715287870013,0.0
2017-06-22,0.0009014689372234048,0.0
2017-06-23,0.0035211772294279934,0.0
2017-06-26,0.003022471655995461,0.0
2017-06-27,-0.007333563656497238,0.0
2017-06-28,0.007996682307354033,0.0
2017-06-29,-0.008536382794595152,0.0
2017-06-30,0.003076588689596941,0.0
2017-07-03,0.0043643672165114555,0.039863755090717046
2017-07-05,-0.003346953109978525,0.0
2017-07-06,-0.01108162116891763,0.0
2017-07-07,0.00751797698075713,0.0
2017-07-10,-0.0005694887836041639,0.0
2017-07-11,-0.001134395655083001,0.0
2017-07-12,0.007805288265589058,0.0
2017-07-13,0.0033462652581483345,0.0
2017-07-14,0.004782119548227284,0.0
2017-07-17,0.0016519873222272915,0.0
2017-07-18,-0.0009760935144726801,0.0
2017-07-19,0.006138818726628538,0.0
2017-07-20,-0.0009708900911433434,0.0
2017-07-21,0.0016989444664886838,0.0
2017-07-24,-0.0022040255528991,0.0
2017-07-25,0.002650313041872672,0.0
2017-07-26,-0.0024081330669125656,0.005201108627935341
2017-07-27,-0.0010767123867234777,0.0
2017-07-28,-0.0019454221279244773,0.0
2017-07-31,-0.001139560987018405,0.0
2017-08-01,0.0009480931677174897,0.05307050605932584
2017-08-02,-0.0033162001325583532,0.0
2017-08-03,-0.002160488195628656,0.0
2017-08-04,0.0018752822936070146,0.0
2017-08-07,0.0010083304224116952,0.0
2017-08-08,-0.003365879059464061,0.0051706423930397115
2017-08-09,-0.0016667791619079373,0.0
2017-08-10,-0.015493064923291448,0.0
2017-08-11,0.0008224191237622277,0.0
2017-08-14,0.009664412839928228,0.0
2017-08-15,-0.0014467724735171903,0.0
2017-08-16,0.0029479133802879174,0.0
2017-08-17,-0.014319288542451519,0.0
2017-08-18,-0.0022544760653961378,0.0
2017-08-21,0.0014686703577289231,0.0
2017-08-22,0.009685724990263354,0.0
2017-08-23,-0.0037502689916937273,0.0
2017-08-24,-0.0009309398941224162,0.0
2017-08-25,0.0036401182836095676,0.0
2017-08-28,0.00014688840396719942,0.0
2017-08-29,-0.0005844451180373727,0.0
2017-08-30,0.0049757220135815865,0.0
2017-08-31,0.0058697807930450895,0.0
2017-09-01,0.0038947353252809513,0.042062153638554034
2017-09-05,-0.007564500237780731,0.0
2017-09-06,0.003985099997732798,0.0
2017-09-07,0.0010629153556880452,0.0
2017-09-08,0.0014858520925368868,0.0
2017-09-11,0.00983588675925314,0.0
2017-09-12,0.0026917733279372023,0.0
2017-09-13,-0.0010900383107119223,0.0
2017-09-14,0.00022326543536411658,0.0
2017-09-15,0.0022831358880006296,0.0
2017-09-18,5.099547479302832e-05,0.0
2017-09-19,-0.00124156746354527,0.0
2017-09-20,0.0012381328241640706,0.0
2017-09-21,-0.0024709533345593487,0.0
2017-09-22,0.0022806447106391986,0.0
2017-09-25,0.000748755053340011,0.0
2017-09-26,0.0012401609281179494,0.0
2017-09-27,0.0031942000849858806,0.0
2017-09-28,0.002654432487537446,0.0
2017-09-29,0.004118791333073251,0.0
2017-10-02,0.0033738712382882508,0.06133753946813064
2017-10-03,0.0010801017727180952,0.0
2017-10-04,0.0027979304569137964,0.0
2017-10-05,0.0031712199114463805,0.0
2017-10-06,-0.0021386361364964515,0.0
2017-10-09,-0.002782025159024806,0.0
2017-10-10,0.003439297996468386,0.0
2017-10-11,0.0015841778355436685,0.0
2017-10-12,0.001912971267777877,0.0
2017-10-13,0.001505463770768719,0.0
2017-10-16,0.0004044442406395564,0.0
2017-10-17,-0.0006492252797344959,0.0
2017-10-18,0.0019653506191758103,0.0
2017-10-19,0.0005321283128571494,0.0
2017-10-20,0.0054010369551302125,0.0
2017-10-23,-0.0034632119833715017,0.0
2017-10-24,0.0007894449200365251,0.0
2017-10-25,-0.006120474507703179,0.0
2017-10-26,0.0011551714441748872,0.0
2017-10-27,0.0005550398520771666,0.0
2017-10-30,-0.0053116289130049794,0.0
2017-10-31,0.0016497243848487492,0.0
2017-11-01,8.426560921082071e-05,0.04457864919735949
2017-11-02,0.000994339662562371,0.0
2017-11-03,0.0015859947474344987,0.0
2017-11-06,0.0016396789898601451,0.0
2017-11-07,-0.0007967343895264594,0.0
2017-11-08,0.002622074014206375,0.0
2017-11-09,-0.0016013033321103155,0.0
2017-11-10,0.0013251306976861067,0.0
2017-11-13,0.0032548821526443973,0.0
2017-11-14,0.0002967163768126574,0.0
2017-11-15,-0.005832907648839328,0.0
2017-11-16,0.010134048483359748,0.0
2017-11-17,-3.6557450824567994e-05,0.0
2017-11-20,0.0008245067203426797,0.0
2017-11-21,0.005692344595372841,0.0
2017-11-22,-0.00010645965446995668,0.0
2017-11-24,0.0005093888162442833,0.0
2017-11-27,-0.0007824350445745126,0.0
2017-11-28,0.011820522327320615,0.0
2017-11-29,0.005231975787403094,0.0
2017-11-30,0.006826838741313819,0.0
2017-12-01,-0.0026025847567491267,0.042500694005448106
2017-12-04,0.002363298364082006,0.0
2017-12-05,-0.005566865823182747,0.0
2017-12-06,-0.0025054480104164485,0.0
2017-12-07,0.004655901654500932,0.0
2017-12-08,0.006332772435053417,0.0
2017-12-11,0.0010508179386536638,0.0
2017-12-12,-0.0013294852734231772,0.0
2017-12-13,0.0004818227242083386,0.0
2017-12-14,-0.005810954342779428,0.0
2017-12-15,0.0072235121584641425,0.0
2017-12-18,0.007120415888571112,0.0
2017-12-19,-0.003378756945430548,0.0
2017-12-20,-0.001174513609502893,0.0
2017-12-21,0.001129006538476844,0.0
2017-12-22,0.0013659424501918853,0.0
2017-12-26,0.0010855833023968268,0.0
2017-12-27,0.00021878945105859382,0.0
2017-12-28,0.002940922860009453,0.0
2017-12-29,-0.004629633863782248,0.0
2018-01-02,0.007147260624207785,0.04396237775995936
2018-01-03,0.004215915153939684,0.0
2018-01-04,0.001981002929019711,0.0
2018-01-05,0.005732404238569843,0.0
2018-01-08,0.0033622830078893972,0.0
2018-01-09,0.0008510297828504628,0.0
2018-01-10,-0.0042731823619144025,0.0
2018-01-11,0.008110101024025438,0.0
2018-01-12,0.006535909819747367,0.0
2018-01-16,-0.005570413398867558,0.0
2018-01-17,0.008335206971110346,0.0
2018-01-18,-0.0022234493269064235,0.0
2018-01-19,0.006564635831634344,0.0
2018-01-22,0.005505984074955586,0.0
2018-01-23,0.003452903051997292,0.0
2018-01-24,-0.0005758888380589577,0.0
2018-01-25,-0.0013716511551332342,0.0
2018-01-26,0.00984020249805221,0.0
2018-01-29,-0.008187539103553555,0.0
2018-01-30,-0.010654367066171632,0.0
2018-01-31,-0.0008449253229912907,0.0
2018-02-01,-0.005146028514661949,0.05489867680873536
2018-02-02,-0.017857696337214943,0.0
2018-02-05,-0.03620742621377877,0.0
2018-02-06,0.01326851711750339,0.0
2018-02-07,-0.0023754336715983,0.0
2018-02-08,-0.03439324560989884,0.0
2018-02-09,0.014379816517819933,0.0
2018-02-12,0.01103908110249446,0.0
2018-02-13,0.0014377815055002436,0.0
2018-02-14,0.012522488640079148,0.0
2018-02-15,0.011069106359971093,0.0
2018-02-16,0.0013260109426303335,0.0
2018-02-20,-0.007217795032339824,0.0
2018-02-21,-0.0049421405692674615,0.0
2018-02-22,0.0014960525144953386,0.0
2018-02-23,0.01639645426370142,0.0
2018-02-26,0.006525977295987081,0.0
2018-02-27,-0.01385539719824495,0.0
2018-02-28,-0.010452546395536673,0.0
2018-03-01,-0.011543445578470535,0.04351452411106707
2018-03-02,0.006835386072416481,0.0
2018-03-05,0.011602186678253827,0.0
2018-03-06,0.004323792791272658,0.0
2018-03-07,-0.0008912513526401153,0.0
2018-03-08,0.004149603542539825,0.0
2018-03-09,0.015372632565441576,0.0
2018-03-12,-0.0010324256767982698,0.0
2018-03-13,-0.002976219176494235,0.0
2018-03-14,-0.005390436222544174,0.0
2018-03-15,-0.0012161596605122758,0.0
2018-03-16,0.0045735133843399865,0.0
2018-03-19,-0.012052495174233124,0.005101975820910216
2018-03-20,0.0007168438797850503,0.0
2018-03-21,-0.000823411474295751,0.0
2018-03-22,-0.020800024380044167,0.0
2018-03-23,-0.020330472900713253,0.0
2018-03-26,0.021613909198600425,0.0
2018-03-27,-0.010935448836137746,0.0
2018-03-28,0.0010890902887446534,0.0
2018-03-29,0.013167097104762514,0.0
2018-04-02,-0.021660070227893957,0.03739499721586789
2018-04-03,0.011313883238717199,0.0
2018-04-04,0.011055897694361196,0.0
2018-04-05,0.006199198081054419,0.0
2018-04-06,-0.02108730266267983,0.0
2018-04-09,0.0018936660929361232,0.0
2018-04-10,0.013930278408857657,0.0
2018-04-11,-0.004688678312788333,0.0
2018-04-12,0.005075885404110759,0.0
2018-04-13,-0.0021228720954869704,0.0
2018-04-16,0.010678776770442721,0.0
2018-04-17,0.008254083673983836,0.0
2018-04-18,0.0024926069889490716,0.0
2018-04-19,-0.008725785486134372,0.0
2018-04-20,-0.007620364724171134,0.0
2018-04-23,0.001615305118784776,0.0
2018-04-24,-0.010531725558505806,0.0
2018-04-25,0.0024499056169709574,0.0
2018-04-26,0.009854383717060369,0.0
2018-04-27,0.0024965739611134304,0.0
2018-04-30,-0.009462260042898268,0.0
2018-05-01,2.3458178392443685e-05,0.04354688290132485
2018-05-02,-0.007911107953360957,0.0
2018-05-03,-0.002474687019437323,0.0
2018-05-04,0.010772148785812778,0.0
2018-05-07,0.00040195691660427065,0.0
2018-05-08,-0.0015912260620943221,0.0
2018-05-09,0.006602914061752014,0.0
2018-05-10,0.008162849472677789,0.0
2018-05-11,0.0020283688184204096,0.0
2018-05-14,-6.189595795626872e-05,0.0
2018-05-15,-0.005235630434369771,0.0
2018-05-16,0.005547715396821326,0.0
2018-05-17,0.0011682975821114445,0.0
2018-05-18,-0.0009907239750002181,0.0
2018-05-21,0.007541391761747188,0.0
2018-05-22,-0.004591536703894439,0.0
2018-05-23,0.0018338258883300906,0.0
2018-05-24,0.00042783124543053255,0.0
2018-05-25,-0.0008247409726347444,0.0
2018-05-29,-0.009917074774241615,0.0
2018-05-30,0.01387910272652967,0.0
2018-05-31,-0.01010754276932331,0.0
2018-06-01,0.00911960843659032,0.05146263057295379
2018-06-04,0.004740783549548617,0.0
2018-06-05,0.0007241516876225469,0.0
2018-06-06,0.006981968336464799,0.0
2018-06-07,-5.644559931039777e-05,0.0
2018-06-08,0.004674795893442978,0.0
2018-06-11,0.0018816138630696165,0.0
2018-06-12,0.004026916111849516,0.0
2018-06-13,-0.006556768064553485,0.0
2018-06-14,0.0025257634299106074,0.0
2018-06-15,0.0013871776478002436,0.0
2018-06-18,-0.002181710649880153,0.005075413009709996
2018-06-19,-0.004089656255809229,0.0
2018-06-20,0.002735892261768364,0.0
2018-06-21,-0.004766730763660248,0.0
2018-06-22,0.0014986327061151158,0.0
2018-06-25,-0.01052130829349476,0.0
2018-06-26,0.0005148836383670057,0.0
2018-06-27,-0.00866729869323933,0.0
2018-06-28,0.004303238038861719,0.0
2018-06-29,0.0015763770282753665,0.0
2018-07-02,0.00018371631251223874,0.04449671014530018
2018-07-03,-0.001374701835125477,0.0
2018-07-05,0.008238627004950275,0.0
2018-07-06,0.007718204167921829,0.0
2018-07-09,0.006939186785410324,0.0
2018-07-10,0.0034584937963045904,0.0
2018-07-11,-0.007215316503786675,0.0
2018-07-12,0.005354325390816488,0.0
2018-07-13,0.001246914288106498,0.0
2018-07-16,-0.003253494177910064,0.0
2018-07-17,0.004231748250513485,0.0
2018-07-18,0.002355842042228482,0.0
2018-07-19,0.0010534400067217478,0.0
2018-07-20,-0.0031575434425633866,0.0
2018-07-23,0.001541320691488336,0.0
2018-07-24,-5.120721992140395e-05,0.0
2018-07-25,0.009477688398565661,0.0
2018-07-26,0.002700153075831808,0.0
2018-07-27,-0.005429454132311641,0.0
2018-07-30,-0.0032799401294370083,0.0
2018-07-31,0.008161670047333536,0.0
2018-08-01,-0.005771746556983759,0.0385289082578862
2018-08-02,0.004745641813806159,0.0
2018-08-03,0.0062023818850303865,0.0
2018-08-06,0.0012339980120221294,0.0
2018-08-07,0.0015314929279536063,0.0
2018-08-08,-0.0015969130116266534,0.0
2018-08-09,-0.0010833373518945126,0.0
2018-08-10,-0.009542928387234074,0.0
2018-08-13,-0.004044346457551785,0.0
2018-08-14,0.00785615799782515,0.0
2018-08-15,-0.005857883754814101,0.0
2018-08-16,0.00732061628932465,0.0
2018-08-17,0.00610353201950381,0.0
2018-08-20,0.004299333254456838,0.0
2018-08-21,0.0015304350708739084,0.0
2018-08-22,-0.002314450255804114,0.0
2018-08-23,-0.0027093530482447713,0.0
2018-08-24,0.0046964023016139635,0.0
2018-08-27,0.004741664424709954,0.0
2018-08-28,0.0005869132701283682,0.0
2018-08-29,0.0038652688604792792,0.0
2018-08-30,-0.0066942200379533166,0.0
2018-08-31,0.0009587116544689175,0.0
2018-09-04,-0.0020656536878862486,0.047060675076269265
2018-09-05,0.0017620845835823072,0.0
2018-09-06,-0.0015895296399727928,0.0
2018-09-07,-0.0038505563980915213,0.0
2018-09-10,0.005484847223086829,0.0
2018-09-11,-0.0003724170266109804,0.0
2018-09-12,0.001741383589892056,0.0
2018-09-13,0.004569925080192851,0.0
2018-09-14,0.0006913431331682829,0.0
2018-09-17,-0.0029061069741639117,0.0
2018-09-18,0.004223061337531191,0.0
2018-09-19,-0.0007652232635977027,0.0
2018-09-20,0.007174083418265691,0.0
2018-09-21,0.0009323787609223164,0.0
2018-09-24,-0.009169136416493686,0.0
2018-09-25,-0.003220229083366049,0.0
2018-09-26,-0.003025325664799184,0.0
2018-09-27,-0.00029681479023464173,0.0
2018-09-28,0.0017278653539415342,0.0
2018-10-01,0.0003150715866715448,0.03777928043494069
2018-10-02,-0.0021228187401218894,0.0
2018-10-03,-0.00046632809023476303,0.0
2018-10-04,-0.007180633178987547,0.0
2018-10-05,-0.003346281158710835,0.0
2018-10-08,0.0008574308305002485,0.0
2018-10-09,-0.005463299204752404,0.0
2018-10-10,-0.026432090559829275,0.0
2018-10-11,-0.021334485337603286,0.0
2018-10-12,0.008682927176285212,0.0
2018-10-15,-0.0007997283757619734,0.0
2018-10-16,0.020745732681197664,0.0
2018-10-17,-0.002653040688574014,0.0
2018-10-18,-0.01249547161456786,0.0
2018-10-19,0.0001047920155634539,0.0
2018-10-22,-0.005444992094946594,0.0
2018-10-23,-0.00550252566302627,0.0
2018-10-24,-0.02387009783399701,0.0
2018-10-25,0.012644023007655384,0.0
2018-10-26,-0.01725005814523918,0.0
2018-10-29,0.001493711201594244,0.0
2018-10-30,0.017040582730355608,0.0
2018-10-31,0.004927568861173674,0.0
2018-11-01,0.015050349028215448,0.06022100282674604
2018-11-02,-0.0042137232473333265,0.0
2018-11-05,0.006971559935855131,0.0
2018-11-06,0.008162667536610584,0.0
2018-11-07,0.016796766164619018,0.0
2018-11-08,0.00020357813195726493,0.0
2018-11-09,-0.006025957736688551,0.0
2018-11-12,-0.013024091765739623,0.0
2018-11-13,0.0001266979624304563,0.0
2018-11-14,-0.005799660529406091,0.0
2018-11-15,0.008671306882212917,0.0
2018-11-16,0.004981793746063139,0.0
2018-11-19,-0.011264368429612199,0.0
2018-11-20,-0.017042372762724807,0.0
2018-11-21,0.0044890366455236025,0.0
2018-11-23,-0.0013742553591610859,0.0
2018-11-26,0.012983073501330518,0.0
2018-11-27,0.00172997600503613,0.0
2018-11-28,0.016754103197024015,0.0
2018-11-29,-0.0034460453296630165,0.0
2018-11-30,0.0058884490654759975,0.0
2018-12-03,0.010052257772008133,0.047733343323759385
2018-12-04,-0.030393699721723563,0.0
2018-12-06,-0.0013423150536132997,0.0
2018-12-07,-0.022001432369431945,0.0
2018-12-10,9.009018931659118e-05,0.0
2018-12-11,-0.00039582319322363925,0.0
2018-12-12,0.004353354312299744,0.0
2018-12-13,-0.0027161790366373338,0.0
2018-12-14,-0.013817318465976561,0.0
2018-12-17,-0.02123259549729535,0.0
2018-12-18,-0.0012052312591618597,0.0
2018-12-19,-0.013706954793614777,0.0
2018-12-20,-0.01513833500868483,0.0
2018-12-21,-0.016183170202045936,0.0
2018-12-24,-0.026333237718571385,0.0
2018-12-26,0.044527575423009946,0.0
2018-12-27,0.008736907594482793,0.0
2018-12-28,-0.0018688771264567705,0.0
2018-12-31,0.008560717783572813,0.0
2019-01-02,-0.00304279666521734,0.04373360139444168
2019-01-03,-0.01898782406633946,0.0
2019-01-04,0.03224442880960465,0.0
2019-01-07,0.009343305729163174,0.0
2019-01-08,0.011274777114256618,0.0
2019-01-09,0.005961478201911383,0.0
2019-01-10,0.006180841686280197,0.0
2019-01-11,0.0014283243536256215,0.0
2019-01-14,-0.0049619146761443675,0.0
2019-01-15,0.007571012771433589,0.0
2019-01-16,0.0020039438410710633,0.0
2019-01-17,0.008665085050052153,0.0
2019-01-18,0.013279532590277648,0.0
2019-01-22,-0.011998703689947876,0.0
2019-01-23,0.0006988346345817716,0.0
2019-01-24,0.0035111842331608818,0.0
2019-01-25,0.010876713865992215,0.0
2019-01-28,-0.003054747362257448,0.0
2019-01-29,0.0013203598869249563,0.0
2019-01-30,0.010451171088069245,0.0
2019-01-31,0.006941746277800177,0.0
2019-02-01,0.0028936526182516964,0.04612548160954391
2019-02-04,0.006132603535873112,0.0
2019-02-05,0.003609455525445134,0.0
2019-02-06,0.0003126798763918539,0.0
2019-02-07,-0.006011327934977238,0.0
2019-02-08,0.002482817234652767,0.0
2019-02-11,0.0026047361229053247,0.0
2019-02-12,0.010222399397643429,0.0
2019-02-13,0.004797533267825059,0.0
2019-02-14,-0.0028109357061909084,0.0
2019-02-15,0.007310665603155604,0.0
2019-02-19,0.0019668882370458955,0.0
2019-02-20,0.0033700557748401836,0.0
2019-02-21,-0.0021801709745805486,0.0
2019-02-22,0.004533614661665696,0.0
2019-02-25,-0.0009165829362535367,0.0
2019-02-26,-0.0023810520922687923,0.0
2019-02-27,-0.0009786044349215939,0.0
2019-02-28,-0.0002471406907469853,0.0
2019-03-01,0.006464529693761101,0.0410609958507676
2019-03-04,-0.0040125598585661285,0.0
2019-03-05,-0.002761169676705836,0.0
2019-03-06,-0.0077941797753591615,0.0
2019-03-07,-0.00745988253987973,0.0
2019-03-08,-0.002184798449427249,0.0
2019-03-11,0.013323888200887094,0.0
2019-03-12,0.001529346616970128,0.0
2019-03-13,0.005000336915803242,0.0
2019-03-14,-0.0017871174730964712,0.0
2019-03-15,0.0044274802701634985,0.0
2019-03-18,0.004063045521210526,0.0
2019-03-19,-0.002292342440020778,0.0
2019-03-20,-0.007149147584899134,0.0
2019-03-21,0.011369304451284104,0.0
2019-03-22,-0.018007508381807563,0.0
2019-03-25,0.0007159260007803525,0.0
2019-03-26,0.008069265765261215,0.0
2019-03-27,-0.0029886324687444085,0.0
2019-03-28,0.004666365544008545,0.0
2019-03-29,0.006742323943885148,0.0
2019-04-01,0.0108458332613115,0.03762442676560139
2019-04-02,0.0010435227134676852,0.0
2019-04-03,0.0024236840768314186,0.0
2019-04-04,0.002903993161922621,0.0
2019-04-05,0.006471453758421764,0.0
2019-04-08,-0.0003449803361049703,0.0
2019-04-09,-0.008620757494281676,0.0
2019-04-10,0.004469434129864298,0.0
2019-04-11,0.0009347796624626316,0.0
2019-04-12,0.0061189168161230965,0.0
2019-04-15,-0.002134891744595805,0.0
2019-04-16,-0.00198856214850292,0.0
2019-04-17,-0.005629511025053741,0.0
2019-04-18,0.001978826455617302,0.0
2019-04-22,-0.004036527352579511,0.0
2019-04-23,0.009757574959558531,0.0
2019-04-24,6.569266196956923e-05,0.0
2019-04-25,-0.004367416589971531,0.0
2019-04-26,0.006796043723981368,0.0
2019-04-29,-0.0007450377366675933,0.0
2019-04-30,0.004416316723339067,0.0
2019-05-01,-0.009750752422930775,0.04519113258668758
2019-05-02,0.0015037609857064364,0.0
2019-05-03,0.009149832118585405,0.0
2019-05-06,-0.005062662543275161,0.0
2019-05-07,-0.017074268588868943,0.0
2019-05-08,-0.002750466466837724,0.0
2019-05-09,-0.0006974770286831712,0.0
2019-05-10,0.003986299092845759,0.0
2019-05-13,-0.022662062431728767,0.0
2019-05-14,0.007376694056357033,0.0
2019-05-15,0.004221427248034756,0.0
2019-05-16,0.006773270919968606,0.0
2019-05-17,-0.006297063740800339,0.0
2019-05-20,-0.004991401143898436,0.0
2019-05-21,0.009918541628589284,0.0
2019-05-22,-0.0026226970998434428,0.0
2019-05-23,-0.010515466063265262,0.0
2019-05-24,0.001960802861424405,0.0
2019-05-28,-0.010118950564953405,0.0
2019-05-29,-0.006102805383338907,0.0
2019-05-30,0.0032121923845362674,0.0
2019-05-31,-0.009039614590101486,0.0
2019-06-03,0.005617103879992591,0.06502686569895572
2019-06-04,0.020011172018600698,0.005242612670506611
2019-06-05,0.008105725625392253,0.0
2019-06-06,0.0038490792967635174,0.0
2019-06-07,0.007130320038498726,0.0
2019-06-10,0.004709094765007386,0.0
2019-06-11,-0.0008032834889111853,0.0
2019-06-12,-0.0009084371835444361,0.0
2019-06-13,0.005127625394350677,0.0
2019-06-14,-0.0022389802198401064,0.0
2019-06-17,-0.0009855577163749704,0.0
2019-06-18,0.009157932559091541,0.0
2019-06-19,0.0042812143990768065,0.0
2019-06-20,0.00836786347086498,0.0
2019-06-21,-0.002573448740122536,0.0
2019-06-24,-0.004168844830799948,0.0
2019-06-25,-0.00703294938410732,0.0
2019-06-26,-0.003582751661013618,0.0
2019-06-27,0.0066176530374239895,0.0
2019-06-28,0.008717490809266834,0.0
2019-07-01,0.006115795003247992,0.04222160584365504
2019-07-02,0.0009555256643568689,0.0
2019-07-03,0.008989057876717227,0.0
2019-07-05,-0.002590937911620274,0.0
2019-07-08,-0.004934722786029736,0.0
2019-07-09,-0.0006414077523141762,0.0
2019-07-10,0.000777402104736426,0.0
2019-07-11,0.0002312830606166144,0.0
2019-07-12,0.007809835448889356,0.0
2019-07-15,0.0009013334206268613,0.0
2019-07-16,0.0002789105010970899,0.0
2019-07-17,-0.00852831892115765,0.0
2019-07-18,0.00475756913817831,0.0
2019-07-19,-0.006007747387481037,0.0
2019-07-22,-0.0004688298186411763,0.0
2019-07-23,0.010143788943908308,0.0
2019-07-24,0.006703596464390554,0.0
2019-07-25,-0.005968025708247553,0.0
2019-07-26,0.006276591679089568,0.0
2019-07-29,-0.0004526099486721993,0.0
2019-07-30,-0.0005894636726798863,0.0
2019-07-31,-0.010076679395134666,0.0
2019-08-01,-0.010159470185024166,0.04594411505913422
2019-08-02,-0.00568498880326495,0.0
2019-08-05,-0.028504965632303716,0.0
2019-08-06,0.009743231030179338,0.0
2019-08-07,0.002297578715909433,0.0
2019-08-08,0.017441782856727768,0.0
2019-08-09,-0.0071707167948385124,0.0
2019-08-12,-0.012426275702029588,0.005339660229338293
2019-08-13,0.011873051098552629,0.0
2019-08-14,-0.029189825170642673,0.0
2019-08-15,0.0016190219462516643,0.0
2019-08-16,0.014474282307483821,0.0
2019-08-19,0.011427647131496304,0.0
2019-08-20,-0.008515203693729398,0.0
2019-08-21,0.00891530334478806,0.0
2019-08-22,-0.0008371802241831125,0.0
2019-08-23,-0.02617252640869344,0.0
2019-08-26,0.009430511934059421,0.0
2019-08-27,-0.00484768561401406,0.0
2019-08-28,0.008362178924176678,0.0
2019-08-29,0.012795993097648315,0.0
2019-08-30,0.002372389125621957,0.0
2019-09-03,-0.005058426355386003,0.06813311129562662
2019-09-04,0.011658235409086986,0.0
2019-09-05,0.01442103409462386,0.0
2019-09-06,0.0031908282729326276,0.0
2019-09-09,0.003630107669055005,0.0
2019-09-10,0.00627632740049345,0.0
2019-09-11,0.007383816849269734,0.0
2019-09-12,0.0010497271594190327,0.0
2019-09-13,0.0010156934111838056,0.0
2019-09-16,-0.003942475443095311,0.0
2019-09-17,0.0006149841167663824,0.0
2019-09-18,-0.0014165055645592058,0.0
2019-09-19,-0.0029981266647870763,0.0
2019-09-20,-0.003169708453602179,0.0
2019-09-23,0.000744256027442202,0.0
2019-09-24,-0.00736724000886547,0.0
2019-09-25,0.006935851680922858,0.0
2019-09-26,-0.001384608058273576,0.0
2019-09-27,-0.0021182368219430387,0.0
2019-09-30,0.005310876737245719,0.0
2019-10-01,-0.014044351062876381,0.04104831020495622
2019-10-02,-0.018574053261596456,0.0
2019-10-03,0.007187742168011639,0.0
2019-10-04,0.012658981949764508,0.0
2019-10-07,-0.0052299752977709064,0.0
2019-10-08,-0.01632173506660716,0.0
2019-10-09,0.009261924289401726,0.0
2019-10-10,0.0068762806402982496,0.0
2019-10-11,0.013119971068418185,0.0
2019-10-14,-0.002722533821862146,0.0
2019-10-15,0.007867957629704233,0.0
2019-10-16,-0.00022547397076376103,0.0
2019-10-17,0.003635845530921349,0.0
2019-10-18,0.00027974113835153397,0.0
2019-10-21,0.006058671272306644,0.0
2019-10-22,0.0006356156441731399,0.0
2019-10-23,0.0024375144934256406,0.0
2019-10-24,0.002454402403929787,0.0
2019-10-25,0.00327975077520184,0.0
2019-10-28,0.002959156639934268,0.0
2019-10-29,0.0016478613777804812,0.0
2019-10-30,0.002013739750794271,0.0
2019-10-31,-0.0070222808428548125,0.0
2019-11-01,0.011822302088316139,0.05510523257556749
2019-11-04,0.003677451735742084,0.0
2019-11-05,-0.0009950061905535479,0.0
2019-11-06,-0.0013708446833223809,0.0053565105145333206
2019-11-07,0.0015097058162192834,0.0
2019-11-08,0.0013779401532985594,0.0
2019-11-11,-0.002761071874923653,0.0
2019-11-12,-0.0008262359602744991,0.0
2019-11-13,-0.00021321070694108857,0.0
2019-11-14,0.0020036654282612676,0.0
2019-11-15,0.006751608014450317,0.0
2019-11-18,-0.0005384629308577991,0.0
2019-11-19,-0.0009001978898728636,0.0
2019-11-20,-0.0038151906158971037,0.0
2019-11-21,-0.0025331487490875882,0.0
2019-11-22,0.003380144815003705,0.005693116209002899
2019-11-25,0.00789123220768843,0.0
2019-11-26,0.0020249283929778717,0.0
2019-11-27,0.002980101122355682,0.0
2019-11-29,-0.005003182038070186,0.0
2019-12-02,-0.007929246821491542,0.038011762015622175
2019-12-03,-0.007220541379365473,0.0
2019-12-04,0.005978176002194365,0.0
2019-12-05,0.0026938654836726338,0.0
2019-12-06,0.007736088937803883,0.0
2019-12-09,-0.002261851380130725,0.0
2019-12-10,-0.0018759055746203623,0.0052231459247946005
2019-12-11,0.002735837486125336,0.0
2019-12-12,0.009954989996828234,0.0
2019-12-13,-0.0019081549447029053,0.0
2019-12-16,0.005308861373058214,0.0
2019-12-17,0.0005133209232999647,0.0
2019-12-18,0.001825301568667486,0.0
2019-12-19,0.003244736208263576,0.0
2019-12-20,0.005843717186690571,0.0
2019-12-23,-0.001033032231459514,0.0
2020-01-29,-0.0014959564267186254,0.03392143377807007
2020-01-30,0.0018336350688043924,0.0
2020-01-31,-0.016553504832108663,0.0
2020-02-03,0.0073467371193456366,0.02091770136017916
2020-02-04,0.014054908563094555,0.0
2020-02-05,0.013716529463010418,0.0
2020-02-06,-0.0017287056784909265,0.0
2020-02-07,-0.00812351728943856,0.0
2020-02-10,0.005714673070391855,0.0
2020-02-11,0.004672869416579314,0.0
2020-02-12,0.005722630682638749,0.0
2020-02-13,-0.0017448769869787151,0.0
2020-02-14,0.0006169886777268542,0.0
2020-02-18,-0.003439432288634861,0.0
2020-02-19,0.002258978205364846,0.0
2020-02-20,0.0016257894490612215,0.0
2020-02-21,-0.006635090665907651,0.0
2020-02-24,-0.028193653814250486,0.0
2020-02-25,-0.03224042394246544,0.0
2020-02-26,-0.009553089543169687,0.0
2020-02-27,-0.038717971946900076,0.0
2020-02-28,-0.014330264638855783,0.0
2020-03-02,0.03958388985413608,0.0498398314984019
2020-03-03,-0.024573564350551434,0.0
2020-03-04,0.03828446991244605,0.0
2020-03-05,-0.03653845073349592,0.0
2020-03-06,-0.014922547991609499,0.0
2020-03-09,-0.07775195178673919,0.0
2020-03-10,0.04544327168884442,0.0
2020-03-11,-0.05260545588200642,0.0
2020-03-12,-0.1002830274413544,0.0
2020-03-13,0.07797010838273545,0.0
2020-03-16,-0.1205356234474518,0.0
2020-03-17,0.05769499461671829,0.0
2020-03-18,-0.06757902811057312,0.0
2020-03-19,0.002983459007444225,0.0
2020-03-20,-0.050132914519732515,0.0
2020-03-23,-0.03916340413029583,0.0
2020-03-24,0.1021675769226899,0.0
2020-03-25,0.027178081108056775,0.0
2020-03-26,0.061209454890058614,0.0
2020-03-27,-0.031007206541931127,0.0
2020-03-30,0.026214005463263218,0.0
2020-03-31,-0.01934264017529656,0.0
2020-04-01,-0.04940726839009846,0.15584666002619701
2020-04-02,0.011120575224521895,0.0
2020-04-03,-0.01799450111484705,0.0
2020-04-06,0.08168333422071195,0.005554518990489377
2020-04-07,0.011520306745282179,0.0
2020-04-08,0.045410532400316186,0.0
2020-04-09,0.025812364253297793,0.0
2020-04-13,-0.026017840084250808,0.0
2020-04-14,0.026826101575473375,0.0
2020-04-15,-0.034837402578284604,0.0
2020-04-16,-0.004377419486786222,0.0
2020-04-17,0.04052961280257611,0.0
2020-04-20,-0.02424627225917212,0.0
2020-04-21,-0.026856062309684608,0.0
2020-04-22,0.01635634381423568,0.0
2020-04-23,0.0010193025447460366,0.0
2020-04-24,0.014437235927398916,0.0
2020-04-27,0.02813377835594947,0.0
2020-04-28,0.01331773952312406,0.0
2020-04-29,0.030601359416338236,0.0
2020-04-30,-0.02299525175693322,0.0
2020-05-01,-0.03423722396119566,0.07934920721813295
2020-05-04,0.0006488214175128685,0.0
2020-05-05,0.0068081688139891945,0.0
2020-05-06,-0.013905433527436483,0.0
2020-05-07,0.01696863974891088,0.0
2020-05-08,0.02609834466537239,0.0
2020-05-11,-0.00954366013436284,0.0
2020-05-12,-0.026758278349845215,0.0
2020-05-13,-0.023167545487905276,0.0
2020-05-14,0.013515046422196546,0.0
2020-05-15,0.002130575419338857,0.0
2020-05-18,0.04957427655114764,0.0
2020-05-19,-0.012489570029981497,0.0
2020-05-20,0.016996656216423708,0.0
2020-05-21,-0.004715738236847093,0.0
2020-05-22,0.00020304127554740797,0.0
2020-05-26,0.03136918955873558,0.006161907954470842
2020-05-27,0.0246834590383588,0.0
2020-05-28,-0.006135699787980681,0.0
2020-05-29,0.0007140011431878611,0.0
2020-06-01,0.00813807238745401,0.05354610323453725
2020-06-02,0.011945447167890706,0.0
2020-06-03,0.02580568965798875,0.0
2020-06-04,0.002121268203378302,0.0
2020-06-05,0.033145483664497495,0.0
2020-06-08,0.02066128099631069,0.0
2020-06-09,-0.022683205857056524,0.0
2020-06-10,-0.021623846855575505,0.0
2020-06-11,-0.06594472296841206,0.0
2020-06-12,0.019398206184591704,0.0
2020-06-15,0.008008110377416517,0.0
2020-06-16,0.020853611887052884,0.0
2020-06-17,-0.009015275378428424,0.0
2020-06-18,-0.002423796560989846,0.0
2020-06-19,-0.009915746564356717,0.0
2020-06-22,0.00032724202250399514,0.0
2020-06-23,0.0008986508719854628,0.0
2020-06-24,-0.03233097610666414,0.0
2020-06-25,0.008239120600275434,0.0
2020-06-26,-0.018300764362154217,0.0
2020-06-29,0.01994347718812508,0.0
2020-06-30,0.013987055654722122,0.0
2020-07-01,-0.0016573001509179175,0.04733608845706967
2020-07-02,0.006479957691557518,0.0
2020-07-06,0.009022082661181588,0.0
2020-07-07,-0.01631330419206622,0.0
2020-07-08,0.0022088851458575472,0.0
2020-07-09,-0.01578799218228698,0.0
2020-07-10,0.01685238024869536,0.0
2020-07-13,-0.0007599075873490072,0.0
2020-07-14,0.014551579568155396,0.0
2020-07-15,0.024087710210458135,0.0
2020-07-16,-0.0012753887915774784,0.0
2020-07-17,0.003824934996162839,0.0
2020-07-20,-0.0064755123508720425,0.0
2020-07-21,0.008842863703950855,0.0
2020-07-22,0.008220495040929771,0.0
2020-07-23,-0.0019085611515819632,0.0
2020-07-24,-0.007252256244366189,0.0
2020-07-27,0.004929860227510811,0.0
2020-07-28,-0.005877531851384252,0.0
2020-07-29,0.01549978378698483,0.0
2020-07-30,-0.00722300243645433,0.0
2020-07-31,-0.0010542751615410075,0.0
2020-08-03,0.001866705810146252,0.06596541093539429
2020-08-04,0.0057369899658704865,0.0
2020-08-05,0.007333172483093229,0.0
2020-08-06,-0.0019098755202504956,0.0
2020-08-07,0.012928456247834043,0.0
2020-08-10,0.011391992625019273,0.0
2020-08-11,-0.001982572686621173,0.0
2020-08-12,0.006548314671472644,0.0
2020-08-13,-0.005783015784174159,0.0
2020-08-14,0.002096087625124622,0.0
2020-08-17,0.0005672913267556429,0.0
2020-08-18,-0.005166486890581811,0.0
2020-08-19,-0.0041014250680266335,0.0
2020-08-20,-0.00507330320118257,0.0
2020-08-21,-0.0007551621563468658,0.0
2020-08-24,0.016072647767903882,0.0
2020-08-25,-0.000627112709579018,0.0
2020-08-26,-0.0023776585988320668,0.0
2020-08-27,0.005456558530517719,0.0
2020-08-28,0.008605431569885033,0.0
2020-08-31,-0.00825407762733958,0.0
2020-09-01,0.001786191543603044,0.05933145140469956
2020-09-02,0.01983109153964715,0.0
2020-09-03,-0.0213167338048338,0.0
2020-09-04,-0.0016135200767800786,0.0
2020-09-08,-0.020548742903122825,0.0
2020-09-09,0.011892721759741747,0.0
2020-09-10,-0.013627502353406108,0.0
2020-09-11,0.005341274718079861,0.0
2020-09-14,0.016734919487300014,0.0
2020-09-15,0.0003319274565362594,0.0
2020-09-16,0.007499234265728174,0.0
2020-09-17,-0.003212943095999315,0.0
2020-09-18,-0.01246596178313276,0.0
2020-09-21,-0.02678067540914153,0.011966411089467908
2020-09-22,0.004935884459685421,0.0
2020-09-23,-0.020312604690008233,0.0
2020-09-24,0.0007026634111229624,0.0
2020-09-25,0.013073185424258255,0.0
2020-09-28,0.01738483803997154,0.0
2020-09-29,-0.007737567856556224,0.0
2020-09-30,0.006052778067560303,0.0
2020-10-01,0.0024233919625937794,0.04316022348847294
2020-10-02,0.005402791249410295,0.0
2020-10-05,0.0173079464003337,0.0
2020-10-06,-0.009137340498602861,0.0
2020-10-07,0.016463925978185367,0.0
2020-10-08,0.01401710674230381,0.0
2020-10-09,0.0012034558007969216,0.0
2020-10-12,0.006717201140040598,0.0
2020-10-13,-0.010405634206693937,0.0057892920914085376
2020-10-14,-0.0016606848446976323,0.0
2020-10-15,0.0015768287782185755,0.0
2020-10-16,-0.0010696635250039051,0.0
2020-10-19,-0.012898912236436431,0.0
2020-10-20,0.005062805496324533,0.0
2020-10-21,-0.0030897152359207116,0.0
2020-10-22,0.009857904479640014,0.0
2020-10-23,0.0034643328744971753,0.0
2020-10-26,-0.021952169324410943,0.0
2020-10-27,-0.012440672786546286,0.0
2020-10-28,-0.03132241797994531,0.0
2020-10-29,0.008933803688717847,0.0
2020-10-30,-0.00017302930762163308,0.0
2020-11-02,0.021700900602015682,0.06446721796608197
2020-11-03,0.017597751845329145,0.0
2020-11-04,0.0022093773499876042,0.0
2020-11-05,0.017715655680870475,0.0
2020-11-06,-0.0022625706616892964,0.0
2020-11-09,0.043114090265457636,0.0
2020-11-10,0.007560556245709757,0.0
2020-11-11,-0.002308389756438747,0.0
2020-11-12,-0.01688228156782446,0.0
2020-11-13,0.02416554980651229,0.0
2020-11-16,0.01986326734631535,0.0
2020-11-17,-0.004118515620878286,0.0
2020-11-18,-0.011193969453766436,0.0
2020-11-19,0.0026555636286348418,0.0
2020-11-20,-0.0049404630972855,0.0
2020-11-23,0.014895003530088529,0.0
2020-11-24,0.022341357108245523,0.0
2020-11-25,-0.006498787955352251,0.0
2020-11-27,8.785825340540599e-06,0.0
2020-11-30,-0.01095094992151682,0.0
2020-12-01,0.009974466009382787,0.08194677279058735
2020-12-02,0.0018520000924543926,0.0
2020-12-03,0.003249573476446622,0.0
2020-12-04,0.01538376644835029,0.0
2020-12-07,-0.0050930506579459234,0.0
2020-12-08,0.002344651061690005,0.0
2020-12-09,-0.0020987252382991513,0.0
2020-12-10,-0.0030105261567507507,0.0
2020-12-11,-0.005147928419738851,0.0
2020-12-14,-0.008059770729937367,0.0
2020-12-15,0.015239839853536906,0.0
2020-12-16,-0.0021516217135806215,0.0
2020-12-17,0.006878793799795646,0.0
2020-12-18,-0.003777500886581571,0.0
2020-12-21,-0.005666326496596071,0.0
2021-01-08,0.002242820457004191,0.04207920458643101
2021-01-11,-0.0018624183360324066,0.0
2021-01-12,0.0067031609321993695,0.0
2021-01-13,-0.002632729498298253,0.0
2021-01-14,0.002900889441627412,0.0
2021-01-15,-0.004570207571933447,0.0
2021-01-19,0.00580256085698874,0.0
2021-01-20,0.007593395310059443,0.0
2021-01-21,-0.004322993480514386,0.0
2021-01-22,-0.004277000375849882,0.005348357448107802
2021-01-25,0.0025263502747246993,0.0
2021-01-26,-0.0036083699120385998,0.0
2021-01-27,-0.018840092354837603,0.0
2021-01-28,0.006612007983273299,0.0
2021-01-29,-0.017353511173564574,0.0
2021-02-01,0.012359420049618652,0.05314505482674904
2021-02-02,0.011668529462955015,0.0
2021-02-03,0.0028368945148355613,0.0
2021-02-04,0.009851608602553994,0.0
2021-02-05,0.005777594286808857,0.0
2021-02-08,0.010264188860511681,0.0
2021-02-09,0.0005867201061981575,0.0
2021-02-10,0.0016658558767211767,0.0
2021-02-11,-0.0006129864884362609,0.0
2021-02-12,0.004260650643955584,0.0
2021-02-16,-0.00035313493249265705,0.0
2021-02-17,-0.0004236104906483565,0.0
2021-02-18,-0.005593767582332802,0.0
2021-02-19,0.006053727677256422,0.0
2021-02-22,0.0038257935075493676,0.0
2021-02-23,0.004606704306975518,0.0
2021-02-24,0.012841552712993701,0.0
2021-02-25,-0.020387602041049634,0.0
2021-02-26,-0.007094993195661029,0.0
2021-03-01,0.020861323092599804,0.08208738375403438
2021-03-02,-0.0036793798128416442,0.0
2021-03-03,-0.005584127694731225,0.0
2021-03-04,-0.014417664074456774,0.0
2021-03-05,0.022160459370598705,0.0
2021-03-08,0.009249499456138066,0.0
2021-03-09,0.0018844514296905985,0.0
2021-03-10,0.009301188364455211,0.0
2021-03-11,0.004888823361082878,0.0
2021-03-12,0.007776728735682237,0.0
2021-03-15,0.009351526197830043,0.0
2021-03-16,-0.007678112651926288,0.0
2021-03-17,0.0023629023793196157,0.0
2021-03-18,-0.007626303943996745,0.0
2021-03-19,-0.0014688917907915511,0.0
2021-03-22,0.0008164078574784701,0.0
2021-03-23,-0.01274051093084034,0.0
2021-03-24,0.0003339517397566178,0.0
2021-03-25,0.01284684401217431,0.0
2021-03-26,0.01899627818424209,0.0
2021-03-29,-0.003208803020428052,0.0
2021-03-30,-0.00030827521140872267,0.0
2021-03-31,-0.0023744531162865614,0.0
2021-04-01,0.009056195007750789,0.03974905836177939
2021-04-05,0.010953113730717813,0.0
2021-04-06,0.000563717353345373,0.0
2021-04-07,-0.0029361429861842828,0.0
2021-04-08,0.0003178502010421692,0.0
2021-04-09,0.006578446578445899,0.0
2021-04-12,0.0025637386975752726,0.0
2021-04-13,-0.001843339045745232,0.0
2021-04-14,0.0005246481567915016,0.0
2021-04-15,0.009054653813779059,0.0
2021-04-16,0.0048616802843275304,0.0
2021-04-19,-0.0036276641387441143,0.0
2021-04-20,-0.0049547299868644284,0.0
2021-04-21,0.011420023768185406,0.005564134479742585
2021-04-22,-0.006679581069603214,0.0
2021-04-23,0.009065304214288292,0.0
2021-04-26,0.001014866981711295,0.0
2021-04-27,0.0011279154276273263,0.0
2021-04-28,-0.0012152158222970577,0.0
2021-04-29,0.007743382975194204,0.0
2021-04-30,-0.005092243840288389,0.0
2021-05-03,0.006268288500000496,0.04210785111190733
2021-05-04,-0.0005031443263148308,0.0
2021-05-05,0.0007592492018373179,0.0
2021-05-06,0.00622771929600431,0.0
2021-05-07,0.009661145279781768,0.0
2021-05-10,-0.0012903574074429893,0.0
2021-05-11,-0.011712871093781475,0.0
2021-05-12,-0.021197315994276312,0.0
2021-05-13,0.015974485010050478,0.0
2021-05-14,0.01375680287493275,0.0
2021-05-17,-0.00048000139593100773,0.0
2021-05-18,-0.008387132853479072,0.0
2021-05-19,-0.005821335580961127,0.0
2021-05-20,0.00672353878433175,0.0
2021-05-21,0.0008962422487524554,0.0
2021-05-24,0.005583294873260371,0.0
2021-05-25,-0.00487909837338886,0.0
2021-05-26,0.0035931386233964274,0.0
2021-05-27,0.004057883142133524,0.0
2021-05-28,0.0009702706062508729,0.0
2021-06-01,0.0025951540510742444,0.04465531591061953
2021-06-02,0.0019156440038437276,0.0
2021-06-03,-0.0001689826502079254,0.0
2021-06-04,0.004052602574260865,0.0
2021-06-07,-0.00012655194401439067,0.0
2021-06-08,0.002556158407996942,0.0
2021-06-09,-0.0025149207656517607,0.0
2021-06-10,0.0011223707527269785,0.0
2021-06-11,0.002369627909515719,0.0
2021-06-14,-0.0038109020808553087,0.0
2021-06-15,0.0005117325135550101,0.0
2021-06-16,-0.007850967496332927,0.0
2021-06-17,-0.009368639227551403,0.0
2021-06-18,-0.01652913428311853,0.0
2021-06-21,0.018260588211957994,0.0
2021-06-22,0.00012695003382678374,0.0
2021-06-23,-0.003181907287243531,0.0
2021-06-24,0.004668599692622665,0.0
2021-06-25,0.006200201951258664,0.0
2021-06-28,-0.0047331191197157235,0.0
2021-06-29,-0.0012094804718812782,0.0
2021-06-30,0.0025336649271304372,0.0
2021-07-01,0.00659433774529572,0.04557586519184056
2021-07-02,0.002547131901650663,0.0
2021-07-06,-0.007169477954581643,0.0
2021-07-07,0.004636615999152275,0.0
2021-07-08,-0.009957589906560226,0.0
2021-07-09,0.014580561093554895,0.0
2021-07-12,0.002848148909129976,0.0
2021-07-13,-0.009024707710677597,0.0
2021-07-14,0.0014002282024492769,0.0
2021-07-15,-0.0018169481403028233,0.0
2021-07-16,-0.006206565096851975,0.0
2021-07-19,-0.018216667175602712,0.0
2021-07-20,0.018955309661951594,0.0
2021-07-21,0.007633033705417381,0.0
2021-07-22,-0.003370892581874287,0.0
2021-07-23,0.009470834021763245,0.0
2021-07-26,0.0034105629358492,0.0
2021-07-27,0.00045959683677028636,0.0
2021-07-28,-0.0016408511665353118,0.0
2021-07-29,0.005589064412869493,0.0
2021-07-30,-0.003352706237648483,0.0
2021-08-02,-0.0024749656145727217,0.05137464402938444
2021-08-03,0.007221066302945927,0.0
2021-08-04,-0.011716131315122837,0.0
2021-08-05,0.008275497168324658,0.0
2021-08-06,0.0053218528661233035,0.0
2021-08-09,-0.0030124559754132864,0.0
2021-08-10,0.003694794500736429,0.0
2021-08-11,0.008280904030978066,0.0
2021-08-12,-0.0008952380665946305,0.0
2021-08-13,0.00063232023619427,0.0
2021-08-16,0.0019773239912022566,0.0
2021-08-17,-0.006989007439481963,0.0
2021-08-18,-0.01138342618176321,0.0
2021-08-19,-0.002772427895746692,0.0
2021-08-20,0.007005689514098952,0.0
2021-08-23,0.005626017501191731,0.0
2021-08-24,0.0031789178672146333,0.0
2021-08-25,0.005325825531896104,0.0
2021-08-26,-0.007681406965202683,0.0
2021-08-27,0.009385234510912624,0.0
2021-08-30,-0.0012881642047644594,0.0
2021-08-31,0.0005213334998441522,0.0
2021-09-01,2.4859781520447655e-05,0.040819026486022
2021-09-02,0.005695707914255266,0.0
2021-09-03,-0.003635143831616154,0.0
2021-09-07,-0.009030139308055749,0.0
2021-09-08,0.0006029009269735419,0.0
2021-09-09,-0.004860130245051183,0.0
2021-09-10,-0.0068899614203759875,0.0
2021-09-13,0.003875245441083764,0.0
2021-09-14,-0.007973294418865639,0.0
2021-09-15,0.00802349494553695,0.0
2021-09-16,-0.0022377778429796768,0.0
2021-09-17,-0.00885192793277633,0.0
2021-09-20,-0.013677515855559477,0.0
2021-09-21,-0.002783864393234333,0.0
2021-09-22,0.0115268454847003,0.0
2021-09-23,0.012645712903416904,0.0
2021-09-24,0.0011651813074622706,0.0
2021-09-27,0.0003796330810889223,0.0
2021-09-28,-0.013070917639578667,0.0
2021-09-29,0.00275153014997281,0.0
2021-09-30,-0.017102413813435,0.0
2021-10-01,0.012838937734860334,0.052364649268260066
2021-10-04,-0.006824351351446797,0.0
2021-10-05,0.006572198474310588,0.0
2021-10-06,0.0026407166737054204,0.0
2021-10-07,0.0068312093705053785,0.0
2021-10-08,-0.002869954050738802,0.0
2021-10-11,-0.004978981246613648,0.0
2021-10-12,-0.00012076643971803175,0.0
2021-10-13,0.0007268466929659266,0.0
2021-10-14,0.017450751912727748,0.0
2021-10-15,0.00369796728884988,0.0
2021-10-18,-0.0011936074310956698,0.0
2021-10-19,0.004841179431743099,0.0
2021-10-20,0.007582296845939339,0.0
2021-10-21,0.0003060259585498956,0.0
2021-10-22,0.0024116711286787293,0.0
2021-10-25,0.0008181522338887106,0.0
2021-10-26,-0.0015188122382771617,0.0
2021-10-27,-0.012982605054449316,0.0
2021-10-28,0.010161296805766516,0.0
2021-10-29,-0.0019935866131349555,0.0
2021-11-01,0.0050493035428593736,0.06053554580516934
2021-11-02,0.0014150473903393973,0.0
2021-11-03,0.007300530544435859,0.0
2021-11-04,-0.0022255191011657243,0.0
2021-11-05,0.00839608156983871,0.0
2021-11-08,0.00034487702296750333,0.0
2021-11-09,-0.00022165358383257293,0.0
2021-11-10,-0.0031373219000368426,0.0
2021-11-11,0.001894240790403991,0.0
2021-11-12,0.0054853040471774025,0.0
2021-11-15,0.0026877030160948915,0.0
2021-11-16,-0.0005950200163433064,0.0
2021-11-17,-0.005387989580762772,0.0
2021-11-18,-0.0038081754674060327,0.0
2021-11-19,-0.004837301922854606,0.0
2021-11-22,0.0024808684926638305,0.0
2021-11-23,0.005604149948063412,0.0
2021-11-24,-0.0009819951778724534,0.0
2021-11-26,-0.025237539082008476,0.0
2021-11-29,0.006250980766181994,0.0
2021-11-30,-0.024933334395902673,0.0
2021-12-01,-0.010240285272856697,0.06144317234495923
2021-12-02,0.02380779136799303,0.0
2021-12-03,-0.0022623346960146153,0.0
2021-12-06,0.0154953630684873,0.0
2021-12-07,0.014644429289873582,0.0
2021-12-08,0.004393810472185939,0.0
2021-12-09,-0.005503478025157638,0.0
2021-12-10,0.0065381630306595075,0.0
2021-12-13,-0.005126482364497478,0.0
2021-12-14,-0.004556934247546687,0.0
2021-12-15,0.011223792782284914,0.0058786816204203516
2021-12-16,0.00041154080938602083,0.0
2021-12-17,-0.009548270642171746,0.0
2021-12-20,-0.012780355578072174,0.0
2022-01-11,0.007027121209674858,0.037124764890644035
2022-01-12,0.0001783887184194895,0.0
2022-01-13,-0.0020184786849306567,0.0
2022-01-14,-0.0034109084117494777,0.0
2022-01-18,-0.01519766842959836,0.0
2022-01-19,-0.010706273747799087,0.0
2022-01-20,-0.0120499914258632,0.0
2022-01-21,-0.011297703847306897,0.0
2022-01-24,0.005015151032977739,0.0
2022-01-25,-0.009913269359348283,0.0
2022-01-26,-0.006888658152796174,0.0
2022-01-27,-0.006260845276009019,0.0
2022-01-28,0.01702777705499126,0.0
2022-01-31,0.013604091298330762,0.0
2022-02-01,0.0070945252684944116,0.03637604307560714
2022-02-02,0.007242666759232477,0.0
2022-02-03,-0.013692042256941518,0.0
2022-02-04,-0.0037113643717770982,0.0
2022-02-07,0.00043994342818706153,0.0
2022-02-08,0.0098613583471011,0.0
2022-02-09,0.015013336632485483,0.0
2022-02-10,-0.016983900377012667,0.0
2022-02-11,-0.011522243542294305,0.0
2022-02-14,-0.007706077500142591,0.0
2022-02-15,0.015166712695916289,0.0
2022-02-16,0.0032194812435087806,0.0
2022-02-17,-0.015872516543769147,0.0
2022-02-18,-0.0038299968082214715,0.0
2022-02-22,-0.008945936025459941,0.0
2022-02-23,-0.016088436590111065,0.0
2022-02-24,0.006767255468866609,0.0
2022-02-25,0.027318629357637216,0.0
2022-02-28,-0.007484848290233387,0.0
2022-03-01,-0.01832290988165941,0.05687061936278328
2022-03-02,0.0205395168321719,0.0
2022-03-03,0.0003912746967358327,0.005784537036081044
2022-03-04,-0.004634107280932611,0.0
2022-03-07,-0.0272618515634834,0.0
2022-03-08,-0.0082124711228469,0.0
2022-03-09,0.0204539725983601,0.0
2022-03-10,-0.0018477432426424244,0.0
2022-03-11,-0.007800329701543429,0.0
2022-03-14,-0.0014314337380873312,0.0
2022-03-15,0.016606050667936915,0.0
2022-03-16,0.01737399952437292,0.0
2022-03-17,0.011930886793609895,0.0
2022-03-18,0.0067261727668933196,0.0
2022-03-21,-0.0025857662379606882,0.0
2022-03-22,0.005640092301478335,0.0
2022-03-23,-0.012170601983088902,0.0
2022-03-24,0.010467483217085502,0.0
2022-03-25,0.008112527872420065,0.0
2022-03-28,0.0029530203701334324,0.0
2022-03-29,0.014340745851230388,0.0
2022-03-30,-0.005207649530452256,0.0
2022-03-31,-0.012453472084693076,0.0
2022-04-01,0.0035324035252783936,0.056053949911519005
2022-04-04,-0.0002136711886654355,0.0
2022-04-05,-0.00785325925268545,0.0
2022-04-06,-0.0016644701266820341,0.0
2022-04-07,0.002024398619218744,0.0
2022-04-08,0.002219861369918614,0.0
2022-04-11,-0.007724130235322655,0.0
2022-04-12,-0.0023517234245840285,0.0
2022-04-13,0.009098607141733581,0.0
2022-04-14,-0.004855836599571867,0.0
2022-04-18,-0.0016273940567747783,0.0
2022-04-19,0.01761992020568514,0.0
2022-04-20,0.008911922149446206,0.0
2022-04-21,-0.010101221849271872,0.0
2022-04-22,-0.027668893313766714,0.0
2022-04-25,0.0032231670111593346,0.0
2022-04-26,-0.021975068037005684,0.0
2022-04-27,0.0017819337946427334,0.0
2022-04-28,0.01666772434077863,0.0
2022-04-29,-0.03124810275534126,0.0
2022-05-02,-0.0013481545745410717,0.05666681559437785
2022-05-03,0.010928469731326176,0.0
2022-05-04,0.02594968482809463,0.0
2022-05-05,-0.028881514399559435,0.0
2022-05-06,-0.006202633092412015,0.0
2022-05-09,-0.02479130859492485,0.0
2022-05-10,-0.003980340431476451,0.0
2022-05-11,-0.011100182866866249,0.0
2022-05-12,0.006186745406846617,0.0
2022-05-13,0.020270500896933594,0.0
2022-05-16,-0.0016381921240117478,0.0
2022-05-17,0.02067795162858929,0.0
2022-05-18,-0.03959030847407219,0.0
2022-05-19,-0.006519480528312318,0.0
2022-05-20,-0.0011176468610400113,0.0
2022-05-23,0.012520157618642998,0.0
2022-05-24,-0.002982182533363152,0.0
2022-05-25,0.009651533065575927,0.0
2022-05-26,0.018546113163305244,0.0
2022-05-27,0.021266701372845576,0.0
2022-05-31,-0.008892775508018761,0.0
2022-06-01,-0.011170506351366627,0.0620922365939144
2022-06-02,0.015126320481934703,0.0
2022-06-03,-0.011020742489458892,0.0
2022-06-06,0.0033943366780777393,0.0
2022-06-07,0.008488477000203307,0.0
2022-06-08,-0.016164777020559358,0.0
2022-06-09,-0.02151912537458249,0.0
2022-06-10,-0.02559061676693258,0.0
2022-06-13,-0.038590520704244714,0.0
2022-06-14,-0.006161803490342038,0.0
2022-06-15,0.009168466010218871,0.0
2022-06-16,-0.03292338074551972,0.0
2022-06-17,0.003951152277135896,0.0
2022-06-21,0.01839555752071974,0.0
2022-06-22,0.0012766361423139077,0.0
2022-06-23,0.00936969791274766,0.0
2022-06-24,0.030442164570688483,0.0
2022-06-27,-0.00044064559221623735,0.0
2022-06-28,-0.015103237098442909,0.0
2022-06-29,-0.004471287046979933,0.0
2022-06-30,-0.005965798577979102,0.0
2022-07-01,0.012284080864505054,0.0645916199185696
2022-07-05,-0.003326134365736918,0.0
2022-07-06,-0.0004628485998525383,0.0
2022-07-07,0.012075197869229481,0.0
2022-07-08,-0.00393385793903096,0.0
2022-07-11,-0.008496009920416242,0.0
2022-07-12,-0.0018502857270208221,0.0
2022-07-13,-0.0060782533360119505,0.0
2022-07-14,-0.006149459649345088,0.0
2022-07-15,0.017391195624167577,0.0
2022-07-18,-0.00548046715112894,0.0
2022-07-19,0.028565029842184644,0.0
2022-07-20,0.004634565253679571,0.0
2022-07-21,0.004589886169003074,0.0
2022-07-22,-0.004254644624555536,0.0
2022-07-25,0.0026896202792769004,0.0
2022-07-26,-0.007776845752396814,0.0
2022-07-27,0.01694058813311317,0.0
2022-07-28,0.016096183415297248,0.0
2022-07-29,0.008172238996651463,0.0
2022-08-01,-0.0024370493270338134,0.05286141617253255
2022-08-02,-0.007470027518647564,0.0
2022-08-03,0.011951366180742794,0.0
2022-08-04,-0.0015040789439290548,0.0
2022-08-05,0.000539653380101885,0.0
2022-08-08,0.005015950636292718,0.0
2022-08-09,-0.004120858739556474,0.0
2022-08-10,0.01981902545417839,0.0
2022-08-11,0.003328531668659611,0.0
2022-08-12,0.015497214931339221,0.0
2022-08-15,0.0022984518007273065,0.0
2022-08-16,0.0040832862748296835,0.0
2022-08-17,-0.008679924303678425,0.0
2022-08-18,0.0021685355259065224,0.0
2022-08-19,-0.011569082710333816,0.0
2022-08-22,-0.020930883927301733,0.0
2022-08-23,-0.0026551005024864427,0.0
2022-08-24,0.0040944637674429595,0.0
2022-08-25,0.014331871979467925,0.0
2022-08-26,-0.031945518937580464,0.0
2022-08-29,-0.006040002711305064,0.0
2022-08-30,-0.01034310357217216,0.0
2022-08-31,-0.00808696271625381,0.0
2022-09-01,0.0017997363717743298,0.046154004802666085
2022-09-02,-0.007611074194578247,0.0
2022-09-06,-0.0021714318055831875,0.0
2022-09-07,0.02198814672758887,0.0
2022-09-08,0.007507010241456641,0.0
2022-09-09,0.013532047292098576,0.0
2022-09-12,0.007736852729243888,0.0
2022-09-13,-0.03934460314293604,0.0
2022-09-14,-0.0021684985024225866,0.0
2022-09-15,-0.007991682075953256,0.0
2022-09-16,-0.008252161810675684,0.0
2022-09-19,0.007729255819130178,0.0
2022-09-20,-0.016975796030579457,0.0
2022-09-21,-0.01626240282386905,0.0
2022-09-22,-0.011522757972984521,0.0
2022-09-23,-0.015042091195303496,0.0
2022-09-26,-0.014861000923499144,0.0
2022-09-27,-0.0035038164139383756,0.0
2022-09-28,0.024782059006579968,0.0
2022-09-29,-0.02056752514023455,0.0
2022-09-30,-0.013732011319594912,0.0
2022-10-03,0.0273316763403626,0.051629397202262894
2022-10-04,0.032627253318703524,0.0
2022-10-05,-0.005921457673086558,0.0
2022-10-06,-0.013178297364835934,0.0
2022-10-07,-0.023579447275464353,0.0
2022-10-10,-0.005567893912134841,0.0
2022-10-11,-0.0012748917881816083,0.0
2022-10-12,-0.005415970028596872,0.0
2022-10-13,0.023821721577276817,0.0
2022-10-14,-0.020177184289058944,0.0
2022-10-17,0.022259426679003717,0.0
2022-10-18,0.015025245785280028,0.0
2022-10-19,-0.01217204633022152,0.0
2022-10-20,-0.010401195288672452,0.0
2022-10-21,0.021858365834156852,0.0
2022-10-24,0.011764467947520606,0.0
2022-10-25,0.019779069584508986,0.0
2022-10-26,-0.00018043956242112173,0.0
2022-10-27,0.0013966074904790899,0.0
2022-10-28,0.021237567355819338,0.0
2022-10-31,-0.005839923686963448,0.0
2022-11-01,0.0009531155532300772,0.06905330182044217
2022-11-02,-0.025714541676872926,0.00570210333349081
2022-11-03,-0.009456250142349482,0.0
2022-11-04,0.01642498929946808,0.0
2022-11-07,0.007820027378287927,0.0
2022-11-08,0.007211896867748909,0.0
2022-11-09,-0.016025928056158358,0.0
2022-11-10,0.05562145149724454,0.0
2022-11-11,0.011437051267949007,0.0
2022-11-14,-0.011647229650084027,0.0
2022-11-15,0.00809131145051408,0.0
2022-11-16,-0.011264049231431872,0.0
2022-11-17,-0.004151887516302647,0.0
2022-11-18,0.0077985423552710854,0.0
2022-11-21,0.0003902995274192935,0.0
2022-11-22,0.011508365310034702,0.0
2022-11-23,0.004360810734907343,0.0
2022-11-25,0.0035702484673683682,0.0
2022-11-28,-0.016377177203695907,0.0
2022-11-29,0.0036206214729480515,0.0
2022-11-30,0.02269588379018072,0.0
2022-12-01,0.0003491119984275759,0.051497073141793547
2022-12-02,-0.0013533540606149906,0.0
2022-12-05,-0.017872863376577307,0.0
2022-12-06,-0.01078006272962565,0.0
2022-12-07,-0.0009842744355466199,0.0
2022-12-08,0.005604573497701219,0.0
2022-12-09,-0.006754818856958255,0.0
2022-12-12,0.015144328217505883,0.0
2022-12-13,0.005893951638887385,0.0
2022-12-14,-0.00711007069682723,0.0
2022-12-15,-0.02148269648608903,0.0
2022-12-16,-0.01053896614606731,0.0
2022-12-19,-0.009331198488042296,0.0
2022-12-20,0.0007686248519380447,0.0
2022-12-21,0.01392338914901399,0.0
2022-12-22,-0.00959458698400196,0.0
2023-01-05,-0.009932039621636801,0.046481330083137436
2023-01-06,0.02359832150205462,0.0
2023-01-09,-0.002441686305741333,0.0
2023-01-10,0.007224126499627351,0.0
2023-01-11,0.013121040889634838,0.0
2023-01-12,0.003904854240240546,0.0
2023-01-13,0.0014168295908667755,0.0
2023-01-17,-0.002365645399243425,0.0
2023-01-18,-0.014874741259063962,0.0
2023-01-19,-0.01069006933566944,0.0
2023-01-20,0.01740376243590239,0.0
2023-01-23,0.009922571646597784,0.0
2023-01-24,-0.0013229255386610359,0.0
2023-01-25,0.001231502250188772,0.0
2023-01-26,0.00801191960201614,0.0
2023-01-27,0.0010194254277105272,0.0
2023-01-30,-0.010024703700295125,0.0
2023-01-31,0.016624081502751197,0.0
2023-02-01,0.010564895729902712,0.06254678399693184
2023-02-02,0.01280519854152065,0.0
2023-02-03,-0.011911308113438046,0.0
2023-02-06,-0.006855886725732805,0.0
2023-02-07,0.0074318790367667465,0.0
2023-02-08,-0.01199601400262688,0.0
2023-02-09,-0.009282594123984663,0.0
2023-02-10,0.004485074934009172,0.0
2023-02-13,0.010246776420158324,0.0
2023-02-14,-0.003191683815784629,0.0
2023-02-15,0.0036190252807970923,0.0
2023-02-16,-0.011075879791885125,0.0
2023-02-17,-0.00029211144880689216,0.0
2023-02-21,-0.02162660553408638,0.0
2023-02-22,-0.0017521391046172801,0.0
2023-02-23,0.003284012606153533,0.0
2023-02-24,-0.00860193531438691,0.0
2023-02-27,0.001200628805297692,0.0
2023-02-28,-0.00265758490477494,0.0
2023-03-01,-0.004201717195617238,0.04612305171910967
2023-03-02,0.007779053085723608,0.0
2023-03-03,0.012129983732216312,0.0
2023-03-06,-0.0037890525933919074,0.0
2023-03-07,-0.015931718696753156,0.0
2023-03-08,0.002093844943770999,0.0
2023-03-09,-0.01676405278139407,0.0
2023-03-10,-0.01889652570089665,0.0
2023-03-13,-0.005463856806793139,0.0
2023-03-14,0.011649512663012944,0.0
2023-03-15,-0.010870289502040621,0.0
2023-03-16,0.01123300523002202,0.004630820672056508
2023-03-17,-0.016194207595331543,0.0
2023-03-20,0.012303522329249458,0.0
2023-03-21,0.0094581000207139,0.0
2023-03-22,-0.021683591521258278,0.0
2023-03-23,-0.0025548743607376172,0.0
2023-03-24,0.009599242550341388,0.0
2023-03-27,0.005583999606044772,0.0
2023-03-28,0.003568380533706468,0.0
2023-03-29,0.013929869154197545,0.0
2023-03-30,0.004913320758348035,0.0
2023-03-31,0.015695938618023157,0.0
2023-04-03,-0.00039000092453345125,0.05578919197482046
2023-04-04,-0.009570699871230978,0.0
2023-04-05,-0.0011868812000697957,0.0
2023-04-06,0.0012980430930231192,0.0
2023-04-10,0.005873356796082716,0.0
2023-04-11,0.0068638805026908205,0.0
2023-04-12,-0.005226858400597056,0.0
2023-04-13,0.007360984383487951,0.0
2023-04-14,-0.003073928955137979,0.0
2023-04-17,0.00668016955840854,0.0
2023-04-18,-0.000290318145519284,0.0
2023-04-19,0.001083027235207078,0.0
2023-04-20,-0.005056127318924913,0.0
2023-04-21,0.000759192829710226,0.0
2023-04-24,0.002616154269975547,0.0
2023-04-25,-0.014618620943006675,0.0
2023-04-26,-0.00855596342601197,0.0
2023-04-27,0.01682130838646541,0.0
2023-04-28,0.01061418120449375,0.0
2023-05-01,-0.0009798489906508445,0.050091208220215094
2023-05-02,-0.01231972691178014,0.0
2023-05-03,-0.0033568355960982153,0.0
2023-05-04,-0.00662966303185929,0.0
2023-05-05,0.01613074331742291,0.0
2023-05-08,-0.0012406173725308621,0.0
2023-05-09,-0.004397658700396139,0.0
2023-05-10,0.0005873846386469546,0.0
2023-05-11,-0.004012957578719033,0.0
2023-05-12,0.0009500207476193617,0.0
2023-05-15,0.005220133346331269,0.0
2023-05-16,-0.013718943560222416,0.0
2023-05-17,0.011307791465321926,0.0
2023-05-18,0.005831136648026666,0.0
2023-05-19,-0.0034638386147060572,0.0
2023-05-22,0.0009664957001556538,0.0
2023-05-23,-0.01111685617399041,0.0
2023-05-24,-0.012485127654863822,0.0
2023-05-25,-0.002179452022834471,0.0
2023-05-26,0.00844728384278684,0.0
2023-05-30,-0.002479872775287488,0.0
2023-05-31,-0.008683334726148647,0.0
2023-06-01,0.005361848545185399,0.06540503477979208
2023-06-02,0.023100502395093453,0.0
2023-06-05,-0.0038756500959844647,0.0
2023-06-06,0.006755356365966926,0.0
2023-06-07,0.009626754139612021,0.0
2023-06-08,-6.496833101836096e-05,0.0
2023-06-09,-0.0013667592378463537,0.0
2023-06-12,0.005381685650289217,0.0
2023-06-13,0.00977434206761643,0.0
2023-06-14,-0.000906651899650829,0.0
2023-06-15,0.011677353479745665,0.0
2023-06-16,-0.0006085341157753911,0.0
2023-06-20,-0.009052223375470826,0.0
2023-06-21,-6.502173915221715e-05,0.0
2023-06-22,-0.004191935112948616,0.0
2023-06-23,-0.00837433580248525,0.0
2023-06-26,0.005257560574552893,0.0
2023-06-27,0.012258570605163773,0.0
2023-06-28,-0.0019362707713995978,0.0
2023-06-29,0.0072724094534173805,0.0
2023-06-30,0.009301406074161803,0.0
2023-07-03,0.003436063589154381,0.04754726333587947
2023-07-05,-0.003934051192810669,0.0
2023-07-06,-0.0076125874317901215,0.0
2023-07-07,0.0004299139521736211,0.0
2023-07-10,0.007620173652061449,0.0
2023-07-11,0.00995223409899081,0.0
2023-07-12,0.00426531016098753,0.0
2023-07-13,0.004849963356751101,0.0
2023-07-14,-0.0051933061330590455,0.0
2023-07-17,-0.00023646440884100717,0.0
2023-07-18,0.005636079668259103,0.0
2023-07-19,0.005310635139923947,0.0
2023-07-20,-0.0004924832014422962,0.0
2023-07-21,0.002812138224873548,0.0
2023-07-24,0.003331332362051199,0.0
2023-07-25,-0.0007917283227830886,0.0
2023-07-26,0.0010367701097671355,0.0
2023-07-27,-0.008035408576620195,0.0
2023-07-28,0.004839266237443363,0.0
2023-07-31,0.0023731106654966755,0.0
2023-08-01,-0.002738252869873725,0.04855948022064781
2023-08-02,-0.00635552527445893,0.0
2023-08-03,-0.00480452473370423,0.0
2023-08-04,-0.003738996458074787,0.0
2023-08-07,0.009621631970425728,0.0
2023-08-08,-0.005828548496137869,0.0
2023-08-09,-0.0018044748831925821,0.0
2023-08-10,-0.002697540690074656,0.0
2023-08-11,0.0009559621943823099,0.0
2023-08-14,-0.00043486571678258255,0.0
2023-08-15,-0.013981472292433444,0.0
2023-08-16,-0.006093689615171077,0.0
2023-08-17,-0.006539498038109244,0.0
2023-08-18,0.0014597358378380639,0.0
2023-08-21,-0.0011906810928341903,0.0
2023-08-22,-0.002068244884356899,0.0
2023-08-23,0.007526868983435427,0.0
2023-08-24,-0.008450461938253934,0.0
2023-08-25,0.005250271014924415,0.0
2023-08-28,0.006832764477897362,0.0
2023-08-29,0.009976740221476238,0.0
2023-08-30,0.0025934895380850384,0.0
2023-08-31,-0.004160523485047918,0.005655975679088617
2023-09-01,0.0019776770892903084,0.05113142401007628
2023-09-05,-0.012876671389145026,0.0
2023-09-06,-0.00325282936551942,0.0
2023-09-07,-0.003672679831338785,0.0
2023-09-08,0.0017866166280197885,0.0
2023-09-11,0.0015433994620729168,0.0
2023-09-12,-0.002165792515630492,0.0
2023-09-13,-0.0028876515858069153,0.0
2023-09-14,0.01141746750627863,0.0
2023-09-15,-0.007114549997295451,0.0
2023-09-18,-0.0015727670681212258,0.0
2023-09-19,-0.0008698064706135864,0.0
2023-09-20,-0.002783325756155317,0.0
2023-09-21,-0.01600375674773078,0.0
2023-09-22,-0.0043774549288577306,0.0
2023-09-25,0.002319736351546509,0.0
2023-09-26,-0.014769631872978294,0.0
2023-09-27,-0.002336371063214415,0.0
2023-09-28,0.007336580898961385,0.0
2023-09-29,-0.0033488620638050014,0.0
2023-10-02,-0.010317754067377782,0.04341598019609785
2023-10-03,-0.013278404604399241,0.0
2023-10-04,0.007100167845563934,0.0
2023-10-05,-0.003233790168054344,0.0
2023-10-06,0.007411003011125861,0.0
2023-10-09,0.00574912011014753,0.0
2023-10-10,0.00807137825088866,0.0
2023-10-11,0.0036055835415341065,0.0
2023-10-12,-0.012597770876769077,0.0
2023-10-13,-0.0015392537003010756,0.0
2023-10-16,0.012729573663702348,0.0
2023-10-17,0.004551567806630488,0.0
2023-10-18,-0.01590273778688892,0.0
2023-10-19,-0.012786573898035836,0.005083549344002981
2023-10-20,-0.009639218882931778,0.0
2023-10-23,-0.006872841591926438,0.0
2023-10-24,0.007319041176649991,0.0
2023-10-25,-0.009302587956892828,0.0
2023-10-26,-0.0014927214336188774,0.0
2023-10-27,-0.012419509116560168,0.0
2023-10-30,0.009755739362382368,0.0
2023-10-31,0.008558210905787515,0.0
2023-11-01,0.005776310707291232,0.06539054967365915
2023-11-02,0.018743903277516454,0.0
2023-11-03,0.01580492986728261,0.0
2023-11-06,-0.00511027037706006,0.0
2023-11-07,-0.002216029057708088,0.0
2023-11-08,-0.001086515038577328,0.0
2023-11-09,-0.010014376649255315,0.0
2023-11-10,0.011391772339387199,0.0
2023-11-13,-0.003002874839466158,0.0
2023-11-14,0.027992339761889994,0.0
2023-11-15,0.004823187212859204,0.0
2023-11-16,-0.0023237662710055805,0.0
2023-11-17,0.0034897624792653184,0.0
2023-11-20,0.003169659024111563,0.0
2023-11-21,-0.001911081452141895,0.0
2023-11-22,0.005740990476669393,0.0
2023-11-24,0.003143670670866977,0.0
2023-11-27,-0.0031560062847058898,0.0
2023-11-28,0.00019872346215997667,0.0
2023-11-29,0.0038484649348762014,0.0
2023-11-30,0.008634207007041672,0.0
2023-12-01,0.014817688390591499,0.056956799427881524
2023-12-04,0.001053438253028238,0.0
2023-12-05,-0.008628455131227248,0.0
2023-12-06,0.0028889661036054803,0.0
2023-12-07,0.0043618444886285215,0.0
2023-12-08,0.0011438234453110085,0.0
2023-12-11,0.008226435514422838,0.0
2023-12-12,0.0028126005680629,0.0
2023-12-13,0.02356267861947616,0.0
2023-12-14,0.011463162269822347,0.0
2023-12-15,-0.006998365028195837,0.0
2023-12-18,0.0009789372851433597,0.0
2024-02-02,-0.003781603059702876,0.04354808278988989
2024-02-05,-0.00958433264017754,0.0
2024-02-06,0.006308468499413739,0.0
2024-02-07,0.0033702044610431584,0.0
2024-02-08,0.0017651761952069387,0.0
2024-02-09,0.0015370494904649048,0.0
2024-02-12,0.006445520786525807,0.0
2024-02-13,-0.01647700696037528,0.0
2024-02-14,0.006690916509026513,0.0
2024-02-15,0.010897172976664054,0.0
2024-02-16,-0.004333953901701083,0.0
2024-02-20,-0.0019078646567028557,0.0
2024-02-21,0.004057111586615923,0.0
2024-02-22,0.010189155738507774,0.0
2024-02-23,0.003317073958819055,0.0
2024-02-26,-0.005130815289629824,0.0
2024-02-27,0.0038065390367577343,0.0
2024-02-28,-0.00026708992635988185,0.0
2024-02-29,0.006010130399919237,0.0
2024-03-01,0.004992545282505256,0.052892827873277565
2024-03-04,0.0028274428892648565,0.0
2024-03-05,-0.004700736121575242,0.0
2024-03-06,0.005519213297870876,0.0
2024-03-07,0.007234972077949176,0.0
2024-03-08,-2.9655328625759515e-05,0.0
2024-03-11,0.0016457143267301182,0.0
2024-03-12,0.0018342491065315028,0.0
2024-03-13,0.0015266889347964406,0.0
2024-03-14,-0.009548860270391889,0.0
2024-03-15,-0.0007377498490894508,0.0
2024-03-18,0.0032546491077697715,0.0
2024-03-19,0.0060490531167426125,0.0
2024-03-20,0.008251576057255523,0.0
2024-03-21,0.006455196318595771,0.0
2024-03-22,-0.005908207118436124,0.0
2024-03-25,-0.0028335304537692816,0.0
2024-03-26,-0.0012167106971616138,0.0
2024-03-27,0.01771689213148931,0.0
2024-03-28,0.00483727090934306,0.0
2024-04-01,-0.006449630700717912,0.04395933631634006
2024-04-02,-0.00882858683966381,0.005604961599077113
2024-04-03,0.001176515926593297,0.0
2024-04-04,-0.010347519083188048,0.0
2024-04-05,0.005969838958849883,0.0
2024-04-08,0.0027304820640986893,0.0
2024-04-09,0.0035934437139414016,0.0
2024-04-10,-0.01645638058862466,0.0
2024-04-11,-0.00032760324813076825,0.0
2024-04-12,-0.015370265086386854,0.0
2024-04-15,-0.008770618187398506,0.0
2024-04-16,-0.005974310335853489,0.0
2024-04-17,-0.0010947191432647146,0.0
2024-04-18,-0.00041192121400064385,0.0
2024-04-19,0.004606517154286401,0.0
2024-04-22,0.009242778508298053,0.0
2024-04-23,0.009049684819409543,0.0
2024-04-24,0.002127800629666926,0.0
2024-04-25,-0.0032774822863650406,0.0
2024-04-26,0.0012761281888409787,0.0
2024-04-29,0.006081860392387642,0.0
2024-04-30,-0.01459559495172737,0.0
2024-05-01,-0.002882179581834121,0.05332663934569666
2024-05-02,0.006450525298398495,0.0
2024-05-03,0.007931237314282497,0.0
2024-05-06,0.0065747215294448946,0.0
2024-05-07,0.004268814358749122,0.0
2024-05-08,-0.0002017358826148396,0.0
2024-05-09,0.01076742896173033,0.00545857985683781
2024-05-10,0.002193836785624802,0.0
2024-05-13,0.00019068864137681104,0.0
2024-05-14,0.0036796545110654166,0.0
2024-05-15,0.00781540308257651,0.0
2024-05-16,-0.000874230746489541,0.0
2024-05-17,0.0002892413344322798,0.0
2024-05-20,-0.0007342884760594387,0.0
2024-05-21,-0.0006745523619080781,0.0
2024-05-22,-0.0038390024170714666,0.0
2024-05-23,-0.012970929264778582,0.0
2024-05-24,0.0058078665180744445,0.0
2024-05-28,-0.007793445587951064,0.0
2024-05-29,-0.010722613023950885,0.0
2024-05-30,0.004416394515861323,0.0
2024-05-31,0.014475863349538421,0.0
2024-06-03,-0.0037697197378482317,0.049024355335171674
2024-06-04,-0.0012439371495607946,0.0
2024-06-05,0.005556668356815833,0.0
2024-06-06,-0.0012288161568830749,0.0
2024-06-07,-0.00284087728652926,0.0
2024-06-10,0.003910593845965711,0.0
2024-06-11,-0.004671342046754146,0.0
2024-06-12,0.003679828957077005,0.0
2024-06-13,-0.002660786092690553,0.0
2024-06-14,-0.005873853275963122,0.0
2024-06-17,0.005876709822494307,0.0
2024-06-18,0.002324831989851216,0.0
2024-06-20,0.0015882500206207619,0.0
2024-06-21,0.0013909022419769951,0.0
2024-06-24,0.005374013683809725,0.0
2024-06-25,-0.007405592106974583,0.0
2024-06-26,-0.00273007052305441,0.0
2024-06-27,0.0005545226268963697,0.0
2024-06-28,0.0012176866402385752,0.0
2024-07-01,-0.008110527804937262,0.044942297255867326
2024-07-02,0.0035834637191675604,0.0
2024-07-03,-0.00034845365820603783,0.0
2024-07-05,-0.001672526784657802,0.0
2024-07-08,0.0015366726568613845,0.0
2024-07-09,-0.0015642876583876043,0.0
2024-07-10,0.00916596025561802,0.0
2024-07-11,0.012644112788073595,0.0
2024-07-12,0.007413106779951892,0.0
2024-07-15,0.00037577951160653494,0.0
2024-07-16,0.017298346451338167,0.0
2024-07-17,-0.0025583740677086204,0.0
2024-07-18,-0.007915729431593032,0.0
2024-07-19,-0.0053543313427817886,0.0
2024-07-22,0.007945932092531544,0.0
2024-07-23,-0.004561100204965263,0.0
2024-07-24,-0.008873562623959122,0.0
2024-07-25,0.0013834209301144226,0.0
2024-07-26,0.01586993572882659,0.0
2024-07-29,0.0017801147405679869,0.0
2024-07-30,0.005399238339847249,0.0
2024-07-31,0.0018081279142077298,0.0
2024-08-01,-0.006114091222742868,0.07926504926413865
2024-08-02,-0.017725137766198235,0.0
2024-08-05,-0.025086696604032573,0.0
2024-08-06,0.009054270773703382,0.0
2024-08-07,-0.006924635478567124,0.0
2024-08-08,0.016980887561194414,0.0
2024-08-09,0.003219256698637446,0.0
2024-08-12,-0.005866604717636538,0.0
2024-08-13,0.010658812444362857,0.0
2024-08-14,0.0014396946979027886,0.0
2024-08-15,0.012280100091224086,0.0
2024-08-16,0.003225944902009845,0.0
2024-08-19,0.008068055326729835,0.0
2024-08-20,-0.0036413845791247574,0.0
2024-08-21,0.00677333321035691,0.0
2024-08-22,-0.003004173491566969,0.0
2024-08-23,0.012602354803453614,0.0
2024-08-26,-0.0005600011027131016,0.0
2024-08-27,-0.00021686603703820092,0.0
2024-08-28,-0.0025604778950698327,0.0
2024-08-29,0.0014735074986544157,0.0
2024-08-30,0.009057398266573617,0.0
2024-09-03,-0.011619322082876304,0.04333067169607277
2024-09-04,-0.002319458317732028,0.0
2024-09-05,-0.006984446737866749,0.0
2024-09-06,-0.011440394702852085,0.0
2024-09-09,0.010095513430624153,0.0
2024-09-10,2.65380593041549e-05,0.0
2024-09-11,0.0026094728803992117,0.0
2024-09-12,0.0062810627751709,0.0
2024-09-13,0.0096932590206416,0.0
2024-09-16,0.006372249512659443,0.0
2024-09-17,0.0006457683698291282,0.0
2024-09-18,-0.0007690007156842823,0.0
2024-09-19,0.00897180891841107,0.0
2024-09-20,-0.004277957923326323,0.0
2024-09-23,0.0051121416457937515,0.0
2024-09-24,0.0004604591083030411,0.0
2024-09-25,-0.006580741141924681,0.0
2024-09-26,0.010403544723934718,0.0
2024-09-27,0.0028551061035398547,0.0
2024-09-30,0.001364755849755711,0.0
2024-10-01,-0.005242398601172149,0.043884230471453976
2024-10-02,-0.0026908700883346713,0.0
2024-10-03,-0.005632175535777621,0.0
2024-10-04,0.005363076680110409,0.0
2024-10-07,-0.008444920206274187,0.0
2024-10-08,0.0032750153612352015,0.0
2024-10-09,0.007486557861984938,0.0
2024-10-10,-0.004436850784645804,0.0
2024-10-11,0.010133758766710868,0.0
2024-10-14,0.0071735067617236655,0.0
2024-10-15,-0.0016449344842025457,0.0
2024-10-16,0.008182371558817052,0.0
2024-10-17,-0.0031561729810632637,0.0
2024-10-18,0.0033609762534793338,0.0
2024-10-21,-0.009545258906763002,0.0
2024-10-22,-0.0025964366690354374,0.0
2024-10-23,-0.0031079138365039003,0.0
2024-10-24,-0.0015784138625495573,0.0
2024-10-25,-0.004755732443536618,0.0
2024-10-28,0.0055997433862017875,0.0
2024-10-29,-0.004515056881629559,0.0
2024-10-30,0.0015042101721829055,0.0
2024-10-31,-0.008566329740928283,0.0
2024-11-01,0.0009359089060685388,0.05657487173841199
2024-11-04,0.0021442253863581543,0.0
2024-11-05,0.011908333060822849,0.0
2024-11-06,0.01628644658660635,0.0
2024-11-07,0.002291846433738396,0.0
2024-11-08,0.004008515012769959,0.0
2024-11-11,0.004171232288091149,0.0
2024-11-12,-0.007986165120575692,0.0
2024-11-13,0.0020633870951151916,0.0
2024-11-14,-0.006833041575213064,0.0
2024-11-15,-0.006972710259912163,0.0
2024-11-18,0.0048509875652762244,0.0
2024-11-19,-0.003164803128453104,0.0
2024-11-20,0.0007418995367580314,0.0
2024-11-21,0.011117642627513922,0.0
2024-11-22,0.006614183601067136,0.0
2024-11-25,0.010398221944644381,0.0
2024-11-26,0.0011246744323831807,0.0
2024-11-27,0.0005957159120436779,0.0
2024-11-29,0.002906355931825034,0.0
2024-12-02,-0.0020095529876623663,0.053760234207449256
2024-12-03,-0.0053574369365871,0.0
2024-12-04,-0.000111738248314269,0.0
2024-12-05,-0.003648810408236652,0.0
2024-12-06,-0.0010390114793094427,0.0
2024-12-09,-0.0017582890812788416,0.0
2024-12-10,-0.004320800671279305,0.0
2024-12-11,0.00018821785373524167,0.0
2024-12-12,-0.0029630629828030644,0.0
2024-12-13,-0.002672018259033886,0.0
2024-12-16,-0.004079029626872868,0.0
2024-12-17,-0.0058289769479647245,0.0
2024-12-18,-0.03000559907499972,0.0
2024-12-19,-0.004902185479072306,0.0
2024-12-20,0.013235580380479228,0.0
2024-12-23,0.00282266069699744,0.0
2025-03-25,-0.004388459474726214,0.0560410270781318
2025-03-26,0.0005093051353339935,0.0
2025-03-27,-0.0011325386926987404,0.0
2025-03-28,-0.014458289004533388,0.0
2025-03-31,0.008737976962256342,0.0
2025-04-01,0.00046873597682894896,0.032609769161059746
2025-04-02,0.007594060109201932,0.0
2025-04-03,-0.04530479572595554,0.0
2025-04-04,-0.05289921887232399,0.0
2025-04-07,-0.010819183668505074,0.0
2025-04-08,-0.02076442441277796,0.0
2025-04-09,0.07508352294002321,0.0
2025-04-10,-0.03184453397593334,0.0
2025-04-11,0.014967630701085751,0.0
2025-04-14,0.013579585118823356,0.0
2025-04-15,-0.00512200699093876,0.0
2025-04-16,-0.013524048121748043,0.0
2025-04-17,0.00878807312704663,0.0
2025-04-21,-0.018873073901515363,0.0
2025-04-22,0.024808841243222933,0.0
2025-04-23,0.009969285905003542,0.0
2025-04-24,0.015717353251800063,0.0
2025-04-25,-0.0009100585309738372,0.0
2025-04-28,0.0034701953118427124,0.0
2025-04-29,0.004899753861239531,0.0
2025-04-30,0.0030905357979312577,0.0
2025-05-01,-0.0037305876478832545,0.05227088221704839
2025-05-02,0.01798281305906762,0.0
2025-05-05,-0.0030365977890178656,0.0
2025-05-06,-0.008677375414837436,0.0
2025-05-07,0.006251479068200635,0.0
2025-05-08,0.00862268668568967,0.0
2025-05-09,-0.0008856291735732593,0.0
2025-05-12,0.0311033060829643,0.0
2025-05-13,0.0017229698336223755,0.0
2025-05-14,-0.007048053095424226,0.0
2025-05-15,0.012278311605861087,0.0
2025-05-16,0.009661532142887005,0.0
2025-05-19,0.0001873403719813372,0.0
2025-05-20,-0.0019216830035934417,0.0
2025-05-21,-0.020841143118849603,0.0
2025-05-22,-0.0024157367144121253,0.0
2025-05-23,-0.002935541891971317,0.0
2025-05-27,0.020387112774419867,0.0
2025-05-28,-0.008636540384259827,0.0
2025-05-29,0.004535122142083979,0.0
2025-05-30,-0.0013894752400102554,0.0
2025-06-02,-0.0012685210888736531,0.05536209540538974
2025-06-03,0.007789777315977717,0.0
2025-06-04,-0.0021709728156775955,0.0
2025-06-05,-0.00015508535163080226,0.0
2025-06-06,0.008364890409074555,0.0
2025-06-09,0.0008612884966383975,0.0
2025-06-10,0.00509305205777874,0.0
2025-06-11,-0.002406003701768537,0.0
2025-06-12,0.0027941537810440504,0.0
2025-06-13,-0.012900813741053622,0.0
2025-06-16,0.00904997085238115,0.0
2025-06-17,-0.011212157176416715,0.0
2025-06-18,-6.235470365654699e-05,0.0
2025-06-20,0.0006769618623088365,0.0
2025-06-23,0.009173446566157182,0.0
2025-06-24,0.00848049423965739,0.0
2025-06-25,-0.007689181730088241,0.0
2025-06-26,0.005841837188341962,0.0
2025-06-27,0.005874316779211875,0.0
2025-06-30,0.005585827443600968,0.0
2025-07-01,0.013172830692537385,0.04804114367802981
2025-07-02,0.0015969182564522105,0.0
2025-07-03,0.0042689505673226946,0.0
2025-07-07,-0.007616158623158752,0.0
2025-07-08,0.0013402131664213453,0.0
2025-07-09,0.005176209089005309,0.0
2025-07-10,0.007408129577185581,0.0
2025-07-11,-0.007469111881775653,0.0
2025-07-14,0.0020921514126333693,0.0
2025-07-15,-0.013273103606343966,0.0
2025-07-16,0.00393172110730515,0.0
2025-07-17,0.007212342707418778,0.0
2025-07-18,0.0008484847086237215,0.0
2025-07-21,-0.003599626779136136,0.0
2025-07-22,0.01364110430785148,0.0
2025-07-23,0.005973317253348288,0.0
2025-07-24,-0.003229255048103862,0.0
2025-07-25,0.003906682137516623,0.0
2025-07-28,-0.0076501303993700125,0.0
2025-07-29,-0.0008051016404877657,0.0
2025-07-30,-0.008312747406422712,0.0
2025-07-31,-0.006208467442905012,0.0
2025-08-01,-0.009054684453971062,0.06640892412817045
2025-08-04,0.012331548683674018,0.0
2025-08-05,-0.0030658368669794073,0.0
2025-08-06,-0.0018823758604860636,0.0
2025-08-07,-0.001585685583855963,0.0
2025-08-08,0.002423566047176669,0.0
2025-08-11,-0.002377497096642517,0.0
2025-08-12,0.01208677721231212,0.0
2025-08-13,0.01459991217401291,0.0
2025-08-14,-0.006202815382319435,0.0
2025-08-15,0.00012931776906168111,0.0
2025-08-18,-0.0014747212450384334,0.0
2025-08-19,0.0071826470229023175,0.0
2025-08-20,-8.374525850660088e-05,0.0
2025-08-21,-0.00412575500517371,0.0
2025-08-22,0.018671524878603445,0.0
2025-08-25,-0.008132923293073052,0.0
2025-08-26,0.0014403156733070565,0.0
2025-08-27,0.004045634639567131,0.0
2025-08-28,-0.002028282353221431,0.0
2025-08-29,0.00014110862785486736,0.0
2025-09-02,-0.007364238473482887,0.05064804304820974
2025-09-03,0.0005453292603609513,0.0
2025-09-04,0.007237435701999932,0.0
2025-09-05,0.0019604395208423454,0.0
2025-09-08,-0.0017857651426850859,0.0
2025-09-09,-0.0029825597371592764,0.0
2025-09-10,-0.0021473605003050748,0.0
2025-09-11,0.017221900438208586,0.0
2025-09-12,-0.006745997968072967,0.0
2025-09-15,-0.001561705673614747,0.0
2025-09-16,-0.0028695378462995705,0.0
2025-09-17,0.0017917875534400386,0.0
2025-09-18,0.006047173935106892,0.0
2025-09-19,-0.0020593503520373183,0.0
2025-09-22,0.001509098093283801,0.0
2025-09-23,0.0015937552095250328,0.0
2025-09-24,-0.0006062651471733009,0.0
2025-09-25,-0.00738940422586953,0.0
2025-09-26,0.00918049137387476,0.0
2025-09-29,0.0030155313730673523,0.0
2025-09-30,0.004190097743800293,0.0
2025-10-01,0.0022530487567014035,0.06215841219300859
2025-10-02,0.0036292136939812016,0.0
2025-10-03,0.003747327462167086,0.0
2025-10-06,-0.0012383496361032787,0.0
2025-10-07,-0.004417825392610178,0.0
2025-10-08,0.0007702096471247266,0.0
2025-10-09,-0.007279066689046624,0.0
2025-10-10,-0.02054111717415067,0.0
2025-10-13,0.008700369342314886,0.0
2025-10-14,0.009907786676970606,0.0
2025-10-15,0.0021828635640981768,0.0
2025-10-16,-0.008797064250039415,0.0
2025-10-17,0.006040280106368753,0.0
2025-10-20,0.008084648903595424,0.0
2025-10-21,0.004490188009578381,0.0
2025-10-22,-0.003382832379334766,0.0
2025-10-23,0.0033284039437768845,0.0
2025-10-24,0.002228028602667062,0.0
2025-10-27,0.0033629064721573433,0.0
2025-10-28,-0.008564284628431073,0.0
2025-10-29,-0.009695134710289781,0.0
2025-10-30,-0.001745568018527504,0.0
2025-10-31,0.0029108893135692425,0.0
2025-11-03,-0.003269457393533015,0.07109936526637892
2025-11-04,-0.003326949152975156,0.005636651213621031
2025-11-05,0.006822038308982782,0.0
2025-11-06,-0.0062108008796779,0.0
2025-11-07,0.010258183636120728,0.0
2025-11-10,0.004582265266940411,0.0
2025-11-11,0.006968063660114191,0.0
2025-11-12,0.003276451138267059,0.0
2025-11-13,-0.00996045558724462,0.0
2025-11-14,-0.003121270552212886,0.0
2025-11-17,-0.010895756530197543,0.0
2025-11-18,0.001839169100763992,0.0
2025-11-19,-0.0031975844030737214,0.0
2025-11-20,-0.008927137384876287,0.0
2025-11-21,0.020923040342584045,0.0
2025-11-24,0.003929991208772756,0.0
2025-11-25,0.01668229281785926,0.0
2025-11-26,0.005954254445401983,0.0
2025-11-28,0.003519198260734593,0.0
2025-12-01,-0.008519704536431805,0.05376806738533148
2025-12-02,-0.0026244800908944176,0.0
2025-12-03,0.006285383705404781,0.0
2025-12-04,-6.638362295073016e-05,0.0
2025-12-05,0.0014901142751793744,0.0
2025-12-08,-0.006775279671787995,0.0
2025-12-09,-0.0022708836474921662,0.0
2025-12-10,0.013766019744769549,0.0
2025-12-11,0.00993662297691731,0.0
2025-12-12,-0.004512900552606447,0.005430893519567973
2025-12-15,0.0036345226853557013,0.0
2025-12-16,-0.008075918954036134,0.0
2025-12-17,-0.0015011781583706908,0.0
2025-12-18,0.0016888261480130066,0.0
2025-12-19,0.0037368069494792258,0.0
2025-12-22,0.007005167702014112,0.0
2026-01-15,0.004913541756736528,0.05244679065138603
2026-01-16,-0.0021305469778368693,0.0
2026-01-20,-0.014431914299170952,0.0
2026-01-21,0.015909585474881208,0.0
2026-01-22,0.0013340681927711288,0.0
2026-01-23,-0.0028323245171388333,0.0
2026-01-26,0.004044595892162642,0.0
2026-01-27,-0.000492433785344323,0.0
2026-01-28,-0.0036701344580241553,0.0
2026-01-29,0.001520656634930977,0.0
2026-01-30,-0.0014410022550907877,0.0
2026-02-02,0.00535550103128779,0.04445791504388521
2026-02-03,-0.0018807027666127743,0.0
2026-02-04,0.011126884029665201,0.0
2026-02-05,-0.007565805628252422,0.0
2026-02-06,0.017797133054111406,0.0
2026-02-09,-0.0034473268158804124,0.0
2026-02-10,0.005127642072383164,0.0
2026-02-11,0.0019344512931405095,0.0
2026-02-12,-0.011555392448571483,0.0
2026-02-13,0.01170978914423185,0.0
2026-02-17,-0.003155108842402763,0.0
2026-02-18,0.006416648680658289,0.0
2026-02-19,-0.003332555851844435,0.0
2026-02-20,0.00585673010097891,0.0
2026-02-23,-0.009627620754074855,0.0
2026-02-24,0.005887760455086412,0.0
2026-02-25,-0.0018987510352000518,0.0
2026-02-26,0.0047653002134211385,0.0
2026-02-27,-0.0004205464892753821,0.0
2026-03-02,-0.0032098187496421016,0.0753960770261034
2026-03-03,-0.010006800913668097,0.0
2026-03-04,0.0028363125766677263,0.0
2026-03-05,-0.011770280171465699,0.0
2026-03-06,-0.011418863201253467,0.0
2026-03-09,0.0021992852705734036,0.0
2026-03-10,-0.007258397552745878,0.0
2026-03-11,-0.0026076174394601154,0.0
2026-03-12,-0.014629445104005335,0.0
2026-03-13,-0.000887725800143971,0.0
2026-03-16,0.007385038335915859,0.0
2026-03-17,0.003915484558813757,0.0
2026-03-18,-0.015929811764216165,0.0
2026-03-19,-0.00043459249321844333,0.0
2026-03-20,-0.013803045533526289,0.0
2026-03-23,0.010956586441371277,0.0
2026-03-24,0.0013362844498643334,0.006052910495772115
2026-03-25,0.005639588304384914,0.0
2026-03-26,-0.0072145346755496395,0.0
2026-03-27,-0.013316459376695941,0.0
2026-03-30,-0.00020134436721122912,0.0
2026-03-31,0.01817441140555858,0.0
2026-04-01,0.0037036119830691216,0.057403057234711286
2026-04-02,0.0014192824139171252,0.0
2026-04-06,0.005249794024875497,0.0
2026-04-07,-0.0033866301887695606,0.0
2026-04-08,0.024215506429088395,0.0
2026-04-09,0.0004888805265841703,0.0
2026-04-10,-0.007814343992807005,0.005529327899580157
2026-04-13,0.00915909705563717,0.0
2026-04-14,0.004221729141496212,0.0
2026-04-15,-0.0013604989718373301,0.0
2026-04-16,0.003963268765041458,0.0
2026-04-17,0.013596982227550727,0.0
2026-04-20,-0.00029779811584422353,0.0
2026-04-21,-0.00854420307044135,0.0
2026-04-22,-0.002339576359287441,0.0
2026-04-23,0.0036526994446665958,0.0
2026-04-24,-0.005165755591463957,0.0
2026-04-27,-0.002234693606721533,0.0
2026-04-28,-0.002410617126452969,0.0
2026-04-29,-0.002992656496074316,0.0
2026-04-30,0.016474400708804716,0.0
2026-05-01,-0.00494485548980339,0.07945613508433927
2026-05-04,-0.009480579552438178,0.0
2026-05-05,0.009208595509381749,0.0
2026-05-06,0.009148825135519397,0.0
2026-05-07,-0.008339668046073627,0.0
2026-05-08,-0.0003379541686718844,0.0
2026-05-11,-0.004457394666014717,0.0
2026-05-12,0.00017268665180721445,0.0
2026-05-13,-0.004007256018349666,0.0
2026-05-14,0.002774213182293564,0.0
2026-05-15,-0.01056456374629125,0.0
2026-05-18,0.009649548145163101,0.0
2026-05-19,-0.0050734867310513855,0.0
2026-05-20,0.010117864929726977,0.0
2026-05-21,0.005645997411425642,0.0
2026-05-22,0.006394940846020282,0.0
2026-05-26,0.0030557014448058897,0.0
2026-05-27,0.0024687333882047148,0.0
2026-05-28,0.004788380864830515,0.0
2026-05-29,-0.0009672575346919203,0.0
2026-06-01,-0.0025349105262414406,0.07585323528699447
2026-06-02,0.0026077151943857783,0.0
2026-06-03,-0.0027491200748907697,0.0
2026-06-04,0.010303898295845867,0.0
2026-06-05,-0.004626642307869447,0.0
2026-06-08,-0.00568457719409002,0.0
2026-06-09,0.013444528157883242,0.0
2026-06-10,-0.01321566356695092,0.0
2026-06-11,0.01412467761565128,0.0
2026-06-12,0.008873500358778938,0.0
2026-06-15,0.0033915461646959197,0.0
2026-06-16,0.0010127188498829122,0.0
2026-06-17,-0.016198650528854844,0.0
2026-06-18,0.0011326553603466438,0.0
2026-06-22,-0.0004320163169921911,0.0
2026-06-23,0.00014999175920459533,0.0
2026-06-24,0.008055478058658257,0.0
2026-06-25,0.006689142373489063,0.0
2026-06-26,0.006937511337509451,0.0
2026-06-29,0.0018041797909402232,0.0
2026-06-30,-0.003605243490142642,0.0
