date,return,turnover
2005-01-07,9.999999999998899e-05,0.0
2005-01-10,9.999999999998899e-05,0.0
2005-01-11,9.999999999998899e-05,0.0
2005-01-12,9.999999999998899e-05,0.0
2005-01-13,9.999999999998899e-05,0.0
2005-01-14,9.999999999998899e-05,0.0
2005-01-18,9.999999999998899e-05,0.0
2005-01-19,9.999999999998899e-05,0.0
2005-01-20,9.999999999998899e-05,0.0
2005-01-21,9.999999999998899e-05,0.0
2005-01-24,9.999999999998899e-05,0.0
2005-01-25,9.999999999998899e-05,0.0
2005-01-26,9.999999999998899e-05,0.0
2005-01-27,9.999999999998899e-05,0.0
2005-01-28,9.999999999998899e-05,0.0
2005-01-31,9.999999999998899e-05,0.0
2005-02-01,-0.00040004999999998514,1.0
2005-02-02,-0.00020138002090250556,0.0
2005-02-03,-0.002633961345879699,0.0
2005-02-04,0.013851135135098096,0.0
2005-02-07,0.0018865427622753888,0.0
2005-02-08,0.0001304467276542372,0.0
2005-02-09,-0.014209335818979403,0.0
2005-02-10,0.0013844985685842566,0.0
2005-02-11,0.005669022341298958,0.0
2005-02-14,-0.00015701503104594247,0.0
2005-02-15,0.006006763283279059,0.0
2005-02-16,-0.0010437496765373082,0.0
2005-02-17,-0.005319683024048594,0.0
2005-02-18,-0.0007327449997346734,0.0
2005-02-22,-0.018523645999759558,0.0
2005-02-23,0.00403925338958178,0.0
2005-02-24,0.01643804849858347,0.0
2005-02-25,0.011945532345175574,0.0
2005-02-28,-0.02187138874576663,0.0
2005-03-01,0.010451583422983468,0.49616992120494463
2005-03-02,-0.0018887949075481233,0.0
2005-03-03,0.0019660634439871375,0.0
2005-03-04,0.01500127004577436,0.0
2005-03-07,0.0020310334188926565,0.0
2005-03-08,-0.004458177034521844,0.0
2005-03-09,-0.013847118357199577,0.0
2005-03-10,-0.0022030323510676313,0.0
2005-03-11,-0.0030404739687092883,0.0
2005-03-14,0.00849606532667996,0.0
2005-03-15,-0.008096125653652295,0.0
2005-03-16,-0.007247234252341465,0.0
2005-03-17,0.001047680930053823,0.0
2005-03-18,-0.002440055438312009,0.0
2005-03-21,-0.0024277459733642575,0.0
2005-03-22,-0.007091543690035324,0.0
2005-03-23,-0.0034365320610979812,0.0
2005-03-24,0.001518252850558665,0.0
2005-03-28,4.3281751972864234e-05,0.0
2005-03-29,-0.01024210450204672,0.0
2005-03-30,0.005617885870952534,0.0
2005-03-31,0.00468133425447177,0.0
2005-04-01,-0.0022458350837026853,0.42051740853006747
2005-04-04,0.002267731773725856,0.0
2005-04-05,0.0023306227313216856,0.0
2005-04-06,0.00153258455804877,0.0
2005-04-07,0.0024045211369065674,0.0
2005-04-08,-0.010203720466911887,0.0
2005-04-11,0.0006484419256434839,0.0
2005-04-12,0.007395572618730287,0.0
2005-04-13,-0.015537567791978152,0.0
2005-04-14,-0.016225351257232096,0.0
2005-04-15,-0.021348091612702288,0.0
2005-04-18,0.0031781958776333948,0.0
2005-04-19,0.009660852761367536,0.0
2005-04-20,-0.01673007340134791,0.0
2005-04-21,0.02413897441189924,0.0
2005-04-22,-0.008018423429345195,0.0
2005-04-25,0.01142104475411728,0.0
2005-04-26,-0.006223730838868511,0.0
2005-04-27,-0.0012924114337191405,0.0
2005-04-28,-0.010299870021617448,0.0
2005-04-29,0.019363915867864123,0.0
2005-05-02,0.006368764180966435,0.6722427982966058
2005-05-03,-0.006161709942490476,0.0
2005-05-04,0.012731786858530696,0.0
2005-05-05,-0.0009615940615088818,0.0
2005-05-06,0.0005699803726987639,0.0
2005-05-09,0.006385297650083442,0.0
2005-05-10,-0.00810493084003753,0.0
2005-05-11,0.00596464892986295,0.0
2005-05-12,-0.01659018556880708,0.0
2005-05-13,-0.009154846435577364,0.0
2005-05-16,0.015609654238051843,0.0
2005-05-17,0.010321740826130944,0.0
2005-05-18,0.015488235540165008,0.0
2005-05-19,0.004185996257791586,0.0
2005-05-20,-0.003745937801144141,0.0
2005-05-23,0.007843420095230796,0.0
2005-05-24,-0.0017723282513107265,0.0
2005-05-25,-0.00654947385916122,0.0
2005-05-26,0.010685953063086416,0.0
2005-05-27,0.0024671466148063767,0.0
2005-05-31,-0.0011807735061170842,0.0
2005-06-01,0.010356820482909423,0.4047310939768385
2005-06-02,0.0028372851857673296,0.0
2005-06-03,-0.004717728098340483,0.0
2005-06-06,0.004203678378975891,0.0
2005-06-07,0.0025567037899617753,0.0
2005-06-08,-0.004850280547745448,0.0
2005-06-09,0.005579570992393581,0.0
2005-06-10,0.0005926456222570035,0.0
2005-06-13,0.0029001087917370424,0.0
2005-06-14,0.008477117459062563,0.0
2005-06-15,0.0004308241073578845,0.0
2005-06-16,0.0029435925083704695,0.0
2005-06-17,0.010626250966809983,0.0
2005-06-20,-0.0038683276131407838,0.0
2005-06-21,-0.00453509938805255,0.0
2005-06-22,0.0019452237014946096,0.0
2005-06-23,-0.010323941596312248,0.0
2005-06-24,-0.005036193237610468,0.0
2005-06-27,0.0050628287769606765,0.0
2005-06-28,0.012020944717114746,0.0
2005-06-29,-0.00203796333731513,0.0
2005-06-30,-0.0035217148594805375,0.0
2005-07-01,0.00612445058808242,0.537957280397423
2005-07-05,0.011796058803371864,0.0
2005-07-06,-0.0051778018900964645,0.0
2005-07-07,0.005443269495157079,0.0
2005-07-08,0.012068820659720245,0.0
2005-07-11,0.008782532187557496,0.0
2005-07-12,0.0020177872888126965,0.0
2005-07-13,-0.00019465467881989466,0.0
2005-07-14,-0.00591446063651024,0.0
2005-07-15,0.004687023584646179,0.0
2005-07-18,-0.000544087166270738,0.0
2005-07-19,0.007250468531644644,0.0
2005-07-20,0.0059078832240423915,0.0
2005-07-21,-0.01467401401245914,0.0
2005-07-22,0.007147625006548676,0.0
2005-07-25,-0.008984058920580167,0.0
2005-07-26,0.0005543562872254528,0.0
2005-07-27,0.0038596440096791357,0.0
2005-07-28,0.008481028122596618,0.0
2005-07-29,-0.006482070632248387,0.0
2005-08-01,0.0009903573679890254,0.3976902109604876
2005-08-02,0.009447181355257704,0.0
2005-08-03,-0.0025297009051517662,0.0
2005-08-04,-0.011294418373030156,0.0
2005-08-05,-0.014834353468199281,0.0
2005-08-08,-0.0063347241961951885,0.0
2005-08-09,0.0069098851436322495,0.0
2005-08-10,0.0003314730772968127,0.0
2005-08-11,0.00624135870205705,0.0
2005-08-12,-0.002239874303615897,0.0
2005-08-15,0.005534025560856254,0.0
2005-08-16,-0.01329052219530968,0.0
2005-08-17,-0.002580326693994707,0.0
2005-08-18,0.00029175317448273583,0.0
2005-08-19,0.00016367077451765133,0.0
2005-08-22,0.0025034218547280427,0.0
2005-08-23,-0.001421481728436526,0.0
2005-08-24,-0.0034911982208978625,0.0
2005-08-25,0.0006821949278618635,0.0
2005-08-26,-0.005250955157136606,0.0
2005-08-29,0.005310043400060992,0.0
2005-08-30,-0.004471332251277773,0.0
2005-08-31,0.013833362242409107,0.0
2005-09-01,0.0029318264568660712,0.5641411066845003
2005-09-02,-0.0037648018560538787,0.0
2005-09-06,0.01757727448623362,0.0
2005-09-07,0.003512938431414674,0.0
2005-09-08,-0.007380621474628524,0.0
2005-09-09,0.013118863664274023,0.0
2005-09-12,0.0005522661548604762,0.0
2005-09-13,-0.00737216793718938,0.0
2005-09-14,-0.0056305134960787555,0.0
2005-09-15,0.001007394182477396,0.0
2005-09-16,0.0030299849495852493,0.0
2005-09-19,-0.007254377529124424,0.0
2005-09-20,-0.008512744660250296,0.0
2005-09-21,-0.012094414359102386,0.0
2005-09-22,0.010232425844602948,0.0
2005-09-23,0.004804161678694094,0.0
2005-09-26,-0.0007376349300463817,0.0
2005-09-27,-0.001349063352339576,0.0
2005-09-28,-0.0014414299934048336,0.0
2005-09-29,0.01058095166654066,0.0
2005-09-30,0.004456059089862796,0.0
2005-10-03,0.0005466028565066505,0.3987220051107192
2005-10-04,-0.014188519165153363,0.0
2005-10-05,-0.0209374642628261,0.0
2005-10-06,-0.006275284977365339,0.0
2005-10-07,0.004829149303613799,0.0
2005-10-10,-0.013869815671496182,0.0
2005-10-11,-0.002434898385988369,0.0
2005-10-12,-0.01537153908182582,0.0
2005-10-13,-0.003577914365817496,0.0
2005-10-14,0.014456353669294781,0.0
2005-10-17,0.004087605347980918,0.0
2005-10-18,-0.013392611138042583,0.0
2005-10-19,0.018289633956904718,0.0
2005-10-20,-0.01908216406730081,0.0
2005-10-21,0.011944458801926166,0.0
2005-10-24,0.021909839990534433,0.0
2005-10-25,-0.0006409896703996942,0.0
2005-10-26,-0.005201125729895212,0.0
2005-10-27,-0.01663434537175946,0.0
2005-10-28,0.016833821613298775,0.0
2005-10-31,0.015637149683529403,0.0
2005-11-01,0.0004460710539995194,0.3495167288567368
2005-11-02,0.01221777105168436,0.0
2005-11-03,0.006911612045105835,0.0
2005-11-04,-0.005066015855354274,0.0
2005-11-07,0.0040876246890164045,0.0
2005-11-08,-0.0075473132511782075,0.0
2005-11-09,0.0016130999246936075,0.0
2005-11-10,0.009486296091750088,0.0
2005-11-11,0.0017620620985590607,0.0
2005-11-14,-0.0009339669598116295,0.0
2005-11-15,-0.008137621948252391,0.0
2005-11-16,0.009724102200898095,0.0
2005-11-17,0.014287156900799266,0.0
2005-11-18,0.0043906496651279,0.0
2005-11-21,0.00555086034278288,0.0
2005-11-22,0.006741649296674193,0.0
2005-11-23,0.00355774341034046,0.0
2005-11-25,0.0012721277325061383,0.0
2005-11-28,-0.014789860572840785,0.0
2005-11-29,0.002755853377665325,0.0
2005-11-30,-0.005249893772845415,0.0
2005-12-01,0.01408914727771915,0.32136027265466705
2005-12-02,-0.0016689854600474277,0.0
2005-12-05,0.0003065539852373187,0.0
2005-12-06,-0.0012294310386398982,0.0
2005-12-07,-0.01164210027896815,0.0
2005-12-08,0.006324478383695571,0.0
2005-12-09,0.0028355911023418418,0.0
2005-12-12,-0.0009534258699842131,0.0
2005-12-13,0.006054702666301521,0.0
2005-12-14,0.005288297083276543,0.0
2005-12-15,-0.002209462597867353,0.0
2005-12-16,-0.0025856984937196754,0.0
2005-12-19,-0.01039030550409702,0.0
2005-12-20,0.0032430821137104087,0.0
2005-12-21,0.0040804138743541106,0.0
2005-12-22,0.0020467057498364015,0.0
2005-12-23,-0.001428825432683866,0.0
2005-12-27,-0.009025832472105826,0.0
2005-12-28,0.0026776090214509023,0.0
2005-12-29,-0.0037757863021240495,0.0
2005-12-30,-0.005531189255281032,0.0
2006-01-03,0.020520466981623686,0.39688431149632564
2006-01-04,0.0014590016809256008,0.0
2006-01-05,0.0020627449889339773,0.0
2006-01-06,0.004405735855257786,0.0
2006-01-09,0.01010203131518913,0.0
2006-01-10,0.005396312146523963,0.0
2006-01-11,0.000846212026313289,0.0
2006-01-12,-0.005739868548718249,0.0
2006-01-13,-0.0006519993413604965,0.0
2006-01-17,-0.003933077338336895,0.0
2006-01-18,-0.001939973050775427,0.0
2006-01-19,0.009784364637878256,0.0
2006-01-20,-0.016918104946733747,0.0
2006-01-23,0.002828629387696236,0.0
2006-01-24,0.008638433134138555,0.0
2006-01-25,-0.007029940921242386,0.0
2006-01-26,0.009199628150854892,0.0
2006-01-27,0.00212865035677742,0.0
2006-01-30,0.002466352916204331,0.0
2006-01-31,-0.003451617685909492,0.0
2006-02-01,0.004044655788083773,0.33165908075742534
2006-02-02,-0.00951842508957124,0.0
2006-02-03,0.0023807785143330506,0.0
2006-02-06,0.0008009715127867341,0.0
2006-02-07,-0.013044661540259232,0.0
2006-02-08,0.0065911462818936135,0.0
2006-02-09,-0.005136976972904994,0.0
2006-02-10,0.0031536529784109745,0.0
2006-02-13,-0.002842951579518278,0.0
2006-02-14,0.010968794840319518,0.0
2006-02-15,0.007229820710795766,0.0
2006-02-16,0.008770700377420693,0.0
2006-02-17,0.00010067579084049134,0.0
2006-02-21,-0.0009917347809150299,0.0
2006-02-22,0.013661936168351867,0.0
2006-02-23,-0.002522600341044611,0.0
2006-02-24,0.0010206824839461468,0.0
2006-02-27,0.005182077293801265,0.0
2006-02-28,-0.016545147288413376,0.0
2006-03-01,0.00795550703622494,0.33896409981539
2006-03-02,-0.00018010565658110875,0.0
2006-03-03,-0.005538485512293078,0.0
2006-03-06,-0.01169090707545781,0.0
2006-03-07,-0.008722071828730908,0.0
2006-03-08,0.0012656858959212108,0.0
2006-03-09,-0.0011460610798532797,0.0
2006-03-10,0.009515178621117212,0.0
2006-03-13,0.0027179389347601786,0.0
2006-03-14,0.016944745984687582,0.0
2006-03-15,0.01044438613435883,0.0
2006-03-16,5.764030376873902e-05,0.0
2006-03-17,0.0038599785568551436,0.0
2006-03-20,-0.00434612922036694,0.0
2006-03-21,-0.009430344217303386,0.0
2006-03-22,0.007334005990640543,0.0
2006-03-23,-0.002505734226073266,0.0
2006-03-24,0.0018349198581675582,0.0
2006-03-27,-0.00086410711563784,0.0
2006-03-28,-0.005168564075681217,0.0
2006-03-29,0.010975439864272293,0.0
2006-03-30,-0.004705738237208357,0.0
2006-03-31,-0.0021874157434533612,0.0
2006-04-03,-0.0014871460730969677,0.32326762677927845
2006-04-04,0.007724438020139791,0.0
2006-04-05,0.004341922424308057,0.0
2006-04-06,-0.0050387328477194595,0.0
2006-04-07,-0.011386661646069642,0.0
2006-04-10,0.002638283825150237,0.0
2006-04-11,-0.009266348660447874,0.0
2006-04-12,0.0013012376909102411,0.0
2006-04-13,0.00039650533951732095,0.0
2006-04-17,-0.0007417634524047213,0.0
2006-04-18,0.0261425372747939,0.0
2006-04-19,0.008186954523865314,0.0
2006-04-20,-0.002294257041705432,0.0
2006-04-21,-0.0007228717257251336,0.0
2006-04-24,-0.0019086293667239086,0.0
2006-04-25,-0.011271304770759227,0.0
2006-04-26,0.0007904265933408757,0.0
2006-04-27,0.0011471971137946052,0.0
2006-04-28,0.0035679029569984843,0.0
2006-05-01,-0.00429068001286248,0.4156233078008342
2006-05-02,0.006704262664202237,0.0
2006-05-03,-0.0012114898072675298,0.0
2006-05-04,0.004362029057897017,0.0
2006-05-05,0.005894305427988343,0.0
2006-05-08,0.00020537355049103778,0.0
2006-05-09,0.0032418206425652986,0.0
2006-05-10,0.0002864965786814396,0.0
2006-05-11,-0.011574910789863793,0.0
2006-05-12,-0.01757049278672399,0.0
2006-05-15,-0.0004993948297238476,0.0
2006-05-16,-0.000986361933362192,0.0
2006-05-17,-0.023894876599155023,0.0
2006-05-18,-0.011487434393439187,0.0
2006-05-19,0.006464479467155611,0.0
2006-05-22,-0.012996864483353894,0.0
2006-05-23,-0.0008539318220281539,0.0
2006-05-24,-0.0016221070416971603,0.0
2006-05-25,0.015672450136976105,0.0
2006-05-26,0.009135373632161294,0.0
2006-05-30,-0.01724536044539826,0.0
2006-05-31,0.014771674009957415,0.0
2006-06-01,0.013249668865756847,0.4809696274418592
2006-06-02,0.0036023403857061375,0.0
2006-06-05,-0.02576197911627139,0.0
2006-06-06,-0.004665015965368526,0.0
2006-06-07,-0.008392157350908386,0.0
2006-06-08,-0.005095455772164458,0.0
2006-06-09,-0.0016269969860371284,0.0
2006-06-12,-0.021921671736140215,0.0
2006-06-13,-0.012541551674941132,0.0
2006-06-14,0.008658865791171717,0.0
2006-06-15,0.030550668655433214,0.0
2006-06-16,-0.004196027726134413,0.0
2006-06-19,-0.010412587648049261,0.0
2006-06-20,-0.0019404982865625325,0.0
2006-06-21,0.016084614182994915,0.0
2006-06-22,-0.004172026457334739,0.0
2006-06-23,0.0019982711563072374,0.0
2006-06-26,0.004943617688365666,0.0
2006-06-27,-0.011146336585106244,0.0
2006-06-28,0.003275607200649473,0.0
2006-06-29,0.03080664297647287,0.0
2006-06-30,0.003998626911189774,0.0
2006-07-03,0.0050469452515924385,0.40380825904773165
2006-07-05,-0.012913135395472616,0.0
2006-07-06,0.0016123547352220793,0.0
2006-07-07,-0.012585893679307006,0.0
2006-07-10,0.003013960681392308,0.0
2006-07-11,0.006883978602667334,0.0
2006-07-12,-0.010358068181609972,0.0
2006-07-13,-0.019977025128980898,0.0
2006-07-14,-0.010244845263143098,0.0
2006-07-17,-0.005748965178094138,0.0
2006-07-18,0.004877321088951942,0.0
2006-07-19,0.017680094449781546,0.0
2006-07-20,-0.02292132289774781,0.0
2006-07-21,-0.01042456318835562,0.0
2006-07-24,0.021955403816043315,0.0
2006-07-25,-0.00045485465434106395,0.0
2006-07-26,-0.0054412140988943335,0.0
2006-07-27,-0.0004043427607468568,0.0
2006-07-28,0.01797326551224037,0.0
2006-07-31,0.0008381355300645021,0.0
2006-08-01,-0.0096250433934284,0.4351572296301497
2006-08-02,0.007320091928659024,0.0
2006-08-03,0.009583293101018454,0.0
2006-08-04,-0.008440187792829089,0.0
2006-08-07,-0.008527503465232195,0.0
2006-08-08,-0.0018693302656880221,0.0
2006-08-09,-0.01053379621732749,0.0
2006-08-10,0.007055565350638282,0.0
2006-08-11,-0.005404201419570914,0.0
2006-08-14,0.0010496687457076876,0.0
2006-08-15,0.018872622632397182,0.0
2006-08-16,0.013486561764557937,0.0
2006-08-17,-0.0012399098361873988,0.0
2006-08-18,-0.0006673944440462537,0.0
2006-08-21,-0.00706922956624636,0.0
2006-08-22,0.0010053334810659282,0.0
2006-08-23,-0.004355122393247553,0.0
2006-08-24,-0.003926706716337271,0.0
2006-08-25,-0.0012926806236386835,0.0
2006-08-28,0.007328484432350617,0.0
2006-08-29,0.0005382474351866407,0.0
2006-08-30,-0.0019010561088256502,0.0
2006-08-31,0.0030423746062995683,0.0
2006-09-01,0.003758670122299801,0.5179516391703837
2006-09-05,-0.0022983222585203824,0.0
2006-09-06,-0.010174036921240717,0.0
2006-09-07,-0.006089406768420386,0.0
2006-09-08,0.006188452378370847,0.0
2006-09-11,-0.0005404539933681892,0.0
2006-09-12,0.015999345067265767,0.0
2006-09-13,0.007582407960999082,0.0
2006-09-14,-0.0026845425413923253,0.0
2006-09-15,0.00253057051865653,0.0
2006-09-18,-0.0007718300266606483,0.0
2006-09-19,-0.0035083109617141508,0.0
2006-09-20,0.0032495022422427693,0.0
2006-09-21,-0.007422465080161786,0.0
2006-09-22,-0.0026983079507849053,0.0
2006-09-25,0.00848636743946879,0.0
2006-09-26,0.009644206567891118,0.0
2006-09-27,0.003473863580684552,0.0
2006-09-28,0.0027948432434059837,0.0
2006-09-29,-0.003456070975990808,0.0
2006-10-02,-0.0036961978539864493,0.5927920887627954
2006-10-03,-0.002258425864625268,0.0
2006-10-04,0.013164095331310677,0.0
2006-10-05,0.010822193658092004,0.0
2006-10-06,-0.003907497120454452,0.0
2006-10-09,0.0045998279668684385,0.0
2006-10-10,0.0017341980370293713,0.0
2006-10-11,-0.005410490302642701,0.0
2006-10-12,0.011887189937659703,0.0
2006-10-13,0.0010845536612662076,0.0
2006-10-16,0.008505592416483364,0.0
2006-10-17,-0.005665857136235913,0.0
2006-10-18,0.004258721294147999,0.0
2006-10-19,-0.0007074976615241025,0.0
2006-10-20,-0.0022661228573892826,0.0
2006-10-23,0.01159905292634763,0.0
2006-10-24,0.0037788267051816907,0.0
2006-10-25,-0.0010364316566379202,0.0
2006-10-26,0.001901943241294957,0.0
2006-10-27,-0.00934221801847615,0.0
2006-10-30,0.007491578192485657,0.0
2006-10-31,-0.008086932649813867,0.0
2006-11-01,-0.008986386381479639,0.5310486782489003
2006-11-02,-0.00271858243616884,0.0
2006-11-03,-0.006963099202021851,0.0
2006-11-06,0.013701982732925385,0.0
2006-11-07,0.0035633081754024255,0.0
2006-11-08,0.0011192917056488927,0.0
2006-11-09,-0.010175564936263853,0.0
2006-11-10,0.0068027473407971705,0.0
2006-11-13,0.0038575753393679186,0.0
2006-11-14,0.008987640011999011,0.0
2006-11-15,0.003051442085581016,0.0
2006-11-16,0.008800079129291472,0.0
2006-11-17,0.0001919088989552545,0.0
2006-11-20,-0.001066322732451781,0.0
2006-11-21,0.002884821181163272,0.0
2006-11-22,0.0057853873991104065,0.0
2006-11-24,-0.005882929688379285,0.0
2006-11-27,-0.017827694544260284,0.0
2006-11-28,-0.00036537256758250106,0.0
2006-11-29,0.00799546843151021,0.0
2006-11-30,0.0019050636661896636,0.0
2006-12-01,-0.003653740573145492,0.42675316553191156
2006-12-04,0.01328412065499467,0.0
2006-12-05,0.006458486351368718,0.0
2006-12-06,-0.004132553798017717,0.0
2006-12-07,-0.0059355893228179414,0.0
2006-12-08,6.757857342982669e-05,0.0
2006-12-11,-0.0017701329481389126,0.0
2006-12-12,-0.004898626679613832,0.0
2006-12-13,-0.0027271387947483453,0.0
2006-12-14,0.009559856001814037,0.0
2006-12-15,-0.004327868468181185,0.0
2006-12-18,-0.0023860999589057517,0.0
2006-12-19,0.0015935319978882213,0.0
2006-12-20,0.0016820998892370603,0.0
2006-12-21,-0.004865219585431238,0.0
2006-12-22,-0.004644866607508295,0.0
2006-12-26,0.00401451407580962,0.0
2006-12-27,0.008782044478464097,0.0
2006-12-28,-0.0037375302148809323,0.0
2006-12-29,-0.004731571951094004,0.0
2007-01-03,0.0031344826009207516,0.5057692846472331
2007-01-04,0.0023053998364516845,0.0
2007-01-05,-0.012692388680499574,0.0
2007-01-08,0.002657621974696884,0.0
2007-01-09,0.006884975990028175,0.0
2007-01-10,0.004154560949003839,0.0
2007-01-11,0.010895661937745885,0.0
2007-01-12,0.002341330193563951,0.0
2007-01-16,0.0032937814147418884,0.0
2007-01-17,-0.00018418013155369547,0.0
2007-01-18,-0.006216193165768346,0.0
2007-01-19,0.004319487296431221,0.0
2007-01-22,-0.007524313227142387,0.0
2007-01-23,0.009060061516540157,0.0
2007-01-24,0.007140293001387257,0.0
2007-01-25,-0.011253753954163922,0.0
2007-01-26,0.0008781304879951193,0.0
2007-01-29,0.0035346851659476806,0.0
2007-01-30,0.0007771554116956469,0.0
2007-01-31,0.010048896402401078,0.0
2007-02-01,0.01761556614100801,0.5422924875535007
2007-02-02,0.0017491403298220466,0.0
2007-02-05,-0.0013480603027545251,0.0
2007-02-06,0.005979284699917549,0.0
2007-02-07,0.0038989519639492107,0.0
2007-02-08,-0.0022777672258391464,0.0
2007-02-09,-0.009040520408473807,0.0
2007-02-12,-0.0008506121379855162,0.0
2007-02-13,0.007643799527458762,0.0
2007-02-14,0.012312241139079305,0.0
2007-02-15,0.00014670294014467632,0.0
2007-02-16,-7.249475979518791e-05,0.0
2007-02-20,0.00499953805236261,0.0
2007-02-21,0.0008969465261480694,0.0
2007-02-22,-0.004732145600710606,0.0
2007-02-23,-0.0034962842288792802,0.0
2007-02-26,-7.486349845418818e-05,0.0
2007-02-27,-0.033427453239762636,0.0
2007-02-28,0.0017218694759424994,0.0
2007-03-01,-0.0009407606267463064,0.5075252255929543
2007-03-02,-0.010575937850565629,0.0
2007-03-05,-0.012170850691528536,0.0
2007-03-06,0.016565260529873223,0.0
2007-03-07,3.3947710825160504e-05,0.0
2007-03-08,0.010547163260840146,0.0
2007-03-09,0.004222225224234377,0.0
2007-03-12,0.007361754462919298,0.0
2007-03-13,-0.02177499050845828,0.0
2007-03-14,0.0036742077968750487,0.0
2007-03-15,0.0057398434875297515,0.0
2007-03-16,-0.0027869893082071644,0.0
2007-03-19,0.009493926276798303,0.0
2007-03-20,0.00996011321048795,0.0
2007-03-21,0.015475778874299994,0.0
2007-03-22,-0.0034923127906243364,0.0
2007-03-23,0.0038086991751407847,0.0
2007-03-26,-0.00429494624509025,0.0
2007-03-27,-0.008554868536790354,0.0
2007-03-28,-0.010307811743898542,0.0
2007-03-29,0.006625585791311817,0.0
2007-03-30,0.000710941782391682,0.0
2007-04-02,0.004746028172921024,0.5090676663374456
2007-04-03,0.010629462481389833,0.0
2007-04-04,0.0015256479683613724,0.0
2007-04-05,0.004073696471019455,0.0
2007-04-09,0.0021190458294087257,0.0
2007-04-10,0.0010900341086451295,0.0
2007-04-11,-0.006086959502678004,0.0
2007-04-12,0.004993902903409361,0.0
2007-04-13,0.00041149794491244715,0.0
2007-04-16,0.009176962431744744,0.0
2007-04-17,0.003663638051298932,0.0
2007-04-18,0.00039872426916172203,0.0
2007-04-19,-0.007468885561792461,0.0
2007-04-20,0.012254331711967596,0.0
2007-04-23,0.009816044199122666,0.0
2007-04-24,0.0034403785916619295,0.0
2007-04-25,0.005185927447098992,0.0
2007-04-26,-0.0015726905073207961,0.0
2007-04-27,0.0013688700282424656,0.0
2007-04-30,-0.01234719052233148,0.0
2007-05-01,0.0005011438584183736,0.4174850596103469
2007-05-02,0.008365438861332734,0.0
2007-05-03,0.004351977980643596,0.0
2007-05-04,-0.00016410395736373004,0.0
2007-05-07,0.0003611180608127795,0.0
2007-05-08,-0.0032175650738117713,0.0
2007-05-09,0.006979464904437283,0.0
2007-05-10,-0.013547954544369334,0.0
2007-05-11,0.008144641254032015,0.0
2007-05-14,-0.0023274487304578498,0.0
2007-05-15,-0.005958135862351778,0.0
2007-05-16,0.0030934501459518393,0.0
2007-05-17,-0.003911483904175932,0.0
2007-05-18,0.0019235683808252694,0.0
2007-05-21,0.0032942823382070916,0.0
2007-05-22,0.0015332189564555324,0.0
2007-05-23,-0.009063497339442846,0.0
2007-05-24,-0.013889719046715283,0.0
2007-05-25,0.004559721176672805,0.0
2007-05-29,0.006121642632905927,0.0
2007-05-30,0.008452196941184719,0.0
2007-05-31,0.005667442923508703,0.0
2007-06-01,0.0009009152554686484,0.3584971111324172
2007-06-04,0.0017044040416164142,0.0
2007-06-05,-0.0051918339499983125,0.0
2007-06-06,-0.010642564858069902,0.0
2007-06-07,-0.020846564920519423,0.0
2007-06-08,0.012234554802912082,0.0
2007-06-11,0.000282369131366334,0.0
2007-06-12,-0.012766450797182048,0.0
2007-06-13,0.01849156394841407,0.0
2007-06-14,0.004356515113992819,0.0
2007-06-15,0.004854109963025896,0.0
2007-06-18,-0.003430893454382685,0.0
2007-06-19,0.0012945510651015911,0.0
2007-06-20,-0.015116566710931534,0.0
2007-06-21,0.003347646427090852,0.0
2007-06-22,-0.013437163763839367,0.0
2007-06-25,-0.004988940963159232,0.0
2007-06-26,-0.003646736875188741,0.0
2007-06-27,0.014189197702962071,0.0
2007-06-28,-0.002776813309853623,0.0
2007-06-29,-0.005287272231454405,0.0
2007-07-02,0.014677300137960314,0.4905866328108567
2007-07-03,0.0031198221139476638,0.0
2007-07-05,-0.00045532442649036376,0.0
2007-07-06,0.004956278234436817,0.0
2007-07-09,0.006755322420164845,0.0
2007-07-10,-0.018894714906705967,0.0
2007-07-11,0.008206220032953704,0.0
2007-07-12,0.019133952335578044,0.0
2007-07-13,0.006683950159883026,0.0
2007-07-16,-0.002410536759552791,0.0
2007-07-17,0.001850555777351194,0.0
2007-07-18,-0.0010196317297123275,0.0
2007-07-19,0.007815349173808332,0.0
2007-07-20,-0.016261020269982628,0.0
2007-07-23,0.003443519274241191,0.0
2007-07-24,-0.021734363644335987,0.0
2007-07-25,0.007723047417307721,0.0
2007-07-26,-0.02395310418057623,0.0
2007-07-27,-0.0183786441879457,0.0
2007-07-30,0.013381530555300425,0.0
2007-07-31,-0.013959744726214217,0.0
2007-08-01,0.008805685011582964,0.37798950848247526
2007-08-02,0.009734054663823988,0.0
2007-08-03,-0.03080046541307784,0.0
2007-08-06,0.02389654127134969,0.0
2007-08-07,0.004051776109813734,0.0
2007-08-08,0.004340751091545429,0.0
2007-08-09,-0.03533273116746017,0.0
2007-08-10,0.007278435271852758,0.0
2007-08-13,0.010487080320312769,0.0
2007-08-14,-0.02445626677821955,0.0
2007-08-15,-0.01459044902382419,0.0
2007-08-16,-0.0038201513846261802,0.0
2007-08-17,0.01936863558930548,0.0
2007-08-20,0.005322165735378184,0.0
2007-08-21,0.0036012886403068442,0.0
2007-08-22,0.02022625385376365,0.0
2007-08-23,-0.008462493541664722,0.0
2007-08-24,0.013257272533754997,0.0
2007-08-27,-0.01368038428157992,0.0
2007-08-28,-0.025791422722643592,0.0
2007-08-29,0.027721572625565762,0.0
2007-08-30,-0.0060986090148522284,0.0
2007-08-31,0.017811401509982498,0.0
2007-09-04,0.007876720128382253,0.3725717394111101
2007-09-05,-0.011589162108434874,0.0
2007-09-06,0.007536030145421074,0.0
2007-09-07,-0.022325900495382436,0.0
2007-09-10,-0.003162528928096965,0.0
2007-09-11,0.017453285179495556,0.0
2007-09-12,-0.0021490460242820477,0.0
2007-09-13,0.008012999926550836,0.0
2007-09-14,0.0027036869835277244,0.0
2007-09-17,-0.005021819552380169,0.0
2007-09-18,0.03516390456087354,0.0
2007-09-19,0.008596994505316266,0.0
2007-09-20,-0.006979883102430684,0.0
2007-09-21,-0.0031677659800698945,0.0
2007-09-24,-0.00761295577076692,0.0
2007-09-25,-0.003716180710236193,0.0
2007-09-26,0.009189992343083772,0.0
2007-09-27,0.000984666491734511,0.0
2007-09-28,-0.002602845685915253,0.0
2007-10-01,0.01912598934783505,0.4359491746368291
2007-10-02,-0.002972728787997625,0.0
2007-10-03,-0.007141890044960499,0.0
2007-10-04,0.0022931006253573316,0.0
2007-10-05,0.012585735585512509,0.0
2007-10-08,-0.0009055098513196871,0.0
2007-10-09,0.009892425439009199,0.0
2007-10-10,-0.0013667719861776007,0.0
2007-10-11,-0.006813837058900028,0.0
2007-10-12,0.010336739925758337,0.0
2007-10-15,-0.002559404579998522,0.0
2007-10-16,-0.005726418262509766,0.0
2007-10-17,0.003556180281809544,0.0
2007-10-18,0.004297144987462173,0.0
2007-10-19,-0.026788759256738424,0.0
2007-10-22,0.006874920330853988,0.0
2007-10-23,0.015684160766861452,0.0
2007-10-24,-0.0011622946661364927,0.0
2007-10-25,-0.008063385302191224,0.0
2007-10-26,0.011563446685758975,0.0
2007-10-29,0.0012419782057154635,0.0
2007-10-30,-0.008917669836393572,0.0
2007-10-31,0.013869162575463213,0.0
2007-11-01,-0.02135513701812297,0.4655771663885192
2007-11-02,0.006775642316490573,0.0
2007-11-05,-0.0012233642253755097,0.0
2007-11-06,0.014111565454237366,0.0
2007-11-07,-0.02324317951676316,0.0
2007-11-08,0.0024275904995466613,0.0
2007-11-09,-0.02107343614615033,0.0
2007-11-12,-0.016030366442386416,0.0
2007-11-13,0.024921409504350074,0.0
2007-11-14,-0.00021946164003833852,0.0
2007-11-15,-0.010686059476337221,0.0
2007-11-16,0.009040907372870714,0.0
2007-11-19,-0.013947606064683735,0.0
2007-11-20,0.010777955242044583,0.0
2007-11-21,-0.013599722864812713,0.0
2007-11-23,0.012927204415911234,0.0
2007-11-26,-0.016180210292440017,0.0
2007-11-27,0.018858999908553987,0.0
2007-11-28,0.0262062161605427,0.0
2007-11-29,-0.00018725396545714003,0.0
2007-11-30,0.008791035931408453,0.0
2007-12-03,-0.0035578300114702532,0.4507476470987686
2007-12-04,0.000893775661209021,0.0
2007-12-05,0.01772936033008552,0.0
2007-12-06,0.013136272884836524,0.0
2007-12-07,-0.0007128685129852009,0.0
2007-12-10,0.003104790191215342,0.0
2007-12-11,-0.026028627470391672,0.0
2007-12-12,0.011415963231749577,0.0
2007-12-13,-0.00043865738763027235,0.0
2007-12-14,-0.014517190215263022,0.0
2007-12-17,-0.017456715536668523,0.0
2007-12-18,0.0072054932103023765,0.0
2007-12-19,-0.0008834589261688753,0.0
2007-12-20,0.006918718524957723,0.0
2007-12-21,0.017447206936171956,0.0
2007-12-24,0.010225518716296036,0.0
2007-12-26,0.003005553089760569,0.0
2007-12-27,-0.01337195196989402,0.0
2007-12-28,0.0041635435766336545,0.0
2007-12-31,-0.006656219810153705,0.0
2008-01-02,-0.01645664861096996,0.294734574366819
2008-01-03,0.002192060958255738,0.0
2008-01-04,-0.023335162955107173,0.0
2008-01-07,0.006925740424491819,0.0
2008-01-08,-0.013658198743416798,0.0
2008-01-09,0.011991440499121268,0.0
2008-01-10,0.006210488718891974,0.0
2008-01-11,-0.016468969827426364,0.0
2008-01-14,0.009212282519433988,0.0
2008-01-15,-0.024780526972232077,0.0
2008-01-16,-0.008433920130687044,0.0
2008-01-17,-0.030245903730743456,0.0
2008-01-18,-0.00695764293233033,0.0
2008-01-22,-0.016931555693532586,0.0
2008-01-23,0.012170336252647915,0.0
2008-01-24,0.008015190410632107,0.0
2008-01-25,-0.009372108375199169,0.0
2008-01-28,0.00899083486383867,0.0
2008-01-29,0.0037966537259990964,0.0
2008-01-30,-0.004106076494976798,0.0
2008-01-31,0.014268819178505877,0.0
2008-02-01,0.008057191763362281,0.3256774215744957
2008-02-04,0.0009743400327440338,0.0
2008-02-05,-0.032878680885613375,0.0
2008-02-06,-0.013036140763735726,0.0
2008-02-07,0.012475193918322323,0.0
2008-02-08,0.0006565745264705983,0.0
2008-02-11,0.007886203312815095,0.0
2008-02-12,0.0060781171024220475,0.0
2008-02-13,0.015673291065323645,0.0
2008-02-14,-0.013024333634193443,0.0
2008-02-15,-0.001399439249305956,0.0
2008-02-19,-0.0015272187056712743,0.0
2008-02-20,0.011507846002985706,0.0
2008-02-21,-0.016084475350625023,0.0
2008-02-22,0.008326280268400814,0.0
2008-02-25,0.012734735222183977,0.0
2008-02-26,0.006334674834724081,0.0
2008-02-27,-0.00535979315904384,0.0
2008-02-28,-0.007795996175048181,0.0
2008-02-29,-0.025300264365610087,0.0
2008-03-03,0.0045207866867897906,0.26868242610796067
2008-03-04,-0.0009163005968044321,0.0
2008-03-05,0.00773340537055443,0.0
2008-03-06,-0.02178245013418617,0.0
2008-03-07,-0.010826125053305257,0.0
2008-03-10,-0.016967732824354632,0.0
2008-03-11,0.03883106183355193,0.0
2008-03-12,-0.003650781035631174,0.0
2008-03-13,0.0030195911690797297,0.0
2008-03-14,-0.016336237792484068,0.0
2008-03-17,-0.011405921504701993,0.0
2008-03-18,0.0359267916806691,0.0
2008-03-19,-0.025229685232004133,0.0
2008-03-20,0.012150814792160063,0.0
2008-03-24,0.017294892114630863,0.0
2008-03-25,0.007604354549096208,0.0
2008-03-26,-0.0075469406498295515,0.0
2008-03-27,-0.01063219886375485,0.0
2008-03-28,-0.006959569434416363,0.0
2008-03-31,0.004015064902063879,0.0
2008-04-01,0.03176022083940411,0.34221270662665293
2008-04-02,-0.00029838611012281374,0.0
2008-04-03,-0.000312192353282232,0.0
2008-04-04,0.007586721336570786,0.0
2008-04-07,0.0012269155429414625,0.0
2008-04-08,0.0013105647392680077,0.0
2008-04-09,-0.009867505983235261,0.0
2008-04-10,0.005226547336839086,0.0
2008-04-11,-0.01622418020373797,0.0
2008-04-14,0.0023923337288480834,0.0
2008-04-15,0.003345126370522678,0.0
2008-04-16,0.025579843598331937,0.0
2008-04-17,-0.007120708763835295,0.0
2008-04-18,0.02225431000983928,0.0
2008-04-21,-0.002924808954121772,0.0
2008-04-22,-0.009026183853185772,0.0
2008-04-23,0.0045181547093644265,0.0
2008-04-24,0.006233262664046937,0.0
2008-04-25,0.0116527954007391,0.0
2008-04-28,0.0033125666800752377,0.0
2008-04-29,-0.010143916830378236,0.0
2008-04-30,-0.0017871369145832012,0.0
2008-05-01,0.015490936909377195,0.3546052064233316
2008-05-02,0.00014907871464835327,0.0
2008-05-05,-0.003919893224260128,0.0
2008-05-06,0.009159227610446291,0.0
2008-05-07,-0.020463666792591644,0.0
2008-05-08,0.007262202206037748,0.0
2008-05-09,-0.004077147068260104,0.0
2008-05-12,0.0119739935911909,0.0
2008-05-13,0.004751858979498494,0.0
2008-05-14,0.0011437485502170757,0.0
2008-05-15,0.008715678811556458,0.0
2008-05-16,0.0011828833026482307,0.0
2008-05-19,0.0038932625744663414,0.0
2008-05-20,-0.005002871771271706,0.0
2008-05-21,-0.01293223202880622,0.0
2008-05-22,0.0049644770891204525,0.0
2008-05-23,-0.013041812251700683,0.0
2008-05-27,0.009927641948481367,0.0
2008-05-28,0.008328653297415499,0.0
2008-05-29,0.0059155517251774405,0.0
2008-05-30,0.0015736984737018476,0.0
2008-06-02,-0.009861440187816206,0.3973168411810848
2008-06-03,-0.0036891434785172456,0.0
2008-06-04,0.0032980473836205413,0.0
2008-06-05,0.017220026530524422,0.0
2008-06-06,-0.031282044729190946,0.0
2008-06-09,0.0022192297615635805,0.0
2008-06-10,0.000585612141061813,0.0
2008-06-11,-0.022052228730766826,0.0
2008-06-12,0.009099375181138207,0.0
2008-06-13,0.016536230597741973,0.0
2008-06-16,0.0029128727456362133,0.0
2008-06-17,-0.010560618393899974,0.0
2008-06-18,-0.006295773487169622,0.0
2008-06-19,0.013939366726320825,0.0
2008-06-20,-0.019929856603363747,0.0
2008-06-23,-0.0008796471692326833,0.0
2008-06-24,-0.00989157792403774,0.0
2008-06-25,0.007345660636402648,0.0
2008-06-26,-0.0297351100982043,0.0
2008-06-27,-0.0025873055994463092,0.0
2008-06-30,0.0028198001253653474,0.0
2008-07-01,0.0044615203726448005,0.16542423566772146
2008-07-02,-0.021073401055225066,0.0
2008-07-03,-0.0015876946054318236,0.0
2008-07-07,-0.003152910999176691,0.0
2008-07-08,0.0237450255210281,0.0
2008-07-09,-0.01857872313114581,0.0
2008-07-10,0.010307159133277281,0.0
2008-07-11,-0.007645132324967949,0.0
2008-07-14,-0.0074945063134141555,0.0
2008-07-15,-0.006823746328084849,0.0
2008-07-16,0.02330385725293983,0.0
2008-07-17,0.008380150566428084,0.0
2008-07-18,-0.007635865243982495,0.0
2008-07-21,-8.654887486446246e-05,0.0
2008-07-22,0.021309738407158524,0.0
2008-07-23,-0.0012626907258960806,0.0
2008-07-24,-0.014469322585736624,0.0
2008-07-25,0.001063896514726437,0.0
2008-07-28,-0.014737955738897444,0.0
2008-07-29,0.025647517355534957,0.0
2008-07-30,0.012534516880626137,0.0
2008-07-31,-0.015453261370603585,0.0
2008-08-01,-0.01765807335941183,0.40932776734672793
2008-08-04,-0.009531845882296462,0.0
2008-08-05,0.021472950191328076,0.0
2008-08-06,0.0023553162993663196,0.0
2008-08-07,-0.017797918116510606,0.0
2008-08-08,0.023304149440877164,0.0
2008-08-11,0.0055684966253082,0.0
2008-08-12,-0.01150539812832166,0.0
2008-08-13,-0.0015864850201408613,0.0
2008-08-14,0.005939594476543075,0.0
2008-08-15,0.0003698659505625725,0.0
2008-08-18,-0.010322997502012685,0.0
2008-08-19,-0.00855882466860063,0.0
2008-08-20,0.004093131217271583,0.0
2008-08-21,0.0002635387052646336,0.0
2008-08-22,0.0120657623556167,0.0
2008-08-25,-0.017140569494316228,0.0
2008-08-26,0.0017709985003517437,0.0
2008-08-27,0.005474759581936899,0.0
2008-08-28,0.01370450282503934,0.0
2008-08-29,-0.012193866635235901,0.0
2008-09-02,-0.009668060965028369,0.3901621788627472
2008-09-03,-0.002471758856241157,0.0
2008-09-04,-0.032951048602219354,0.0
2008-09-05,0.00028069297966973827,0.0
2008-09-08,0.014722138896715652,0.0
2008-09-09,-0.029297960823579487,0.0
2008-09-10,0.010315451120112822,0.0
2008-09-11,0.016356865900552967,0.0
2008-09-12,0.005279992743818781,0.0
2008-09-15,-0.03455164624581204,0.0
2008-09-16,0.014645078657890019,0.0
2008-09-17,-0.047798013195200134,0.0
2008-09-18,0.032346872957617824,0.0
2008-09-19,0.026427400646757596,0.0
2008-09-22,-0.037059264256582715,0.0
2008-09-23,-0.010862289706683594,0.0
2008-09-24,0.0012409516184478204,0.0
2008-09-25,0.013928896252737816,0.0
2008-09-26,0.0021551381686387315,0.0
2008-09-29,-0.07070320663534599,0.0
2008-09-30,0.03921815801897628,0.0
2008-10-01,-0.015879803848418583,0.37633044231735213
2008-10-02,-0.04468481702442208,0.0
2008-10-03,-0.012695488301434625,0.0
2008-10-06,-0.037961311303213265,0.0
2008-10-07,-0.04642015476568326,0.0
2008-10-08,0.000590952156007758,0.0
2008-10-09,-0.06920549221090341,0.0
2008-10-10,-0.011863660076042153,0.0
2008-10-13,0.10262191461292423,0.0
2008-10-14,-0.020492064396795358,0.0
2008-10-15,-0.09549511461744221,0.0
2008-10-16,0.04474565374027109,0.0
2008-10-17,-0.005693228028797815,0.0
2008-10-20,0.04564390761118557,0.0
2008-10-21,-0.032163635495732146,0.0
2008-10-22,-0.056283196593774065,0.0
2008-10-23,0.0020891656140306996,0.0
2008-10-24,-0.032201692739904406,0.0
2008-10-27,-0.03277812473352356,0.0
2008-10-28,0.08904250235743641,0.0
2008-10-29,5.663005719719555e-05,0.0
2008-10-30,0.02175185239889381,0.0
2008-10-31,0.013232356473053727,0.0
2008-11-03,-0.007546225307909604,0.6278092849816345
2008-11-04,0.02455937684347352,0.0
2008-11-05,-0.03773801856845193,0.0
2008-11-06,-0.02993179878826685,0.0
2008-11-07,0.020118717847350732,0.0
2008-11-10,-0.013479611176998352,0.0
2008-11-11,-0.017525685053728736,0.0
2008-11-12,-0.03513262944669489,0.0
2008-11-13,0.06351373536787447,0.0
2008-11-14,-0.034302896009241454,0.0
2008-11-17,-0.01915176969091869,0.0
2008-11-18,-0.0037459111246781517,0.0
2008-11-19,-0.052182316390007935,0.0
2008-11-20,-0.05196350086250042,0.0
2008-11-21,0.04958426154304087,0.0
2008-11-24,0.05051228691454089,0.0
2008-11-25,0.008088136957965682,0.0
2008-11-26,0.025667577058219454,0.0
2008-11-28,0.010485662110755823,0.0
2008-12-01,-0.06909633733121323,0.43342073304339235
2008-12-02,0.03246809464075166,0.0
2008-12-03,0.03876198939450022,0.0
2008-12-04,-0.013625915863929305,0.0
2008-12-05,0.03600830191027288,0.0
2008-12-08,0.019978588826260975,0.0
2008-12-09,-0.030908176107913105,0.0
2008-12-10,0.016460927513730156,0.0
2008-12-11,-0.03242891473207683,0.0
2008-12-12,0.01553495993930619,0.0
2008-12-15,-0.01291107354440503,0.0
2008-12-16,0.05790788295771735,0.0
2008-12-17,0.0016136877367769241,0.0
2008-12-18,-0.009818052323016635,0.0
2008-12-19,-0.000861460297901866,0.0
2008-12-22,-0.013324553889105601,0.0
2008-12-23,-0.006108550240608294,0.0
2008-12-24,0.002849670615358927,0.0
2008-12-26,0.004962560869488902,0.0
2008-12-29,-0.011249618451996261,0.0
2008-12-30,0.02806300623550674,0.0
2008-12-31,0.01528475823331727,0.0
2009-01-02,0.019296531155154506,0.45754506148230395
2009-01-05,-0.005419173432062566,0.0
2009-01-06,-0.005010308710372086,0.0
2009-01-07,-0.017337238316810444,0.0
2009-01-08,0.00046517718728483824,0.0
2009-01-09,-0.018826081557818928,0.0
2009-01-12,-0.015619180724593474,0.0
2009-01-13,-0.002604485434770605,0.0
2009-01-14,-0.027933885035559873,0.0
2009-01-15,0.014587849672543712,0.0
2009-01-16,0.007933952274718803,0.0
2009-01-20,-0.034208111904211275,0.0
2009-01-21,0.024772540226558296,0.0
2009-01-22,-0.006574818293328332,0.0
2009-01-23,-0.011587038245884907,0.0
2009-01-26,0.009055566419080414,0.0
2009-01-27,0.007247644831584985,0.0
2009-01-28,0.019603427487569963,0.0
2009-01-29,-0.019720508122672092,0.0
2009-01-30,-0.01637630988757542,0.0
2009-02-02,-0.0011693389846154645,0.5014118472037578
2009-02-03,0.024259924247036376,0.0
2009-02-04,-0.008657221790953828,0.0
2009-02-05,0.00845185519762215,0.0
2009-02-06,0.017359130818182026,0.0
2009-02-09,-0.0035953317523683484,0.0
2009-02-10,-0.033596497059018175,0.0
2009-02-11,0.0030166532011857866,0.0
2009-02-12,0.0035348552558450647,0.0
2009-02-13,-0.009183235545895924,0.0
2009-02-17,-0.03471993236041054,0.0
2009-02-18,-0.0023984922323948376,0.0
2009-02-19,0.0006710451091235703,0.0
2009-02-20,-0.009483812586600308,0.0
2009-02-23,-0.02824109315319848,0.0
2009-02-24,0.024277264916287802,0.0
2009-02-25,-0.010166567251466658,0.0
2009-02-26,-0.02508102730276878,0.0
2009-02-27,-0.009618034732438812,0.0
2009-03-02,-0.032858349469799486,0.3434629275799193
2009-03-03,-0.011084429089321668,0.0
2009-03-04,0.01685715818731065,0.0
2009-03-05,-0.028683854221744846,0.0
2009-03-06,0.0021162405973757896,0.0
2009-03-09,-0.015893582808720927,0.0
2009-03-10,0.04680753692088487,0.0
2009-03-11,-0.0010718300828511074,0.0
2009-03-12,0.03624533128010961,0.0
2009-03-13,0.008351590026605,0.0
2009-03-16,-0.009386406221875613,0.0
2009-03-17,0.032259134085212776,0.0
2009-03-18,0.015521513868198087,0.0
2009-03-19,-0.011990634068427711,0.0
2009-03-20,-0.0116839804818019,0.0
2009-03-23,0.0469402827725294,0.0
2009-03-24,-0.020667213942753195,0.0
2009-03-25,0.00878823195066666,0.0
2009-03-26,0.02151362943663601,0.0
2009-03-27,-0.013674857710578369,0.0
2009-03-30,-0.01821664881104145,0.0
2009-03-31,0.011658051792631276,0.0
2009-04-01,0.0006230257602237721,0.44539195760443767
2009-04-02,0.015375321924064413,0.0
2009-04-03,0.005187044203692596,0.0
2009-04-06,-0.0006023990302285399,0.0
2009-04-07,-0.016456998283968422,0.0
2009-04-08,0.012718067643937285,0.0
2009-04-09,0.011741868149083123,0.0
2009-04-13,-0.008680083474422947,0.0
2009-04-14,-0.011317038283210727,0.0
2009-04-15,0.005532292979004896,0.0
2009-04-16,0.014627858232211646,0.0
2009-04-17,0.0034610569960851116,0.0
2009-04-20,-0.019228628769769253,0.0
2009-04-21,0.005699982610096393,0.0
2009-04-22,-0.00020499574696835297,0.0
2009-04-23,-8.376029704155655e-05,0.0
2009-04-24,0.005238025445118602,0.0
2009-04-27,0.002139586296248196,0.0
2009-04-28,-0.0004241514792433475,0.0
2009-04-29,0.006670665941817783,0.0
2009-04-30,-0.009502236598509772,0.0
2009-05-01,-0.0109838188792446,0.44481287541373227
2009-05-04,0.014885202448312148,0.0
2009-05-05,0.0004042701529008351,0.0
2009-05-06,-0.004095262293644505,0.0
2009-05-07,-0.006056684294500032,0.0
2009-05-08,0.0027840419683849596,0.0
2009-05-11,-0.0022210989259847406,0.0
2009-05-12,-0.0016813937159695794,0.0
2009-05-13,-0.019577759780201525,0.0
2009-05-14,0.0031796625889110993,0.0
2009-05-15,-0.006555427556579204,0.0
2009-05-18,0.018215327781579194,0.0
2009-05-19,0.001710483916672377,0.0
2009-05-20,-0.008045300331280035,0.0
2009-05-21,-0.01386735056986008,0.0
2009-05-22,0.002695106564051057,0.0
2009-05-26,0.029537216010572777,0.0
2009-05-27,-0.01834786328768217,0.0
2009-05-28,0.002262621193538327,0.0
2009-05-29,0.014251615871125818,0.0
2009-06-01,0.022967956267658796,0.44232587674449514
2009-06-02,0.00812474386371323,0.0
2009-06-03,-0.00884990675538027,0.0
2009-06-04,-0.001983550573970064,0.0
2009-06-05,-0.0003474399399002869,0.0
2009-06-08,-0.00029737398605874255,0.0
2009-06-09,0.006253076503037459,0.0
2009-06-10,-0.00309103246828945,0.0
2009-06-11,-0.0005017605996198463,0.0
2009-06-12,0.0017191162182268803,0.0
2009-06-15,-0.020058134601292014,0.0
2009-06-16,-0.011813544988409431,0.0
2009-06-17,0.010038003886500942,0.0
2009-06-18,0.007379704872559155,0.0
2009-06-19,0.002212861113614202,0.0
2009-06-22,-0.011026456999638333,0.0
2009-06-23,-0.006696185798497961,0.0
2009-06-24,0.0034981383487885168,0.0
2009-06-25,0.025757178824061765,0.0
2009-06-26,-0.003681432865549165,0.0
2009-06-29,0.00823024467694146,0.0
2009-06-30,-0.006261669669562236,0.0
2009-07-01,0.00678367926242518,0.4871975139208681
2009-07-02,-0.0304730039657867,0.0
2009-07-06,0.004297056215112765,0.0
2009-07-07,-0.0210441998881141,0.0
2009-07-08,0.005618628327938139,0.0
2009-07-09,0.00261162411856585,0.0
2009-07-10,-0.006721243265994106,0.0
2009-07-13,0.01966223633363921,0.0
2009-07-14,0.009226894122401765,0.0
2009-07-15,0.024575616994667798,0.0
2009-07-16,0.0020751131009537176,0.0
2009-07-17,0.004995278194499608,0.0
2009-07-20,0.01481656599458012,0.0
2009-07-21,-0.0006060409199935473,0.0
2009-07-22,0.004378310121798254,0.0
2009-07-23,0.027129012852211577,0.0
2009-07-24,0.006299717590999281,0.0
2009-07-27,-0.0024162333664288008,0.0
2009-07-28,-0.0024642025852612275,0.0
2009-07-29,0.00014915614415682765,0.0
2009-07-30,0.008525135961632728,0.0
2009-07-31,-0.0013927617331563008,0.0
2009-08-03,0.009767087726600954,0.6295035473024291
2009-08-04,-0.001699066012171936,0.0
2009-08-05,-0.0032927035026346337,0.0
2009-08-06,-0.003320658925681224,0.0
2009-08-07,0.019877819016983357,0.0
2009-08-10,-0.005978468304698036,0.0
2009-08-11,-0.004855143567889258,0.0
2009-08-12,0.007203235849187254,0.0
2009-08-13,-0.0012289257592857411,0.0
2009-08-14,-0.009539868547678923,0.0
2009-08-17,-0.017063739960051658,0.0
2009-08-18,0.00878426667764277,0.0
2009-08-19,0.007909211866107865,0.0
2009-08-20,0.007223664242577878,0.0
2009-08-21,0.01450938167617718,0.0
2009-08-24,-0.006256102528694674,0.0
2009-08-25,0.0068573968843739334,0.0
2009-08-26,0.0021855693966862594,0.0
2009-08-27,0.0005903624397821533,0.0
2009-08-28,-0.003829086685697445,0.0
2009-08-31,-0.008975908011460901,0.0
2009-09-01,-0.01638743342810034,0.4648362544107
2009-09-02,-0.0012646256726519325,0.0
2009-09-03,0.0030250390832977344,0.0
2009-09-04,0.009705536430002534,0.0
2009-09-08,0.006122420670756308,0.0
2009-09-09,0.005372464534240783,0.0
2009-09-10,0.007302343104024694,0.0
2009-09-11,-0.0009602959206636012,0.0
2009-09-14,0.005834562574259174,0.0
2009-09-15,0.0015863133550014883,0.0
2009-09-16,0.014097117752443123,0.0
2009-09-17,-0.0010979333429678563,0.0
2009-09-18,0.0038691437723604107,0.0
2009-09-21,4.078060550508002e-05,0.0
2009-09-22,0.0007853536606756257,0.0
2009-09-23,-0.007089232742633306,0.0
2009-09-24,-0.006932314257375308,0.0
2009-09-25,-0.0035618847491548427,0.0
2009-09-28,0.011191460225545184,0.0
2009-09-29,-0.0003093554914889799,0.0
2009-09-30,0.0003894268622187082,0.0
2009-10-01,-0.022136881476543357,0.6479448501388008
2009-10-02,-0.0039282251247371,0.0
2009-10-05,0.017443085759248318,0.0
2009-10-06,0.014931908937791099,0.0
2009-10-07,0.007144853022941064,0.0
2009-10-08,0.009887095248702585,0.0
2009-10-09,0.007231963450866065,0.0
2009-10-12,-3.6899718296629384e-06,0.0
2009-10-13,-0.0027397110587794463,0.0
2009-10-14,0.02123647654647235,0.0
2009-10-15,0.002695169886454173,0.0
2009-10-16,-0.0036973812605227475,0.0
2009-10-19,0.011783035976695479,0.0
2009-10-20,-0.004324733359044356,0.0
2009-10-21,-0.013592398370419083,0.0
2009-10-22,0.011794479886341327,0.0
2009-10-23,-0.01045685596303026,0.0
2009-10-26,-0.005212783849994764,0.0
2009-10-27,-0.011350104989332338,0.0
2009-10-28,-0.026886268222389962,0.0
2009-10-29,0.023294430609230324,0.0
2009-10-30,-0.029954007663838586,0.0
2009-11-02,0.008031612664932686,0.7146089898720509
2009-11-03,0.006872963814870809,0.0
2009-11-04,-0.002024119444876702,0.0
2009-11-05,0.022223408967466517,0.0
2009-11-06,0.005161166191977916,0.0
2009-11-09,0.026709021454479908,0.0
2009-11-10,-0.004243788833572017,0.0
2009-11-11,0.003069292915780416,0.0
2009-11-12,-0.013735925956935097,0.0
2009-11-13,0.008803643229918768,0.0
2009-11-16,0.01644088547375669,0.0
2009-11-17,-0.0025370510085969346,0.0
2009-11-18,-0.0013815718493669284,0.0
2009-11-19,-0.019981239632553535,0.0
2009-11-20,-0.006582693880901101,0.0
2009-11-23,0.012891757566088034,0.0
2009-11-24,-0.003677094109453235,0.0
2009-11-25,0.008486616170417013,0.0
2009-11-27,-0.023504372966081058,0.0
2009-11-30,0.006089211310016468,0.0
2009-12-01,0.013215841438624532,0.40955308268542306
2009-12-02,0.007693886309414991,0.0
2009-12-03,-0.015810101197232803,0.0
2009-12-04,0.010746588441846195,0.0
2009-12-07,-0.003725039573899947,0.0
2009-12-08,-0.008115468117453638,0.0
2009-12-09,0.0016309935014994488,0.0
2009-12-10,0.00761674843193961,0.0
2009-12-11,0.005074842045218844,0.0
2009-12-14,0.013467162220828444,0.0
2009-12-15,-0.0077648472906437765,0.0
2009-12-16,0.00962470295840968,0.0
2009-12-17,-0.016718196673139833,0.0
2009-12-18,0.0038634016586359824,0.0
2009-12-21,0.011649878782813395,0.0
2009-12-22,0.004842747865494362,0.0
2009-12-23,0.006910235793146643,0.0
2009-12-24,0.0026741175783174405,0.0
2009-12-28,-0.00014961752474762393,0.0
2009-12-29,-0.0018098881211900705,0.0
2009-12-30,-0.0011444149179775796,0.0
2009-12-31,-0.011052273713628193,0.0
2010-01-04,0.014881514050728795,0.4311286713657535
2010-01-05,0.009008110095340693,0.0
2010-01-06,-0.0013176032595777704,0.0
2010-01-07,0.0015630877399546606,0.0
2010-01-08,0.004741808002451857,0.0
2010-01-11,0.001713202903782193,0.0
2010-01-12,-0.013967547316960089,0.0
2010-01-13,0.008310473475524927,0.0
2010-01-14,-0.0016706746955953626,0.0
2010-01-15,-0.013874675188133036,0.0
2010-01-19,0.01647419754853957,0.0
2010-01-20,-0.015193661468830784,0.0
2010-01-21,-0.024409152625549477,0.0
2010-01-22,-0.027965273176291286,0.0
2010-01-25,0.0038369954707712906,0.0
2010-01-26,-0.003379343790650066,0.0
2010-01-27,0.006783708372189792,0.0
2010-01-28,-0.017795368063162217,0.0
2010-01-29,-0.013370341791604188,0.0
2010-02-01,0.01821230485197156,0.4373331104372231
2010-02-02,0.016740273974378644,0.0
2010-02-03,-0.007395054598111906,0.0
2010-02-04,-0.04058509123577244,0.0
2010-02-05,0.002625851361537607,0.0
2010-02-08,-0.00579318592396631,0.0
2010-02-09,0.02021250182604862,0.0
2010-02-10,-0.0030039979440781117,0.0
2010-02-11,0.016094790331193546,0.0
2010-02-12,0.000635992683091021,0.0
2010-02-16,0.0238691745169651,0.0
2010-02-17,0.0008110903419369596,0.0
2010-02-18,0.003309375690305709,0.0
2010-02-19,0.0037062567296440763,0.0
2010-02-22,-0.0018751618012455061,0.0
2010-02-23,-0.014704091243082161,0.0
2010-02-24,0.01410575047286814,0.0
2010-02-25,0.0010590915985178768,0.0
2010-02-26,0.0035628376424599504,0.0
2010-03-01,0.022724467378245405,0.5380914848584225
2010-03-02,0.0033681928135056746,0.0
2010-03-03,0.0008951889927536951,0.0
2010-03-04,0.005759395082562872,0.0
2010-03-05,0.022230422218158186,0.0
2010-03-08,0.0018931332041531507,0.0
2010-03-09,0.0031405146940657784,0.0
2010-03-10,0.005158137866426362,0.0
2010-03-11,0.002215264642997383,0.0
2010-03-12,0.00489786705294422,0.0
2010-03-15,-0.003422238898430826,0.0
2010-03-16,0.018063310577735366,0.0
2010-03-17,0.01157293606612278,0.0
2010-03-18,-0.0026094132935145778,0.0
2010-03-19,-0.010389189150223077,0.0
2010-03-22,0.014107576693942196,0.0
2010-03-23,0.008922207781045858,0.0
2010-03-24,-0.005853616760660474,0.0
2010-03-25,0.0010540366996009234,0.0
2010-03-26,0.005535847319003936,0.0
2010-03-29,0.006000795847810817,0.0
2010-03-30,0.0012013001258747598,0.0
2010-03-31,-0.007899333601431998,0.0
2010-04-01,0.011278190529353083,0.4065187880624463
2010-04-05,0.020590090366827525,0.0
2010-04-06,0.005145619541225133,0.0
2010-04-07,-0.00948032669216144,0.0
2010-04-08,0.0054250836488595865,0.0
2010-04-09,0.010847872675952667,0.0
2010-04-12,-0.0035726255884762546,0.0
2010-04-13,0.008103421595381568,0.0
2010-04-14,0.01737396839038634,0.0
2010-04-15,-0.0034513121247888847,0.0
2010-04-16,-0.019567458881783902,0.0
2010-04-19,-7.895157934181786e-05,0.0
2010-04-20,0.021042623536617167,0.0
2010-04-21,0.004943906089440144,0.0
2010-04-22,0.01383235525796347,0.0
2010-04-23,0.009662045300164027,0.0
2010-04-26,-0.0021554156441873705,0.0
2010-04-27,-0.03544944834104882,0.0
2010-04-28,0.006739792648680494,0.0
2010-04-29,0.01985749540357111,0.0
2010-04-30,-0.028692579420452866,0.0
2010-05-03,0.025275156412602362,0.48345054440074064
2010-05-04,-0.027776154786063767,0.0
2010-05-05,-0.010122036198577579,0.0
2010-05-06,-0.03547090614589041,0.0
2010-05-07,-0.025775026490243498,0.0
2010-05-10,0.05959163369214082,0.0
2010-05-11,-0.003983162768111846,0.0
2010-05-12,0.020731336094421793,0.0
2010-05-13,-0.018096795744589077,0.0
2010-05-14,-0.027134805079358768,0.0
2010-05-17,-0.0007582873214510082,0.0
2010-05-18,-0.020189210901628958,0.0
2010-05-19,-0.00850308163356784,0.0
2010-05-20,-0.04462725080435345,0.0
2010-05-21,0.024240047996024836,0.0
2010-05-24,-0.013555399190724161,0.0
2010-05-25,0.004690264314622174,0.0
2010-05-26,-0.001430086908676695,0.0
2010-05-27,0.04645779778925761,0.0
2010-05-28,-0.015885561755137077,0.0
2010-06-01,-0.02497113702978071,0.5232838392275936
2010-06-02,0.02847733014590719,0.0
2010-06-03,0.004964432615940963,0.0
2010-06-04,-0.051693641444413525,0.0
2010-06-07,-0.020701015878656914,0.0
2010-06-08,0.01006456341970402,0.0
2010-06-09,0.00480978139236201,0.0
2010-06-10,0.04427229429273773,0.0
2010-06-11,0.010424246967848026,0.0
2010-06-14,0.00295004970404486,0.0
2010-06-15,0.03076062168962628,0.0
2010-06-16,-0.005918360064758994,0.0
2010-06-17,0.001062340932589171,0.0
2010-06-18,-0.0003594827602320248,0.0
2010-06-21,-0.0035391658604500636,0.0
2010-06-22,-0.027463962659205754,0.0
2010-06-23,0.0007951022453667009,0.0
2010-06-24,-0.024301509844813312,0.0
2010-06-25,0.014728682122374964,0.0
2010-06-28,-0.009046974002122902,0.0
2010-06-29,-0.04580304366608265,0.0
2010-06-30,-0.012188711528842546,0.0
2010-07-01,-0.0012427129764512879,0.47732585570606284
2010-07-02,-0.01463223532826152,0.0
2010-07-06,-0.005638223225816443,0.0
2010-07-07,0.03981881299743982,0.0
2010-07-08,0.015614020335051907,0.0
2010-07-09,0.011217769923880681,0.0
2010-07-12,-0.0036070976966217686,0.0
2010-07-13,0.023128202097931976,0.0
2010-07-14,-0.0020104147119546453,0.0
2010-07-15,-0.002690279741754348,0.0
2010-07-16,-0.04081025835246594,0.0
2010-07-19,0.010336735660072066,0.0
2010-07-20,0.021641001823402867,0.0
2010-07-21,-0.015855542979111285,0.0
2010-07-22,0.03139265226970286,0.0
2010-07-23,0.016235979817756423,0.0
2010-07-26,0.018651365940595934,0.0
2010-07-27,-0.0081689293182649,0.0
2010-07-28,-0.008164422040857936,0.0
2010-07-29,-0.005799332319006406,0.0
2010-07-30,0.0046591970387090485,0.0
2010-08-02,0.026027130146022648,0.551289154736516
2010-08-03,-0.005880937678671813,0.0
2010-08-04,0.01154953209023955,0.0
2010-08-05,-0.0010138976839191777,0.0
2010-08-06,-0.0057316960020474764,0.0
2010-08-09,0.010330339101752645,0.0
2010-08-10,-0.006937494234826148,0.0
2010-08-11,-0.02917964640017314,0.0
2010-08-12,-0.0032943358736913743,0.0
2010-08-13,-0.0016733806758791017,0.0
2010-08-16,0.00047124830812231614,0.0
2010-08-17,0.022856996145271688,0.0
2010-08-18,0.002843203709733057,0.0
2010-08-19,-0.019990056559589832,0.0
2010-08-20,-0.0006697218442986718,0.0
2010-08-23,-0.009309709752190306,0.0
2010-08-24,-0.017992194019038926,0.0
2010-08-25,0.011151336581605949,0.0
2010-08-26,-0.009607853287624844,0.0
2010-08-27,0.0198356105979913,0.0
2010-08-30,-0.018497559178842347,0.0
2010-08-31,0.003955523026868895,0.0
2010-09-01,0.03436927565428238,0.4658760664943649
2010-09-02,0.019738698650989817,0.0
2010-09-03,0.015017573656359931,0.0
2010-09-07,-0.012116575476591278,0.0
2010-09-08,0.005852546100146163,0.0
2010-09-09,-0.003719232789965977,0.0
2010-09-10,0.005831489665508359,0.0
2010-09-13,0.01653374168256249,0.0
2010-09-14,-0.00018290717489966138,0.0
2010-09-15,0.00453147189075814,0.0
2010-09-16,-0.0026236919748503047,0.0
2010-09-17,0.00605426003397772,0.0
2010-09-20,0.018260336091148067,0.0
2010-09-21,-0.006084605814168241,0.0
2010-09-22,-0.010138197196284655,0.0
2010-09-23,-0.012214713503077299,0.0
2010-09-24,0.027505765929218905,0.0
2010-09-27,-0.006489264660265327,0.0
2010-09-28,0.007737823915441522,0.0
2010-09-29,-0.0034927434275110335,0.0
2010-09-30,-0.004860364799970436,0.0
2010-10-01,0.0024585235117109416,0.6028593173494419
2010-10-04,-0.0034614833337255953,0.0
2010-10-05,0.019585649248441805,0.0
2010-10-06,-0.005387693730623529,0.0
2010-10-07,-0.0022765589265296444,0.0
2010-10-08,0.006327571538268291,0.0
2010-10-11,-5.200416756807446e-05,0.0
2010-10-12,0.0010936269080549109,0.0
2010-10-13,0.009449414666820416,0.0
2010-10-14,-0.000877560517758852,0.0
2010-10-15,0.0012931329096253791,0.0
2010-10-18,0.00321743700676874,0.0
2010-10-19,-0.014264357110505246,0.0
2010-10-20,0.014707333614002052,0.0
2010-10-21,0.003980234886906022,0.0
2010-10-22,0.005988389961191399,0.0
2010-10-25,0.0033298618194090267,0.0
2010-10-26,-0.0018305427513969391,0.0
2010-10-27,-0.006197214884702493,0.0
2010-10-28,-0.0007180543645052776,0.0
2010-10-29,0.0038370270162441243,0.0
2010-11-01,0.0007743396357793308,0.45680469956026626
2010-11-02,0.009881264322609818,0.0
2010-11-03,0.0024270529647031974,0.0
2010-11-04,0.019961280820860156,0.0
2010-11-05,0.0029936173901023403,0.0
2010-11-08,-0.0012784050978335822,0.0
2010-11-09,-0.014828104637762657,0.0
2010-11-10,0.004908288851192324,0.0
2010-11-11,-0.00043997009259091815,0.0
2010-11-12,-0.011266815125649305,0.0
2010-11-15,-0.0021766504440707034,0.0
2010-11-16,-0.018214249669830197,0.0
2010-11-17,0.005312536820513803,0.0
2010-11-18,0.014749978363095575,0.0
2010-11-19,0.005178929790307572,0.0
2010-11-22,0.004899182295722383,0.0
2010-11-23,-0.011048119885010244,0.0
2010-11-24,0.021079873745246724,0.0
2010-11-26,-0.0025149946070445886,0.0
2010-11-29,-0.0036177332266468564,0.0
2010-11-30,-0.002205817568666263,0.0
2010-12-01,0.017411300733678248,0.45392964778551487
2010-12-02,0.014651439281154387,0.0
2010-12-03,0.003948064440537209,0.0
2010-12-06,-0.0011569419858781839,0.0
2010-12-07,0.0026030427914007547,0.0
2010-12-08,-0.0018969741201104824,0.0
2010-12-09,-0.0012085996285851935,0.0
2010-12-10,0.0055518183149990815,0.0
2010-12-13,-0.0032558292666723674,0.0
2010-12-14,-0.0011913837171236875,0.0
2010-12-15,-0.0033958209323852358,0.0
2010-12-16,0.010512265880763271,0.0
2010-12-17,0.0011201171042943363,0.0
2010-12-20,0.0027350167623153687,0.0
2010-12-21,0.008408875072659295,0.0
2010-12-22,-0.0021554204652048103,0.0
2010-12-23,-0.0036873135929641272,0.0
2010-12-27,0.0016289214563125103,0.0
2010-12-28,-0.0015670458921556401,0.0
2010-12-29,0.005158304061835325,0.0
2010-12-30,0.00015466312779708631,0.0
2010-12-31,-0.002842069221280862,0.0
2011-01-03,0.010181035419499329,0.5062571313432356
2011-01-04,-0.013935856578535587,0.0
2011-01-05,0.005044940192417595,0.0
2011-01-06,-0.008108517569148835,0.0
2011-01-07,-0.0017134634075271328,0.0
2011-01-10,0.002965392355395873,0.0
2011-01-11,0.0020598173560748938,0.0
2011-01-12,0.006957835965687585,0.0
2011-01-13,-0.0006641031306994326,0.0
2011-01-14,0.01057371074931464,0.0
2011-01-18,0.0025545197384466718,0.0
2011-01-19,-0.013445583933716124,0.0
2011-01-20,-0.006989627619083206,0.0
2011-01-21,-0.00459173343708244,0.0
2011-01-24,0.005729595039217713,0.0
2011-01-25,-0.003992242103108336,0.0
2011-01-26,0.012281522893917578,0.0
2011-01-27,0.004201437897371818,0.0
2011-01-28,-0.027554912160876813,0.0
2011-01-31,0.012271557523433788,0.0
2011-02-01,0.011806048977032857,0.43105037129019513
2011-02-02,-0.00538971774232563,0.0
2011-02-03,0.0052181827607361425,0.0
2011-02-04,0.005663016208315443,0.0
2011-02-07,0.008093585489283989,0.0
2011-02-08,0.006434493872403689,0.0
2011-02-09,0.0005813926927098018,0.0
2011-02-10,-0.0007259668422079542,0.0
2011-02-11,0.011108744323893945,0.0
2011-02-14,0.00152664988376062,0.0
2011-02-15,-0.006083926913263346,0.0
2011-02-16,0.01572026841903653,0.0
2011-02-17,0.001627456178446727,0.0
2011-02-18,-0.0009514616003354191,0.0
2011-02-22,-0.031272310863575944,0.0
2011-02-23,-0.01356673889035895,0.0
2011-02-24,0.0010839554737177189,0.0
2011-02-25,0.01735801496117697,0.0
2011-02-28,0.002634477849349917,0.0
2011-03-01,-0.01912270282201367,0.5266184716725715
2011-03-02,0.006157368048915896,0.0
2011-03-03,0.022154652410542992,0.0
2011-03-04,-0.01110737288397358,0.0
2011-03-07,-0.013876552548800502,0.0
2011-03-08,0.01426729336083848,0.0
2011-03-09,-0.0024249369906336354,0.0
2011-03-10,-0.020146802627398982,0.0
2011-03-11,0.009298805037902355,0.0
2011-03-14,-0.0055344961134175365,0.0
2011-03-15,-0.007601463661565736,0.0
2011-03-16,-0.014557983694862272,0.0
2011-03-17,0.013827967768695385,0.0
2011-03-18,0.00349872525498647,0.0
2011-03-21,0.019194816989814387,0.0
2011-03-22,-0.009064304960222584,0.0
2011-03-23,0.004063862304842727,0.0
2011-03-24,0.012865141246742155,0.0
2011-03-25,0.007186728525093318,0.0
2011-03-28,-0.006867220077757348,0.0
2011-03-29,0.012145232654759322,0.0
2011-03-30,0.007830615525828958,0.0
2011-03-31,0.00014672758468342758,0.0
2011-04-01,0.007727496881735352,0.7065432112825448
2011-04-04,0.0006406096126132442,0.0
2011-04-05,0.0024600577541191654,0.0
2011-04-06,-0.0034357537393637,0.0
2011-04-07,-0.004708173788700336,0.0
2011-04-08,-0.008566361546961929,0.0
2011-04-11,-0.0064758278480926135,0.0
2011-04-12,-0.0075222775922717065,0.0
2011-04-13,0.007341464152884885,0.0
2011-04-14,0.0009222786541960334,0.0
2011-04-15,0.005250517447880326,0.0
2011-04-18,-0.010564449881602987,0.0
2011-04-19,0.004792040099261742,0.0
2011-04-20,0.019353265367819054,0.0
2011-04-21,0.006093478021606906,0.0
2011-04-25,-0.003080674751712266,0.0
2011-04-26,0.007188980048600689,0.0
2011-04-27,0.0036716040246479106,0.0
2011-04-28,-0.0013892606450459878,0.0
2011-04-29,0.004432810153295654,0.0
2011-05-02,-0.0035617119430144673,0.4625117408896716
2011-05-03,-0.009553281878676921,0.0
2011-05-04,-0.008246993180267214,0.0
2011-05-05,0.0011727321305058562,0.0
2011-05-06,0.006053385874045261,0.0
2011-05-09,0.007643482621965011,0.0
2011-05-10,0.011871004446859144,0.0
2011-05-11,-0.014348548926544464,0.0
2011-05-12,0.005174895568710849,0.0
2011-05-13,-0.008968857536703602,0.0
2011-05-16,-0.007985105508116798,0.0
2011-05-17,-0.003311610896261164,0.0
2011-05-18,0.01581648831986169,0.0
2011-05-19,0.003286787373543949,0.0
2011-05-20,-0.007779767742837483,0.0
2011-05-23,-0.01099395317694115,0.0
2011-05-24,-0.0006230462555878796,0.0
2011-05-25,0.003881256297513555,0.0
2011-05-26,0.006954723246147477,0.0
2011-05-27,0.004372700072366876,0.0
2011-05-31,0.008129826784455726,0.0
2011-06-01,-0.02424182583300405,0.5461172222321735
2011-06-02,0.0015147393748316208,0.0
2011-06-03,-0.012065465238138402,0.0
2011-06-06,-0.015431576658737277,0.0
2011-06-07,0.002884647541489094,0.0
2011-06-08,-0.009375947677712658,0.0
2011-06-09,0.009450936413446692,0.0
2011-06-10,-0.018101919898791237,0.0
2011-06-13,-0.0075216042582279445,0.0
2011-06-14,0.01840876496806286,0.0
2011-06-15,-0.020948930938976245,0.0
2011-06-16,-0.0012121410262266824,0.0
2011-06-17,0.006460040154075101,0.0
2011-06-20,0.009278198313769769,0.0
2011-06-21,0.021756657012220557,0.0
2011-06-22,-0.005888257883918123,0.0
2011-06-23,-0.0020186466910143384,0.0
2011-06-24,-0.010460098317786968,0.0
2011-06-27,0.01098499098764091,0.0
2011-06-28,0.0185806629830113,0.0
2011-06-29,0.010632661346914034,0.0
2011-06-30,0.008235098220729912,0.0
2011-07-01,0.015129856044705514,0.3051763442965414
2011-07-05,0.0024510379202304505,0.0
2011-07-06,0.0022319184098612476,0.0
2011-07-07,0.01352138021057797,0.0
2011-07-08,-0.005237267336401679,0.0
2011-07-11,-0.022069759191140632,0.0
2011-07-12,-0.00850387993658228,0.0
2011-07-13,0.002505929002109477,0.0
2011-07-14,-0.00943555153704289,0.0
2011-07-15,0.00827922860494603,0.0
2011-07-18,-0.007845786732398285,0.0
2011-07-19,0.020104933185911136,0.0
2011-07-20,-0.0032147057339661934,0.0
2011-07-21,0.01645587679007613,0.0
2011-07-22,0.0006203189350271318,0.0
2011-07-25,-0.0032160223582803024,0.0
2011-07-26,-0.005155455782727884,0.0
2011-07-27,-0.02659577429101913,0.0
2011-07-28,-0.0030760692716855953,0.0
2011-07-29,-0.004817532718467424,0.0
2011-08-01,-0.00437680525659323,0.45809852767774123
2011-08-02,-0.03615159286839503,0.0
2011-08-03,0.00882537680488336,0.0
2011-08-04,-0.05937810735303864,0.0
2011-08-05,-0.002206925019929043,0.0
2011-08-08,-0.07588690867236522,0.0
2011-08-09,0.0600883022502092,0.0
2011-08-10,-0.03672562409365483,0.0
2011-08-11,0.05036995790758418,0.0
2011-08-12,0.015485321648647875,0.0
2011-08-15,0.02075540219042411,0.0
2011-08-16,-0.015529548449655393,0.0
2011-08-17,-0.0025166579768783398,0.0
2011-08-18,-0.05667723126757683,0.0
2011-08-19,-0.012946062964479844,0.0
2011-08-22,0.0042385662070410016,0.0
2011-08-23,0.043823942550386116,0.0
2011-08-24,0.010314070167908796,0.0
2011-08-25,-0.019605326438079898,0.0
2011-08-26,0.024514640960043278,0.0
2011-08-29,0.03320513826509083,0.0
2011-08-30,0.007641793554751294,0.0
2011-08-31,0.003704543644852647,0.0
2011-09-01,-0.008895483904488466,0.3726381997644502
2011-09-02,-0.027684027821529855,0.0
2011-09-06,-0.00458133449754277,0.0
2011-09-07,0.032857597539436456,0.0
2011-09-08,-0.010625420186498768,0.0
2011-09-09,-0.028224456312067023,0.0
2011-09-12,0.004600636066173609,0.0
2011-09-13,0.016385706099775396,0.0
2011-09-14,0.01682260625655831,0.0
2011-09-15,0.017591516063045314,0.0
2011-09-16,0.00693001075953317,0.0
2011-09-19,-0.0054968526991814514,0.0
2011-09-20,-0.00924681275751304,0.0
2011-09-21,-0.03347129816184341,0.0
2011-09-22,-0.03772343253686275,0.0
2011-09-23,0.0019165719943872897,0.0
2011-09-26,0.020338136176788712,0.0
2011-09-27,0.015436859091411643,0.0
2011-09-28,-0.027377585104915662,0.0
2011-09-29,-0.0010340590734861847,0.0
2011-09-30,-0.03337336385742872,0.0
2011-10-03,-0.03141200956882906,0.7441550649142669
2011-10-04,0.024763493212019493,0.0
2011-10-05,0.020569684410843225,0.0
2011-10-06,0.022043201489375837,0.0
2011-10-07,-0.008264415423163828,0.0
2011-10-10,0.037518370731956865,0.0
2011-10-11,0.0015009569190065194,0.0
2011-10-12,0.00814791264407305,0.0
2011-10-13,0.00031009618802383657,0.0
2011-10-14,0.016951749521777974,0.0
2011-10-17,-0.01872888760268876,0.0
2011-10-18,0.014791117943411298,0.0
2011-10-19,-0.015461777144546865,0.0
2011-10-20,0.006236425351080098,0.0
2011-10-21,0.024808334423860132,0.0
2011-10-24,0.016142391743944044,0.0
2011-10-25,-0.022421215974670738,0.0
2011-10-26,0.013884789509392152,0.0
2011-10-27,0.03327658572552759,0.0
2011-10-28,0.0022206997526428816,0.0
2011-10-31,-0.023231927846116912,0.0
2011-11-01,-0.022831469305867436,0.5655747184527089
2011-11-02,0.01718219811381643,0.0
2011-11-03,0.015069663792437592,0.0
2011-11-04,-0.0049609849960457544,0.0
2011-11-07,0.005146111891517972,0.0
2011-11-08,0.00488736706675404,0.0
2011-11-09,-0.03021437860781328,0.0
2011-11-10,0.007919560810972308,0.0
2011-11-11,0.02041173899210447,0.0
2011-11-14,-0.009350336863538063,0.0
2011-11-15,0.005540637856830501,0.0
2011-11-16,-0.0187787748734484,0.0
2011-11-17,-0.012997072084430648,0.0
2011-11-18,0.00279742999303152,0.0
2011-11-21,-0.013093825929398513,0.0
2011-11-22,-0.0012901138926873744,0.0
2011-11-23,-0.018948719229072295,0.0
2011-11-25,-0.00034087442564691476,0.0
2011-11-28,0.023316011628040444,0.0
2011-11-29,0.0033521703414293186,0.0
2011-11-30,0.03471343394117332,0.0
2011-12-01,-0.0001226364954871606,0.47795512404064233
2011-12-02,-0.0059283179448752395,0.0
2011-12-05,0.008137948703920424,0.0
2011-12-06,-0.0014824087592681073,0.0
2011-12-07,-0.0015255104064323295,0.0
2011-12-08,-0.016613549628969326,0.0
2011-12-09,0.01708368418487062,0.0
2011-12-12,-0.012204969064266748,0.0
2011-12-13,-0.014215699534392365,0.0
2011-12-14,-0.008571865879661843,0.0
2011-12-15,0.006612083103308446,0.0
2011-12-16,0.002553315319492919,0.0
2011-12-19,-0.009222684642412077,0.0
2011-12-20,0.028451317339763926,0.0
2011-12-21,0.0038996272277814718,0.0
2011-12-22,0.003748296043358935,0.0
2011-12-23,0.008783714804860652,0.0
2011-12-27,0.002309821064876834,0.0
2011-12-28,-0.01146288014470004,0.0
2011-12-29,0.008516530373685445,0.0
2011-12-30,-0.00556332880476413,0.0
2012-01-03,0.002775100786059026,0.4611342303549566
2012-01-04,-0.0016833620438726838,0.0
2012-01-05,0.004330838780477022,0.0
2012-01-06,-0.005745661996711653,0.0
2012-01-09,0.0008766929485480308,0.0
2012-01-10,0.00675140109292241,0.0
2012-01-11,-0.0038737258589433285,0.0
2012-01-12,0.0016299037769723313,0.0
2012-01-13,-0.0037347924922920836,0.0
2012-01-17,0.004099922244333325,0.0
2012-01-18,0.0076969268887801656,0.0
2012-01-19,-0.00012576592050567745,0.0
2012-01-20,-0.003146016074297756,0.0
2012-01-23,0.0045663381681044085,0.0
2012-01-24,0.0028897881361069702,0.0
2012-01-25,0.010400690036720627,0.0
2012-01-26,-0.005048877536694257,0.0
2012-01-27,-0.004493463037705189,0.0
2012-01-30,-0.0032367289555521477,0.0
2012-01-31,0.0035585962307668525,0.0
2012-02-01,0.007809488412771959,0.37755791862942656
2012-02-02,0.0006210477665432405,0.0
2012-02-03,0.008523714071516302,0.0
2012-02-06,-0.0005780013060869152,0.0
2012-02-07,0.003963367944798311,0.0
2012-02-08,0.00046903638963200796,0.0
2012-02-09,0.002101627362915955,0.0
2012-02-10,-0.004281048216265613,0.0
2012-02-13,0.003741351938857928,0.0
2012-02-14,0.00022177849461575341,0.0
2012-02-15,-0.0043656977292286445,0.0
2012-02-16,0.0050875191120236035,0.0
2012-02-17,0.0033982706337573805,0.0
2012-02-21,-0.003865603348650578,0.0
2012-02-22,0.0028846552668615045,0.0
2012-02-23,0.0030447647412638317,0.0
2012-02-24,0.004134696425163199,0.0
2012-02-27,-0.0005976622919354262,0.0
2012-02-28,0.0004939330961972754,0.0
2012-02-29,-0.0037756508988847416,0.0
2012-03-01,0.005759056458384038,0.5084996139166023
2012-03-02,-0.003168772605491651,0.0
2012-03-05,-0.0015366176639127409,0.0
2012-03-06,-0.014250646195506794,0.0
2012-03-07,0.005412261996278059,0.0
2012-03-08,0.010426650832093973,0.0
2012-03-09,0.004492610302226554,0.0
2012-03-12,0.002429834490922711,0.0
2012-03-13,0.011195067292969,0.0
2012-03-14,-0.004802747354205298,0.0
2012-03-15,0.0026304126640075832,0.0
2012-03-16,-0.0021391388835179364,0.0
2012-03-19,0.0016447604995990176,0.0
2012-03-20,-0.0006032627189264114,0.0
2012-03-21,-0.0008402356169148622,0.0
2012-03-22,-0.0008902547639726236,0.0
2012-03-23,0.0031629846862186763,0.0
2012-03-26,0.01319853426379898,0.0
2012-03-27,-0.0001562021306239357,0.0
2012-03-28,-0.007388802059576118,0.0
2012-03-29,-0.0005542646418364053,0.0
2012-03-30,0.0032203536713441843,0.0
2012-04-02,0.008129616307405607,0.35291916141422075
2012-04-03,-0.0006343756944246701,0.0
2012-04-04,-0.008064477894896303,0.0
2012-04-05,0.001038711757285234,0.0
2012-04-09,-0.009745666530552472,0.0
2012-04-10,-0.019533521143247874,0.0
2012-04-11,0.009361009008066318,0.0
2012-04-12,0.01052430648393102,0.0
2012-04-13,-0.005633449817826936,0.0
2012-04-16,-0.001402293011893555,0.0
2012-04-17,0.011700698459390403,0.0
2012-04-18,-0.003924800176910135,0.0
2012-04-19,-0.004371262126761951,0.0
2012-04-20,0.0077198172732111285,0.0
2012-04-23,-0.010143226178093809,0.0
2012-04-24,0.003236485962569904,0.0
2012-04-25,0.014583714209350725,0.0
2012-04-26,0.010616687643453894,0.0
2012-04-27,0.009696725901632446,0.0
2012-04-30,-0.003949097087486808,0.0
2012-05-01,0.003625635652142245,0.3414750833950615
2012-05-02,0.00446164051129133,0.0
2012-05-03,-0.00855408146685808,0.0
2012-05-04,-0.01471181949054431,0.0
2012-05-07,-0.00042223429248040595,0.0
2012-05-08,-0.005693157455595146,0.0
2012-05-09,-0.0062208521396211695,0.0
2012-05-10,0.002244902197182345,0.0
2012-05-11,0.0020041581003029533,0.0
2012-05-14,-0.011013180117784427,0.0
2012-05-15,-0.0014397146386760922,0.0
2012-05-16,-0.0027846970287508854,0.0
2012-05-17,-0.0271121886840616,0.0
2012-05-18,-0.00667678662090309,0.0
2012-05-21,0.01687523156821661,0.0
2012-05-22,0.002518865361163995,0.0
2012-05-23,0.0034864720503456057,0.0
2012-05-24,0.0018194483735227006,0.0
2012-05-25,-0.0011908271355634652,0.0
2012-05-29,0.011586285701510275,0.0
2012-05-30,-0.012178381584673182,0.0
2012-05-31,-0.0027388982538391676,0.0
2012-06-01,-0.03129725056337096,0.32484986840934266
2012-06-04,0.0014479597577064167,0.0
2012-06-05,0.005186160512650195,0.022993944306838317
2012-06-06,0.020908238954643873,0.0
2012-06-07,-0.002990935886516867,0.0
2012-06-08,0.00894892321001109,0.0
2012-06-11,-0.014479151070811661,0.0
2012-06-12,0.010639910322415194,0.0
2012-06-13,-0.008365025052983081,0.0
2012-06-14,0.014348282229660017,0.0
2012-06-15,0.0094833141070669,0.0
2012-06-18,0.007603214983889937,0.0
2012-06-19,0.008321711962510676,0.0
2012-06-20,-0.003022165968352097,0.0
2012-06-21,-0.02549486974041671,0.0
2012-06-22,0.009133248945750698,0.0
2012-06-25,-0.01152104275169586,0.0
2012-06-26,0.007048763956166139,0.0
2012-06-27,-0.002587249108340922,0.0
2012-06-28,-0.007433435103470227,0.0
2012-06-29,0.022755283432784566,0.0
2012-07-02,0.005973192983324216,0.4839334333521248
2012-07-03,0.0029300952365560197,0.0
2012-07-05,0.002748540136467308,0.0
2012-07-06,-0.0055282920424150886,0.0
2012-07-09,-0.0022452151450752305,0.0
2012-07-10,-0.005019113320069699,0.0
2012-07-11,-0.0034724456790054714,0.0
2012-07-12,-9.281728706935486e-05,0.0
2012-07-13,0.012754205745279195,0.0
2012-07-16,-0.0004397437836473195,0.0
2012-07-17,0.007793245914813222,0.0
2012-07-18,0.0040095658842407116,0.0
2012-07-19,0.0032397105102335106,0.0
2012-07-20,-0.009806394754137669,0.0
2012-07-23,-0.010765659927736582,0.0
2012-07-24,-0.010904999141774252,0.0
2012-07-25,-0.0008914645477831708,0.0
2012-07-26,0.019836335398632797,0.0
2012-07-27,0.021101740412101312,0.0
2012-07-30,-0.0010426044896464101,0.0
2012-07-31,-0.009387801280157489,0.0
2012-08-01,-0.007380559190360736,0.4846723711799956
2012-08-02,-0.00102163769268362,0.0
2012-08-03,0.015914760698718083,0.0
2012-08-06,-0.00047487439058575777,0.0
2012-08-07,0.0022105514264242664,0.0
2012-08-08,0.0018386345482212512,0.0
2012-08-09,-0.0008387974209097455,0.0
2012-08-10,-0.00020743401715447429,0.0
2012-08-13,-0.001500033459734006,0.0
2012-08-14,0.0012028820670742838,0.0
2012-08-15,0.004076363449709516,0.0
2012-08-16,0.00844176731370216,0.0
2012-08-17,0.0024925162292817405,0.0
2012-08-20,-0.0064818058659304074,0.0
2012-08-21,-0.004467743677340199,0.0
2012-08-22,0.003350032446922188,0.0
2012-08-23,-0.006369917381368117,0.0
2012-08-24,0.006572903004334223,0.0
2012-08-27,-0.002199841948955677,0.0
2012-08-28,-0.000913406371168558,0.0
2012-08-29,0.0030071863890623507,0.0
2012-08-30,-0.005167021133805261,0.0
2012-08-31,0.003993688242315279,0.0
2012-09-04,0.001854663471104967,0.4476730068662462
2012-09-05,-0.0033933310704110393,0.0
2012-09-06,0.02022713526078939,0.0
2012-09-07,0.0028643882734917915,0.0
2012-09-10,-0.0032215029748115264,0.0
2012-09-11,0.0026616979149963332,0.0
2012-09-12,0.0029423576402026106,0.0
2012-09-13,0.014144505129775902,0.0
2012-09-14,0.0030517266500377743,0.0
2012-09-17,-0.005027253789757801,0.0
2012-09-18,-0.0018108768998573682,0.0
2012-09-19,0.004953378085434614,0.0
2012-09-20,0.0015577787047905995,0.0
2012-09-21,0.003189976667686756,0.0
2012-09-24,-0.0012420875911632835,0.0
2012-09-25,-0.007619603123645894,0.0
2012-09-26,-0.006458127842554047,0.0
2012-09-27,0.01008578825658684,0.0
2012-09-28,-0.0020956548114800643,0.0
2012-10-01,0.002427179452236805,0.4226282055133949
2012-10-02,0.0023954652960168836,0.0
2012-10-03,0.0065848700171067965,0.0
2012-10-04,0.006986636132164168,0.0
2012-10-05,0.0007980504115674462,0.0
2012-10-08,-0.00398175712593226,0.0
2012-10-09,-0.01671208439236753,0.0
2012-10-10,-0.008756693551360207,0.0
2012-10-11,0.0006714453551328441,0.0
2012-10-12,-0.0026236166761770853,0.0
2012-10-15,0.009762323636669155,0.0
2012-10-16,0.014410498979983552,0.0
2012-10-17,0.005886104162495718,0.0
2012-10-18,-0.0010310397227807138,0.0
2012-10-19,-0.014476594238778416,0.0
2012-10-22,-0.0009647848792431377,0.0
2012-10-23,-0.014333843810948781,0.0
2012-10-24,-0.0023175027295192227,0.0
2012-10-25,-0.001354079319735171,0.0
2012-10-26,-0.0011354086306325096,0.0
2012-10-31,-0.0007839738338715446,0.0
2012-11-01,0.017079693744011193,0.40447922156152233
2012-11-02,-0.008659318867733534,0.0
2012-11-05,0.003925568166604611,0.0
2012-11-06,0.009844974542270096,0.0
2012-11-07,-0.016873604335718488,0.0
2012-11-08,-0.012273966200895145,0.0
2012-11-09,0.0010667872801612796,0.0
2012-11-12,0.0030309201524246062,0.0
2012-11-13,-0.002363490674043072,0.0
2012-11-14,-0.015748134773552292,0.0
2012-11-15,-0.0005441895302579835,0.0
2012-11-16,0.009533665554224597,0.0
2012-11-19,0.020726340681183904,0.0
2012-11-20,0.0077114671743074605,0.0
2012-11-21,0.001858830532180512,0.0
2012-11-23,0.01237606721172921,0.0
2012-11-26,-0.005099706167998794,0.0
2012-11-27,-0.005488348700275671,0.0
2012-11-28,0.006935364264032856,0.0
2012-11-29,0.00590695828838845,0.0
2012-11-30,-0.001679781347962177,0.0
2012-12-03,-0.004460263153314936,0.47172868030826665
2012-12-04,0.0003696592965796013,0.0
2012-12-05,0.0004775647254304403,0.0
2012-12-06,0.004752908526997746,0.0
2012-12-07,0.0029081230325944864,0.0
2012-12-10,0.003049744003182522,0.0
2012-12-11,0.0041122291647099525,0.0
2012-12-12,0.00249031262859605,0.0
2012-12-13,-0.0065165293372091634,0.0
2012-12-14,0.0004738261854913688,0.0
2012-12-17,0.013763785750448137,0.0
2012-12-18,0.010023164697258825,0.0
2012-12-19,-0.00760232728345399,0.0
2012-12-20,0.00621679328063355,0.0
2012-12-21,-0.00888023881111397,0.0
2012-12-24,-2.8120568858655827e-05,0.0
2012-12-26,-0.0067467875889723515,0.0
2012-12-27,-0.0012671789552539305,0.0
2012-12-28,-0.010480857745605771,0.0
2012-12-31,0.018298799178662915,0.0
2013-01-02,0.02476594924968145,0.4612186663005423
2013-01-03,-0.005006139335270377,0.0
2013-01-04,0.008441208470392913,0.0
2013-01-07,-0.0025419046937841614,0.0
2013-01-08,-0.0009501957738109025,0.0
2013-01-09,0.006833534201996103,0.0
2013-01-10,0.0038801338648737607,0.0
2013-01-11,0.0003288709212960564,0.0
2013-01-14,-0.00040667936534161147,0.0
2013-01-15,0.004334059738685173,0.0
2013-01-16,-0.002355134794813358,0.0
2013-01-17,0.007818711144457983,0.0
2013-01-18,0.0031505708798961743,0.0
2013-01-22,0.004577663385192632,0.0
2013-01-23,-0.0010322324006845657,0.0
2013-01-24,0.00513649269265524,0.0
2013-01-25,0.0055877539105289396,0.0
2013-01-28,-0.005490407844072353,0.0
2013-01-29,0.008784103229724694,0.0
2013-01-30,-0.0028725466146581145,0.0
2013-01-31,-0.002502805540528822,0.0
2013-02-01,0.009896651077585084,0.4251821507379084
2013-02-04,-0.012016312622667034,0.0
2013-02-05,0.010792351930926812,0.0
2013-02-06,0.0018707112578031067,0.0
2013-02-07,-0.0065634524329373405,0.0
2013-02-08,0.007608426967795693,0.0
2013-02-11,-0.00198675172939055,0.0
2013-02-12,0.006642736966056115,0.0
2013-02-13,0.00178603419480317,0.0
2013-02-14,0.0010290885857762997,0.0
2013-02-15,-0.0003187776942333682,0.0
2013-02-19,0.007227088301764275,0.0
2013-02-20,-0.016911453942691123,0.0
2013-02-21,-0.004880583365788938,0.0
2013-02-22,0.010084354400300812,0.0
2013-02-25,-0.021041880618676314,0.0
2013-02-26,0.009421096319475032,0.0
2013-02-27,0.01640093677020179,0.0
2013-02-28,0.0020562087416113577,0.0
2013-03-01,0.005546848402210758,0.47078630569885715
2013-03-04,0.01049751660977452,0.0
2013-03-05,0.011073054447156923,0.0
2013-03-06,0.0014430895961025127,0.0
2013-03-07,-0.00034431443925935824,0.0
2013-03-08,0.006690871418783165,0.0
2013-03-11,0.0011381336804308292,0.0
2013-03-12,-0.0011935993254328704,0.0
2013-03-13,0.0017454915627597345,0.0
2013-03-14,0.002936399101291141,0.0
2013-03-15,-0.006024098816221159,0.0
2013-03-18,-0.004296898877795777,0.0
2013-03-19,-0.0026964131318688595,0.0
2013-03-20,0.010644038914477658,0.0
2013-03-21,-0.009230002151307004,0.0
2013-03-22,0.006225594194099312,0.0
2013-03-25,-0.0027746650741864035,0.0
2013-03-26,0.009923967666840183,0.0
2013-03-27,0.0017499435607931978,0.0
2013-03-28,0.009155134665146988,0.0
2013-04-01,-0.00629364740727878,0.42626413330474444
2013-04-02,0.0027278683525291244,0.0
2013-04-03,-0.016410513991637846,0.0
2013-04-04,0.00408209162430586,0.0
2013-04-05,-0.003744410759424472,0.0
2013-04-08,0.009593054885571911,0.0
2013-04-09,-8.102555306520865e-05,0.0
2013-04-10,0.013217988276801304,0.0
2013-04-11,0.006526047123900567,0.0
2013-04-12,-0.0015282196439527513,0.0
2013-04-15,-0.02868759668851287,0.0
2013-04-16,0.018413209190821993,0.0
2013-04-17,-0.013040671872667508,0.0
2013-04-18,-0.004022445085938861,0.0
2013-04-19,0.015924586567264237,0.0
2013-04-22,0.006783324781181349,0.0
2013-04-23,0.007804257667891229,0.0
2013-04-24,-0.004784370892883882,0.0
2013-04-25,0.008355477580873835,0.0
2013-04-26,-0.007115876109729649,0.0
2013-04-29,0.0015303406576930288,0.0
2013-04-30,-0.0012584181971811935,0.0
2013-05-01,-0.009314123554103326,0.43686433047180956
2013-05-02,0.013917805851099783,0.0
2013-05-03,0.013841238845640546,0.0
2013-05-06,0.001985052839078845,0.0
2013-05-07,0.0034626289445772096,0.0
2013-05-08,0.0014544907043102084,0.0
2013-05-09,-0.002279789170496169,0.0
2013-05-10,0.00997971630709497,0.0
2013-05-13,0.0017969740285360255,0.0
2013-05-14,0.015440160370778833,0.0
2013-05-15,0.008134549725356158,0.0
2013-05-16,-0.011910546771700895,0.0
2013-05-17,0.01567627765185839,0.0
2013-05-20,-0.0016681718440848174,0.0
2013-05-21,0.0026704618634931553,0.0
2013-05-22,-0.012536286085898666,0.0
2013-05-23,-0.003239597920920749,0.0
2013-05-24,-0.0008198787539861923,0.0
2013-05-28,0.008026599699321405,0.0
2013-05-29,-0.010394993834192488,0.0
2013-05-30,0.004037936754086671,0.0
2013-05-31,-0.013257082523896364,0.0
2013-06-03,-0.003388544434122176,0.5697676096133473
2013-06-04,-0.012157199364948922,0.0
2013-06-05,-0.018090732650233574,0.0
2013-06-06,0.01611776842895766,0.0
2013-06-07,0.014232673990778072,0.0
2013-06-10,-0.0018359319894878596,0.0
2013-06-11,-0.014043872711053102,0.0
2013-06-12,-0.01549299253516873,0.0
2013-06-13,0.025219645221546898,0.0
2013-06-14,-0.006814381567067146,0.0
2013-06-17,0.008305567999429319,0.0
2013-06-18,0.006953581794519449,0.0
2013-06-19,-0.015992217173953473,0.0
2013-06-20,-0.03260466168301962,0.0
2013-06-21,-0.002451955744143747,0.0
2013-06-24,-0.01577200493790033,0.0
2013-06-25,0.015037845683338009,0.0
2013-06-26,0.012665916619349939,0.0
2013-06-27,0.00834367207316758,0.0
2013-06-28,-0.007683153265777011,0.0
2013-07-01,0.009017119494943548,0.4381447509819751
2013-07-02,-0.00502647431207001,0.0
2013-07-03,0.0008449723349289816,0.0
2013-07-05,0.010753650669064429,0.0
2013-07-08,0.005497900033829391,0.0
2013-07-09,0.008978576022905988,0.0
2013-07-10,-0.0015291857287434347,0.0
2013-07-11,0.019290078303749847,0.0
2013-07-12,0.00849619455735243,0.0
2013-07-15,0.0015785947766401589,0.0
2013-07-16,-0.007254844571519023,0.0
2013-07-17,0.004243647141084313,0.0
2013-07-18,0.005305032574279143,0.0
2013-07-19,0.005149832009361938,0.0
2013-07-22,0.0019092180643272498,0.0
2013-07-23,-0.003731299624346569,0.0
2013-07-24,-0.00865704749826004,0.0
2013-07-25,0.004211018867308765,0.0
2013-07-26,0.0005849975932367033,0.0
2013-07-29,-0.006627509506589427,0.0
2013-07-30,0.006903557847045149,0.0
2013-07-31,0.0024352017246060485,0.0
2013-08-01,0.018543770908543422,0.4127051637068317
2013-08-02,0.0027860576547573054,0.0
2013-08-05,-0.0044807130128874445,0.0
2013-08-06,-0.009234402587392535,0.0
2013-08-07,-0.008547275646922372,0.0
2013-08-08,0.008316640228999231,0.0
2013-08-09,-0.001044463967826126,0.0
2013-08-12,-0.0011652689915216297,0.0
2013-08-13,0.0015311398833187733,0.0
2013-08-14,-0.003915981484252102,0.0
2013-08-15,-0.018322591292365187,0.0
2013-08-16,-0.0019711149940786375,0.0
2013-08-19,-0.011138064646769894,0.0
2013-08-20,0.010742823856297259,0.0
2013-08-21,-0.0017159783846482733,0.0
2013-08-22,0.011254437573070382,0.0
2013-08-23,-0.00018919338679447247,0.0
2013-08-26,-0.004166943219099092,0.0
2013-08-27,-0.02515134745043035,0.0
2013-08-28,0.003727700283383582,0.0
2013-08-29,0.0048261347904892775,0.0
2013-08-30,-0.005800668554061055,0.0
2013-09-03,0.009171154420077432,0.5107622043514152
2013-09-04,0.010728344356142349,0.0
2013-09-05,0.0007569449464398488,0.0
2013-09-06,-0.001684788469376823,0.0
2013-09-09,0.01244415642809053,0.0
2013-09-10,0.012197698872001686,0.0
2013-09-11,0.003912500473875598,0.0
2013-09-12,-0.004973266923504767,0.0
2013-09-13,0.0021771060611296337,0.0
2013-09-16,0.00649601907772512,0.0
2013-09-17,0.00154099336685442,0.0
2013-09-18,0.010606195056193325,0.0
2013-09-19,0.00030946166065428694,0.0
2013-09-20,-0.007496366292566058,0.0
2013-09-23,-0.009832351382219448,0.0
2013-09-24,0.0024195892588098475,0.0
2013-09-25,-5.696782869317257e-05,0.0
2013-09-26,0.0044287426268449955,0.0
2013-09-27,-0.002619273379747486,0.0
2013-09-30,-0.0037286932194294546,0.0
2013-10-01,0.009410129554031643,0.33704341706743546
2013-10-02,-0.0008861598013320806,0.0
2013-10-03,-0.009069466767175193,0.0
2013-10-04,0.012817383530940255,0.0
2013-10-07,-0.014263263323655243,0.0
2013-10-08,-0.01667409055139847,0.0
2013-10-09,-0.0010291154651484603,0.0
2013-10-10,0.028346502463993752,0.0
2013-10-11,0.009690982253999558,0.0
2013-10-14,0.0059607122616421255,0.0
2013-10-15,-0.009459040783397814,0.0
2013-10-16,0.017140356245968963,0.0
2013-10-17,0.01082724921594475,0.0
2013-10-18,0.0060308272452982105,0.0
2013-10-21,-0.0013415882301926075,0.0
2013-10-22,0.0073212820706069475,0.0
2013-10-23,-0.006159503843707397,0.0
2013-10-24,0.0045046856908295685,0.0
2013-10-25,0.0003840476822383086,0.0
2013-10-28,-0.00312125958017426,0.0
2013-10-29,0.0069910231923916225,0.0
2013-10-30,-0.006360257693473621,0.0
2013-10-31,-0.0032324627285688764,0.0
2013-11-01,0.008888837769999158,0.47336278966582646
2013-11-04,0.0029888520768295555,0.0
2013-11-05,2.0209469281498083e-05,0.0
2013-11-06,-0.002308203285522484,0.0
2013-11-07,-0.018092283267839293,0.0
2013-11-08,0.01790511956407088,0.0
2013-11-11,0.0033812816684282393,0.0
2013-11-12,-0.0010556752770191087,0.0
2013-11-13,0.010259853843805532,0.0
2013-11-14,0.00684467349408289,0.0
2013-11-15,0.0035328194627047855,0.0
2013-11-18,-0.005762267397595687,0.0
2013-11-19,-0.005069328277837833,0.0
2013-11-20,-0.0013131086013153095,0.0
2013-11-21,0.013876539077975491,0.0
2013-11-22,0.0075078445384084294,0.0
2013-11-25,-0.0013465325267695734,0.0
2013-11-26,0.0016576122286655107,0.0
2013-11-27,0.0028504862358659138,0.0
2013-11-29,-0.0018136971794028706,0.0
2013-12-02,-0.0008978177798015796,0.4241367030255122
2013-12-03,-0.0064428947868802305,0.0
2013-12-04,-0.0014885383232044777,0.0
2013-12-05,-0.0023873852279691797,0.0
2013-12-06,0.013426131061420071,0.0
2013-12-09,0.0011416297959536675,0.0
2013-12-10,-0.0009995762907141555,0.0
2013-12-11,-0.013558907373981785,0.0
2013-12-12,-0.0013645001645633558,0.0
2013-12-13,0.002797828018865089,0.0
2013-12-16,0.006982133651719888,0.0
2013-12-17,0.001753215714555207,0.0
2013-12-18,0.01658774994074025,0.0
2013-12-19,-0.0024056390159843104,0.0
2013-12-20,0.00975661925460779,0.0
2013-12-23,0.005354212981137646,0.0
2013-12-24,0.0026376632377425454,0.0
2013-12-26,0.00424717193994697,0.0
2013-12-27,-0.0028441011329161407,0.0
2013-12-30,0.001913226385355161,0.0
2013-12-31,0.003609951970795472,0.0
2014-01-02,-0.006842905101519192,0.3148804570198125
2014-01-03,0.0005444387581971911,0.0
2014-01-06,-0.0064515425663781,0.0
2014-01-07,0.010281465948359526,0.0
2014-01-08,0.006629609345089148,0.0
2014-01-09,0.0015371783912332447,0.0
2014-01-10,0.0034417250046111254,0.0
2014-01-13,-0.020543168162499015,0.0
2014-01-14,0.01554671745030859,0.0
2014-01-15,0.002428690005541475,0.0
2014-01-16,-0.00043117643806109794,0.0
2014-01-17,-0.0007085009424464151,0.0
2014-01-21,0.0026859954166508354,0.0
2014-01-22,0.001703505182390987,0.0
2014-01-23,-0.011831667392692405,0.0
2014-01-24,-0.026162319562642446,0.0
2014-01-27,-0.006887885847577632,0.0
2014-01-28,0.010244248481121697,0.0
2014-01-29,-0.007614509242404454,0.0
2014-01-30,0.01949393924051458,0.0
2014-01-31,-0.0036553035105659102,0.0
2014-02-03,-0.0326223839307378,0.5616580592923301
2014-02-04,0.010648351120664649,0.0
2014-02-05,-0.0032237499353316617,0.0
2014-02-06,0.01328444128787537,0.0
2014-02-07,0.016008404410384335,0.0
2014-02-10,0.0030248559866193373,0.0
2014-02-11,0.009501799118147095,0.0
2014-02-12,0.0012328510586464407,0.0
2014-02-13,0.007075234011460922,0.0
2014-02-14,0.003410798033234284,0.0
2014-02-18,0.0070606409469536,0.0
2014-02-19,-0.005477623595742099,0.0
2014-02-20,0.006350336561946123,0.0
2014-02-21,0.0024938218176011064,0.0
2014-02-24,0.005861409773774373,0.0
2014-02-25,-7.795975553542909e-05,0.0
2014-02-26,-0.0019912693349283545,0.0
2014-02-27,0.008791212208749507,0.0
2014-02-28,0.0035222128232652665,0.0
2014-03-03,-0.00838361147862976,0.3306660672956607
2014-03-04,0.01902196944041749,0.0
2014-03-05,-0.0025753751789855117,0.0
2014-03-06,-0.0010959249531551046,0.0
2014-03-07,-0.00265116773161266,0.0
2014-03-10,-0.0015663719404354628,0.0
2014-03-11,-0.005478580025375745,0.0
2014-03-12,3.2889398151516886e-05,0.0
2014-03-13,-0.015279095201835555,0.0
2014-03-14,-0.002945452522078478,0.0
2014-03-17,0.010379066424992846,0.0
2014-03-18,0.011504238441903236,0.0
2014-03-19,-0.002567207181319307,0.0
2014-03-20,0.006439570302283164,0.0
2014-03-21,-0.006643836643536032,0.0
2014-03-24,-0.010732926172768623,0.0
2014-03-25,-0.004383354687010713,0.0
2014-03-26,-0.011627252116440303,0.0
2014-03-27,-0.002559913432626167,0.0
2014-03-28,0.002167621409066372,0.0
2014-03-31,0.012439757811666645,0.0
2014-04-01,0.011993690910777843,0.37519835232958887
2014-04-02,0.004385603199564884,0.0
2014-04-03,-0.007479955994794929,0.0
2014-04-04,-0.020732479370809468,0.0
2014-04-07,-0.017001307432559294,0.0
2014-04-08,0.005645491357547599,0.0
2014-04-09,0.017794405434490176,0.0
2014-04-10,-0.032395308483414036,0.0
2014-04-11,-0.01392480866543002,0.0
2014-04-14,0.009789149232432001,0.0
2014-04-15,0.00552077460719917,0.0
2014-04-16,0.01597964748611424,0.0
2014-04-17,0.001057840706543036,0.0
2014-04-21,0.0053825420914925155,0.0
2014-04-22,0.0061058229183478165,0.0
2014-04-23,-0.0032072719411792225,0.0
2014-04-24,0.0010592410705871618,0.0
2014-04-25,-0.015521688517710736,0.0
2014-04-28,-0.004488690447816323,0.0
2014-04-29,0.009039267257503012,0.0
2014-04-30,0.008096967375287758,0.0
2014-05-01,-0.0027910629559049216,0.46286798874338236
2014-05-02,0.0028162777851624475,0.0
2014-05-05,0.0015743611777906392,0.0
2014-05-06,-0.010655239277917342,0.0
2014-05-07,-0.002850799663433462,0.0
2014-05-08,-0.0013316958262053057,0.0
2014-05-09,0.0020450761350496918,0.0
2014-05-12,0.017054565208682274,0.0
2014-05-13,-0.0016534724654303648,0.0
2014-05-14,-0.006384020225229456,0.0
2014-05-15,-0.011877434952436206,0.0
2014-05-16,0.003050941262892818,0.0
2014-05-19,0.007534847406651371,0.0
2014-05-20,-0.009650223378745099,0.0
2014-05-21,0.010590054782943979,0.0
2014-05-22,0.005639577944050138,0.0
2014-05-23,0.006973119692520066,0.0
2014-05-27,0.008247442329127108,0.0
2014-05-28,0.00045726043669495767,0.0
2014-05-29,0.005499862997578026,0.0
2014-05-30,-0.0005079735824640959,0.0
2014-06-02,0.003142241459006545,0.61443501706318
2014-06-03,-0.0020239158539469334,0.0
2014-06-04,0.002604376470922104,0.0
2014-06-05,0.007218595220529787,0.0
2014-06-06,0.005850210149371814,0.0
2014-06-09,-0.0010007257351956845,0.0
2014-06-10,-0.0028772211205155968,0.0
2014-06-11,-0.002146014515931453,0.0
2014-06-12,-0.009235105132758176,0.0
2014-06-13,0.0035302039603585314,0.0
2014-06-16,0.0009762596356250113,0.0
2014-06-17,0.0042361961191356365,0.0
2014-06-18,0.007350063315444644,0.0
2014-06-19,0.001766443314243824,0.0
2014-06-20,0.003124283976461947,0.0
2014-06-23,-0.0009054695339447232,0.0
2014-06-24,-0.006584979847517958,0.0
2014-06-25,0.0015454779145681425,0.0
2014-06-26,0.0005891796417811689,0.0
2014-06-27,0.002660819513026201,0.0
2014-06-30,-0.0005018200385342,0.0
2014-07-01,0.008549728395549572,0.5562528321345789
2014-07-02,0.00031661820189070105,0.0
2014-07-03,0.004767627669129976,0.0
2014-07-07,-0.007735982897255331,0.0
2014-07-08,-0.00881095121202769,0.0
2014-07-09,0.005515213404237978,0.0
2014-07-10,-0.0050886336528191,0.0
2014-07-11,0.00164590398381195,0.0
2014-07-14,0.003522386560829871,0.0
2014-07-15,-0.004069024612740876,0.0
2014-07-16,-1.796902768904507e-06,0.0
2014-07-17,-0.016083456839184412,0.0
2014-07-18,0.015318217812451334,0.0
2014-07-21,-0.004250828285223161,0.0
2014-07-22,0.007735455694332152,0.0
2014-07-23,0.004159233917182254,0.0
2014-07-24,0.0009165332649712774,0.0
2014-07-25,-0.005114690157308262,0.0
2014-07-28,-0.0005259882297796441,0.0
2014-07-29,-0.00353112273521018,0.0
2014-07-30,0.0003081660293193073,0.0
2014-07-31,-0.01962181821123028,0.0
2014-08-01,-0.001283499242652919,0.48786044284070684
2014-08-04,0.008967588014775265,0.0
2014-08-05,-0.00972032202466538,0.0
2014-08-06,-0.003672768977642179,0.0
2014-08-07,-0.005497543706813638,0.0
2014-08-08,0.009959718773152163,0.0
2014-08-11,0.0043045546238532125,0.0
2014-08-12,-0.002572345265311855,0.0
2014-08-13,0.010425662028437005,0.0
2014-08-14,0.005210421683950497,0.0
2014-08-15,0.0014553783617230502,0.0
2014-08-18,0.01095513476250208,0.0
2014-08-19,0.00567081116866178,0.0
2014-08-20,0.00492959098684141,0.0
2014-08-21,-0.0003936032928354968,0.0
2014-08-22,-0.0021922643799043113,0.0
2014-08-25,0.004196910824153781,0.0
2014-08-26,-0.0014508152913316496,0.0
2014-08-27,-0.001286541165196182,0.0
2014-08-28,-0.0007090239630946643,0.0
2014-08-29,0.003438314566786927,0.0
2014-09-02,0.0018187263096063333,0.281451001704282
2014-09-03,0.00045040825933919065,0.0
2014-09-04,-0.0032475086520056705,0.0
2014-09-05,0.0036648482540307696,0.0
2014-09-08,-0.0007908362521676288,0.0
2014-09-09,-0.007564234635322922,0.0
2014-09-10,0.0015532129972890552,0.0
2014-09-11,-6.0164627431381185e-05,0.0
2014-09-12,-0.007842951965046769,0.0
2014-09-15,-0.004265056219466599,0.0
2014-09-16,0.008507969614178126,0.0
2014-09-17,0.0017783051818856257,0.0
2014-09-18,0.006497777444034359,0.0
2014-09-19,-0.0039021600056966697,0.0
2014-09-22,-0.011215504085899282,0.0
2014-09-23,-0.0058893123725125805,0.0
2014-09-24,0.008527382959384367,0.0
2014-09-25,-0.01582940451681317,0.0
2014-09-26,0.009530832992212905,0.0
2014-09-29,-0.0024923659734569182,0.0
2014-09-30,-0.004266038691501588,0.0
2014-10-01,-0.015061852388312813,0.5092251125551638
2014-10-02,0.0001102224503277163,0.0
2014-10-03,0.016218348767522536,0.0
2014-10-06,-0.004622832427377951,0.0
2014-10-07,-0.018467580587919648,0.0
2014-10-08,0.021358714157412625,0.0
2014-10-09,-0.025460874688868994,0.0
2014-10-10,-0.01938531790587291,0.0
2014-10-13,-0.024993916307513978,0.0
2014-10-14,0.007428056265428513,0.0
2014-10-15,-0.004740903277077339,0.0
2014-10-16,0.009752637771927454,0.0
2014-10-17,0.013055422587357925,0.0
2014-10-20,0.012353470188725409,0.0
2014-10-21,0.027269261120092467,0.0
2014-10-22,-0.012851148529973384,0.0
2014-10-23,0.016423153889349264,0.0
2014-10-24,0.012765965681642684,0.0
2014-10-27,-0.0010852621923993055,0.0
2014-10-28,0.014253324114763965,0.0
2014-10-29,-0.0019319561781017238,0.0
2014-10-30,0.011363268026534699,0.0
2014-10-31,0.012555765483076686,0.0
2014-11-03,-0.00033315923898558086,0.5314367199178209
2014-11-04,-0.003391812016477993,0.0
2014-11-05,8.96688800239606e-05,0.0
2014-11-06,0.009267687276052896,0.0
2014-11-07,-0.0011419232893242607,0.0
2014-11-10,0.007874076313827494,0.0
2014-11-11,0.002767175435106894,0.0
2014-11-12,0.0007811363073881188,0.0
2014-11-13,-0.001531717811767776,0.0
2014-11-14,-0.0022665077761260615,0.0
2014-11-17,0.00033212546946550527,0.0
2014-11-18,0.009022944812804851,0.0
2014-11-19,-0.0033031341316717916,0.0
2014-11-20,0.0015188248792630523,0.0
2014-11-21,0.0035121800866836773,0.0
2014-11-24,0.007944898766178557,0.0
2014-11-25,-0.0014105251806969,0.0
2014-11-26,0.004633942891900975,0.0
2014-11-28,0.000756364497631788,0.0
2014-12-01,-0.01027589574303478,0.5009125235298622
2014-12-02,0.009002264671902977,0.0
2014-12-03,0.0024725049592391538,0.0
2014-12-04,-0.0003979310070508821,0.0
2014-12-05,0.001268753765858803,0.0
2014-12-08,-0.00164215342853308,0.0
2014-12-09,0.003068974088085816,0.0
2014-12-10,-0.015109515911687417,0.0
2014-12-11,0.006998005225738292,0.0
2014-12-12,-0.014851429759120113,0.0
2014-12-15,-0.006006789480236694,0.0
2014-12-16,-0.00938373541420821,0.0
2014-12-17,0.020580749266936847,0.0
2014-12-18,0.024705858279329657,0.0
2014-12-19,0.004627250735413843,0.0
2014-12-22,0.00035404416481178225,0.0
2014-12-23,-0.00418360379517221,0.0
2014-12-24,0.0037927908505572417,0.0
2015-01-08,0.01623208095372819,0.4368723041646936
2015-01-09,-0.007545844324981506,0.0
2015-01-12,-0.006959829623987052,0.0
2015-01-13,-0.0024554295825557045,0.0
2015-01-14,-0.0019492755006519464,0.0
2015-01-15,-0.008536986482630784,0.0
2015-01-16,0.01688031536050734,0.0
2015-01-20,0.0022811552149530293,0.0
2015-01-21,0.0016422465735575905,0.0
2015-01-22,0.012270560060183521,0.0
2015-01-23,-3.0090827474167398e-05,0.0
2015-01-26,0.004482599700288999,0.0
2015-01-27,-0.010729071009325986,0.0
2015-01-28,-0.012917763839150295,0.0
2015-01-29,0.011372553176942277,0.0
2015-01-30,-0.0213644961161972,0.0
2015-02-02,0.0072950120063493,0.5199764478649518
2015-02-03,0.011068081468031756,0.0
2015-02-04,-0.00840963007950669,0.0
2015-02-05,0.020331161538974594,0.0
2015-02-06,-0.013948302441219657,0.0
2015-02-09,-0.010324857474625358,0.0
2015-02-10,0.016800879133796867,0.0
2015-02-11,-0.0004781426659970873,0.0
2015-02-12,0.007748207661787816,0.0
2015-02-13,-0.0025528989966534608,0.0
2015-02-17,0.003020764822258026,0.0
2015-02-18,0.0068429470120753445,0.0
2015-02-19,-0.0029124443466081408,0.0
2015-02-20,0.007109707966557157,0.0
2015-02-23,0.0017057938433825404,0.0
2015-02-24,-0.00028158209688594214,0.0
2015-02-25,-0.002992513150088638,0.0
2015-02-26,-0.002241798713528595,0.0
2015-02-27,-0.001576794578022441,0.0
2015-03-02,0.006165495118477526,0.4837173225922041
2015-03-03,-0.004316326465788849,0.0
2015-03-04,-0.006217860093155191,0.0
2015-03-05,0.002371310272055098,0.0
2015-03-06,-0.019318372939443062,0.0
2015-03-09,0.007375028110764887,0.0
2015-03-10,-0.011806871942841675,0.0
2015-03-11,-0.0008955771355741555,0.0
2015-03-12,0.01663398852424691,0.0
2015-03-13,-0.0049812232852950635,0.0
2015-03-16,0.018218059653859527,0.0
2015-03-17,-0.0030082757646294135,0.0
2015-03-18,0.012784497132592483,0.0
2015-03-19,0.00020518709935165257,0.0
2015-03-20,0.007107650219230134,0.0
2015-03-23,-0.004500511630537047,0.0
2015-03-24,-0.005875569528170421,0.0
2015-03-25,-0.012754382266305733,0.0
2015-03-26,-0.004101025851616735,0.0
2015-03-27,0.006720859006069816,0.0
2015-03-30,0.01055854718538975,0.0
2015-03-31,-0.009915003199159665,0.0
2015-04-01,-0.004284614047019186,0.7114289353066314
2015-04-02,0.0023977374145357855,0.0
2015-04-06,0.0007395577155189861,0.0
2015-04-07,-0.0037984921225475217,0.0
2015-04-08,0.006730439769977314,0.0
2015-04-09,0.002198493920644255,0.0
2015-04-10,0.004672542168460965,0.0
2015-04-13,-0.006736116081626055,0.0
2015-04-14,-0.0020496725678333595,0.0
2015-04-15,0.0016735231421903805,0.0
2015-04-16,-0.0012922558408017845,0.0
2015-04-17,-0.010785744162087801,0.0
2015-04-20,0.01132594160972522,0.0
2015-04-21,0.003278350036730591,0.0
2015-04-22,0.0024980344909382854,0.0
2015-04-23,0.004013418490937193,0.0
2015-04-24,-0.0025888781580069176,0.0
2015-04-27,-0.01055094948428352,0.0
2015-04-28,-0.00024763891871553095,0.0
2015-04-29,-0.009040733879053083,0.0
2015-04-30,-0.01102663432778657,0.0
2015-05-01,0.014333187554554039,0.39562570192339297
2015-05-04,0.003463221088422432,0.0
2015-05-05,-0.014811108467392147,0.0
2015-05-06,0.000956597963433471,0.0
2015-05-07,0.008768540455385434,0.0
2015-05-08,0.013064579804782355,0.0
2015-05-11,-0.0002081431956653196,0.0
2015-05-12,-0.004565137180303654,0.0
2015-05-13,-0.0015444360129634198,0.0
2015-05-14,0.00801902770806914,0.0
2015-05-15,0.0018035444082746838,0.0
2015-05-18,0.005073054343685547,0.0
2015-05-19,0.0008388144927307236,0.0
2015-05-20,-0.002557161261066813,0.0
2015-05-21,0.0004286983685400074,0.0
2015-05-22,-0.0007353863737866918,0.0
2015-05-26,-0.010749886952651546,0.0
2015-05-27,0.010690940742758639,0.0
2015-05-28,-0.0032209037315717145,0.0
2015-05-29,-0.006468994835788163,0.0
2015-06-01,0.0029541529993164506,0.44185941428280084
2015-06-02,-0.0009465045336623501,0.0
2015-06-03,0.004648516073767144,0.0
2015-06-04,-0.007830171211344293,0.0
2015-06-05,0.00035412663074058977,0.0
2015-06-08,-0.0068549368755458405,0.0
2015-06-09,-0.0003923279545478195,0.0
2015-06-10,0.01167767665482795,0.0
2015-06-11,0.0034240478434833096,0.0
2015-06-12,-0.005687399225407803,0.0
2015-06-15,-0.004966142366184704,0.0
2015-06-16,0.005860958378317621,0.0
2015-06-17,0.003810594802310976,0.0
2015-06-18,0.01375735565424939,0.0
2015-06-19,-0.0032330224156523315,0.0
2015-06-22,0.004474648070581095,0.0
2015-06-23,0.000229457264014214,0.0
2015-06-24,-0.00852695172099231,0.0
2015-06-25,0.002295711561616746,0.0
2015-06-26,-0.0022194963358630375,0.0
2015-06-29,-0.023532748293863558,0.0
2015-06-30,0.004068061460268309,0.0
2015-07-01,0.01096636123907202,0.30473100394648234
2015-07-02,-0.0031944467475530708,0.0
2015-07-06,-0.0031504308702055006,0.019708064624042065
2015-07-07,0.004422050809461583,0.0
2015-07-08,-0.019153648924242678,0.0
2015-07-09,0.004689026181134318,0.0
2015-07-10,0.014959057832482178,0.0
2015-07-13,0.010938489849671296,0.0
2015-07-14,0.006445244558894083,0.0
2015-07-15,-0.00048201867664332695,0.0
2015-07-16,0.007004031347302656,0.0
2015-07-17,-0.0008162409043158154,0.0
2015-07-20,0.003608783543759083,0.0
2015-07-21,-0.007172504975228465,0.0
2015-07-22,0.0040852109675680506,0.0
2015-07-23,-0.003228709085612241,0.0
2015-07-24,-0.009179952544926318,0.0
2015-07-27,-0.011740395074697551,0.0
2015-07-28,0.013736212750632004,0.0
2015-07-29,0.007467943145203777,0.0
2015-07-30,0.0017521508091496993,0.0
2015-07-31,0.0021936639695632754,0.0
2015-08-03,-0.001183121597787884,0.39560403732371513
2015-08-04,0.0024849415640588977,0.0
2015-08-05,0.007466662936609421,0.0
2015-08-06,-0.013486358239536074,0.0
2015-08-07,0.00018513716376956056,0.0
2015-08-10,0.01123007757995939,0.0
2015-08-11,-0.0080296307285491,0.0
2015-08-12,0.0012006826832427987,0.0
2015-08-13,0.0027401918191706275,0.0
2015-08-14,0.0019462595453364488,0.0
2015-08-17,0.006975477792579591,0.0
2015-08-18,-0.0004799739764551261,0.0
2015-08-19,-0.003983574053772691,0.0
2015-08-20,-0.02097500942948043,0.0
2015-08-21,-0.035188244274170374,0.0
2015-08-24,-0.03942384174703995,0.0
2015-08-25,-0.010267012785623565,0.0
2015-08-26,0.03835561028657025,0.0
2015-08-27,0.019441165981079044,0.0
2015-08-28,0.0004686395661089574,0.0
2015-08-31,-0.0113247919123973,0.0
2015-09-01,-0.02954436564942997,0.34581420583449285
2015-09-02,0.020397365699110992,0.01960001531966345
2015-09-03,0.0018761618335755566,0.0
2015-09-04,-0.012654860961086329,0.0
2015-09-08,0.028988528611417458,0.0
2015-09-09,-0.01456135140196609,0.0
2015-09-10,0.0048628724276581076,0.0
2015-09-11,0.007713479496288476,0.0
2015-09-14,-0.005483146210519156,0.0
2015-09-15,0.01131838133234675,0.0
2015-09-16,0.003917187227857645,0.0
2015-09-17,0.0010046854236490802,0.0
2015-09-18,-0.015846371410294303,0.0
2015-09-21,0.0015096651152512585,0.0
2015-09-22,-0.012396039546932126,0.0
2015-09-23,0.0013829181618290613,0.0
2015-09-24,-0.007302960443770509,0.0
2015-09-25,-0.002410901901272149,0.0
2015-09-28,-0.031798671726238084,0.0
2015-09-29,-0.000447622354461602,0.0
2015-09-30,0.02084726206816369,0.0
2015-10-01,0.0071137310714373125,0.40673166367280045
2015-10-02,0.012846170756246996,0.0
2015-10-05,0.012942253935662652,0.0
2015-10-06,-0.014340012601692067,0.0
2015-10-07,0.010611476496049644,0.0
2015-10-08,0.007211487016994365,0.0
2015-10-09,0.0033869083555181385,0.0
2015-10-12,0.004016647596416539,0.0
2015-10-13,-0.012846665287774808,0.0
2015-10-14,-0.008174930302793128,0.0
2015-10-15,0.013623103710097974,0.0
2015-10-16,0.006350493861512088,0.0
2015-10-19,0.0014889292927604018,0.0
2015-10-20,-0.0018605061988782898,0.0
2015-10-21,-0.004213315323503449,0.0
2015-10-22,0.018974225072778142,0.0
2015-10-23,0.008782758198149014,0.0
2015-10-26,0.001328364316882047,0.0
2015-10-27,-2.602289594172782e-05,0.0
2015-10-28,0.009084869456639093,0.0
2015-10-29,-6.310563912867808e-05,0.0
2015-10-30,-0.0025067118156894487,0.0
2015-11-02,0.010464520803840083,0.4131147971016522
2015-11-03,-0.0032872361634434417,0.0
2015-11-04,-0.000868783828522139,0.0
2015-11-05,0.0037884399892467403,0.0
2015-11-06,0.004685991448789169,0.0
2015-11-09,-0.010049714823275477,0.0
2015-11-10,0.005407140920182404,0.0
2015-11-11,-0.0007229307518518962,0.0
2015-11-12,-0.014268657882297371,0.0
2015-11-13,-0.013426307606391094,0.0
2015-11-16,0.012238885983166702,0.0
2015-11-17,0.000702378150208012,0.0
2015-11-18,0.015383228575849214,0.0
2015-11-19,0.0018809184428255732,0.0
2015-11-20,0.005887724938567136,0.0
2015-11-23,0.0010740791071296909,0.0
2015-11-24,-0.0018690237389809954,0.0
2015-11-25,0.0038831252737063157,0.0
2015-11-27,0.0030159575380519256,0.0
2015-11-30,-0.007938423009986316,0.0
2015-12-01,0.01095665646774302,0.31064241576733315
2015-12-02,-0.009350459544343178,0.0
2015-12-03,-0.013186051002924595,0.0
2015-12-04,0.021636206194136483,0.0
2015-12-07,-0.004554795883740523,0.0
2015-12-08,-0.0026000307384802628,0.0
2015-12-09,-0.013485962002212564,0.0
2015-12-10,0.00240285623467524,0.0
2015-12-11,-0.019916697274799097,0.0
2015-12-14,0.004550112094465763,0.0
2015-12-15,0.008785703543972916,0.0
2015-12-16,0.014347510875554487,0.0
2015-12-17,-0.015799445526070252,0.0
2015-12-18,-0.01610558017122396,0.0
2015-12-21,0.008681568629636205,0.0
2015-12-22,0.0058276509067235905,0.0
2015-12-23,0.007399844579156788,0.0
2015-12-24,-0.0007803994699852999,0.0
2015-12-28,0.0019155011693145008,0.0
2015-12-29,0.009580335540130335,0.0
2015-12-30,-0.006632670378924079,0.0
2015-12-31,-0.009266625710371798,0.0
2016-01-04,-0.020429077739729795,0.344197018114495
2016-01-05,0.004300746533566114,0.0
2016-01-06,-0.012167502370076654,0.0
2016-01-07,-0.020641897282298878,0.0
2016-01-08,-0.01476181214644811,0.0
2016-01-11,0.003021647547939913,0.0
2016-01-12,0.012583230877533118,0.0
2016-01-13,-0.03065957889354893,0.0
2016-01-14,0.01698630790037537,0.0
2016-01-15,-0.01950967249445617,0.0
2016-01-19,-8.396018784548125e-05,0.0
2016-01-20,-0.008267467381726224,0.0
2016-01-21,0.002208794214350323,0.0
2016-01-22,0.02279899258947513,0.0
2016-01-25,-0.013162069066570227,0.0
2016-01-26,0.014765233837587604,0.0
2016-01-27,-0.013693180663456244,0.0
2016-01-28,0.004414566402233403,0.0
2016-01-29,0.02901212804689932,0.0
2016-02-01,0.0007687312603961161,0.33370267733667147
2016-02-02,-0.022425293890732834,0.0
2016-02-03,-0.0027623497817549957,0.0
2016-02-04,-0.004630446036563291,0.0
2016-02-05,-0.025674596603779833,0.0
2016-02-08,-0.02030457425484992,0.0
2016-02-09,0.008367728322416196,0.0
2016-02-10,0.0018344372857086522,0.0
2016-02-11,-0.013592938912329267,0.0
2016-02-12,0.018794341215420597,0.0
2016-02-16,0.020935119441187186,0.0
2016-02-17,0.014626148293077696,0.0
2016-02-18,-0.009737989972848733,0.0
2016-02-19,0.0068096679391599045,0.0
2016-02-22,0.01364112150165225,0.0
2016-02-23,-0.00994510996182003,0.0
2016-02-24,0.011939331933787536,0.0
2016-02-25,0.011104113290466705,0.0
2016-02-26,-0.001599945119837005,0.0
2016-02-29,-0.009933381383728753,0.0
2016-03-01,0.023475515726828267,0.6247224528294477
2016-03-02,0.0008831918511988252,0.0
2016-03-03,0.004007215459379933,0.0
2016-03-04,0.000694628077551084,0.0
2016-03-07,-0.004237925057580674,0.0
2016-03-08,-0.0016654680825057768,0.0
2016-03-09,0.005829653815668499,0.0
2016-03-10,0.002841766648000705,0.0
2016-03-11,0.011259982909504938,0.0
2016-03-14,0.00043147153720995025,0.0
2016-03-15,0.000324092337556953,0.0
2016-03-16,0.005847060581605312,0.0
2016-03-17,0.004108490045420189,0.0
2016-03-18,-0.0020344073249729134,0.0
2016-03-21,0.0005413498116223069,0.0
2016-03-22,-0.0006736230057632376,0.0
2016-03-23,-0.0018428404396906956,0.0
2016-03-24,0.0023758837942080106,0.0
2016-03-28,0.001554522106581056,0.0
2016-03-29,0.011095910062595606,0.0
2016-03-30,0.0034938395636018357,0.0
2016-03-31,-0.00040697358398468497,0.0
2016-04-01,0.009041626244263856,0.43066434359322203
2016-04-04,-0.0022364618887877013,0.0
2016-04-05,-0.012240024627674864,0.0
2016-04-06,0.007736693102618248,0.0
2016-04-07,-0.009150555230313023,0.0
2016-04-08,0.0026920477162693333,0.0
2016-04-11,-0.0033070363847404146,0.0
2016-04-12,0.004698830873714348,0.0
2016-04-13,0.004702886678380907,0.0
2016-04-14,-0.002373929642517301,0.0
2016-04-15,0.002177498719511932,0.0
2016-04-18,0.007388690472153644,0.0
2016-04-19,-0.001942567022200321,0.0
2016-04-20,-0.006364982090546292,0.0
2016-04-21,-0.013057659759281044,0.0
2016-04-22,0.0003139356746720555,0.0
2016-04-25,0.001995603208799439,0.0
2016-04-26,0.001321055284193197,0.0
2016-04-27,0.006729759582195576,0.0
2016-04-28,-0.010308217480048077,0.0
2016-04-29,-0.0033733010059946744,0.0
2016-05-02,0.009309147573714371,0.42119468988338343
2016-05-03,-0.006110027650182066,0.0
2016-05-04,0.0012813818137115578,0.0
2016-05-05,-0.0011295548178378101,0.0
2016-05-06,0.006894728525395236,0.0
2016-05-09,0.00479912324257857,0.0
2016-05-10,0.008863164335162606,0.0
2016-05-11,-0.007331103146952664,0.0
2016-05-12,0.0039918829573577265,0.0
2016-05-13,-0.008471294294538969,0.0
2016-05-16,0.007222834112564379,0.0
2016-05-17,-0.015943022598130144,0.0
2016-05-18,-0.005619776769479414,0.0
2016-05-19,-0.00280309724172316,0.0
2016-05-20,0.004603840602413614,0.0
2016-05-23,-0.0034714583722119524,0.0
2016-05-24,0.016253007163114022,0.0
2016-05-25,-0.0006447309413745076,0.0
2016-05-26,0.0025107387052319633,0.0
2016-05-27,0.005378016744890812,0.0
2016-05-31,-0.00027988023694969433,0.0
2016-06-01,0.0016719429042437728,0.3312921985051831
2016-06-02,0.0019009910970128865,0.0
2016-06-03,0.0016053790281494809,0.0
2016-06-06,-0.0010509915094867462,0.0
2016-06-07,0.002803552025958852,0.0
2016-06-08,0.006320182815527317,0.0
2016-06-09,0.00339836221780255,0.0
2016-06-10,-0.007432606483231727,0.0
2016-06-13,-0.005832386716374582,0.0
2016-06-14,0.001711632309826806,0.0
2016-06-15,-0.0015384108125859612,0.0
2016-06-16,0.005688304662990196,0.0
2016-06-17,-0.00398812835243612,0.0
2016-06-20,0.005182549255437822,0.0
2016-06-21,0.0021866341234482835,0.0
2016-06-22,-0.001865374491025287,0.0
2016-06-23,0.007526419321062936,0.0
2016-06-24,-0.02326920525510168,0.0
2016-06-27,-0.008415226496366324,0.0
2016-06-28,0.013447032313061436,0.0
2016-06-29,0.012061747435929828,0.0
2016-06-30,0.016043697160059933,0.0
2016-07-01,0.0007919374173650517,0.39573679693430197
2016-07-05,0.0003086970125898131,0.0
2016-07-06,0.003639402662640465,0.0
2016-07-07,-0.004078850813253725,0.0
2016-07-08,0.014330771377476204,0.0
2016-07-11,0.0026269663330859318,0.0
2016-07-12,0.0014966987151075444,0.0
2016-07-13,0.00043187892259704435,0.0
2016-07-14,0.0004306709596624355,0.0
2016-07-15,-0.0011363627792620548,0.0
2016-07-18,0.0004341639235102807,0.0
2016-07-19,-0.00022894761364008803,0.0
2016-07-20,0.003101453912963485,0.0
2016-07-21,-0.004065009797601349,0.0
2016-07-22,0.006056187972230875,0.0
2016-07-25,-2.6716444145316696e-05,0.0
2016-07-26,0.0020261219959510682,0.0
2016-07-27,-0.0071181929070871005,0.0
2016-07-28,0.004844741678245451,0.0
2016-07-29,0.003984260885343769,0.0
2016-08-01,-0.00011969354920127184,0.41568753317980217
2016-08-02,-0.007745354582407793,0.0
2016-08-03,2.165268609601945e-05,0.0
2016-08-04,-0.0022423696182412444,0.0
2016-08-05,0.0021280679967583937,0.0
2016-08-08,-0.0030265851818192997,0.0
2016-08-09,0.002146282162844066,0.0
2016-08-10,0.0013784649004065118,0.0
2016-08-11,0.001399998112795073,0.0
2016-08-12,-0.00048769374415507283,0.0
2016-08-15,-0.0022161556163156062,0.0
2016-08-16,-0.009386457166487065,0.0
2016-08-17,0.003977080556268875,0.0
2016-08-18,0.004415086904043665,0.0
2016-08-19,-0.0010585983993615508,0.0
2016-08-22,0.0023696379165117224,0.0
2016-08-23,-0.00104409781039973,0.0
2016-08-24,-0.005659819434082657,0.0
2016-08-25,-0.004111707934159679,0.0
2016-08-26,-0.005979275709237528,0.0
2016-08-29,0.006905993063831437,0.0
2016-08-30,-0.005413013169162879,0.0
2016-08-31,-0.0004105602773101652,0.0
2016-09-01,0.0002540226883016583,0.4966741265679532
2016-09-02,0.006564004486689765,0.0
2016-09-06,0.003192450523052959,0.0
2016-09-07,-0.0007688168110374699,0.0
2016-09-08,-0.003977441246070382,0.0
2016-09-09,-0.03049857862065268,0.0
2016-09-12,0.016364244422823835,0.0
2016-09-13,-0.014864903833964221,0.0
2016-09-14,0.0018152030833600548,0.0
2016-09-15,0.010709797828597543,0.0
2016-09-16,-0.00217306442267808,0.0
2016-09-19,0.004559328798951887,0.0
2016-09-20,-0.0010175939757897576,0.0
2016-09-21,0.013642673708203422,0.0
2016-09-22,0.008105724599795923,0.0
2016-09-23,-0.0043745038152534724,0.0
2016-09-26,-0.004722794756329405,0.0
2016-09-27,0.002979171776816494,0.0
2016-09-28,0.002257216905500601,0.0
2016-09-29,-0.009863375330014027,0.0
2016-09-30,0.0021768685147398313,0.0
2016-10-03,-0.0064898832354578495,0.5275488893318305
2016-10-04,-0.009366480087411089,0.0
2016-10-05,0.0013777880433900231,0.0
2016-10-06,0.0024783612111383504,0.0
2016-10-07,-0.0056375090978995224,0.0
2016-10-10,0.004452278688271856,0.0
2016-10-11,-0.01633199249252033,0.0
2016-10-12,0.0035167810040764675,0.0
2016-10-13,-0.0015392884878771226,0.0
2016-10-14,-0.001996382648305991,0.0
2016-10-17,-0.001993372346587612,0.0
2016-10-18,0.006678842807297722,0.0
2016-10-19,0.0014338671780262818,0.0
2016-10-20,-0.0004966042125225438,0.0
2016-10-21,-0.0006517444610397428,0.0
2016-10-24,0.005391298315063315,0.0
2016-10-25,-0.00948942327773344,0.0
2016-10-26,-0.008089900047449548,0.0
2016-10-27,-0.00856081742571952,0.0
2016-10-28,0.0007285958916778581,0.0
2016-10-31,-1.8723967237549172e-05,0.0
2016-11-01,-0.01015123403365581,0.48199596291270674
2016-11-02,-0.007511867687543921,0.0
2016-11-03,-0.003137556450353232,0.0
2016-11-04,0.000808073690415884,0.0
2016-11-07,0.02118458619738434,0.0
2016-11-08,0.005277334914061655,0.0
2016-11-09,0.004153465884225584,0.0
2016-11-10,-0.002608112001498364,0.0
2016-11-11,-0.004389355578471707,0.0
2016-11-14,0.0031706973585054,0.0
2016-11-15,0.010612342830940966,0.0
2016-11-16,-0.002102342937882709,0.0
2016-11-17,0.0024109618456799285,0.0
2016-11-18,-0.002344392367892428,0.0
2016-11-21,0.011175214228506015,0.0
2016-11-22,0.003047990375423624,0.0
2016-11-23,0.003277302582872921,0.0
2016-11-25,0.005333958945770054,0.0
2016-11-28,-0.004862894961355547,0.0
2016-11-29,0.0014080610985326104,0.0
2016-11-30,-0.006699557737568564,0.0
2016-12-01,-0.011820424183859646,0.6169493196321327
2016-12-02,0.0038287587406205977,0.0
2016-12-05,0.006734576243950909,0.0
2016-12-06,0.0021376550261964205,0.0
2016-12-07,0.01532631360269645,0.0
2016-12-08,0.0014014392160676735,0.0
2016-12-09,0.0031444490290135855,0.0
2016-12-12,-0.002080128538723972,0.0
2016-12-13,0.00508891473120423,0.0
2016-12-14,-0.010000034864162129,0.0
2016-12-15,0.000453698774182818,0.0
2016-12-16,-0.0010863913764039199,0.0
2016-12-19,0.0035346330730893828,0.0
2016-12-20,0.003041212279041076,0.0
2016-12-21,-0.0012534836535172188,0.0
2016-12-22,-0.0018593810607229508,0.0
2016-12-23,0.0013571715775975647,0.0
2016-12-27,0.0018804391083601653,0.0
2016-12-28,-0.008469748695957968,0.0
2016-12-29,0.0033455898292802733,0.0
2016-12-30,-0.0044850994409464506,0.0
2017-01-03,0.004931132287852691,0.9469265917478664
2017-01-04,0.010086483356436372,0.0
2017-01-05,-0.004680984175356509,0.0
2017-01-06,0.0005067704319265602,0.0
2017-01-09,-0.009048087565322518,0.0
2017-01-10,0.00304974393904108,0.0
2017-01-11,0.004327110150677908,0.0
2017-01-12,-0.0028183523299119364,0.0
2017-01-13,0.0035510077427246293,0.0
2017-01-17,-0.005578030128941191,0.0
2017-01-18,0.006515518942130257,0.0
2017-01-19,-0.0001396062704712821,0.0
2017-01-20,0.0039013475179701116,0.0
2017-01-23,-0.0029079638594633832,0.0
2017-01-24,0.012598607562407351,0.0
2017-01-25,0.010523275528764916,0.0
2017-01-26,-0.005375805941129417,0.0
2017-01-27,0.0017388457648523504,0.0
2017-01-30,-0.010491643687971362,0.0
2017-01-31,-0.00633627425155761,0.0
2017-02-01,-0.0020456397360947287,0.4848841444433001
2017-02-02,-0.002826320128164992,0.0
2017-02-03,0.011405470289354545,0.0
2017-02-06,-0.004132953689221805,0.0
2017-02-07,-0.001065421488941966,0.0
2017-02-08,-0.0030818448702551937,0.0
2017-02-09,0.0072081023903584306,0.0
2017-02-10,0.004875322724131423,0.0
2017-02-13,0.0074673552317309115,0.0
2017-02-14,0.002102788951839858,0.0
2017-02-15,0.004997726126770538,0.0
2017-02-16,-0.002344421271381651,0.0
2017-02-17,-0.0008741156626659144,0.0
2017-02-21,0.004640058056995243,0.0
2017-02-22,-0.0014978036677938274,0.0
2017-02-23,-0.00684751818912578,0.0
2017-02-24,-0.0006822055969290073,0.0
2017-02-27,0.00508678992835476,0.0
2017-02-28,-0.004834326184319898,0.0
2017-03-01,0.020463437169091048,0.4495587094033198
2017-03-02,-0.01161016528701013,0.0
2017-03-03,0.003799465852603476,0.0
2017-03-06,-0.0028754651814004383,0.0
2017-03-07,-0.00476947901582957,0.0
2017-03-08,-0.003634551688941771,0.0
2017-03-09,-0.002321731242272611,0.0
2017-03-10,0.0053952319817596,0.0
2017-03-13,0.0014513383010434922,0.03623485376539247
2017-03-14,-0.00726513006875772,0.0
2017-03-15,0.011175424503063917,0.0
2017-03-16,-0.0010842549840522388,0.0
2017-03-17,-0.001587803706653085,0.0
2017-03-20,-0.0028329677857041177,0.0
2017-03-21,-0.02049500515593621,0.0
2017-03-22,0.004235289884702094,0.0
2017-03-23,0.0007684110998005139,0.0
2017-03-24,-0.0005038973737337784,0.0
2017-03-27,-0.0026929894275084555,0.0
2017-03-28,0.01222091127533756,0.0
2017-03-29,0.003766206354674898,0.0
2017-03-30,0.004945994375549437,0.0
2017-03-31,-0.0009961168240195735,0.0
2017-04-03,-0.005472954303485156,0.390323012637528
2017-04-04,0.0015385675156950706,0.0
2017-04-05,-0.005146959179094254,0.0
2017-04-06,0.005642184447844121,0.0
2017-04-07,-0.0008891751319393053,0.0
2017-04-10,0.001782477230673053,0.0
2017-04-11,-0.0005521619518540735,0.0
2017-04-12,-0.010868628315112178,0.0
2017-04-13,-0.008776111586462108,0.0
2017-04-17,0.011856979668155965,0.0
2017-04-18,-0.004302038896468653,0.0
2017-04-19,0.0008966195313245794,0.0
2017-04-20,0.009785081087319136,0.0
2017-04-21,-0.0031648413712985117,0.0
2017-04-24,0.014231938401721211,0.0
2017-04-25,0.0033877165562599286,0.0
2017-04-26,-0.0037294409526698017,0.0
2017-04-27,-0.0012869751509770524,0.0
2017-04-28,-0.0066707065993990705,0.0
2017-05-01,0.0022280019885763114,0.5275758796810848
2017-05-02,0.003006967543723631,0.0
2017-05-03,-0.0038997624679932437,0.0
2017-05-04,-0.001611970685620983,0.0
2017-05-05,0.003223798874856475,0.0
2017-05-08,-0.0026150122525172882,0.0
2017-05-09,0.004518344235755497,0.0
2017-05-10,0.0028603755348093865,0.0
2017-05-11,-0.003205026145581159,0.0
2017-05-12,-0.0035848592188170206,0.0
2017-05-15,0.006574329365825909,0.0
2017-05-16,0.002116041610716981,0.0
2017-05-17,-0.025785456611898377,0.0
2017-05-18,0.005295090408752744,0.0
2017-05-19,0.008690632618971572,0.0
2017-05-22,0.008478383861137754,0.0
2017-05-23,0.0018152494442250327,0.0
2017-05-24,0.0038633336219648937,0.0
2017-05-25,0.005467040161221776,0.0
2017-05-26,0.0016234117176257188,0.0
2017-05-30,-0.0016774112522516646,0.0
2017-05-31,-0.0001313859497307794,0.0
2017-06-01,0.009608202654671105,0.5044925845781807
2017-06-02,0.005066222665158917,0.0
2017-06-05,-0.004023546820254974,0.0
2017-06-06,-0.005134603987448017,0.0
2017-06-07,0.0025445968629072887,0.0
2017-06-08,0.004733644296028024,0.0
2017-06-09,-0.00525914509213118,0.0
2017-06-12,-0.0013116661385555648,0.0
2017-06-13,0.007836113089210835,0.0
2017-06-14,-0.003107665842770308,0.0
2017-06-15,0.0006569960439879638,0.0
2017-06-16,0.0006898806541257452,0.0
2017-06-19,0.010532110784598741,0.0
2017-06-20,-0.010240367105915499,0.0
2017-06-21,0.001088425508778779,0.0
2017-06-22,-0.0005544209245395781,0.0
2017-06-23,0.0035437978854470937,0.0
2017-06-26,-0.0010023015345541723,0.0
2017-06-27,-0.010003408249681628,0.0
2017-06-28,0.011638230144283765,0.0
2017-06-29,-0.011088135222784115,0.0
2017-06-30,0.0028037255543240614,0.0
2017-07-03,0.0013781881079428793,0.4195935609546632
2017-07-05,0.007479126611025599,0.0
2017-07-06,-0.008584341633151318,0.0
2017-07-07,0.012013163972199481,0.0
2017-07-10,0.004211608110226838,0.0
2017-07-11,-0.0008274230016570043,0.0
2017-07-12,0.00871390573192151,0.0
2017-07-13,0.00046839607581453753,0.0
2017-07-14,0.003676213938538812,0.0
2017-07-17,2.1116752134637184e-05,0.0
2017-07-18,0.0010672903912389547,0.0
2017-07-19,0.006315662734068537,0.0
2017-07-20,0.0007238848450578262,0.0
2017-07-21,0.00047662724017885367,0.0
2017-07-24,-0.0005689465426360349,0.0
2017-07-25,-0.0009267023436667129,0.0
2017-07-26,-0.00426812784501749,0.0
2017-07-27,-0.008002653660471759,0.0
2017-07-28,-0.0051252940554544005,0.0
2017-07-31,-0.0018997795354167455,0.0
2017-08-01,0.0009993904837521939,0.4130774442604579
2017-08-02,-0.0013595805499589954,0.0
2017-08-03,-0.0032753749655226438,0.0
2017-08-04,0.0038142551614527356,0.0
2017-08-07,0.0021340989903636644,0.0
2017-08-08,-0.004099126331509337,0.0
2017-08-09,-0.0025068338080965567,0.0
2017-08-10,-0.019776800043559882,0.0
2017-08-11,0.003089584070002611,0.0
2017-08-14,0.013202855028394966,0.0
2017-08-15,0.002363126957731978,0.0
2017-08-16,0.0008062860769840245,0.0
2017-08-17,-0.019059008149976714,0.0
2017-08-18,-0.0003180732990051405,0.0
2017-08-21,-0.00017862812312440326,0.0
2017-08-22,0.01380875734900882,0.0
2017-08-23,-0.006156754864847716,0.0
2017-08-24,-0.0008768916909135044,0.0
2017-08-25,0.0008849556469848958,0.0
2017-08-28,0.0005152489805727001,0.0
2017-08-29,-0.0002252792259135413,0.0
2017-08-30,0.006106809799798975,0.0
2017-08-31,0.006057728409615269,0.0
2017-09-01,0.005152829805737502,0.3628934521213387
2017-09-05,-0.013690827729762036,0.0
2017-09-06,0.0005799185096691984,0.0
2017-09-07,0.0010521078217975983,0.0
2017-09-08,0.0016646114425225688,0.0
2017-09-11,0.015606008424688001,0.0
2017-09-12,0.003420119824069028,0.0
2017-09-13,-0.0024484358378053066,0.0
2017-09-14,-0.001444060570945519,0.0
2017-09-15,0.0011592716835863628,0.0
2017-09-18,0.002261609753008949,0.0
2017-09-19,0.004255664935138084,0.0
2017-09-20,-0.0011789159406880396,0.0
2017-09-21,-0.0005420686387253856,0.0
2017-09-22,0.001813497239711135,0.0
2017-09-25,-0.008852423852990711,0.0
2017-09-26,0.0019203696278513442,0.0
2017-09-27,0.007242842730727957,0.0
2017-09-28,0.004405046467160611,0.0
2017-09-29,0.006974276166588299,0.0
2017-10-02,0.001999765629467687,0.376724338243434
2017-10-03,0.0022908272909013183,0.0
2017-10-04,0.0018902746685224786,0.0
2017-10-05,0.00382368863376084,0.0
2017-10-06,0.0010319169702610173,0.0
2017-10-09,7.097901829886973e-05,0.0
2017-10-10,0.0009414747426139463,0.0
2017-10-11,0.0028821540022049156,0.0
2017-10-12,0.0006528487471100374,0.0
2017-10-13,1.5774390419002224e-05,0.0
2017-10-16,0.001491170995654008,0.0
2017-10-17,-0.0006542438858895981,0.0
2017-10-18,0.002639297978326705,0.0
2017-10-19,0.00026339615775618143,0.0
2017-10-20,0.004963277789851625,0.0
2017-10-23,-0.0025165132695634746,0.0
2017-10-24,0.0035777627038953274,0.0
2017-10-25,-0.005141840017568094,0.0
2017-10-26,0.0028236579267400365,0.0
2017-10-27,0.0069147969039603276,0.0
2017-10-30,-0.003575869098625683,0.0
2017-10-31,0.0028183301787430633,0.0
2017-11-01,-0.0021882971137817675,0.5617828077468847
2017-11-02,0.003997241434503349,0.0
2017-11-03,0.004270566008171189,0.0
2017-11-06,0.0055673663250697305,0.0
2017-11-07,-0.004041402652783447,0.0
2017-11-08,0.0004793643825291718,0.0
2017-11-09,-0.00753814222475933,0.0
2017-11-10,0.0007585497587562551,0.0
2017-11-13,0.003303793765405059,0.0
2017-11-14,-0.00018139555464875595,0.0
2017-11-15,-0.005234818811880208,0.0
2017-11-16,0.012322747232521183,0.0
2017-11-17,-0.002801423444415791,0.0
2017-11-20,0.002958815488960597,0.0
2017-11-21,0.007031341164619441,0.0
2017-11-22,-0.0009527438589224434,0.0
2017-11-24,0.00174452382526701,0.0
2017-11-27,-0.0034362555082136383,0.0
2017-11-28,0.010202656755153274,0.0
2017-11-29,-0.00395649606492477,0.0
2017-11-30,0.009439048608754183,0.0
2017-12-01,-0.0037657011427219,0.6646329531278674
2017-12-04,-0.013120559415113274,0.0
2017-12-05,-0.0004410521685079953,0.0
2017-12-06,0.0003807429104692573,0.0
2017-12-07,0.008484475086850282,0.0
2017-12-08,0.00532667544123217,0.0
2017-12-11,0.0006436853249576046,0.0
2017-12-12,-0.002668252973164183,0.0
2017-12-13,0.00017676258762770145,0.0
2017-12-14,-0.004502764545894786,0.0
2017-12-15,0.006877594646357922,0.0
2017-12-18,0.007218808123481226,0.0
2017-12-19,-0.003367916919803313,0.0
2017-12-20,-0.0005825278668947708,0.0
2017-12-21,-0.002550512987316571,0.0
2017-12-22,0.0003876259948659319,0.0
2017-12-26,-0.0005037742213556377,0.0
2017-12-27,0.002971871602883095,0.0
2017-12-28,0.00220684735450727,0.0
2017-12-29,-0.005829799139502899,0.0
2018-01-02,0.005291332476500266,0.4443487776176554
2018-01-03,0.00834974053182545,0.0
2018-01-04,0.0015464032040195751,0.0
2018-01-05,0.009520082981002756,0.0
2018-01-08,0.0055757084371176775,0.0
2018-01-09,0.003395899665448614,0.0
2018-01-10,-0.007715747195560831,0.0
2018-01-11,0.0076404871823815175,0.0
2018-01-12,0.006924886016854331,0.0
2018-01-16,-0.003666303173749343,0.0
2018-01-17,0.012866768010899626,0.0
2018-01-18,-0.002481563793601604,0.0
2018-01-19,0.005999105476441417,0.0
2018-01-22,0.005865145533669954,0.0
2018-01-23,0.0007800861402850525,0.0
2018-01-24,0.0009962177974814194,0.0
2018-01-25,0.0013326477757310698,0.0
2018-01-26,0.012845840556417337,0.0
2018-01-29,-0.01180486549422548,0.0
2018-01-30,-0.007940881381922237,0.0
2018-01-31,0.0019667321649278697,0.0
2018-02-01,-0.0011152354410888243,0.4242654990534189
2018-02-02,-0.020718702052405936,0.0
2018-02-05,-0.03780001466875015,0.0
2018-02-06,0.016491669543593268,0.0
2018-02-07,-0.0034428411601456167,0.0
2018-02-08,-0.039901053074190035,0.0
2018-02-09,0.017340696621845036,0.0
2018-02-12,0.014095992145754483,0.0
2018-02-13,0.004421828051918203,0.0
2018-02-14,0.015855637950523135,0.0
2018-02-15,0.011115246094189618,0.0
2018-02-16,0.003382011490663477,0.0
2018-02-20,-0.0039000855469930353,0.0
2018-02-21,-0.004340299698236343,0.0
2018-02-22,0.0018778154429619184,0.0
2018-02-23,0.016582319774933896,0.0
2018-02-26,0.006555168161869973,0.0
2018-02-27,-0.013021638571556441,0.0
2018-02-28,-0.011955206791823443,0.0
2018-03-01,-0.016303797564910183,0.41612525540139855
2018-03-02,0.005548579980980726,0.0
2018-03-05,0.011401318640933425,0.0
2018-03-06,0.005240043956987938,0.0
2018-03-07,0.00033796357941229217,0.0
2018-03-08,0.003685601066036762,0.0
2018-03-09,0.021234013234134045,0.0
2018-03-12,-0.0012292219341488203,0.0
2018-03-13,-0.004795082982013095,0.0
2018-03-14,-0.003923129765387164,0.0
2018-03-15,0.0018938125204612734,0.0
2018-03-16,0.0041306764179851576,0.0
2018-03-19,-0.012723817054704949,0.0
2018-03-20,0.006242621359341449,0.0
2018-03-21,-0.0007527631860717227,0.0
2018-03-22,-0.02695413598439273,0.0
2018-03-23,-0.020761836171089863,0.0
2018-03-26,0.028324398153597833,0.0
2018-03-27,-0.020035912483697432,0.0
2018-03-28,-0.007295950915703924,0.0
2018-03-29,0.017583774407123564,0.0
2018-04-02,-0.0224875564984377,0.38564450299363884
2018-04-03,0.009890424832132538,0.0
2018-04-04,0.009094531396359724,0.0
2018-04-05,0.008447789123849673,0.0
2018-04-06,-0.025309571130046712,0.0
2018-04-09,0.004504598393667687,0.0
2018-04-10,0.01742139767144017,0.0
2018-04-11,-0.006554193224314784,0.0
2018-04-12,0.011047706367816516,0.0
2018-04-13,-0.005965282467342636,0.0
2018-04-16,0.011008745598211248,0.0
2018-04-17,0.013032829247966315,0.0
2018-04-18,0.0028607428510463513,0.0
2018-04-19,-0.005371636690986859,0.0
2018-04-20,-0.006944174602726998,0.0
2018-04-23,1.6994497080386828e-05,0.0
2018-04-24,-0.019230917428254175,0.0
2018-04-25,-0.00028701042056823744,0.0
2018-04-26,0.008717953284361434,0.0
2018-04-27,0.00022150282428010136,0.0
2018-04-30,-0.009720285399240023,0.0
2018-05-01,-0.0005998229400211441,0.4875117689602652
2018-05-02,-0.006094106257736332,0.0
2018-05-03,0.0035202246936892343,0.0
2018-05-04,0.010120165805578465,0.0
2018-05-07,0.001952652940964952,0.0
2018-05-08,0.0022975909823941825,0.0
2018-05-09,0.008309112603400762,0.0
2018-05-10,0.008153763673013528,0.0
2018-05-11,-0.00016883186641044733,0.0
2018-05-14,0.001070663730218064,0.0
2018-05-15,-0.003974026476875026,0.0
2018-05-16,0.00487557976153752,0.0
2018-05-17,0.002558661124215402,0.0
2018-05-18,0.0016922015102871844,0.0
2018-05-21,0.009306245738427983,0.0
2018-05-22,-0.00806543080698941,0.0
2018-05-23,0.0014406566396327866,0.0
2018-05-24,0.003714660995979261,0.0
2018-05-25,-0.003515647336650146,0.0
2018-05-29,-0.010278596469539918,0.0
2018-05-30,0.014834648958582337,0.0
2018-05-31,-0.011767700311029788,0.0
2018-06-01,0.012610459196835455,0.4557888061192049
2018-06-04,0.006493599188583796,0.0
2018-06-05,0.005506828246305501,0.0
2018-06-06,0.008268551450336715,0.0
2018-06-07,-0.004911287449683345,0.0
2018-06-08,0.004916772718856351,0.0
2018-06-11,4.8676626514950826e-05,0.0
2018-06-12,0.004727607582044815,0.0
2018-06-13,-0.0053039720262163595,0.0
2018-06-14,0.00014318373057782224,0.0
2018-06-15,-0.0004655562625250972,0.0
2018-06-18,0.001775969153996216,0.0
2018-06-19,-0.0076757242507003425,0.0
2018-06-20,0.0028916248437851648,0.0
2018-06-21,-0.007456100836575719,0.0
2018-06-22,-0.0044488707451866,0.0
2018-06-25,-0.018952136558417786,0.0
2018-06-26,0.0009711686988294987,0.0
2018-06-27,-0.012233840612466065,0.0
2018-06-28,0.0072750824786576365,0.0
2018-06-29,0.0035599021911417667,0.0
2018-07-02,0.0004682355524001647,0.42918359517166466
2018-07-03,-0.004789188244394725,0.0
2018-07-05,0.006671566344770622,0.0
2018-07-06,0.005067242066517631,0.0
2018-07-09,0.011328865806586059,0.0
2018-07-10,0.0035223475794937745,0.0
2018-07-11,-0.008570620966024383,0.0
2018-07-12,0.00943060033853999,0.0
2018-07-13,0.001999819955873396,0.0
2018-07-16,-0.0025036728610895514,0.0
2018-07-17,0.006761126699177046,0.0
2018-07-18,0.004980608842561757,0.0
2018-07-19,-0.0012211734865370466,0.0
2018-07-20,-0.0006066489498456117,0.0
2018-07-23,0.0007741001798406916,0.0
2018-07-24,-0.002607279780882546,0.0
2018-07-25,0.01398779337839745,0.0
2018-07-26,0.0050333844484601355,0.0
2018-07-27,-0.008357814203569186,0.0
2018-07-30,-0.009103218793151164,0.0
2018-07-31,0.008972223999850744,0.0
2018-08-01,-0.006177153480946607,0.4172814557640694
2018-08-02,0.009174783074312737,0.0
2018-08-03,0.00290645706359915,0.0
2018-08-06,0.007346982337382691,0.0
2018-08-07,0.004075636250678642,0.0
2018-08-08,0.001871206281271281,0.0
2018-08-09,-0.0005044796081534468,0.0
2018-08-10,-0.00515435510348977,0.0
2018-08-13,-0.005559137601938515,0.0
2018-08-14,0.010663930932055338,0.0
2018-08-15,-0.012499487105022754,0.0
2018-08-16,0.005071652074345567,0.0
2018-08-17,0.005859073547319361,0.0
2018-08-20,0.007423795602906228,0.0
2018-08-21,0.0012407342995588437,0.0
2018-08-22,0.001641128663561359,0.0
2018-08-23,0.0022319455645207955,0.0
2018-08-24,0.005372755932970173,0.0
2018-08-27,0.002794536316090929,0.0
2018-08-28,-0.0003267107570476139,0.0
2018-08-29,0.004927606427812332,0.0
2018-08-30,-0.005809160569694298,0.0
2018-08-31,0.0039973555990463405,0.0
2018-09-04,0.002431310924224217,0.38527961796004817
2018-09-05,-0.007642337206488549,0.0
2018-09-06,0.00012528196341221582,0.0
2018-09-07,-0.0039015507165510487,0.0
2018-09-10,0.006639974184297445,0.0
2018-09-11,0.00322627826012886,0.0
2018-09-12,0.00044607163494423606,0.0
2018-09-13,0.001992983178517367,0.0
2018-09-14,0.0009162643008018423,0.0
2018-09-17,-0.008488155572014305,0.0
2018-09-18,0.006701306113578559,0.0
2018-09-19,-0.004621874021768353,0.0
2018-09-20,0.004749099188661991,0.0
2018-09-21,0.0003995690585122519,0.0
2018-09-24,-0.0018435489407668845,0.0
2018-09-25,0.0033276895340314345,0.0
2018-09-26,-0.000327277046011899,0.0
2018-09-27,-0.0008949084986680301,0.0
2018-09-28,0.0018563867110923066,0.0
2018-10-01,0.00014513058055620753,0.27811074636683364
2018-10-02,-0.007836734127248253,0.0
2018-10-03,0.0029537614056672624,0.0
2018-10-04,-0.01149666812592521,0.0
2018-10-05,-0.0035866814021779858,0.0
2018-10-08,-0.004286548510025993,0.0
2018-10-09,-0.005112252685122429,0.0
2018-10-10,-0.03589024917824475,0.0
2018-10-11,-0.017137540282345702,0.0
2018-10-12,0.017077841638384748,0.0
2018-10-15,-0.004760244224666477,0.0
2018-10-16,0.02333327063836713,0.0
2018-10-17,-0.005671993522907676,0.0
2018-10-18,-0.011459472663226944,0.0
2018-10-19,-0.006858496237438746,0.0
2018-10-22,0.005129431987756846,0.0
2018-10-23,-0.011292076566603644,0.0
2018-10-24,-0.033399346078475015,0.0
2018-10-25,0.02221824337776286,0.0
2018-10-26,-0.013674367502969274,0.0
2018-10-29,-0.0033938371111592093,0.0
2018-10-30,0.0176591377166317,0.0
2018-10-31,0.009995959466741094,0.0
2018-11-01,0.014188298304787406,0.29001199467000505
2018-11-02,0.0002784503582447652,0.0
2018-11-05,0.0053272787951760174,0.0
2018-11-06,0.006637995669606803,0.0
2018-11-07,0.020657397107068647,0.0
2018-11-08,0.0007072453712774294,0.0
2018-11-09,-0.007738874353247239,0.0
2018-11-12,-0.014484642859648594,0.0
2018-11-13,-0.0047371413006114796,0.0
2018-11-14,-0.008650649066262395,0.0
2018-11-15,0.008297659592794923,0.0
2018-11-16,0.004369804693444157,0.0
2018-11-19,-0.019134400068496888,0.0
2018-11-20,-0.024866788001959808,0.0
2018-11-21,0.009854196988020111,0.0
2018-11-23,-0.004223888214213865,0.0
2018-11-26,0.013324250319264274,0.0
2018-11-27,0.003965185275828368,0.0
2018-11-28,0.021310909707311334,0.0
2018-11-29,-0.0032997601995810415,0.0
2018-11-30,0.0034558422046106077,0.0
2018-12-03,0.012547496987082463,0.5696967067954944
2018-12-04,-0.027812577390242378,0.0
2018-12-06,0.00046077400889941273,0.0
2018-12-07,-0.024050775419098065,0.0
2018-12-10,0.004986159975707645,0.0
2018-12-11,0.002021634318576767,0.0
2018-12-12,0.006245536499715175,0.0
2018-12-13,-0.0013897519503068899,0.0
2018-12-14,-0.018928119111337443,0.0
2018-12-17,-0.024141414924449486,0.0
2018-12-18,0.0013772732038465929,0.0
2018-12-19,-0.012542972877533264,0.0
2018-12-20,-0.017859203012751047,0.0
2018-12-21,-0.017685226822632814,0.0
2018-12-24,-0.024952073094051473,0.0
2018-12-26,0.05011012815428481,0.0
2018-12-27,0.009040827362707834,0.0
2018-12-28,-0.001969417704166799,0.0
2018-12-31,0.011058654805892461,0.0
2019-01-02,-0.0062835500668144695,0.38589203492761676
2019-01-03,-0.01915905942185838,0.0
2019-01-04,0.025732176849893946,0.0
2019-01-07,0.006280884346425396,0.0
2019-01-08,0.011067402180944302,0.0
2019-01-09,0.006674319810183163,0.0
2019-01-10,0.0026380916262238917,0.0
2019-01-11,-0.0013585126870252543,0.0
2019-01-14,-0.006717871103858509,0.0
2019-01-15,0.01225283106577027,0.0
2019-01-16,0.0014283054927079996,0.0
2019-01-17,0.006748633853836464,0.0
2019-01-18,0.01094645411222877,0.0
2019-01-22,-0.009315392604681668,0.0
2019-01-23,0.001460730487308089,0.0
2019-01-24,-0.00406784837353439,0.0
2019-01-25,0.0069226731311644585,0.0
2019-01-28,-0.006848023331445392,0.0
2019-01-29,0.001053172702060629,0.0
2019-01-30,0.009869009777840953,0.0
2019-01-31,0.005981925745132647,0.0
2019-02-01,0.003524922090744287,0.5027830753838659
2019-02-04,0.005892525265019503,0.0
2019-02-05,0.0011749278523775525,0.0
2019-02-06,-0.0008741027938192003,0.0
2019-02-07,0.0018229289397799057,0.0
2019-02-08,0.0034371882397136047,0.0
2019-02-11,0.0024518438933739464,0.0
2019-02-12,0.007822398304421028,0.0
2019-02-13,0.0030924919303974186,0.0
2019-02-14,0.0008872138764477484,0.0
2019-02-15,0.0064612190328833825,0.0
2019-02-19,0.0010196278436493326,0.0
2019-02-20,0.002647873592015925,0.0
2019-02-21,0.000802392017117508,0.0
2019-02-22,0.005455724416785686,0.0
2019-02-25,-0.004026912459376295,0.0
2019-02-26,-0.0006280608371690307,0.0
2019-02-27,-6.40130950839918e-05,0.0
2019-02-28,0.0031668180942573346,0.0
2019-03-01,0.0023867238277770486,0.5138507069924584
2019-03-04,-0.004579406732581321,0.0
2019-03-05,-0.00032126559280427176,0.0
2019-03-06,-0.00795214896376141,0.0
2019-03-07,-0.003200268972828514,0.0
2019-03-08,-0.0016112227260894384,0.0
2019-03-11,0.009942332809629412,0.0
2019-03-12,0.004796141687101836,0.0
2019-03-13,0.006296197976112637,0.0
2019-03-14,-0.002246834021117822,0.0
2019-03-15,0.003849493282576532,0.0
2019-03-18,0.0008845955694821927,0.0
2019-03-19,-0.002387894770084298,0.0
2019-03-20,-0.0010339200047269816,0.0
2019-03-21,0.00842742931084083,0.0
2019-03-22,-0.007430105459342657,0.0
2019-03-25,0.003539610163782456,0.0
2019-03-26,0.007320583765419385,0.0
2019-03-27,-0.004478037232330347,0.0
2019-03-28,0.003515072922538171,0.0
2019-03-29,0.004861888960583817,0.0
2019-04-01,0.0005279932149606648,0.5244102494960605
2019-04-02,0.0006204604043748201,0.0
2019-04-03,-0.000632532338539055,0.0
2019-04-04,-0.0014514018203933255,0.0
2019-04-05,0.006531690491608098,0.0
2019-04-08,-0.0010979986254442986,0.0
2019-04-09,-0.004199479760264366,0.0
2019-04-10,0.0035615133874440288,0.0
2019-04-11,0.00010430928382305132,0.0
2019-04-12,0.0024942957542609615,0.0
2019-04-15,-0.00177636988196724,0.0
2019-04-16,-0.00996107617673799,0.0
2019-04-17,-0.008596300046465808,0.0
2019-04-18,0.0010588405777359766,0.0
2019-04-22,-0.002506103429579811,0.0
2019-04-23,0.007024338722681987,0.0
2019-04-24,5.189104445282801e-05,0.0
2019-04-25,-0.0002529045290426448,0.0
2019-04-26,0.005730782121311154,0.0
2019-04-29,-0.003922146485467176,0.0
2019-04-30,0.0077925828461771806,0.0
2019-05-01,-0.013012233846068644,0.4225360713972073
2019-05-02,0.0035219242232690027,0.0
2019-05-03,0.005780574119855858,0.0
2019-05-06,-0.002919877860403596,0.0
2019-05-07,-0.014624534752401587,0.0
2019-05-08,-0.0012591901374652647,0.0
2019-05-09,0.0008227663384897243,0.0
2019-05-10,0.006777883788933556,0.0
2019-05-13,-0.012314207996518597,0.0
2019-05-14,0.004167821523489639,0.0
2019-05-15,0.003969215652356419,0.0
2019-05-16,0.009016104396109535,0.0
2019-05-17,-0.001930465084665965,0.0
2019-05-20,-0.004469705375647264,0.0
2019-05-21,0.0075720930711304976,0.0
2019-05-22,0.001232182693654963,0.0
2019-05-23,-0.007364115205134975,0.0
2019-05-24,0.00037008495990138745,0.0
2019-05-28,-0.009082564183922608,0.0
2019-05-29,-0.007480698006599706,0.0
2019-05-30,0.008130000059662945,0.0
2019-05-31,-0.0005482272005470384,0.0
2019-06-03,0.0021828627771474096,0.4449812433904431
2019-06-04,0.01197777823609208,0.0
2019-06-05,0.01695333865631984,0.0
2019-06-06,0.007349636171122185,0.0
2019-06-07,0.007003468682025866,0.0
2019-06-10,0.0009779024051868122,0.0
2019-06-11,-0.003079265869689779,0.0
2019-06-12,0.005201229112257219,0.0
2019-06-13,-0.0005532022159347687,0.0
2019-06-14,0.0010469646173345546,0.0
2019-06-17,-0.0027639782838190345,0.0
2019-06-18,0.004176780126804783,0.0
2019-06-19,0.006438701236298167,0.0
2019-06-20,0.005220985923099155,0.0
2019-06-21,-0.004717870310315679,0.0
2019-06-24,-0.0015921894779220716,0.0
2019-06-25,-0.006895965044206475,0.0
2019-06-26,-0.01093985562698542,0.0
2019-06-27,0.00555767576440877,0.0
2019-06-28,0.0061312840173387735,0.0
2019-07-01,0.00404081563031955,0.3754546689668893
2019-07-02,0.0060217134783557644,0.0
2019-07-03,0.009205329872741332,0.0
2019-07-05,-0.004235502115867747,0.0
2019-07-08,-0.0026644835294487787,0.0
2019-07-09,0.0010067716928135473,0.0
2019-07-10,0.003149097197806319,0.0
2019-07-11,-0.001122054245122666,0.0
2019-07-12,0.0019462337165609641,0.0
2019-07-15,0.0018237513612249928,0.0
2019-07-16,-0.0006558498451033299,0.0
2019-07-17,-0.005140186500854028,0.0
2019-07-18,0.006346191361032904,0.0
2019-07-19,-0.009986929959690166,0.0
2019-07-22,9.576907527518094e-05,0.0
2019-07-23,0.0024070525231821567,0.0
2019-07-24,0.001407616791605106,0.0
2019-07-25,-0.005409176690349395,0.0
2019-07-26,0.005574142763171386,0.0
2019-07-29,0.002207573381956102,0.0
2019-07-30,-0.0070553860654532456,0.0
2019-07-31,-0.008606495210716672,0.0
2019-08-01,-0.003675082468316715,0.3788807322445892
2019-08-02,-0.0049793566329185595,0.0
2019-08-05,-0.02553185580443221,0.0
2019-08-06,0.01671296876425807,0.0
2019-08-07,0.004605852396950371,0.0
2019-08-08,0.015907787179007267,0.0
2019-08-09,-0.0008210132728743097,0.0
2019-08-12,-0.010122595373864729,0.017381756137882193
2019-08-13,0.010433060728406367,0.0
2019-08-14,-0.02162490896117538,0.0
2019-08-15,0.010328564114872735,0.0
2019-08-16,0.01018952952263198,0.0
2019-08-19,0.009117367533717674,0.0
2019-08-20,-0.006527205899829403,0.0
2019-08-21,0.007351102858177558,0.0
2019-08-22,-0.0010269897689522804,0.0
2019-08-23,-0.021091853288701116,0.0
2019-08-26,0.011341172857728838,0.0
2019-08-27,0.0011604158389538208,0.0
2019-08-28,0.005560717339763041,0.0
2019-08-29,0.01013566196192356,0.0
2019-08-30,-0.0005387334937112815,0.0
2019-09-03,-0.001111444091155378,0.4757998787692316
2019-09-04,0.008627134765310775,0.0
2019-09-05,0.0027748203087083136,0.0
2019-09-06,-3.542352270124873e-05,0.0
2019-09-09,-0.016172835791269224,0.0
2019-09-10,-0.011559855032480642,0.0
2019-09-11,0.0017542747049741798,0.0
2019-09-12,0.007496777525617195,0.0
2019-09-13,-0.0037454070077515044,0.0
2019-09-16,-0.0016396142821538142,0.0
2019-09-17,0.010836732637419978,0.0
2019-09-18,-8.552299722998325e-05,0.0
2019-09-19,0.0011267597610277714,0.0
2019-09-20,-0.0019120078025054847,0.0
2019-09-23,0.0020230546266281246,0.0
2019-09-24,-0.0016973438534737483,0.0
2019-09-25,0.0031798561766720546,0.0
2019-09-26,0.004516620242258857,0.0
2019-09-27,-0.008575561069454375,0.0
2019-09-30,0.0050239998064184905,0.0
2019-10-01,-0.007343732902092448,0.2053187406254977
2019-10-02,-0.01359118945477053,0.0
2019-10-03,0.008991486325003219,0.0
2019-10-04,0.015480571542035053,0.0
2019-10-07,-0.005722509144147465,0.0
2019-10-08,-0.009881068486138352,0.0
2019-10-09,0.00959844906432368,0.0
2019-10-10,0.0019387271873618475,0.0
2019-10-11,-7.718912479870476e-05,0.0
2019-10-14,-0.0027407950324447577,0.0
2019-10-15,0.003906428224774345,0.0
2019-10-16,-0.0005053533661351017,0.0
2019-10-17,0.002873762618981598,0.0
2019-10-18,0.0007597284388682294,0.0
2019-10-21,0.0022680571765284286,0.0
2019-10-22,-0.010411879302530815,0.0
2019-10-23,-0.00024158314405603505,0.0
2019-10-24,0.008284530518060466,0.0
2019-10-25,-0.0029019387275276863,0.0
2019-10-28,-0.0011064515390631446,0.0
2019-10-29,0.0010006168635285455,0.0
2019-10-30,0.009463126098125604,0.0
2019-10-31,-0.003725533271954802,0.0
2019-11-01,0.000618661392513653,0.5269080144367793
2019-11-04,-0.007272768962585536,0.0
2019-11-05,-0.0075270747128819895,0.0
2019-11-06,0.0017723216229905692,0.017952131361490497
2019-11-07,-0.005244089217031902,0.0
2019-11-08,-0.0012985176039652679,0.0
2019-11-11,-0.0013209501667703705,0.0
2019-11-12,-0.0022832975716234275,0.0
2019-11-13,0.006859968071757133,0.0
2019-11-14,0.00471665119860961,0.0
2019-11-15,0.003908031712826321,0.0
2019-11-18,0.0020872940074429473,0.0
2019-11-19,0.0022627689155430824,0.0
2019-11-20,0.003182691832112488,0.0
2019-11-21,-0.004621554257780768,0.0
2019-11-22,-0.0019715620101138855,0.0
2019-11-25,0.004948908078569989,0.0
2019-11-26,0.005286124522017598,0.0
2019-11-27,0.0022043713476388492,0.0
2019-11-29,-0.004469678689035107,0.0
2019-12-02,-0.011753858920976024,0.49614602001653885
2019-12-03,-0.0032511511834347386,0.0
2019-12-04,0.003988524212642215,0.0
2019-12-05,0.0028669143239185087,0.0
2019-12-06,0.0052995688054680475,0.0
2019-12-09,-0.002957541526422579,0.0
2019-12-10,-0.0006806993194190536,0.01737436203450367
2019-12-11,0.0036561495380009754,0.0
2019-12-12,0.005331432332144506,0.0
2019-12-13,0.0012185618825966958,0.0
2019-12-16,0.006002753846818514,0.0
2019-12-17,-0.0006637631042778801,0.0
2019-12-18,0.0011828520917723027,0.0
2019-12-19,0.0043830498643346065,0.0
2019-12-20,0.008117481079675507,0.0
2019-12-23,-0.0043589294539587535,0.0
2020-01-29,-0.0015168941375363065,0.5552134439451986
2020-01-30,0.0027061285642148982,0.0
2020-01-31,-0.022250423203620202,0.0
2020-02-03,0.008557351053504858,0.1658587328987736
2020-02-04,0.01495684665271575,0.0
2020-02-05,0.007738911012093139,0.0
2020-02-06,0.0003844255019291132,0.0
2020-02-07,-0.005654165563435782,0.0
2020-02-10,0.008809616668141307,0.0
2020-02-11,0.0025335688950975967,0.0
2020-02-12,0.004068775522162159,0.0
2020-02-13,0.002753824961069076,0.0
2020-02-14,0.002070927916991336,0.0
2020-02-18,-0.003910766370659787,0.0
2020-02-19,0.0029428724021775985,0.0
2020-02-20,0.00018908263416616975,0.0
2020-02-21,-0.010295088030806098,0.0
2020-02-24,-0.027681328896763096,0.0
2020-02-25,-0.03215456284336181,0.0
2020-02-26,-0.008288959596902195,0.0
2020-02-27,-0.041285180857994194,0.0
2020-02-28,-0.012445405463813283,0.0
2020-03-02,0.043418167326939594,0.428739256337655
2020-03-03,-0.02194830057972104,0.0
2020-03-04,0.04256237908509334,0.0
2020-03-05,-0.03413656269205994,0.0
2020-03-06,-0.017107982980301216,0.0
2020-03-09,-0.07272064825755949,0.0
2020-03-10,0.045549490145781885,0.0
2020-03-11,-0.04981208254435816,0.0
2020-03-12,-0.0896115141324372,0.0
2020-03-13,0.07047280414864832,0.0
2020-03-16,-0.1240675194447218,0.0
2020-03-17,0.05831998085680885,0.0
2020-03-18,-0.05929515147953468,0.0
2020-03-19,-0.008390572835237479,0.0
2020-03-20,-0.05637733159666025,0.0
2020-03-23,-0.03299058393043234,0.0
2020-03-24,0.11491626702513685,0.0
2020-03-25,0.02689157394476155,0.0
2020-03-26,0.06261941233207256,0.0
2020-03-27,-0.025187330017357196,0.0
2020-03-30,0.03275326780698262,0.0
2020-03-31,-0.02487404460762713,0.0
2020-04-01,-0.05143518488630405,0.6695900922661195
2020-04-02,0.02166786746961504,0.0
2020-04-03,-0.016614444547969058,0.0
2020-04-06,0.07515829808159799,0.0
2020-04-07,-0.004933195479899923,0.0
2020-04-08,0.04020171581551091,0.0
2020-04-09,0.021631855463669365,0.0
2020-04-13,-0.022384994208194918,0.0
2020-04-14,0.034678334388543515,0.0
2020-04-15,-0.028562092341102678,0.0
2020-04-16,0.010865487344908543,0.0
2020-04-17,0.031540509312203924,0.0
2020-04-20,-0.024911499299772197,0.0
2020-04-21,-0.025882181967413154,0.0
2020-04-22,0.02487994042970763,0.0
2020-04-23,-0.009725487996586468,0.0
2020-04-24,0.01430770561536555,0.0
2020-04-27,0.018952901565033795,0.0
2020-04-28,-0.0016324424585926701,0.0
2020-04-29,0.016106474493747705,0.0
2020-04-30,-0.016131856195630997,0.0
2020-05-01,-0.02401603983789946,0.7326347031929903
2020-05-04,0.005576445466623632,0.0
2020-05-05,0.015791698818500847,0.0
2020-05-06,-0.010996618617941429,0.0
2020-05-07,0.007850519830960476,0.0
2020-05-08,0.012977409592440182,0.0
2020-05-11,0.006665100100961556,0.0
2020-05-12,-0.020395007507130133,0.0
2020-05-13,-0.010205177865826044,0.0
2020-05-14,0.009829728453473997,0.0
2020-05-15,0.005811677466576624,0.0
2020-05-18,0.022232039805151406,0.0
2020-05-19,-0.011936809124973722,0.0
2020-05-20,0.01213869314674401,0.0
2020-05-21,-0.011446966070611764,0.0
2020-05-22,0.005840621826449956,0.0
2020-05-26,0.004633061453814395,0.0
2020-05-27,0.014006898128025951,0.0
2020-05-28,0.010513068408149728,0.0
2020-05-29,0.013146034064729127,0.0
2020-06-01,0.00024689513711684263,0.4987800615827345
2020-06-02,0.006021777332942081,0.0
2020-06-03,0.006885179421397064,0.0
2020-06-04,-0.008718263342135138,0.0
2020-06-05,0.016209745589829162,0.0
2020-06-08,0.007823585469662678,0.0
2020-06-09,-0.006782520709540224,0.0
2020-06-10,-0.00241339294543625,0.0
2020-06-11,-0.046399580089088,0.0
2020-06-12,0.006227274028225061,0.0
2020-06-15,0.00811131397410179,0.0
2020-06-16,0.019371655865056736,0.0
2020-06-17,0.0002443362692066699,0.0
2020-06-18,-0.0021235340327554236,0.0
2020-06-19,0.0008159777173150885,0.0
2020-06-22,0.0017010011390022688,0.0
2020-06-23,-0.0019916384376144057,0.0
2020-06-24,-0.02146713457192027,0.0
2020-06-25,0.010290325598014528,0.0
2020-06-26,-0.012973554917739907,0.0
2020-06-29,0.010289885599405588,0.0
2020-06-30,0.015879127168364364,0.0
2020-07-01,0.005334878885853156,0.6899372022047215
2020-07-02,0.00860333746020007,0.0
2020-07-06,0.01026332191108727,0.0
2020-07-07,-0.00640171640400038,0.0
2020-07-08,0.0035849944295102843,0.0
2020-07-09,-0.0005442061309251847,0.0
2020-07-10,0.0046780956696995364,0.0
2020-07-13,-0.007975098389478522,0.0
2020-07-14,0.019534612266915104,0.0
2020-07-15,0.008068996016710565,0.0
2020-07-16,0.0015061540512190737,0.0
2020-07-17,0.009040059051477546,0.0
2020-07-20,0.007695266225050297,0.0
2020-07-21,0.0012352538095666992,0.0
2020-07-22,0.007209227403556945,0.0
2020-07-23,-0.008549539930051569,0.0
2020-07-24,-0.007143000514232962,0.0
2020-07-27,0.012976178547927689,0.0
2020-07-28,-0.010398416640418323,0.0
2020-07-29,0.011001270075077955,0.0
2020-07-30,-0.0002500582242101351,0.0
2020-07-31,-0.00014297110127154127,0.0
2020-08-03,0.009250641567866591,0.3535883263067583
2020-08-04,0.00260304161147469,0.0
2020-08-05,-0.0013136292716664393,0.0
2020-08-06,0.000550494540944976,0.0
2020-08-07,0.006258676342161405,0.0
2020-08-10,-0.0038104511861304486,0.0
2020-08-11,-0.012627901726148243,0.0
2020-08-12,0.017229951083340873,0.0
2020-08-13,-0.0013318621013188423,0.0
2020-08-14,-0.0020879241074194007,0.0
2020-08-17,0.009051446988927745,0.0
2020-08-18,0.0010899330067731094,0.0
2020-08-19,-0.0028010271422886338,0.0
2020-08-20,-0.0010165126027197697,0.0
2020-08-21,0.0006723628859576535,0.0
2020-08-24,-0.0001417505064097267,0.0
2020-08-25,0.003964687128641675,0.0
2020-08-26,0.004372709431072978,0.0
2020-08-27,-0.002503711856784414,0.0
2020-08-28,0.002780840703058048,0.0
2020-08-31,0.0025458731234011727,0.0
2020-09-01,0.0028723447842586847,0.3773328550585446
2020-09-02,0.018752058029215996,0.0
2020-09-03,-0.03509645808015878,0.0
2020-09-04,-0.00855373089511973,0.0
2020-09-08,-0.021879147228196425,0.0
2020-09-09,0.022283341644826433,0.0
2020-09-10,-0.015144868331037408,0.0
2020-09-11,0.0044958587368990575,0.0
2020-09-14,0.011627087201690377,0.0
2020-09-15,0.006420683233131972,0.0
2020-09-16,-0.004774414848495561,0.0
2020-09-17,-0.005786547259418122,0.0
2020-09-18,-0.006003933822393745,0.0
2020-09-21,-0.012028386802056229,0.0
2020-09-22,0.010675118990712064,0.0
2020-09-23,-0.018704730770214215,0.0
2020-09-24,0.0005673171228561834,0.0
2020-09-25,0.012288996320006499,0.0
2020-09-28,0.0169203413934188,0.0
2020-09-29,-0.0029910854792258067,0.0
2020-09-30,0.0034906525156600523,0.0
2020-10-01,0.003602733290167137,0.5706360330173278
2020-10-02,-0.003937288442489024,0.0
2020-10-05,0.022483487080373663,0.0
2020-10-06,-0.012406597631959369,0.0
2020-10-07,0.019208722711275775,0.0
2020-10-08,0.007977149833676006,0.0
2020-10-09,0.007017255298976921,0.0
2020-10-12,0.010928793425503631,0.0
2020-10-13,-0.0018750923978204932,0.0
2020-10-14,-0.003919219120217875,0.0
2020-10-15,-0.0022480064258489953,0.0
2020-10-16,-0.0003894014441829098,0.0
2020-10-19,-0.014075601273405073,0.0
2020-10-20,0.0052311157255523644,0.0
2020-10-21,-0.0017050966467134355,0.0
2020-10-22,-0.0048302703293352815,0.0
2020-10-23,0.005858274227661258,0.0
2020-10-26,-0.02009061167372165,0.0
2020-10-27,-0.008148785741710737,0.0
2020-10-28,-0.031237216833065844,0.0
2020-10-29,0.007063306162171268,0.0
2020-10-30,-0.004083120047313743,0.0
2020-11-02,0.019535278413559176,0.3161956146661171
2020-11-03,0.016732465894180624,0.0
2020-11-04,0.023839666459292412,0.0
2020-11-05,0.01826886583131821,0.0
2020-11-06,0.004954644572166728,0.0
2020-11-09,-0.01748485578571502,0.0
2020-11-10,0.0009260664783328586,0.0
2020-11-11,0.012461391172094926,0.0
2020-11-12,-0.011315415836475714,0.0
2020-11-13,0.01342832221954587,0.0
2020-11-16,0.010133150734094785,0.0
2020-11-17,-0.006158282922436278,0.0
2020-11-18,-0.009969122799330961,0.0
2020-11-19,0.0049917887963466506,0.0
2020-11-20,-0.0020554908076062294,0.0
2020-11-23,0.007810600081321451,0.0
2020-11-24,0.009537826541591174,0.0
2020-11-25,-0.00495752604666327,0.0
2020-11-27,0.005936238255791289,0.0
2020-11-30,-0.0011174642253754554,0.0
2020-12-01,0.006912031270647434,0.3532801436755634
2020-12-02,-0.00527943197899694,0.0
2020-12-03,-0.0029858338621321073,0.0
2020-12-04,0.010485945276163616,0.0
2020-12-07,0.00022564828421310808,0.0
2020-12-08,0.004273710563661121,0.0
2020-12-09,-0.0042767205919264,0.0
2020-12-10,-0.005695348278662211,0.0
2020-12-11,-0.0017361035803948551,0.0
2020-12-14,-0.0009084445293672716,0.0
2020-12-15,0.011943162774616333,0.0
2020-12-16,0.0017554514232368949,0.0
2020-12-17,0.00899057517011081,0.0
2020-12-18,-0.00032874868792943663,0.0
2020-12-21,-0.0034237162723580847,0.0
2021-01-08,0.0038943657396461884,0.43194760595472964
2021-01-11,0.00014515506129233297,0.0
2021-01-12,0.004971240354786075,0.0
2021-01-13,-0.0039003464711704645,0.0
2021-01-14,0.0015309565741953622,0.0
2021-01-15,-0.006304494285529348,0.0
2021-01-19,0.010436182187145922,0.0
2021-01-20,0.010710035750790988,0.0
2021-01-21,0.0018901679677262731,0.0
2021-01-22,-0.0036479532104379967,0.0
2021-01-25,0.0015162875002522878,0.0
2021-01-26,-0.0065774669088165556,0.0
2021-01-27,-0.02727721161559707,0.0
2021-01-28,0.010457670932605159,0.0
2021-01-29,-0.01595624294697122,0.0
2021-02-01,0.013542001410876914,0.27452715859814414
2021-02-02,0.0128212634424631,0.0
2021-02-03,-3.2316252560869035e-05,0.0
2021-02-04,0.007328063564754541,0.0
2021-02-05,0.0077442996117949945,0.0
2021-02-08,0.01423152275673567,0.0
2021-02-09,0.0035084391459075776,0.0
2021-02-10,-0.001868560490047591,0.0
2021-02-11,0.0015244178442908826,0.0
2021-02-12,0.010895047314334078,0.0
2021-02-16,-0.0009618885451454263,0.0
2021-02-17,-0.0025205661215714132,0.0
2021-02-18,-0.009955633501616164,0.0
2021-02-19,0.004032436266232037,0.0
2021-02-22,-0.00816684019880056,0.0
2021-02-23,-0.004021001140736477,0.0
2021-02-24,0.011679923891354645,0.0
2021-02-25,-0.02390603917402994,0.0
2021-02-26,0.0010480409494258705,0.0
2021-03-01,0.02374687999872016,0.5699976526660184
2021-03-02,-0.007432825673760809,0.0
2021-03-03,-0.013301454099152326,0.0
2021-03-04,-0.017421128117592683,0.0
2021-03-05,0.025631248170502937,0.0
2021-03-08,-0.0024456005409920862,0.0
2021-03-09,0.014112894789942036,0.0
2021-03-10,0.008823341504827737,0.0
2021-03-11,0.010421368011227687,0.0
2021-03-12,0.004097261530111642,0.0
2021-03-15,0.006656600560930735,0.0
2021-03-16,-0.0038551595810511737,0.0
2021-03-17,0.0036015548273250404,0.0
2021-03-18,-0.010493777787963678,0.0
2021-03-19,0.0045535270303619195,0.0
2021-03-22,0.004939940208897332,0.0
2021-03-23,-0.01334302187626053,0.0
2021-03-24,-0.005501177087903285,0.0
2021-03-25,0.01180570051594114,0.0
2021-03-26,0.02296669022075649,0.0
2021-03-29,-0.002697268221794839,0.0
2021-03-30,-0.0008933213500729789,0.0
2021-03-31,0.0003896378508089645,0.0
2021-04-01,0.009629903009248375,0.9167530663280796
2021-04-05,0.013283176899575547,0.0
2021-04-06,0.0007509494319726563,0.0
2021-04-07,-0.00406744452140339,0.0
2021-04-08,0.0022806544983581555,0.0
2021-04-09,0.00867805770255173,0.0
2021-04-12,0.0014865585853387111,0.0
2021-04-13,-0.005448280508311715,0.0
2021-04-14,0.002308886521082047,0.0
2021-04-15,0.0060073915469124484,0.0
2021-04-16,0.002683356431726521,0.0
2021-04-19,-0.006759994012521397,0.0
2021-04-20,-0.01781320657175651,0.0
2021-04-21,0.019014025341808665,0.0
2021-04-22,-0.008807547839568,0.0
2021-04-23,0.014879633144596173,0.0
2021-04-26,0.00862680433703527,0.0
2021-04-27,0.003762325546071233,0.0
2021-04-28,0.0019872475248114765,0.0
2021-04-29,0.007387256844540814,0.0
2021-04-30,-0.011571020731356125,0.0
2021-05-03,0.0056486951467031865,0.5254027907320794
2021-05-04,-0.004757774027510591,0.0
2021-05-05,0.008743357516813724,0.0
2021-05-06,0.005351648903114142,0.0
2021-05-07,0.01667424042560752,0.0
2021-05-10,-0.008608160862304922,0.0
2021-05-11,-0.012662136244965457,0.0
2021-05-12,-0.030862389221125094,0.0
2021-05-13,0.01925467164176617,0.0
2021-05-14,0.02363506144088193,0.0
2021-05-17,0.0004912715426951793,0.0
2021-05-18,-0.0127381753571915,0.0
2021-05-19,-0.007282913212948581,0.0
2021-05-20,0.004947379768519994,0.0
2021-05-21,0.0006894941352076203,0.0
2021-05-24,0.009404678100014352,0.0
2021-05-25,-0.004166161741201879,0.0
2021-05-26,0.009708714645785921,0.0
2021-05-27,0.013592054186288902,0.0
2021-05-28,-0.002622162629624387,0.0
2021-06-01,0.006952119486709707,0.47189673169903534
2021-06-02,-0.0018983627781251622,0.0
2021-06-03,-0.0028455056949823355,0.0
2021-06-04,0.002162608102207926,0.0
2021-06-07,-0.003419719862155315,0.0
2021-06-08,0.00784475532992421,0.0
2021-06-09,-0.01105121439389926,0.0
2021-06-10,-0.010005034130257565,0.0
2021-06-11,0.006550336733811219,0.0
2021-06-14,-0.01172147888928771,0.0
2021-06-15,0.002050185290655041,0.0
2021-06-16,-0.006073707629368302,0.0
2021-06-17,-0.023707036439630763,0.0
2021-06-18,-0.018444537614343844,0.0
2021-06-21,0.024693799919442313,0.0
2021-06-22,-0.0012288405809303647,0.0
2021-06-23,0.00043707741208259674,0.0
2021-06-24,0.007211251159133109,0.0
2021-06-25,0.005242466644578897,0.0
2021-06-28,-0.011251858628847398,0.0
2021-06-29,-0.000562005532798464,0.0
2021-06-30,0.007836408053287407,0.0
2021-07-01,0.006488602693692558,0.36358924049548264
2021-07-02,-0.000807826245223061,0.0
2021-07-06,-0.013759143022040931,0.0
2021-07-07,0.004657180556326803,0.0
2021-07-08,-0.014204912301433321,0.0
2021-07-09,0.02396406755715802,0.0
2021-07-12,0.006633212869060967,0.0
2021-07-13,-0.014678598623496561,0.0
2021-07-14,-0.0015527383573727097,0.0
2021-07-15,-0.004263882733812353,0.0
2021-07-16,-0.01740830928697537,0.0
2021-07-19,-0.02404123073666188,0.0
2021-07-20,0.030860395633522903,0.0
2021-07-21,0.015573620498371897,0.0
2021-07-22,-0.007420435072409404,0.0
2021-07-23,0.007725202884547578,0.0
2021-07-26,0.007233873082070038,0.0
2021-07-27,-0.005850359240877648,0.0
2021-07-28,0.001859683125159714,0.0
2021-07-29,0.010187549972850447,0.0
2021-07-30,-0.004182150495910879,0.0
2021-08-02,-0.0037071028381251425,0.20851762934932944
2021-08-03,0.01161405511841023,0.0
2021-08-04,-0.011590789739223319,0.0
2021-08-05,0.014294825614149156,0.0
2021-08-06,0.009609937886542578,0.0
2021-08-09,-0.0025201083441376343,0.0
2021-08-10,0.007901247372284323,0.0
2021-08-11,0.01083317101618636,0.0
2021-08-12,-0.002993864997843765,0.0
2021-08-13,-0.003195186329664713,0.0
2021-08-16,-0.0022945021354374637,0.0
2021-08-17,-0.017330662546333274,0.0
2021-08-18,-0.011857547007165261,0.0
2021-08-19,-0.010643969581035667,0.0
2021-08-20,0.009151189810392504,0.0
2021-08-23,0.012010665165591976,0.0
2021-08-24,0.007939099287162778,0.0
2021-08-25,0.011654870619112872,0.0
2021-08-26,-0.0098126582387822,0.0
2021-08-27,0.016184105086297595,0.0
2021-08-30,-0.005689901462117569,0.0
2021-08-31,0.0011732515179998086,0.0
2021-09-01,-0.003914829594998115,0.40553990346309693
2021-09-02,0.005743633168363018,0.0
2021-09-03,-0.00313941641883917,0.0
2021-09-07,-0.011531113739828883,0.0
2021-09-08,-0.005187483831682286,0.0
2021-09-09,-0.00043926434616268334,0.0
2021-09-10,-0.0053048385183579955,0.0
2021-09-13,0.004222684758883828,0.0
2021-09-14,-0.00917394074058948,0.0
2021-09-15,0.011774237187326345,0.0
2021-09-16,-0.0012995163972114791,0.0
2021-09-17,-0.010541666362189912,0.0
2021-09-20,-0.018891147302674324,0.0
2021-09-21,-0.0026811117450865245,0.0
2021-09-22,0.01696925692032384,0.0
2021-09-23,0.01940674352027838,0.0
2021-09-24,0.0003536909470406214,0.0
2021-09-27,0.001957461750237181,0.0
2021-09-28,-0.015025395905946164,0.0
2021-09-29,-0.0017138885217407944,0.0
2021-09-30,-0.01998403453006794,0.0
2021-10-01,0.01683756303883066,0.4191805499937551
2021-10-04,-0.00808305641039423,0.0
2021-10-05,0.01042342344815527,0.0
2021-10-06,-0.00273425612050689,0.0
2021-10-07,0.008798178575692248,0.0
2021-10-08,-0.0036574891877605583,0.0
2021-10-11,-0.005531188423935992,0.0
2021-10-12,-0.002101808587788804,0.0
2021-10-13,0.00020312054571983238,0.0
2021-10-14,0.021881258624184153,0.0
2021-10-15,0.0031985457667699953,0.0
2021-10-18,0.003135458524768842,0.0
2021-10-19,0.0025818769856720447,0.0
2021-10-20,0.008921014943358585,0.0
2021-10-21,-0.004839868161575127,0.0
2021-10-22,0.0025427864959861484,0.0
2021-10-25,0.003647171030514076,0.0
2021-10-26,-0.004780267035495016,0.0
2021-10-27,-0.012711210387214282,0.0
2021-10-28,0.015353093821176542,0.0
2021-10-29,-0.005385052311893581,0.0
2021-11-01,0.008341628139201251,0.4810909884734329
2021-11-02,-0.00018033395210922888,0.0
2021-11-03,0.009801022191187315,0.0
2021-11-04,-0.0020022933760590325,0.0
2021-11-05,0.013016847928275349,0.0
2021-11-08,0.0010461159340224983,0.0
2021-11-09,-0.0012935684912419164,0.0
2021-11-10,-0.00790855131850034,0.0
2021-11-11,0.008050116006878924,0.0
2021-11-12,0.004332042892513209,0.0
2021-11-15,0.0004479922285802679,0.0
2021-11-16,-0.004038859691588744,0.0
2021-11-17,-0.006381495098202546,0.0
2021-11-18,-0.0007087245361129322,0.0
2021-11-19,-0.010909419449406758,0.0
2021-11-22,0.005389703168838648,0.0
2021-11-23,0.007937185891132782,0.0
2021-11-24,0.0001874970692614358,0.0
2021-11-26,-0.03814536824790746,0.0
2021-11-29,0.008780832593668344,0.0
2021-11-30,-0.027097307786072902,0.0
2021-12-01,-0.01577259015462118,0.5996947997473223
2021-12-02,0.02832244666317703,0.0
2021-12-03,-0.009039251485907198,0.0
2021-12-06,0.013730047949057992,0.0
2021-12-07,0.022841469711719076,0.0
2021-12-08,0.0035378564294908156,0.0
2021-12-09,-0.008217353336434976,0.0
2021-12-10,0.008068257138507694,0.0
2021-12-13,-0.010317678812751198,0.0
2021-12-14,-0.0072176441739003,0.0
2021-12-15,0.014336556396681962,0.0
2021-12-16,-0.00417435554862728,0.0
2021-12-17,-0.007990433020214674,0.0
2021-12-20,-0.017006701902350523,0.0
2022-01-11,0.010008868577533248,0.4358113936529596
2022-01-12,0.0017106765153875405,0.0
2022-01-13,-0.009136193188157634,0.0
2022-01-14,-0.007877709787946274,0.0
2022-01-18,-0.016527741737583354,0.0
2022-01-19,-0.012916622149303024,0.0
2022-01-20,-0.013399034859053471,0.0
2022-01-21,-0.012017730215947875,0.0
2022-01-24,0.0075011817025516705,0.0
2022-01-25,-0.010763262460469183,0.0
2022-01-26,-0.005043602524381444,0.0
2022-01-27,-0.006012622050739916,0.0
2022-01-28,0.019817014355044724,0.0
2022-01-31,0.015277765915471706,0.0
2022-02-01,0.010482574555733315,0.28751860295302156
2022-02-02,0.015323902325682714,0.0
2022-02-03,-0.018410131378076643,0.0
2022-02-04,-0.0026274113465708784,0.0
2022-02-07,-0.0032960434054619637,0.0
2022-02-08,0.006679654471331743,0.0
2022-02-09,0.017172443719146228,0.0
2022-02-10,-0.016024790699018545,0.0
2022-02-11,-0.011929515573566196,0.0
2022-02-14,-0.012160056911075837,0.0
2022-02-15,0.016778429459323896,0.0
2022-02-16,0.004197046469994756,0.0
2022-02-17,-0.020334436725588215,0.0
2022-02-18,-0.0048848438733807694,0.0
2022-02-22,-0.011228034554006264,0.0
2022-02-23,-0.01559879856689183,0.0
2022-02-24,0.012211283703918623,0.0
2022-02-25,0.029174193218219832,0.0
2022-02-28,-0.0042233458712712625,0.0
2022-03-01,-0.017640459968415345,0.444088375620015
2022-03-02,0.021463502975038743,0.0
2022-03-03,0.0047513492875389295,0.0
2022-03-04,0.0030286075772269065,0.0
2022-03-07,-0.019521390753022103,0.0
2022-03-08,-0.01272814049299332,0.0
2022-03-09,0.019548829358847535,0.0
2022-03-10,0.0035056953199635917,0.0
2022-03-11,-0.006985573909890715,0.0
2022-03-14,-0.0017644008831366952,0.0
2022-03-15,0.016431637119335,0.0
2022-03-16,0.011567236352121365,0.0
2022-03-17,0.012256963846017762,0.0
2022-03-18,0.006275771034981245,0.0
2022-03-21,0.0005861404876048282,0.0
2022-03-22,0.003691008495254746,0.0
2022-03-23,-0.008802537212228644,0.0
2022-03-24,0.010731573183653951,0.0
2022-03-25,0.009156780978120872,0.0
2022-03-28,0.0018362418144512072,0.0
2022-03-29,0.01061694763068042,0.0
2022-03-30,-0.0035851139031514412,0.0
2022-03-31,-0.010997938096107494,0.0
2022-04-01,0.0019933541099130814,0.5654129812420916
2022-04-04,-0.0011199264788300679,0.0
2022-04-05,-0.005112635506920759,0.0
2022-04-06,0.005108698045434311,0.0
2022-04-07,0.012600415895207068,0.0
2022-04-08,0.0038294899019389677,0.0
2022-04-11,-0.012144335057635316,0.0
2022-04-12,-0.0030247551220618316,0.0
2022-04-13,0.004356365512645333,0.0
2022-04-14,-0.006546248965759434,0.0
2022-04-18,-0.0029830605690627137,0.0
2022-04-19,0.010493544119138876,0.0
2022-04-20,0.01057122622939953,0.0
2022-04-21,-0.014411324165824139,0.0
2022-04-22,-0.030018133429103987,0.0
2022-04-25,0.0018713387192567455,0.0
2022-04-26,-0.015526062103257673,0.0
2022-04-27,0.0001056677662227035,0.0
2022-04-28,0.011851145048410002,0.0
2022-04-29,-0.03583345410708361,0.0
2022-05-02,-0.005290575788320484,0.5589662177010648
2022-05-03,0.009598333280361037,0.0
2022-05-04,0.02305463954371477,0.0
2022-05-05,-0.023657522169306174,0.0
2022-05-06,-0.0009264073507486035,0.0
2022-05-09,-0.03412141897578016,0.0
2022-05-10,-0.0001700791125277207,0.0
2022-05-11,-0.007629821386502321,0.0
2022-05-12,0.004357361476276178,0.0
2022-05-13,0.018834293794820225,0.0
2022-05-16,0.0007304413152094147,0.0
2022-05-17,0.013939111472534915,0.0
2022-05-18,-0.03782538193001779,0.0
2022-05-19,-0.006817711657388055,0.0
2022-05-20,-0.0006481936583597256,0.0
2022-05-23,0.013411486435641362,0.0
2022-05-24,0.002668400240965811,0.0
2022-05-25,0.004748491338581637,0.0
2022-05-26,0.015736989705440654,0.0
2022-05-27,0.024157144465815357,0.0
2022-05-31,-0.012459270040365168,0.0
2022-06-01,-0.008748911991125152,0.5909985255739949
2022-06-02,0.010646337264062215,0.0
2022-06-03,-0.009118443462848473,0.0
2022-06-06,0.0011215925130197088,0.0
2022-06-07,0.010414965516659502,0.0
2022-06-08,-0.015272549338851187,0.0
2022-06-09,-0.02263111273280466,0.0
2022-06-10,-0.017815974087179644,0.0
2022-06-13,-0.03446037492326092,0.0
2022-06-14,-0.0037718029782667166,0.0
2022-06-15,0.006586457171879471,0.0
2022-06-16,-0.023639093378782797,0.0
2022-06-17,0.0008487794297535452,0.0
2022-06-21,0.02164446974685122,0.0
2022-06-22,0.005014874571889931,0.0
2022-06-23,0.01093576385224204,0.0
2022-06-24,0.023710682042787194,0.0
2022-06-27,0.004391226917471284,0.0
2022-06-28,-0.01418207502233217,0.0
2022-06-29,-0.0010505712212674437,0.0
2022-06-30,-0.002054694698041738,0.0
2022-07-01,0.012033237276180442,0.45676259240007855
2022-07-05,-0.012628063173998741,0.0
2022-07-06,0.004101076060732678,0.0
2022-07-07,0.0046551889935926745,0.0
2022-07-08,0.0002159438557858542,0.0
2022-07-11,-0.0030352656631784905,0.0
2022-07-12,-0.009205995337568197,0.0
2022-07-13,-0.0034504400757709806,0.0
2022-07-14,-0.0054887966180011075,0.0
2022-07-15,0.013216947647017713,0.0
2022-07-18,-0.010589273575121981,0.0
2022-07-19,0.019682885043407927,0.0
2022-07-20,-0.0030396107452326593,0.0
2022-07-21,0.0046609249055357994,0.0
2022-07-22,0.0006104663298518867,0.0
2022-07-25,0.008430174949771847,0.0
2022-07-26,-9.520846574212786e-05,0.0
2022-07-27,0.014389243997747644,0.0
2022-07-28,0.013779865159422713,0.0
2022-07-29,0.007614764418023567,0.0
2022-08-01,-0.005077068807072038,0.47857500564059063
2022-08-02,-0.002753706155405283,0.0
2022-08-03,0.004045371373861437,0.0
2022-08-04,-0.0015369510983297052,0.0
2022-08-05,0.003531114912553473,0.0
2022-08-08,0.0047866141213721266,0.0
2022-08-09,0.008019324379687583,0.0
2022-08-10,0.009673989075968545,0.0
2022-08-11,-0.0009557814496778758,0.0
2022-08-12,0.015324559789533062,0.0
2022-08-15,0.005291356628782222,0.0
2022-08-16,0.0029547287967584095,0.0
2022-08-17,-0.0006395639888095232,0.0
2022-08-18,0.0011759956035408544,0.0
2022-08-19,-0.003665057547509575,0.0
2022-08-22,-0.011480151588669657,0.0
2022-08-23,-0.0047449421885367125,0.0
2022-08-24,0.004831915292439137,0.0
2022-08-25,0.007805993037025711,0.0
2022-08-26,-0.022892699749855965,0.0
2022-08-29,-0.003514400717612728,0.0
2022-08-30,-0.013476020010420899,0.0
2022-08-31,-0.008619275353178133,0.0
2022-09-01,0.004826408235703905,0.43937524053652705
2022-09-02,-0.006355107345226544,0.0
2022-09-06,-0.001492838777427578,0.0
2022-09-07,0.01916382905764154,0.0
2022-09-08,0.0013156760789697526,0.0
2022-09-09,0.00813272273485656,0.0
2022-09-12,0.0033847145119454865,0.0
2022-09-13,-0.030695541903101347,0.0
2022-09-14,0.000919213429627945,0.0
2022-09-15,-0.012871922431333897,0.0
2022-09-16,-0.0023371577665118127,0.0
2022-09-19,0.005787547048721095,0.0
2022-09-20,-0.011639679833096614,0.0
2022-09-21,-0.014001007544523648,0.0
2022-09-22,-0.003469255336731379,0.0
2022-09-23,-0.014754558503562876,0.0
2022-09-26,-0.014872731559254757,0.0
2022-09-27,-0.0035907909176999602,0.0
2022-09-28,0.02081556349549459,0.0
2022-09-29,-0.019773204146280046,0.0
2022-09-30,-0.011944030313112794,0.0
2022-10-03,0.02548813887981094,0.44635164497453317
2022-10-04,0.023133781044232134,0.0
2022-10-05,-0.00744542596745658,0.0
2022-10-06,-0.016427452825718697,0.0
2022-10-07,-0.01912241550120832,0.0
2022-10-10,0.001760049552858683,0.0
2022-10-11,0.0015954372257252678,0.0
2022-10-12,-0.007846135639691724,0.0
2022-10-13,0.023573775757369377,0.0
2022-10-14,-0.021733460113234477,0.0
2022-10-17,0.01833483380784061,0.0
2022-10-18,0.015145152857692367,0.0
2022-10-19,-0.005508993212232764,0.0
2022-10-20,-0.012079477540519998,0.0
2022-10-21,0.02009195931201202,0.0
2022-10-24,0.014087138424548087,0.0
2022-10-25,0.012672754264580862,0.0
2022-10-26,0.003994038735675301,0.0
2022-10-27,0.006634302110758948,0.0
2022-10-28,0.01997783745531447,0.0
2022-10-31,-0.004829329271420014,0.0
2022-11-01,0.0029764143251200803,0.4531728348656622
2022-11-02,-0.01992198586376829,0.0
2022-11-03,0.002295508589741414,0.0
2022-11-04,0.004656248658566568,0.0
2022-11-07,0.005672456947405188,0.0
2022-11-08,0.008003834328603524,0.0
2022-11-09,-0.015373550896846153,0.0
2022-11-10,0.03264531863189661,0.0
2022-11-11,-0.010178366612641869,0.0
2022-11-14,-0.0023970484446824104,0.0
2022-11-15,0.0018393563021293188,0.0
2022-11-16,-0.0009820856583454595,0.0
2022-11-17,-0.0032746568298664095,0.0
2022-11-18,0.010939412633503762,0.0
2022-11-21,0.00545250928973024,0.0
2022-11-22,0.010080895634913052,0.0
2022-11-23,0.0007434405145530089,0.0
2022-11-25,0.003871609553097825,0.0
2022-11-28,-0.010746841417005992,0.0
2022-11-29,-0.0014109054640295575,0.0
2022-11-30,0.018688390300596623,0.0
2022-12-01,-0.003764895711009131,0.3674670308660005
2022-12-02,0.0016186363232427582,0.0
2022-12-05,-0.01478782670661416,0.0
2022-12-06,-0.009946533210390535,0.0
2022-12-07,0.001425700941298647,0.0
2022-12-08,0.0017195845473502085,0.0
2022-12-09,-0.011413735282803478,0.0
2022-12-12,0.012613900310770573,0.0
2022-12-13,-0.0020112672558361203,0.0
2022-12-14,-0.0023160759173345476,0.0
2022-12-15,-0.012665650162013074,0.0
2022-12-16,-0.006709353782088401,0.0
2022-12-19,-0.0057522202299165725,0.0
2022-12-20,0.002758612757842327,0.0
2022-12-21,0.011975602088530091,0.0
2022-12-22,-0.008352665098685173,0.0
2023-01-05,-0.005331452254783153,0.3286349498016106
2023-01-06,0.021998015371560382,0.0
2023-01-09,-0.00690149323128059,0.0
2023-01-10,0.0038084481765482685,0.0
2023-01-11,0.006189340191869635,0.0
2023-01-12,0.0007737562807054487,0.0
2023-01-13,0.0012395650693841865,0.0
2023-01-17,-0.0015716964261289841,0.0
2023-01-18,-0.018327852692151692,0.0
2023-01-19,-0.007200480312924182,0.0
2023-01-20,0.011331296846368489,0.0
2023-01-23,0.00524943740603509,0.0
2023-01-24,0.005564268199608842,0.0
2023-01-25,0.0011942371263465028,0.0
2023-01-26,0.00958605790178418,0.0
2023-01-27,-0.004889653794232956,0.0
2023-01-30,-0.0058013622358567,0.0
2023-01-31,0.008688510697427494,0.0
2023-02-01,0.001571143921221596,0.31206128413649975
2023-02-02,-0.00416244215008868,0.0
2023-02-03,-0.0068828995444877635,0.0
2023-02-06,0.0007684724559690028,0.0
2023-02-07,0.005495786653610776,0.0
2023-02-08,-0.007028235814225681,0.0
2023-02-09,-0.00375020440418741,0.0
2023-02-10,0.013260341572526759,0.0
2023-02-13,0.008288806292075193,0.0
2023-02-14,-0.005150927915580089,0.0
2023-02-15,0.00026781471478106686,0.0
2023-02-16,-0.008946828762729918,0.0
2023-02-17,0.0014448511186989448,0.0
2023-02-21,-0.013687506837885053,0.0
2023-02-22,-0.0014823742778372086,0.0
2023-02-23,0.0035909908350253207,0.0
2023-02-24,-0.005874504006351346,0.0
2023-02-27,0.0015131286877143244,0.0
2023-02-28,-0.007826076536019353,0.0
2023-03-01,2.904800164404975e-06,0.35902195606142473
2023-03-02,0.007840245875198545,0.0
2023-03-03,0.010536103608713734,0.0
2023-03-06,-0.0008810572281482482,0.0
2023-03-07,-0.014026666767676235,0.0
2023-03-08,-0.0022719621302285196,0.0
2023-03-09,-0.012226470103687891,0.0
2023-03-10,-0.012873592660664217,0.0
2023-03-13,-0.0016997051750733602,0.0
2023-03-14,0.010028368474851362,0.0
2023-03-15,-0.013106351005785768,0.0
2023-03-16,0.007996757520402957,0.0
2023-03-17,-0.01674800957868791,0.0
2023-03-20,0.016359802623472235,0.0
2023-03-21,0.006318478246591735,0.0
2023-03-22,-0.01656381252935405,0.0
2023-03-23,-0.0037675738147585785,0.0
2023-03-24,0.012713891426508661,0.0
2023-03-27,0.006706444194538362,0.0
2023-03-28,0.005624643768819177,0.0
2023-03-29,0.00965495110153436,0.0
2023-03-30,0.002960320176291416,0.0
2023-03-31,0.0119070382206787,0.0
2023-04-03,0.0043042599342539845,0.5855435211774382
2023-04-04,-0.01594244883641565,0.0
2023-04-05,-0.0009194943572084734,0.0
2023-04-06,-0.0013847158745550268,0.0
2023-04-10,0.007194970196790929,0.0
2023-04-11,0.005714643637548235,0.0
2023-04-12,-0.0007444040705292304,0.0
2023-04-13,0.006367248291584126,0.0
2023-04-14,0.0004932412715691874,0.0
2023-04-17,0.0034261130997344114,0.0
2023-04-18,0.00242360571665216,0.0
2023-04-19,-0.0008033743840700794,0.0
2023-04-20,-0.002392637071809877,0.0
2023-04-21,-0.0012563782154006913,0.0
2023-04-24,0.004792735172645708,0.0
2023-04-25,-0.011788181896498325,0.0
2023-04-26,-0.010541814360533145,0.0
2023-04-27,0.01258142546022823,0.0
2023-04-28,0.008656394783211875,0.0
2023-05-01,0.004357443510961456,0.4509171021840477
2023-05-02,-0.00844861820754559,0.0
2023-05-03,-0.0032793310758575185,0.0
2023-05-04,-0.010513085786780164,0.0
2023-05-05,0.014181445568553941,0.0
2023-05-08,-0.002095645911742409,0.0
2023-05-09,-0.0001277762050926395,0.0
2023-05-10,0.0015141787086464407,0.0
2023-05-11,-0.0026110609468056887,0.0
2023-05-12,0.00048560006273766856,0.0
2023-05-15,0.004238621289171129,0.0
2023-05-16,-0.010118526380953528,0.0
2023-05-17,0.010615004653377239,0.0
2023-05-18,0.00530665099582187,0.0
2023-05-19,-0.00026704932055945165,0.0
2023-05-22,-0.003105722473421746,0.0
2023-05-23,-0.012151433493463783,0.0
2023-05-24,-0.008954933975377066,0.0
2023-05-25,0.0026563019644648047,0.0
2023-05-26,0.007800786969584096,0.0
2023-05-30,-0.004568477343683495,0.0
2023-05-31,-0.011095550963546325,0.0
2023-06-01,0.005451610088835768,0.5261417297979218
2023-06-02,0.02240999303135755,0.0
2023-06-05,-0.0025660001371323477,0.0
2023-06-06,0.0030764165177780893,0.0
2023-06-07,0.0035242724354679943,0.0
2023-06-08,0.0048441325954389465,0.0
2023-06-09,7.662291543326775e-05,0.0
2023-06-12,0.005820820681436413,0.0
2023-06-13,0.007714424758449448,0.0
2023-06-14,0.002768522987412425,0.0
2023-06-15,0.011923031077970936,0.0
2023-06-16,-0.00246825614716687,0.0
2023-06-20,-0.005889106456999469,0.0
2023-06-21,0.003022920882094508,0.0
2023-06-22,-0.00039759529852996447,0.0
2023-06-23,-0.005466826170427331,0.0
2023-06-26,0.0010282714089414069,0.0
2023-06-27,0.011126327390279904,0.0
2023-06-28,-0.002688609628355413,0.0
2023-06-29,0.008175372724899023,0.0
2023-06-30,0.010622757635499771,0.0
2023-07-03,-0.00276700993523904,0.3015017289728006
2023-07-05,-0.004466384029850825,0.0
2023-07-06,-0.008212178978838601,0.0
2023-07-07,-0.003991673934180256,0.0
2023-07-10,0.013203679777252297,0.0
2023-07-11,0.0024052516102710704,0.0
2023-07-12,0.003990201607890668,0.0
2023-07-13,0.0010605201662745717,0.0
2023-07-14,-0.0007450864074804582,0.0
2023-07-17,0.0028874837331137474,0.0
2023-07-18,0.0032514251519620988,0.0
2023-07-19,-0.0011962136460996397,0.0
2023-07-20,-0.0012669503323730247,0.0
2023-07-21,0.003393732362529235,0.0
2023-07-24,-0.0006104323498324752,0.0
2023-07-25,0.0018441889135726258,0.0
2023-07-26,-0.00318816083609618,0.0
2023-07-27,-0.006133670894804485,0.0
2023-07-28,0.004549453785711397,0.0
2023-07-31,-0.0005592947464877259,0.0
2023-08-01,-0.00017180456462861926,0.40595916721267944
2023-08-02,-0.009139949220566141,0.0
2023-08-03,-0.006977640152180782,0.0
2023-08-04,-0.004694852995446086,0.0
2023-08-07,0.012570074523380964,0.0
2023-08-08,-0.0016330840468395922,0.0
2023-08-09,-0.004638118476781903,0.0
2023-08-10,-0.004106768124618866,0.0
2023-08-11,8.539421272223821e-05,0.0
2023-08-14,0.0038727614476348083,0.0
2023-08-15,-0.01031995420562725,0.0
2023-08-16,-0.00733543033182362,0.0
2023-08-17,-0.012015390272311376,0.0
2023-08-18,0.0020884633718667184,0.0
2023-08-21,0.0037748855361504556,0.0
2023-08-22,-0.0022092106533025064,0.0
2023-08-23,0.010699131296626545,0.0
2023-08-24,-0.011660403277132622,0.0
2023-08-25,0.006430362648787131,0.0
2023-08-28,0.005347898588612919,0.0
2023-08-29,0.010565341846459988,0.0
2023-08-30,0.0029918224272220397,0.0
2023-08-31,-0.003057746282832788,0.0
2023-09-01,0.0040610733374575325,0.3056081713254756
2023-09-05,-0.015293985774074812,0.0
2023-09-06,0.0008306087725694204,0.0
2023-09-07,-0.004853461534713947,0.0
2023-09-08,0.0015798686522191469,0.0
2023-09-11,0.0017798854706480756,0.0
2023-09-12,-0.0038001844252613277,0.0
2023-09-13,-0.006187146248872844,0.0
2023-09-14,0.01001332776156553,0.0
2023-09-15,-0.010702517471407543,0.0
2023-09-18,0.0015020450667115968,0.0
2023-09-19,-0.0015749167083298225,0.0
2023-09-20,-0.004548569781940267,0.0
2023-09-21,-0.01599533559374081,0.0
2023-09-22,-0.0020013963897286885,0.0
2023-09-25,0.002382396619556131,0.0
2023-09-26,-0.013857087679709335,0.0
2023-09-27,0.0005109766293811988,0.0
2023-09-28,0.010462370330855548,0.0
2023-09-29,-0.007701126896406016,0.0
2023-10-02,-0.006244001825984391,0.5468546049483936
2023-10-03,-0.016590903923874502,0.0
2023-10-04,0.011326287832218077,0.0
2023-10-05,-0.0012042584219874503,0.0
2023-10-06,0.011264553277211337,0.0
2023-10-09,0.00159402690612336,0.0
2023-10-10,0.008572976491397832,0.0
2023-10-11,0.004796398109986854,0.0
2023-10-12,-0.00709867067755939,0.0
2023-10-13,-0.006832450657834494,0.0
2023-10-16,0.013454631622249719,0.0
2023-10-17,0.003580902558566426,0.0
2023-10-18,-0.018141108070005067,0.0
2023-10-19,-0.012987987253361432,0.0
2023-10-20,-0.010868390975232203,0.0
2023-10-23,-0.0015120906176969132,0.0
2023-10-24,0.005601120644428101,0.0
2023-10-25,-0.01648037549671725,0.0
2023-10-26,-0.004596540691259491,0.0
2023-10-27,-0.008060987203035424,0.0
2023-10-30,0.011472575950779901,0.0
2023-10-31,0.005028883708789834,0.0
2023-11-01,0.007478296757737146,0.5521550961720809
2023-11-02,0.014498438701115474,0.0
2023-11-03,0.012434432013815064,0.0
2023-11-06,-0.0013861961861934846,0.0
2023-11-07,-0.0005607950917968566,0.0
2023-11-08,0.004262223924922303,0.0
2023-11-09,-0.006006156354687295,0.0
2023-11-10,0.015326420655431201,0.0
2023-11-13,-0.0009380621712212267,0.0
2023-11-14,0.022679915882779778,0.0
2023-11-15,-0.00024319481620071765,0.0
2023-11-16,0.0004521612625496105,0.0
2023-11-17,0.004843133535210199,0.0
2023-11-20,0.005012935218794663,0.0
2023-11-21,-0.0028868843842882325,0.0
2023-11-22,0.006320777580887629,0.0
2023-11-24,0.0013937724926577054,0.0
2023-11-27,-0.0007194593175724536,0.0
2023-11-28,-0.0039788096900961025,0.0
2023-11-29,0.0036456637865490693,0.0
2023-11-30,0.008602041182650549,0.0
2023-12-01,0.008844291264999748,0.5507019026620623
2023-12-04,-0.0025317309874777635,0.0
2023-12-05,-0.0050923888761323505,0.0
2023-12-06,-0.000892738374306156,0.0
2023-12-07,0.0045472205812905455,0.0
2023-12-08,0.0028212357726179874,0.0
2023-12-11,0.008071157708303267,0.0
2023-12-12,0.00414107579247021,0.0
2023-12-13,0.015743298786748176,0.0
2023-12-14,-4.809197559898506e-05,0.0
2023-12-15,-0.0025425432028279003,0.0
2023-12-18,0.005261408028001508,0.0
2024-02-02,0.0009883449974896763,0.25765436413690446
2024-02-05,-0.002768454581853261,0.0
2024-02-06,0.0006010966556167737,0.0
2024-02-07,0.008418173084044115,0.0
2024-02-08,0.00011174889302522782,0.0
2024-02-09,0.00338646057620362,0.0
2024-02-12,-0.002475464242221283,0.0
2024-02-13,-0.010722755402646951,0.0
2024-02-14,0.006926302755091438,0.0
2024-02-15,0.008308593875781648,0.0
2024-02-16,-0.007464106636972199,0.0
2024-02-20,-0.005435387605052067,0.0
2024-02-21,0.006507912636015524,0.0
2024-02-22,0.020113154723877053,0.0
2024-02-23,0.004083703943829645,0.0
2024-02-26,-0.00012695280975276633,0.0
2024-02-27,0.0026899770823783976,0.0
2024-02-28,0.0013953824014972457,0.0
2024-02-29,0.006602153403407485,0.0
2024-03-01,0.01087076327792258,0.3725888165335366
2024-03-04,0.0023306186711275056,0.0
2024-03-05,-0.00896919082639875,0.0
2024-03-06,0.0036767888596664477,0.0
2024-03-07,0.008099399201544918,0.0
2024-03-08,-0.003911425726386341,0.0
2024-03-11,-0.0033188222951487786,0.0
2024-03-12,0.008295898901650594,0.0
2024-03-13,0.0006835861840104578,0.0
2024-03-14,-0.006238267524257559,0.0
2024-03-15,-0.0036610728261164713,0.0
2024-03-18,0.003747373203725349,0.0
2024-03-19,0.0064577176211612596,0.0
2024-03-20,0.010525205575380267,0.0
2024-03-21,0.006164263072451874,0.0
2024-03-22,-0.00362606191038144,0.0
2024-03-25,-0.00487032157651944,0.0
2024-03-26,0.0008464747122202557,0.0
2024-03-27,0.012285310125165889,0.0
2024-03-28,0.0017593595901024598,0.0
2024-04-01,-0.004172337916826807,0.41015334649246954
2024-04-02,-0.008205523506719775,0.0
2024-04-03,0.005412601712578274,0.0
2024-04-04,-0.011992075599143556,0.0
2024-04-05,0.012248416217905542,0.0
2024-04-08,0.0005430083032743822,0.0
2024-04-09,-0.002459039148218086,0.0
2024-04-10,-0.012834435568077703,0.0
2024-04-11,0.002749122301024957,0.0
2024-04-12,-0.014477087577455172,0.0
2024-04-15,-0.010639553836819061,0.0
2024-04-16,-0.0011017232412260094,0.0
2024-04-17,-0.005500638949679812,0.0
2024-04-18,-0.005607544842486684,0.0
2024-04-19,-0.0038706219825200673,0.0
2024-04-22,0.009012976446240585,0.0
2024-04-23,0.013363007460578512,0.0
2024-04-24,0.0005791471605430341,0.0
2024-04-25,-4.5009785934827116e-05,0.0
2024-04-26,0.00647794888241779,0.0
2024-04-29,0.0007191336366875293,0.0
2024-04-30,-0.018760431896831672,0.0
2024-05-01,-0.0016750039678286033,0.558259467202657
2024-05-02,0.004718490970889606,0.0
2024-05-03,0.00783242716139341,0.0
2024-05-06,0.012341359615438117,0.0
2024-05-07,-0.0003591163266539061,0.0
2024-05-08,0.0015102056675910312,0.0
2024-05-09,0.010418522064370144,0.0
2024-05-10,0.001755512372945401,0.0
2024-05-13,-0.002248397510744607,0.0
2024-05-14,0.0055716867497340485,0.0
2024-05-15,0.012794530072544184,0.0
2024-05-16,-0.0052302516824822235,0.0
2024-05-17,0.0001678825269026362,0.0
2024-05-20,0.002510237329583394,0.0
2024-05-21,0.0018113622274364047,0.0
2024-05-22,-0.00645650142454005,0.0
2024-05-23,-0.00857880185021181,0.0
2024-05-24,0.009033077448892812,0.0
2024-05-28,-0.0054508501975909064,0.0
2024-05-29,-0.010037894426565701,0.0
2024-05-30,0.002978016386838394,0.0
2024-05-31,0.007596021849103752,0.0
2024-06-03,-0.006195151429227885,0.40425731117260544
2024-06-04,-0.0033874395244612113,0.0
2024-06-05,0.014984216258987344,0.0
2024-06-06,-0.0033385299616873415,0.0
2024-06-07,-0.001162227199888604,0.0
2024-06-10,0.008947460370563726,0.0
2024-06-11,-0.004949450901476385,0.0
2024-06-12,0.010907638735313531,0.0
2024-06-13,0.0009737949117251252,0.0
2024-06-14,-0.008623925101813073,0.0
2024-06-17,0.011683381779614985,0.0
2024-06-18,0.004760054811963945,0.0
2024-06-20,-0.004587045903571956,0.0
2024-06-21,-0.00015684249034433415,0.0
2024-06-24,0.0036146934877504307,0.0
2024-06-25,-0.0012831330641244025,0.0
2024-06-26,-0.004246257116435791,0.0
2024-06-27,0.0007047623414734735,0.0
2024-06-28,0.002208274460217853,0.0
2024-07-01,-0.0065504193406586975,0.40955686125763624
2024-07-02,0.0031579770944730537,0.0
2024-07-03,0.00284108727329375,0.0
2024-07-05,-0.006193354177238474,0.0
2024-07-08,0.004741754231919351,0.0
2024-07-09,-0.000673089577199895,0.0
2024-07-10,0.010308041022981124,0.0
2024-07-11,0.005347564312236621,0.0
2024-07-12,0.006359000562598945,0.0
2024-07-15,0.0018502215611350603,0.0
2024-07-16,0.016702054087457015,0.0
2024-07-17,-0.020830639782608847,0.0
2024-07-18,-0.005700827061878442,0.0
2024-07-19,-0.005479287958636983,0.0
2024-07-22,0.013456406254635126,0.0
2024-07-23,-0.002182866522744816,0.0
2024-07-24,-0.02035761278306148,0.0
2024-07-25,-0.006182955279022874,0.0
2024-07-26,0.014427354750538182,0.0
2024-07-29,0.0015580298202812226,0.0
2024-07-30,-0.004212240550829595,0.0
2024-07-31,0.010686023073215662,0.0
2024-08-01,-0.020370693476260082,0.39329636963167436
2024-08-02,-0.03235625439000726,0.0
2024-08-05,-0.024572963196998317,0.0
2024-08-06,0.01575287761018576,0.0
2024-08-07,-0.009905503642714333,0.0
2024-08-08,0.02346137544191388,0.0
2024-08-09,0.007961451491312908,0.0
2024-08-12,-0.004376066327761018,0.0
2024-08-13,0.0119406616173449,0.0
2024-08-14,0.0031033258858110587,0.0
2024-08-15,0.014987979314831798,0.0
2024-08-16,0.0011907570171133942,0.0
2024-08-19,0.009462941093907482,0.0
2024-08-20,-0.006957472776994537,0.0
2024-08-21,0.0078174445077037,0.0
2024-08-22,-0.005187422210005548,0.0
2024-08-23,0.014847499512806225,0.0
2024-08-26,-0.0030167598742897083,0.0
2024-08-27,0.0008881891293141561,0.0
2024-08-28,-0.004017697793927823,0.0
2024-08-29,0.0023500424326297837,0.0
2024-08-30,0.01481206640001905,0.0
2024-09-03,-0.02480418073560564,0.6246140885725049
2024-09-04,-0.0006535249301056448,0.0
2024-09-05,-0.009536721991586495,0.0
2024-09-06,-0.015456611587505237,0.0
2024-09-09,0.010862895698820846,0.0
2024-09-10,0.0006208548780765692,0.0
2024-09-11,0.0017736511765017388,0.0
2024-09-12,0.00852277558558928,0.0
2024-09-13,0.010371063789798376,0.0
2024-09-16,0.004478965475076332,0.0
2024-09-17,0.0012936508444760578,0.0
2024-09-18,-0.0010880865819366207,0.0
2024-09-19,0.01108014509547868,0.0
2024-09-20,-0.0003706743924343355,0.0
2024-09-23,0.00405240329141659,0.0
2024-09-24,-0.0007755045998314847,0.0
2024-09-25,-0.005134827690850681,0.0
2024-09-26,0.006624656665417344,0.0
2024-09-27,-0.0014831669185507374,0.0
2024-09-30,0.004361598519173287,0.0
2024-10-01,-0.004501506681230172,0.7335286605691207
2024-10-02,-0.0004789852418075284,0.0
2024-10-03,-0.006620171199555878,0.0
2024-10-04,0.005062088724353557,0.0
2024-10-07,-0.007633563876651834,0.0
2024-10-08,0.006616462906524048,0.0
2024-10-09,0.007126532600298894,0.0
2024-10-10,-0.006884333851522432,0.0
2024-10-11,0.012017839569118631,0.0
2024-10-14,0.010418646743631266,0.0
2024-10-15,-0.0009337828727312876,0.0
2024-10-16,0.008487639081039342,0.0
2024-10-17,-0.0015371419909554842,0.0
2024-10-18,0.0018183463155922596,0.0
2024-10-21,-0.010227772449981024,0.0
2024-10-22,-0.0005841622313594592,0.0
2024-10-23,-0.0010495256255782875,0.0
2024-10-24,-0.00015831406411721176,0.0
2024-10-25,-0.010233139978711782,0.0
2024-10-28,0.008050204689885411,0.0
2024-10-29,-0.005406370240813488,0.0
2024-10-30,0.0011563958598272616,0.0
2024-10-31,-0.013095517620947301,0.0
2024-11-01,-0.005848494164839568,0.35254645390723843
2024-11-04,0.004290918014953304,0.0
2024-11-05,0.017735426073028596,0.0
2024-11-06,0.015942773261924104,0.0
2024-11-07,0.0053726065107888845,0.0
2024-11-08,0.010425265981724729,0.0
2024-11-11,0.001574743354301918,0.0
2024-11-12,-0.010876970692455109,0.0
2024-11-13,0.0009501819631435235,0.0
2024-11-14,-0.005286500850756796,0.0
2024-11-15,-0.004357227541232776,0.0
2024-11-18,0.0027833794642968456,0.0
2024-11-19,-0.0028539833914018745,0.0
2024-11-20,0.00012297144669585076,0.0
2024-11-21,0.013410949721301114,0.0
2024-11-22,0.008469535911646134,0.0
2024-11-25,0.00835391712817427,0.0
2024-11-26,0.006468836900597672,0.0
2024-11-27,-0.004532077212929663,0.0
2024-11-29,0.004700924601728326,0.0
2024-12-02,-0.004467437116100315,0.4857669872733127
2024-12-03,-0.0052800787967651275,0.0
2024-12-04,0.0019334423735591902,0.0
2024-12-05,-0.0006595112217439786,0.0
2024-12-06,0.0005956810975518811,0.0
2024-12-09,-0.009439413652963323,0.0
2024-12-10,-0.006768434902703484,0.0
2024-12-11,0.0025680379579405164,0.0
2024-12-12,-0.0042104271616312345,0.0
2024-12-13,0.001483171767631067,0.0
2024-12-16,0.0012821317641339882,0.0
2024-12-17,-0.011256316157371084,0.0
2024-12-18,-0.03755096883888567,0.0
2024-12-19,-0.006072920037863293,0.0
2024-12-20,0.017836330229344142,0.0
2024-12-23,0.003894109811422301,0.0
2025-03-25,-0.0008668985265131157,0.46449704699821626
2025-03-26,-0.006240327518830067,0.0
2025-03-27,-0.009354121682076074,0.0
2025-03-28,-0.018154000611304646,0.0
2025-03-31,0.006409058257089554,0.0
2025-04-01,0.0029122682128064348,0.12542453493277508
2025-04-02,0.014553252936843687,0.0
2025-04-03,-0.07269928631041725,0.0
2025-04-04,-0.05661066208053975,0.0
2025-04-07,-0.003958119251064039,0.0
2025-04-08,-0.020580022585376223,0.0
2025-04-09,0.09908624178690252,0.0
2025-04-10,-0.04507194374810845,0.0
2025-04-11,0.013189146736024494,0.0
2025-04-14,0.014192986142324678,0.0
2025-04-15,-0.00042959023273873886,0.0
2025-04-16,-0.013965976397413316,0.0
2025-04-17,0.01028814894507151,0.0
2025-04-21,-0.02370636200346636,0.0
2025-04-22,0.03288708859710315,0.0
2025-04-23,0.01644383011327944,0.0
2025-04-24,0.025256492126780695,0.0
2025-04-25,-0.0009719837753189622,0.0
2025-04-28,0.0038631670877195654,0.0
2025-04-29,0.0010597454178877203,0.0
2025-04-30,-0.003751842828184888,0.0
2025-05-01,0.0035179829285298947,0.5934419609815379
2025-05-02,0.02301161406432367,0.0
2025-05-05,-0.001200236277234131,0.0
2025-05-06,-0.005439338767606587,0.0
2025-05-07,0.0044664105429733205,0.0
2025-05-08,0.010640851261800486,0.0
2025-05-09,-0.00048424878877375335,0.0
2025-05-12,0.0325577403422651,0.0
2025-05-13,0.007584944371212304,0.0
2025-05-14,-0.002449744878884077,0.0
2025-05-15,0.0077199053506297145,0.0
2025-05-16,0.010054041714800198,0.0
2025-05-19,0.0022560615219160396,0.0
2025-05-20,-0.0037076277456011613,0.0
2025-05-21,-0.02092117442043852,0.0
2025-05-22,-0.0021973427371003414,0.0
2025-05-23,-0.0016855009042051625,0.0
2025-05-27,0.02158186749397306,0.0
2025-05-28,-0.009641419243691222,0.0
2025-05-29,0.003718025412710842,0.0
2025-05-30,0.00423983716584682,0.0
2025-06-02,0.0023639379012649897,0.41352378787102684
2025-06-03,0.0037946508524356612,0.0
2025-06-04,-0.0020344755853698693,0.0
2025-06-05,0.0010170051707091747,0.0
2025-06-06,0.008804180069786376,0.0
2025-06-09,-0.0006384833933116325,0.0
2025-06-10,0.0011012254905137875,0.0
2025-06-11,-0.0018217740060398448,0.0
2025-06-12,0.004057868469178989,0.0
2025-06-13,-0.015415394691743762,0.0
2025-06-16,0.010060631417984219,0.0
2025-06-17,-0.010098901592606985,0.0
2025-06-18,0.0018616927142843672,0.0
2025-06-20,7.485764655074886e-05,0.0
2025-06-23,0.012773463076867234,0.0
2025-06-24,0.009679817344550009,0.0
2025-06-25,-0.0073318237850709626,0.0
2025-06-26,0.007312872014012638,0.0
2025-06-27,0.009989068652375643,0.0
2025-06-30,0.00789369678345088,0.0
2025-07-01,0.003619977330536317,0.5469414115018107
2025-07-02,0.005590539713656627,0.0
2025-07-03,0.010193935623413638,0.0
2025-07-07,-0.005483994899587652,0.0
2025-07-08,-0.007678124834911711,0.0
2025-07-09,0.0055806449828778495,0.0
2025-07-10,0.009636846617061105,0.0
2025-07-11,-0.006462205959469445,0.0
2025-07-14,0.009340272279168525,0.0
2025-07-15,-0.010109707352170141,0.0
2025-07-16,0.0032999557282376683,0.0
2025-07-17,0.008644360886785002,0.0
2025-07-18,0.004084704457116794,0.0
2025-07-21,6.164425054307765e-05,0.0
2025-07-22,0.002195359738092558,0.0
2025-07-23,0.006979705746093677,0.0
2025-07-24,-0.0009224519047746527,0.0
2025-07-25,0.00164829739010648,0.0
2025-07-28,-0.0040081888488690005,0.0
2025-07-29,5.6790276354872285e-05,0.0
2025-07-30,-0.005869695811963117,0.0
2025-07-31,-0.003737509487032358,0.0
2025-08-01,-0.014703185617653158,0.4671290320444759
2025-08-04,0.013419580813190748,0.0
2025-08-05,-0.004136152550306051,0.0
2025-08-06,-0.002996125228480476,0.0
2025-08-07,-0.007278147940884648,0.0
2025-08-08,0.0016291950646103509,0.0
2025-08-11,-0.003390646999314382,0.0
2025-08-12,0.019062948271563254,0.0
2025-08-13,0.01143565280467332,0.0
2025-08-14,-0.00950925093526938,0.0
2025-08-15,-0.0025677714357506018,0.0
2025-08-18,0.004190862665442149,0.0
2025-08-19,-0.0006841053039661929,0.0
2025-08-20,-0.003438042819028207,0.0
2025-08-21,-0.004248853501061165,0.0
2025-08-22,0.023754148237320166,0.0
2025-08-25,-0.004000545011791407,0.0
2025-08-26,0.003449264202914198,0.0
2025-08-27,0.004341273923748622,0.0
2025-08-28,0.0043019190217153305,0.0
2025-08-29,-0.005661246072402265,0.0
2025-09-02,-0.007829711334570222,0.4838394063233504
2025-09-03,0.006694927596119897,0.0
2025-09-04,0.01106636823695462,0.0
2025-09-05,-0.00013326871231656332,0.0
2025-09-08,0.003137443634753892,0.0
2025-09-09,0.0018844061876255981,0.0
2025-09-10,0.006256866505765801,0.0
2025-09-11,0.017450608873311336,0.0
2025-09-12,-0.002174380346207555,0.0
2025-09-15,0.0072844841883546365,0.0
2025-09-16,-0.005350818853308965,0.0
2025-09-17,-0.0014142952314130618,0.0
2025-09-18,0.009924371599548915,0.0
2025-09-19,0.0027252318936237556,0.0
2025-09-22,0.0018729906889829568,0.0
2025-09-23,-0.0002261843418077476,0.0
2025-09-24,-0.006195503973139029,0.0
2025-09-25,-0.004949854865649687,0.0
2025-09-26,0.006806844679107809,0.0
2025-09-29,0.002869929744806916,0.0
2025-09-30,0.0025361843145668946,0.0
2025-10-01,-0.0001655703083596194,0.4423042068778672
2025-10-02,0.006209096652982032,0.0
2025-10-03,-0.0006320892882880814,0.0
2025-10-06,0.0016826731385815356,0.0
2025-10-07,-0.007199979388874254,0.0
2025-10-08,0.0028949244349737147,0.0
2025-10-09,-0.007913930289428873,0.0
2025-10-10,-0.02671302452366376,0.0
2025-10-13,0.013880802880585508,0.0
2025-10-14,0.009242871003898343,0.0
2025-10-15,0.006682757280392316,0.0
2025-10-16,-0.01484844140777878,0.0
2025-10-17,0.004152838487269047,0.0
2025-10-20,0.005477251552511834,0.0
2025-10-21,0.006217201315666466,0.0
2025-10-22,-0.005709436230253691,0.0
2025-10-23,0.005737001207951886,0.0
2025-10-24,0.0062052363050989654,0.0
2025-10-27,0.004331349457261971,0.0
2025-10-28,-0.011946312783096455,0.0
2025-10-29,-0.0016993873591940605,0.0
2025-10-30,0.0004088621988325258,0.0
2025-10-31,0.0043598356073215735,0.0
2025-11-03,-0.0005345398179561478,0.4520479430396804
2025-11-04,-0.01577258543145322,0.0
2025-11-05,0.015604052009982662,0.0
2025-11-06,-0.008067723270811707,0.0
2025-11-07,0.006400644247264278,0.0
2025-11-10,0.01300910452725444,0.0
2025-11-11,-0.00398917894837825,0.0
2025-11-12,0.005404644636481508,0.0
2025-11-13,-0.022662289188128862,0.0
2025-11-14,-0.005289967612657287,0.0
2025-11-17,-0.016349074201679255,0.0
2025-11-18,-0.0002987908236535829,0.0
2025-11-19,0.0051465541119536055,0.0
2025-11-20,-0.019086255702226107,0.0
2025-11-21,0.01893388909045249,0.0
2025-11-24,0.015968058939662126,0.0
2025-11-25,0.015399470741001328,0.0
2025-11-26,0.010915488344540201,0.0
2025-11-28,0.0052117358856544225,0.0
2025-12-01,-0.007019260150957662,0.3406758437271703
2025-12-02,-0.00045044843765645046,0.0
2025-12-03,0.00750200958671319,0.0
2025-12-04,0.001081049799000151,0.0
2025-12-05,0.007063940900435079,0.0
2025-12-08,-0.002143594218260833,0.0
2025-12-09,0.0007206616402415637,0.0
2025-12-10,0.01811126903178881,0.0
2025-12-11,0.010637573574527374,0.0
2025-12-12,-0.015970899163598964,0.0
2025-12-15,0.0031261059939680378,0.0
2025-12-16,-0.004474350752029751,0.0
2025-12-17,-0.01147723293978138,0.0
2025-12-18,0.010997072197113773,0.0
2025-12-19,0.015037500061406249,0.0
2025-12-22,0.010044865289323388,0.0
2026-01-15,0.010536434212964796,0.2596613263014527
2026-01-16,-0.0004862956059962566,0.0
2026-01-20,-0.01880774061033104,0.0
2026-01-21,0.021911598307585357,0.0
2026-01-22,0.00030887392713426225,0.0
2026-01-23,-0.005113279088586121,0.0
2026-01-26,0.0051186957698572235,0.0
2026-01-27,0.006484468601606048,0.0
2026-01-28,0.0038015884568649225,0.0
2026-01-29,0.005092242585418561,0.0
2026-01-30,-0.013620232630289582,0.0
2026-02-02,0.012391513753541306,0.24391141049156606
2026-02-03,0.001282522099860987,0.0
2026-02-04,-0.0053376258499900344,0.0
2026-02-05,-0.012812264060769959,0.0
2026-02-06,0.030412393815633113,0.0
2026-02-09,0.003705770238617941,0.0
2026-02-10,-0.004104918413159852,0.0
2026-02-11,-0.003648981931176526,0.0
2026-02-12,-0.020701014543038482,0.0
2026-02-13,0.010138511936351421,0.0
2026-02-17,0.0047983169087649465,0.0
2026-02-18,0.011250935274007074,0.0
2026-02-19,-0.008537939202675156,0.0
2026-02-20,0.011301512641478908,0.0
2026-02-23,-0.02299673276133329,0.0
2026-02-24,0.01230592490821781,0.0
2026-02-25,0.006350971988610988,0.0
2026-02-26,0.0025717718566379785,0.0
2026-02-27,-0.015581918741459913,0.0
2026-03-02,-0.00801431887928139,0.26049685940880496
2026-03-03,-0.01682596030389763,0.0
2026-03-04,0.0045655816717712384,0.0
2026-03-05,-0.014932621990526999,0.0
2026-03-06,-0.02161552107734191,0.0
2026-03-09,0.014660397285960906,0.0
2026-03-10,-0.0012502708182317043,0.0
2026-03-11,-0.0032929160482993844,0.0
2026-03-12,-0.02249701872275979,0.0
2026-03-13,-0.0027068819764260272,0.0
2026-03-16,0.015158923803901266,0.0
2026-03-17,0.010435472114096454,0.0
2026-03-18,-0.014887041408993842,0.0
2026-03-19,0.004719311317707836,0.0
2026-03-20,-0.019271500229917294,0.0
2026-03-23,0.016757379630623816,0.0
2026-03-24,0.0031475134198741123,0.0
2026-03-25,0.006033243670494317,0.0
2026-03-26,-0.022321401189183635,0.0
2026-03-27,-0.017965466441520053,0.0
2026-03-30,-0.010961729353489245,0.0
2026-03-31,0.037455068515938494,0.0
2026-04-01,0.01320177194077976,0.3442725549886911
2026-04-02,-0.003861091969262117,0.0
2026-04-06,0.006551358629005534,0.0
2026-04-07,-0.0002890190583682685,0.0
2026-04-08,0.039089280360157165,0.0
2026-04-09,0.0014608899664681453,0.0
2026-04-10,-0.0030169318682326724,0.0
2026-04-13,0.00939642476456947,0.0
2026-04-14,0.0102478686836959,0.0
2026-04-15,-0.0031792085786138758,0.0
2026-04-16,0.0013758884478918185,0.0
2026-04-17,0.017867380045795717,0.0
2026-04-20,-0.0016605793337034272,0.0
2026-04-21,-0.009440853300325418,0.0
2026-04-22,-0.002724264173570968,0.0
2026-04-23,0.005374870210187563,0.0
2026-04-24,-0.0016891980198819826,0.0
2026-04-27,-0.0008841563625739198,0.0
2026-04-28,-0.006677785992310838,0.0
2026-04-29,-0.0043276960694842,0.0
2026-04-30,0.02295382702910522,0.0
2026-05-01,-0.0028014601517513116,0.36722593828366695
2026-05-04,-0.008349813896055346,0.0
2026-05-05,0.019474277251315494,0.0
2026-05-06,0.016112835376584922,0.0
2026-05-07,-0.01799356135270439,0.0
2026-05-08,0.00924484511035651,0.0
2026-05-11,0.0015293929200997625,0.0
2026-05-12,-0.00519814427915611,0.0
2026-05-13,0.0016820244014670758,0.0
2026-05-14,0.0027240862284658926,0.0
2026-05-15,-0.013709956189697059,0.0
2026-05-18,-0.003869757801639921,0.0
2026-05-19,-0.010969970590397716,0.0
2026-05-20,0.019842902353222412,0.0
2026-05-21,0.006712502534127833,0.0
2026-05-22,0.007711273228633794,0.0
2026-05-26,0.017903032024119556,0.0
2026-05-27,0.0024501044743502204,0.0
2026-05-28,0.0055141267522476846,0.0
2026-05-29,0.0005404657805067205,0.0
2026-06-01,0.00037639119704291346,0.3426586212382886
2026-06-02,0.010328527558208489,0.0
2026-06-03,0.0013941570066135437,0.0
2026-06-04,0.008226745810199937,0.0
2026-06-05,-0.022118343070774836,0.0
2026-06-08,0.0030742265002090133,0.0
2026-06-09,0.006930441269969962,0.0
2026-06-10,-0.024948233680559685,0.0
2026-06-11,0.02926381586222733,0.0
2026-06-12,0.013260967815432482,0.0
2026-06-15,0.011413431029315734,0.0
2026-06-16,-0.002486314753228723,0.0
2026-06-17,-0.007753270799540698,0.0
2026-06-18,0.006678228196615413,0.0
2026-06-22,0.007338609387105201,0.0
2026-06-23,-0.016217079055250133,0.0
2026-06-24,-0.00184592980029294,0.0
2026-06-25,0.01168944826273854,0.0
2026-06-26,-0.011311494980438024,0.0
2026-06-29,0.011907736771504886,0.0
2026-06-30,0.0014797070342939746,0.0
