date,return,turnover
2005-01-07,9.999999999998899e-05,0.0
2005-01-10,9.999999999998899e-05,0.0
2005-01-11,9.999999999998899e-05,0.0
2005-01-12,9.999999999998899e-05,0.0
2005-01-13,9.999999999998899e-05,0.0
2005-01-14,9.999999999998899e-05,0.0
2005-01-18,9.999999999998899e-05,0.0
2005-01-19,9.999999999998899e-05,0.0
2005-01-20,9.999999999998899e-05,0.0
2005-01-21,9.999999999998899e-05,0.0
2005-01-24,9.999999999998899e-05,0.0
2005-01-25,9.999999999998899e-05,0.0
2005-01-26,9.999999999998899e-05,0.0
2005-01-27,9.999999999998899e-05,0.0
2005-01-28,9.999999999998899e-05,0.0
2005-01-31,9.999999999998899e-05,0.0
2005-02-01,-0.0024002499999999927,1.0
2005-02-02,0.0004816259899018127,0.0
2005-02-03,-0.005635782813750543,0.0
2005-02-04,0.00973669141645533,0.0
2005-02-07,0.0013737292136218884,0.0
2005-02-08,0.0073700314903310995,0.0
2005-02-09,-0.008102621452486195,0.0
2005-02-10,0.0026198493301752817,0.0
2005-02-11,0.013951731671384197,0.0
2005-02-14,-0.0035651601972169957,0.0
2005-02-15,0.0034982793398682867,0.0
2005-02-16,-0.0010464388077300129,0.0
2005-02-17,-0.00691808777723237,0.0
2005-02-18,0.007125984443353577,0.0
2005-02-22,-0.016053199696968248,0.0
2005-02-23,0.003565762081358469,0.0
2005-02-24,0.00735860713149058,0.0
2005-02-25,0.01567569221998561,0.0
2005-02-28,-0.004594424636707218,0.0
2005-03-01,0.010434065485972699,0.7297636613464844
2005-03-02,-0.004000137554294847,0.0
2005-03-03,-0.004553202009434407,0.0
2005-03-04,0.007824941754886641,0.0
2005-03-07,0.0030830921394462505,0.0
2005-03-08,-0.003523969429324972,0.0
2005-03-09,-0.008611351274707415,0.0
2005-03-10,0.0023617907454084163,0.0
2005-03-11,-0.007986227218315968,0.0
2005-03-14,0.008256141544048492,0.0
2005-03-15,-0.010191019192545557,0.0
2005-03-16,-0.009449632381559527,0.0
2005-03-17,0.0002708130440244868,0.0
2005-03-18,-0.006260759474123172,0.0
2005-03-21,-0.0016318943554967744,0.0
2005-03-22,-0.007287914342930188,0.0
2005-03-23,0.00022422193376995392,0.0
2005-03-24,-0.00011965208326617557,0.0
2005-03-28,0.0016232563667719765,0.0
2005-03-29,-0.010302828741479975,0.0
2005-03-30,0.015358626564405868,0.0
2005-03-31,-0.007142157189761853,0.0
2005-04-01,-0.008916615929030702,0.5784226093517462
2005-04-04,-0.002359429193636917,0.0
2005-04-05,0.010336064365698599,0.0
2005-04-06,0.004158122151572016,0.0
2005-04-07,0.006482958092470969,0.0
2005-04-08,-0.008420396834961565,0.0
2005-04-11,-0.003467762288379169,0.0
2005-04-12,0.005795402550734669,0.0
2005-04-13,-0.012136499595366824,0.0
2005-04-14,-0.01284486229720058,0.0
2005-04-15,-0.013348997558277564,0.0
2005-04-18,0.007177645114429015,0.0
2005-04-19,0.002886573537195976,0.0
2005-04-20,-0.01735864946340014,0.0
2005-04-21,0.020948158795874874,0.0
2005-04-22,-0.012017443302636597,0.0
2005-04-25,0.00916423719536727,0.0
2005-04-26,-0.006699278013853215,0.0
2005-04-27,0.00048558304868975615,0.0
2005-04-28,-0.008515843300738242,0.0
2005-04-29,0.009174722460425232,0.0
2005-05-02,0.0035582859332579098,0.7065187967411601
2005-05-03,-0.002809896866180252,0.0
2005-05-04,0.021645987434323007,0.0
2005-05-05,-0.008745274375934727,0.0
2005-05-06,0.0017723325883131796,0.0
2005-05-09,0.003531466745770374,0.0
2005-05-10,-0.01035830526671828,0.0
2005-05-11,0.003836374468125137,0.0
2005-05-12,-0.011183399257361821,0.0
2005-05-13,-0.0021921366413585356,0.0
2005-05-16,0.01025114820612761,0.0
2005-05-17,0.007041741828880348,0.0
2005-05-18,0.02071052145742206,0.0
2005-05-19,0.0054256889005854375,0.0
2005-05-20,-0.002759473200132906,0.0
2005-05-23,0.006491529850446223,0.0
2005-05-24,-0.0019234846280816002,0.0
2005-05-25,-0.007370363870467016,0.0
2005-05-26,0.01151889583203525,0.0
2005-05-27,-0.0011164420839856908,0.0
2005-05-31,-0.00752634166767851,0.0
2005-06-01,0.006175280886838275,0.7141041164783739
2005-06-02,-0.0003747959139897127,0.0
2005-06-03,-0.0084859948362659,0.0
2005-06-06,-0.0015708141738915386,0.0
2005-06-07,0.0019277642162802582,0.0
2005-06-08,-0.006068995868070547,0.0
2005-06-09,0.003743103939801003,0.0
2005-06-10,-0.001244613571883443,0.0
2005-06-13,0.00499897290379084,0.0
2005-06-14,0.007134417906659247,0.0
2005-06-15,0.0012720155725191842,0.0
2005-06-16,0.008250978992098337,0.0
2005-06-17,0.005186117408964751,0.0
2005-06-20,-0.0037947248657372633,0.0
2005-06-21,-0.004340625118499971,0.0
2005-06-22,0.0005087536765797365,0.0
2005-06-23,-0.009152108674897807,0.0
2005-06-24,-0.010079345186722277,0.0
2005-06-27,-0.004219172090800026,0.0
2005-06-28,0.01034985778510729,0.0
2005-06-29,-0.002466021487982155,0.0
2005-06-30,-0.008721544327215353,0.0
2005-07-01,0.0010917949039288555,0.41375231954526676
2005-07-05,0.004889635167256005,0.0
2005-07-06,-0.005497437892787678,0.0
2005-07-07,0.0006983933525561545,0.0
2005-07-08,0.01891599551765728,0.0
2005-07-11,0.007866844592812415,0.0
2005-07-12,0.002047491083881743,0.0
2005-07-13,0.0063719278265886746,0.0
2005-07-14,0.006994474374265339,0.0
2005-07-15,0.006393493780057661,0.0
2005-07-18,-0.003703081037368686,0.0
2005-07-19,0.008492852803505702,0.0
2005-07-20,0.021169928618453595,0.0
2005-07-21,-0.006784875811480305,0.0
2005-07-22,0.00878592583356565,0.0
2005-07-25,-0.0048404442890336765,0.0
2005-07-26,0.003080138723846191,0.0
2005-07-27,0.0020420259490233268,0.0
2005-07-28,0.006821906589578942,0.0
2005-07-29,-0.0031180137167977975,0.0
2005-08-01,-0.005378987499207399,0.7250617787149805
2005-08-02,0.0011920178780960194,0.0
2005-08-03,-0.003518712633263823,0.0
2005-08-04,-0.010555097709979505,0.0
2005-08-05,-0.007991396166683633,0.0
2005-08-08,0.0001633046032725139,0.0
2005-08-09,0.00745353593339857,0.0
2005-08-10,-0.0026083531659303423,0.0
2005-08-11,0.004538132174990677,0.0
2005-08-12,-0.007035189689491636,0.0
2005-08-15,0.0056909731950504725,0.0
2005-08-16,-0.011396235776744763,0.0
2005-08-17,0.001858994144682566,0.0
2005-08-18,-0.0016058780840388178,0.0
2005-08-19,-0.003353905261356613,0.0
2005-08-22,0.002104480472351535,0.0
2005-08-23,-0.006686464975136492,0.0
2005-08-24,-0.007864129036425988,0.0
2005-08-25,0.0013501709383106257,0.0
2005-08-26,-0.005497730065761156,0.0
2005-08-29,0.005958918461785144,0.0
2005-08-30,-0.00522676253040519,0.0
2005-08-31,0.008567294321404219,0.0
2005-09-01,-0.002646177857205001,0.41085090514856415
2005-09-02,-0.00047861711326268306,0.0
2005-09-06,0.012336617014590748,0.0
2005-09-07,0.002988003724187984,0.0
2005-09-08,-0.00712548835766295,0.0
2005-09-09,0.007247505230121776,0.0
2005-09-12,0.005019416292385604,0.0
2005-09-13,-0.012455922345936985,0.0
2005-09-14,-0.005181948535132071,0.0
2005-09-15,-0.0018990392456162207,0.0
2005-09-16,0.005082436007466945,0.0
2005-09-19,-0.009726588553352476,0.0
2005-09-20,-0.011799715552576594,0.0
2005-09-21,-0.016235159921440874,0.0
2005-09-22,0.008727843160341496,0.0
2005-09-23,0.002091827141020114,0.0
2005-09-26,-0.0008420659442473352,0.0
2005-09-27,-0.0020673005970814526,0.0
2005-09-28,0.0001977390636553006,0.0
2005-09-29,0.006382642400797736,0.0
2005-09-30,0.006730329808291344,0.0
2005-10-03,-0.0044298134253618615,0.6939849920664078
2005-10-04,-0.005799282917020492,0.0
2005-10-05,-0.014538345787780821,0.0
2005-10-06,-0.002287055124676326,0.0
2005-10-07,0.005276132102011447,0.0
2005-10-10,-0.003186960001323437,0.0
2005-10-11,-0.0047977227986662156,0.0
2005-10-12,-0.00800356229800337,0.0
2005-10-13,0.006494428723308241,0.0
2005-10-14,0.006549529676437451,0.0
2005-10-17,-0.0016170557370797922,0.0
2005-10-18,-0.011797990191059114,0.0
2005-10-19,0.004941560218382428,0.0
2005-10-20,-0.006310380531924056,0.0
2005-10-21,-0.004905077166567306,0.0
2005-10-24,0.014725674609129713,0.0
2005-10-25,-0.003942863439870864,0.0
2005-10-26,0.0033173374603939687,0.0
2005-10-27,-0.017596350918428417,0.0
2005-10-28,0.01828726163484305,0.0
2005-10-31,0.017079395606116442,0.0
2005-11-01,-0.0024928446635699153,0.7308877569588189
2005-11-02,0.019734757621733344,0.0
2005-11-03,0.011467591015835334,0.0
2005-11-04,0.0038796276833351984,0.0
2005-11-07,0.00844035237074768,0.0
2005-11-08,-0.009652904598432759,0.0
2005-11-09,0.004451930241027415,0.0
2005-11-10,0.015872992337493348,0.0
2005-11-11,0.00037288817147679374,0.0
2005-11-14,-0.004623758588383158,0.0
2005-11-15,-0.007548448397541852,0.0
2005-11-16,-0.0015115259146423745,0.0
2005-11-17,0.01056917277833293,0.0
2005-11-18,0.005360577717925042,0.0
2005-11-21,0.004573181527928601,0.0
2005-11-22,0.0031171646757061967,0.0
2005-11-23,0.004308427832831623,0.0
2005-11-25,0.0011643454086509566,0.0
2005-11-28,-0.010240423232524293,0.0
2005-11-29,0.002875223945524352,0.0
2005-11-30,-0.0025491609163600473,0.0
2005-12-01,0.01441976303318393,0.6289512699038746
2005-12-02,0.004225492497981196,0.0
2005-12-05,-0.007295263745768355,0.0
2005-12-06,-0.0009375317122585438,0.0
2005-12-07,0.0001376569624731407,0.0
2005-12-08,-0.004248607350685106,0.0
2005-12-09,0.004834313248817601,0.0
2005-12-12,0.00199694258383794,0.0
2005-12-13,0.009094200297555723,0.0
2005-12-14,0.006692403781941941,0.0
2005-12-15,0.0005607694164343785,0.0
2005-12-16,-0.001530116032871481,0.0
2005-12-19,-0.0021553128557416407,0.0
2005-12-20,-0.004621106190942157,0.0
2005-12-21,0.007732512396304973,0.0
2005-12-22,0.0057085302467641905,0.0
2005-12-23,0.00013737412206286551,0.0
2005-12-27,-0.006666264030940471,0.0
2005-12-28,0.0029768692602317698,0.0
2005-12-29,-0.0008165830231971209,0.0
2005-12-30,-0.0048403370228079475,0.0
2006-01-03,0.013257652286490451,0.6941582899556661
2006-01-04,0.005048449949700032,0.0
2006-01-05,0.0011733788322578174,0.0
2006-01-06,0.00509789479260514,0.0
2006-01-09,0.006439987400648281,0.0
2006-01-10,0.0005615895421644829,0.0
2006-01-11,0.0026499597978675935,0.0
2006-01-12,-0.006757806101718506,0.0
2006-01-13,-0.0013669145248999,0.0
2006-01-17,-0.006870616426476906,0.0
2006-01-18,-0.0032711502669328383,0.0
2006-01-19,0.008313798895903866,0.0
2006-01-20,-0.016953493548030944,0.0
2006-01-23,0.004373945507978386,0.0
2006-01-24,0.006140864574604958,0.0
2006-01-25,-0.004676107892674285,0.0
2006-01-26,0.007503066304678732,0.0
2006-01-27,0.004240195730234267,0.0
2006-01-30,-0.0005933539373355372,0.0
2006-01-31,-0.005194377444378269,0.0
2006-02-01,0.000690596161000645,0.6337222017013255
2006-02-02,-0.003467712343414701,0.0
2006-02-03,-0.0046161979912671776,0.0
2006-02-06,-0.00461571497085744,0.0
2006-02-07,-0.002087199977785165,0.0
2006-02-08,0.009928695362094996,0.0
2006-02-09,0.0009770731659855393,0.0
2006-02-10,0.00661851136523886,0.0
2006-02-13,-0.00026314780439136605,0.0
2006-02-14,0.012757761861578952,0.0
2006-02-15,0.0073453220808455365,0.0
2006-02-16,0.005770763171664182,0.0
2006-02-17,0.0005320041939281914,0.0
2006-02-21,-0.003288193125353974,0.0
2006-02-22,0.011410546958806571,0.0
2006-02-23,-0.0029402800727905435,0.0
2006-02-24,-0.0013700519685706596,0.0
2006-02-27,0.005242956757779417,0.0
2006-02-28,-0.010890086484779463,0.0
2006-03-01,0.001040633889150433,0.7739594705831386
2006-03-02,0.00027643155657788116,0.0
2006-03-03,-0.004575034509762008,0.0
2006-03-06,-0.010534011196964347,0.0
2006-03-07,-0.003575093731376737,0.0
2006-03-08,0.001591450339233174,0.0
2006-03-09,-0.008241939790858207,0.0
2006-03-10,0.011149687969551972,0.0
2006-03-13,0.004003253222538575,0.0
2006-03-14,0.013156515529516046,0.0
2006-03-15,0.0008200053080789935,0.0
2006-03-16,0.0029257978171606165,0.0
2006-03-17,-0.001085710865667201,0.0
2006-03-20,-0.006935832908089379,0.0
2006-03-21,-0.007916028861950527,0.0
2006-03-22,0.007230415337586806,0.0
2006-03-23,0.003977886334540116,0.0
2006-03-24,0.0041807378926019545,0.0
2006-03-27,-0.0022417217400045,0.0
2006-03-28,-0.004462350776593136,0.0
2006-03-29,0.007896863689460722,0.0
2006-03-30,-0.0016623199905373652,0.0
2006-03-31,-0.005494122375636468,0.0
2006-04-03,-0.005342361454727551,0.7829053744141836
2006-04-04,0.0040171069474652325,0.0
2006-04-05,0.006556558544330437,0.0
2006-04-06,-0.0011352126664430687,0.0
2006-04-07,-0.008205537917259722,0.0
2006-04-10,0.000814434949989244,0.0
2006-04-11,-0.009851120538665147,0.0
2006-04-12,-0.0024789293113233616,0.0
2006-04-13,0.0008907026393146052,0.0
2006-04-17,-0.004346840088695695,0.0
2006-04-18,0.0218084345646005,0.0
2006-04-19,-0.0018040411990655418,0.0
2006-04-20,0.0019947116571782833,0.0
2006-04-21,-0.003995228496936073,0.0
2006-04-24,4.1106964106321425e-05,0.0
2006-04-25,-0.006189138825688561,0.0
2006-04-26,0.002705625438816345,0.0
2006-04-27,0.0009857764513417995,0.0
2006-04-28,-0.0007301090031841767,0.0
2006-05-01,-0.010252675467734229,0.9184296925099281
2006-05-02,-0.004473685718511892,0.0
2006-05-03,-0.002829232661824545,0.0
2006-05-04,0.0029497911344376648,0.0
2006-05-05,0.012740901253551084,0.0
2006-05-08,0.003972314005442313,0.0
2006-05-09,-0.0030125217641287,0.0
2006-05-10,-0.0016846836122059537,0.0
2006-05-11,-0.013278835179111085,0.0
2006-05-12,-0.008656958080493507,0.0
2006-05-15,0.002892597435475423,0.0
2006-05-16,-0.0073462301502657465,0.0
2006-05-17,-0.014418952452680663,0.0
2006-05-18,-0.0036922984588518147,0.0
2006-05-19,0.00480090933627326,0.0
2006-05-22,-0.0042684298388047425,0.0
2006-05-23,-0.007626041638139323,0.0
2006-05-24,0.00925577548658552,0.0
2006-05-25,0.005264096958038151,0.0
2006-05-26,0.0046399351294159645,0.0
2006-05-30,-0.010016393960416809,0.0
2006-05-31,0.007682007114563835,0.0
2006-06-01,0.011947662148245719,0.5650006052695224
2006-06-02,-0.0002616603522894601,0.0
2006-06-05,-0.018727494651589238,0.0
2006-06-06,-0.006575276000039913,0.0
2006-06-07,-0.0037709633035599424,0.0
2006-06-08,0.0023653834016634737,0.0
2006-06-09,-0.002358806985741517,0.0
2006-06-12,-0.01653391725144814,0.0
2006-06-13,-0.009418483854156286,0.0
2006-06-14,0.00737210125329739,0.0
2006-06-15,0.024698466855631387,0.0
2006-06-16,-0.002224138014400405,0.0
2006-06-19,-0.006930137842955904,0.0
2006-06-20,-0.007585029164655583,0.0
2006-06-21,0.013676260543657646,0.0
2006-06-22,-0.005673077286563893,0.0
2006-06-23,-0.0005072309785927901,0.0
2006-06-26,0.004611725944164464,0.0
2006-06-27,-0.015049187596159082,0.0
2006-06-28,0.0032329173870493657,0.0
2006-06-29,0.021894711728688926,0.0
2006-06-30,-0.003461775702494078,0.0
2006-07-03,0.0033587453457852856,0.7160992979954744
2006-07-05,-0.012336249022017699,0.0
2006-07-06,0.0029147439531027274,0.0
2006-07-07,-0.00812298356063363,0.0
2006-07-10,-0.0007417246510173362,0.0
2006-07-11,0.0032187400851001417,0.0
2006-07-12,-0.016009048594387055,0.0
2006-07-13,-0.01428587917515541,0.0
2006-07-14,-0.012320222082437571,0.0
2006-07-17,-0.0028366959758849234,0.0
2006-07-18,-0.0031051870561842267,0.0
2006-07-19,0.020229112646044003,0.0
2006-07-20,-0.019349237045156953,0.0
2006-07-21,-0.0032181245032210453,0.0
2006-07-24,0.024981121759974106,0.0
2006-07-25,0.014735286221754677,0.0
2006-07-26,0.005087805756227894,0.0
2006-07-27,0.0016547299250143509,0.0
2006-07-28,0.019202744848157025,0.0
2006-07-31,0.0005039817823108985,0.0
2006-08-01,-0.008839500066635364,0.8074308795809721
2006-08-02,0.00789426909083877,0.0
2006-08-03,0.018039705245314716,0.0
2006-08-04,-0.005819512005430724,0.0
2006-08-07,-0.003156714414729286,0.0
2006-08-08,-0.007682800105690104,0.0
2006-08-09,-0.014266626739364933,0.0
2006-08-10,0.010083193102466373,0.0
2006-08-11,-0.006530846969669965,0.0
2006-08-14,-0.0012460698011792695,0.0
2006-08-15,0.016512265228208457,0.0
2006-08-16,0.01935267913804404,0.0
2006-08-17,0.006349476059351456,0.0
2006-08-18,0.0018396168845550426,0.0
2006-08-21,-0.013998387344092748,0.0
2006-08-22,-0.0006361105386612029,0.0
2006-08-23,-0.011114894897923203,0.0
2006-08-24,-0.0026733902168372377,0.0
2006-08-25,-2.1516373017379208e-05,0.0
2006-08-28,0.009662939608705134,0.0
2006-08-29,0.007979131255899522,0.0
2006-08-30,0.003322313035207079,0.0
2006-08-31,0.006132365752559676,0.0
2006-09-01,0.006219298703264986,0.5836959696379108
2006-09-05,-0.004244976409692104,0.0
2006-09-06,-0.01511219674248409,0.0
2006-09-07,-0.003007547195007873,0.0
2006-09-08,0.003614682416454755,0.0
2006-09-11,0.001638411753546982,0.0
2006-09-12,0.023402439771576182,0.0
2006-09-13,0.007502826621260362,0.0
2006-09-14,-0.0003619399821098992,0.0
2006-09-15,0.00380527396209003,0.0
2006-09-18,0.003340480874215978,0.0
2006-09-19,-0.010833797656035893,0.0
2006-09-20,0.0027961111004953763,0.0
2006-09-21,-0.0063715604590705716,0.0
2006-09-22,-0.0053375051942251605,0.0
2006-09-25,0.012706436752390814,0.0
2006-09-26,0.009755404805325276,0.0
2006-09-27,-0.00020303438106389728,0.0
2006-09-28,0.006092026405511227,0.0
2006-09-29,-0.005872226315803716,0.0
2006-10-02,-0.0038507209588992675,0.6177611456853156
2006-10-03,-0.011407464527318745,0.0
2006-10-04,0.019136117186938934,0.0
2006-10-05,0.008446804739166352,0.0
2006-10-06,-0.00403189079008936,0.0
2006-10-09,0.0034765816343772247,0.0
2006-10-10,0.004895773720263813,0.0
2006-10-11,-0.004179293759968368,0.0
2006-10-12,0.013071547023844327,0.0
2006-10-13,0.00014049583688368472,0.0
2006-10-16,0.006391510322649262,0.0
2006-10-17,-0.010342241595146396,0.0
2006-10-18,-0.004060920724793251,0.0
2006-10-19,0.005683465004693522,0.0
2006-10-20,-0.001944234575841532,0.0
2006-10-23,0.003981370463420661,0.0
2006-10-24,0.004287244450643097,0.0
2006-10-25,0.0046350595525837595,0.0
2006-10-26,0.0014863534217127094,0.0
2006-10-27,-0.00901532829015652,0.0
2006-10-30,0.0015174188241024375,0.0
2006-10-31,-0.0029862704584289962,0.0
2006-11-01,-0.009546609708261045,0.6105084464615697
2006-11-02,-0.0012060512360610415,0.0
2006-11-03,-0.0029568492896796302,0.0
2006-11-06,0.011867991020822406,0.0
2006-11-07,0.00935994501241148,0.0
2006-11-08,-0.0011440087497949017,0.0
2006-11-09,-0.012217503340168573,0.0
2006-11-10,0.005508196320477384,0.0
2006-11-13,0.00611922956443766,0.0
2006-11-14,0.01457741068614304,0.0
2006-11-15,0.009642206754389027,0.0
2006-11-16,0.0030309060618230596,0.0
2006-11-17,-0.00100064276693562,0.0
2006-11-20,-0.004742214372464193,0.0
2006-11-21,0.004488608892584286,0.0
2006-11-22,0.009197150990594224,0.0
2006-11-24,-0.003873798326841221,0.0
2006-11-27,-0.014562005065163147,0.0
2006-11-28,0.0011050427398090821,0.0
2006-11-29,0.011762469313772787,0.0
2006-11-30,0.009801033939745721,0.0
2006-12-01,-0.004876208858341613,0.6349191591863423
2006-12-04,0.008614372077133019,0.0
2006-12-05,0.005364140031085424,0.0
2006-12-06,0.0072719107358862525,0.0
2006-12-07,-0.008854419408335052,0.0
2006-12-08,-0.0021898831858970422,0.0
2006-12-11,0.0015432186088114967,0.0
2006-12-12,-0.005176301761496442,0.0
2006-12-13,-0.00024805045666639576,0.0
2006-12-14,0.010385958123298691,0.0
2006-12-15,0.0007424550032336928,0.0
2006-12-18,-0.007988514458472647,0.0
2006-12-19,-0.003653417263578667,0.0
2006-12-20,0.0009353802694842303,0.0
2006-12-21,-0.002866482980426862,0.0
2006-12-22,-0.004390983766658399,0.0
2006-12-26,0.00240511971005129,0.0
2006-12-27,0.00785515065369919,0.0
2006-12-28,-0.0018681883061057122,0.0
2006-12-29,-0.005724752581779516,0.0
2007-01-03,-0.00020735036527397277,0.5595008855713333
2007-01-04,0.004087535906045687,0.0
2007-01-05,-0.006938411532576481,0.0
2007-01-08,0.00037330844624266265,0.0
2007-01-09,0.0036963845961938443,0.0
2007-01-10,8.50887358607207e-06,0.0
2007-01-11,0.008899277414802923,0.0
2007-01-12,0.0063676125360596315,0.0
2007-01-16,-0.0016138191914501971,0.0
2007-01-17,0.0009360181510711667,0.0
2007-01-18,-0.006349002605901383,0.0
2007-01-19,0.009174781424115094,0.0
2007-01-22,-0.0014766832083592492,0.0
2007-01-23,0.007871233266261435,0.0
2007-01-24,0.009255669246491675,0.0
2007-01-25,-0.012506615992790328,0.0
2007-01-26,-0.000843310020702042,0.0
2007-01-29,0.0032770659102922175,0.0
2007-01-30,0.0032944867826164427,0.0
2007-01-31,0.011088080479584915,0.0
2007-02-01,0.01050243063584766,0.75065015906846
2007-02-02,0.006935802569970085,0.0
2007-02-05,-0.003972322639868372,0.0
2007-02-06,0.003090837237574917,0.0
2007-02-07,0.006471286346165174,0.0
2007-02-08,-0.0033324438911064604,0.0
2007-02-09,-0.006257633348176182,0.0
2007-02-12,-0.0032752661067501554,0.0
2007-02-13,0.009424122346172997,0.0
2007-02-14,0.010607753132235045,0.0
2007-02-15,0.0013356959719217228,0.0
2007-02-16,-0.0005343885330878673,0.0
2007-02-20,0.003494199007313693,0.0
2007-02-21,-0.0002088507108817493,0.0
2007-02-22,0.001919021184691519,0.0
2007-02-23,-0.0051187972657738565,0.0
2007-02-26,0.0014477398008921668,0.0
2007-02-27,-0.03298467702078719,0.0
2007-02-28,0.004767053662950655,0.0
2007-03-01,-0.004805215674997587,1.0729132943794368
2007-03-02,-0.013184412490259548,0.0
2007-03-05,-0.015426867506199461,0.0
2007-03-06,0.0167240471398014,0.0
2007-03-07,-0.0018537683689433806,0.0
2007-03-08,0.007912973033114456,0.0
2007-03-09,-0.0014194631377440546,0.0
2007-03-12,-0.0015142786071426636,0.0
2007-03-13,-0.02490935239019577,0.0
2007-03-14,0.007698864830665949,0.0
2007-03-15,0.006927384177985923,0.0
2007-03-16,-0.0024777066177470585,0.0
2007-03-19,0.008069961016841994,0.0
2007-03-20,0.0058516239467539845,0.0
2007-03-21,0.018115176233500244,0.0
2007-03-22,0.00022160983828105145,0.0
2007-03-23,-0.00022536243578952727,0.0
2007-03-26,-0.004374922328012143,0.0
2007-03-27,-0.007196253237227128,0.0
2007-03-28,-0.00960252252261199,0.0
2007-03-29,0.004436713990842126,0.0
2007-03-30,0.002060058869991374,0.0
2007-04-02,1.3069391382014572e-05,0.8108452118117799
2007-04-03,0.009420767259443866,0.0
2007-04-04,-0.005057456792384143,0.0
2007-04-05,0.0040092620018394014,0.0
2007-04-09,-8.365908490247523e-05,0.0
2007-04-10,0.002768755695422358,0.0
2007-04-11,-0.0070357632818886465,0.0
2007-04-12,0.011009782492331144,0.0
2007-04-13,0.0010930695362477683,0.0
2007-04-16,0.006586691181422966,0.0
2007-04-17,0.003757092295887307,0.0
2007-04-18,0.007852888703740287,0.0
2007-04-19,-0.0015970642257765147,0.0
2007-04-20,0.008275127407568299,0.0
2007-04-23,0.004416441153843495,0.0
2007-04-24,0.003739205001636727,0.0
2007-04-25,0.007612007557022359,0.0
2007-04-26,0.010527176863545585,0.0
2007-04-27,-0.00190769972564462,0.0
2007-04-30,-0.012856185510303826,0.0
2007-05-01,0.009070651102143001,0.8275853897928975
2007-05-02,0.00790568017007003,0.0
2007-05-03,0.0037529437234619673,0.0
2007-05-04,0.0014685817237610316,0.0
2007-05-07,-2.8571022525817388e-05,0.0
2007-05-08,-0.005710102459743635,0.0
2007-05-09,0.00890695758197479,0.0
2007-05-10,-0.018022697412210388,0.0
2007-05-11,0.00529852558885645,0.0
2007-05-14,-0.0051371249908098,0.0
2007-05-15,-0.007030762931799415,0.0
2007-05-16,0.0017493294511161067,0.0
2007-05-17,-0.004711596541064363,0.0
2007-05-18,0.00582852990687417,0.0
2007-05-21,0.0014224538215293916,0.0
2007-05-22,0.002044137484475197,0.0
2007-05-23,-0.00371809409295978,0.0
2007-05-24,-0.006947516382212501,0.0
2007-05-25,0.005293048183037262,0.0
2007-05-29,0.005379433398981611,0.0
2007-05-30,0.010907928109906508,0.0
2007-05-31,0.006852680647651226,0.0
2007-06-01,0.00284715505879074,0.7044073328300986
2007-06-04,0.004358029507303277,0.0
2007-06-05,-0.012413667585826864,0.0
2007-06-06,-0.012068291525362602,0.0
2007-06-07,-0.02058982784180802,0.0
2007-06-08,0.013379199795971988,0.0
2007-06-11,-0.005324263823909594,0.0
2007-06-12,-0.013630008068133165,0.0
2007-06-13,0.017255682622718458,0.0
2007-06-14,0.0016139852188678029,0.0
2007-06-15,0.005168610608734893,0.0
2007-06-18,-0.005912841351982645,0.0
2007-06-19,-0.0009635503158309815,0.0
2007-06-20,-0.015738810046180544,0.0
2007-06-21,0.003659461307504697,0.0
2007-06-22,-0.007782237081413479,0.0
2007-06-25,-0.01092512417166092,0.0
2007-06-26,-0.00677251176587382,0.0
2007-06-27,0.011913732177991368,0.0
2007-06-28,-0.0029141516780411274,0.0
2007-06-29,-0.005080816600008059,0.0
2007-07-02,0.011364294058860303,0.5172396788777642
2007-07-03,-0.00204286170141732,0.0
2007-07-05,0.005154423288658851,0.0
2007-07-06,0.007939770577143297,0.0
2007-07-09,-0.0034180795852545,0.0
2007-07-10,-0.019595962895618147,0.0
2007-07-11,0.004036342798443556,0.0
2007-07-12,0.013548041033508724,0.0
2007-07-13,0.006800421430880187,0.0
2007-07-16,-0.005363745977341787,0.0
2007-07-17,0.0006154707948838485,0.0
2007-07-18,-0.0030659193546317114,0.0
2007-07-19,0.001425976785722194,0.0
2007-07-20,-0.015316017397567612,0.0
2007-07-23,-0.00350929184563759,0.0
2007-07-24,-0.017133057078361283,0.0
2007-07-25,0.014802599778494298,0.0
2007-07-26,-0.026737096433439946,0.0
2007-07-27,-0.019387962518311617,0.0
2007-07-30,0.011980588271931828,0.0
2007-07-31,-0.009812583550269423,0.0
2007-08-01,0.00593817941633179,0.7216957391005006
2007-08-02,0.005550598922518338,0.0
2007-08-03,-0.03643800133977963,0.0
2007-08-06,0.021460203059183718,0.0
2007-08-07,0.006089493546268993,0.0
2007-08-08,0.019160236580662945,0.0
2007-08-09,-0.02399937933981306,0.0
2007-08-10,-0.0003195000506822166,0.0
2007-08-13,-0.005388106819638283,0.0
2007-08-14,-0.026179325409200288,0.0
2007-08-15,-0.017010410425631967,0.0
2007-08-16,0.013234434751174851,0.0
2007-08-17,0.026266467398008846,0.0
2007-08-20,0.002557820074760358,0.0
2007-08-21,-0.003171092266597939,0.0
2007-08-22,0.011139284222844366,0.0
2007-08-23,-0.005134697693553037,0.0
2007-08-24,0.007690802469998436,0.0
2007-08-27,-0.017751216366412602,0.0
2007-08-28,-0.025437777792412287,0.0
2007-08-29,0.0266637141488398,0.0
2007-08-30,-0.0017180253056248511,0.0
2007-08-31,0.015851456274032366,0.0
2007-09-04,0.00590750497728032,0.590367634430628
2007-09-05,-0.017797453102035673,0.0
2007-09-06,0.002858393510023157,0.0
2007-09-07,-0.025280926830596736,0.0
2007-09-10,-0.010783721705295117,0.0
2007-09-11,0.013367447835180294,0.0
2007-09-12,-0.001778642866800034,0.0
2007-09-13,0.010793699290992761,0.0
2007-09-14,0.003936299988148068,0.0
2007-09-17,-0.0002177117531532142,0.0
2007-09-18,0.039399413104258124,0.0
2007-09-19,0.007488818435349533,0.0
2007-09-20,-0.019327347039132272,0.0
2007-09-21,0.00393873888733497,0.0
2007-09-24,-0.01126170884090096,0.0
2007-09-25,-0.008630035007283529,0.0
2007-09-26,-0.0010354716657161073,0.0
2007-09-27,0.008215544608463972,0.0
2007-09-28,-0.003304809721552329,0.0
2007-10-01,0.01980113740637157,0.5961111660252502
2007-10-02,0.01463088795187459,0.0
2007-10-03,0.0030164666861415765,0.0
2007-10-04,-0.007827256291775126,0.0
2007-10-05,0.020985251975567734,0.0
2007-10-08,-0.008971184563863855,0.0
2007-10-09,0.006736955354615463,0.0
2007-10-10,-0.0016004109929560672,0.0
2007-10-11,-0.006394290551027405,0.0
2007-10-12,0.00046771386248366367,0.0
2007-10-15,-0.014546610685157158,0.0
2007-10-16,-0.009084087276068905,0.0
2007-10-17,0.0004255805940417655,0.0
2007-10-18,-0.006142635479242823,0.0
2007-10-19,-0.03110617970544856,0.0
2007-10-22,0.01454823523708194,0.0
2007-10-23,0.007486536622867952,0.0
2007-10-24,0.004901828717259972,0.0
2007-10-25,-0.008026199942573777,0.0
2007-10-26,0.009789438379961551,0.0
2007-10-29,0.004078458543720763,0.0
2007-10-30,-0.004072823889545607,0.0
2007-10-31,0.0063244396581102515,0.0
2007-11-01,-0.029706644635906776,0.5994596208662974
2007-11-02,-0.010989453486976594,0.0
2007-11-05,-0.015276804701292074,0.0
2007-11-06,0.0075476141102882805,0.0
2007-11-07,-0.025036061326311934,0.0
2007-11-08,0.0006881872825534562,0.0
2007-11-09,-0.010933222113230867,0.0
2007-11-12,0.0012336923427319355,0.0
2007-11-13,0.0391112244900404,0.0
2007-11-14,-0.01886401978743401,0.0
2007-11-15,-0.01797840271367336,0.0
2007-11-16,-0.00895605368364478,0.0
2007-11-19,-0.033458427898556374,0.0
2007-11-20,-0.003573363488711589,0.0
2007-11-21,-0.01678947667976101,0.0
2007-11-23,0.02218821209555087,0.0
2007-11-26,-0.024874273539171946,0.0
2007-11-27,0.006666815687959054,0.0
2007-11-28,0.0349573390052651,0.0
2007-11-29,-0.005765471562121276,0.0
2007-11-30,0.02252915956691681,0.0
2007-12-03,-0.014522689935293931,0.41111373024610454
2007-12-04,-0.005914100996668413,0.0
2007-12-05,0.014133557018353893,0.0
2007-12-06,0.024280514710442055,0.0
2007-12-07,0.0028342856063654854,0.0
2007-12-10,0.012713832185278738,0.0
2007-12-11,-0.042107350869342586,0.0
2007-12-12,0.0034628457142475296,0.0
2007-12-13,-0.00865835206922587,0.0
2007-12-14,-0.024000710544567247,0.0
2007-12-17,-0.00782595554114712,0.0
2007-12-18,0.0059424399227438526,0.0
2007-12-19,-0.0014604474666504452,0.0
2007-12-20,0.004697746529651223,0.0
2007-12-21,0.018685233099243914,0.0
2007-12-24,0.010140703672785389,0.0
2007-12-26,-0.0025730074358412554,0.0
2007-12-27,-0.015765079363045966,0.0
2007-12-28,-0.005858360086422117,0.0
2007-12-31,-0.0007588131553096199,0.0
2008-01-02,-0.02260356272591668,0.5717925270629598
2008-01-03,-0.02064760042997059,0.0
2008-01-04,-0.03813947311863209,0.0
2008-01-07,0.0038972998783191096,0.0
2008-01-08,-0.035662593480134175,0.0
2008-01-09,0.010321834041417947,0.0
2008-01-10,0.016472231769488546,0.0
2008-01-11,-0.013278365200024076,0.0
2008-01-14,-0.0020180265192057435,0.0
2008-01-15,-0.032749805906197235,0.0
2008-01-16,0.01468168865131991,0.0
2008-01-17,-0.024661448409562657,0.0
2008-01-18,0.00520901774215635,0.0
2008-01-22,0.02722085168394002,0.0
2008-01-23,0.06259393903306075,0.0
2008-01-24,0.0026988954199884943,0.0
2008-01-25,-0.012049431503118638,0.0
2008-01-28,0.02823383319694049,0.0
2008-01-29,0.013855532068968592,0.0
2008-01-30,-0.009335508032574168,0.0
2008-01-31,0.042730135421721965,0.0
2008-02-01,0.019886186270949624,0.6345285467567127
2008-02-04,-0.027546066029239237,0.0
2008-02-05,-0.042025601571667834,0.0
2008-02-06,-0.017357382790514506,0.0
2008-02-07,0.01616776265484212,0.0
2008-02-08,-0.010000808275700476,0.0
2008-02-11,0.008029210877090506,0.0
2008-02-12,0.0016640621064080829,0.0
2008-02-13,0.012946537352262262,0.0
2008-02-14,-0.01834839248866415,0.0
2008-02-15,-0.0049344061622559,0.0
2008-02-19,-0.003468428589176721,0.0
2008-02-20,0.02158510174396592,0.0
2008-02-21,-0.01958953464097717,0.0
2008-02-22,0.010353737217893485,0.0
2008-02-25,0.02360866705789691,0.0
2008-02-26,0.021645804578216535,0.0
2008-02-27,-0.0006009320492128286,0.0
2008-02-28,-0.02895068846046557,0.0
2008-02-29,-0.03482537514860788,0.0
2008-03-03,-0.005450941735484993,0.4095816124032708
2008-03-04,-0.0007074050492415514,0.0
2008-03-05,0.0012200264157928304,0.0
2008-03-06,-0.03926294468182201,0.0
2008-03-07,-0.0017908878120380671,0.0
2008-03-10,-0.026861417920106302,0.0
2008-03-11,0.06197481054996261,0.0
2008-03-12,-0.014979671969811191,0.0
2008-03-13,0.009853209776762076,0.0
2008-03-14,-0.028460928128632955,0.0
2008-03-17,-0.023547925882971433,0.0
2008-03-18,0.06263961968303905,0.0
2008-03-19,-0.014814627616555524,0.0
2008-03-20,0.051897106514413066,0.0
2008-03-24,0.045792956165342194,0.0
2008-03-25,-0.006953108457665727,0.0
2008-03-26,-0.026217654958790994,0.0
2008-03-27,-0.017641824870874796,0.0
2008-03-28,-0.021989459055418062,0.0
2008-03-31,0.011883868719362712,0.0
2008-04-01,0.054613045634242185,0.4748536379693984
2008-04-02,0.00438314624682542,0.0
2008-04-03,0.002493098454020005,0.0
2008-04-04,-0.005519424557878214,0.0
2008-04-07,-0.0025575340007059104,0.0
2008-04-08,-0.016398102276482553,0.0
2008-04-09,-0.027825686233565333,0.0
2008-04-10,0.00896052257762436,0.0
2008-04-11,-0.020266781498098584,0.0
2008-04-14,-0.007951163350636312,0.0
2008-04-15,0.004687245442596959,0.0
2008-04-16,0.024352598733126972,0.0
2008-04-17,0.002214914122618741,0.0
2008-04-18,0.024723974104591775,0.0
2008-04-21,-0.0020461018652121747,0.0
2008-04-22,-0.024708533221572966,0.0
2008-04-23,-0.008708271927154818,0.0
2008-04-24,0.02686383192803107,0.0
2008-04-25,0.01263700186251947,0.0
2008-04-28,0.0054693960199313305,0.0
2008-04-29,-0.0026560080655467066,0.0
2008-04-30,-0.0166742202776686,0.0
2008-05-01,0.03409964926058584,0.18725664297545125
2008-05-02,0.002104239408814051,0.0
2008-05-05,-0.011834641528235797,0.0
2008-05-06,0.0068516486115029265,0.0
2008-05-07,-0.025306950312321042,0.0
2008-05-08,-0.010706256153976263,0.0
2008-05-09,-0.00903877743940637,0.0
2008-05-12,0.02368153203592458,0.0
2008-05-13,-0.004364699752940718,0.0
2008-05-14,0.018041227412124647,0.0
2008-05-15,0.018006622153821022,0.0
2008-05-16,-0.007301522243717308,0.0
2008-05-19,-0.0015127596584627273,0.0
2008-05-20,-0.01703361629282985,0.0
2008-05-21,-0.030286415036846166,0.0
2008-05-22,0.0025109162938360624,0.0
2008-05-23,-0.018890351499659407,0.0
2008-05-27,0.01115942047358713,0.0
2008-05-28,0.011558928378132688,0.0
2008-05-29,0.012720594812726287,0.0
2008-05-30,-0.0001606159812044853,0.0
2008-06-02,-0.01710088477213334,0.37773380946341784
2008-06-03,0.0014798224243242702,0.0
2008-06-04,-0.0055430629826812286,0.0
2008-06-05,0.015112929095206055,0.0
2008-06-06,-0.04738730140079707,0.0
2008-06-09,-0.018614354201378955,0.0
2008-06-10,0.004538404608516339,0.0
2008-06-11,-0.0326833545011686,0.0
2008-06-12,0.0160084516693559,0.0
2008-06-13,0.024304409313780227,0.0
2008-06-16,0.0013646530330778568,0.0
2008-06-17,-0.011020493452099555,0.0
2008-06-18,-0.018058679503797782,0.0
2008-06-19,0.015120269227673077,0.0
2008-06-20,-0.03505382428533285,0.0
2008-06-23,-0.020735479534686515,0.0
2008-06-24,0.0025780490217124615,0.0
2008-06-25,0.014942125139214545,0.0
2008-06-26,-0.04251294691810538,0.0
2008-06-27,-0.005978227305663768,0.0
2008-06-30,-0.010962657209103293,0.0
2008-07-01,-0.0003605169022496968,0.3731110920304762
2008-07-02,-0.02709316519425677,0.0
2008-07-03,0.0009173277370626188,0.0
2008-07-07,-0.011120551803578953,0.0
2008-07-08,0.04539079349736126,0.0
2008-07-09,-0.04671282547749635,0.0
2008-07-10,-0.02339793422823146,0.0
2008-07-11,-0.023222733032797895,0.0
2008-07-14,-0.014635960620225319,0.0
2008-07-15,0.003770199132079576,0.0
2008-07-16,0.06796395387175218,0.0
2008-07-17,0.0476822383773986,0.0
2008-07-18,-0.0013460729807025203,0.0
2008-07-21,-0.006798566505216658,0.0
2008-07-22,0.04355458052286886,0.0
2008-07-23,0.029206077156932818,0.0
2008-07-24,-0.06030308267569839,0.0
2008-07-25,-0.0074373239107802715,0.0
2008-07-28,-0.033688396119533254,0.0
2008-07-29,0.05495162355540928,0.0
2008-07-30,-0.00021928462998613112,0.0
2008-07-31,0.0015786994492304014,0.0
2008-08-01,0.008359104527006611,0.5568169259226193
2008-08-04,-0.005851770795511817,0.0
2008-08-05,0.04970028040411566,0.0
2008-08-06,0.012866804408000903,0.0
2008-08-07,-0.02023727383126094,0.0
2008-08-08,0.04915621137386149,0.0
2008-08-11,0.024235616519349627,0.0
2008-08-12,-0.026723032774126833,0.0
2008-08-13,-0.01194535496337919,0.0
2008-08-14,0.0310069880257819,0.0
2008-08-15,0.013663200803790177,0.0
2008-08-18,-0.02323730649253554,0.0
2008-08-19,-0.028728756085500105,0.0
2008-08-20,-0.0038673146649181207,0.0
2008-08-21,-0.001144613472716671,0.0
2008-08-22,0.02279536462646846,0.0
2008-08-25,-0.025204402611364238,0.0
2008-08-26,0.001295281993034489,0.0
2008-08-27,0.01944774501098085,0.0
2008-08-28,0.04268427602263071,0.0
2008-08-29,-0.006879676313481726,0.0
2008-09-02,0.012393836555897098,0.5143077579949753
2008-09-03,0.008180315251262893,0.0
2008-09-04,-0.036468526636073424,0.0
2008-09-05,0.012415642137221593,0.0
2008-09-08,0.04581027288918022,0.0
2008-09-09,-0.04791664341229849,0.0
2008-09-10,0.003163087594535622,0.0
2008-09-11,0.015344729373256295,0.0
2008-09-12,-0.003531849629227316,0.0
2008-09-15,-0.06143783507159994,0.0
2008-09-16,0.020446408726541042,0.0
2008-09-17,-0.06327859599358587,0.0
2008-09-18,0.0780676755746357,0.0
2008-09-19,0.04352879988798085,0.0
2008-09-22,-0.06281118132878373,0.0
2008-09-23,-0.015832473459278597,0.0
2008-09-24,-0.008107148895307255,0.0
2008-09-25,0.024926433690770453,0.0
2008-09-26,0.004758021138841526,0.0
2008-09-29,-0.09929592619397812,0.0
2008-09-30,0.05761452435230851,0.0
2008-10-01,-0.0037211001912706987,0.47190920042246154
2008-10-02,-0.07300183906627598,0.0
2008-10-03,-0.03491740312034591,0.0
2008-10-06,-0.029174409058354583,0.0
2008-10-07,-0.06665694907325083,0.0
2008-10-08,-0.011474622476745834,0.0
2008-10-09,-0.09576707117171102,0.0
2008-10-10,0.007086664354376699,0.0
2008-10-13,0.12769775559752966,0.0
2008-10-14,-0.014486163277420078,0.0
2008-10-15,-0.11621659947715153,0.0
2008-10-16,0.0453071534195002,0.0
2008-10-17,0.010895838536627192,0.0
2008-10-20,0.04030715764423601,0.0
2008-10-21,-0.0453846570568248,0.0
2008-10-22,-0.07715027566246882,0.0
2008-10-23,-0.02599368995561312,0.0
2008-10-24,-0.043333959332110886,0.0
2008-10-27,-0.042982070957018434,0.0
2008-10-28,0.12828195031909706,0.0
2008-10-29,0.009828466022376895,0.0
2008-10-30,0.05294638766203584,0.0
2008-10-31,0.029574121704392026,0.0
2008-11-03,-0.002784104539140464,0.686490760199276
2008-11-04,0.07612674424077291,0.0
2008-11-05,-0.07952058427420584,0.0
2008-11-06,-0.08308758944200345,0.0
2008-11-07,0.04413838378405208,0.0
2008-11-10,-0.053529967821419985,0.0
2008-11-11,-0.04486693973592648,0.0
2008-11-12,-0.08943087922808435,0.0
2008-11-13,0.08640536267449661,0.0
2008-11-14,-0.0689759585087474,0.0
2008-11-17,-0.04863338060868183,0.0
2008-11-18,-0.012392183944870247,0.0
2008-11-19,-0.10874351383759617,0.0
2008-11-20,-0.09039489850043712,0.0
2008-11-21,0.07380298611971436,0.0
2008-11-24,0.14977013438073938,0.0
2008-11-25,0.024856215466498584,0.0
2008-11-26,0.07381491740125047,0.0
2008-11-28,0.0191709575433651,0.0
2008-12-01,-0.1353216836733614,0.5434924567440504
2008-12-02,0.06789818357034316,0.0
2008-12-03,0.056346654837670894,0.0
2008-12-04,-0.02018292341707695,0.0
2008-12-05,0.07128516551682008,0.0
2008-12-08,0.06895257434432482,0.0
2008-12-09,-0.031136598785889487,0.0
2008-12-10,0.02553443588870652,0.0
2008-12-11,-0.06965851982848154,0.0
2008-12-12,0.029912844325477587,0.0
2008-12-15,-0.032610442621969424,0.0
2008-12-16,0.09838384383629355,0.0
2008-12-17,0.01517172365131433,0.0
2008-12-18,-0.03924327708873135,0.0
2008-12-19,0.020189241540754705,0.0
2008-12-22,-0.04866984942701917,0.0
2008-12-23,-0.010685228004385717,0.0
2008-12-24,0.003107871981521933,0.0
2008-12-26,0.005941974387198854,0.0
2008-12-29,-0.014184719083834217,0.0
2008-12-30,0.04148157560456542,0.0
2008-12-31,0.033044357316763605,0.0
2009-01-02,0.045463074942466486,0.5054546163712177
2009-01-05,0.00789202830445621,0.0
2009-01-06,0.04057706263597213,0.0
2009-01-07,-0.0520745988174796,0.0
2009-01-08,0.02097760709504912,0.0
2009-01-09,-0.03223030097490205,0.0
2009-01-12,-0.054197197867327775,0.0
2009-01-13,0.008528965391160506,0.0
2009-01-14,-0.06362237215815458,0.0
2009-01-15,-0.004166782640835951,0.0
2009-01-16,0.013154323067506298,0.0
2009-01-20,-0.09422594925738813,0.0
2009-01-21,0.07925249714256924,0.0
2009-01-22,-0.04542037520218083,0.0
2009-01-23,0.027256724644937697,0.0
2009-01-26,0.004060253195166624,0.0
2009-01-27,0.0139928905395771,0.0
2009-01-28,0.07788216937216663,0.0
2009-01-29,-0.06536437713846993,0.0
2009-01-30,-0.04976856795424317,0.0
2009-02-02,-0.011469153228866213,0.8617877152021705
2009-02-03,0.013185114639586486,0.0
2009-02-04,-0.012536171874034045,0.0
2009-02-05,0.011648104127127322,0.0
2009-02-06,0.06697839598884302,0.0
2009-02-09,-0.0045882652312003065,0.0
2009-02-10,-0.09183216056789689,0.0
2009-02-11,0.018520564549341655,0.0
2009-02-12,-0.00973904465406794,0.0
2009-02-13,-0.03168610540324602,0.0
2009-02-17,-0.07615861572259996,0.0
2009-02-18,0.0026750877123122557,0.0
2009-02-19,-0.05342856976980498,0.0
2009-02-20,0.010731746331424005,0.0
2009-02-23,-0.057955526741178626,0.0
2009-02-24,0.08304029573995958,0.0
2009-02-25,-0.029599664875145537,0.0
2009-02-26,-0.01364942607403141,0.0
2009-02-27,-0.04529796619365415,0.0
2009-03-02,-0.07852080213372037,0.4279049035163873
2009-03-03,-0.014201278360774568,0.0
2009-03-04,0.03743067603431459,0.0
2009-03-05,-0.08300750150422567,0.0
2009-03-06,0.00041226535305124035,0.0
2009-03-09,0.010505770384965269,0.0
2009-03-10,0.14453978922832872,0.0
2009-03-11,0.010106249577828083,0.0
2009-03-12,0.08260017351340512,0.0
2009-03-13,0.0015394610873287438,0.0
2009-03-16,-0.01869160145627706,0.0
2009-03-17,0.06424686247609837,0.0
2009-03-18,0.07956633105664895,0.0
2009-03-19,-0.061800349268221186,0.0
2009-03-20,-0.054835274094129104,0.0
2009-03-23,0.15108723929772494,0.0
2009-03-24,-0.03318928798949734,0.0
2009-03-25,0.02696185000707743,0.0
2009-03-26,0.04357786273855703,0.0
2009-03-27,-0.032722929833239454,0.0
2009-03-30,-0.08890406553902461,0.0
2009-03-31,0.034542933029300844,0.0
2009-04-01,0.021170657555694916,0.6291622233878743
2009-04-02,0.06904536916220187,0.0
2009-04-03,0.05304286706731896,0.0
2009-04-06,-0.012388259796837258,0.0
2009-04-07,-0.05597683086609585,0.0
2009-04-08,0.024026787898753774,0.0
2009-04-09,0.11871923958310356,0.0
2009-04-13,0.02498681205124842,0.0
2009-04-14,-0.05822924897792589,0.0
2009-04-15,0.04622837099817074,0.0
2009-04-16,0.031184447242128682,0.0
2009-04-17,0.02223231579898106,0.0
2009-04-20,-0.10704890660542227,0.0
2009-04-21,0.05799115756581988,0.0
2009-04-22,-0.002698288974514321,0.0
2009-04-23,0.027893406262578975,0.0
2009-04-24,0.05382001711492879,0.0
2009-04-27,-0.049129765204242865,0.0
2009-04-28,-0.009682778559413728,0.0
2009-04-29,0.050702798003326104,0.0
2009-04-30,0.014234436807129153,0.0
2009-05-01,-0.005784114060360057,0.6428872615593919
2009-05-04,0.07218442299145501,0.0
2009-05-05,0.0046607138651565735,0.0
2009-05-06,0.038503422566899995,0.0
2009-05-07,-0.036146284071925175,0.0
2009-05-08,0.056002249038866816,0.0
2009-05-11,-0.05360227950488941,0.0
2009-05-12,-0.019385950426595945,0.0
2009-05-13,-0.0568772885208559,0.0
2009-05-14,0.02918079960676558,0.0
2009-05-15,-0.02222104513434124,0.0
2009-05-18,0.06657560672751343,0.0
2009-05-19,-0.0034749171400137568,0.0
2009-05-20,-0.015674087224770625,0.0
2009-05-21,-0.012632825518886082,0.0
2009-05-22,-0.0034732018296009613,0.0
2009-05-26,0.04555339894104761,0.0
2009-05-27,-0.028836660349769512,0.0
2009-05-28,0.015977095727107295,0.0
2009-05-29,0.024451386693889215,0.0
2009-06-01,0.03920855264431422,0.7428981878103549
2009-06-02,0.0019101930564009654,0.0
2009-06-03,-0.025496124833553437,0.0
2009-06-04,0.0216989249685366,0.0
2009-06-05,-0.00864055009414971,0.0
2009-06-08,-0.004251698282693827,0.0
2009-06-09,0.005058230540604623,0.0
2009-06-10,-0.009302847727435202,0.0
2009-06-11,-0.008007588684945692,0.0
2009-06-12,0.004848593685685012,0.0
2009-06-15,-0.03877783580682549,0.0
2009-06-16,-0.02481675412850605,0.0
2009-06-17,-0.014283149362171461,0.0
2009-06-18,0.0028023420177073974,0.0
2009-06-19,0.01164553134550654,0.0
2009-06-22,-0.05026422662100069,0.0
2009-06-23,0.00922791541839914,0.0
2009-06-24,0.01729438298978118,0.0
2009-06-25,0.03259252563902093,0.0
2009-06-26,-0.0018558771664160365,0.0
2009-06-29,0.016805087040738687,0.0
2009-06-30,-0.0069441926426452435,0.0
2009-07-01,0.00048034871208924024,0.6772357789026328
2009-07-02,-0.04929290798641192,0.0
2009-07-06,-0.0026496041704738415,0.0
2009-07-07,-0.03685931732351379,0.0
2009-07-08,-0.009794717616472073,0.0
2009-07-09,0.01060580833326834,0.0
2009-07-10,-0.0008499189684567066,0.0
2009-07-13,0.034670628421865725,0.0
2009-07-14,0.012648832265772021,0.0
2009-07-15,0.05537985660477507,0.0
2009-07-16,0.010468531292467748,0.0
2009-07-17,-0.0038126696924351356,0.0
2009-07-20,0.025074506909275332,0.0
2009-07-21,-0.0017979140406684507,0.0
2009-07-22,0.010369368211086218,0.0
2009-07-23,0.04996921591692925,0.0
2009-07-24,0.009244909985044403,0.0
2009-07-27,0.02308999320459198,0.0
2009-07-28,-0.006143774487246758,0.0
2009-07-29,-0.013115891574810815,0.0
2009-07-30,0.021742918412372143,0.0
2009-07-31,0.013969591176224743,0.0
2009-08-03,0.030970687893639548,0.8222930421484747
2009-08-04,0.019852901443154703,0.0
2009-08-05,0.006244522145006838,0.0
2009-08-06,-0.005728402382726712,0.0
2009-08-07,0.03671049190608448,0.0
2009-08-10,-0.00812972929570617,0.0
2009-08-11,-0.02479047433358819,0.0
2009-08-12,0.021593975957721043,0.0
2009-08-13,0.009912097582848549,0.0
2009-08-14,-0.016864595808580414,0.0
2009-08-17,-0.04214555985216937,0.0
2009-08-18,0.022656738915224812,0.0
2009-08-19,0.003822515214416357,0.0
2009-08-20,0.02449464273527695,0.0
2009-08-21,0.02780257038013529,0.0
2009-08-24,-0.005794761449723185,0.0
2009-08-25,0.011211968641796662,0.0
2009-08-26,-0.0015996387707051744,0.0
2009-08-27,0.009886029765321078,0.0
2009-08-28,0.005690889664469678,0.0
2009-08-31,-0.01427657965561072,0.0
2009-09-01,-0.04246705268145545,0.6916116118736959
2009-09-02,-0.013612788921733883,0.0
2009-09-03,0.01480281151829258,0.0
2009-09-04,0.016369601036545695,0.0
2009-09-08,0.014061114791468262,0.0
2009-09-09,0.017364318780251305,0.0
2009-09-10,0.018173628574061587,0.0
2009-09-11,0.0007088942501427684,0.0
2009-09-14,0.009438944766711923,0.0
2009-09-15,0.012500340277269918,0.0
2009-09-16,0.029013859536394897,0.0
2009-09-17,-0.006071406435137155,0.0
2009-09-18,0.002686855281049001,0.0
2009-09-21,-0.00857248167973729,0.0
2009-09-22,0.025401347411106466,0.0
2009-09-23,-0.02198194665601216,0.0
2009-09-24,-0.024391026955015584,0.0
2009-09-25,-0.010993725367170349,0.0
2009-09-28,0.03142492777519297,0.0
2009-09-29,0.005453996916645895,0.0
2009-09-30,-0.0035299373297025295,0.0
2009-10-01,-0.04532489056833966,0.8259595854244455
2009-10-02,-0.015437720609884194,0.0
2009-10-05,0.030650869607957647,0.0
2009-10-06,0.012828657029484032,0.0
2009-10-07,-0.003758034590628629,0.0
2009-10-08,0.027142544301167207,0.0
2009-10-09,0.005943467242799564,0.0
2009-10-12,0.004763136949537662,0.0
2009-10-13,-0.004350065390469502,0.0
2009-10-14,0.03658562470197198,0.0
2009-10-15,-3.41719765693106e-05,0.0
2009-10-16,-0.017476205971520782,0.0
2009-10-19,0.01513231334474056,0.0
2009-10-20,-0.012997313914364907,0.0
2009-10-21,-0.013321012500534097,0.0
2009-10-22,0.028137097877106408,0.0
2009-10-23,-0.019602299881856244,0.0
2009-10-26,-0.016682299159817622,0.0
2009-10-27,-0.022753054980146292,0.0
2009-10-28,-0.049455215550454595,0.0
2009-10-29,0.03970642587310055,0.0
2009-10-30,-0.03863213009209078,0.0
2009-11-02,0.0009903755211115861,0.5981932296889214
2009-11-03,0.01757624740280992,0.0
2009-11-04,-0.008228190970875439,0.0
2009-11-05,0.020996635427323915,0.0
2009-11-06,-0.0007654808426093235,0.0
2009-11-09,0.038870057353896426,0.0
2009-11-10,-0.015094767297312415,0.0
2009-11-11,0.016135349817057873,0.0
2009-11-12,-0.017084411933329283,0.0
2009-11-13,0.007505535423980734,0.0
2009-11-16,0.022969238562755456,0.0
2009-11-17,-0.003569412315867907,0.0
2009-11-18,0.008353831349066927,0.0
2009-11-19,-0.024762490929268514,0.0
2009-11-20,-0.011601377141403153,0.0
2009-11-23,0.014021585960404485,0.0
2009-11-24,-0.007570984422354383,0.0
2009-11-25,0.00971936819244007,0.0
2009-11-27,-0.029280035922635242,0.0
2009-11-30,0.013220273283175248,0.0
2009-12-01,0.010997134852010815,0.6668380118791308
2009-12-02,0.0061050036324564235,0.0
2009-12-03,-0.010757942637820435,0.0
2009-12-04,0.024972200446213327,0.0
2009-12-07,-0.008982616835199402,0.0
2009-12-08,-0.011812820441925283,0.0
2009-12-09,-0.000623090582118984,0.0
2009-12-10,0.005059217918821821,0.0
2009-12-11,0.010768537448019606,0.0
2009-12-14,0.016456557718605058,0.0
2009-12-15,-0.005468368160611474,0.0
2009-12-16,0.011174753275367174,0.0
2009-12-17,-0.01216743904647501,0.0
2009-12-18,0.005175835455653699,0.045332559756419616
2009-12-21,0.012685652432653929,0.0
2009-12-22,0.008003588116164917,0.0
2009-12-23,0.012804475034994087,0.0
2009-12-24,0.007822709910674894,0.0
2009-12-28,-0.0050526841709088175,0.0
2009-12-29,-0.0054128065659976195,0.0
2009-12-30,-2.3466989253976243e-05,0.0
2009-12-31,-0.014279379384749217,0.0
2010-01-04,0.01767006459832321,0.706074920817488
2010-01-05,0.011356325308628911,0.0
2010-01-06,0.0021538058634118875,0.0
2010-01-07,0.013091846636858627,0.0
2010-01-08,0.005359976287213309,0.0
2010-01-11,0.004420778259269148,0.0
2010-01-12,-0.01858792303118322,0.0
2010-01-13,0.012826323273607172,0.0
2010-01-14,0.001957890542063443,0.0
2010-01-15,-0.015250704992029422,0.0
2010-01-19,0.014615584880525952,0.0
2010-01-20,-0.019092869444043974,0.0
2010-01-21,-0.024761763096865355,0.0
2010-01-22,-0.026272428163082003,0.0
2010-01-25,0.004890907036683313,0.0
2010-01-26,-0.005229646003974978,0.0
2010-01-27,0.007638146876508899,0.0
2010-01-28,-0.013367242101541771,0.0
2010-01-29,-0.00855327961142374,0.0
2010-02-01,0.010358302669802644,1.5175942242800067
2010-02-02,0.012732473747883354,0.0
2010-02-03,-0.006167874534090311,0.0
2010-02-04,-0.03272298657225081,0.0
2010-02-05,0.005768800033079101,0.0
2010-02-08,-0.0016320190114243731,0.0
2010-02-09,0.013752817305375233,0.0
2010-02-10,-0.0025571332306712226,0.0
2010-02-11,0.011413633178468982,0.0
2010-02-12,0.0008216853765500269,0.0
2010-02-16,0.019283782667306088,0.0
2010-02-17,0.004679486488457285,0.0
2010-02-18,0.004780487868478043,0.0
2010-02-19,0.0035163968656426983,0.0
2010-02-22,-0.005162357744625997,0.0
2010-02-23,-0.011695079941751084,0.0
2010-02-24,0.006577159535407674,0.0
2010-02-25,0.0026131090708250843,0.0
2010-02-26,-0.0009828958415389576,0.0
2010-03-01,0.009448344277744658,1.4224094748732696
2010-03-02,0.004372588824102384,0.0
2010-03-03,0.0010426865900483437,0.0
2010-03-04,0.00261374973123107,0.0
2010-03-05,0.012635750969127061,0.0
2010-03-08,-0.0028634358361071506,0.0
2010-03-09,0.000516855716311938,0.0
2010-03-10,0.0008111708450127003,0.0
2010-03-11,0.002355041621254225,0.0
2010-03-12,0.002357972458314006,0.0
2010-03-15,0.0018135275920708404,0.0
2010-03-16,0.007622720620961374,0.0
2010-03-17,0.005937476614478611,0.0
2010-03-18,-0.0008978353778910498,0.0
2010-03-19,-0.0031787184141098173,0.0
2010-03-22,0.005204355673146475,0.0
2010-03-23,0.006295650474072315,0.0
2010-03-24,-0.00705884903985351,0.0
2010-03-25,-0.005944296379115749,0.0
2010-03-26,-0.0008685939000033151,0.0
2010-03-29,0.009055165339009715,0.0
2010-03-30,0.0014330362198212592,0.0
2010-03-31,-0.004442099575939919,0.0
2010-04-01,0.005249591837955148,1.184390245824018
2010-04-05,0.007116076690303157,0.0
2010-04-06,0.00266966051439787,0.0
2010-04-07,-0.0037644582538538434,0.0
2010-04-08,0.00140167607129491,0.0
2010-04-09,0.0047540493261409265,0.0
2010-04-12,-0.0012055196904266752,0.0
2010-04-13,0.0021919039313766176,0.0
2010-04-14,0.007880761949964114,0.0
2010-04-15,0.0014568682320271276,0.0
2010-04-16,-0.007487891856848674,0.0
2010-04-19,-0.0009199531684477238,0.0
2010-04-20,0.006195830371684287,0.0
2010-04-21,-0.0004227171627301581,0.0
2010-04-22,0.0020349610222270826,0.0
2010-04-23,0.006267788163604401,0.0
2010-04-26,-0.003988697766800824,0.0
2010-04-27,-0.02051042210926122,0.0
2010-04-28,0.0013375734980414678,0.0
2010-04-29,0.01158046983659305,0.0
2010-04-30,-0.010265512523504718,0.0
2010-05-03,0.006788630065829304,1.0957571297511868
2010-05-04,-0.020302569292930003,0.0
2010-05-05,-0.003029217443708032,0.0
2010-05-06,-0.02661494504035275,0.0
2010-05-07,-0.018870198770240307,0.0
2010-05-10,0.043982156216314086,0.0
2010-05-11,-0.0045261128049229205,0.0
2010-05-12,0.016015968012797612,0.0
2010-05-13,-0.013878650506617301,0.0
2010-05-14,-0.01984488547319837,0.0
2010-05-17,0.006292140556829522,0.0
2010-05-18,-0.013645561119950772,0.0
2010-05-19,-0.005857005020623469,0.0
2010-05-20,-0.036840577110175785,0.0
2010-05-21,0.01623083000881949,0.0
2010-05-24,-0.011711550369709054,0.0
2010-05-25,-0.002643633009056392,0.0
2010-05-26,-0.002704636666199321,0.0
2010-05-27,0.03223177152483058,0.0
2010-05-28,-0.009752712849962587,0.0
2010-06-01,-0.02215894179042832,1.1863757564151314
2010-06-02,0.02286099277160851,0.0
2010-06-03,0.001943437844810763,0.0
2010-06-04,-0.03597236027782151,0.0
2010-06-07,-0.010951352634477694,0.0
2010-06-08,0.007169777046176508,0.0
2010-06-09,-0.0038747957965161906,0.0
2010-06-10,0.0253208614330663,0.0
2010-06-11,0.003954639812382048,0.0
2010-06-14,0.0014510658098025194,0.0
2010-06-15,0.021205119347374807,0.0
2010-06-16,-1.6046743109587077e-05,0.0
2010-06-17,0.003396561316595952,0.0
2010-06-18,0.00011896221038950315,0.0
2010-06-21,-0.0022919526069191043,0.0
2010-06-22,-0.015115339364734585,0.0
2010-06-23,-0.003828221529319907,0.0
2010-06-24,-0.01477501889387286,0.0
2010-06-25,0.0042967097208376406,0.0
2010-06-28,-0.001764557999397994,0.0
2010-06-29,-0.027740676058082725,0.0
2010-06-30,-0.009934174586534464,0.0
2010-07-01,-0.005341391712755383,1.4428711874005469
2010-07-02,-0.013590904823330273,0.0
2010-07-06,-0.0032349429128341557,0.0
2010-07-07,0.033378169705652445,0.0
2010-07-08,0.011102124206281327,0.0
2010-07-09,0.01037280433034957,0.0
2010-07-12,-0.004513913688813291,0.0
2010-07-13,0.0266528258135366,0.0
2010-07-14,-0.00020543572968452354,0.0
2010-07-15,-0.0017694039634824615,0.0
2010-07-16,-0.037880510198451164,0.0
2010-07-19,0.008221582341429676,0.0
2010-07-20,0.021357787583011885,0.0
2010-07-21,-0.015325036937278349,0.0
2010-07-22,0.03501185938131123,0.0
2010-07-23,0.015440029904702664,0.0
2010-07-26,0.019491540527880866,0.0
2010-07-27,-0.011921616954089257,0.0
2010-07-28,-0.004409014618844677,0.0
2010-07-29,-0.0011161985026159967,0.0
2010-07-30,0.004424454472191619,0.0
2010-08-02,0.019177363364924593,1.4954454506515114
2010-08-03,-0.0039535999319453155,0.0
2010-08-04,0.007521108863287383,0.0
2010-08-05,-0.0020832868737510578,0.0
2010-08-06,-0.0035310980257289718,0.0
2010-08-09,0.00610020092251356,0.0
2010-08-10,-0.004188010711499912,0.0
2010-08-11,-0.02511871094241387,0.0
2010-08-12,-0.0012045072779781525,0.0
2010-08-13,-0.0032995713205534534,0.0
2010-08-16,0.0006704975791574791,0.0
2010-08-17,0.013706385566837596,0.0
2010-08-18,0.00043537367881116024,0.0
2010-08-19,-0.013629275851843047,0.0
2010-08-20,0.0013838743832176202,0.0
2010-08-23,-0.003971508969321223,0.0
2010-08-24,-0.010660515874983033,0.0
2010-08-25,0.0038434786963588946,0.0
2010-08-26,-0.008324771653437023,0.0
2010-08-27,0.016614742254175897,0.0
2010-08-30,-0.014694475971100922,0.0
2010-08-31,-0.0005248580824225952,0.0
2010-09-01,0.021983517282067933,1.3150510508258373
2010-09-02,0.01627349861868806,0.0
2010-09-03,0.018080080782623176,0.0
2010-09-07,-0.016137831808894262,0.0
2010-09-08,0.005939113654312677,0.0
2010-09-09,0.005466790444765985,0.0
2010-09-10,0.003800588881482141,0.0
2010-09-13,0.014515865565248096,0.0
2010-09-14,0.0005498344734965568,0.0
2010-09-15,0.004657902591327329,0.0
2010-09-16,-0.0022242450710031067,0.0
2010-09-17,0.005561842884900223,0.0
2010-09-20,0.014565878306683409,0.0
2010-09-21,-0.005829068882866948,0.0
2010-09-22,-0.011912591169908587,0.0
2010-09-23,-0.008255032211835631,0.0
2010-09-24,0.027203111618734933,0.0
2010-09-27,-0.007058362856737664,0.0
2010-09-28,0.009660942298072198,0.0
2010-09-29,-0.0028181110160663677,0.0
2010-09-30,-0.0010138312736629727,0.0
2010-10-01,-0.002101435918204886,1.3597366244369868
2010-10-04,-0.002048421417030509,0.0
2010-10-05,0.015551625693415939,0.0
2010-10-06,-0.002266979482729127,0.0
2010-10-07,-0.0017640971762239736,0.0
2010-10-08,0.007598040358248135,0.0
2010-10-11,0.0027638775715557655,0.0
2010-10-12,0.0025713434913223225,0.0
2010-10-13,0.006902204683454443,0.0
2010-10-14,-0.002133818027814833,0.0
2010-10-15,0.005171385538122196,0.0
2010-10-18,0.005427519711912972,0.0
2010-10-19,-0.013136430117349412,0.0
2010-10-20,0.012374096134480254,0.0
2010-10-21,0.0016987582340116623,0.0
2010-10-22,-0.00047565444026338385,0.0
2010-10-25,0.0012295156423919559,0.0
2010-10-26,-0.0026049576105476877,0.0
2010-10-27,-0.004705448375341527,0.0
2010-10-28,-0.0005514404611125759,0.0
2010-10-29,0.0036605153051415176,0.0
2010-11-01,-0.003879482846032123,1.0313445139757027
2010-11-02,0.008731555630977718,0.0
2010-11-03,0.0005061136892866171,0.0
2010-11-04,0.015208475886407839,0.0
2010-11-05,0.0020349536639853063,0.0
2010-11-08,-0.003524185493810335,0.0
2010-11-09,-0.010137010879622274,0.0
2010-11-10,0.0023394297519050158,0.0
2010-11-11,-0.0016071730727363022,0.0
2010-11-12,-0.010684757983725902,0.0
2010-11-15,-0.00028638160671238844,0.0
2010-11-16,-0.01720229529329323,0.0
2010-11-17,0.0017774315320290086,0.0
2010-11-18,0.013461213555146474,0.0
2010-11-19,0.00503085295951252,0.0
2010-11-22,0.0022950378719414173,0.0
2010-11-23,-0.0109022644865749,0.0
2010-11-24,0.01827249473056107,0.0
2010-11-26,-0.005521496575618238,0.0
2010-11-29,-0.002307896142525346,0.0
2010-11-30,-0.004328523248691856,0.0
2010-12-01,0.015419807818004339,1.353681927563419
2010-12-02,0.010738740631618227,0.0
2010-12-03,0.0022682370080184915,0.0
2010-12-06,-0.0024137501003602783,0.0
2010-12-07,0.0005170128384487863,0.0
2010-12-08,0.0017398670026049943,0.0
2010-12-09,0.002391244662808916,0.0
2010-12-10,0.005092399675045785,0.0
2010-12-13,-0.0015169337572048395,0.0
2010-12-14,0.0054866694714868405,0.0
2010-12-15,-0.0037310515968846337,0.0
2010-12-16,0.007955830046177819,0.0
2010-12-17,0.0011680704230909735,0.0
2010-12-20,0.0016534557327825964,0.0
2010-12-21,0.004624386202073933,0.0
2010-12-22,0.0012294985588782324,0.0
2010-12-23,-0.0015026330169273633,0.0
2010-12-27,-0.000926791006559036,0.0
2010-12-28,-0.0007471440682680548,0.0
2010-12-29,0.0015062159821053116,0.0
2010-12-30,-0.0012102191740556145,0.0
2010-12-31,-0.0006189724584388312,0.0
2011-01-03,0.0039326842202920265,1.3082112732409938
2011-01-04,-0.010396357809008099,0.0
2011-01-05,0.0007973063691173566,0.0
2011-01-06,-0.0060497101072019156,0.0
2011-01-07,-0.003133369289756185,0.0
2011-01-10,-0.0017050575662212802,0.0
2011-01-11,0.0033141183888214815,0.0
2011-01-12,0.0051129856701717605,0.0
2011-01-13,-7.92683241993823e-05,0.0
2011-01-14,0.009489817848441145,0.0
2011-01-18,0.004079312642182985,0.0
2011-01-19,-0.007489475593513135,0.0
2011-01-20,0.0008538984529416786,0.0
2011-01-21,-0.0028449498580397016,0.0
2011-01-24,0.00534990265579245,0.0
2011-01-25,-0.002068721450839427,0.0
2011-01-26,0.0026627815235349675,0.0
2011-01-27,0.003303374002074088,0.0
2011-01-28,-0.02154860516853742,0.0
2011-01-31,0.007031289881069436,0.0
2011-02-01,0.007805184670763632,1.550243887807755
2011-02-02,6.681229319702056e-05,0.0
2011-02-03,0.004604787520500897,0.0
2011-02-04,0.0043987417225034246,0.0
2011-02-07,0.006925254643506452,0.0
2011-02-08,0.010982003749093704,0.0
2011-02-09,-6.169593091491185e-05,0.0
2011-02-10,-0.000498194584144959,0.0
2011-02-11,0.0035246945678418153,0.0
2011-02-14,0.0006707409386159068,0.0
2011-02-15,-0.004659740661353624,0.0
2011-02-16,0.011302021683564005,0.0
2011-02-17,0.0030180194037767276,0.0
2011-02-18,0.0025685978032724552,0.0
2011-02-22,-0.023853717854815312,0.0
2011-02-23,-0.012741114706637354,0.0
2011-02-24,0.002218076783612678,0.0
2011-02-25,0.010579400986225795,0.0
2011-02-28,-0.0007083319777791044,0.0
2011-03-01,-0.017535046635621998,0.6642995692650104
2011-03-02,0.004949507137311745,0.0
2011-03-03,0.014315238584502765,0.0
2011-03-04,-0.010688614832497329,0.0
2011-03-07,-0.006531998868704834,0.0
2011-03-08,0.012994057023989872,0.0
2011-03-09,-4.543639564323935e-05,0.0
2011-03-10,-0.0166295310474123,0.0
2011-03-11,0.008574928529725304,0.0
2011-03-14,-0.00465863116049468,0.0
2011-03-15,-0.007484812336685773,0.0
2011-03-16,-0.012264207845051733,0.0
2011-03-17,0.008189457687824702,0.0
2011-03-18,0.005299136658759249,0.0
2011-03-21,0.012562490478615324,0.0
2011-03-22,-0.00600215223062038,0.0
2011-03-23,0.005746180828516688,0.0
2011-03-24,0.010684576690174221,0.0
2011-03-25,0.0032596815325729965,0.0
2011-03-28,-0.005022405841905622,0.0
2011-03-29,0.010306162718242494,0.0
2011-03-30,0.010378428887748143,0.0
2011-03-31,-0.0016037430637905648,0.0
2011-04-01,0.005275231718161466,0.6319249176997079
2011-04-04,-0.000962280312134295,0.0
2011-04-05,0.0023452816233139858,0.0
2011-04-06,0.007353704861476997,0.0
2011-04-07,-0.002431539731531451,0.0
2011-04-08,-0.00645342638199577,0.0
2011-04-11,-0.0019740856193658594,0.0
2011-04-12,-0.0047974135899264015,0.0
2011-04-13,0.00015160216818058017,0.0
2011-04-14,-0.0013576999010935758,0.0
2011-04-15,0.00779166856081032,0.0
2011-04-18,-0.008052084105546104,0.0
2011-04-19,0.004132840915328862,0.0
2011-04-20,0.011641894407351593,0.0
2011-04-21,0.0017487535076691001,0.0
2011-04-25,-0.0025596949346576438,0.0
2011-04-26,0.006652196405719343,0.0
2011-04-27,0.004966645065458876,0.0
2011-04-28,-0.0006907847570851106,0.0
2011-04-29,-0.0058469764530240395,0.0
2011-05-02,-0.0019110309577303752,0.7364763492275886
2011-05-03,-0.008589032196973347,0.0
2011-05-04,-0.0022666249446144293,0.0
2011-05-05,0.00047717477482637854,0.0
2011-05-06,0.004948056799218278,0.0
2011-05-09,0.0019641913574458595,0.0
2011-05-10,0.008551525876280998,0.0
2011-05-11,-0.01121441320750249,0.0
2011-05-12,0.007753373121602116,0.0
2011-05-13,-0.010587728009340193,0.0
2011-05-16,-0.012514874890090184,0.0
2011-05-17,-0.0009700137986716983,0.0
2011-05-18,0.011361842530404506,0.0
2011-05-19,0.0015196458670125714,0.0
2011-05-20,-0.004609291572774654,0.0
2011-05-23,-0.014103818795465555,0.0
2011-05-24,-0.0034489444163895338,0.0
2011-05-25,0.002433157154238553,0.0
2011-05-26,0.004600125023220477,0.0
2011-05-27,0.006803463830931069,0.0
2011-05-31,0.011556407223056793,0.0
2011-06-01,-0.02844412576336408,0.7392123109855123
2011-06-02,-0.002865255285550176,0.0
2011-06-03,-0.014973996839191775,0.0
2011-06-06,-0.01659015425864938,0.0
2011-06-07,-0.0008527423661647844,0.0
2011-06-08,-0.010965319655173071,0.0
2011-06-09,0.010053372069415907,0.0
2011-06-10,-0.012916885665788948,0.0
2011-06-13,-0.0002961741028111095,0.0
2011-06-14,0.01603291316396366,0.0
2011-06-15,-0.018458098491532057,0.0
2011-06-16,0.004280687365897327,0.0
2011-06-17,0.005525988193124831,0.0
2011-06-20,0.008141663841457803,0.0
2011-06-21,0.016947968475762493,0.0
2011-06-22,-0.008564203373442802,0.0
2011-06-23,0.0018128658421058888,0.0
2011-06-24,-0.013667325070874212,0.0
2011-06-27,0.008065105039185146,0.0
2011-06-28,0.018471521094391232,0.0
2011-06-29,0.008530563564865767,0.0
2011-06-30,0.007025565284758284,0.0
2011-07-01,0.015934286602636405,0.6384313065057172
2011-07-05,-0.005784914133754108,0.0
2011-07-06,-0.0007783600065993657,0.0
2011-07-07,0.015622806574176546,0.0
2011-07-08,-0.012412121852934712,0.0
2011-07-11,-0.022898201227878674,0.0
2011-07-12,-0.005549243380781556,0.0
2011-07-13,0.0006315486521479719,0.0
2011-07-14,-0.013218386524280002,0.0
2011-07-15,0.006727618354342674,0.0
2011-07-18,-0.016022523627116883,0.0
2011-07-19,0.01603779025013571,0.0
2011-07-20,0.0008446079563285973,0.0
2011-07-21,0.017623683906244893,0.0
2011-07-22,0.0032702370262956003,0.0
2011-07-25,-0.008672373492073386,0.0
2011-07-26,-0.005283824500556327,0.0
2011-07-27,-0.023001554133228658,0.0
2011-07-28,-0.011432835169424102,0.0
2011-07-29,-0.0015279147782457402,0.0
2011-08-01,-0.011414905667160302,0.7982182613165032
2011-08-02,-0.03656980093283139,0.0
2011-08-03,0.00991217093320291,0.0
2011-08-04,-0.05306666413686912,0.0
2011-08-05,-0.007237650601870012,0.0
2011-08-08,-0.07651023276724953,0.0
2011-08-09,0.04803098957177638,0.0
2011-08-10,-0.045836049793653334,0.0
2011-08-11,0.052342928563953214,0.0
2011-08-12,0.006090131571399296,0.0
2011-08-15,0.022438818496470267,0.0
2011-08-16,-0.015039758396439208,0.0
2011-08-17,-0.008960416211375841,0.0
2011-08-18,-0.059963928400117994,0.0
2011-08-19,-0.017366429513620066,0.0
2011-08-22,0.0032465165824477607,0.0
2011-08-23,0.04087080780126673,0.0
2011-08-24,0.015365805749748038,0.0
2011-08-25,-0.018215287643276575,0.0
2011-08-26,0.020093798551674383,0.0
2011-08-29,0.03907738160652262,0.0
2011-08-30,0.007156667470447882,0.0
2011-08-31,0.0033279464925298724,0.0
2011-09-01,-0.021664749149552964,0.9125241052213089
2011-09-02,-0.03903937171770984,0.0
2011-09-06,-0.01766125513536087,0.0
2011-09-07,0.04962564421634459,0.0
2011-09-08,-0.0220626760153074,0.0
2011-09-09,-0.030293185978267065,0.0
2011-09-12,0.005186781794543887,0.0
2011-09-13,0.01589163754541738,0.0
2011-09-14,0.01961972498017714,0.0
2011-09-15,0.022990358024486714,0.0
2011-09-16,0.002658729547623956,0.0
2011-09-19,-0.023185871696889154,0.0
2011-09-20,-0.00697939891422838,0.0
2011-09-21,-0.042592165900980604,0.0
2011-09-22,-0.03876061015870781,0.0
2011-09-23,0.01749507145374296,0.0
2011-09-26,0.026620665235451976,0.0
2011-09-27,0.018219079748511773,0.0
2011-09-28,-0.0320604175882995,0.0
2011-09-29,0.020807610448459378,0.0
2011-09-30,-0.03989730286531225,0.0
2011-10-03,-0.04600336621314838,0.6321778361681195
2011-10-04,0.04733201818765639,0.0
2011-10-05,0.030386719737089018,0.0
2011-10-06,0.028972322448383152,0.0
2011-10-07,-0.024000104552118328,0.0
2011-10-10,0.04775643840433837,0.0
2011-10-11,0.00109135764075181,0.0
2011-10-12,0.020848543967337443,0.0
2011-10-13,-0.007390634508000766,0.0
2011-10-14,0.02368876190222973,0.0
2011-10-17,-0.032662869104430794,0.0
2011-10-18,0.032070933925661106,0.0
2011-10-19,-0.020993216610309527,0.0
2011-10-20,0.009840489005022983,0.0
2011-10-21,0.03582657309522341,0.0
2011-10-24,0.02981103065696674,0.0
2011-10-25,-0.03515769679232191,0.0
2011-10-26,0.0226129951773271,0.0
2011-10-27,0.06086801709975218,0.0
2011-10-28,0.009775370739197398,0.0
2011-10-31,-0.03717028742250482,0.0
2011-11-01,-0.04093803839542942,0.8614376061611778
2011-11-02,0.02352121272249836,0.0
2011-11-03,0.024540021785173394,0.0
2011-11-04,-0.006103039896396966,0.0
2011-11-07,0.0026589788525874375,0.0
2011-11-08,0.015886533322254273,0.0
2011-11-09,-0.048325891140564806,0.0
2011-11-10,0.0072242832350483226,0.0
2011-11-11,0.02526535530695876,0.0
2011-11-14,-0.01480481905806977,0.0
2011-11-15,0.0036214097965871017,0.0
2011-11-16,-0.01982798122383319,0.0
2011-11-17,-0.02125510134552492,0.0
2011-11-18,0.002968182794031343,0.0
2011-11-21,-0.021936625961099333,0.0
2011-11-22,-0.00690945941325757,0.0
2011-11-23,-0.026981802037412052,0.0
2011-11-25,-0.0021797774287217126,0.0
2011-11-28,0.03955353954289178,0.0
2011-11-29,-0.002939114283043153,0.0
2011-11-30,0.052066674613757774,0.0
2011-12-01,-0.005001869421822236,0.6446533963047869
2011-12-02,0.005540524839257649,0.0
2011-12-05,0.017951758329643193,0.0
2011-12-06,-0.0032599240422621907,0.0
2011-12-07,0.006400003925713422,0.0
2011-12-08,-0.035313180888233604,0.0
2011-12-09,0.023566277715225896,0.0
2011-12-12,-0.02039480847850374,0.0
2011-12-13,-0.020157163141118605,0.0
2011-12-14,-0.018509518663889318,0.0
2011-12-15,0.004052825650871172,0.02651218918361055
2011-12-16,0.003660510663581257,0.0
2011-12-19,-0.019985212873828137,0.0
2011-12-20,0.03796459312019737,0.0
2011-12-21,0.00018091159195916286,0.0
2011-12-22,0.016557284430827254,0.0
2011-12-23,0.006541891792215187,0.0
2011-12-27,-0.00306577217001173,0.0
2011-12-28,-0.016918110900666194,0.0
2011-12-29,0.01341875833439317,0.0
2011-12-30,-0.002777388630049944,0.0
2012-01-03,0.018213669694635115,0.5903614025701783
2012-01-04,-0.004607427692686833,0.0
2012-01-05,0.008958627824739418,0.0
2012-01-06,-0.002397399077627451,0.0
2012-01-09,0.0030406573952525256,0.0
2012-01-10,0.0192959555544729,0.0
2012-01-11,0.009706101808642098,0.0
2012-01-12,0.006748731054526144,0.0
2012-01-13,-0.009699496377646243,0.0
2012-01-17,0.001670787240687646,0.0
2012-01-18,0.02092748819899245,0.0
2012-01-19,0.01211319218461488,0.0
2012-01-20,0.002755459220217814,0.0
2012-01-23,0.002490513563319036,0.0
2012-01-24,0.008942115241289855,0.0
2012-01-25,0.012448329590461008,0.0
2012-01-26,-0.007423514026752022,0.0
2012-01-27,0.005595501274962821,0.0
2012-01-30,-0.013354536303613404,0.0
2012-01-31,-0.00033536678116473807,0.0
2012-02-01,0.014207481697003255,0.46415109675452126
2012-02-02,0.006914670324542481,0.0
2012-02-03,0.02404687613092587,0.0
2012-02-06,-0.002526355646174127,0.0
2012-02-07,-0.0005935234758508344,0.0
2012-02-08,0.006141358812507003,0.0
2012-02-09,0.006547160776301214,0.0
2012-02-10,-0.01376367039859299,0.0
2012-02-13,0.007073484870984438,0.0
2012-02-14,-0.007492498195899944,0.0
2012-02-15,-0.0031580391762540375,0.0
2012-02-16,0.0195459595957698,0.0
2012-02-17,0.000416964882184319,0.0
2012-02-21,-0.003526318047068177,0.0
2012-02-22,-0.009291188177453277,0.0
2012-02-23,0.008143892576816145,0.0
2012-02-24,-0.0050198728125277915,0.0
2012-02-27,0.0024291057033852433,0.0
2012-02-28,0.00018158761651012472,0.0
2012-02-29,-0.005698116036886464,0.0
2012-03-01,0.005236204803752642,0.7086981741362014
2012-03-02,-0.006523397906497936,0.0
2012-03-05,-0.010379659228101398,0.0
2012-03-06,-0.020918848398858332,0.0
2012-03-07,0.01287013788621461,0.0
2012-03-08,0.013370203749724772,0.0
2012-03-09,0.007953774723614613,0.0
2012-03-12,-0.005224621907787438,0.0
2012-03-13,0.030067237029294643,0.0
2012-03-14,-0.0056907035288789615,0.0
2012-03-15,0.013255089127286101,0.0
2012-03-16,0.004295684871004575,0.0
2012-03-19,0.002859854724658467,0.0
2012-03-20,-0.0071715135376688045,0.0
2012-03-21,-3.345999425735007e-05,0.0
2012-03-22,-0.01185365441386844,0.0
2012-03-23,0.0026626462295044114,0.0
2012-03-26,0.01568396156538216,0.0
2012-03-27,-0.004290442429475135,0.0
2012-03-28,-0.010780231658605074,0.0
2012-03-29,-0.0039529078059902314,0.0
2012-03-30,0.004482555008172118,0.0
2012-04-02,0.004727845303116096,0.6645469667422368
2012-04-03,-0.010155428958938128,0.0
2012-04-04,-0.013279044815656638,0.0
2012-04-05,-0.0046440689705036994,0.0
2012-04-09,-0.01882839184186124,0.0
2012-04-10,-0.021920506491170354,0.0
2012-04-11,0.012045488778660705,0.0
2012-04-12,0.021629675137941794,0.0
2012-04-13,-0.017967409841663506,0.0
2012-04-16,-0.0035757082095840037,0.0
2012-04-17,0.021568581080605897,0.0
2012-04-18,-0.006506592156747492,0.0
2012-04-19,0.0004321573143215272,0.0
2012-04-20,-0.005075193606197912,0.0
2012-04-23,-0.010834683602729756,0.0
2012-04-24,0.006057835823953044,0.0
2012-04-25,0.01348696865430976,0.0
2012-04-26,0.010925261657677827,0.0
2012-04-27,0.0012827889985172814,0.0
2012-04-30,-0.0029886955145504244,0.0
2012-05-01,0.005770651532271076,0.5937119904160856
2012-05-02,-0.0029135467162421875,0.0
2012-05-03,-0.015324088784294004,0.0
2012-05-04,-0.020515628275514883,0.0
2012-05-07,-0.0010206032678806566,0.0
2012-05-08,-0.004588773950321344,0.0
2012-05-09,-0.0056080846377091435,0.0
2012-05-10,-0.0001594180926908161,0.0
2012-05-11,-0.0032875065449001766,0.0
2012-05-14,-0.014618519641050536,0.0
2012-05-15,-0.008661565344586192,0.0
2012-05-16,-0.007664299473748028,0.0
2012-05-17,-0.01569708964179677,0.0
2012-05-18,-0.012657317079019452,0.0
2012-05-21,0.021786296696899257,0.0
2012-05-22,-0.0003028697140315343,0.0
2012-05-23,0.00621260885697777,0.0
2012-05-24,0.00034441095695887615,0.0
2012-05-25,0.00032114921354643754,0.0
2012-05-29,0.012941243035504061,0.0
2012-05-30,-0.02332875597366623,0.0
2012-05-31,-0.006688235997226878,0.0
2012-06-01,-0.032335333695471036,0.666427837660866
2012-06-04,-0.003323123927839895,0.0
2012-06-05,0.014680518720674014,0.0
2012-06-06,0.03303888000517778,0.0
2012-06-07,-0.005781578893117717,0.0
2012-06-08,0.007561436210429364,0.0
2012-06-11,-0.02064725365110224,0.0
2012-06-12,0.01795186287123072,0.0
2012-06-13,-0.013482918921074588,0.0
2012-06-14,0.010589243403502277,0.0
2012-06-15,0.014242404580744123,0.0
2012-06-18,0.0011716189519221287,0.0
2012-06-19,0.01797905103413094,0.0
2012-06-20,-0.0016636629645168735,0.0
2012-06-21,-0.029583885799410084,0.0
2012-06-22,0.01011455402974104,0.0
2012-06-25,-0.020440306589069798,0.0
2012-06-26,0.003179475411515926,0.0
2012-06-27,0.015514877479073172,0.0
2012-06-28,-0.0022505194567676292,0.0
2012-06-29,0.03327341188313317,0.0
2012-07-02,-0.001278272384477419,0.5593676056536383
2012-07-03,0.011912131844569157,0.0
2012-07-05,-0.0028959891101543525,0.0
2012-07-06,-0.01620116817459105,0.0
2012-07-09,-0.0066452845178306425,0.0
2012-07-10,-0.009659020491333535,0.0
2012-07-11,-0.0003517943614919256,0.0
2012-07-12,-0.0076410571271462915,0.0
2012-07-13,0.017998726707452027,0.0
2012-07-16,-0.002926852642454139,0.0
2012-07-17,0.008482885325745475,0.0
2012-07-18,0.012957584726559094,0.0
2012-07-19,0.009674790996065165,0.0
2012-07-20,-0.01788204634728699,0.0
2012-07-23,-0.010500371588037865,0.0
2012-07-24,-0.012595867042381215,0.0
2012-07-25,0.004129661567582059,0.0
2012-07-26,0.030344286605108538,0.0
2012-07-27,0.02995207966049892,0.0
2012-07-30,-0.00481208333388259,0.0
2012-07-31,-0.009813207467781438,0.0
2012-08-01,-0.005859394996273082,0.6596362105287279
2012-08-02,-0.00785140702110174,0.0
2012-08-03,0.02496059699873932,0.0
2012-08-06,0.012982555151153695,0.0
2012-08-07,0.016088636029091833,0.0
2012-08-08,0.003059573041411961,0.0
2012-08-09,0.003297781331756865,0.0
2012-08-10,7.885508021507098e-05,0.0
2012-08-13,-0.0034021573363269947,0.0
2012-08-14,-0.003920065365618069,0.0
2012-08-15,0.00723464567231811,0.0
2012-08-16,0.014873952921052865,0.0
2012-08-17,0.003291861514952552,0.0
2012-08-20,-0.0011994745083433052,0.0
2012-08-21,-0.00010446220289902618,0.0
2012-08-22,-0.002578629470111012,0.0
2012-08-23,-0.008877740779202342,0.0
2012-08-24,0.005898115825974612,0.0
2012-08-27,-0.003588618623436133,0.0
2012-08-28,-0.002056717822997659,0.0
2012-08-29,0.003400034075428537,0.0
2012-08-30,-0.015000475229557369,0.0
2012-08-31,0.006209809743698606,0.0
2012-09-04,-0.0062642427013345214,0.6492805854531094
2012-09-05,-0.001553428508693896,0.0
2012-09-06,0.028858275858361603,0.0
2012-09-07,0.011290580494818512,0.0
2012-09-10,-0.0021543789455932758,0.0
2012-09-11,0.008040486908530313,0.0
2012-09-12,0.005406188716274202,0.0
2012-09-13,0.013719311433101334,0.0
2012-09-14,0.012757348686583668,0.0
2012-09-17,-0.01204180731320679,0.0
2012-09-18,-0.00539787168473521,0.0
2012-09-19,0.0036993296930712197,0.0
2012-09-20,-0.006484276888841776,0.0
2012-09-21,-0.0017249005853874101,0.0
2012-09-24,-0.0046377562922059095,0.0
2012-09-25,-0.01595934388707408,0.0
2012-09-26,-0.007532763128096321,0.0
2012-09-27,0.013545167322825133,0.0
2012-09-28,-0.0026870052375403872,0.0
2012-10-01,0.0017617460825802844,0.5301903872710277
2012-10-02,0.0016559395076164239,0.0
2012-10-03,0.0014307487608490282,0.0
2012-10-04,0.0095572584590242,0.0
2012-10-05,-0.0029123303921735834,0.0
2012-10-08,-0.0022997433594948756,0.0
2012-10-09,-0.011941839882157967,0.0
2012-10-10,-0.009948946125694472,0.0
2012-10-11,0.009478966426942775,0.0
2012-10-12,-0.0053127028412786785,0.0
2012-10-15,0.009650739823571135,0.0
2012-10-16,0.016182874289948097,0.0
2012-10-17,0.007729385856551392,0.0
2012-10-18,-0.0013185082169209041,0.0
2012-10-19,-0.020817710611548836,0.0
2012-10-22,-9.057177945778023e-05,0.0
2012-10-23,-0.006062142509267715,0.0
2012-10-24,-0.010172208767803554,0.0
2012-10-25,0.00686224304276225,0.0
2012-10-26,0.00033325404454103227,0.0
2012-10-31,0.00275250348451089,0.0
2012-11-01,0.019782423233247748,0.5602518508615195
2012-11-02,-0.011344564716280026,0.0
2012-11-05,0.0070489774099174235,0.0
2012-11-06,0.01566337335902371,0.0
2012-11-07,-0.023274555608144558,0.0
2012-11-08,-0.015336388807556504,0.0
2012-11-09,0.002102948372761047,0.0
2012-11-12,0.0016753273564960405,0.0
2012-11-13,-0.00439675846938814,0.0
2012-11-14,-0.01770547362346632,0.0
2012-11-15,0.0010108301529850499,0.0
2012-11-16,0.003379244842734614,0.0
2012-11-19,0.017372098655721778,0.0
2012-11-20,-0.0013605874413129436,0.0
2012-11-21,0.004452913565910899,0.0
2012-11-23,0.013674056883865356,0.0
2012-11-26,-0.0035043603057617495,0.0
2012-11-27,-0.006116560206706365,0.0
2012-11-28,0.009573988271597585,0.0
2012-11-29,0.003937144180798845,0.0
2012-11-30,-0.004719601511570555,0.0
2012-12-03,-0.005110602709554435,0.48660425223508585
2012-12-04,0.004155710948886024,0.0
2012-12-05,0.008796838746904841,0.0
2012-12-06,0.00509418800139876,0.0
2012-12-07,0.003710751514360635,0.0
2012-12-10,0.004802461722678099,0.0
2012-12-11,0.006293462566356076,0.0
2012-12-12,0.002492871785783601,0.0
2012-12-13,-0.0053499807120172445,0.0
2012-12-14,-0.0012919110174318123,0.0
2012-12-17,0.010136092128963187,0.0
2012-12-18,0.01729045791319925,0.0
2012-12-19,6.837575594135278e-05,0.0
2012-12-20,0.004862971453529898,0.0
2012-12-21,-0.005903012076313583,0.0
2012-12-24,-0.0039468649305523275,0.0
2012-12-26,-0.006846775853253615,0.0
2012-12-27,0.00016856753825493097,0.0
2012-12-28,-0.010309900170461826,0.0
2012-12-31,0.01998544799520535,0.0
2013-01-02,0.019891545906485897,0.7369447434920644
2013-01-03,0.003659101828089207,0.0
2013-01-04,0.0061748017723266945,0.0
2013-01-07,-0.0019258483154189078,0.0
2013-01-08,-0.0034226968937502746,0.0
2013-01-09,0.004472920276168025,0.0
2013-01-10,0.008015264222257925,0.0
2013-01-11,0.0006845288655527378,0.0
2013-01-14,0.0008542208917981674,0.0
2013-01-15,0.005897441472413132,0.0
2013-01-16,-0.00407209675325437,0.0
2013-01-17,0.007850727449517437,0.0
2013-01-18,0.0051645770398589825,0.0
2013-01-22,0.005738885945809089,0.0
2013-01-23,-0.004419702761360839,0.0
2013-01-24,0.006851413732798923,0.0
2013-01-25,0.00950168124517172,0.0
2013-01-28,-0.0018868152815648541,0.0
2013-01-29,-0.0007833437560856285,0.0
2013-01-30,-0.0033045082637052146,0.0
2013-01-31,-0.0019473946384190464,0.0
2013-02-01,0.00785768613431248,0.7446084428790577
2013-02-04,-0.010686538190571618,0.0
2013-02-05,0.00927236417582748,0.0
2013-02-06,0.003085750866500774,0.0
2013-02-07,-0.0026318599824716776,0.0
2013-02-08,0.010714379463973937,0.0
2013-02-11,-0.000802559546411057,0.0
2013-02-12,0.0021402608453173263,0.0
2013-02-13,0.0009082377280369501,0.0
2013-02-14,0.0027769739633161697,0.0
2013-02-15,-0.0009454043922312073,0.0
2013-02-19,0.01122879473281958,0.0
2013-02-20,-0.01707971877203193,0.0
2013-02-21,-0.00992797608709209,0.0
2013-02-22,0.009990681431238806,0.0
2013-02-25,-0.020965510786733116,0.0
2013-02-26,0.002635102494117777,0.0
2013-02-27,0.014306139974473144,0.0
2013-02-28,0.0003152880112852499,0.0
2013-03-01,0.0010965369425268712,0.5819815864609934
2013-03-04,0.003751018687621199,0.0
2013-03-05,0.010993679620996382,0.0
2013-03-06,0.001030705816274399,0.0
2013-03-07,-0.001211977071912474,0.0
2013-03-08,0.005539174831438067,0.0
2013-03-11,0.0009312358821433736,0.0
2013-03-12,-0.002012043399601266,0.0
2013-03-13,0.0023592687515152444,0.0
2013-03-14,0.004194480003941053,0.0
2013-03-15,-0.0017349667730944718,0.0
2013-03-18,-0.00706657797573785,0.0
2013-03-19,-0.007018016570840276,0.0
2013-03-20,0.012128278604293236,0.0
2013-03-21,-0.010336017133808916,0.0
2013-03-22,0.004655771604464506,0.0
2013-03-25,-0.003739555480182739,0.0
2013-03-26,0.008387587846655362,0.0
2013-03-27,-0.0003371409775749053,0.0
2013-03-28,0.004072194897943217,0.0
2013-04-01,-0.01079277468250428,0.6062668721682536
2013-04-02,-0.0023683983440457167,0.0
2013-04-03,-0.00970107872668828,0.0
2013-04-04,0.005321307429960571,0.0
2013-04-05,-0.006884041570797898,0.0
2013-04-08,0.00756063311875009,0.0
2013-04-09,0.011937466149752721,0.0
2013-04-10,0.012083700897890574,0.0
2013-04-11,0.0057557162150847175,0.0
2013-04-12,-0.006040288543013901,0.0
2013-04-15,-0.027353534960826414,0.0
2013-04-16,0.014096654888981609,0.0
2013-04-17,-0.016875474672808387,0.0
2013-04-18,-0.008007240650492523,0.0
2013-04-19,0.012156392501217944,0.0
2013-04-22,0.0026771174571327216,0.0
2013-04-23,0.016883092206319048,0.0
2013-04-24,0.005661630189441307,0.0
2013-04-25,0.01680496730856351,0.0
2013-04-26,-0.006787628680517984,0.0
2013-04-29,0.009951509496336771,0.0
2013-04-30,0.0013377588178450574,0.0
2013-05-01,-0.010537783871903517,0.7247344028977472
2013-05-02,0.009929480879467299,0.0
2013-05-03,0.013182393939398612,0.0
2013-05-06,0.002930707820701848,0.0
2013-05-07,0.0029247031991195354,0.0
2013-05-08,0.005358574326860131,0.0
2013-05-09,3.0134228756614908e-05,0.0
2013-05-10,0.006966138258124452,0.0
2013-05-13,-0.0036220715509730503,0.0
2013-05-14,0.013245725029068612,0.0
2013-05-15,0.008502237860214486,0.0
2013-05-16,-0.0049140680808255136,0.0
2013-05-17,0.010696029939335642,0.0
2013-05-20,0.0008780564784551169,0.0
2013-05-21,0.0025079535058121923,0.0
2013-05-22,-0.0121719454267675,0.0
2013-05-23,5.048167907777427e-06,0.0
2013-05-24,-0.003572694670600893,0.0
2013-05-28,0.0067680705354503405,0.0
2013-05-29,-0.0067371791232894995,0.0
2013-05-30,0.0038838096109048274,0.0
2013-05-31,-0.010470845821216102,0.0
2013-06-03,-0.0007285811904060857,0.6163030879878924
2013-06-04,-0.007489657695213531,0.0
2013-06-05,-0.011415609955925823,0.0
2013-06-06,0.012597541694277192,0.0
2013-06-07,0.012070370866850623,0.0
2013-06-10,-0.0007064978129420407,0.0
2013-06-11,-0.01144909031282596,0.0
2013-06-12,-0.008808203004140633,0.0
2013-06-13,0.021639272315641264,0.0
2013-06-14,-0.004412407844280455,0.0
2013-06-17,0.009124310066500899,0.0
2013-06-18,0.009057532223394426,0.0
2013-06-19,-0.015128814059869196,0.0
2013-06-20,-0.027506330039536325,0.0
2013-06-21,0.0005723077290348778,0.0
2013-06-24,-0.009006044689337737,0.0
2013-06-25,0.008517437754034156,0.0
2013-06-26,0.00932728372306747,0.0
2013-06-27,0.010628028656218374,0.0
2013-06-28,-0.0012464528546123404,0.0
2013-07-01,0.005152840299840866,0.877465142834762
2013-07-02,-0.0006563642771929605,0.0
2013-07-03,-0.0008499502510854258,0.0
2013-07-05,0.009575764563462656,0.0
2013-07-08,0.005805133182490573,0.0
2013-07-09,0.007438536546452324,0.0
2013-07-10,0.00528575309768708,0.0
2013-07-11,0.015177198931819033,0.0
2013-07-12,0.001093186387194475,0.0
2013-07-15,0.003327992736179192,0.0
2013-07-16,-0.006275518386347071,0.0
2013-07-17,0.002207285986701914,0.0
2013-07-18,0.004752618467312054,0.0
2013-07-19,0.0055744298646761515,0.0
2013-07-22,-0.0009880489122410779,0.0
2013-07-23,-0.002724343557211724,0.0
2013-07-24,-0.00590041890133413,0.0
2013-07-25,0.011975168372940069,0.0
2013-07-26,0.00037869193634689483,0.0
2013-07-29,-0.0015172924611560152,0.0
2013-07-30,-0.0020164571032727707,0.0
2013-07-31,-0.0007647052478378664,0.0
2013-08-01,0.012501939378719795,0.8952512129975261
2013-08-02,-0.0024243854298345835,0.0
2013-08-05,-0.0019993903415987564,0.0
2013-08-06,-0.007903205065962256,0.0
2013-08-07,-0.00898564575382867,0.0
2013-08-08,0.0062117432578243864,0.0
2013-08-09,-0.0008018545431646221,0.0
2013-08-12,-0.0006006611302607375,0.0
2013-08-13,-0.0027914048205755085,0.0
2013-08-14,-0.004110367329138156,0.0
2013-08-15,-0.013172585506928148,0.0
2013-08-16,-0.008469694665071408,0.0
2013-08-19,-0.008563662731305287,0.0
2013-08-20,0.009873557393417092,0.0
2013-08-21,-0.002651664137621535,0.0
2013-08-22,0.012532294596085965,0.0
2013-08-23,0.003906905217531803,0.0
2013-08-26,-0.0014096411147365396,0.0
2013-08-27,-0.017585257406142547,0.0
2013-08-28,-0.0003268010509441757,0.0
2013-08-29,0.002606528257866789,0.0
2013-08-30,-0.005199359774080678,0.0
2013-09-03,-0.0005242732666985717,0.8084245740995286
2013-09-04,0.009106924955007801,0.0
2013-09-05,0.0030652088594470255,0.0
2013-09-06,0.0014101805368837406,0.0
2013-09-09,0.01608302701129824,0.0
2013-09-10,0.008032565746426662,0.0
2013-09-11,0.0041746083537108096,0.0
2013-09-12,-0.008203146490887603,0.0
2013-09-13,0.0033700326868849433,0.0
2013-09-16,0.008218937818678593,0.0
2013-09-17,0.003143757813473481,0.0
2013-09-18,0.016518748358779256,0.0
2013-09-19,5.8982541623447114e-05,0.0
2013-09-20,-0.009270270013909279,0.0
2013-09-23,-0.006218266866803941,0.0
2013-09-24,-0.002862786278939289,0.0
2013-09-25,-0.0006887416183279013,0.0
2013-09-26,0.0016477195815158448,0.0
2013-09-27,-0.0038007244721848135,0.0
2013-09-30,-0.004314579182369084,0.0
2013-10-01,0.007588499643406577,0.8081905311500405
2013-10-02,-1.8130265702554242e-05,0.0
2013-10-03,-0.010445183733364397,0.0
2013-10-04,0.004269314120839627,0.0
2013-10-07,-0.008959487141074503,0.0
2013-10-08,-0.011594838215718235,0.0
2013-10-09,0.0007157271895238546,0.0
2013-10-10,0.018067807910935825,0.0
2013-10-11,0.0044588387501648796,0.0
2013-10-14,0.0027015462005621272,0.0
2013-10-15,-0.007872631896593579,0.0
2013-10-16,0.014228087156952025,0.0
2013-10-17,0.00906695741764448,0.0
2013-10-18,0.002734110963851801,0.0
2013-10-21,-1.8905876294666004e-05,0.0
2013-10-22,0.0065467056342739405,0.0
2013-10-23,-0.004882637112702724,0.0
2013-10-24,0.003753861360092788,0.0
2013-10-25,0.005800388586196158,0.0
2013-10-28,0.0002391842275805817,0.0
2013-10-29,0.005742047511057105,0.0
2013-10-30,-0.0052440897392910975,0.0
2013-10-31,-0.006661746642411764,0.0
2013-11-01,-0.0008904585001867638,0.7276740600782571
2013-11-04,0.005743566126822595,0.0
2013-11-05,-0.005284539428075448,0.0
2013-11-06,0.005238210042596408,0.0
2013-11-07,-0.012239822212455379,0.0
2013-11-08,0.007625237142692254,0.0
2013-11-11,0.0030269026685854315,0.0
2013-11-12,-0.0019883315003615034,0.0
2013-11-13,0.010042834073756193,0.0
2013-11-14,0.005112220933525475,0.0
2013-11-15,0.0034012529711406605,0.0
2013-11-18,-0.00629534434193994,0.0
2013-11-19,-0.005116779639462124,0.0
2013-11-20,-0.0034738364068457998,0.0
2013-11-21,0.005311865778263827,0.0
2013-11-22,0.001536829234810304,0.0
2013-11-25,-0.0009505024780166673,0.0
2013-11-26,-8.618236397180221e-05,0.0
2013-11-27,0.0051714094202294884,0.0
2013-11-29,-0.002582507434298587,0.0
2013-12-02,-0.0038274081134573867,0.546784548509216
2013-12-03,-0.0002857944403547851,0.0
2013-12-04,0.0053872611855532515,0.0
2013-12-05,-0.003822361441527077,0.0
2013-12-06,0.006547563104075286,0.0
2013-12-09,0.00040702897908653606,0.0
2013-12-10,-0.0030480800001662497,0.0
2013-12-11,-0.013534370865682696,0.0
2013-12-12,-0.0034187728169339537,0.0
2013-12-13,0.00036487251924755926,0.0
2013-12-16,0.005840980006741429,0.0
2013-12-17,6.26432944736136e-05,0.0
2013-12-18,0.013578268791097131,0.0
2013-12-19,-0.0021004111145849808,0.0
2013-12-20,0.007523963152869673,0.0
2013-12-23,0.005665173495004764,0.0
2013-12-24,0.0032977110960805732,0.0
2013-12-26,0.0036943302905053715,0.0
2013-12-27,-0.00016984154942490016,0.0
2013-12-30,0.0013440851393940688,0.0
2013-12-31,0.0018071933869019832,0.0
2014-01-02,-0.009063696802121157,0.3951932430637622
2014-01-03,0.002031031421314373,0.0
2014-01-06,-0.005733837501252702,0.0
2014-01-07,0.008785145059458443,0.0
2014-01-08,-0.0009604846593361955,0.0
2014-01-09,0.0037463867433290094,0.0
2014-01-10,0.009657457890519038,0.0
2014-01-13,-0.014373624960226032,0.0
2014-01-14,0.011490549831422437,0.0
2014-01-15,0.005036045177903662,0.0
2014-01-16,0.0008299670574834563,0.0
2014-01-17,-0.004031794586257933,0.0
2014-01-21,0.0020305998112590297,0.0
2014-01-22,-0.0005122764831836635,0.0
2014-01-23,-0.0076759624911335285,0.0
2014-01-24,-0.019783341431667212,0.0
2014-01-27,-0.004989560456805496,0.0
2014-01-28,0.011734593954883781,0.0
2014-01-29,-0.0111935615363833,0.0
2014-01-30,0.0194622637065026,0.0
2014-01-31,-0.0038259494403308503,0.0
2014-02-03,-0.024496024384047632,0.8264474095442296
2014-02-04,0.00905531787696514,0.0
2014-02-05,-0.003994036498431363,0.0
2014-02-06,0.020097459021874892,0.0
2014-02-07,0.006147836842849231,0.0
2014-02-10,0.0022414179233404773,0.0
2014-02-11,0.010473444390389459,0.0
2014-02-12,-0.002052207656657079,0.0
2014-02-13,0.0058214382731290055,0.0
2014-02-14,0.00546223288708717,0.0
2014-02-18,0.0011855048491347731,0.0
2014-02-19,-0.005631840900201949,0.0
2014-02-20,0.007765033999374747,0.0
2014-02-21,0.0007710450167670233,0.0
2014-02-24,0.007706266507970374,0.0
2014-02-25,-0.0005130531191642551,0.0
2014-02-26,0.0069680301448612,0.0
2014-02-27,0.006042885750437336,0.0
2014-02-28,0.0026666835733610917,0.0
2014-03-03,-0.009434874406315075,0.7989592072448495
2014-03-04,0.013770471234911673,0.0
2014-03-05,0.002696292567641912,0.0
2014-03-06,0.005410649443612271,0.0
2014-03-07,0.00011035476974046343,0.0
2014-03-10,-0.0020424974100255663,0.0
2014-03-11,-0.004651595037464932,0.0
2014-03-12,0.0016943567122659744,0.0
2014-03-13,-0.013742885485501328,0.0
2014-03-14,0.00016220680019449256,0.0
2014-03-17,0.007064626008128299,0.0
2014-03-18,0.009152743226572958,0.0
2014-03-19,-0.00034212400116496013,0.0
2014-03-20,0.006516296857982828,0.0
2014-03-21,-0.0010675835992675212,0.0
2014-03-24,-0.005203442253919381,0.0
2014-03-25,0.001189042580253733,0.0
2014-03-26,-0.006045118030146932,0.0
2014-03-27,-0.004889803301227632,0.0
2014-03-28,0.005638077590822023,0.0
2014-03-31,0.008495685041215525,0.0
2014-04-01,0.0068055843038579145,0.6361648524750028
2014-04-02,0.005340545740291578,0.0
2014-04-03,-0.0067731468440302015,0.0
2014-04-04,-0.014460041887301272,0.0
2014-04-07,-0.014871999107617398,0.0
2014-04-08,0.006235451707999495,0.0
2014-04-09,0.011599299409760785,0.0
2014-04-10,-0.02339278583752891,0.0
2014-04-11,-0.01285019952387516,0.0
2014-04-14,0.01102752547656722,0.0
2014-04-15,0.004786413936068172,0.0
2014-04-16,0.012565646454508098,0.0
2014-04-17,-0.0006396817353746939,0.0
2014-04-21,0.003957642148579707,0.0
2014-04-22,0.008287685309446437,0.0
2014-04-23,-0.000996322715317332,0.0
2014-04-24,0.001467048822645567,0.0
2014-04-25,-0.011661252227735279,0.0
2014-04-28,-0.0017671542954848384,0.0
2014-04-29,0.0045249308471744035,0.0
2014-04-30,0.004785558350384337,0.0
2014-05-01,-0.001392590865779475,0.5157010057900145
2014-05-02,0.0031943572211606017,0.0
2014-05-05,-0.0019381823926962719,0.0
2014-05-06,-0.013176415547780942,0.0
2014-05-07,-8.370350421109721e-05,0.0
2014-05-08,-0.0005153572482016035,0.0
2014-05-09,0.004090870261488335,0.0
2014-05-12,0.013970108848840035,0.0
2014-05-13,-0.0004166597781384954,0.0
2014-05-14,-0.005284232755827605,0.0
2014-05-15,-0.008217794094049338,0.0
2014-05-16,0.003303236728817672,0.0
2014-05-19,0.004286026606801125,0.0
2014-05-20,-0.009793875144653961,0.0
2014-05-21,0.009767072849856239,0.0
2014-05-22,0.005532055976979185,0.0
2014-05-23,0.005004983622022535,0.0
2014-05-27,0.008419418196152065,0.0
2014-05-28,-0.0012033720733452165,0.0
2014-05-29,0.005696715064613665,0.0
2014-05-30,4.5247283907257996e-05,0.0
2014-06-02,-0.0007375178403709048,0.5802288690737132
2014-06-03,0.0011423881969050815,0.0
2014-06-04,0.00386241721993638,0.0
2014-06-05,0.005760246569238238,0.0
2014-06-06,0.0049570019078380295,0.0
2014-06-09,0.0070411389680390506,0.0
2014-06-10,-0.0024878041618883575,0.0
2014-06-11,-0.003249157953832152,0.0
2014-06-12,-0.005267020218070298,0.0
2014-06-13,0.0010293426084821036,0.0
2014-06-16,0.0031786452105300816,0.0
2014-06-17,0.0038442394173432825,0.0
2014-06-18,0.005480462746258926,0.0
2014-06-19,-0.002198560404038358,0.0
2014-06-20,0.0021322458237042685,0.0
2014-06-23,0.001166316961047528,0.0
2014-06-24,-0.0062372245122384595,0.0
2014-06-25,0.0017502103864265837,0.0
2014-06-26,0.004220270802475844,0.0
2014-06-27,-0.001678516295357572,0.0
2014-06-30,0.0007641147165365057,0.0
2014-07-01,0.007264040701579821,0.5222579273775418
2014-07-02,0.003443761309191444,0.0
2014-07-03,0.00715976409835833,0.0
2014-07-07,-0.007173048051616086,0.0
2014-07-08,-0.009819035328492797,0.0
2014-07-09,0.004103712102649407,0.0
2014-07-10,-0.006268376886357587,0.0
2014-07-11,0.003144386361965137,0.0
2014-07-14,0.003922554740618667,0.0
2014-07-15,-0.002546447727355545,0.0
2014-07-16,0.0003453519344222347,0.0
2014-07-17,-0.014038656556153198,0.0
2014-07-18,0.011180953801160357,0.0
2014-07-21,-0.0030635252150872034,0.0
2014-07-22,0.008843351946294483,0.0
2014-07-23,0.0018077635752979581,0.0
2014-07-24,-7.3652878257797e-05,0.0
2014-07-25,-0.003216911991068731,0.0
2014-07-28,0.0034283180152324374,0.0
2014-07-29,-0.0002661627888046246,0.0
2014-07-30,0.007633108737758135,0.0
2014-07-31,-0.017029770843199718,0.0
2014-08-01,-0.004061757942524946,0.7035381303866357
2014-08-04,0.006341732939784312,0.0
2014-08-05,-0.00628818591226235,0.0
2014-08-06,-0.00019823748109802148,0.0
2014-08-07,-0.006239317327252237,0.0
2014-08-08,0.014691251355965152,0.0
2014-08-11,0.0012923036984377311,0.0
2014-08-12,-0.0028015520760617156,0.0
2014-08-13,0.004348484024183015,0.0
2014-08-14,0.007197306112141977,0.019649450267795122
2014-08-15,0.003226201918388176,0.0
2014-08-18,0.010248565081878313,0.0
2014-08-19,0.004672426649713298,0.0
2014-08-20,0.003810351929435767,0.0
2014-08-21,0.0005747366308472652,0.0
2014-08-22,-0.003096610105613365,0.0
2014-08-25,0.004927977586005721,0.0
2014-08-26,0.0011078828591555019,0.0
2014-08-27,-0.0014004266218700274,0.0
2014-08-28,-0.00044163649055466056,0.0
2014-08-29,0.0024412652462270203,0.0
2014-09-02,-0.0031202560403955637,0.5536112601388348
2014-09-03,-0.0024876994168533603,0.0
2014-09-04,0.0012154402741252224,0.0
2014-09-05,0.00482103206542165,0.0
2014-09-08,-0.004298794142877961,0.0
2014-09-09,-0.0062638846163909166,0.0
2014-09-10,0.004709451513687691,0.0
2014-09-11,0.000637361781480443,0.0
2014-09-12,-0.005850633545795153,0.0
2014-09-15,-0.001268398451476223,0.0
2014-09-16,0.004149996508728266,0.0
2014-09-17,0.0019466843023863705,0.0
2014-09-18,0.0047914692834694125,0.0
2014-09-19,-0.00282068330769681,0.0
2014-09-22,-0.009257090995122834,0.0
2014-09-23,-0.006784064618328615,0.0
2014-09-24,0.006166086518159684,0.0
2014-09-25,-0.014904318532217842,0.0
2014-09-26,0.004742525979038903,0.0
2014-09-29,-0.001766100759257707,0.0
2014-09-30,-0.004474417278067289,0.0
2014-10-01,-0.012823212236867887,0.5501975846279542
2014-10-02,0.00556599226214734,0.0
2014-10-03,0.00932079315524135,0.0
2014-10-06,-0.0010281907368133824,0.0
2014-10-07,-0.019404453863857026,0.0
2014-10-08,0.018160061867616102,0.0
2014-10-09,-0.025202908325732187,0.0
2014-10-10,-0.01428352215881243,0.0
2014-10-13,-0.019706140084049806,0.0
2014-10-14,0.011696253636918973,0.0
2014-10-15,0.0011174299334395033,0.0
2014-10-16,0.008330324546337944,0.0
2014-10-17,0.005713619033106601,0.0
2014-10-20,0.009241205215797986,0.0
2014-10-21,0.0272458139014053,0.0
2014-10-22,-0.010730576444664835,0.0
2014-10-23,0.015721096124413317,0.0
2014-10-24,0.006263186196968549,0.0
2014-10-27,-0.00500775523166133,0.0
2014-10-28,0.018469563794737645,0.0
2014-10-29,-0.006699309137084455,0.0
2014-10-30,0.0063784016194877915,0.0
2014-10-31,0.0162319724198502,0.0
2014-11-03,-0.002518526217773598,0.6164937301078961
2014-11-04,-0.007818257943277937,0.0
2014-11-05,0.009137572052992583,0.0
2014-11-06,0.010435242878543085,0.0
2014-11-07,0.0018236184928049446,0.0
2014-11-10,0.0004622185654594769,0.0
2014-11-11,0.0019671224190146185,0.0
2014-11-12,-0.00035921083456264517,0.0
2014-11-13,-0.00593320298964546,0.0
2014-11-14,0.0038876581305713337,0.0
2014-11-17,0.0011689404228974222,0.0
2014-11-18,0.005247380489472483,0.0
2014-11-19,-0.001204596563608878,0.0
2014-11-20,0.006127782228463007,0.0
2014-11-21,0.007586431011994417,0.0
2014-11-24,0.0008254724492729691,0.0
2014-11-25,-0.003023841341522485,0.0
2014-11-26,-0.0005335670119238712,0.0
2014-11-28,-0.0068604698888412394,0.0
2014-12-01,-0.012077088416287074,0.4943163602773054
2014-12-02,0.00823244181640091,0.0
2014-12-03,0.010532180165451304,0.0
2014-12-04,-0.006698352067478236,0.0
2014-12-05,-0.002849038679676028,0.0
2014-12-08,-0.02254529248072259,0.0
2014-12-09,0.006473322348296285,0.0
2014-12-10,-0.025794264499318126,0.0
2014-12-11,0.004829552533171243,0.0
2014-12-12,-0.015460593157515927,0.0
2014-12-15,-0.0062090604383921435,0.0
2014-12-16,-0.006787022764305288,0.0
2014-12-17,0.023204176412671976,0.0
2014-12-18,0.02285188012786678,0.0
2014-12-19,0.007504646542126903,0.0
2014-12-22,0.002575732517031239,0.0
2014-12-23,0.007548758715746322,0.0
2014-12-24,-0.001975026210470281,0.0
2015-01-08,0.01838848479400257,0.5709661524799954
2015-01-09,-0.009408280468265891,0.0
2015-01-12,-0.013015994741185657,0.0
2015-01-13,-0.0057548170215241685,0.0
2015-01-14,-0.005750733230114386,0.0
2015-01-15,-0.014929814471034763,0.0
2015-01-16,0.015746226352710686,0.0
2015-01-20,0.0011540416402378558,0.0
2015-01-21,0.011861602276182387,0.0
2015-01-22,0.010978839671574848,0.0
2015-01-23,-0.0019826322532464488,0.0
2015-01-26,0.006823478008132091,0.0
2015-01-27,-0.008964960849580657,0.0
2015-01-28,-0.016273923760244183,0.0
2015-01-29,0.014637917421560698,0.0
2015-01-30,-0.0005527098159705786,0.0
2015-02-02,0.0122696629027641,0.6136950849539248
2015-02-03,0.02321124700380233,0.0
2015-02-04,-0.0066403488204637255,0.0
2015-02-05,0.010292438285776973,0.0
2015-02-06,0.001835486809001731,0.0
2015-02-09,-0.0009000561144462476,0.0
2015-02-10,0.010081930422965932,0.0
2015-02-11,-0.0009883508452601716,0.0
2015-02-12,0.011443798602343267,0.0
2015-02-13,0.007878612861197402,0.0
2015-02-17,0.002145982233990181,0.0
2015-02-18,-0.0013854313071353808,0.0
2015-02-19,0.001119137140594918,0.0
2015-02-20,0.0077177274027662645,0.0
2015-02-23,-0.0014139708090542564,0.0
2015-02-24,0.003335049907369,0.0
2015-02-25,0.002779241036354858,0.0
2015-02-26,-0.004483964281588147,0.0
2015-02-27,-0.004604979087956304,0.0
2015-03-02,0.003971556616623406,0.585982248539189
2015-03-03,-0.003073554882122476,0.0
2015-03-04,-0.007575979758685208,0.0
2015-03-05,0.0022272936027173647,0.0
2015-03-06,-0.01544254515926428,0.0
2015-03-09,0.00056185565028463,0.0
2015-03-10,-0.016655406047490974,0.0
2015-03-11,-0.0018158362280789944,0.0
2015-03-12,0.008541787854075323,0.0
2015-03-13,-0.0060240934158808145,0.0
2015-03-16,0.01308519569252289,0.0
2015-03-17,-0.002208390687216827,0.0
2015-03-18,0.014004242824503315,0.0
2015-03-19,-0.004203322583097251,0.0
2015-03-20,0.013190447679530128,0.0
2015-03-23,-0.002077201370808595,0.0
2015-03-24,-0.006530667765031693,0.0
2015-03-25,-0.012466438472634053,0.0
2015-03-26,-0.0050471748533796375,0.0
2015-03-27,-0.0005683503268286844,0.0
2015-03-30,0.012579605649527445,0.0
2015-03-31,-0.00741493593561666,0.0
2015-04-01,-0.006269983014756786,0.3949435415050515
2015-04-02,0.001986738989506809,0.0
2015-04-06,0.010189657205010904,0.0
2015-04-07,-0.001816297769264182,0.0
2015-04-08,0.00595706422072919,0.0
2015-04-09,0.007613820625696731,0.0
2015-04-10,0.0041364714720800565,0.0
2015-04-13,-0.00485208891986599,0.0
2015-04-14,0.003612767474543236,0.0
2015-04-15,0.013072101456360518,0.0
2015-04-16,-0.002131766383449807,0.0
2015-04-17,-0.006998133839126964,0.0
2015-04-20,0.011614032415317074,0.0
2015-04-21,-0.0008402502737238108,0.0
2015-04-22,0.003979183307959268,0.0
2015-04-23,0.006129611792484935,0.0
2015-04-24,0.004238846044665652,0.0
2015-04-27,-0.007536666668338541,0.0
2015-04-28,0.002149593071690253,0.0
2015-04-29,-0.005310435291079941,0.0
2015-04-30,-0.011512060814901996,0.0
2015-05-01,0.007008064740952502,0.581069526734606
2015-05-04,0.0011561396866698725,0.0
2015-05-05,-0.013418051503029046,0.0
2015-05-06,-0.006470373600272958,0.0
2015-05-07,0.004044826835984047,0.0
2015-05-08,0.01461339680710122,0.0
2015-05-11,-0.003947549683966374,0.0
2015-05-12,-0.002854249072308644,0.0
2015-05-13,-0.004679838715823665,0.0
2015-05-14,0.007103677494554596,0.0
2015-05-15,0.0023875246394551093,0.0
2015-05-18,0.0009876882072601873,0.0
2015-05-19,-0.004916178236295319,0.0
2015-05-20,0.00042634255505985064,0.0
2015-05-21,0.004266220833170055,0.0
2015-05-22,-0.004173304680172098,0.0
2015-05-26,-0.013977438657029339,0.0
2015-05-27,0.006461296577947674,0.0
2015-05-28,-0.0008129458967801018,0.0
2015-05-29,-0.007463831677096662,0.0
2015-06-01,0.0010802699880751998,0.33655746084691185
2015-06-02,-0.0005600280592143968,0.0
2015-06-03,0.0028253911562386366,0.0
2015-06-04,-0.006901911459258608,0.0
2015-06-05,-0.00169517572372044,0.0
2015-06-08,-0.009707905045224011,0.0
2015-06-09,0.00025611880091479917,0.0
2015-06-10,0.007033916383027167,0.0
2015-06-11,0.004118651346295615,0.0
2015-06-12,-0.006104595087336001,0.0
2015-06-15,-0.00412500695668074,0.0
2015-06-16,0.005628027640691903,0.0
2015-06-17,0.0047575889239618654,0.0
2015-06-18,0.01167172661749856,0.0
2015-06-19,-0.0028340402884431937,0.0
2015-06-22,0.0036989208638309725,0.0
2015-06-23,-0.001962639894948017,0.0
2015-06-24,-0.006352146155871768,0.0
2015-06-25,-0.005145475342706062,0.0
2015-06-26,0.00047060491083340426,0.0
2015-06-29,-0.022977270591736508,0.0
2015-06-30,0.0024678528622191073,0.0
2015-07-01,0.0035111740159139426,0.3191520720990701
2015-07-02,0.002699378466687931,0.0
2015-07-06,-0.006159751114127143,0.019650774353504583
2015-07-07,0.012082301104326305,0.0
2015-07-08,-0.019840088444159232,0.0
2015-07-09,0.00010131821837939072,0.0
2015-07-10,0.007286990341167941,0.0
2015-07-13,0.012446178196689743,0.0
2015-07-14,0.004598143954879896,0.0
2015-07-15,-0.00595899876146389,0.0
2015-07-16,0.003917162424565392,0.0
2015-07-17,-0.00726081974209797,0.0
2015-07-20,-0.002787004965243235,0.0
2015-07-21,0.0006152272042315335,0.0
2015-07-22,0.0004936518860500709,0.0
2015-07-23,-0.004258777118295073,0.0
2015-07-24,-0.010649338810198649,0.0
2015-07-27,-0.003950278704531306,0.0
2015-07-28,0.012485297782478744,0.0
2015-07-29,0.00651723818390107,0.0
2015-07-30,0.0028321876516354417,0.0
2015-07-31,-0.0015721044217319269,0.0
2015-08-03,-0.004742338724022743,0.6411172977156624
2015-08-04,-0.003764753573309192,0.0
2015-08-05,0.004335566793073638,0.0
2015-08-06,-0.009479847138551238,0.0
2015-08-07,-0.0026388121247879,0.0
2015-08-10,0.018064871097774982,0.0
2015-08-11,-0.012692708251852517,0.0
2015-08-12,0.004796739785930323,0.0
2015-08-13,-0.0063345928967876615,0.0
2015-08-14,0.0013122579076040894,0.0
2015-08-17,0.007408914458509364,0.0
2015-08-18,-0.0053239278411789746,0.0
2015-08-19,-0.012440467638472388,0.0
2015-08-20,-0.024279133756467137,0.0
2015-08-21,-0.02862745963086821,0.0
2015-08-24,-0.041860069659488804,0.0
2015-08-25,-0.015098959350667976,0.0
2015-08-26,0.036877969685113275,0.0
2015-08-27,0.030658165440105276,0.0
2015-08-28,0.006566215326002129,0.0
2015-08-31,-0.007376565704468743,0.0
2015-09-01,-0.029829793603857957,0.40792383639470475
2015-09-02,0.013050425025888972,0.0
2015-09-03,0.005173192780142765,0.0
2015-09-04,-0.01773617126392287,0.0
2015-09-08,0.025007614002589832,0.0
2015-09-09,-0.012746875272072973,0.0
2015-09-10,0.0025603487453709317,0.0
2015-09-11,0.0008201303810605157,0.0
2015-09-14,-0.007385204485141719,0.0
2015-09-15,0.01257303933405247,0.0
2015-09-16,0.013166611490348794,0.0
2015-09-17,-0.0025119522351542637,0.0
2015-09-18,-0.0253979352890455,0.0
2015-09-21,-0.0016716409110742372,0.0
2015-09-22,-0.019807200271114694,0.0
2015-09-23,-0.010617076804963517,0.0
2015-09-24,-0.00265737666727242,0.0
2015-09-25,-0.0022850640321979672,0.0
2015-09-28,-0.03110738983077806,0.0
2015-09-29,-0.00011136643867506926,0.0
2015-09-30,0.025236890135074953,0.0
2015-10-01,-0.004690534667612267,0.4767692732236941
2015-10-02,0.026921755222787395,0.0
2015-10-05,0.02669141090634339,0.0
2015-10-06,0.0012439037261472077,0.0
2015-10-07,0.015818928095619085,0.0
2015-10-08,0.01380480399564036,0.0
2015-10-09,-0.002704501658807285,0.0
2015-10-12,-0.008232245410136393,0.0
2015-10-13,-0.011212641793020678,0.0
2015-10-14,0.0028053066334401845,0.0
2015-10-15,0.009818700242162616,0.0
2015-10-16,0.0006237970696506193,0.0
2015-10-19,-0.00803282124678183,0.0
2015-10-20,-0.00316500121393089,0.0
2015-10-21,-0.012811372960946539,0.0
2015-10-22,0.01239528076397533,0.0
2015-10-23,0.01079777703171349,0.0
2015-10-26,-0.007177762349268108,0.0
2015-10-27,-0.00912050516374599,0.0
2015-10-28,0.016579405572861743,0.0
2015-10-29,0.0002951282066699849,0.0
2015-10-30,0.004064213817051922,0.0
2015-11-02,0.017989546756943753,0.4863070356247732
2015-11-03,0.007126300848786226,0.0
2015-11-04,-0.005213346821568357,0.0
2015-11-05,-0.002032525972915907,0.0
2015-11-06,0.0015196602939449003,0.0
2015-11-09,-0.013445042413399286,0.0
2015-11-10,-0.00407090460698205,0.0
2015-11-11,-0.017369229445613303,0.0
2015-11-12,-0.01747837779027463,0.0
2015-11-13,-0.005705088729717268,0.0
2015-11-16,0.017365426828991504,0.0
2015-11-17,-0.004491796813881099,0.0
2015-11-18,0.020325783321903684,0.0
2015-11-19,-0.005958071086050374,0.0
2015-11-20,0.0003085842196615576,0.0
2015-11-23,1.4850673074453657e-05,0.0
2015-11-24,0.009410633787207651,0.0
2015-11-25,0.0025441601620871676,0.0
2015-11-27,-0.006157551474273849,0.0
2015-11-30,-0.00011194526445277089,0.0
2015-12-01,0.006148929623425836,0.25568246075560974
2015-12-02,-0.01850025972640014,0.0
2015-12-03,-0.01476485532007809,0.0
2015-12-04,0.004686124836552861,0.0
2015-12-07,-0.013664324427163716,0.0
2015-12-08,-0.009146491905549432,0.0
2015-12-09,-0.0017154066917228724,0.0
2015-12-10,2.1038683848975843e-05,0.0
2015-12-11,-0.025110425305256194,0.0
2015-12-14,-0.00896562868090444,0.0
2015-12-15,0.014423908161407487,0.0
2015-12-16,0.016700478396890234,0.0
2015-12-17,-0.02429392452846116,0.0
2015-12-18,-0.010006363420467531,0.0
2015-12-21,0.012283038318774172,0.0
2015-12-22,0.012761862252624573,0.0
2015-12-23,0.023638679471209133,0.0
2015-12-24,-0.00233735704073356,0.0
2015-12-28,-0.005523815771647865,0.0
2015-12-29,0.011684865604143273,0.0
2015-12-30,-0.010574949361589961,0.0
2015-12-31,-0.004328764647043808,0.0
2016-01-04,-0.00481329248321416,0.3295008474735203
2016-01-05,0.002037570959168046,0.0
2016-01-06,-0.02900006334155887,0.0
2016-01-07,-0.024809369371056336,0.0
2016-01-08,-0.012067446776503352,0.0
2016-01-11,-0.010014647496317043,0.0
2016-01-12,0.001467843741621388,0.0
2016-01-13,-0.025321486808884228,0.0
2016-01-14,0.017749830155745702,0.0
2016-01-15,-0.01751842845714819,0.0
2016-01-19,-0.012139871977395132,0.0
2016-01-20,-0.0037828977675171288,0.0
2016-01-21,0.014480017756214849,0.0
2016-01-22,0.017914961315421675,0.0
2016-01-25,-0.02729304379466129,0.0
2016-01-26,0.02721882689995504,0.0
2016-01-27,-0.008999875215056616,0.0
2016-01-28,-0.003623610566847721,0.0
2016-01-29,0.033878046111292213,0.0
2016-02-01,-0.004940075129832522,0.7095310079047457
2016-02-02,-0.03177823551260286,0.0
2016-02-03,0.021127013327667785,0.0
2016-02-04,0.005641151362784647,0.0
2016-02-05,-0.018985671556990366,0.0
2016-02-08,-0.02768903828949948,0.0
2016-02-09,-0.011565502421961214,0.0
2016-02-10,0.006665385934523565,0.0
2016-02-11,-0.01949754753826225,0.0
2016-02-12,0.026891846393833012,0.0
2016-02-16,0.027628888567937444,0.0
2016-02-17,0.024507129493510832,0.0
2016-02-18,-0.0039227104206728935,0.0
2016-02-19,-0.011261069348059326,0.0
2016-02-22,0.028011760140985813,0.0
2016-02-23,-0.021096313284475525,0.0
2016-02-24,0.012376953991798067,0.0
2016-02-25,0.008044168113147461,0.0
2016-02-26,0.009687804473290453,0.0
2016-02-29,-0.006907761028180734,0.0
2016-03-01,0.026445416020130397,0.4500924996783535
2016-03-02,0.012406727575789714,0.0
2016-03-03,0.016846842205346487,0.0
2016-03-04,0.002978892953322613,0.0
2016-03-07,0.0187062193377153,0.0
2016-03-08,-0.039164677736736646,0.0
2016-03-09,0.005282755721257864,0.0
2016-03-10,0.0001221087198994041,0.0
2016-03-11,0.0295958242113069,0.0
2016-03-14,-0.004035030704521491,0.0
2016-03-15,-0.016069543550488573,0.0
2016-03-16,0.01662520763000269,0.0
2016-03-17,0.009029415899627904,0.0
2016-03-18,0.011843111825992198,0.0
2016-03-21,0.000992473999865089,0.0
2016-03-22,0.002902064903681438,0.0
2016-03-23,-0.025213725581477043,0.0
2016-03-24,-0.002632719365703601,0.0
2016-03-28,0.0006961194705682357,0.0
2016-03-29,0.011487515956022112,0.0
2016-03-30,0.0012479676292361853,0.0
2016-03-31,0.005169223498848629,0.0
2016-04-01,-0.002440094079809496,0.4309656867575308
2016-04-04,-0.009592937699305863,0.0
2016-04-05,-0.013469332809880519,0.0
2016-04-06,0.013734570427046728,0.0
2016-04-07,-0.013513625366171254,0.0
2016-04-08,0.005907987174219685,0.0
2016-04-11,-0.0014525230982830773,0.0
2016-04-12,0.01567511017219706,0.0
2016-04-13,0.021145770318360024,0.0
2016-04-14,-0.006783172434748024,0.0
2016-04-15,-0.0031810208648479117,0.0
2016-04-18,0.008890715088946791,0.0
2016-04-19,0.010621380492856065,0.0
2016-04-20,0.0076196932443657085,0.0
2016-04-21,0.0022789473962887916,0.0
2016-04-22,0.010174768079710008,0.0
2016-04-25,-0.008694547617364613,0.0
2016-04-26,0.011262791996964134,0.0
2016-04-27,0.008339247669942203,0.0
2016-04-28,-0.015132639872276109,0.0
2016-04-29,-0.016209257460984505,0.0
2016-05-02,0.00434824710789794,0.3861609124323394
2016-05-03,-0.018010689954824678,0.0
2016-05-04,-0.012840576841939354,0.0
2016-05-05,-0.0028640953423193826,0.0
2016-05-06,-0.0005080085736873553,0.0
2016-05-09,-0.0002337252031390175,0.0
2016-05-10,0.014211193254437378,0.0
2016-05-11,-0.017302896913432706,0.0
2016-05-12,-0.00827317562233186,0.0
2016-05-13,-0.008247741307724673,0.0
2016-05-16,0.009474708871440907,0.0
2016-05-17,0.0008133893370636924,0.0
2016-05-18,0.0016092520264852188,0.0
2016-05-19,-0.006864563956127478,0.0
2016-05-20,0.013908959886923047,0.0
2016-05-23,-0.00015534751252174332,0.0
2016-05-24,0.014726875266243222,0.0
2016-05-25,0.012367514040136675,0.0
2016-05-26,-0.005301568831144583,0.0
2016-05-27,0.006910811189983118,0.0
2016-05-31,0.006742445681443818,0.0
2016-06-01,0.0022072788566012136,0.47343925525443986
2016-06-02,0.008300465767279015,0.0
2016-06-03,-0.0073710696689961806,0.0
2016-06-06,0.010449928177571642,0.0
2016-06-07,0.0060584858965420495,0.0
2016-06-08,-0.0025750190522932726,0.0
2016-06-09,-0.0074894718140609585,0.0
2016-06-10,-0.0201363627253121,0.0
2016-06-13,-0.013690962533857279,0.0
2016-06-14,-0.006022999018144394,0.0
2016-06-15,0.0019413667553995033,0.0
2016-06-16,0.0012329524162071122,0.0
2016-06-17,0.002750952905394799,0.0
2016-06-20,0.008644295423763475,0.0
2016-06-21,-0.0005841329371939841,0.0
2016-06-22,-0.0009685112855928127,0.0
2016-06-23,0.018432549473859205,0.0
2016-06-24,-0.05402971965119186,0.0
2016-06-27,-0.03828310095109915,0.0
2016-06-28,0.026345183290782507,0.0
2016-06-29,0.023938150100128803,0.0
2016-06-30,0.012951626123730617,0.0
2016-07-01,0.0044580447414659385,0.37478733359218896
2016-07-05,-0.02530540894916557,0.0
2016-07-06,0.008957193473925203,0.0
2016-07-07,0.0029372176622970156,0.0
2016-07-08,0.02338243088330135,0.0
2016-07-11,0.005818916318004829,0.0
2016-07-12,0.022719312056639955,0.0
2016-07-13,-0.004308865129914993,0.0
2016-07-14,0.005341757628085468,0.0
2016-07-15,-0.0010549934538966474,0.0
2016-07-18,0.007442956558524012,0.0
2016-07-19,-0.005569808316805479,0.0
2016-07-20,0.010982281922538245,0.0
2016-07-21,0.002322041779307087,0.0
2016-07-22,0.002927231154313038,0.0
2016-07-25,0.0018529855288166057,0.0
2016-07-26,0.005208269356546586,0.0
2016-07-27,-0.008608198454481467,0.0
2016-07-28,-0.0004900537754143428,0.0
2016-07-29,0.0010692385214629598,0.0
2016-08-01,-0.0054795414866783965,0.3972638594581639
2016-08-02,-0.016719117064944347,0.0
2016-08-03,0.012035544656164241,0.0
2016-08-04,-0.004157929365369768,0.0
2016-08-05,0.015285774620369636,0.0
2016-08-08,0.0010915595214370506,0.0
2016-08-09,-0.007820821924250904,0.0
2016-08-10,-0.006353970965753184,0.0
2016-08-11,0.017060413954440894,0.0
2016-08-12,-0.0015711453693600264,0.0
2016-08-15,0.008883772752488157,0.0
2016-08-16,-0.003438712535812038,0.0
2016-08-17,-9.655117242027554e-05,0.0
2016-08-18,0.004374719168927603,0.0
2016-08-19,0.0011558750888200537,0.0
2016-08-22,-0.0008413118656958518,0.0
2016-08-23,0.008440485552796698,0.0
2016-08-24,-0.009922995926042998,0.0
2016-08-25,-0.0007497026891574979,0.0
2016-08-26,-0.0006484401723105321,0.0
2016-08-29,0.004885806151679727,0.0
2016-08-30,0.002134081249774616,0.0
2016-08-31,-0.008094810915034152,0.0
2016-09-01,-0.004284043210855737,0.5404804225137496
2016-09-02,0.005129711308484838,0.0
2016-09-06,0.00027978349651042113,0.0
2016-09-07,0.009745856951657136,0.0
2016-09-08,-0.0013499294109719207,0.0
2016-09-09,-0.02910698503290244,0.0
2016-09-12,0.019603245333933476,0.0
2016-09-13,-0.01888316139804891,0.0
2016-09-14,-0.004193884832941409,0.0
2016-09-15,0.012133784524677178,0.0
2016-09-16,-0.005144363479539312,0.0
2016-09-19,2.313545661341795e-05,0.0
2016-09-20,-0.0043011138981383775,0.0
2016-09-21,0.013157709343143888,0.0
2016-09-22,0.008403488743048566,0.0
2016-09-23,-0.0049813566913938815,0.0
2016-09-26,-0.007487583711704791,0.0
2016-09-27,0.007717248398406441,0.0
2016-09-28,0.008893669193808492,0.0
2016-09-29,-0.009789710707980811,0.0
2016-09-30,0.008741333543067359,0.0
2016-10-03,-6.364351881138486e-05,0.472205361149759
2016-10-04,-0.008879028424810108,0.0
2016-10-05,0.005897002627735619,0.0
2016-10-06,-0.002714509406916401,0.0
2016-10-07,-0.005526071825232462,0.0
2016-10-10,0.009453503123821882,0.0
2016-10-11,-0.01723845031411593,0.0
2016-10-12,-0.002266806649283349,0.0
2016-10-13,0.00010045266008465253,0.0
2016-10-14,-0.006808375412725611,0.0
2016-10-17,-0.004246210929770445,0.0
2016-10-18,0.009150504945113401,0.0
2016-10-19,0.008928964539311968,0.0
2016-10-20,0.0018425523749876116,0.0
2016-10-21,-8.943992977893133e-05,0.0
2016-10-24,0.0012824162555143334,0.0
2016-10-25,-0.004506160049792121,0.0
2016-10-26,0.0007461517435420739,0.0
2016-10-27,-0.009442503607981247,0.0
2016-10-28,0.0025377676358547957,0.0
2016-10-31,0.0026360919552491165,0.0
2016-11-01,-0.0035231458155338125,0.5723802640407094
2016-11-02,-0.009004905562479966,0.0
2016-11-03,-0.010342689259233116,0.0
2016-11-04,0.004436448038427459,0.0
2016-11-07,0.025419402825329156,0.0
2016-11-08,0.00287412481639851,0.0
2016-11-09,0.022870754916055027,0.0
2016-11-10,0.01108574067421043,0.0
2016-11-11,0.0007784782638943697,0.0
2016-11-14,0.02099481854436841,0.0
2016-11-15,0.0028926481627425194,0.0
2016-11-16,-0.006773980452822054,0.0
2016-11-17,0.0037347293952107964,0.0
2016-11-18,-0.0028288616481119116,0.0
2016-11-21,0.010097956547068252,0.0
2016-11-22,0.0017146850073898783,0.0
2016-11-23,0.003777083039544076,0.0
2016-11-25,0.0025951353551652463,0.0
2016-11-28,-0.00982695638895585,0.0
2016-11-29,-0.0024796973793384386,0.0
2016-11-30,-0.0019633660399000614,0.0
2016-12-01,-0.010350603529494573,0.4927986960675794
2016-12-02,0.003135398884226676,0.0
2016-12-05,0.010510820197806768,0.0
2016-12-06,0.0032645115897065877,0.0
2016-12-07,0.009716784673648145,0.0
2016-12-08,0.005563916744099368,0.0
2016-12-09,0.002701469383029744,0.0
2016-12-12,-0.007043719243766646,0.0
2016-12-13,0.004500217866770653,0.0
2016-12-14,-0.012048278737416165,0.0
2016-12-15,-0.0017029146098779637,0.0
2016-12-16,0.0001511360275760434,0.0
2016-12-19,-0.0008411016377246563,0.0
2016-12-20,0.002617231593706284,0.0
2016-12-21,-0.0023382826562414983,0.0
2016-12-22,-0.005513656947964948,0.0
2016-12-23,0.0034368080400273854,0.0
2016-12-27,0.006066309186644315,0.0
2016-12-28,-0.010272126101413773,0.0
2016-12-29,0.0008385445963350932,0.0
2016-12-30,-0.0056881644121085755,0.0
2017-01-03,0.011835464232169857,0.5488592650475103
2017-01-04,0.016176269576397007,0.0
2017-01-05,-0.00260546835413818,0.0
2017-01-06,-0.002160676371843776,0.0
2017-01-09,-0.0024185020127887842,0.0
2017-01-10,0.004753909700530131,0.0
2017-01-11,0.0019921889563088496,0.0
2017-01-12,-0.0015240676273684441,0.0
2017-01-13,0.00378743932535914,0.0
2017-01-17,0.0018688519281909286,0.0
2017-01-18,0.0009219911503485058,0.0
2017-01-19,-0.0066215125302644074,0.0
2017-01-20,0.005300301852914284,0.0
2017-01-23,-0.0012169459341422493,0.0
2017-01-24,0.011749875254875489,0.0
2017-01-25,0.010113122027859377,0.0
2017-01-26,-0.0013024636142427216,0.0
2017-01-27,0.0007010335406352466,0.0
2017-01-30,-0.007533393626914513,0.0
2017-01-31,0.0034577371879609417,0.0
2017-02-01,-0.003743868975693454,1.406592817893163
2017-02-02,-0.0004313291450668594,0.0
2017-02-03,0.010685252719791536,0.0
2017-02-06,-0.003585514871313699,0.0
2017-02-07,0.0006051564581196244,0.0
2017-02-08,-0.002712863180689253,0.0
2017-02-09,0.005269916552759128,0.0
2017-02-10,0.004610772538215574,0.0
2017-02-13,0.006881278221503133,0.0
2017-02-14,0.0011501450531837439,0.0
2017-02-15,0.007504512672868429,0.0
2017-02-16,-0.0002609705733129573,0.0
2017-02-17,-0.00076914855642128,0.0
2017-02-21,0.006855207851970449,0.0
2017-02-22,-0.001080806440073602,0.0
2017-02-23,-0.0024770326384060634,0.0
2017-02-24,0.0003394294806587615,0.0
2017-02-27,0.0028204212574616666,0.0
2017-02-28,-0.003065373751011267,0.0
2017-03-01,0.014767075033721655,0.6623975776799302
2017-03-02,-0.0070901636230563305,0.0
2017-03-03,0.003233205170158914,0.0
2017-03-06,-0.0030291070257481437,0.0
2017-03-07,-0.005170669106989191,0.0
2017-03-08,-0.0027632600050963504,0.0
2017-03-09,-3.3847186705775125e-05,0.0
2017-03-10,0.0036604099150435677,0.0
2017-03-13,0.001483509643163794,0.03605474751388062
2017-03-14,-0.005568950516985562,0.0
2017-03-15,0.011597708798728526,0.0
2017-03-16,-0.0017931603883971318,0.0
2017-03-17,-0.00040449171348141586,0.0
2017-03-20,-0.0013734648246504996,0.0
2017-03-21,-0.015879179304966747,0.0
2017-03-22,0.003987979528319384,0.0
2017-03-23,0.0006002090824543093,0.0
2017-03-24,-0.0003607547805688443,0.0
2017-03-27,-0.0005016364481079463,0.0
2017-03-28,0.009041082111614144,0.0
2017-03-29,0.004332773549131461,0.0
2017-03-30,0.00309228783875247,0.0
2017-03-31,-0.0013177808001403023,0.0
2017-04-03,-0.006727337702578717,0.7756184962236345
2017-04-04,0.0006138970567489449,0.0
2017-04-05,-0.00330748235335931,0.0
2017-04-06,0.003115044540388947,0.0
2017-04-07,-0.0017494140321715316,0.0
2017-04-10,0.0005652757430391234,0.0
2017-04-11,-0.00016439174534743986,0.0
2017-04-12,-0.0070490346710806485,0.0
2017-04-13,-0.005629927624019936,0.0
2017-04-17,0.010189134613994935,0.0
2017-04-18,-0.002587820832481308,0.0
2017-04-19,0.001863958795836347,0.0
2017-04-20,0.008894809644159507,0.0
2017-04-21,-0.0016007099056547722,0.0
2017-04-24,0.012732812829521937,0.0
2017-04-25,0.006429854428256742,0.0
2017-04-26,-0.0017220919936327232,0.0
2017-04-27,-0.0016200447873333664,0.0
2017-04-28,-0.001026543017142259,0.0
2017-05-01,0.0010266910048049027,0.6782161224443082
2017-05-02,-0.0003229472347900683,0.0
2017-05-03,-0.0007561872483917148,0.0
2017-05-04,0.002066239331618796,0.0
2017-05-05,0.0035219573308711027,0.0
2017-05-08,-0.001563377439838792,0.0
2017-05-09,0.0015055918587534552,0.0
2017-05-10,0.0027183017856081686,0.0
2017-05-11,-0.002234693596199937,0.0
2017-05-12,-0.0033841126001134206,0.0
2017-05-15,0.005476219328978314,0.0
2017-05-16,-0.0003623398882280515,0.0
2017-05-17,-0.017875075479139496,0.0
2017-05-18,0.0038076456820809613,0.0
2017-05-19,0.009551440735166767,0.0
2017-05-22,0.007241074796848462,0.0
2017-05-23,0.003118167665833744,0.0
2017-05-24,0.004236703240237664,0.0
2017-05-25,0.006313011148368935,0.0
2017-05-26,0.0002827223012192332,0.0
2017-05-30,-0.0006694472846032061,0.0
2017-05-31,0.0015213438228749063,0.0
2017-06-01,0.005007950330290889,0.7850841218132744
2017-06-02,0.005147768843178836,0.0
2017-06-05,-0.003208914486203013,0.0
2017-06-06,-0.005090988165877658,0.0
2017-06-07,0.002093886985759229,0.0
2017-06-08,0.0024073825495088026,0.0
2017-06-09,-0.002949348830655814,0.0
2017-06-12,-0.0015264619810747,0.0
2017-06-13,0.006033041109394402,0.0
2017-06-14,-0.003657925412703264,0.0
2017-06-15,-0.0009083719574901111,0.0
2017-06-16,-5.233363649623647e-06,0.0
2017-06-19,0.00898241229625794,0.0
2017-06-20,-0.008339303003014342,0.0
2017-06-21,0.0003346106277730316,0.0
2017-06-22,-0.0010105733553133116,0.0
2017-06-23,0.0026843303650824625,0.0
2017-06-26,-8.01095109937821e-06,0.0
2017-06-27,-0.00981264465496175,0.0
2017-06-28,0.010476321890339486,0.0
2017-06-29,-0.011690998085306874,0.0
2017-06-30,0.001781617304834331,0.0
2017-07-03,-0.0019451593887453988,0.7185126042168988
2017-07-05,0.0075226556228578855,0.0
2017-07-06,-0.0076431432947388295,0.0
2017-07-07,0.009719992030260078,0.0
2017-07-10,0.0026125321668390615,0.0
2017-07-11,-0.0006732837915123739,0.0
2017-07-12,0.007751989795145782,0.0
2017-07-13,9.44686598052257e-05,0.0
2017-07-14,0.00403479719627872,0.0
2017-07-17,0.0005309571732095622,0.0
2017-07-18,0.0009863948922097035,0.0
2017-07-19,0.0054579481529744844,0.0
2017-07-20,0.0002581650110988422,0.0
2017-07-21,0.0038969571268708397,0.0
2017-07-24,-0.0025552103357378416,0.0
2017-07-25,-0.004572228524244638,0.0
2017-07-26,-0.0014402322325014327,0.0
2017-07-27,-0.0063949887114469126,0.0
2017-07-28,-0.002150756532211652,0.0
2017-07-31,-0.0032066008274505295,0.0
2017-08-01,0.002371129299112651,0.5878274620678363
2017-08-02,-2.707347101310462e-05,0.0
2017-08-03,-0.001233378584027364,0.0
2017-08-04,0.0034787928803978203,0.0
2017-08-07,0.0021026802088327887,0.0
2017-08-08,-0.003201074193520302,0.0
2017-08-09,-0.0026370895930934047,0.0
2017-08-10,-0.018472976689734244,0.0
2017-08-11,0.003172421114812677,0.0
2017-08-14,0.013223563751546315,0.0
2017-08-15,-0.0007780988673815136,0.0
2017-08-16,0.002530843624634463,0.0
2017-08-17,-0.01924889980018124,0.0
2017-08-18,-0.0019102410621975488,0.0
2017-08-21,0.0009725458288549272,0.0
2017-08-22,0.012400767438378792,0.0
2017-08-23,-0.005281263000450207,0.0
2017-08-24,-0.00043174880108296475,0.0
2017-08-25,0.0017316389643792143,0.0
2017-08-28,0.0010748171093565469,0.0
2017-08-29,-0.0007413431132974288,0.0
2017-08-30,0.007061738326386079,0.0
2017-08-31,0.006133477839605406,0.0
2017-09-01,0.002171362465052118,0.540322235843758
2017-09-05,-0.012144320163932375,0.0
2017-09-06,-0.0004576843320732685,0.0
2017-09-07,-0.00034101114541441717,0.0
2017-09-08,0.0026258424281775956,0.0
2017-09-11,0.014487516964876102,0.0
2017-09-12,-0.00021058349570311002,0.0
2017-09-13,-0.0026932834443291814,0.0
2017-09-14,0.0004822653624923549,0.0
2017-09-15,0.0013315613659160902,0.0
2017-09-18,0.00030342478975306465,0.0
2017-09-19,0.0030594797480829944,0.0
2017-09-20,-0.0008114620569568431,0.0
2017-09-21,-0.0005458112361346693,0.0
2017-09-22,0.00030680538572827793,0.0
2017-09-25,-0.006242486639968065,0.0
2017-09-26,0.0021351143760578173,0.0
2017-09-27,0.003052864552358342,0.0
2017-09-28,0.004367277533335541,0.0
2017-09-29,0.003973827194334095,0.0
2017-10-02,0.0007575694167973879,0.6502569099775612
2017-10-03,0.002089174652418163,0.0
2017-10-04,0.0012113103326816298,0.0
2017-10-05,0.0031397714299942854,0.0
2017-10-06,2.130058733080067e-05,0.0
2017-10-09,0.001121532375944775,0.0
2017-10-10,0.002703105645169216,0.0
2017-10-11,0.0015232435073542698,0.0
2017-10-12,0.002534486387199765,0.0
2017-10-13,-0.0005052175106777251,0.0
2017-10-16,0.0015607802641955056,0.0
2017-10-17,-0.0008827912907993219,0.0
2017-10-18,0.002947121226539638,0.0
2017-10-19,0.0014944256117387562,0.0
2017-10-20,0.004308617809438468,0.0
2017-10-23,-0.003950807160667746,0.0
2017-10-24,0.0037537118689781905,0.0
2017-10-25,-0.004980487752273701,0.0
2017-10-26,-6.191377868831633e-05,0.0
2017-10-27,0.007089833906830555,0.0
2017-10-30,-0.005456340358543865,0.0
2017-10-31,-0.0010526912852286158,0.0
2017-11-01,-0.004474980860513567,0.6943326461947661
2017-11-02,0.0027540324140994566,0.0
2017-11-03,0.002515962858225326,0.0
2017-11-06,0.003146843154494,0.0
2017-11-07,-0.0020988582044063637,0.0
2017-11-08,0.0002480682828476062,0.0
2017-11-09,-0.0049641851578338895,0.0
2017-11-10,0.0013368322353096303,0.0
2017-11-13,0.001958601822818587,0.0
2017-11-14,0.0016838503405094726,0.0
2017-11-15,-0.004184753370908099,0.0
2017-11-16,0.010873677852268612,0.0
2017-11-17,-0.0010851975560095988,0.0
2017-11-20,0.0032129007252697577,0.0
2017-11-21,0.006102689104314916,0.0
2017-11-22,-0.0019481292079694635,0.0
2017-11-24,0.00025906647032948506,0.0
2017-11-27,-0.0006974041281267619,0.0
2017-11-28,0.013193818136245322,0.0
2017-11-29,-0.0004956648678767466,0.0
2017-11-30,0.007536847548037397,0.0
2017-12-01,-0.005050941070211201,1.0402996994043585
2017-12-04,-0.01141801562331351,0.0
2017-12-05,-0.000983165634383819,0.0
2017-12-06,0.0013985392340673105,0.0
2017-12-07,0.006525841688708244,0.0
2017-12-08,0.005052445466996691,0.0
2017-12-11,0.0005515264327273855,0.0
2017-12-12,-0.0029018668055747297,0.0
2017-12-13,0.0008815204491931967,0.0
2017-12-14,-0.003699979176491777,0.0
2017-12-15,0.007847241073030064,0.0
2017-12-18,0.00434429983599441,0.0
2017-12-19,-0.005939564516739558,0.0
2017-12-20,-0.0017214108340561365,0.0
2017-12-21,-0.0010438858561105302,0.0
2017-12-22,0.0006944594499698742,0.0
2017-12-26,0.00038616488219568335,0.0
2017-12-27,0.0014581441475421896,0.0
2017-12-28,0.002786398201150147,0.0
2017-12-29,-0.00460885814468065,0.0
2018-01-02,0.0023503584183099946,0.6161005907617914
2018-01-03,0.009146065228285694,0.0
2018-01-04,0.0028109184542519142,0.0
2018-01-05,0.009594376435399593,0.0
2018-01-08,0.0038414567817667998,0.0
2018-01-09,0.004215551173094594,0.0
2018-01-10,-0.006909423384831581,0.0
2018-01-11,0.007471119307773609,0.0
2018-01-12,0.0075558636188845976,0.0
2018-01-16,-0.004076165175140287,0.0
2018-01-17,0.0127268542434416,0.0
2018-01-18,-0.0020539258617327024,0.0
2018-01-19,0.007470148243489056,0.0
2018-01-22,0.006373843089013419,0.0
2018-01-23,0.0015733440443990335,0.0
2018-01-24,0.0012107744536291065,0.0
2018-01-25,0.0021915533731732112,0.0
2018-01-26,0.012461761282887927,0.0
2018-01-29,-0.009096817277213735,0.0
2018-01-30,-0.008988594439534042,0.0
2018-01-31,-0.00016341925632610164,0.0
2018-02-01,-0.004310922350756585,1.568116072992373
2018-02-02,-0.018345403552969215,0.0
2018-02-05,-0.037288624290497514,0.0
2018-02-06,0.017819455446684195,0.0
2018-02-07,-0.0012924666067838343,0.0
2018-02-08,-0.03289751409526896,0.0
2018-02-09,0.010416437727237302,0.0
2018-02-12,0.009792655523645043,0.0
2018-02-13,-0.0042994955531524374,0.0
2018-02-14,0.020683252859363854,0.0
2018-02-15,0.01258875085034607,0.0
2018-02-16,0.0030470523158818534,0.0
2018-02-20,-0.006989131508649724,0.0
2018-02-21,-0.004793413857929104,0.0
2018-02-22,0.0010942534870689523,0.0
2018-02-23,0.01693924389693969,0.0
2018-02-26,0.0070323490445301454,0.0
2018-02-27,-0.014459341100208972,0.0
2018-02-28,-0.010736037275643505,0.0
2018-03-01,-0.013235227569586172,0.9774508595195566
2018-03-02,0.007544403122929422,0.0
2018-03-05,0.011092771652935388,0.0
2018-03-06,0.0035951245109012435,0.0
2018-03-07,-0.0020832107683285165,0.0
2018-03-08,0.006071617601959364,0.0
2018-03-09,0.015403922647038243,0.0
2018-03-12,-0.00035233205080396077,0.0
2018-03-13,-0.005385946433242949,0.0
2018-03-14,-0.007591478477662607,0.0
2018-03-15,-0.00293030766143918,0.0
2018-03-16,0.002495475134116304,0.0
2018-03-19,-0.016099973103988335,0.0
2018-03-20,-0.001318977697704303,0.0
2018-03-21,0.0016380516275534868,0.0
2018-03-22,-0.02440834760252828,0.0
2018-03-23,-0.020723018897201028,0.0
2018-03-26,0.02171462710688186,0.0
2018-03-27,-0.014237420356352318,0.0
2018-03-28,0.0020006024502511196,0.0
2018-03-29,0.01441164863459862,0.0
2018-04-02,-0.026511934300867623,0.8436640697751956
2018-04-03,0.011989953614260567,0.0
2018-04-04,0.013442975113261191,0.0
2018-04-05,0.006858322794111174,0.0
2018-04-06,-0.024946737471304402,0.0
2018-04-09,0.0032772272900542035,0.0
2018-04-10,0.018525587443182452,0.0
2018-04-11,-0.005193457567578708,0.0
2018-04-12,0.008385912640475782,0.0
2018-04-13,-0.0030703556588661924,0.0
2018-04-16,0.006868793915895455,0.0
2018-04-17,0.009379116261344094,0.0
2018-04-18,0.0023726114803063326,0.0
2018-04-19,-0.009542623184910538,0.0
2018-04-20,-0.007861833305208316,0.0
2018-04-23,0.0019259927845851972,0.0
2018-04-24,-0.014815153837946257,0.0
2018-04-25,0.001880945824535962,0.0
2018-04-26,0.016354653142749184,0.0
2018-04-27,0.00047965165085639796,0.0
2018-04-30,-0.00814353068053935,0.0
2018-05-01,-0.0007018947901978878,0.8088493092548392
2018-05-02,-0.012794920043657652,0.0
2018-05-03,-0.002435878347766235,0.0
2018-05-04,0.013206496629257998,0.0
2018-05-07,0.003104393190895645,0.0
2018-05-08,0.0017066376627209168,0.0
2018-05-09,0.00436615175043524,0.0
2018-05-10,0.009337661401543199,0.0
2018-05-11,0.0032807822251251463,0.0
2018-05-14,-0.0015335609660227598,0.0
2018-05-15,-0.004790187250454114,0.0
2018-05-16,0.008406248786430679,0.0
2018-05-17,-0.0003056507484256489,0.0
2018-05-18,-0.0007493840959337734,0.0
2018-05-21,0.005569802597660899,0.0
2018-05-22,-0.004358445272037299,0.0
2018-05-23,-0.0017260602597771988,0.0
2018-05-24,-0.0011164259365673643,0.0
2018-05-25,-0.0021439637822588545,0.0
2018-05-29,-0.012500135700485812,0.0
2018-05-30,0.012033529479130077,0.0
2018-05-31,-0.011745660574512892,0.0
2018-06-01,0.008025388732768812,1.0264688262191872
2018-06-04,0.005380442464508317,0.0
2018-06-05,0.0002532289654925126,0.0
2018-06-06,0.008737654514444337,0.0
2018-06-07,-0.000986324662739736,0.0
2018-06-08,0.005669508957792116,0.0
2018-06-11,0.003660399605768372,0.0
2018-06-12,0.0027162696807762256,0.0
2018-06-13,-0.010255612093987333,0.0
2018-06-14,0.003418443847381925,0.0
2018-06-15,-0.00015794612983063415,0.0
2018-06-18,-0.0027629185774940995,0.0
2018-06-19,-0.003597932456407097,0.0
2018-06-20,0.0007978883757075277,0.0
2018-06-21,-0.006299313126735534,0.0
2018-06-22,0.0007616125008159092,0.0
2018-06-25,-0.01110299413056728,0.0
2018-06-26,0.0004664096298440856,0.0
2018-06-27,-0.01097989440357262,0.0
2018-06-28,0.004209320437847159,0.0
2018-06-29,0.001992480453044104,0.0
2018-07-02,-0.0010675509915394343,0.6745607209519648
2018-07-03,-0.002519749343897621,0.0
2018-07-05,0.00761660151219757,0.0
2018-07-06,0.006901653562947591,0.0
2018-07-09,0.014480792481904694,0.0
2018-07-10,0.002810546008013238,0.0
2018-07-11,-0.011060321643776568,0.0
2018-07-12,0.002460382527777328,0.0
2018-07-13,0.0016243041532663233,0.0
2018-07-16,-0.0007151061499457614,0.0
2018-07-17,0.006691242343125908,0.0
2018-07-18,0.005226959345243672,0.0
2018-07-19,-0.0006176599191374141,0.0
2018-07-20,-0.00560763678193692,0.0
2018-07-23,0.003666606365363501,0.0
2018-07-24,-0.0020690522600917962,0.0
2018-07-25,0.006580296929984962,0.0
2018-07-26,0.0024415021314278225,0.0
2018-07-27,-0.0031171387374760422,0.0
2018-07-30,-0.0012794794774731782,0.0
2018-07-31,0.004282375709534496,0.0
2018-08-01,-0.011137419739573051,0.8069635639352992
2018-08-02,0.006391332621805929,0.0
2018-08-03,0.006995993779341157,0.0
2018-08-06,-0.00032766828533821983,0.0
2018-08-07,-0.00026981556611427315,0.0
2018-08-08,-0.0011750701969530063,0.0
2018-08-09,0.0005353207428324196,0.0
2018-08-10,-0.011741136502076605,0.0
2018-08-13,-0.004214674472322133,0.0
2018-08-14,0.011599159857350848,0.0
2018-08-15,-0.006178887589767137,0.0
2018-08-16,0.007316357326192376,0.0
2018-08-17,0.005307652278561425,0.0
2018-08-20,0.0026588425157615036,0.0
2018-08-21,0.0043403972368844124,0.0
2018-08-22,-1.6131324775526742e-05,0.0
2018-08-23,-0.0035552711824126853,0.0
2018-08-24,0.0027698931543182386,0.0
2018-08-27,0.004242526393745493,0.0
2018-08-28,-3.989122261396742e-05,0.0
2018-08-29,0.005072106046249953,0.0
2018-08-30,-0.009659838871759283,0.0
2018-08-31,0.0002025204593749262,0.0
2018-09-04,-0.00615100072071928,0.7542782925649967
2018-09-05,0.0036998757918637708,0.0
2018-09-06,-0.0037859970626016788,0.0
2018-09-07,-0.003240022480637523,0.0
2018-09-10,0.004326707025204291,0.0
2018-09-11,-0.0025181401856272526,0.0
2018-09-12,0.00532565751265942,0.0
2018-09-13,0.003326144135373529,0.0
2018-09-14,0.0004563979199012807,0.0
2018-09-17,-0.0026131988800767577,0.0
2018-09-18,0.005081402992290165,0.0
2018-09-19,0.0035905615765730874,0.0
2018-09-20,0.0077585019609905,0.0
2018-09-21,0.0006357374076837245,0.0
2018-09-24,-0.010482755257643361,0.0
2018-09-25,-0.005706228305954064,0.0
2018-09-26,0.0012424273492842683,0.0
2018-09-27,-0.0014969651668569576,0.0
2018-09-28,0.0005273456489209045,0.0
2018-10-01,-0.0016131301441842938,0.8083270973268897
2018-10-02,-0.002261518866922354,0.0
2018-10-03,0.00031011735855606434,0.0
2018-10-04,-0.00872539413373839,0.0
2018-10-05,-0.00712548842440014,0.0
2018-10-08,1.7755367340120936e-05,0.0
2018-10-09,-0.011290685248562077,0.0
2018-10-10,-0.026431887276070654,0.0
2018-10-11,-0.01971001155145459,0.0
2018-10-12,0.006350694603702485,0.0
2018-10-15,0.0006249672472070791,0.0
2018-10-16,0.02063349992359822,0.0
2018-10-17,-0.0040515059451786736,0.0
2018-10-18,-0.01824569148374696,0.0
2018-10-19,0.0005962451819733885,0.0
2018-10-22,-0.008404758506586384,0.0
2018-10-23,-0.00232323207372033,0.0
2018-10-24,-0.02882386231499707,0.0
2018-10-25,0.014530428765712335,0.0
2018-10-26,-0.02226530990230045,0.0
2018-10-29,-0.003179067624904377,0.0
2018-10-30,0.020330443870135863,0.0
2018-10-31,0.008027688740990597,0.0
2018-11-01,0.021940108026053062,1.036697859810029
2018-11-02,-0.005622536159018707,0.0
2018-11-05,0.007359875937640522,0.0
2018-11-06,0.010224757846228363,0.0
2018-11-07,0.018069289444053966,0.0
2018-11-08,0.0022170759276965227,0.0
2018-11-09,-0.009438523028620138,0.0
2018-11-12,-0.02004897947157203,0.0
2018-11-13,-0.00010247390041433796,0.0
2018-11-14,-0.006977640450214428,0.0
2018-11-15,0.010799316790449548,0.0
2018-11-16,0.0019117736740785912,0.0
2018-11-19,-0.018054536631523423,0.0
2018-11-20,-0.017322835860174628,0.0
2018-11-21,0.005438519838018684,0.0
2018-11-23,-0.0020954185874726638,0.0
2018-11-26,0.017745942892087908,0.0
2018-11-27,-0.001313111573976236,0.0
2018-11-28,0.020195902989246187,0.0
2018-11-29,-0.005630871538195689,0.0
2018-11-30,0.005097908714247742,0.0
2018-12-03,0.010096094082279183,0.8483362628628965
2018-12-04,-0.036572908092431335,0.0
2018-12-06,-0.0054759314660332405,0.0
2018-12-07,-0.024501545288325904,0.0
2018-12-10,-0.0006809398560778247,0.0
2018-12-11,-0.0014097622281445477,0.0
2018-12-12,0.008557822031516064,0.0
2018-12-13,-0.00716602654048131,0.0
2018-12-14,-0.011596678396749955,0.0
2018-12-17,-0.01644325606857395,0.0
2018-12-18,0.0021549185346623648,0.0
2018-12-19,-0.014813325669617843,0.0
2018-12-20,-0.018275054200285898,0.0
2018-12-21,-0.01715695423666983,0.0
2018-12-24,-0.02186447165875011,0.0
2018-12-26,0.04564038986359986,0.0
2018-12-27,0.0075559027079727305,0.0
2018-12-28,-0.003273175785500346,0.0
2018-12-31,0.008726974556630188,0.0
2019-01-02,0.0021369516519791354,0.7762756503219266
2019-01-03,-0.01868113516490664,0.0
2019-01-04,0.03631493390694865,0.0
2019-01-07,0.012195298984185499,0.0
2019-01-08,0.012487070294081172,0.0
2019-01-09,0.006951912173264961,0.0
2019-01-10,0.00571119699459351,0.0
2019-01-11,0.0034141829514467634,0.0
2019-01-14,-0.005568483584138195,0.0
2019-01-15,0.0051632593708217794,0.0
2019-01-16,0.0006261651708201047,0.0
2019-01-17,0.008218360530833179,0.0
2019-01-18,0.01353957077195772,0.0
2019-01-22,-0.015004165710382444,0.0
2019-01-23,0.000534757443219106,0.0
2019-01-24,0.006593055294141819,0.0
2019-01-25,0.01484343705626133,0.0
2019-01-28,0.0007378980922121563,0.0
2019-01-29,0.00020438786644463432,0.0
2019-01-30,0.010690489848218597,0.0
2019-01-31,0.0122348925759296,0.0
2019-02-01,-0.0009379552720170103,1.1701190159631205
2019-02-04,0.00721128738994702,0.0
2019-02-05,0.003042133430823017,0.0
2019-02-06,-0.00022849161590538357,0.0
2019-02-07,-0.009858775101841856,0.0
2019-02-08,0.007167655874322606,0.0
2019-02-11,0.00370684116604577,0.0
2019-02-12,0.010855635145150458,0.0
2019-02-13,0.005033402415418716,0.0
2019-02-14,-0.0008112388199083086,0.0
2019-02-15,0.0009005836885184674,0.0
2019-02-19,0.002954517498433051,0.0
2019-02-20,0.001829293586134593,0.0
2019-02-21,-0.0020547267708295415,0.0
2019-02-22,0.0018475554849705141,0.0
2019-02-25,-0.0013037745562131267,0.0
2019-02-26,-0.0010851657150605146,0.0
2019-02-27,-0.005548752010042157,0.0
2019-02-28,-0.00031399510021644177,0.0
2019-03-01,0.00423250783930329,1.02208193595016
2019-03-04,-0.005604805360568657,0.0
2019-03-05,-0.0024688214775871356,0.0
2019-03-06,-0.008588149737158468,0.0
2019-03-07,-0.00832308704926676,0.0
2019-03-08,-0.0023434267590436413,0.0
2019-03-11,0.012730738893265661,0.0
2019-03-12,0.00197448325106371,0.0
2019-03-13,0.0066647301187434515,0.0
2019-03-14,-0.0017592508721001637,0.0
2019-03-15,0.005106458276879192,0.0
2019-03-18,0.005318229553583693,0.0
2019-03-19,0.0002972858425440518,0.0
2019-03-20,-0.008920504073385927,0.0
2019-03-21,0.013708504993875239,0.0
2019-03-22,-0.021650627248488156,0.0
2019-03-25,0.0005609443849863948,0.0
2019-03-26,0.004521931935928954,0.0
2019-03-27,-0.003858904268159524,0.0
2019-03-28,0.0072590544343214165,0.0
2019-03-29,0.007312876299130114,0.0
2019-04-01,0.012700732954691762,0.8037922802254772
2019-04-02,0.0030019547761422067,0.0
2019-04-03,0.004440166504990873,0.0
2019-04-04,0.003662916241723816,0.0
2019-04-05,0.007092291256012765,0.0
2019-04-08,0.0008447622816491062,0.0
2019-04-09,-0.009340054287268432,0.0
2019-04-10,0.005533041646865947,0.0
2019-04-11,-0.0005924783724354363,0.0
2019-04-12,0.005659114830760737,0.0
2019-04-15,-0.0020162203114008955,0.0
2019-04-16,0.00017699569693538597,0.0
2019-04-17,-0.007768416673932914,0.0
2019-04-18,0.00321011291761528,0.0
2019-04-22,-0.006370801532085578,0.0
2019-04-23,0.006219498387981514,0.0
2019-04-24,-0.0018846408500635642,0.0
2019-04-25,-0.00428831557478516,0.0
2019-04-26,0.006758004420154829,0.0
2019-04-29,-0.0001627327059843178,0.0
2019-04-30,0.0017255033646787717,0.0
2019-05-01,-0.009829170210228666,0.8473121177161874
2019-05-02,0.004312379701268633,0.0
2019-05-03,0.012306816408770405,0.0
2019-05-06,-0.00595765676516819,0.0
2019-05-07,-0.02054834446207031,0.0
2019-05-08,-0.002306733388803984,0.0
2019-05-09,-0.0008038397586248895,0.0
2019-05-10,-0.000942773308893544,0.0
2019-05-13,-0.03184936385933719,0.0
2019-05-14,0.009822670681241048,0.0
2019-05-15,0.006162377995744751,0.0
2019-05-16,0.0035747016473661455,0.0
2019-05-17,-0.009157179202817117,0.0
2019-05-20,-0.008277046530759231,0.0
2019-05-21,0.009436614449858086,0.0
2019-05-22,-0.0034620431716596905,0.0
2019-05-23,-0.013244069190445528,0.0
2019-05-24,-0.0007460667364310363,0.0
2019-05-28,-0.010004248509571063,0.0
2019-05-29,-0.007483314876439988,0.0
2019-05-30,0.0027688730533461632,0.0
2019-05-31,-0.014529767835144161,0.0
2019-06-03,0.004431364859810882,0.8673127094515725
2019-06-04,0.02687698016493245,0.01708394548921558
2019-06-05,-0.0017738024534318022,0.0
2019-06-06,-0.00029879761642869336,0.0
2019-06-07,0.0068087646037499495,0.0
2019-06-10,0.009117600230990579,0.0
2019-06-11,0.0015618992970984698,0.0
2019-06-12,-0.005761862123430527,0.0
2019-06-13,0.008880980098793978,0.0
2019-06-14,-0.00571598688524719,0.0
2019-06-17,-0.0006113378351690579,0.0
2019-06-18,0.014316650680425343,0.0
2019-06-19,0.001021312989410958,0.0
2019-06-20,0.008156837380874402,0.0
2019-06-21,-0.0003796821208670678,0.0
2019-06-24,-0.007544988002502968,0.0
2019-06-25,-0.006305437484118058,0.0
2019-06-26,0.007627857309377496,0.0
2019-06-27,0.007457627294461318,0.0
2019-06-28,0.010007896493226452,0.0
2019-07-01,0.004591108765461316,1.0618118402159153
2019-07-02,0.0016191291633649155,0.0
2019-07-03,0.009486159125200379,0.0
2019-07-05,-0.0018454042300719955,0.0
2019-07-08,-0.004403832061092777,0.0
2019-07-09,-0.0004371285519284857,0.0
2019-07-10,-0.0003064794015177186,0.0
2019-07-11,-0.0018635058657366123,0.0
2019-07-12,0.008371931195418143,0.0
2019-07-15,0.0024102721021345415,0.0
2019-07-16,-0.0007552434602677925,0.0
2019-07-17,-0.010057141702945102,0.0
2019-07-18,0.001289248923237733,0.0
2019-07-19,-0.007411787747136843,0.0
2019-07-22,-0.002573917132600618,0.0
2019-07-23,0.01416560225881066,0.0
2019-07-24,0.007985701889235848,0.0
2019-07-25,-0.005972110573303326,0.0
2019-07-26,0.007796000211788515,0.0
2019-07-29,0.0012093246222842874,0.0
2019-07-30,-0.0009553268319413596,0.0
2019-07-31,-0.010727888657080947,0.0
2019-08-01,-0.01509276136791926,0.999960940080361
2019-08-02,-0.008697071179303538,0.0
2019-08-05,-0.029966354435384833,0.0
2019-08-06,0.004357240988570297,0.0
2019-08-07,0.0017762305218559198,0.0
2019-08-08,0.016989744594428795,0.0
2019-08-09,-0.010020630234615347,0.0
2019-08-12,-0.01374084479684412,0.018003825098286404
2019-08-13,0.014668371232746905,0.0
2019-08-14,-0.03488987793266451,0.0
2019-08-15,-0.0011957153699314598,0.0
2019-08-16,0.016573198503664142,0.0
2019-08-19,0.01461977601723467,0.0
2019-08-20,-0.008966700766539984,0.0
2019-08-21,0.014576882201171648,0.0
2019-08-22,-0.000721697371722064,0.0
2019-08-23,-0.030959228801393023,0.0
2019-08-26,0.006800259767401725,0.0
2019-08-27,-0.008387944944087818,0.0
2019-08-28,0.012343321160251606,0.0
2019-08-29,0.015952324912877215,0.0
2019-08-30,0.003673478127994244,0.0
2019-09-03,-0.014004701011146148,0.9454857446848752
2019-09-04,0.014250683721990806,0.0
2019-09-05,0.017638861321475914,0.0
2019-09-06,0.004772703244841924,0.0
2019-09-09,0.009765840859891965,0.0
2019-09-10,0.013904445313772155,0.0
2019-09-11,0.009762432927907929,0.0
2019-09-12,-0.0015434325282122161,0.0
2019-09-13,0.0019474192816920704,0.0
2019-09-16,-0.004549161936790366,0.0
2019-09-17,-0.004633664230347579,0.0
2019-09-18,-0.001674932393246342,0.0
2019-09-19,-0.004565598995343947,0.0
2019-09-20,-0.005374868627660424,0.0
2019-09-23,0.001106618626627063,0.0
2019-09-24,-0.009351871281985433,0.0
2019-09-25,0.007941710318173801,0.0
2019-09-26,-0.0025567215649625018,0.0
2019-09-27,-0.0033761445322694704,0.0
2019-09-30,0.007485158522421944,0.0
2019-10-01,-0.01666370163774067,0.7113504815831966
2019-10-02,-0.021358153506121285,0.0
2019-10-03,0.009426953402487564,0.0
2019-10-04,0.012219524462625395,0.0
2019-10-07,-0.004195129906115246,0.0
2019-10-08,-0.019516470152761048,0.0
2019-10-09,0.010339577227959664,0.0
2019-10-10,0.009476624499179862,0.0
2019-10-11,0.01893275214542392,0.0
2019-10-14,-0.0036983914794420625,0.0
2019-10-15,0.011195825585504264,0.0
2019-10-16,0.0010243520990554876,0.0
2019-10-17,0.004888338517828641,0.0
2019-10-18,-0.0020078215610220915,0.0
2019-10-21,0.006688295177869855,0.0
2019-10-22,0.001427605442035277,0.0
2019-10-23,0.0011005729602401714,0.0
2019-10-24,-0.003938531103206767,0.0
2019-10-25,0.006535352565583298,0.0
2019-10-28,0.005110740187561689,0.0
2019-10-29,0.0025665097245192495,0.0
2019-10-30,-0.0019655655934553945,0.0
2019-10-31,-0.010212257498635729,0.0
2019-11-01,0.017874787638757716,0.658485281763789
2019-11-04,0.012314368368790131,0.0
2019-11-05,0.0003171439382029114,0.0
2019-11-06,-0.006100790005964726,0.0
2019-11-07,0.006303046154591519,0.0
2019-11-08,-7.66019364978753e-05,0.0
2019-11-11,-0.0026515491368367793,0.0
2019-11-12,-0.002089008497299181,0.0
2019-11-13,-0.0055361176044280164,0.0
2019-11-14,0.00194146243778528,0.0
2019-11-15,0.009133718390365385,0.0
2019-11-18,-0.00214463721965471,0.0
2019-11-19,-0.009114324543899047,0.0
2019-11-20,-0.001857864823194273,0.0
2019-11-21,0.0006462170941944675,0.0
2019-11-22,0.0054925891400061655,0.018776298966448692
2019-11-25,0.008315079871121423,0.0
2019-11-26,-0.00460837361612639,0.0
2019-11-27,0.0016750335831315186,0.0
2019-11-29,-0.006142649887490431,0.0
2019-12-02,-0.01008783660816992,0.8300683186261454
2019-12-03,-0.01242969688248799,0.0
2019-12-04,0.005547727630800357,0.0
2019-12-05,0.005819747382217999,0.0
2019-12-06,0.009824162748102952,0.0
2019-12-09,-0.0018401977143073112,0.0
2019-12-10,-0.0009311694099244231,0.0
2019-12-11,0.0025282704348575883,0.0
2019-12-12,0.01668716644063309,0.0
2019-12-13,-0.006495073297632608,0.0
2019-12-16,0.002449368132569251,0.0
2019-12-17,0.0025336815115875972,0.0
2019-12-18,0.0013719571767573358,0.0
2019-12-19,0.001677849274284807,0.0
2019-12-20,0.005459744499019862,0.0
2019-12-23,0.002029081109701146,0.0
2020-01-29,-0.005444210520073933,0.7886551869272853
2020-01-30,-0.00024475922528037724,0.0
2020-01-31,-0.018942873657687903,0.0
2020-02-03,0.005419811162558297,0.6656413055107357
2020-02-04,0.011347549552068055,0.0
2020-02-05,0.01874406638052694,0.0
2020-02-06,-0.008241120708225165,0.0
2020-02-07,-0.00680153019403958,0.0
2020-02-10,0.0040142143470259985,0.0
2020-02-11,0.0066890471376601065,0.0
2020-02-12,0.007431108548993991,0.0
2020-02-13,-0.001894441739862123,0.0
2020-02-14,-0.001095501361585253,0.0
2020-02-18,-0.003674861578900495,0.0
2020-02-19,0.0031352173560971843,0.0
2020-02-20,0.00042913856605946717,0.0
2020-02-21,-0.00500865457651367,0.0
2020-02-24,-0.028670795389757434,0.0
2020-02-25,-0.03309415214561891,0.0
2020-02-26,-0.010127781062331451,0.0
2020-02-27,-0.03500242467014181,0.0
2020-02-28,-0.012133720920738698,0.0
2020-03-02,0.03362475159168876,0.944781217712301
2020-03-03,-0.029541253748589007,0.0
2020-03-04,0.03475780617239973,0.0
2020-03-05,-0.03943365668746199,0.0
2020-03-06,-0.012094330018871358,0.0
2020-03-09,-0.07624768641373861,0.0
2020-03-10,0.04565840959649653,0.0
2020-03-11,-0.05104730754534695,0.0
2020-03-12,-0.10186472188362983,0.0
2020-03-13,0.08128545459845533,0.0
2020-03-16,-0.1109375156999487,0.0
2020-03-17,0.0667202897673925,0.0
2020-03-18,-0.06553935586252108,0.0
2020-03-19,0.002232746593287158,0.0
2020-03-20,-0.049332884999193485,0.0
2020-03-23,-0.0309684931651989,0.0
2020-03-24,0.08786972678338896,0.0
2020-03-25,0.01818065854425177,0.0
2020-03-26,0.05617132780269503,0.0
2020-03-27,-0.03406037602466558,0.0
2020-03-30,0.025292136390740336,0.0
2020-03-31,-0.012189819271136909,0.0
2020-04-01,-0.04928132020721243,1.2370930285528772
2020-04-02,0.004139836356638052,0.0
2020-04-03,-0.01604961400800988,0.0
2020-04-06,0.08716984373090786,0.018377796696323376
2020-04-07,0.02674283847505409,0.0
2020-04-08,0.052940451860007204,0.0
2020-04-09,0.037827719559969754,0.0
2020-04-13,-0.03524424551804248,0.0
2020-04-14,0.024105704094625355,0.0
2020-04-15,-0.037516083506900604,0.0
2020-04-16,-0.01250866802225116,0.0
2020-04-17,0.0446230743051375,0.0
2020-04-20,-0.027978153539532105,0.0
2020-04-21,-0.02649730355068147,0.0
2020-04-22,0.012589842266740696,0.0
2020-04-23,0.002817631363280687,0.0
2020-04-24,0.01463493758530195,0.0
2020-04-27,0.03326949107632206,0.0
2020-04-28,0.022776572536291523,0.0
2020-04-29,0.0406414981479562,0.0
2020-04-30,-0.030741301019260214,0.0
2020-05-01,-0.04341157693046105,1.2300858799143208
2020-05-04,0.003023745024739358,0.0
2020-05-05,0.011868428139279564,0.0
2020-05-06,-0.013908002575058372,0.0
2020-05-07,0.010046495421837918,0.0
2020-05-08,0.015847557087803915,0.0
2020-05-11,0.0004095494983126402,0.0
2020-05-12,-0.01779539766543338,0.0
2020-05-13,-0.009829030953045983,0.0
2020-05-14,0.0070139032276497325,0.0
2020-05-15,0.0025439293991749872,0.0
2020-05-18,0.029044622137208924,0.0
2020-05-19,-0.013719356453245474,0.0
2020-05-20,0.008530568303067771,0.0
2020-05-21,-0.008264979180969892,0.0
2020-05-22,0.007127100553808842,0.0
2020-05-26,0.012192775809512356,0.0
2020-05-27,0.015867994042502803,0.0
2020-05-28,0.010506127177562542,0.0
2020-05-29,0.008325510841677396,0.0
2020-06-01,-0.0008956024301243204,0.8822228722215417
2020-06-02,0.00774834066553006,0.0
2020-06-03,0.028488801230412912,0.0
2020-06-04,-0.0017538771291752304,0.0
2020-06-05,0.035846645267521716,0.0
2020-06-08,0.019632813234415885,0.0
2020-06-09,-0.0210804144608148,0.0
2020-06-10,-0.018714071408695437,0.0
2020-06-11,-0.0664579417126562,0.0
2020-06-12,0.017579281439735514,0.0
2020-06-15,0.007961683579939649,0.0
2020-06-16,0.01928099573698521,0.0
2020-06-17,-0.012912611578208569,0.0
2020-06-18,-0.0015068837892328777,0.0
2020-06-19,-0.01379447078451226,0.0
2020-06-22,0.0008470430115603534,0.0
2020-06-23,-0.00035561592132338975,0.0
2020-06-24,-0.03410587472649296,0.0
2020-06-25,0.006613385302223279,0.0
2020-06-26,-0.018070107609783753,0.0
2020-06-29,0.02349347218791152,0.0
2020-06-30,0.01206905391111239,0.0
2020-07-01,-0.0028818939029296997,0.638081999724526
2020-07-02,0.00425776561900525,0.0
2020-07-06,0.003299318600863399,0.0
2020-07-07,-0.014908396391775583,0.0
2020-07-08,0.004461359911664842,0.0
2020-07-09,-0.018967701818388902,0.0
2020-07-10,0.018432105931825774,0.0
2020-07-13,-0.0015298097142724106,0.0
2020-07-14,0.012925758235353685,0.0
2020-07-15,0.026694312307468347,0.0
2020-07-16,-0.002833082855048909,0.0
2020-07-17,0.005222209690005519,0.0
2020-07-20,-0.006753028318867648,0.0
2020-07-21,0.009765913850646062,0.0
2020-07-22,0.013646066731949999,0.0
2020-07-23,-0.0006525568321100336,0.0
2020-07-24,-0.0027583748232885064,0.0
2020-07-27,0.0025493129098882903,0.0
2020-07-28,-0.005245252941026207,0.0
2020-07-29,0.01676293415002696,0.0
2020-07-30,-0.00886112675684931,0.0
2020-07-31,-0.0035496496224697712,0.0
2020-08-03,-0.006136010186336915,1.5452004752457453
2020-08-04,0.007940320660525423,0.0
2020-08-05,0.011563119389728881,0.0
2020-08-06,-0.0033839667221002277,0.0
2020-08-07,0.020032180479504877,0.0
2020-08-10,0.021900551980612408,0.0
2020-08-11,0.006399659473236989,0.0
2020-08-12,0.0007901843119404739,0.0
2020-08-13,-0.009560177949402848,0.0
2020-08-14,0.0044960390249032325,0.0
2020-08-17,-0.005023182037057812,0.0
2020-08-18,-0.010760420398610004,0.0
2020-08-19,-0.003124636127546875,0.0
2020-08-20,-0.00876473140257802,0.0
2020-08-21,-0.002077065573828943,0.0
2020-08-24,0.02878938279312646,0.0
2020-08-25,-0.003720341328565425,0.0
2020-08-26,-0.0064793600000188824,0.0
2020-08-27,0.007298221430461494,0.0
2020-08-28,0.012958526744709126,0.0
2020-08-31,-0.01648481235884194,0.0
2020-09-01,0.002932470462190251,0.9788776478981223
2020-09-02,0.018780914907336674,0.0
2020-09-03,-0.018703678578483325,0.0
2020-09-04,0.0010818914192848087,0.0
2020-09-08,-0.02317762625125379,0.0
2020-09-09,0.01262242650862775,0.0
2020-09-10,-0.01462953828336306,0.0
2020-09-11,0.009479941115144781,0.0
2020-09-14,0.014228092368572844,0.0
2020-09-15,-0.0006749074848965604,0.0
2020-09-16,0.01084994299539643,0.0
2020-09-17,-0.00018183495276595448,0.0
2020-09-18,-0.010008510740731103,0.0
2020-09-21,-0.028695344874942103,0.0
2020-09-22,0.0018613937843670477,0.0
2020-09-23,-0.023448036945759924,0.0
2020-09-24,0.0013100232242434996,0.0
2020-09-25,0.01068295330318151,0.0
2020-09-28,0.019980637570087674,0.0
2020-09-29,-0.0069367607070901696,0.0
2020-09-30,0.00890310611130353,0.0
2020-10-01,-0.004810697483968673,1.290743896754392
2020-10-02,0.0035657038606064177,0.0
2020-10-05,0.016316340346466604,0.0
2020-10-06,-0.008684912089548809,0.0
2020-10-07,0.015090827014013444,0.0
2020-10-08,0.014093632842329387,0.0
2020-10-09,0.0026512456156307313,0.0
2020-10-12,0.0032474649096803122,0.0
2020-10-13,-0.009719010408524843,0.0
2020-10-14,-0.001047546252681061,0.0
2020-10-15,0.0019808811787910253,0.0
2020-10-16,-0.0020178799173810554,0.0
2020-10-19,-0.012916324942470248,0.0
2020-10-20,0.007759246241343581,0.0
2020-10-21,-0.0027271760758674703,0.0
2020-10-22,0.008560751046413679,0.0
2020-10-23,0.0022140852745592835,0.0
2020-10-26,-0.02221927291466388,0.0
2020-10-27,-0.014010090498409882,0.0
2020-10-28,-0.03365611996482899,0.0
2020-10-29,0.004197999197914429,0.0
2020-10-30,-0.0008756243535881169,0.0
2020-11-02,0.016521695512901502,0.8558500609009081
2020-11-03,0.014503135233237078,0.0
2020-11-04,-0.0021608830770017077,0.0
2020-11-05,0.02083254748638324,0.0
2020-11-06,0.002684913572484179,0.0
2020-11-09,0.0333374700292553,0.0
2020-11-10,0.008778638126082748,0.0
2020-11-11,-0.00150109543195807,0.0
2020-11-12,-0.016479408985318137,0.0
2020-11-13,0.022971711972370835,0.0
2020-11-16,0.018553993431295195,0.0
2020-11-17,-0.003523893904631527,0.0
2020-11-18,-0.006549187075144607,0.0
2020-11-19,0.0019062238433959823,0.0
2020-11-20,-0.004968025764535383,0.0
2020-11-23,0.013327003936038508,0.0
2020-11-24,0.026238324575216326,0.0
2020-11-25,-0.006347969292580764,0.0
2020-11-27,-0.0006120392453690757,0.0
2020-11-30,-0.006652483688876238,0.0
2020-12-01,0.00549357887876778,1.1649294906504093
2020-12-02,0.000888832973177872,0.0
2020-12-03,0.0013547942405410568,0.0
2020-12-04,0.014091971135152209,0.0
2020-12-07,-0.003328597922746958,0.0
2020-12-08,0.0006690351342322443,0.0
2020-12-09,-0.0014659097536583268,0.0
2020-12-10,-0.0038203907401320983,0.0
2020-12-11,-0.004436475277683309,0.0
2020-12-14,-0.010290830800629478,0.0
2020-12-15,0.014234074536645474,0.0
2020-12-16,-0.0021135494750084403,0.0
2020-12-17,0.008161818593085398,0.0
2020-12-18,-0.0024477518662844827,0.0
2020-12-21,-0.006440384584616251,0.0
2021-01-08,0.001969279357598941,0.8011404163672647
2021-01-11,-0.005211840532403908,0.0
2021-01-12,0.0068614456580459405,0.0
2021-01-13,-0.00024018606154101228,0.0
2021-01-14,0.0007828614028317954,0.0
2021-01-15,-0.004914701438822541,0.0
2021-01-19,0.00436701987071217,0.0
2021-01-20,0.0077245134439612225,0.0
2021-01-21,-0.009741608251422933,0.0
2021-01-22,-0.002652880891762988,0.0
2021-01-25,0.0006504784187295043,0.0
2021-01-26,-0.0018730956189930426,0.0
2021-01-27,-0.021754770941944307,0.0
2021-01-28,0.01031083490840622,0.0
2021-01-29,-0.01985865321278987,0.0
2021-02-01,0.00974275910393918,0.5959184308962324
2021-02-02,0.018067432714271858,0.0
2021-02-03,0.0076330105076427585,0.0
2021-02-04,0.018669413821121597,0.0
2021-02-05,0.004996711937208817,0.0
2021-02-08,0.009454366914422703,0.0
2021-02-09,-0.0022978310405535073,0.0
2021-02-10,0.0047181675265376396,0.0
2021-02-11,-0.001219713302233538,0.0
2021-02-12,0.004386909139219947,0.0
2021-02-16,0.007033148392175181,0.0
2021-02-17,-0.002686748230710253,0.0
2021-02-18,-0.004696672071715914,0.0
2021-02-19,0.014506420548447451,0.0
2021-02-22,0.017715540562880373,0.0
2021-02-23,0.011587267525529753,0.0
2021-02-24,0.01991899968538906,0.0
2021-02-25,-0.024324098446834048,0.0
2021-02-26,-0.007773294284958175,0.0
2021-03-01,0.015385323939962614,0.6418447875451304
2021-03-02,-0.004400023530592977,0.0
2021-03-03,-0.002514377020470817,0.0
2021-03-04,-0.013058221212087134,0.0
2021-03-05,0.024339850086938338,0.0
2021-03-08,0.013662899676831496,0.0
2021-03-09,-0.006168538346687907,0.0
2021-03-10,0.011974918415024556,0.0
2021-03-11,0.002042822208231051,0.0
2021-03-12,0.007341471223578655,0.0
2021-03-15,0.009403016605090912,0.0
2021-03-16,-0.01294676143225039,0.0
2021-03-17,0.0011667843203604803,0.0
2021-03-18,-0.00946164510605358,0.0
2021-03-19,-0.00461354858038612,0.0
2021-03-22,-0.0031643446192837384,0.0
2021-03-23,-0.01929685419840245,0.0
2021-03-24,0.0022808574515035297,0.0
2021-03-25,0.01704967856932059,0.0
2021-03-26,0.019638310262839555,0.0
2021-03-29,-0.006402477516522355,0.0
2021-03-30,0.0029997183552642006,0.0
2021-03-31,-0.004767884560815175,0.0
2021-04-01,0.006021508739043835,1.0540316193936214
2021-04-05,0.010828679535597555,0.0
2021-04-06,0.0023167815228096475,0.0
2021-04-07,-0.0007639934906422038,0.0
2021-04-08,0.0013019886914011037,0.0
2021-04-09,0.007987997028134387,0.0
2021-04-12,0.0022974753857729234,0.0
2021-04-13,-0.0009406278907970443,0.0
2021-04-14,-0.0023854864372867524,0.0
2021-04-15,0.009251430368786869,0.0
2021-04-16,0.005064840650642891,0.0
2021-04-19,-0.0017494893817541091,0.0
2021-04-20,-0.00010282014422544885,0.0
2021-04-21,0.010334006705032815,0.0
2021-04-22,-0.0058444452096729285,0.0
2021-04-23,0.008156942754538488,0.0
2021-04-26,-0.001601339068981835,0.0
2021-04-27,0.0009141854113358555,0.0
2021-04-28,-0.0009627069574007755,0.0
2021-04-29,0.008080954420614087,0.0
2021-04-30,-0.0035029049602031447,0.0
2021-05-03,0.001993657639526303,0.877033264833885
2021-05-04,0.0017609949103639503,0.0
2021-05-05,-0.0042717307286180405,0.0
2021-05-06,0.007654244801878136,0.0
2021-05-07,0.005120747574668339,0.0
2021-05-10,0.005697365085372273,0.0
2021-05-11,-0.013120824593565004,0.0
2021-05-12,-0.018576051196848863,0.0
2021-05-13,0.015651985206208623,0.0
2021-05-14,0.0066998946059068955,0.0
2021-05-17,-0.0014060818217124542,0.0
2021-05-18,-0.005551792473119432,0.0
2021-05-19,-0.005187189726717974,0.0
2021-05-20,0.007994996118809227,0.0
2021-05-21,0.0021249337407818164,0.0
2021-05-24,0.003102831569778034,0.0
2021-05-25,-0.006681534949259571,0.0
2021-05-26,0.0007978189205546398,0.0
2021-05-27,-0.0012192002515268741,0.0
2021-05-28,0.0019870728161358563,0.0
2021-06-01,-0.002565625874650035,0.7241118473411841
2021-06-02,0.005096139777141157,0.0
2021-06-03,0.0016321361716517498,0.0
2021-06-04,0.004325440820998722,0.0
2021-06-07,-0.0021084310081965142,0.0
2021-06-08,-0.00023352487773004748,0.0
2021-06-09,0.0015121999400813013,0.0
2021-06-10,0.006343667232005836,0.0
2021-06-11,0.002473751682682206,0.0
2021-06-14,0.00022441173708405708,0.0
2021-06-15,-0.000612235913028125,0.0
2021-06-16,-0.009050366581666166,0.0
2021-06-17,-0.001499762530857273,0.0
2021-06-18,-0.017740046357584062,0.0
2021-06-21,0.01672298090019531,0.0
2021-06-22,-0.0008919314811778014,0.0
2021-06-23,-0.005761182297103859,0.0
2021-06-24,0.0027146494569273132,0.0
2021-06-25,0.0074217956068409665,0.0
2021-06-28,-0.0016399356448606583,0.0
2021-06-29,-0.00409150272525136,0.0
2021-06-30,-0.0012901272950846003,0.0
2021-07-01,0.006020074537629538,0.8301529581403213
2021-07-02,0.0048087963532368865,0.0
2021-07-06,-0.002625751142404884,0.0
2021-07-07,0.004785597806082354,0.0
2021-07-08,-0.006542323599328391,0.0
2021-07-09,0.010173328166287557,0.0
2021-07-12,0.002040040629991448,0.0
2021-07-13,-0.007338037837622087,0.0
2021-07-14,0.002604421794950516,0.0
2021-07-15,-0.0009294504759981044,0.0
2021-07-16,-0.0007877422001788495,0.0
2021-07-19,-0.017133198486028352,0.0
2021-07-20,0.01502507374646367,0.0
2021-07-21,0.0047639072530485,0.0
2021-07-22,-0.0032265702100453546,0.0
2021-07-23,0.00996471977918732,0.0
2021-07-26,0.0009602760699544984,0.0
2021-07-27,0.003070973745303139,0.0
2021-07-28,-0.0027085005853918435,0.0
2021-07-29,0.0017704898984782897,0.0
2021-07-30,-0.0030620731168461237,0.0
2021-08-02,-0.005510550389003832,0.7976878250195123
2021-08-03,0.004721960580878872,0.0
2021-08-04,-0.008455958859362627,0.0
2021-08-05,0.004409295334512706,0.0
2021-08-06,0.00345498535388013,0.0
2021-08-09,-0.0009122956485428258,0.0
2021-08-10,-0.0010442275582205687,0.0
2021-08-11,0.0050727593551648156,0.0
2021-08-12,-0.0007106641339795531,0.0
2021-08-13,0.004072676336742296,0.0
2021-08-16,0.005961290112222238,0.0
2021-08-17,-0.0003938273006426047,0.0
2021-08-18,-0.011965890856409644,0.0
2021-08-19,0.004154518737302491,0.0
2021-08-20,0.004884441214361224,0.0
2021-08-23,0.0010700587640840122,0.0
2021-08-24,-0.003505138732730525,0.0
2021-08-25,0.0012504030098244127,0.0
2021-08-26,-0.004315448605468321,0.0
2021-08-27,0.005108643505340265,0.0
2021-08-30,0.003824174979341458,0.0
2021-08-31,0.00045834516972989646,0.0
2021-09-01,-0.000502446236604448,0.8514000547353763
2021-09-02,0.003414231588287462,0.0
2021-09-03,-0.0030033593879125724,0.0
2021-09-07,-0.010444086997694309,0.0
2021-09-08,0.007589868077552155,0.0
2021-09-09,-0.00916116283410412,0.0
2021-09-10,-0.007154892109117299,0.0
2021-09-13,0.0005033518217216399,0.0
2021-09-14,-0.005465446298829275,0.0
2021-09-15,0.004191087705150387,0.0
2021-09-16,0.0003697918297492849,0.0
2021-09-17,-0.008382755626425965,0.0
2021-09-20,-0.00850410109487769,0.0
2021-09-21,-0.002637333189037445,0.0
2021-09-22,0.006077238870125162,0.0
2021-09-23,0.004425941698292687,0.0
2021-09-24,0.0005861112898564691,0.0
2021-09-27,-0.005706452795372416,0.0
2021-09-28,-0.012196157752193047,0.0
2021-09-29,0.010000613935107566,0.0
2021-09-30,-0.01685739294826835,0.0
2021-10-01,0.007050090859622715,0.6955098445891998
2021-10-04,-0.006168866405965217,0.0
2021-10-05,0.0038987255401119634,0.0
2021-10-06,0.00793097503396507,0.0
2021-10-07,0.004826168456510299,0.0
2021-10-08,-0.004110917973802904,0.0
2021-10-11,-0.006377024106916918,0.0
2021-10-12,0.000825061697669136,0.0
2021-10-13,0.005504190403626067,0.0
2021-10-14,0.015680144379933973,0.0
2021-10-15,0.0038951838176104377,0.0
2021-10-18,-0.002910217700134475,0.0
2021-10-19,0.0060462889977625925,0.0
2021-10-20,0.007415876463881603,0.0
2021-10-21,0.00508228127047456,0.0
2021-10-22,0.0023068881861634995,0.0
2021-10-25,-0.001431738455465452,0.0
2021-10-26,0.0014325809133513485,0.0
2021-10-27,-0.007867693869598244,0.0
2021-10-28,0.00836331059283102,0.0
2021-10-29,0.0010231267187557317,0.0
2021-11-01,-0.00210664217331602,0.8017270141164217
2021-11-02,0.00529118424782798,0.0
2021-11-03,0.0071545331472734385,0.0
2021-11-04,-0.0013574172216192198,0.0
2021-11-05,0.006721139355522558,0.0
2021-11-08,-0.0023675108893983702,0.0
2021-11-09,0.0008231874145281454,0.0
2021-11-10,0.000684182366642724,0.0
2021-11-11,-0.003426552805555536,0.0
2021-11-12,0.005976308020358606,0.0
2021-11-15,0.0056330863074045365,0.0
2021-11-16,0.0029098311932787306,0.0
2021-11-17,-0.003338948570857242,0.0
2021-11-18,-0.003928737195476917,0.0
2021-11-19,0.001238110205433263,0.0
2021-11-22,-0.002892646491871587,0.0
2021-11-23,0.004288491054630287,0.0
2021-11-24,0.0008767263615778594,0.0
2021-11-26,-0.020218612125167398,0.0
2021-11-29,0.007633133915526996,0.0
2021-11-30,-0.02452710294655203,0.0
2021-12-01,-0.009305769352555893,0.8205143541769946
2021-12-02,0.016693146559941516,0.0
2021-12-03,0.004916963184732706,0.0
2021-12-06,0.018183947877772094,0.0
2021-12-07,0.009446305532580015,0.0
2021-12-08,0.005588192826023049,0.0
2021-12-09,0.0005516734067236623,0.0
2021-12-10,0.007542629179772976,0.0
2021-12-13,0.0015616574936108498,0.0
2021-12-14,-0.0037902516705117344,0.0
2021-12-15,0.00971541156705763,0.0
2021-12-16,0.0021341555954610307,0.0
2021-12-17,-0.013482105276165023,0.0
2021-12-20,-0.008842155532683802,0.0
2022-01-11,0.0014589013447194876,0.8409716756523348
2022-01-12,0.0013606387131791333,0.0
2022-01-13,0.00014495956110123032,0.0
2022-01-14,-0.0062144545583370575,0.0
2022-01-18,-0.01493772505249054,0.0
2022-01-19,-0.007416608468561023,0.0
2022-01-20,-0.010106534065619857,0.0
2022-01-21,-0.012605593607154457,0.0
2022-01-24,0.0032230557754780722,0.0
2022-01-25,-0.012794119440080395,0.0
2022-01-26,-0.005970668101658682,0.0
2022-01-27,-0.00869404979345553,0.0
2022-01-28,0.01496430716847719,0.0
2022-01-31,0.014695909326695303,0.0
2022-02-01,0.004337791898501697,0.9950184776697565
2022-02-02,-0.0007114245272074196,0.0
2022-02-03,-0.01753819246112416,0.0
2022-02-04,-0.003969646174598886,0.0
2022-02-07,0.003847173637306228,0.0
2022-02-08,0.013516264691148668,0.0
2022-02-09,0.01909673705356359,0.0
2022-02-10,-0.016535877938497333,0.0
2022-02-11,-0.01898151404354833,0.0
2022-02-14,-0.005078212309422241,0.0
2022-02-15,0.025376029610630402,0.0
2022-02-16,0.003721290543146738,0.0
2022-02-17,-0.01829598066104921,0.0
2022-02-18,-0.004382636098097777,0.0
2022-02-22,-0.011216148642674173,0.0
2022-02-23,-0.017514381152274355,0.0
2022-02-24,0.010191837766078753,0.0
2022-02-25,0.026678584434767602,0.0
2022-02-28,-0.010451902946708183,0.0
2022-03-01,-0.02524220981234304,0.838852392810195
2022-03-02,0.021022481163072804,0.0
2022-03-03,-0.006628353258044708,0.0
2022-03-04,-0.013154726129336434,0.0
2022-03-07,-0.036986831492972036,0.0
2022-03-08,-0.000821591672284384,0.0
2022-03-09,0.024972337063334613,0.0
2022-03-10,-0.005205074633565485,0.0
2022-03-11,-0.009483696526305815,0.0
2022-03-14,-0.004225610791001073,0.0
2022-03-15,0.022146275413205265,0.0
2022-03-16,0.02562712477547202,0.0
2022-03-17,0.010787659455061124,0.0
2022-03-18,0.009813005278696002,0.0
2022-03-21,-0.006403973022962887,0.0
2022-03-22,0.009228912313536834,0.0
2022-03-23,-0.014558045498485949,0.0
2022-03-24,0.013392875588001833,0.0
2022-03-25,0.006219050773668493,0.0
2022-03-28,0.004136603478286798,0.0
2022-03-29,0.018908276785857075,0.0
2022-03-30,-0.008292993855138268,0.0
2022-03-31,-0.011206842313209297,0.0
2022-04-01,0.0009488961922290429,0.8686156685667481
2022-04-04,0.004799917976395983,0.0
2022-04-05,-0.01718388233286823,0.0
2022-04-06,-0.014431519492967802,0.0
2022-04-07,-0.00314781680467132,0.0
2022-04-08,-0.0011839274907616448,0.0
2022-04-11,-0.0018851451728613155,0.0
2022-04-12,-0.002288190520137712,0.0
2022-04-13,0.014806385178560998,0.0
2022-04-14,-0.0041876421281711335,0.0
2022-04-18,0.002472086626607624,0.0
2022-04-19,0.023792268514535413,0.0
2022-04-20,0.004200377684497916,0.0
2022-04-21,-0.008154678691646907,0.0
2022-04-22,-0.026443510109831703,0.0
2022-04-25,0.006328196573288908,0.0
2022-04-26,-0.031130175315352233,0.0
2022-04-27,0.005144615581453185,0.0
2022-04-28,0.025414810886394218,0.0
2022-04-29,-0.029205275649863985,0.0
2022-05-02,0.004854615989180244,0.6573918201990775
2022-05-03,0.011194338303555783,0.0
2022-05-04,0.026377213202635866,0.0
2022-05-05,-0.034937436056881294,0.0
2022-05-06,-0.01327370272556795,0.0
2022-05-09,-0.024189475981149726,0.0
2022-05-10,-0.0018779636792924798,0.0
2022-05-11,-0.020616102574950033,0.0
2022-05-12,0.008111157491890623,0.0
2022-05-13,0.025559508163500947,0.0
2022-05-16,-0.006542842759582336,0.0
2022-05-17,0.031048633251129765,0.0
2022-05-18,-0.04073762832400199,0.0
2022-05-19,-0.0065230524595215654,0.0
2022-05-20,-0.0012420157058407818,0.0
2022-05-23,0.009828291347920508,0.0
2022-05-24,-0.01198217820592278,0.0
2022-05-25,0.015619241461005911,0.0
2022-05-26,0.02741977833130227,0.0
2022-05-27,0.023585544972736877,0.0
2022-05-31,-0.005582426669954387,0.0
2022-06-01,-0.015635098629883215,0.9478710202796348
2022-06-02,0.019981498653157615,0.0
2022-06-03,-0.0147284894051828,0.0
2022-06-06,0.00476439419075422,0.0
2022-06-07,0.006776923095475726,0.0
2022-06-08,-0.01611925433680975,0.0
2022-06-09,-0.023707131938220726,0.0
2022-06-10,-0.030461547575630306,0.0
2022-06-13,-0.043625506121564774,0.0
2022-06-14,-0.009078073399048854,0.0
2022-06-15,0.012510871399105804,0.0
2022-06-16,-0.038974797632745216,0.0
2022-06-17,0.00975887440876205,0.0
2022-06-21,0.012773298673871367,0.0
2022-06-22,-0.0014949946712153092,0.0
2022-06-23,0.01115591891148461,0.0
2022-06-24,0.03708797573633975,0.0
2022-06-27,-0.006222717094898099,0.0
2022-06-28,-0.019452755053326422,0.0
2022-06-29,-0.007748411190673622,0.0
2022-06-30,-0.011044473035339196,0.0
2022-07-01,0.01144203155166501,0.8033229166925884
2022-07-05,0.004132029022411114,0.0
2022-07-06,-0.01009778997627326,0.0
2022-07-07,0.022781698990554274,0.0
2022-07-08,-0.006365732995461202,0.0
2022-07-11,-0.018893381530323293,0.0
2022-07-12,0.009591145608962806,0.0
2022-07-13,-0.006332897705948627,0.0
2022-07-14,-0.007463785917227914,0.0
2022-07-15,0.024394656448473467,0.0
2022-07-18,0.0032433397498392476,0.0
2022-07-19,0.04051564714290079,0.0
2022-07-20,0.01517114252772838,0.0
2022-07-21,-0.0003753076104746657,0.0
2022-07-22,-0.008745993107259039,0.0
2022-07-25,-0.0017160292779490269,0.0
2022-07-26,-0.015954090799853535,0.0
2022-07-27,0.026212566234188318,0.0
2022-07-28,0.01605429261706617,0.0
2022-07-29,0.009149841919379878,0.0
2022-08-01,-0.001458627403608248,0.8989206078200552
2022-08-02,-0.007422086326363347,0.0
2022-08-03,0.01616495372608817,0.0
2022-08-04,-0.004076595985043981,0.0
2022-08-05,0.00013646647911611835,0.0
2022-08-08,0.008927425014875371,0.0
2022-08-09,-0.008959107842263897,0.0
2022-08-10,0.02237308558947311,0.0
2022-08-11,0.006680608161087468,0.0
2022-08-12,0.013935332113050466,0.0
2022-08-15,0.0015277315350335676,0.0
2022-08-16,0.007496842388360982,0.0
2022-08-17,-0.013857259637326962,0.0
2022-08-18,0.0020160049501907968,0.0
2022-08-19,-0.01480283785024853,0.0
2022-08-22,-0.025272597620883987,0.0
2022-08-23,0.0003967050907611875,0.0
2022-08-24,0.00470951759517188,0.0
2022-08-25,0.016101508534058596,0.0
2022-08-26,-0.03365663428700767,0.0
2022-08-29,-0.0061770626412296255,0.0
2022-08-30,-0.007817167582904733,0.0
2022-08-31,-0.00924993256709911,0.0
2022-09-01,-0.0006575086442726086,1.0427905693371462
2022-09-02,-0.005685685278472533,0.0
2022-09-06,-0.004452099286682986,0.0
2022-09-07,0.025498038920981354,0.0
2022-09-08,0.01166297320472676,0.0
2022-09-09,0.017584559805431298,0.0
2022-09-12,0.010079061682958754,0.0
2022-09-13,-0.0502028809083782,0.0
2022-09-14,-0.005368908258428992,0.0
2022-09-15,-0.00414986797953271,0.0
2022-09-16,-0.009556584480827428,0.0
2022-09-19,0.005703255876076826,0.0
2022-09-20,-0.020545752996547324,0.0
2022-09-21,-0.019813886281822235,0.0
2022-09-22,-0.01843507996457859,0.0
2022-09-23,-0.01423185041417321,0.0
2022-09-26,-0.017647572104295677,0.0
2022-09-27,-0.0026934087951639143,0.0
2022-09-28,0.03194082774884917,0.0
2022-09-29,-0.023339326956702856,0.0
2022-09-30,-0.017850268449586683,0.0
2022-10-03,0.028327569570850697,0.6860917696652621
2022-10-04,0.04382514744786311,0.0
2022-10-05,-0.008870548757852077,0.0
2022-10-06,-0.013657407872043927,0.0
2022-10-07,-0.027918145390379484,0.0
2022-10-10,-0.014930403014930028,0.0
2022-10-11,-0.00635455143318851,0.0
2022-10-12,-0.0016733713136524743,0.0
2022-10-13,0.026339961092475335,0.0
2022-10-14,-0.016570544310316564,0.0
2022-10-17,0.02361140955771709,0.0
2022-10-18,0.01690497011125852,0.0
2022-10-19,-0.01409918249679799,0.0
2022-10-20,-0.005682165449423057,0.0
2022-10-21,0.02105510634948729,0.0
2022-10-24,0.010639616518608926,0.0
2022-10-25,0.02565527364885268,0.0
2022-10-26,-0.002386155447801765,0.0
2022-10-27,-0.003158819376506103,0.0
2022-10-28,0.021561283289140476,0.0
2022-10-31,-0.00931384541479625,0.0
2022-11-01,-0.0047794724086672735,0.8136825918549242
2022-11-02,-0.028562854651155378,0.01906210412311163
2022-11-03,-0.0162172628486863,0.0
2022-11-04,0.024317469253612514,0.0
2022-11-07,0.005910038475911067,0.0
2022-11-08,0.00727878059006685,0.0
2022-11-09,-0.01885533130125254,0.0
2022-11-10,0.07573738546638596,0.0
2022-11-11,0.027787791934071427,0.0
2022-11-14,-0.018791601465166625,0.0
2022-11-15,0.011215963812228509,0.0
2022-11-16,-0.020073559473072707,0.0
2022-11-17,-0.005679880872018759,0.0
2022-11-18,0.004912068101815556,0.0
2022-11-21,-0.005063048472382266,0.0
2022-11-22,0.010858722311554115,0.0
2022-11-23,0.007106880810758679,0.0
2022-11-25,0.0032416270638043316,0.0
2022-11-28,-0.018864246766582684,0.0
2022-11-29,0.004982203730506042,0.0
2022-11-30,0.027137078575969018,0.0
2022-12-01,-0.0005238869042214489,1.0041409891810655
2022-12-02,-0.0037800454034836216,0.0
2022-12-05,-0.021265618828965473,0.0
2022-12-06,-0.013732080916632923,0.0
2022-12-07,-0.0025638360846602483,0.0
2022-12-08,0.004119924621043445,0.0
2022-12-09,-0.0025818691396735445,0.0
2022-12-12,0.01398019764529208,0.0
2022-12-13,0.006108716658353992,0.0
2022-12-14,-0.013762565087331624,0.0
2022-12-15,-0.02624923442135347,0.0
2022-12-16,-0.012532561182557161,0.0
2022-12-19,-0.011644096123719878,0.0
2022-12-20,0.002206302968960051,0.0
2022-12-21,0.01191124085678789,0.0
2022-12-22,-0.011797943190272636,0.0
2023-01-05,-0.011449152339645496,0.7643314222453639
2023-01-06,0.02576421492927376,0.0
2023-01-09,0.004716608240344939,0.0
2023-01-10,0.012990621925379841,0.0
2023-01-11,0.02024943533650945,0.0
2023-01-12,0.010386292366047883,0.0
2023-01-13,0.0013685995808525404,0.0
2023-01-17,-0.0025100124535055697,0.0
2023-01-18,-0.01261477949381607,0.0
2023-01-19,-0.013994914175793065,0.0
2023-01-20,0.02767541101474611,0.0
2023-01-23,0.01668464405330243,0.0
2023-01-24,-0.004501550469815485,0.0
2023-01-25,0.002701144752882475,0.0
2023-01-26,0.011584792332166813,0.0
2023-01-27,0.005783307937471437,0.0
2023-01-30,-0.0162463801920665,0.0
2023-01-31,0.0249839239155253,0.0
2023-02-01,0.014349051441432836,1.3549398516863669
2023-02-02,0.015545677083904683,0.0
2023-02-03,-0.013401305188818713,0.0
2023-02-06,-0.008312190403141946,0.0
2023-02-07,0.005240546417829705,0.0
2023-02-08,-0.015549708500564217,0.0
2023-02-09,-0.010249775144059434,0.0
2023-02-10,0.006297092822114948,0.0
2023-02-13,0.008295871427167919,0.0
2023-02-14,-0.0052851754580299296,0.0
2023-02-15,0.0038735839062516986,0.0
2023-02-16,-0.009512397956500909,0.0
2023-02-17,0.004519673395199686,0.0
2023-02-21,-0.024258474998663373,0.0
2023-02-22,-0.0006779859698126063,0.0
2023-02-23,-0.001237291249393264,0.0
2023-02-24,-0.008810020194457167,0.0
2023-02-27,0.0003307426505106063,0.0
2023-02-28,-0.0030044204510007106,0.0
2023-03-01,-0.011210508783428996,1.232432931660525
2023-03-02,0.007545159804038622,0.0
2023-03-03,0.014412089687144846,0.0
2023-03-06,-0.007510941216400391,0.0
2023-03-07,-0.019375936867480934,0.0
2023-03-08,0.004671601924455772,0.0
2023-03-09,-0.020911265609423565,0.0
2023-03-10,-0.024578199058933478,0.0
2023-03-13,-0.008928651813594961,0.0
2023-03-14,0.013852909801974277,0.0
2023-03-15,-0.008236068936511522,0.0
2023-03-16,0.012644784928471209,0.015416847647837205
2023-03-17,-0.014324847170025308,0.0
2023-03-20,0.010700151517248322,0.0
2023-03-21,0.014926334964142552,0.0
2023-03-22,-0.02430957038163345,0.0
2023-03-23,0.0015477905224004038,0.0
2023-03-24,0.007681574793910285,0.0
2023-03-27,0.004023555966003382,0.0
2023-03-28,-0.0005647463243536123,0.0
2023-03-29,0.018884958449689262,0.0
2023-03-30,0.006210627190988406,0.0
2023-03-31,0.01804193207439733,0.0
2023-04-03,-0.006273866756172808,1.0405453948117862
2023-04-04,-0.01665907945822469,0.0
2023-04-05,-0.005788615170948403,0.0
2023-04-06,0.0008915102902602952,0.0
2023-04-10,0.010452338498848758,0.0
2023-04-11,0.013944907531175391,0.0
2023-04-12,-0.011622243536903755,0.0
2023-04-13,0.006215837179350501,0.0
2023-04-14,-0.0033619200663175587,0.0
2023-04-17,0.015134568720799095,0.0
2023-04-18,-0.0007128520561384254,0.0
2023-04-19,0.002456267383515145,0.0
2023-04-20,-0.01523411131122147,0.0
2023-04-21,-0.0036316494827555415,0.0
2023-04-24,0.0009395067858442662,0.0
2023-04-25,-0.020807195334530466,0.0
2023-04-26,-0.005852213348867097,0.0
2023-04-27,0.022087397932216646,0.0
2023-04-28,0.018066500215079717,0.0
2023-05-01,-0.010530210604604684,1.0073822229098208
2023-05-02,-0.01680510386055424,0.0
2023-05-03,-0.005808252547954326,0.0
2023-05-04,-0.011342392641230934,0.0
2023-05-05,0.02099124636077663,0.0
2023-05-08,0.0013276941756207223,0.0
2023-05-09,-0.0061327710296328625,0.0
2023-05-10,-0.0033824196841383764,0.0
2023-05-11,-0.00569447965177881,0.0
2023-05-12,0.0013789643224138852,0.0
2023-05-15,0.015055272744151034,0.0
2023-05-16,-0.016019917245942403,0.0
2023-05-17,0.019697062466530784,0.0
2023-05-18,0.009035217193237972,0.0
2023-05-19,-0.0070662228539336725,0.0
2023-05-22,0.007269536951551364,0.0
2023-05-23,-0.0054120239379789265,0.0
2023-05-24,-0.01672493183533606,0.0
2023-05-25,-0.0019644000901223478,0.0
2023-05-26,0.014428110396005108,0.0
2023-05-30,-0.0009729614782429895,0.0
2023-05-31,-0.01569213750812992,0.0
2023-06-01,0.0047576038257046704,1.2968104679601717
2023-06-02,0.02813383359436093,0.0
2023-06-05,-0.004192984344088822,0.0
2023-06-06,0.011541638060430284,0.0
2023-06-07,0.018396359747429907,0.0
2023-06-08,-0.0054168766477015904,0.0
2023-06-09,-0.004226636644117929,0.0
2023-06-12,0.0024184485920154884,0.0
2023-06-13,0.010386792140028977,0.0
2023-06-14,-0.006130784187132419,0.0
2023-06-15,0.012475650469399538,0.0
2023-06-16,0.001847783378151675,0.0
2023-06-20,-0.012142411574320843,0.0
2023-06-21,0.00013832965487551652,0.0
2023-06-22,-0.008477302287352679,0.0
2023-06-23,-0.010289579831688035,0.0
2023-06-26,0.012961660810903358,0.0
2023-06-27,0.010751335746110615,0.0
2023-06-28,-0.003673419983185428,0.0
2023-06-29,0.010093126863720948,0.0
2023-06-30,0.006346442850118888,0.0
2023-07-03,0.0069054369072902855,0.9604263165822648
2023-07-05,-0.0014147344552105953,0.0
2023-07-06,-0.007122371877738067,0.0
2023-07-07,0.0008579810732454145,0.0
2023-07-10,0.001128419056177163,0.0
2023-07-11,0.014212433058463012,0.0
2023-07-12,0.005131864069474159,0.0
2023-07-13,0.008154499334915553,0.0
2023-07-14,-0.007388365501711253,0.0
2023-07-17,-0.004686056645934021,0.0
2023-07-18,0.006606205612607741,0.0
2023-07-19,0.011541915205199767,0.0
2023-07-20,0.0016656687984552307,0.0
2023-07-21,0.004016154834755746,0.0
2023-07-24,0.005624496287349517,0.0
2023-07-25,-0.00134422709021497,0.0
2023-07-26,0.007292909038442919,0.0
2023-07-27,-0.004268814219701072,0.0
2023-07-28,0.005867806590206632,0.0
2023-07-31,0.0033681458218399337,0.0
2023-08-01,-0.0065842869782636315,1.4352876713411238
2023-08-02,-0.009098623043437441,0.0
2023-08-03,0.0011954870965329334,0.0
2023-08-04,-0.005056422824802271,0.0
2023-08-07,0.0072381509843640855,0.0
2023-08-08,-0.00602967322400479,0.0
2023-08-09,-0.0008312018801767953,0.0
2023-08-10,-0.005775371511439332,0.0
2023-08-11,0.0027252495571438774,0.0
2023-08-14,-0.00045917718361566603,0.0
2023-08-15,-0.01659027265024655,0.0
2023-08-16,-0.004940301856073889,0.0
2023-08-17,-0.004661914030994571,0.0
2023-08-18,0.002437291985299522,0.0
2023-08-21,-0.0020168773982462123,0.0
2023-08-22,-0.0021309374492737695,0.0
2023-08-23,0.005977990759976088,0.0
2023-08-24,-0.009569667169998807,0.0
2023-08-25,0.004643753053306655,0.0
2023-08-28,0.006768375663917689,0.0
2023-08-29,0.008995961306504,0.0
2023-08-30,0.004259147111692375,0.0
2023-08-31,-0.006297633201263867,0.0
2023-09-01,-0.0041033649573357645,1.3422353567875072
2023-09-05,-0.011575234226793966,0.0
2023-09-06,-0.005964057734899948,0.0
2023-09-07,-0.005975574748875987,0.0
2023-09-08,0.003408053158907006,0.0
2023-09-11,0.0019862841042623956,0.0
2023-09-12,-0.001211245092620898,0.0
2023-09-13,-0.0023186459810940166,0.0
2023-09-14,0.01567483782835315,0.0
2023-09-15,-0.003868673179566608,0.0
2023-09-18,-0.006509028259191413,0.0
2023-09-19,-0.00014033226984843885,0.0
2023-09-20,-0.003182569965352533,0.0
2023-09-21,-0.01667542829411818,0.0
2023-09-22,-0.006966561121455229,0.0
2023-09-25,0.00231223004847671,0.0
2023-09-26,-0.015337169282310728,0.0
2023-09-27,-0.006286833387364244,0.0
2023-09-28,0.006847694549992312,0.0
2023-09-29,0.0013405549994651511,0.0
2023-10-02,-0.02018843352607147,1.0486575427994318
2023-10-03,-0.01696217733129621,0.0
2023-10-04,0.0051947556278375785,0.0
2023-10-05,-0.005881637581191447,0.0
2023-10-06,0.004645512493742664,0.0
2023-10-09,0.0026367371144180064,0.0
2023-10-10,0.010278834436266551,0.0
2023-10-11,0.003705903793601962,0.0
2023-10-12,-0.018066338202854706,0.0
2023-10-13,-0.0001112851940087466,0.0
2023-10-16,0.015035658870592883,0.0
2023-10-17,0.004867136133266586,0.0
2023-10-18,-0.02305900143591217,0.0
2023-10-19,-0.01291419635061164,0.017108885265505178
2023-10-20,-0.009949443511922422,0.0
2023-10-23,-0.0092520205367691,0.0
2023-10-24,0.00920221827106911,0.0
2023-10-25,-0.011198542631048025,0.0
2023-10-26,0.001777448844657417,0.0
2023-10-27,-0.014165671731781765,0.0
2023-10-30,0.008019354902314188,0.0
2023-10-31,0.011050298277814893,0.0
2023-11-01,-0.0033098413039841512,0.8955747986417856
2023-11-02,0.02517246802442787,0.0
2023-11-03,0.02274864563142632,0.0
2023-11-06,-0.009448173902735064,0.0
2023-11-07,-0.003412399464264551,0.0
2023-11-08,-0.0035772161897077263,0.0
2023-11-09,-0.011560095865950977,0.0
2023-11-10,0.011350706745509982,0.0
2023-11-13,-0.0033824532739275934,0.0
2023-11-14,0.038567742246907094,0.0
2023-11-15,0.010679695326902673,0.0
2023-11-16,-0.008420365713219,0.0
2023-11-17,0.004549207462063598,0.0
2023-11-20,0.003988531765139934,0.0
2023-11-21,-0.0034991473962826605,0.0
2023-11-22,0.006070873230643759,0.0
2023-11-24,0.004637437053021087,0.0
2023-11-27,-0.0072789571013325925,0.0
2023-11-28,0.005136484544643484,0.0
2023-11-29,0.007842554105543931,0.0
2023-11-30,0.005088255341977426,0.0
2023-12-01,0.020142819411851365,1.3056289514365393
2023-12-04,0.0031093194968340875,0.0
2023-12-05,-0.011709665112273622,0.0
2023-12-06,0.005583099797469638,0.0
2023-12-07,0.0024939904720082855,0.0
2023-12-08,-0.0010429238782198322,0.0
2023-12-11,0.005704065038343186,0.0
2023-12-12,-0.0015502156394349579,0.0
2023-12-13,0.03400111537405012,0.0
2023-12-14,0.012256587791122545,0.0
2023-12-15,-0.012045560130650449,0.0
2023-12-18,-0.00018075399487261666,0.0
2024-02-02,-0.011029757888617042,1.0100094652998195
2024-02-05,-0.0131385432301847,0.0
2024-02-06,0.00707079990386137,0.0
2024-02-07,-0.00015437052040346536,0.0
2024-02-08,-0.0041203473482639245,0.0
2024-02-09,0.0010779007631468653,0.0
2024-02-12,0.007673821010939626,0.0
2024-02-13,-0.014975445630261233,0.0
2024-02-14,0.002209876883972325,0.0
2024-02-15,0.009568787565141238,0.0
2024-02-16,-0.003200126866675091,0.0
2024-02-20,0.0009018778663720758,0.0
2024-02-21,0.006545016922385291,0.0
2024-02-22,0.0057850639148787925,0.0
2024-02-23,0.004881347262725092,0.0
2024-02-26,-0.009563855888940525,0.0
2024-02-27,0.003915122937011148,0.0
2024-02-28,-0.0003666515316599485,0.0
2024-02-29,0.006029727521508588,0.0
2024-03-01,-0.004638071883204531,0.8921479153336909
2024-03-04,0.0024287079827558897,0.0
2024-03-05,-0.0009938374189133496,0.0
2024-03-06,0.006654369944680617,0.0
2024-03-07,0.0073736012570812135,0.0
2024-03-08,0.005028169946504034,0.0
2024-03-11,0.007426887183432332,0.0
2024-03-12,-0.004580682723168115,0.0
2024-03-13,0.0031370936280710306,0.0
2024-03-14,-0.01222413586599147,0.0
2024-03-15,0.0004090157466572034,0.0
2024-03-18,0.004577318398621558,0.0
2024-03-19,0.004914652964192393,0.0
2024-03-20,0.0043267200867951935,0.0
2024-03-21,0.005098630349775239,0.0
2024-03-22,-0.0068087194884451415,0.0
2024-03-25,5.4277939049949544e-05,0.0
2024-03-26,-0.0010791981227317006,0.0
2024-03-27,0.021716187271450645,0.0
2024-03-28,0.004909127769221581,0.0
2024-04-01,-0.010569466050835197,1.1094081727771858
2024-04-02,-0.010765296400384372,0.01871916929615242
2024-04-03,-0.0018101847529162173,0.0
2024-04-04,-0.010696722376941992,0.0
2024-04-05,0.0018825934470294344,0.0
2024-04-08,0.0029788517042272995,0.0
2024-04-09,0.006221968448710457,0.0
2024-04-10,-0.020415888817312544,0.0
2024-04-11,0.001799823144881199,0.0
2024-04-12,-0.01560228418495122,0.0
2024-04-15,-0.007496559945517339,0.0
2024-04-16,-0.008628969277120679,0.0
2024-04-17,-0.003298904077945529,0.0
2024-04-18,0.0033977685409881026,0.0
2024-04-19,0.008653428641161028,0.0
2024-04-22,0.006947893653495588,0.0
2024-04-23,0.005444786078038223,0.0
2024-04-24,-8.394010282939397e-05,0.0
2024-04-25,-0.005477327611762324,0.0
2024-04-26,-0.0017566865905395367,0.0
2024-04-29,0.007434981184621853,0.0
2024-04-30,-0.014299801275051226,0.0
2024-05-01,-0.0016893621548843551,1.1011672467127513
2024-05-02,0.00716798168387333,0.0
2024-05-03,0.008170579899234082,0.0
2024-05-06,0.003878130181585813,0.0
2024-05-07,0.006534828381687743,0.0
2024-05-08,-0.0010454051797042945,0.0
2024-05-09,0.014240597774695551,0.018037475769549154
2024-05-10,0.006571537381816436,0.0
2024-05-13,0.0009036012076037925,0.0
2024-05-14,0.006174042543339268,0.0
2024-05-15,0.00593422326004287,0.0
2024-05-16,0.0023987892962262633,0.0
2024-05-17,-0.0036761043135468724,0.0
2024-05-20,-0.003857743713041304,0.0
2024-05-21,-0.002267382843750062,0.0
2024-05-22,-0.0039009736773466287,0.0
2024-05-23,-0.013269144912581812,0.0
2024-05-24,0.006237755230731095,0.0
2024-05-28,-0.008287296085757696,0.0
2024-05-29,-0.009036486235348003,0.0
2024-05-30,0.0030107421670282856,0.0
2024-05-31,0.017099667418856934,0.0
2024-06-03,-0.00545624157622937,1.246297011526537
2024-06-04,0.0009168863262699778,0.0
2024-06-05,-0.0019125144219092715,0.0
2024-06-06,0.0003132150333608125,0.0
2024-06-07,-0.00296209082415675,0.0
2024-06-10,-0.0008360822071616879,0.0
2024-06-11,-0.003355937063040235,0.0
2024-06-12,-0.001936788433080712,0.0
2024-06-13,-0.004110094745532745,0.0
2024-06-14,-0.001957569149639613,0.0
2024-06-17,0.0043978171332447556,0.0
2024-06-18,-0.0016993532926176261,0.0
2024-06-20,0.00572112516199806,0.0
2024-06-21,0.003792729133707538,0.0
2024-06-24,0.004202716347759577,0.0
2024-06-25,-0.01227291518723707,0.0
2024-06-26,-0.001568452295558419,0.0
2024-06-27,0.0016512732872084655,0.0
2024-06-28,0.002830668171604014,0.0
2024-07-01,-0.011925047553015156,1.001146517957276
2024-07-02,0.002287497993596072,0.0
2024-07-03,0.0010509992828166954,0.0
2024-07-05,-0.002035934551226156,0.0
2024-07-08,-0.0010082620804489867,0.0
2024-07-09,-0.0037553867856285187,0.0
2024-07-10,0.0069146769006381715,0.0
2024-07-11,0.019603048804849206,0.0
2024-07-12,0.007548538486262418,0.0
2024-07-15,-0.004594249322045345,0.0
2024-07-16,0.020950129436457826,0.0
2024-07-17,0.00449860034992846,0.0
2024-07-18,-0.008227700669573469,0.0
2024-07-19,-0.005574518668086582,0.0
2024-07-22,0.0037586191903894147,0.0
2024-07-23,-0.007497903705488147,0.0
2024-07-24,-0.0021452249023092866,0.0
2024-07-25,0.006801538109471423,0.0
2024-07-26,0.01946131075579261,0.0
2024-07-29,0.0010910153018739732,0.0
2024-07-30,0.008736467504165386,0.0
2024-07-31,0.003105443515104666,0.0
2024-08-01,-0.00705745728087126,1.211511412121867
2024-08-02,-0.019821694850173967,0.0
2024-08-05,-0.024091977994481817,0.0
2024-08-06,0.008649434272755658,0.0
2024-08-07,-0.00843688329311915,0.0
2024-08-08,0.021490907574730676,0.0
2024-08-09,0.004716004295218098,0.0
2024-08-12,-0.006227840031619372,0.0
2024-08-13,0.00990664488104787,0.0
2024-08-14,-0.001302407047165561,0.0
2024-08-15,0.020507629985520213,0.0
2024-08-16,0.0023473558260738267,0.0
2024-08-19,0.009404343489741096,0.0
2024-08-20,-0.003756130712587479,0.0
2024-08-21,0.005378896816600657,0.0
2024-08-22,-0.005379241798059169,0.0
2024-08-23,0.01234519790423647,0.0
2024-08-26,-0.002323040611759704,0.0
2024-08-27,0.0012082463221540878,0.0
2024-08-28,-0.006967121510081239,0.0
2024-08-29,-0.0027708518255681602,0.0
2024-08-30,0.008932353144274983,0.0
2024-09-03,-0.015385195152092135,1.1288329016443628
2024-09-04,-0.008595823244242788,0.0
2024-09-05,-0.006791640722241743,0.0
2024-09-06,-0.011711995054482758,0.0
2024-09-09,0.009849008049657923,0.0
2024-09-10,-0.0007638067197727587,0.0
2024-09-11,0.003165159709731185,0.0
2024-09-12,0.006219336382216478,0.0
2024-09-13,0.012503025971851038,0.0
2024-09-16,0.0055401454251258865,0.0
2024-09-17,0.0028535364999428305,0.0
2024-09-18,0.0005836120856236334,0.0
2024-09-19,0.010708097871999606,0.0
2024-09-20,-0.010583999175767208,0.0
2024-09-23,0.0034106507632947485,0.0
2024-09-24,0.0037278150085984256,0.0
2024-09-25,-0.008209095987204068,0.0
2024-09-26,0.019110197422007324,0.0
2024-09-27,0.007036333138062772,0.0
2024-09-30,-0.001670631713798841,0.0
2024-10-01,-0.008237415397177483,1.2290421099170357
2024-10-02,-0.005508326756750859,0.0
2024-10-03,-0.003868882508356461,0.0
2024-10-04,0.004356417818491107,0.0
2024-10-07,-0.007297385267747118,0.0
2024-10-08,0.0020688568771817114,0.0
2024-10-09,0.010516711861593402,0.0
2024-10-10,-0.003914284834942748,0.0
2024-10-11,0.007345148582553826,0.0
2024-10-14,0.0046103773686810845,0.0
2024-10-15,-0.005371622471336936,0.0
2024-10-16,0.004815736434001719,0.0
2024-10-17,-0.00408422119189381,0.0
2024-10-18,0.0019020516968857525,0.0
2024-10-21,-0.009282522615837004,0.0
2024-10-22,-0.0021124722476949763,0.0
2024-10-23,-0.004658197496481912,0.0
2024-10-24,-0.003070873635776003,0.0
2024-10-25,-0.0025406603739495087,0.0
2024-10-28,0.004717831238670483,0.0
2024-10-29,-0.0059938572314516235,0.0
2024-10-30,-0.0021371815199283154,0.0
2024-10-31,-0.006771429160198704,0.0
2024-11-01,0.0013690391201368612,1.0858387074908813
2024-11-04,0.0036574923886353206,0.0
2024-11-05,0.006619035087956825,0.0
2024-11-06,-0.002349904126866755,0.0
2024-11-07,0.002409778758332274,0.0
2024-11-08,-0.005893957786264404,0.0
2024-11-11,-3.8540955906376326e-05,0.0
2024-11-12,-0.011210373234352967,0.0
2024-11-13,0.003152908506619115,0.0
2024-11-14,-0.0039837424947241976,0.0
2024-11-15,-0.012117846589716158,0.0
2024-11-18,0.007282553889827938,0.0
2024-11-19,-0.005064143290646483,0.0
2024-11-20,0.004166360962981392,0.0
2024-11-21,0.01109065790940939,0.0
2024-11-22,0.005138189650163948,0.0
2024-11-25,0.01283473647044173,0.0
2024-11-26,-0.0033768025880316337,0.0
2024-11-27,0.0023556835677962405,0.0
2024-11-29,0.003892527715116888,0.0
2024-12-02,0.004140779109788717,0.8619479912729673
2024-12-03,-0.005682155431258205,0.0
2024-12-04,0.0004697699245195647,0.0
2024-12-05,-0.007232648144453622,0.0
2024-12-06,-0.0014449981702264266,0.0
2024-12-09,0.009639609076852055,0.0
2024-12-10,-0.003189246828775503,0.0
2024-12-11,-0.0004994139632197943,0.0
2024-12-12,-0.004040615263066573,0.0
2024-12-13,8.169844778783963e-05,0.0
2024-12-16,-0.004896708342072837,0.0
2024-12-17,-0.0016210344831305806,0.0
2024-12-18,-0.02551271563570311,0.0
2024-12-19,-0.009443856702468497,0.0
2024-12-20,0.011303565904266594,0.0
2024-12-23,0.006249612485735915,0.0
2025-03-25,-0.012664215141568347,1.1922390626639516
2025-03-26,0.005566494933855684,0.0
2025-03-27,0.0022481249993618778,0.0
2025-03-28,-0.0120025309796031,0.0
2025-03-31,0.007976084728885764,0.0
2025-04-01,-0.002374279246311506,0.691769677454259
2025-04-02,0.0075324596850676745,0.0
2025-04-03,-0.060563362335674276,0.0
2025-04-04,-0.05217072453418308,0.0
2025-04-07,-0.01036324567147431,0.0
2025-04-08,-0.027022324203741458,0.0
2025-04-09,0.08952560900258369,0.0
2025-04-10,-0.042809564384661686,0.0
2025-04-11,0.015793337194210985,0.0
2025-04-14,0.015419538494277294,0.0
2025-04-15,-0.008015210095770033,0.0
2025-04-16,-0.0138370150735312,0.0
2025-04-17,0.009432463891812595,0.0
2025-04-21,-0.020952356577807266,0.0
2025-04-22,0.026157674816572198,0.0
2025-04-23,0.011274178246884693,0.0
2025-04-24,0.02638956919311548,0.0
2025-04-25,0.0001103801989642045,0.0
2025-04-28,0.0035550928547502716,0.0
2025-04-29,0.0022755230883346527,0.0
2025-04-30,0.004999023908163985,0.0
2025-05-01,-0.005114380417457265,1.0993380825867063
2025-05-02,0.01947236098790714,0.0
2025-05-05,-0.0085122197457569,0.0
2025-05-06,-0.014494206669113469,0.0
2025-05-07,0.006849557085410324,0.0
2025-05-08,0.015727517006095877,0.0
2025-05-09,-0.0010705713157349744,0.0
2025-05-12,0.04977215946383481,0.0
2025-05-13,-0.0015318741196641771,0.0
2025-05-14,-0.011040960135900918,0.0
2025-05-15,0.0084063870291072,0.0
2025-05-16,0.008505815493395425,0.0
2025-05-19,-0.0029192788564075373,0.0
2025-05-20,-0.0014851868900843568,0.0
2025-05-21,-0.028425820115190743,0.0
2025-05-22,-0.00163516220633508,0.0
2025-05-23,-0.007093815171818802,0.0
2025-05-27,0.025804638779976165,0.0
2025-05-28,-0.010365360788737989,0.0
2025-05-29,0.0073457734323091614,0.0
2025-05-30,-0.010159949528168628,0.0
2025-06-02,-0.0043753463900152445,0.7986792359122494
2025-06-03,0.013254534327959453,0.0
2025-06-04,-0.0017408024133487052,0.0
2025-06-05,3.0036843900059877e-05,0.0
2025-06-06,0.008938512840614733,0.0
2025-06-09,0.005292789449122457,0.0
2025-06-10,0.008971728536358218,0.0
2025-06-11,-0.0058578636654650785,0.0
2025-06-12,0.003211001815463724,0.0
2025-06-13,-0.012900552119850174,0.0
2025-06-16,0.005100113727376321,0.0
2025-06-17,-0.0139932161004269,0.0
2025-06-18,-0.00038072949668262483,0.0
2025-06-20,0.0010894633829292585,0.0
2025-06-23,0.006765416187078766,0.0
2025-06-24,0.0077058380075258875,0.0
2025-06-25,-0.007021879754074235,0.0
2025-06-26,0.0038235456633190887,0.0
2025-06-27,0.002760998043639517,0.0
2025-06-30,0.0017598908608143509,0.0
2025-07-01,0.02195660987589987,0.7736136300266521
2025-07-02,-0.0030145294337457084,0.0
2025-07-03,-0.00019860453666905697,0.0
2025-07-07,-0.010837772445724708,0.0
2025-07-08,0.009278862866522141,0.0
2025-07-09,0.002532558254530021,0.0
2025-07-10,0.009135479977441418,0.0
2025-07-11,-0.011062659111140223,0.0
2025-07-14,-0.0032876158055940943,0.0
2025-07-15,-0.017196534998510808,0.0
2025-07-16,0.004484271273085325,0.0
2025-07-17,0.006910480127578607,0.0
2025-07-18,-0.007245115933905473,0.0
2025-07-21,-0.0068717806872113886,0.0
2025-07-22,0.023765636764694665,0.0
2025-07-23,0.007434455183174186,0.0
2025-07-24,-0.006548927269624897,0.0
2025-07-25,0.007344257273033481,0.0
2025-07-28,-0.011504655419898289,0.0
2025-07-29,-0.0018997749206529119,0.0
2025-07-30,-0.014073266591931307,0.0
2025-07-31,-0.011471786220729498,0.0
2025-08-01,-0.012889120424369072,1.0305660143075124
2025-08-04,0.007620850814703586,0.0
2025-08-05,-0.0018878517956607505,0.0
2025-08-06,-0.0017380932412621331,0.0
2025-08-07,0.001037134871798935,0.0
2025-08-08,0.003997928156077989,0.0
2025-08-11,-0.0023127829082429004,0.0
2025-08-12,0.011300383371043266,0.0
2025-08-13,0.020444960367501288,0.0
2025-08-14,-0.003455579464384946,0.0
2025-08-15,0.0036898058271619977,0.0
2025-08-18,-0.004479648894040294,0.0
2025-08-19,0.011162886022298216,0.0
2025-08-20,0.001770645170734378,0.0
2025-08-21,-0.0017151659408169244,0.0
2025-08-22,0.018631142932672692,0.0
2025-08-25,-0.012074975407669681,0.0
2025-08-26,-0.0003450198030894842,0.0
2025-08-27,0.004167321506141182,0.0
2025-08-28,-0.008841757518636988,0.0
2025-08-29,0.0053615712523728465,0.0
2025-09-02,-0.012167669106372458,1.118704966030648
2025-09-03,-0.0037792639024274983,0.0
2025-09-04,0.0031429806255046707,0.0
2025-09-05,0.0019557101217268454,0.0
2025-09-08,-0.002722985527230294,0.0
2025-09-09,-0.0015207202673587757,0.0
2025-09-10,-0.0016987065672815777,0.0
2025-09-11,0.019532110838084354,0.0
2025-09-12,-0.005463533392715506,0.0
2025-09-15,-0.004519560771793438,0.0
2025-09-16,-0.0026523165191156836,0.0
2025-09-17,0.002851753436817694,0.0
2025-09-18,0.0034030215629109253,0.0
2025-09-19,-0.003916414881689232,0.0
2025-09-22,0.0025055093630334865,0.0
2025-09-23,0.0019003762055791198,0.0
2025-09-24,0.00393866517763461,0.0
2025-09-25,-0.008732260200444474,0.0
2025-09-26,0.009575239255637583,0.0
2025-09-29,0.001148585629593221,0.0
2025-09-30,0.006283604740290238,0.0
2025-10-01,0.0003034317313519441,0.947324812936563
2025-10-02,0.004063996669574824,0.0
2025-10-03,0.00826253465585585,0.0
2025-10-06,-0.004951890706553777,0.0
2025-10-07,-0.004276059267089615,0.0
2025-10-08,0.0024652871741985757,0.0
2025-10-09,-0.004445638042730123,0.0
2025-10-10,-0.01922458825374474,0.0
2025-10-13,0.007323231784589466,0.0
2025-10-14,0.011696584036588529,0.0
2025-10-15,-0.0005965421928260525,0.0
2025-10-16,-0.0007748608264720595,0.0
2025-10-17,0.00701574214754587,0.0
2025-10-20,0.010821956705222874,0.0
2025-10-21,0.004240432322807639,0.0
2025-10-22,-0.0031094447208914354,0.0
2025-10-23,0.0011771396677268614,0.0
2025-10-24,-0.002280192364859087,0.0
2025-10-27,0.0005348830757153471,0.0
2025-10-28,-0.004368809580896814,0.0
2025-10-29,-0.02094958048512347,0.0
2025-10-30,-0.00856801182017905,0.0
2025-10-31,0.005639739895242342,0.0
2025-11-03,-0.010368517227697716,1.0656722777804686
2025-11-04,0.004911121624807224,0.018427167348868068
2025-11-05,0.0034508421010947254,0.0
2025-11-06,-0.00840194161510499,0.0
2025-11-07,0.01272585943996525,0.0
2025-11-10,-0.0012469958295900049,0.0
2025-11-11,0.013086103036696788,0.0
2025-11-12,0.00380058490593706,0.0
2025-11-13,-0.0022644000125938766,0.0
2025-11-14,-0.001966277764792794,0.0
2025-11-17,-0.012286737683658207,0.0
2025-11-18,0.0019228891820421705,0.0
2025-11-19,-0.007461791738290993,0.0
2025-11-20,-0.0036935317804746423,0.0
2025-11-21,0.023041301507726625,0.0
2025-11-24,-0.004510799763647474,0.0
2025-11-25,0.01803418642520979,0.0
2025-11-26,0.0036908544358391893,0.0
2025-11-28,0.002912147360694898,0.0
2025-12-01,-0.00999435904738799,1.1383676346077836
2025-12-02,0.000888314518018117,0.0
2025-12-03,0.010692028893156218,0.0
2025-12-04,0.0012475302996501133,0.0
2025-12-05,-0.001133702328415576,0.0
2025-12-08,-0.005106064088250887,0.0
2025-12-09,-0.0012376617654559858,0.0
2025-12-10,0.012465396811794961,0.0
2025-12-11,0.012806940899259194,0.0
2025-12-12,-0.002105004618956907,0.017566249865350197
2025-12-15,0.0011388527283678457,0.0
2025-12-16,-0.009082437183959454,0.0
2025-12-17,-0.0016438164016792324,0.0
2025-12-18,-0.001103430387062089,0.0
2025-12-19,-0.00036240174021421505,0.0
2025-12-22,0.005638089824657208,0.0
2026-01-15,-0.0007008155093342072,1.386536723535106
2026-01-16,-0.0017782293260231972,0.0
2026-01-20,-0.0033736437219942647,0.0
2026-01-21,0.011637781305282622,0.0
2026-01-22,0.00040247061056930143,0.0
2026-01-23,0.0003057694621482836,0.0
2026-01-26,0.004486466590747759,0.0
2026-01-27,0.0010418327440826075,0.0
2026-01-28,-0.00653540777048274,0.0
2026-01-29,-0.0016688510081354522,0.0
2026-01-30,0.006143330189550807,0.0
2026-02-02,-0.006699212296063295,1.052458481379464
2026-02-03,-0.011932393398959674,0.0
2026-02-04,0.019323371884013618,0.0
2026-02-05,-0.010200265200834946,0.0
2026-02-06,0.018183078495835007,0.0
2026-02-09,-0.004395500953279147,0.0
2026-02-10,0.011590746021919087,0.0
2026-02-11,0.001894645487496849,0.0
2026-02-12,-0.01142056834113451,0.0
2026-02-13,0.014005092541680291,0.0
2026-02-17,-0.008408702269670078,0.0
2026-02-18,0.010858727762600582,0.0
2026-02-19,-0.0038621470415174664,0.0
2026-02-20,0.00444522008499284,0.0
2026-02-23,-0.010967388555996306,0.0
2026-02-24,0.0048013132150355456,0.0
2026-02-25,-0.008613957499095944,0.0
2026-02-26,0.00858354655585548,0.0
2026-02-27,0.001392461813018281,0.0
2026-03-02,-0.007570746044645027,1.1045869165035898
2026-03-03,-0.004769623109851173,0.0
2026-03-04,0.005735527036951307,0.0
2026-03-05,-0.0053311551021759515,0.0
2026-03-06,-0.010623751189349086,0.0
2026-03-09,-0.002418749125324423,0.0
2026-03-10,-0.01317326349201503,0.0
2026-03-11,-0.002514324943266413,0.0
2026-03-12,-0.01811556154590524,0.0
2026-03-13,-0.0007167294698606717,0.0
2026-03-16,0.007718355227462987,0.0
2026-03-17,0.0044778971019265885,0.0
2026-03-18,-0.014595436671431147,0.0
2026-03-19,0.00072108398492487,0.0
2026-03-20,-0.007207482662725604,0.0
2026-03-23,0.010909088068165172,0.0
2026-03-24,-0.0030240571589950933,0.0
2026-03-25,0.005739605605608799,0.0
2026-03-26,-0.005697971363149169,0.0
2026-03-27,-0.02131857651480581,0.0
2026-03-30,0.006451530149918139,0.0
2026-03-31,0.018638282783904135,0.0
2026-04-01,-0.0011915199110567043,1.0995991247194268
2026-04-02,-0.0004416154755280975,0.0
2026-04-06,0.008624595578732729,0.0
2026-04-07,-0.007886079781161341,0.0
2026-04-08,0.030373444679375375,0.0
2026-04-09,-0.00046308274279654527,0.0
2026-04-10,-0.008994082987138302,0.0
2026-04-13,0.017043502160194304,0.0
2026-04-14,0.003871088408202877,0.0
2026-04-15,0.001256423249373587,0.0
2026-04-16,0.001285753137929563,0.0
2026-04-17,0.021545206605091703,0.0
2026-04-20,-0.0006760181529698853,0.0
2026-04-21,-0.011490674223099373,0.0
2026-04-22,-0.0045915546783595685,0.0
2026-04-23,0.0012469836417334794,0.0
2026-04-24,-0.00518163143272736,0.0
2026-04-27,-0.008458059425758242,0.0
2026-04-28,-0.0027355178088695115,0.0
2026-04-29,-0.007393982916592158,0.0
2026-04-30,0.0155678503255228,0.0
2026-05-01,-0.007349440618151015,0.73196373677975
2026-05-04,-0.012075953748053838,0.0
2026-05-05,0.010913185115794387,0.0
2026-05-06,0.01549125601302408,0.0
2026-05-07,-0.005058923207631283,0.0
2026-05-08,-0.0030239055261456513,0.0
2026-05-11,-0.01579489829736129,0.0
2026-05-12,-0.0011836416490328175,0.0
2026-05-13,-0.010500166499930184,0.0
2026-05-14,0.0014459626692639527,0.0
2026-05-15,-0.015083620425415238,0.0
2026-05-18,0.015691194654286655,0.0
2026-05-19,-0.010979596296450216,0.0
2026-05-20,0.017960232898742514,0.0
2026-05-21,0.009603440190187952,0.0
2026-05-22,0.004529710478001725,0.0
2026-05-26,0.0010141976735794968,0.0
2026-05-27,0.004878534067705391,0.0
2026-05-28,0.016018371295126836,0.0
2026-05-29,0.005489843098107032,0.0
2026-06-01,-0.0006081344439596847,0.6725742390388868
2026-06-02,-0.005810192748176866,0.0
2026-06-03,-0.0039259480248022595,0.0
2026-06-04,0.009259889036104403,0.0
2026-06-05,-0.00045314837688596407,0.0
2026-06-08,-0.009717987612347472,0.0
2026-06-09,0.021773665684123478,0.0
2026-06-10,-0.015937947885315166,0.0
2026-06-11,0.013003030746380373,0.0
2026-06-12,0.01000892201636597,0.0
2026-06-15,0.0014219939131254653,0.0
2026-06-16,0.002555536991270363,0.0
2026-06-17,-0.02173007403010616,0.0
2026-06-18,0.0032901021612874518,0.0
2026-06-22,-0.009062923847467461,0.0
2026-06-23,0.0021577049615728846,0.0
2026-06-24,0.019238970163668115,0.0
2026-06-25,0.004114933270262695,0.0
2026-06-26,0.013406864471513704,0.0
2026-06-29,-0.004667970272863604,0.0
2026-06-30,-0.0033948496573271442,0.0
