date,return,turnover
2005-01-07,9.999999999998899e-05,0.0
2005-01-10,9.999999999998899e-05,0.0
2005-01-11,9.999999999998899e-05,0.0
2005-01-12,9.999999999998899e-05,0.0
2005-01-13,9.999999999998899e-05,0.0
2005-01-14,9.999999999998899e-05,0.0
2005-01-18,9.999999999998899e-05,0.0
2005-01-19,9.999999999998899e-05,0.0
2005-01-20,9.999999999998899e-05,0.0
2005-01-21,9.999999999998899e-05,0.0
2005-01-24,9.999999999998899e-05,0.0
2005-01-25,9.999999999998899e-05,0.0
2005-01-26,9.999999999998899e-05,0.0
2005-01-27,9.999999999998899e-05,0.0
2005-01-28,9.999999999998899e-05,0.0
2005-01-31,9.999999999998899e-05,0.0
2005-02-01,-0.00040004999999998514,1.0
2005-02-02,0.0024265173058975373,0.0
2005-02-03,-0.007111008043699636,0.0
2005-02-04,0.009477541586220318,0.0
2005-02-07,0.0008109674492952185,0.0
2005-02-08,0.007525101485860813,0.0
2005-02-09,-0.010298428734525099,0.0
2005-02-10,0.002289435783514285,0.0
2005-02-11,0.01516480721467086,0.0
2005-02-14,-0.004213206435249068,0.0
2005-02-15,0.003245763165481957,0.0
2005-02-16,-0.001703109193020694,0.0
2005-02-17,-0.00882567793379789,0.0
2005-02-18,0.00783152859638495,0.0
2005-02-22,-0.015322198315177827,0.0
2005-02-23,0.005095005896922352,0.0
2005-02-24,0.008219217807430035,0.0
2005-02-25,0.014494145255064577,0.0
2005-02-28,-0.004408165802092194,0.0
2005-03-01,0.01124687795690904,0.50160622441212
2005-03-02,-0.003826433482464048,0.0
2005-03-03,-0.0028203554994378397,0.0
2005-03-04,0.00849167526317977,0.0
2005-03-07,0.0031124721093742486,0.0
2005-03-08,-0.0033101599243810613,0.0
2005-03-09,-0.008988441160556407,0.0
2005-03-10,0.0027069194208783837,0.0
2005-03-11,-0.007701642409923845,0.0
2005-03-14,0.00775106618993468,0.0
2005-03-15,-0.010881177624287097,0.0
2005-03-16,-0.00976178580223702,0.0
2005-03-17,0.0003978672299414605,0.0
2005-03-18,-0.007154014790985698,0.0
2005-03-21,-0.0017014758780768053,0.0
2005-03-22,-0.0067084245891820635,0.0
2005-03-23,5.7711470016085734e-05,0.0
2005-03-24,0.0005542113529914668,0.0
2005-03-28,0.0017663149337569435,0.0
2005-03-29,-0.0109096986208119,0.0
2005-03-30,0.01550405851394726,0.0
2005-03-31,-0.006863995265894896,0.0
2005-04-01,-0.00785559999724117,0.5028138900148141
2005-04-04,-0.002009401608647385,0.0
2005-04-05,0.009234621641437745,0.0
2005-04-06,0.003913431986554705,0.0
2005-04-07,0.006681807452314219,0.0
2005-04-08,-0.00834796041123604,0.0
2005-04-11,-0.0037604491370913243,0.0
2005-04-12,0.006422408964186701,0.0
2005-04-13,-0.012142125680658715,0.0
2005-04-14,-0.01286715343050169,0.0
2005-04-15,-0.014449314105249841,0.0
2005-04-18,0.0072779350219270315,0.0
2005-04-19,0.002520097287214507,0.0
2005-04-20,-0.01818571580699467,0.0
2005-04-21,0.020608093550210135,0.0
2005-04-22,-0.0126420392046452,0.0
2005-04-25,0.008956652841463797,0.0
2005-04-26,-0.006701238545751732,0.0
2005-04-27,-0.0004168092638691447,0.0
2005-04-28,-0.00848447093017081,0.0
2005-04-29,0.009559947026020695,0.0
2005-05-02,0.005112228195179647,0.4818080092532378
2005-05-03,-0.0021075482131580653,0.0
2005-05-04,0.020714971603696803,0.0
2005-05-05,-0.008284546656206336,0.0
2005-05-06,0.002526163691334589,0.0
2005-05-09,0.0023643397479641446,0.0
2005-05-10,-0.010412733180811885,0.0
2005-05-11,0.004026208081745211,0.0
2005-05-12,-0.009453256113302479,0.0
2005-05-13,-0.00255939047240517,0.0
2005-05-16,0.00802273535853951,0.0
2005-05-17,0.005444982316375729,0.0
2005-05-18,0.018793036136272926,0.0
2005-05-19,0.004227412125083223,0.0
2005-05-20,-0.0032640869751902253,0.0
2005-05-23,0.0059407218775903515,0.0
2005-05-24,-0.001117266288692735,0.0
2005-05-25,-0.007737033096196175,0.0
2005-05-26,0.009809935386506582,0.0
2005-05-27,-0.0002708447934283192,0.0
2005-05-31,-0.007803414279846801,0.0
2005-06-01,0.008362008760610218,0.34429798995636174
2005-06-02,0.003284976007424492,0.0
2005-06-03,-0.008994493000144347,0.0
2005-06-06,-0.0020108894466750312,0.0
2005-06-07,1.9597462878344505e-05,0.0
2005-06-08,-0.005230126690594299,0.0
2005-06-09,0.006585307920510168,0.0
2005-06-10,-0.002337458548962034,0.0
2005-06-13,0.003865506566239171,0.0
2005-06-14,0.007012984726391787,0.0
2005-06-15,0.00180516416133131,0.0
2005-06-16,0.0079402361636314,0.0
2005-06-17,0.0076659160278178765,0.0
2005-06-20,-0.004448875994067458,0.0
2005-06-21,-0.004757937208326516,0.0
2005-06-22,0.002679176169446225,0.0
2005-06-23,-0.008488958686241728,0.0
2005-06-24,-0.012124612868135699,0.0
2005-06-27,-0.0038453074259294042,0.0
2005-06-28,0.007835577333653865,0.0
2005-06-29,-0.0011589115448726373,0.0
2005-06-30,-0.006152611701143857,0.0
2005-07-01,0.00248420049151421,0.5716112166298124
2005-07-05,0.004898238294113663,0.0
2005-07-06,-0.004849242690021929,0.0
2005-07-07,-0.00021542201408849323,0.0
2005-07-08,0.018840901139074592,0.0
2005-07-11,0.008709323243830619,0.0
2005-07-12,0.0009183670222881852,0.0
2005-07-13,0.006608822367650687,0.0
2005-07-14,0.007558040025614587,0.0
2005-07-15,0.007891326863384774,0.0
2005-07-18,-0.004171394589060316,0.0
2005-07-19,0.008937362277551288,0.0
2005-07-20,0.021015609610982883,0.0
2005-07-21,-0.007214783305891927,0.0
2005-07-22,0.008742008501358322,0.0
2005-07-25,-0.004374233433339422,0.0
2005-07-26,0.0029649613149551174,0.0
2005-07-27,0.0016806477935526333,0.0
2005-07-28,0.006188257545916138,0.0
2005-07-29,-0.003322260525696916,0.0
2005-08-01,-0.0040492540848073855,0.5026297265124641
2005-08-02,0.0006687749224998248,0.0
2005-08-03,-0.0027590626949593727,0.0
2005-08-04,-0.012200734829082023,0.0
2005-08-05,-0.006654277367900576,0.0
2005-08-08,0.0008060863092425373,0.0
2005-08-09,0.007813133568190935,0.0
2005-08-10,-0.0020553949213715813,0.0
2005-08-11,0.007181928135604504,0.0
2005-08-12,-0.007844981852588936,0.0
2005-08-15,0.008858573111233347,0.0
2005-08-16,-0.01280884707187297,0.0
2005-08-17,0.004743940662636443,0.0
2005-08-18,-0.001981809244103045,0.0
2005-08-19,-0.001762539716540823,0.0
2005-08-22,0.0009561430386274719,0.0
2005-08-23,-0.006647399977626332,0.0
2005-08-24,-0.007026912041690201,0.0
2005-08-25,0.0033800925819162317,0.0
2005-08-26,-0.004785608245299356,0.0
2005-08-29,0.006103026859014624,0.0
2005-08-30,-0.0055384299362644974,0.0
2005-08-31,0.00939157754488618,0.0
2005-09-01,-0.003009495435057241,0.48795285243272635
2005-09-02,-0.00016198115751440696,0.0
2005-09-06,0.012443031275358219,0.0
2005-09-07,0.002930418632489425,0.0
2005-09-08,-0.006086811407692505,0.0
2005-09-09,0.007590604013058043,0.0
2005-09-12,0.005461507848937631,0.0
2005-09-13,-0.01192544370831506,0.0
2005-09-14,-0.005340762871352731,0.0
2005-09-15,-0.0023212090206797924,0.0
2005-09-16,0.004837194121174109,0.0
2005-09-19,-0.008656764148244386,0.0
2005-09-20,-0.01173677182226061,0.0
2005-09-21,-0.015607939393690946,0.0
2005-09-22,0.008934544645246168,0.0
2005-09-23,0.0003812298413730197,0.0
2005-09-26,-0.000658443078066207,0.0
2005-09-27,-0.002387583380224818,0.0
2005-09-28,-9.825709706277322e-05,0.0
2005-09-29,0.006321987461236784,0.0
2005-09-30,0.00693291619494166,0.0
2005-10-03,-0.0027385890519761036,0.62240694166668
2005-10-04,-0.005383734710624497,0.0
2005-10-05,-0.01420581987574929,0.0
2005-10-06,-0.004077278595132575,0.0
2005-10-07,0.00534450192219974,0.0
2005-10-10,-0.0030261286482178426,0.0
2005-10-11,-0.005087147845935022,0.0
2005-10-12,-0.0059533211983610786,0.0
2005-10-13,0.005849289823354238,0.0
2005-10-14,0.0050575228299934135,0.0
2005-10-17,-0.0020792093162309115,0.0
2005-10-18,-0.011744078320281008,0.0
2005-10-19,0.003497278518355448,0.0
2005-10-20,-0.006860741169904496,0.0
2005-10-21,-0.00521177455835734,0.0
2005-10-24,0.015871211689803672,0.0
2005-10-25,-0.0053507918381981105,0.0
2005-10-26,0.002815585974656309,0.0
2005-10-27,-0.0169381200163548,0.0
2005-10-28,0.018828661751997634,0.0
2005-10-31,0.01671268737878285,0.0
2005-11-01,-0.0015118765235850873,0.4368117376046418
2005-11-02,0.018693014541290763,0.0
2005-11-03,0.010711418019396159,0.0
2005-11-04,0.0019477158518804963,0.0
2005-11-07,0.008204638524575186,0.0
2005-11-08,-0.01029995074794226,0.0
2005-11-09,0.004910873632830357,0.0
2005-11-10,0.015744313634813926,0.0
2005-11-11,0.0015057668839344777,0.0
2005-11-14,-0.0040166955667497,0.0
2005-11-15,-0.010367470281379496,0.0
2005-11-16,-0.0013846425518016048,0.0
2005-11-17,0.009789272545620984,0.0
2005-11-18,0.006383119868214073,0.0
2005-11-21,0.0046318632534432845,0.0
2005-11-22,0.004890164224379184,0.0
2005-11-23,0.005014301904602761,0.0
2005-11-25,0.0010973047131426841,0.0
2005-11-28,-0.012421052641500355,0.0
2005-11-29,0.00216469937356541,0.0
2005-11-30,-0.001013258234645931,0.0
2005-12-01,0.015400164175036757,0.48449154325094557
2005-12-02,0.003693863096857806,0.0
2005-12-05,-0.008335291719091129,0.0
2005-12-06,0.001448666651907717,0.0
2005-12-07,0.0005227312779882555,0.0
2005-12-08,-0.0035341015359321585,0.0
2005-12-09,0.005619949807473105,0.0
2005-12-12,0.002339466098327243,0.0
2005-12-13,0.008282636749105702,0.0
2005-12-14,0.007139195819842118,0.0
2005-12-15,-0.0008442807531169833,0.0
2005-12-16,-0.002095860713653183,0.0
2005-12-19,-0.004983405523678432,0.0
2005-12-20,-0.004046822552297543,0.0
2005-12-21,0.0076458735688141495,0.0
2005-12-22,0.005578642420499038,0.0
2005-12-23,3.479222078267869e-05,0.0
2005-12-27,-0.006701656379155383,0.0
2005-12-28,0.0031913921609441585,0.0
2005-12-29,-0.0011996728392341138,0.0
2005-12-30,-0.004447155558399832,0.0
2006-01-03,0.014020558517656712,0.5442956351368617
2006-01-04,0.0052407282005973825,0.0
2006-01-05,0.002157486097663293,0.0
2006-01-06,0.004661334042295457,0.0
2006-01-09,0.007467890909770304,0.0
2006-01-10,0.00022742922662899752,0.0
2006-01-11,0.002957657129703743,0.0
2006-01-12,-0.004461068723612022,0.0
2006-01-13,-0.0002989449217358141,0.0
2006-01-17,-0.008438655138922932,0.0
2006-01-18,-0.0027820268208720213,0.0
2006-01-19,0.008847364201149122,0.0
2006-01-20,-0.017033590880353257,0.0
2006-01-23,0.003768917997263021,0.0
2006-01-24,0.00509884244553372,0.0
2006-01-25,-0.004303069770349801,0.0
2006-01-26,0.00518836478639677,0.0
2006-01-27,0.003590731465520201,0.0
2006-01-30,-0.001457176677601644,0.0
2006-01-31,-0.004025728326778097,0.0
2006-02-01,0.002604424832970409,0.5627134067442408
2006-02-02,-0.003467712343414701,0.0
2006-02-03,-0.0046161979912671776,0.0
2006-02-06,-0.00461571497085744,0.0
2006-02-07,-0.002087199977785165,0.0
2006-02-08,0.009928695362094996,0.0
2006-02-09,0.0009770731659855393,0.0
2006-02-10,0.00661851136523886,0.0
2006-02-13,-0.00026314780439136605,0.0
2006-02-14,0.012757761861578952,0.0
2006-02-15,0.0073453220808455365,0.0
2006-02-16,0.005770763171664182,0.0
2006-02-17,0.0005320041939281914,0.0
2006-02-21,-0.003288193125353974,0.0
2006-02-22,0.011410546958806571,0.0
2006-02-23,-0.0029402800727905435,0.0
2006-02-24,-0.0013700519685706596,0.0
2006-02-27,0.005242956757779417,0.0
2006-02-28,-0.010890086484779463,0.0
2006-03-01,0.0025931676427293215,0.7739594705831386
2006-03-02,0.00027643155657788116,0.0
2006-03-03,-0.004575034509762008,0.0
2006-03-06,-0.010534011196964347,0.0
2006-03-07,-0.003575093731376737,0.0
2006-03-08,0.001591450339233174,0.0
2006-03-09,-0.008241939790858207,0.0
2006-03-10,0.011149687969551972,0.0
2006-03-13,0.004003253222538575,0.0
2006-03-14,0.013156515529516046,0.0
2006-03-15,0.0008200053080789935,0.0
2006-03-16,0.0029257978171606165,0.0
2006-03-17,-0.001085710865667201,0.0
2006-03-20,-0.006935832908089379,0.0
2006-03-21,-0.007916028861950527,0.0
2006-03-22,0.007230415337586806,0.0
2006-03-23,0.003977886334540116,0.0
2006-03-24,0.0041807378926019545,0.0
2006-03-27,-0.0022417217400045,0.0
2006-03-28,-0.004462350776593136,0.0
2006-03-29,0.007896863689460722,0.0
2006-03-30,-0.0016623199905373652,0.0
2006-03-31,-0.005494122375636468,0.0
2006-04-03,-0.00378186152343174,0.7829053744141836
2006-04-04,0.0040171069474652325,0.0
2006-04-05,0.006556558544330437,0.0
2006-04-06,-0.0011352126664430687,0.0
2006-04-07,-0.008205537917259722,0.0
2006-04-10,0.000814434949989244,0.0
2006-04-11,-0.009851120538665147,0.0
2006-04-12,-0.0024789293113233616,0.0
2006-04-13,0.0008907026393146052,0.0
2006-04-17,-0.004346840088695695,0.0
2006-04-18,0.0218084345646005,0.0
2006-04-19,-0.0018040411990655418,0.0
2006-04-20,0.0019947116571782833,0.0
2006-04-21,-0.003995228496936073,0.0
2006-04-24,4.1106964106321425e-05,0.0
2006-04-25,-0.006189138825688561,0.0
2006-04-26,0.002705625438816345,0.0
2006-04-27,0.0009857764513417995,0.0
2006-04-28,-0.0007301090031841767,0.0
2006-05-01,-0.008430464875083032,0.9184296925099281
2006-05-02,-0.003978778166289446,0.0
2006-05-03,-0.002672309631302373,0.0
2006-05-04,0.0033827406404995336,0.0
2006-05-05,0.012729478742577554,0.0
2006-05-08,0.003280085693474206,0.0
2006-05-09,-0.0024293825806110097,0.0
2006-05-10,-0.0016380204414340278,0.0
2006-05-11,-0.013278947592567925,0.0
2006-05-12,-0.009248668880652558,0.0
2006-05-15,0.0039048139495072285,0.0
2006-05-16,-0.006851508897116743,0.0
2006-05-17,-0.01487444165195847,0.0
2006-05-18,-0.0039656565647381995,0.0
2006-05-19,0.004850522516194918,0.0
2006-05-22,-0.004551131533039255,0.0
2006-05-23,-0.007841796899383814,0.0
2006-05-24,0.010373172332365732,0.0
2006-05-25,0.007040504319274202,0.0
2006-05-26,0.004401800434886619,0.0
2006-05-30,-0.010890587680356749,0.0
2006-05-31,0.008731702009681638,0.0
2006-06-01,0.013965168050741772,0.6397861883440898
2006-06-02,-0.0002616603522894601,0.0
2006-06-05,-0.018727494651589238,0.0
2006-06-06,-0.006575276000039913,0.0
2006-06-07,-0.0037709633035599424,0.0
2006-06-08,0.0023653834016634737,0.0
2006-06-09,-0.002358806985741517,0.0
2006-06-12,-0.01653391725144814,0.0
2006-06-13,-0.009418483854156286,0.0
2006-06-14,0.00737210125329739,0.0
2006-06-15,0.024698466855631387,0.0
2006-06-16,-0.002224138014400405,0.0
2006-06-19,-0.006930137842955904,0.0
2006-06-20,-0.007585029164655583,0.0
2006-06-21,0.013676260543657646,0.0
2006-06-22,-0.005673077286563893,0.0
2006-06-23,-0.0005072309785927901,0.0
2006-06-26,0.004611725944164464,0.0
2006-06-27,-0.015049187596159082,0.0
2006-06-28,0.0032329173870493657,0.0
2006-06-29,0.021894711728688926,0.0
2006-06-30,-0.003461775702494078,0.0
2006-07-03,0.004798331548818036,0.7160992979954744
2006-07-05,-0.012336249022017699,0.0
2006-07-06,0.0029147439531027274,0.0
2006-07-07,-0.00812298356063363,0.0
2006-07-10,-0.0007417246510173362,0.0
2006-07-11,0.0032187400851001417,0.0
2006-07-12,-0.016009048594387055,0.0
2006-07-13,-0.01428587917515541,0.0
2006-07-14,-0.012320222082437571,0.0
2006-07-17,-0.0028366959758849234,0.0
2006-07-18,-0.0031051870561842267,0.0
2006-07-19,0.020229112646044003,0.0
2006-07-20,-0.019349237045156953,0.0
2006-07-21,-0.0032181245032210453,0.0
2006-07-24,0.024981121759974106,0.0
2006-07-25,0.014735286221754677,0.0
2006-07-26,0.005087805756227894,0.0
2006-07-27,0.0016547299250143509,0.0
2006-07-28,0.019202744848157025,0.0
2006-07-31,0.0005039817823108985,0.0
2006-08-01,-0.007235675434267064,0.8074308795809721
2006-08-02,0.00789426909083877,0.0
2006-08-03,0.018039705245314716,0.0
2006-08-04,-0.005819512005430724,0.0
2006-08-07,-0.003156714414729286,0.0
2006-08-08,-0.007682800105690104,0.0
2006-08-09,-0.014266626739364933,0.0
2006-08-10,0.010083193102466373,0.0
2006-08-11,-0.006530846969669965,0.0
2006-08-14,-0.0012460698011792695,0.0
2006-08-15,0.016512265228208457,0.0
2006-08-16,0.01935267913804404,0.0
2006-08-17,0.006349476059351456,0.0
2006-08-18,0.0018396168845550426,0.0
2006-08-21,-0.013998387344092748,0.0
2006-08-22,-0.0006361105386612029,0.0
2006-08-23,-0.011114894897923203,0.0
2006-08-24,-0.0026733902168372377,0.0
2006-08-25,-2.1516373017379208e-05,0.0
2006-08-28,0.009662939608705134,0.0
2006-08-29,0.007979131255899522,0.0
2006-08-30,0.003322313035207079,0.0
2006-08-31,0.006132365752559676,0.0
2006-09-01,0.007395667606183487,0.5836959696379108
2006-09-05,-0.004244976409692104,0.0
2006-09-06,-0.01511219674248409,0.0
2006-09-07,-0.003007547195007873,0.0
2006-09-08,0.003614682416454755,0.0
2006-09-11,0.001638411753546982,0.0
2006-09-12,0.023402439771576182,0.0
2006-09-13,0.007502826621260362,0.0
2006-09-14,-0.0003619399821098992,0.0
2006-09-15,0.00380527396209003,0.0
2006-09-18,0.003340480874215978,0.0
2006-09-19,-0.010833797656035893,0.0
2006-09-20,0.0027961111004953763,0.0
2006-09-21,-0.0063715604590705716,0.0
2006-09-22,-0.0053375051942251605,0.0
2006-09-25,0.012706436752390814,0.0
2006-09-26,0.009755404805325276,0.0
2006-09-27,-0.00020303438106389728,0.0
2006-09-28,0.006092026405511227,0.0
2006-09-29,-0.005872226315803716,0.0
2006-10-02,-0.002582420792736184,0.5463325742567442
2006-10-03,-0.010910453849726505,0.0
2006-10-04,0.019647315600439405,0.0
2006-10-05,0.008418788851841755,0.0
2006-10-06,-0.0046055173890545515,0.0
2006-10-09,0.0036063562730837017,0.0
2006-10-10,0.005679755037882375,0.0
2006-10-11,-0.004498677241591057,0.0
2006-10-12,0.013406558456120096,0.0
2006-10-13,7.108592202574784e-05,0.0
2006-10-16,0.008306041295658506,0.0
2006-10-17,-0.010674496700067709,0.0
2006-10-18,-0.004184824469994674,0.0
2006-10-19,0.006774776961608106,0.0
2006-10-20,-0.0013974491784355396,0.0
2006-10-23,0.004313193605467231,0.0
2006-10-24,0.004693433716724893,0.0
2006-10-25,0.006278106013679713,0.0
2006-10-26,0.00031307844100068286,0.0
2006-10-27,-0.0097079370276283,0.0
2006-10-30,0.0010407062502294818,0.0
2006-10-31,-0.0029041951684321736,0.0
2006-11-01,-0.008383947205793718,0.6800083926307261
2006-11-02,-0.0012060512360610415,0.0
2006-11-03,-0.0029568492896796302,0.0
2006-11-06,0.011867991020822406,0.0
2006-11-07,0.00935994501241148,0.0
2006-11-08,-0.0011440087497949017,0.0
2006-11-09,-0.012217503340168573,0.0
2006-11-10,0.005508196320477384,0.0
2006-11-13,0.00611922956443766,0.0
2006-11-14,0.01457741068614304,0.0
2006-11-15,0.009642206754389027,0.0
2006-11-16,0.0030309060618230596,0.0
2006-11-17,-0.00100064276693562,0.0
2006-11-20,-0.004742214372464193,0.0
2006-11-21,0.004488608892584286,0.0
2006-11-22,0.009197150990594224,0.0
2006-11-24,-0.003873798326841221,0.0
2006-11-27,-0.014562005065163147,0.0
2006-11-28,0.0011050427398090821,0.0
2006-11-29,0.011762469313772787,0.0
2006-11-30,0.009801033939745721,0.0
2006-12-01,-0.0036105535648387477,0.6349191591863423
2006-12-04,0.008614372077133019,0.0
2006-12-05,0.005364140031085424,0.0
2006-12-06,0.0072719107358862525,0.0
2006-12-07,-0.008854419408335052,0.0
2006-12-08,-0.0021898831858970422,0.0
2006-12-11,0.0015432186088114967,0.0
2006-12-12,-0.005176301761496442,0.0
2006-12-13,-0.00024805045666639576,0.0
2006-12-14,0.010385958123298691,0.0
2006-12-15,0.0007424550032336928,0.0
2006-12-18,-0.007988514458472647,0.0
2006-12-19,-0.003653417263578667,0.0
2006-12-20,0.0009353802694842303,0.0
2006-12-21,-0.002866482980426862,0.0
2006-12-22,-0.004390983766658399,0.0
2006-12-26,0.00240511971005129,0.0
2006-12-27,0.00785515065369919,0.0
2006-12-28,-0.0018681883061057122,0.0
2006-12-29,-0.005724752581779516,0.0
2007-01-03,0.0009129864540491361,0.5595008855713333
2007-01-04,0.004087535906045687,0.0
2007-01-05,-0.006938411532576481,0.0
2007-01-08,0.00037330844624266265,0.0
2007-01-09,0.0036963845961938443,0.0
2007-01-10,8.50887358607207e-06,0.0
2007-01-11,0.008899277414802923,0.0
2007-01-12,0.0063676125360596315,0.0
2007-01-16,-0.0016138191914501971,0.0
2007-01-17,0.0009360181510711667,0.0
2007-01-18,-0.006349002605901383,0.0
2007-01-19,0.009174781424115094,0.0
2007-01-22,-0.0014766832083592492,0.0
2007-01-23,0.007871233266261435,0.0
2007-01-24,0.009255669246491675,0.0
2007-01-25,-0.012506615992790328,0.0
2007-01-26,-0.000843310020702042,0.0
2007-01-29,0.0032770659102922175,0.0
2007-01-30,0.0032944867826164427,0.0
2007-01-31,0.011088080479584915,0.0
2007-02-01,0.01205726100199489,0.6816846418270807
2007-02-02,0.0068700746117433395,0.0
2007-02-05,-0.0041363990062809625,0.0
2007-02-06,0.003069428170129752,0.0
2007-02-07,0.006307681714957701,0.0
2007-02-08,-0.0030138629962899186,0.0
2007-02-09,-0.006270545324450811,0.0
2007-02-12,-0.003351670903169458,0.0
2007-02-13,0.009081527257929657,0.0
2007-02-14,0.010438850295014604,0.0
2007-02-15,0.0014690736246958218,0.0
2007-02-16,-0.0004983830992228025,0.0
2007-02-20,0.002780941465201724,0.0
2007-02-21,0.00040284770096654757,0.0
2007-02-22,0.0016800983562558422,0.0
2007-02-23,-0.005036266013494726,0.0
2007-02-26,0.0010383840506174146,0.0
2007-02-27,-0.03293598210935771,0.0
2007-02-28,0.004529600673185225,0.0
2007-03-01,-0.004290457940881343,1.076553107396189
2007-03-02,-0.013184412490259548,0.0
2007-03-05,-0.015426867506199461,0.0
2007-03-06,0.0167240471398014,0.0
2007-03-07,-0.0018537683689433806,0.0
2007-03-08,0.007912973033114456,0.0
2007-03-09,-0.0014194631377440546,0.0
2007-03-12,-0.0015142786071426636,0.0
2007-03-13,-0.02490935239019577,0.0
2007-03-14,0.007698864830665949,0.0
2007-03-15,0.006927384177985923,0.0
2007-03-16,-0.0024777066177470585,0.0
2007-03-19,0.008069961016841994,0.0
2007-03-20,0.0058516239467539845,0.0
2007-03-21,0.018115176233500244,0.0
2007-03-22,0.00022160983828105145,0.0
2007-03-23,-0.00022536243578952727,0.0
2007-03-26,-0.004374922328012143,0.0
2007-03-27,-0.007196253237227128,0.0
2007-03-28,-0.00960252252261199,0.0
2007-03-29,0.004436713990842126,0.0
2007-03-30,0.002060058869991374,0.0
2007-04-02,0.0016380750797162502,0.8108452118117799
2007-04-03,0.009691841197658407,0.0
2007-04-04,-0.004606294352046348,0.0
2007-04-05,0.004198238085871339,0.0
2007-04-09,-0.0007926581294175421,0.0
2007-04-10,0.002541551885446439,0.0
2007-04-11,-0.007155591992052952,0.0
2007-04-12,0.01014205466281531,0.0
2007-04-13,0.0005642483720786164,0.0
2007-04-16,0.006414146874508375,0.0
2007-04-17,0.003967498587956785,0.0
2007-04-18,0.00812387269376558,0.0
2007-04-19,-0.0021387754079469678,0.0
2007-04-20,0.008540064141501122,0.0
2007-04-23,0.0020297343635171062,0.0
2007-04-24,0.004873196496702487,0.0
2007-04-25,0.007489383128604816,0.0
2007-04-26,0.010947694193788925,0.0
2007-04-27,-0.0024248485413838087,0.0
2007-04-30,-0.013247546649403832,0.0
2007-05-01,0.01066001063704225,0.7600414101344303
2007-05-02,0.00790568017007003,0.0
2007-05-03,0.0037529437234619673,0.0
2007-05-04,0.0014685817237610316,0.0
2007-05-07,-2.8571022525817388e-05,0.0
2007-05-08,-0.005710102459743635,0.0
2007-05-09,0.00890695758197479,0.0
2007-05-10,-0.018022697412210388,0.0
2007-05-11,0.00529852558885645,0.0
2007-05-14,-0.0051371249908098,0.0
2007-05-15,-0.007030762931799415,0.0
2007-05-16,0.0017493294511161067,0.0
2007-05-17,-0.004711596541064363,0.0
2007-05-18,0.00582852990687417,0.0
2007-05-21,0.0014224538215293916,0.0
2007-05-22,0.002044137484475197,0.0
2007-05-23,-0.00371809409295978,0.0
2007-05-24,-0.006947516382212501,0.0
2007-05-25,0.005293048183037262,0.0
2007-05-29,0.005379433398981611,0.0
2007-05-30,0.010907928109906508,0.0
2007-05-31,0.006852680647651226,0.0
2007-06-01,0.004262473239515119,0.7044073328300986
2007-06-04,0.004358029507303277,0.0
2007-06-05,-0.012413667585826864,0.0
2007-06-06,-0.012068291525362602,0.0
2007-06-07,-0.02058982784180802,0.0
2007-06-08,0.013379199795971988,0.0
2007-06-11,-0.005324263823909594,0.0
2007-06-12,-0.013630008068133165,0.0
2007-06-13,0.017255682622718458,0.0
2007-06-14,0.0016139852188678029,0.0
2007-06-15,0.005168610608734893,0.0
2007-06-18,-0.005912841351982645,0.0
2007-06-19,-0.0009635503158309815,0.0
2007-06-20,-0.015738810046180544,0.0
2007-06-21,0.003659461307504697,0.0
2007-06-22,-0.007782237081413479,0.0
2007-06-25,-0.01092512417166092,0.0
2007-06-26,-0.00677251176587382,0.0
2007-06-27,0.011913732177991368,0.0
2007-06-28,-0.0029141516780411274,0.0
2007-06-29,-0.005080816600008059,0.0
2007-07-02,0.012411884182182753,0.5172396788777642
2007-07-03,-0.00204286170141732,0.0
2007-07-05,0.005154423288658851,0.0
2007-07-06,0.007939770577143297,0.0
2007-07-09,-0.0034180795852545,0.0
2007-07-10,-0.019595962895618147,0.0
2007-07-11,0.004036342798443556,0.0
2007-07-12,0.013548041033508724,0.0
2007-07-13,0.006800421430880187,0.0
2007-07-16,-0.005363745977341787,0.0
2007-07-17,0.0006154707948838485,0.0
2007-07-18,-0.0030659193546317114,0.0
2007-07-19,0.001425976785722194,0.0
2007-07-20,-0.015316017397567612,0.0
2007-07-23,-0.00350929184563759,0.0
2007-07-24,-0.017133057078361283,0.0
2007-07-25,0.014802599778494298,0.0
2007-07-26,-0.026737096433439946,0.0
2007-07-27,-0.019387962518311617,0.0
2007-07-30,0.011980588271931828,0.0
2007-07-31,-0.009812583550269423,0.0
2007-08-01,0.007426358315672177,0.6550290724338339
2007-08-02,0.006346088759845865,0.0
2007-08-03,-0.03660904379082422,0.0
2007-08-06,0.021700048116152587,0.0
2007-08-07,0.0065570753091687885,0.0
2007-08-08,0.019003941028432017,0.0
2007-08-09,-0.024871155018675623,0.0
2007-08-10,-0.0020197441529697124,0.0
2007-08-13,-0.003458302075059886,0.0
2007-08-14,-0.026944307949150315,0.0
2007-08-15,-0.017121815981069075,0.0
2007-08-16,0.01408767853942319,0.0
2007-08-17,0.026685202749450663,0.0
2007-08-20,0.0031326461409877833,0.0
2007-08-21,-0.004111775537636232,0.0
2007-08-22,0.012161660352945108,0.0
2007-08-23,-0.005063506153848105,0.0
2007-08-24,0.007289505741878016,0.0
2007-08-27,-0.017863057204106855,0.0
2007-08-28,-0.026383127846781658,0.0
2007-08-29,0.026907184342398513,0.0
2007-08-30,-0.0018811769928471739,0.0
2007-08-31,0.016420877249214066,0.0
2007-09-04,0.008032626345577443,0.588851417601702
2007-09-05,-0.017797453102035673,0.0
2007-09-06,0.002858393510023157,0.0
2007-09-07,-0.025280926830596736,0.0
2007-09-10,-0.010783721705295117,0.0
2007-09-11,0.013367447835180294,0.0
2007-09-12,-0.001778642866800034,0.0
2007-09-13,0.010793699290992761,0.0
2007-09-14,0.003936299988148068,0.0
2007-09-17,-0.0002177117531532142,0.0
2007-09-18,0.039399413104258124,0.0
2007-09-19,0.007488818435349533,0.0
2007-09-20,-0.019327347039132272,0.0
2007-09-21,0.00393873888733497,0.0
2007-09-24,-0.01126170884090096,0.0
2007-09-25,-0.008630035007283529,0.0
2007-09-26,-0.0010354716657161073,0.0
2007-09-27,0.008215544608463972,0.0
2007-09-28,-0.003304809721552329,0.0
2007-10-01,0.021018781725074653,0.5961111660252502
2007-10-02,0.01463088795187459,0.0
2007-10-03,0.0030164666861415765,0.0
2007-10-04,-0.007827256291775126,0.0
2007-10-05,0.020985251975567734,0.0
2007-10-08,-0.008971184563863855,0.0
2007-10-09,0.006736955354615463,0.0
2007-10-10,-0.0016004109929560672,0.0
2007-10-11,-0.006394290551027405,0.0
2007-10-12,0.00046771386248366367,0.0
2007-10-15,-0.014546610685157158,0.0
2007-10-16,-0.009084087276068905,0.0
2007-10-17,0.0004255805940417655,0.0
2007-10-18,-0.006142635479242823,0.0
2007-10-19,-0.03110617970544856,0.0
2007-10-22,0.01454823523708194,0.0
2007-10-23,0.007486536622867952,0.0
2007-10-24,0.004901828717259972,0.0
2007-10-25,-0.008026199942573777,0.0
2007-10-26,0.009789438379961551,0.0
2007-10-29,0.004078458543720763,0.0
2007-10-30,-0.004072823889545607,0.0
2007-10-31,0.0063244396581102515,0.0
2007-11-01,-0.02854159526189537,0.5994596208662974
2007-11-02,-0.010989453486976594,0.0
2007-11-05,-0.015276804701292074,0.0
2007-11-06,0.0075476141102882805,0.0
2007-11-07,-0.025036061326311934,0.0
2007-11-08,0.0006881872825534562,0.0
2007-11-09,-0.010933222113230867,0.0
2007-11-12,0.0012336923427319355,0.0
2007-11-13,0.0391112244900404,0.0
2007-11-14,-0.01886401978743401,0.0
2007-11-15,-0.01797840271367336,0.0
2007-11-16,-0.00895605368364478,0.0
2007-11-19,-0.033458427898556374,0.0
2007-11-20,-0.003573363488711589,0.0
2007-11-21,-0.01678947667976101,0.0
2007-11-23,0.02218821209555087,0.0
2007-11-26,-0.024874273539171946,0.0
2007-11-27,0.006666815687959054,0.0
2007-11-28,0.0349573390052651,0.0
2007-11-29,-0.005765471562121276,0.0
2007-11-30,0.02252915956691681,0.0
2007-12-03,-0.013711569772677401,0.41111373024610454
2007-12-04,-0.006558926234762844,0.0
2007-12-05,0.014910229799209872,0.0
2007-12-06,0.023861268462794932,0.0
2007-12-07,0.0015064441412016513,0.0
2007-12-10,0.0143853457937886,0.0
2007-12-11,-0.041680015919817556,0.0
2007-12-12,0.002754918149209752,0.0
2007-12-13,-0.00788450323846858,0.0
2007-12-14,-0.024054930897106627,0.0
2007-12-17,-0.008807437955124033,0.0
2007-12-18,0.004724004354467184,0.0
2007-12-19,-0.0023145772475060434,0.0
2007-12-20,0.005500473056257983,0.0
2007-12-21,0.018027415804507785,0.0
2007-12-24,0.009896536921359982,0.0
2007-12-26,-0.0031039778578185397,0.0
2007-12-27,-0.015353745478148405,0.0
2007-12-28,-0.006392203885595339,0.0
2007-12-31,-0.001034176409141393,0.0
2008-01-02,-0.02054552882929772,0.5124660332135746
2008-01-03,-0.02159220217605605,0.0
2008-01-04,-0.03830507291660011,0.0
2008-01-07,0.005015033174058745,0.0
2008-01-08,-0.036249780590723917,0.0
2008-01-09,0.008122777271232166,0.0
2008-01-10,0.017044814263333152,0.0
2008-01-11,-0.012489461785068745,0.0
2008-01-14,-0.0013515104319467377,0.0
2008-01-15,-0.03319996496581993,0.0
2008-01-16,0.016725402390122667,0.0
2008-01-17,-0.023808340081885787,0.0
2008-01-18,0.003582875611094658,0.0
2008-01-22,0.028325533459291445,0.0
2008-01-23,0.06484646317030884,0.0
2008-01-24,0.0015641276784426144,0.0
2008-01-25,-0.011881281578366022,0.0
2008-01-28,0.029361260581037975,0.0
2008-01-29,0.013012647057142612,0.0
2008-01-30,-0.008903336024721,0.0
2008-01-31,0.04177375986129031,0.0
2008-02-01,0.020034334619740246,0.5762536309354178
2008-02-04,-0.027546066029239237,0.0
2008-02-05,-0.042025601571667834,0.0
2008-02-06,-0.017357382790514506,0.0
2008-02-07,0.01616776265484212,0.0
2008-02-08,-0.010000808275700476,0.0
2008-02-11,0.008029210877090506,0.0
2008-02-12,0.0016640621064080829,0.0
2008-02-13,0.012946537352262262,0.0
2008-02-14,-0.01834839248866415,0.0
2008-02-15,-0.0049344061622559,0.0
2008-02-19,-0.003468428589176721,0.0
2008-02-20,0.02158510174396592,0.0
2008-02-21,-0.01958953464097717,0.0
2008-02-22,0.010353737217893485,0.0
2008-02-25,0.02360866705789691,0.0
2008-02-26,0.021645804578216535,0.0
2008-02-27,-0.0006009320492128286,0.0
2008-02-28,-0.02895068846046557,0.0
2008-02-29,-0.03482537514860788,0.0
2008-03-03,-0.004635408653301809,0.4095816124032708
2008-03-04,-0.0007074050492415514,0.0
2008-03-05,0.0012200264157928304,0.0
2008-03-06,-0.03926294468182201,0.0
2008-03-07,-0.0017908878120380671,0.0
2008-03-10,-0.026861417920106302,0.0
2008-03-11,0.06197481054996261,0.0
2008-03-12,-0.014979671969811191,0.0
2008-03-13,0.009853209776762076,0.0
2008-03-14,-0.028460928128632955,0.0
2008-03-17,-0.023547925882971433,0.0
2008-03-18,0.06263961968303905,0.0
2008-03-19,-0.014814627616555524,0.0
2008-03-20,0.051897106514413066,0.0
2008-03-24,0.045792956165342194,0.0
2008-03-25,-0.006953108457665727,0.0
2008-03-26,-0.026217654958790994,0.0
2008-03-27,-0.017641824870874796,0.0
2008-03-28,-0.021989459055418062,0.0
2008-03-31,0.011883868719362712,0.0
2008-04-01,0.055583813777863034,0.5354596985754589
2008-04-02,0.0052284298609364625,0.0
2008-04-03,0.0027678720682314303,0.0
2008-04-04,-0.005971994326146469,0.0
2008-04-07,-0.003299247498402626,0.0
2008-04-08,-0.016726134072231606,0.0
2008-04-09,-0.02713242099739254,0.0
2008-04-10,0.008016448150318373,0.0
2008-04-11,-0.02064788837904828,0.0
2008-04-14,-0.008169931115268682,0.0
2008-04-15,0.004742250133442252,0.0
2008-04-16,0.025366974860751776,0.0
2008-04-17,0.0008247442049662732,0.0
2008-04-18,0.02428305332215438,0.0
2008-04-21,0.0009050525224824323,0.0
2008-04-22,-0.02399499084671424,0.0
2008-04-23,-0.005846198807781866,0.0
2008-04-24,0.026836377773420104,0.0
2008-04-25,0.012722006125613382,0.0
2008-04-28,0.005033529185555265,0.0
2008-04-29,-0.0026726002833501105,0.0
2008-04-30,-0.0163769979946068,0.0
2008-05-01,0.03527183918797916,0.24553591801070954
2008-05-02,0.002104239408814051,0.0
2008-05-05,-0.011834641528235797,0.0
2008-05-06,0.0068516486115029265,0.0
2008-05-07,-0.025306950312321042,0.0
2008-05-08,-0.010706256153976263,0.0
2008-05-09,-0.00903877743940637,0.0
2008-05-12,0.02368153203592458,0.0
2008-05-13,-0.004364699752940718,0.0
2008-05-14,0.018041227412124647,0.0
2008-05-15,0.018006622153821022,0.0
2008-05-16,-0.007301522243717308,0.0
2008-05-19,-0.0015127596584627273,0.0
2008-05-20,-0.01703361629282985,0.0
2008-05-21,-0.030286415036846166,0.0
2008-05-22,0.0025109162938360624,0.0
2008-05-23,-0.018890351499659407,0.0
2008-05-27,0.01115942047358713,0.0
2008-05-28,0.011558928378132688,0.0
2008-05-29,0.012720594812726287,0.0
2008-05-30,-0.0001606159812044853,0.0
2008-06-02,-0.01632782146586431,0.3171277488573572
2008-06-03,0.0021305250947638204,0.0
2008-06-04,-0.005657050662871601,0.0
2008-06-05,0.01608407139774476,0.0
2008-06-06,-0.04800843671118103,0.0
2008-06-09,-0.018332138759686603,0.0
2008-06-10,0.005174987399829771,0.0
2008-06-11,-0.03060043232449513,0.0
2008-06-12,0.014174851350899265,0.0
2008-06-13,0.025273920484951647,0.0
2008-06-16,0.0011074293922715569,0.0
2008-06-17,-0.011292164160078496,0.0
2008-06-18,-0.017359652516341008,0.0
2008-06-19,0.014841070434962,0.0
2008-06-20,-0.03485708678048424,0.0
2008-06-23,-0.02061660634905816,0.0
2008-06-24,0.002667947887959149,0.0
2008-06-25,0.015259186893402327,0.0
2008-06-26,-0.041791885653517116,0.0
2008-06-27,-0.006731595899829522,0.0
2008-06-30,-0.011965334432080043,0.0
2008-07-01,-0.000118146057674684,0.37462916584765205
2008-07-02,-0.02709316519425677,0.0
2008-07-03,0.0009173277370626188,0.0
2008-07-07,-0.011120551803578953,0.0
2008-07-08,0.04539079349736126,0.0
2008-07-09,-0.04671282547749635,0.0
2008-07-10,-0.02339793422823146,0.0
2008-07-11,-0.023222733032797895,0.0
2008-07-14,-0.014635960620225319,0.0
2008-07-15,0.003770199132079576,0.0
2008-07-16,0.06796395387175218,0.0
2008-07-17,0.0476822383773986,0.0
2008-07-18,-0.0013460729807025203,0.0
2008-07-21,-0.006798566505216658,0.0
2008-07-22,0.04355458052286886,0.0
2008-07-23,0.029206077156932818,0.0
2008-07-24,-0.06030308267569839,0.0
2008-07-25,-0.0074373239107802715,0.0
2008-07-28,-0.033688396119533254,0.0
2008-07-29,0.05495162355540928,0.0
2008-07-30,-0.00021928462998613112,0.0
2008-07-31,0.0015786994492304014,0.0
2008-08-01,0.009483612723617085,0.5568169259226193
2008-08-04,-0.005851770795511817,0.0
2008-08-05,0.04970028040411566,0.0
2008-08-06,0.012866804408000903,0.0
2008-08-07,-0.02023727383126094,0.0
2008-08-08,0.04915621137386149,0.0
2008-08-11,0.024235616519349627,0.0
2008-08-12,-0.026723032774126833,0.0
2008-08-13,-0.01194535496337919,0.0
2008-08-14,0.0310069880257819,0.0
2008-08-15,0.013663200803790177,0.0
2008-08-18,-0.02323730649253554,0.0
2008-08-19,-0.028728756085500105,0.0
2008-08-20,-0.0038673146649181207,0.0
2008-08-21,-0.001144613472716671,0.0
2008-08-22,0.02279536462646846,0.0
2008-08-25,-0.025204402611364238,0.0
2008-08-26,0.001295281993034489,0.0
2008-08-27,0.01944774501098085,0.0
2008-08-28,0.04268427602263071,0.0
2008-08-29,-0.006879676313481726,0.0
2008-09-02,0.013436541242244804,0.5143077579949753
2008-09-03,0.008180315251262893,0.0
2008-09-04,-0.036468526636073424,0.0
2008-09-05,0.012415642137221593,0.0
2008-09-08,0.04581027288918022,0.0
2008-09-09,-0.04791664341229849,0.0
2008-09-10,0.003163087594535622,0.0
2008-09-11,0.015344729373256295,0.0
2008-09-12,-0.003531849629227316,0.0
2008-09-15,-0.06143783507159994,0.0
2008-09-16,0.020446408726541042,0.0
2008-09-17,-0.06327859599358587,0.0
2008-09-18,0.0780676755746357,0.0
2008-09-19,0.04352879988798085,0.0
2008-09-22,-0.06281118132878373,0.0
2008-09-23,-0.015832473459278597,0.0
2008-09-24,-0.008107148895307255,0.0
2008-09-25,0.024926433690770453,0.0
2008-09-26,0.004758021138841526,0.0
2008-09-29,-0.09929592619397812,0.0
2008-09-30,0.05761452435230851,0.0
2008-10-01,-0.0027796831748789774,0.47190920042246154
2008-10-02,-0.07300183906627598,0.0
2008-10-03,-0.03491740312034591,0.0
2008-10-06,-0.029174409058354583,0.0
2008-10-07,-0.06665694907325083,0.0
2008-10-08,-0.011474622476745834,0.0
2008-10-09,-0.09576707117171102,0.0
2008-10-10,0.007086664354376699,0.0
2008-10-13,0.12769775559752966,0.0
2008-10-14,-0.014486163277420078,0.0
2008-10-15,-0.11621659947715153,0.0
2008-10-16,0.0453071534195002,0.0
2008-10-17,0.010895838536627192,0.0
2008-10-20,0.04030715764423601,0.0
2008-10-21,-0.0453846570568248,0.0
2008-10-22,-0.07715027566246882,0.0
2008-10-23,-0.02599368995561312,0.0
2008-10-24,-0.043333959332110886,0.0
2008-10-27,-0.042982070957018434,0.0
2008-10-28,0.12828195031909706,0.0
2008-10-29,0.009828466022376895,0.0
2008-10-30,0.05294638766203584,0.0
2008-10-31,0.029574121704392026,0.0
2008-11-03,-0.0014411325809511322,0.7436336173421331
2008-11-04,0.07499307109274518,0.0
2008-11-05,-0.07838706080829505,0.0
2008-11-06,-0.08072997107506778,0.0
2008-11-07,0.0439948919482426,0.0
2008-11-10,-0.05258090863979276,0.0
2008-11-11,-0.04170056905634669,0.0
2008-11-12,-0.08926448268907268,0.0
2008-11-13,0.08559082007620639,0.0
2008-11-14,-0.06780749267963077,0.0
2008-11-17,-0.049865530035643396,0.0
2008-11-18,-0.012173183218541413,0.0
2008-11-19,-0.10859579951382534,0.0
2008-11-20,-0.08924531726031619,0.0
2008-11-21,0.0730525770011429,0.0
2008-11-24,0.15049483062314878,0.0
2008-11-25,0.02478386158867567,0.0
2008-11-26,0.07344858463334711,0.0
2008-11-28,0.017938725173291783,0.0
2008-12-01,-0.13279611404298675,0.6048613757399388
2008-12-02,0.07060881249790195,0.0
2008-12-03,0.05722780453052351,0.0
2008-12-04,-0.01952610611064077,0.0
2008-12-05,0.07239234127804323,0.0
2008-12-08,0.06800601854430412,0.0
2008-12-09,-0.03083001864908513,0.0
2008-12-10,0.026690441911121906,0.0
2008-12-11,-0.06971263999094814,0.0
2008-12-12,0.029194134233650533,0.0
2008-12-15,-0.03286940242928385,0.0
2008-12-16,0.09821247305897153,0.0
2008-12-17,0.016200645387104202,0.0
2008-12-18,-0.03831061319999954,0.0
2008-12-19,0.01931485436692231,0.0
2008-12-22,-0.048564690489703785,0.0
2008-12-23,-0.010632534651992554,0.0
2008-12-24,0.0031552034526726625,0.0
2008-12-26,0.005376930815219376,0.0
2008-12-29,-0.014770983609722201,0.0
2008-12-30,0.04098123385698621,0.0
2008-12-31,0.03255392845783504,0.0
2009-01-02,0.04696782812280342,0.544845209939726
2009-01-05,0.010169287584849163,0.0
2009-01-06,0.0384392133733521,0.0
2009-01-07,-0.05204091388333788,0.0
2009-01-08,0.018497387072629864,0.0
2009-01-09,-0.033515216846888574,0.0
2009-01-12,-0.05503840586465111,0.0
2009-01-13,0.008871904895422212,0.0
2009-01-14,-0.06414551423751608,0.0
2009-01-15,-0.003600190845337368,0.0
2009-01-16,0.011467673586619875,0.0
2009-01-20,-0.09534114030434737,0.0
2009-01-21,0.08095146230770547,0.0
2009-01-22,-0.044486588356522284,0.0
2009-01-23,0.0266134006495153,0.0
2009-01-26,0.0034317315560425123,0.0
2009-01-27,0.011469402704127218,0.0
2009-01-28,0.07873212093688586,0.0
2009-01-29,-0.0649056587924802,0.0
2009-01-30,-0.051210393990491286,0.0
2009-02-02,-0.010709773964535652,0.7450719494045326
2009-02-03,0.014027073981072708,0.0
2009-02-04,-0.010173337175840408,0.0
2009-02-05,0.015172565294669977,0.0
2009-02-06,0.06435378308929353,0.0
2009-02-09,-0.00464325573243049,0.0
2009-02-10,-0.09381395552740093,0.0
2009-02-11,0.021849861537916203,0.0
2009-02-12,-0.008969040038816366,0.0
2009-02-13,-0.03120462559712009,0.0
2009-02-17,-0.07780230381563409,0.0
2009-02-18,0.004060157044893016,0.0
2009-02-19,-0.05237458630914042,0.0
2009-02-20,0.00768171769729873,0.0
2009-02-23,-0.055099233095173776,0.0
2009-02-24,0.08536834465347129,0.0
2009-02-25,-0.029170553707020312,0.0
2009-02-26,-0.013475202044061895,0.0
2009-02-27,-0.04737046886269307,0.0
2009-03-02,-0.07472092840254096,0.3804890436716606
2009-03-03,-0.015513176521967854,0.0
2009-03-04,0.03511186686288319,0.0
2009-03-05,-0.07867081051705813,0.0
2009-03-06,0.002363060489530039,0.0
2009-03-09,0.012065471266570706,0.0
2009-03-10,0.1408001514252511,0.0
2009-03-11,0.0068734890497341074,0.0
2009-03-12,0.0843276225592937,0.0
2009-03-13,0.0005553245969834287,0.0
2009-03-16,-0.019073142620569295,0.0
2009-03-17,0.06483535167009012,0.0
2009-03-18,0.07915295012795136,0.0
2009-03-19,-0.059133222306123855,0.0
2009-03-20,-0.05485043190952961,0.0
2009-03-23,0.14766386783368995,0.0
2009-03-24,-0.030873921730305447,0.0
2009-03-25,0.02664247308179584,0.0
2009-03-26,0.04092624612862865,0.0
2009-03-27,-0.03271080272867014,0.0
2009-03-30,-0.089096251281641,0.0
2009-03-31,0.029918020285762,0.0
2009-04-01,0.022842933465444082,0.3535894820350522
2009-04-02,0.07061264375336226,0.0
2009-04-03,0.05241426110387431,0.0
2009-04-06,-0.013443217582757672,0.0
2009-04-07,-0.05530504513036996,0.0
2009-04-08,0.025572212710772306,0.0
2009-04-09,0.12583207703039367,0.0
2009-04-13,0.030037755746251386,0.0
2009-04-14,-0.061581657542490176,0.0
2009-04-15,0.049974268346772766,0.0
2009-04-16,0.031189685081127697,0.0
2009-04-17,0.02223241367024477,0.0
2009-04-20,-0.10750027347154355,0.0
2009-04-21,0.061886723513357556,0.0
2009-04-22,-0.001045147838512216,0.0
2009-04-23,0.030048279685091155,0.0
2009-04-24,0.0537591037262245,0.0
2009-04-27,-0.048808607142409866,0.0
2009-04-28,-0.011588896916875315,0.0
2009-04-29,0.05049059172582575,0.0
2009-04-30,0.014942385298146822,0.0
2009-05-01,-0.002803857237153373,0.2730605407385549
2009-05-04,0.07636754009023074,0.0
2009-05-05,0.005220104671907051,0.0
2009-05-06,0.04109093861077592,0.0
2009-05-07,-0.04158095816853491,0.0
2009-05-08,0.06254194568860674,0.0
2009-05-11,-0.05245243938418352,0.0
2009-05-12,-0.022950560546331503,0.0
2009-05-13,-0.06331692505775963,0.0
2009-05-14,0.030865059012750926,0.0
2009-05-15,-0.02361134464828792,0.0
2009-05-18,0.07288324809909379,0.0
2009-05-19,-0.0026316094616876525,0.0
2009-05-20,-0.015642070299664447,0.0
2009-05-21,-0.012636020980765248,0.0
2009-05-22,-0.0018330356842150338,0.0
2009-05-26,0.046979879404743935,0.0
2009-05-27,-0.02884931616654437,0.0
2009-05-28,0.017163437841114567,0.0
2009-05-29,0.02111928533804053,0.0
2009-06-01,0.042022289838156146,0.436907252930283
2009-06-02,0.0007962079765310649,0.0
2009-06-03,-0.02616474902860522,0.0
2009-06-04,0.02322586100200673,0.0
2009-06-05,-0.011246973464564642,0.0
2009-06-08,-0.004507054289983228,0.0
2009-06-09,0.006472582724629879,0.0
2009-06-10,-0.009884434822905352,0.0
2009-06-11,-0.00896551588165238,0.0
2009-06-12,0.004613741428399732,0.0
2009-06-15,-0.0397856701317509,0.0
2009-06-16,-0.02535302140769231,0.0
2009-06-17,-0.016154599048849208,0.0
2009-06-18,0.0003374062484106904,0.0
2009-06-19,0.013660800373611656,0.0
2009-06-22,-0.053719747810169034,0.0
2009-06-23,0.008026625262981518,0.0
2009-06-24,0.01719892544984524,0.0
2009-06-25,0.03154601700008673,0.0
2009-06-26,-0.0015309531577832182,0.0
2009-06-29,0.016555916006571008,0.0
2009-06-30,-0.008332611131931175,0.0
2009-07-01,0.0015058107254830588,0.5532528369048105
2009-07-02,-0.049231380651883205,0.0
2009-07-06,-0.0024246849233868304,0.0
2009-07-07,-0.040033379785388616,0.0
2009-07-08,-0.007762124344462558,0.0
2009-07-09,0.013887744755364875,0.0
2009-07-10,-0.0013254805702188237,0.0
2009-07-13,0.03487405779928372,0.0
2009-07-14,0.014403707915142318,0.0
2009-07-15,0.058330918827494506,0.0
2009-07-16,0.012277686844065213,0.0
2009-07-17,-0.002717687668744881,0.0
2009-07-20,0.025615685384587677,0.0
2009-07-21,-0.00016433793693284692,0.0
2009-07-22,0.010407714537654284,0.0
2009-07-23,0.04940684080178048,0.0
2009-07-24,0.011884222526551615,0.0
2009-07-27,0.02143977651544547,0.0
2009-07-28,-0.005400090780314738,0.0
2009-07-29,-0.01500134948252499,0.0
2009-07-30,0.022559126626371866,0.0
2009-07-31,0.012869118544777507,0.0
2009-08-03,0.034430480180650314,0.3562291284536535
2009-08-04,0.02319724229175542,0.0
2009-08-05,0.0103923930308716,0.0
2009-08-06,-0.0029585390347561576,0.0
2009-08-07,0.038510881222499224,0.0
2009-08-10,-0.010289445994133539,0.0
2009-08-11,-0.02716461146072651,0.0
2009-08-12,0.025165162814023628,0.0
2009-08-13,0.007770808880362594,0.0
2009-08-14,-0.01815783476154792,0.0
2009-08-17,-0.04555344574798832,0.0
2009-08-18,0.025453671659178757,0.0
2009-08-19,0.0022302951089816702,0.0
2009-08-20,0.02607973192368257,0.0
2009-08-21,0.03049780534260357,0.0
2009-08-24,-0.005951827198621321,0.0
2009-08-25,0.012628408573237496,0.0
2009-08-26,-0.0034147565032750194,0.0
2009-08-27,0.012983729694110296,0.0
2009-08-28,0.006249656600004371,0.0
2009-08-31,-0.015571143324976822,0.0
2009-09-01,-0.04628411372069374,0.3829191450038912
2009-09-02,-0.014976522046090703,0.0
2009-09-03,0.016629661070497136,0.0
2009-09-04,0.017039046269887507,0.0
2009-09-08,0.019983787233998948,0.0
2009-09-09,0.018699737110570887,0.0
2009-09-10,0.017609673746404913,0.0
2009-09-11,-0.0007580842963024028,0.0
2009-09-14,0.011941612920533945,0.0
2009-09-15,0.014829601529386087,0.0
2009-09-16,0.030428637616093653,0.0
2009-09-17,-0.006110868944604162,0.0
2009-09-18,0.0013606240765475,0.0
2009-09-21,-0.010700728755602299,0.0
2009-09-22,0.0267019418987856,0.0
2009-09-23,-0.025557365792818365,0.0
2009-09-24,-0.02710052114516531,0.0
2009-09-25,-0.010077127532498438,0.0
2009-09-28,0.03515233051165753,0.0
2009-09-29,0.0033836835140043427,0.0
2009-09-30,-0.002349321187897915,0.0
2009-10-01,-0.046117881349480694,0.5639941103462
2009-10-02,-0.013701004774470019,0.0
2009-10-05,0.029450396399296544,0.0
2009-10-06,0.014266540640835709,0.0
2009-10-07,-0.0020543405294800032,0.0
2009-10-08,0.026982220181042314,0.0
2009-10-09,0.005080948617829765,0.0
2009-10-12,0.003972122676829331,0.0
2009-10-13,-0.004054780883384491,0.0
2009-10-14,0.037707427211714856,0.0
2009-10-15,-0.0006913826687593282,0.0
2009-10-16,-0.018419632274048102,0.0
2009-10-19,0.01580836390735372,0.0
2009-10-20,-0.013501152167783803,0.0
2009-10-21,-0.013628874994697107,0.0
2009-10-22,0.028950996019598448,0.0
2009-10-23,-0.018403585074249468,0.0
2009-10-26,-0.018156819405743672,0.0
2009-10-27,-0.02437875526623921,0.0
2009-10-28,-0.05040992520439304,0.0
2009-10-29,0.043435921047228376,0.0
2009-10-30,-0.03900201671537845,0.0
2009-11-02,0.0027221763089355644,0.598201439837337
2009-11-03,0.019344023119646697,0.0
2009-11-04,-0.007957881644675886,0.0
2009-11-05,0.021634278735793103,0.0
2009-11-06,0.0004329385368118661,0.0
2009-11-09,0.03867273606651046,0.0
2009-11-10,-0.015085959777987639,0.0
2009-11-11,0.016274633725831336,0.0
2009-11-12,-0.01666998587783651,0.0
2009-11-13,0.007878321942481623,0.0
2009-11-16,0.023523369390194823,0.0
2009-11-17,-0.0028915937278560016,0.0
2009-11-18,0.008379202158873639,0.0
2009-11-19,-0.02454488073061775,0.0
2009-11-20,-0.011515331860573307,0.0
2009-11-23,0.014754877511086421,0.0
2009-11-24,-0.00797037248920002,0.0
2009-11-25,0.009341519094464831,0.0
2009-11-27,-0.029200795450245776,0.0
2009-11-30,0.013329066944385234,0.0
2009-12-01,0.012511675275539424,0.6155890311763415
2009-12-02,0.005994164604253453,0.0
2009-12-03,-0.012127165003241694,0.0
2009-12-04,0.02264613170723216,0.0
2009-12-07,-0.00881198436384277,0.0
2009-12-08,-0.012500741948171388,0.0
2009-12-09,-0.0008814118660262153,0.0
2009-12-10,0.004699339415572087,0.0
2009-12-11,0.012465516645208846,0.0
2009-12-14,0.015045126262286357,0.0
2009-12-15,-0.0056186548360038484,0.0
2009-12-16,0.012628043667119785,0.0
2009-12-17,-0.01359376184613358,0.0
2009-12-18,-0.03954108228457588,0.0
2009-12-21,0.013499738332790341,0.0
2009-12-22,0.008601237166736926,0.0
2009-12-23,0.013469763349858874,0.0
2009-12-24,0.008480961329424648,0.0
2009-12-28,-0.00428933065172953,0.0
2009-12-29,-0.005816863790231518,0.0
2009-12-30,0.0012078636615315262,0.0
2009-12-31,-0.014264258475289573,0.0
2010-01-04,0.01943267051955888,0.5842294988195491
2010-01-05,0.011436384908881905,0.0
2010-01-06,0.0024785941901875616,0.0
2010-01-07,0.012828156195635366,0.0
2010-01-08,0.003601534238398087,0.0
2010-01-11,0.0022468248765294585,0.0
2010-01-12,-0.016377156785570182,0.0
2010-01-13,0.012580938080250424,0.0
2010-01-14,0.0031250172610351656,0.0
2010-01-15,-0.015108703951280856,0.0
2010-01-19,0.013761834863841079,0.0
2010-01-20,-0.01766218002295515,0.0
2010-01-21,-0.02350797645818728,0.0
2010-01-22,-0.02500998178733626,0.0
2010-01-25,0.004814858711646395,0.0
2010-01-26,-0.0063297126339134265,0.0
2010-01-27,0.009108613243091321,0.0
2010-01-28,-0.01359638238800121,0.0
2010-01-29,-0.00817045500905813,0.0
2010-02-01,0.01169107013284787,1.56292602064344
2010-02-02,0.013274805574222191,0.0
2010-02-03,-0.0067263888474019765,0.0
2010-02-04,-0.03183423524579351,0.0
2010-02-05,0.005456266780836111,0.0
2010-02-08,-0.0014695906145920647,0.0
2010-02-09,0.013054936654860455,0.0
2010-02-10,-0.0030860421639196736,0.0
2010-02-11,0.010190344553511844,0.0
2010-02-12,0.001039937696664618,0.0
2010-02-16,0.01892044010940075,0.0
2010-02-17,0.004543381227857039,0.0
2010-02-18,0.0046099708922258485,0.0
2010-02-19,0.0035531420929362147,0.0
2010-02-22,-0.004980849036593013,0.0
2010-02-23,-0.011725334425347107,0.0
2010-02-24,0.005757093514263588,0.0
2010-02-25,0.002599908986457193,0.0
2010-02-26,-0.0013793178537923113,0.0
2010-03-01,0.012362013307143371,1.2803991896105476
2010-03-02,0.00460628390593785,0.0
2010-03-03,3.4550815196530125e-05,0.0
2010-03-04,0.0026014119297306636,0.0
2010-03-05,0.01016020234563287,0.0
2010-03-08,-0.00254716202006785,0.0
2010-03-09,0.0001995449180967118,0.0
2010-03-10,0.00015359841568898406,0.0
2010-03-11,0.0021522599110369144,0.0
2010-03-12,0.0017655223528112956,0.0
2010-03-15,0.0026069222588992955,0.0
2010-03-16,0.007220669710236629,0.0
2010-03-17,0.004401378430277711,0.0
2010-03-18,0.0008838428829484437,0.0
2010-03-19,-0.00124979472861886,0.0
2010-03-22,0.0035199433666895856,0.0
2010-03-23,0.005851729672607819,0.0
2010-03-24,-0.006493409130412272,0.0
2010-03-25,-0.005388698386541801,0.0
2010-03-26,-0.00032126846311330887,0.0
2010-03-29,0.008391762563751883,0.0
2010-03-30,0.0013017885682531877,0.0
2010-03-31,-0.0037995391150510973,0.0
2010-04-01,0.006582346525910054,1.0825234917897533
2010-04-05,0.006737973129005725,0.0
2010-04-06,0.0024508486991340933,0.0
2010-04-07,-0.003713440706015707,0.0
2010-04-08,0.0017036557656270137,0.0
2010-04-09,0.004585765764778747,0.0
2010-04-12,-0.0007438802435821743,0.0
2010-04-13,0.0019141820575782186,0.0
2010-04-14,0.00826815934369923,0.0
2010-04-15,0.0013419570766960104,0.0
2010-04-16,-0.007706260491393901,0.0
2010-04-19,-0.00021018603201557846,0.0
2010-04-20,0.007634946101250116,0.0
2010-04-21,-0.0006018492182405628,0.0
2010-04-22,0.001101652219368587,0.0
2010-04-23,0.005669951838599326,0.0
2010-04-26,-0.004338036787702625,0.0
2010-04-27,-0.021442514120828593,0.0
2010-04-28,0.0020822801956078187,0.0
2010-04-29,0.010906214960308814,0.0
2010-04-30,-0.010069581084777814,0.0
2010-05-03,0.008352164999376521,1.0009144200816
2010-05-04,-0.01939090388047779,0.0
2010-05-05,-0.0010445082165669861,0.0
2010-05-06,-0.02665718264963137,0.0
2010-05-07,-0.017707696426378455,0.0
2010-05-10,0.043114145966256665,0.0
2010-05-11,-0.0036590461968758884,0.0
2010-05-12,0.01460080593228426,0.0
2010-05-13,-0.013418129951222671,0.0
2010-05-14,-0.01778798052190353,0.0
2010-05-17,0.006366951242039329,0.0
2010-05-18,-0.012885267941075331,0.0
2010-05-19,-0.005830971502686123,0.0
2010-05-20,-0.03743631945250424,0.0
2010-05-21,0.014544760507585103,0.0
2010-05-24,-0.011233367615471859,0.0
2010-05-25,-0.003024390490704256,0.0
2010-05-26,-0.002848896151323651,0.0
2010-05-27,0.03164458474641342,0.0
2010-05-28,-0.00914463128288253,0.0
2010-06-01,-0.01934212643811417,1.0844068167635674
2010-06-02,0.02269162612617013,0.0
2010-06-03,0.0021657580191160567,0.0
2010-06-04,-0.03569201124230875,0.0
2010-06-07,-0.009865426052918697,0.0
2010-06-08,0.007719530697744651,0.0
2010-06-09,-0.003491911391328784,0.0
2010-06-10,0.024864161076929982,0.0
2010-06-11,0.0039042404480183236,0.0
2010-06-14,0.0010034464010491308,0.0
2010-06-15,0.021477220584612954,0.0
2010-06-16,0.00015398168824323535,0.0
2010-06-17,0.003586142167828624,0.0
2010-06-18,0.00039021584635356315,0.0
2010-06-21,-0.0024082719462061165,0.0
2010-06-22,-0.01542283532671115,0.0
2010-06-23,-0.003941705373462666,0.0
2010-06-24,-0.013995507061427156,0.0
2010-06-25,0.0037419726043785226,0.0
2010-06-28,-0.0014719464900476429,0.0
2010-06-29,-0.02779916736972737,0.0
2010-06-30,-0.00974296837352964,0.0
2010-07-01,-0.0020741609750675183,1.4878529881493168
2010-07-02,-0.012505289235333235,0.0
2010-07-06,-0.0025790011010462096,0.0
2010-07-07,0.03105350560363674,0.0
2010-07-08,0.01050747913698814,0.0
2010-07-09,0.010197992453022841,0.0
2010-07-12,-0.004349909682725112,0.0
2010-07-13,0.02465698946372687,0.0
2010-07-14,-4.290654469121043e-05,0.0
2010-07-15,-0.0007253411050065328,0.0
2010-07-16,-0.035768196667735355,0.0
2010-07-19,0.007213462930396338,0.0
2010-07-20,0.021548530253427775,0.0
2010-07-21,-0.013997621974032934,0.0
2010-07-22,0.0335569802616642,0.0
2010-07-23,0.014706151126464936,0.0
2010-07-26,0.019038510387835095,0.0
2010-07-27,-0.012419260032155866,0.0
2010-07-28,-0.004145303158228659,0.0
2010-07-29,-0.0015612906292954852,0.0
2010-07-30,0.004356287255178896,0.0
2010-08-02,0.021102571575892126,1.3976387014485163
2010-08-03,-0.002634497405686291,0.0
2010-08-04,0.007127229326171781,0.0
2010-08-05,-0.0010092555417025332,0.0
2010-08-06,-0.003311520827948382,0.0
2010-08-09,0.0067880512825205346,0.0
2010-08-10,-0.0030593822654338865,0.0
2010-08-11,-0.0247284049698808,0.0
2010-08-12,-0.0009404135318006797,0.0
2010-08-13,-0.0026089941601924295,0.0
2010-08-16,0.0009326548396505203,0.0
2010-08-17,0.013698446730803813,0.0
2010-08-18,0.0009076286265094606,0.0
2010-08-19,-0.013348181195503643,0.0
2010-08-20,0.0017545525391165725,0.0
2010-08-23,-0.004319533229436003,0.0
2010-08-24,-0.010308001714343009,0.0
2010-08-25,0.0037988330757392783,0.0
2010-08-26,-0.007306412007635976,0.0
2010-08-27,0.01634621636172596,0.0
2010-08-30,-0.014688701608454521,0.0
2010-08-31,0.0006132546948640651,0.0
2010-09-01,0.02395388174621549,1.263639120431248
2010-09-02,0.017098120096644333,0.0
2010-09-03,0.016509626766974952,0.0
2010-09-07,-0.014584263432986255,0.0
2010-09-08,0.005079640568754928,0.0
2010-09-09,0.005435499018541529,0.0
2010-09-10,0.0041709018205703914,0.0
2010-09-13,0.013488747848721207,0.0
2010-09-14,0.0006153987358282109,0.0
2010-09-15,0.0036387740105881137,0.0
2010-09-16,-0.002065317751485494,0.0
2010-09-17,0.005534666017376941,0.0
2010-09-20,0.014585480914674424,0.0
2010-09-21,-0.005473173337581495,0.0
2010-09-22,-0.011454396929612497,0.0
2010-09-23,-0.008242612829473675,0.0
2010-09-24,0.02677862474091518,0.0
2010-09-27,-0.006366987085813437,0.0
2010-09-28,0.009875778206470828,0.0
2010-09-29,-0.002480789927626702,0.0
2010-09-30,-0.0016543042800561598,0.0
2010-10-01,0.0014839325447557616,1.2703421054065003
2010-10-04,-0.002048421417030509,0.0
2010-10-05,0.015551625693415939,0.0
2010-10-06,-0.002266979482729127,0.0
2010-10-07,-0.0017640971762239736,0.0
2010-10-08,0.007598040358248135,0.0
2010-10-11,0.0027638775715557655,0.0
2010-10-12,0.0025713434913223225,0.0
2010-10-13,0.006902204683454443,0.0
2010-10-14,-0.002133818027814833,0.0
2010-10-15,0.005171385538122196,0.0
2010-10-18,0.005427519711912972,0.0
2010-10-19,-0.013136430117349412,0.0
2010-10-20,0.012374096134480254,0.0
2010-10-21,0.0016987582340116623,0.0
2010-10-22,-0.00047565444026338385,0.0
2010-10-25,0.0012295156423919559,0.0
2010-10-26,-0.0026049576105476877,0.0
2010-10-27,-0.004705448375341527,0.0
2010-10-28,-0.0005514404611125759,0.0
2010-10-29,0.0036605153051415176,0.0
2010-11-01,-0.0018194845649663893,1.0313445139757027
2010-11-02,0.007997139142680179,0.0
2010-11-03,0.0006317376117252756,0.0
2010-11-04,0.015560182292675315,0.0
2010-11-05,0.0024072938844213448,0.0
2010-11-08,-0.0038228089562641595,0.0
2010-11-09,-0.009955459877480071,0.0
2010-11-10,0.0024597024283048675,0.0
2010-11-11,-0.0020437178957733717,0.0
2010-11-12,-0.010716245752598132,0.0
2010-11-15,-0.00025994451620808075,0.0
2010-11-16,-0.01742240912037498,0.0
2010-11-17,0.001567495549908237,0.0
2010-11-18,0.013474318569328122,0.0
2010-11-19,0.0050330524541482916,0.0
2010-11-22,0.0022653591808744445,0.0
2010-11-23,-0.010981276706120157,0.0
2010-11-24,0.018145523734539922,0.0
2010-11-26,-0.00576884404351188,0.0
2010-11-29,-0.0022064381466070293,0.0
2010-11-30,-0.004529180538288595,0.0
2010-12-01,0.0181611921693976,1.3060101570172362
2010-12-02,0.01045202865610725,0.0
2010-12-03,0.0019135846864933247,0.0
2010-12-06,-0.0032631831561390156,0.0
2010-12-07,0.00102425535494639,0.0
2010-12-08,0.0010441127293588453,0.0
2010-12-09,0.0016877686190483149,0.0
2010-12-10,0.005538484620030199,0.0
2010-12-13,-0.0016565382498334583,0.0
2010-12-14,0.003782941168499728,0.0
2010-12-15,-0.004204945677614315,0.0
2010-12-16,0.007493737940402822,0.0
2010-12-17,0.0017498204826676064,0.0
2010-12-20,0.0019247721805416953,0.0
2010-12-21,0.00448672779032872,0.0
2010-12-22,0.0008936898523726073,0.0
2010-12-23,-0.0012884753661307645,0.0
2010-12-27,-0.0009421770241822688,0.0
2010-12-28,-0.0006454696894052107,0.0
2010-12-29,0.001769810719991187,0.0
2010-12-30,-0.0009886438206621782,0.0
2010-12-31,-0.00014687104771691275,0.0
2011-01-03,0.005583555784213212,1.2110165229641732
2011-01-04,-0.00990994235287957,0.0
2011-01-05,2.7775200133716847e-05,0.0
2011-01-06,-0.006222366164172717,0.0
2011-01-07,-0.0032428497647075828,0.0
2011-01-10,-0.0012838831852767987,0.0
2011-01-11,0.0030954494854012055,0.0
2011-01-12,0.005621327041784471,0.0
2011-01-13,-0.00035949162040301957,0.0
2011-01-14,0.007966270705153936,0.0
2011-01-18,0.003294456643875054,0.0
2011-01-19,-0.007292790229893946,0.0
2011-01-20,0.0004246922018082287,0.0
2011-01-21,-0.0040264349202112,0.0
2011-01-24,0.008036713977616645,0.0
2011-01-25,-0.0013103239841590444,0.0
2011-01-26,0.002526083785157034,0.0
2011-01-27,0.0037310808100308244,0.0
2011-01-28,-0.021377283696515557,0.0
2011-01-31,0.00683393166817906,0.0
2011-02-01,0.011249683783110642,1.5979196589435078
2011-02-02,0.0002566864856950405,0.0
2011-02-03,0.004704480364106758,0.0
2011-02-04,0.004097351243353984,0.0
2011-02-07,0.006846406927448936,0.0
2011-02-08,0.010857229053861588,0.0
2011-02-09,-0.00038704853469997665,0.0
2011-02-10,0.00017640572090478045,0.0
2011-02-11,0.003663796861723488,0.0
2011-02-14,0.0007588671164510959,0.0
2011-02-15,-0.004874171650707105,0.0
2011-02-16,0.011060867268236383,0.0
2011-02-17,0.004111675223070645,0.0
2011-02-18,0.0016249626611109598,0.0
2011-02-22,-0.02353622933427261,0.0
2011-02-23,-0.012082249596007278,0.0
2011-02-24,0.00216788704242919,0.0
2011-02-25,0.010679068000708187,0.0
2011-02-28,-0.0006187744564830162,0.0
2011-03-01,-0.01670532726371876,0.6157200159877256
2011-03-02,0.005386085738085689,0.0
2011-03-03,0.013701463593838885,0.0
2011-03-04,-0.010715417918374057,0.0
2011-03-07,-0.006051243820371432,0.0
2011-03-08,0.013431430350149655,0.0
2011-03-09,0.0007449603873400674,0.0
2011-03-10,-0.014669150565653297,0.0
2011-03-11,0.008369229745411932,0.0
2011-03-14,-0.004633119423587417,0.0
2011-03-15,-0.007273356570964549,0.0
2011-03-16,-0.01184937448816413,0.0
2011-03-17,0.008270119508380233,0.0
2011-03-18,0.004683056095955736,0.0
2011-03-21,0.012347848229708726,0.0
2011-03-22,-0.006005396372694564,0.0
2011-03-23,0.004308988484461848,0.0
2011-03-24,0.011083687059302474,0.0
2011-03-25,0.0035560641407986287,0.0
2011-03-28,-0.005395273766677414,0.0
2011-03-29,0.010155355403476424,0.0
2011-03-30,0.010206764752654798,0.0
2011-03-31,-0.0020388152653830582,0.0
2011-04-01,0.00780612474148068,0.6768096523883823
2011-04-04,-0.0009964794689830303,0.0
2011-04-05,0.001594472229560113,0.0
2011-04-06,0.0070418706793394705,0.0
2011-04-07,-0.0021007069077217952,0.0
2011-04-08,-0.006026322580027676,0.0
2011-04-11,-0.0020008555559594115,0.0
2011-04-12,-0.005019599227002145,0.0
2011-04-13,-2.0795710976151643e-05,0.0
2011-04-14,-0.0016000839089898352,0.0
2011-04-15,0.006058368166200378,0.0
2011-04-18,-0.008438418208510219,0.0
2011-04-19,0.004086476642539471,0.0
2011-04-20,0.011887340870403301,0.0
2011-04-21,0.001581267472425796,0.0
2011-04-25,-0.0024720084683927867,0.0
2011-04-26,0.006601369574065772,0.0
2011-04-27,0.005996247544577387,0.0
2011-04-28,-0.001427859017965756,0.0
2011-04-29,-0.004853458910835743,0.0
2011-05-02,-0.0006764519898767585,0.6478167366710434
2011-05-03,-0.007939940791365327,0.0
2011-05-04,-0.002028676876508301,0.0
2011-05-05,2.7644021927561175e-05,0.0
2011-05-06,0.004518322917625532,0.0
2011-05-09,0.0015540113117515158,0.0
2011-05-10,0.008345676433935802,0.0
2011-05-11,-0.009800564296303192,0.0
2011-05-12,0.008776639190724056,0.0
2011-05-13,-0.010423536642720076,0.0
2011-05-16,-0.012574415378224376,0.0
2011-05-17,-0.0007367446755173882,0.0
2011-05-18,0.010836646073000524,0.0
2011-05-19,0.0015179725574373346,0.0
2011-05-20,-0.005155408944974932,0.0
2011-05-23,-0.013308560053145803,0.0
2011-05-24,-0.0035841853465805864,0.0
2011-05-25,0.0017600959971208132,0.0
2011-05-26,0.004223131061168688,0.0
2011-05-27,0.006902311231300079,0.0
2011-05-31,0.011446365232183817,0.0
2011-06-01,-0.026244932129167897,0.6505128616479778
2011-06-02,-0.0028253962342602787,0.0
2011-06-03,-0.014706894886412074,0.0
2011-06-06,-0.016264334740398137,0.0
2011-06-07,-0.0005128463862978998,0.0
2011-06-08,-0.011518297162611414,0.0
2011-06-09,0.010053980481666426,0.0
2011-06-10,-0.013256394064735968,0.0
2011-06-13,-0.0006147594677269441,0.0
2011-06-14,0.01657008025928084,0.0
2011-06-15,-0.018696982807275043,0.0
2011-06-16,0.004164568287560089,0.0
2011-06-17,0.006187524197631302,0.0
2011-06-20,0.007943194758283662,0.0
2011-06-21,0.017340459569486284,0.0
2011-06-22,-0.008745113189333076,0.0
2011-06-23,0.0020176188639171124,0.0
2011-06-24,-0.013505589356642563,0.0
2011-06-27,0.008174377959204487,0.0
2011-06-28,0.01870541556053694,0.0
2011-06-29,0.008468759363189466,0.0
2011-06-30,0.007574753331444024,0.0
2011-07-01,0.017450325201633143,0.6857895857268117
2011-07-05,-0.005784914133754108,0.0
2011-07-06,-0.0007783600065993657,0.0
2011-07-07,0.015622806574176546,0.0
2011-07-08,-0.012412121852934712,0.0
2011-07-11,-0.022898201227878674,0.0
2011-07-12,-0.005549243380781556,0.0
2011-07-13,0.0006315486521479719,0.0
2011-07-14,-0.013218386524280002,0.0
2011-07-15,0.006727618354342674,0.0
2011-07-18,-0.016022523627116883,0.0
2011-07-19,0.01603779025013571,0.0
2011-07-20,0.0008446079563285973,0.0
2011-07-21,0.017623683906244893,0.0
2011-07-22,0.0032702370262956003,0.0
2011-07-25,-0.008672373492073386,0.0
2011-07-26,-0.005283824500556327,0.0
2011-07-27,-0.023001554133228658,0.0
2011-07-28,-0.011432835169424102,0.0
2011-07-29,-0.0015279147782457402,0.0
2011-08-01,-0.009810500301652425,0.7517066334095266
2011-08-02,-0.03711136542183133,0.0
2011-08-03,0.009965281951891947,0.0
2011-08-04,-0.05340046273094372,0.0
2011-08-05,-0.006868764752939614,0.0
2011-08-08,-0.0755431115413428,0.0
2011-08-09,0.048130029408871504,0.0
2011-08-10,-0.046419181569603306,0.0
2011-08-11,0.05093062577464892,0.0
2011-08-12,0.006309865431338761,0.0
2011-08-15,0.02166216296782221,0.0
2011-08-16,-0.014399947939765245,0.0
2011-08-17,-0.008312882186626574,0.0
2011-08-18,-0.05853148603125034,0.0
2011-08-19,-0.017627279667648765,0.0
2011-08-22,0.0030920656031470086,0.0
2011-08-23,0.039943657179107125,0.0
2011-08-24,0.015309574635808548,0.0
2011-08-25,-0.01789446448478966,0.0
2011-08-26,0.020049954679341595,0.0
2011-08-29,0.03864648948915295,0.0
2011-08-30,0.006887581375593635,0.0
2011-08-31,0.0036534979666878967,0.0
2011-09-01,-0.020173248194670146,0.8654638570978006
2011-09-02,-0.03855580287711111,0.0
2011-09-06,-0.017263654363705083,0.0
2011-09-07,0.04940792023119869,0.0
2011-09-08,-0.02224188312190361,0.0
2011-09-09,-0.029442196982296574,0.0
2011-09-12,0.005652317110586086,0.0
2011-09-13,0.01637324525878217,0.0
2011-09-14,0.020449458480967964,0.0
2011-09-15,0.023677037952407942,0.0
2011-09-16,0.0022058632932077825,0.0
2011-09-19,-0.02338618698053989,0.0
2011-09-20,-0.007638065165361594,0.0
2011-09-21,-0.04302734278391176,0.0
2011-09-22,-0.03918622652609788,0.0
2011-09-23,0.017277787669234178,0.0
2011-09-26,0.026784471009664457,0.0
2011-09-27,0.01778376390930847,0.0
2011-09-28,-0.032341074926019064,0.0
2011-09-29,0.020960840181282303,0.0
2011-09-30,-0.04046800247540197,0.0
2011-10-03,-0.04423950436448354,0.5863835541269353
2011-10-04,0.04789484115822403,0.0
2011-10-05,0.02908395873262467,0.0
2011-10-06,0.0297081831801957,0.0
2011-10-07,-0.024123061085436603,0.0
2011-10-10,0.04757583607202698,0.0
2011-10-11,0.00023039549723825805,0.0
2011-10-12,0.02290549233341456,0.0
2011-10-13,-0.007622380342807912,0.0
2011-10-14,0.024013021183770224,0.0
2011-10-17,-0.03264295559763379,0.0
2011-10-18,0.03275392028164071,0.0
2011-10-19,-0.02134175612541659,0.0
2011-10-20,0.009256868385456928,0.0
2011-10-21,0.03601450769058496,0.0
2011-10-24,0.02946988878868225,0.0
2011-10-25,-0.03611847904556678,0.0
2011-10-26,0.022769356530811493,0.0
2011-10-27,0.06257308182189632,0.0
2011-10-28,0.009182542912905642,0.0
2011-10-31,-0.03811227594246165,0.0
2011-11-01,-0.039835549899445044,0.7263770373477247
2011-11-02,0.023254123071302552,0.0
2011-11-03,0.024561799148318263,0.0
2011-11-04,-0.006929705911443281,0.0
2011-11-07,0.002765489615886433,0.0
2011-11-08,0.016579945913668973,0.0
2011-11-09,-0.048711503863464733,0.0
2011-11-10,0.007755954080541734,0.0
2011-11-11,0.025338832182690552,0.0
2011-11-14,-0.01518769135809804,0.0
2011-11-15,0.004540876702840555,0.0
2011-11-16,-0.019604577848672165,0.0
2011-11-17,-0.021649420875045365,0.0
2011-11-18,0.003470912257750336,0.0
2011-11-21,-0.021675067927603063,0.0
2011-11-22,-0.00651980233598666,0.0
2011-11-23,-0.02739860858497764,0.0
2011-11-25,-0.0017273925827982978,0.0
2011-11-28,0.039877742069241356,0.0
2011-11-29,-0.0021766004304554307,0.0
2011-11-30,0.05299965139814952,0.0
2011-12-01,-0.004218006873950575,0.6422335522249425
2011-12-02,0.005625656907762693,0.0
2011-12-05,0.0181644572377567,0.0
2011-12-06,-0.003148852632632886,0.0
2011-12-07,0.006207601487947836,0.0
2011-12-08,-0.035229117377080094,0.0
2011-12-09,0.024060320118573553,0.0
2011-12-12,-0.020187774285401926,0.0
2011-12-13,-0.020690482147984503,0.0
2011-12-14,-0.018924174593385183,0.0
2011-12-15,-0.02260878660554199,0.0
2011-12-16,0.004874905419726133,0.0
2011-12-19,-0.019928503464294284,0.0
2011-12-20,0.03976688820836526,0.0
2011-12-21,0.0006880499552589193,0.0
2011-12-22,0.017479222482071923,0.0
2011-12-23,0.006724969046097867,0.0
2011-12-27,-0.003172991143198155,0.0
2011-12-28,-0.017621904579399748,0.0
2011-12-29,0.01581661085434486,0.0
2011-12-30,-0.003244440055031401,0.0
2012-01-03,0.021322724498982204,0.5999755435684357
2012-01-04,-0.004589084395859868,0.0
2012-01-05,0.008842485154432091,0.0
2012-01-06,-0.001846418556413044,0.0
2012-01-09,0.0033050611747196834,0.0
2012-01-10,0.019539486057693504,0.0
2012-01-11,0.009818799925743265,0.0
2012-01-12,0.007064253932238128,0.0
2012-01-13,-0.009982522657014683,0.0
2012-01-17,0.0024690503425476174,0.0
2012-01-18,0.02115768386172947,0.0
2012-01-19,0.013251918896535025,0.0
2012-01-20,0.0031354241582731597,0.0
2012-01-23,0.0020193416367831254,0.0
2012-01-24,0.009069799455166167,0.0
2012-01-25,0.01153584264283837,0.0
2012-01-26,-0.007116636812206839,0.0
2012-01-27,0.006140755361749981,0.0
2012-01-30,-0.013673854901036793,0.0
2012-01-31,-0.0006818052011081542,0.0
2012-02-01,0.015413147336031274,0.42261287261903746
2012-02-02,0.005126362335314652,0.0
2012-02-03,0.025097625851094978,0.0
2012-02-06,-0.002697581611118317,0.0
2012-02-07,-0.00039567305556885044,0.0
2012-02-08,0.004404847783507286,0.0
2012-02-09,0.00611611742716133,0.0
2012-02-10,-0.014657307870125117,0.0
2012-02-13,0.006567601501391353,0.0
2012-02-14,-0.004886016656645112,0.0
2012-02-15,-0.0027032665947064804,0.0
2012-02-16,0.01907009963462637,0.0
2012-02-17,-0.00022137165145028688,0.0
2012-02-21,-0.003821835934663555,0.0
2012-02-22,-0.008427331549789252,0.0
2012-02-23,0.008020208686943125,0.0
2012-02-24,-0.005403687618073658,0.0
2012-02-27,0.001432079258054989,0.0
2012-02-28,-0.0002775735309371117,0.0
2012-02-29,-0.004697723950087204,0.0
2012-03-01,0.006622223660633919,0.565332543096519
2012-03-02,-0.0061803576548357,0.0
2012-03-05,-0.010798582325566528,0.0
2012-03-06,-0.021355898855471882,0.0
2012-03-07,0.013080913682106713,0.0
2012-03-08,0.012996120953476398,0.0
2012-03-09,0.007811470078742258,0.0
2012-03-12,-0.004593647903296456,0.0
2012-03-13,0.03046208749930683,0.0
2012-03-14,-0.004783849962948154,0.0
2012-03-15,0.014476745156760019,0.0
2012-03-16,0.004187199841175918,0.0
2012-03-19,0.003319056977071063,0.0
2012-03-20,-0.006712742906802134,0.0
2012-03-21,-0.00023810427255473187,0.0
2012-03-22,-0.010410132060123613,0.0
2012-03-23,0.002756643576817275,0.0
2012-03-26,0.01596489833359685,0.0
2012-03-27,-0.0046882548050286455,0.0
2012-03-28,-0.0103372448894908,0.0
2012-03-29,-0.00433694894920572,0.0
2012-03-30,0.004150240730618341,0.0
2012-04-02,0.0056759969266051424,0.6135544907458482
2012-04-03,-0.009745179407879856,0.0
2012-04-04,-0.013871697882182576,0.0
2012-04-05,-0.003895442201423135,0.0
2012-04-09,-0.018984516703407,0.0
2012-04-10,-0.021632472477077287,0.0
2012-04-11,0.011089473957631029,0.0
2012-04-12,0.021651601178600585,0.0
2012-04-13,-0.017789507379539778,0.0
2012-04-16,-0.0038991264478902376,0.0
2012-04-17,0.02213590638319244,0.0
2012-04-18,-0.008081009077311616,0.0
2012-04-19,0.002006933086510754,0.0
2012-04-20,-0.005197576721614592,0.0
2012-04-23,-0.010959341534374405,0.0
2012-04-24,0.0056429242835268935,0.0
2012-04-25,0.012801629197158167,0.0
2012-04-26,0.011307921977489328,0.0
2012-04-27,0.005365708968938039,0.0
2012-04-30,-0.0038674771021395254,0.0
2012-05-01,0.005859934722646676,0.502818869845777
2012-05-02,-0.003173653034862322,0.0
2012-05-03,-0.01540399674646948,0.0
2012-05-04,-0.02103084754855302,0.0
2012-05-07,-0.0005700101335705258,0.0
2012-05-08,-0.004517662635900458,0.0
2012-05-09,-0.005088121375774154,0.0
2012-05-10,5.530518626796618e-05,0.0
2012-05-11,-0.003007153406790169,0.0
2012-05-14,-0.014286722275435575,0.0
2012-05-15,-0.00863909457205019,0.0
2012-05-16,-0.007220991114239949,0.0
2012-05-17,-0.016504541863435127,0.0
2012-05-18,-0.01325706666413751,0.0
2012-05-21,0.021275207893179267,0.0
2012-05-22,-0.0015267530161436331,0.0
2012-05-23,0.006655180775211895,0.0
2012-05-24,-0.0016903011794615098,0.0
2012-05-25,-0.0007058452704592768,0.0
2012-05-29,0.012634166443677212,0.0
2012-05-30,-0.023566333388404477,0.0
2012-05-31,-0.004949368214123081,0.0
2012-06-01,-0.029951260301309457,0.48456431437151126
2012-06-04,-0.0036153980432393727,0.0
2012-06-05,0.014726109867619491,0.0
2012-06-06,0.03364582157230207,0.0
2012-06-07,-0.005993890641614044,0.0
2012-06-08,0.007654370342271729,0.0
2012-06-11,-0.020657093172490766,0.0
2012-06-12,0.01797739244773225,0.0
2012-06-13,-0.013645483998823359,0.0
2012-06-14,0.01040418858543979,0.0
2012-06-15,0.014412422733499552,0.0
2012-06-18,0.0014251294772058003,0.0
2012-06-19,0.018005278633447537,0.0
2012-06-20,-0.0013992377218559593,0.0
2012-06-21,-0.02801004716781885,0.0
2012-06-22,0.006852299716567848,0.0
2012-06-25,-0.020442195876430348,0.0
2012-06-26,0.004747002156790883,0.0
2012-06-27,0.01582900880105439,0.0
2012-06-28,-0.0012711723733033553,0.0
2012-06-29,0.03244570165110146,0.0
2012-07-02,-0.0007955574937922316,0.4748518488511422
2012-07-03,0.011448850977744687,0.0
2012-07-05,-0.003100135703402839,0.0
2012-07-06,-0.01575031962553112,0.0
2012-07-09,-0.006510816860134665,0.0
2012-07-10,-0.011465920726898785,0.0
2012-07-11,0.00012502793849863416,0.0
2012-07-12,-0.007153697089951833,0.0
2012-07-13,0.018075619777462058,0.0
2012-07-16,-0.002940236066392169,0.0
2012-07-17,0.007443369739211183,0.0
2012-07-18,0.013667466214845228,0.0
2012-07-19,0.009627704630717807,0.0
2012-07-20,-0.01761605432208285,0.0
2012-07-23,-0.010311392896304625,0.0
2012-07-24,-0.012547114507672551,0.0
2012-07-25,0.003388989981757159,0.0
2012-07-26,0.02975339103092082,0.0
2012-07-27,0.02963847959796926,0.0
2012-07-30,-0.0045395431257904085,0.0
2012-07-31,-0.0113163046200044,0.0
2012-08-01,-0.0032039748108497745,0.4789540658704591
2012-08-02,-0.007826548978254098,0.0
2012-08-03,0.024188704612360896,0.0
2012-08-06,0.013584651224202113,0.0
2012-08-07,0.017331102233265,0.0
2012-08-08,0.0025144981815535803,0.0
2012-08-09,0.0028290635055157067,0.0
2012-08-10,0.0019107200850691285,0.0
2012-08-13,-0.004886895940315968,0.0
2012-08-14,-0.004936985387071125,0.0
2012-08-15,0.008299843939997404,0.0
2012-08-16,0.015093725460783514,0.0
2012-08-17,0.0028988470606990694,0.0
2012-08-20,-0.0028454824273331128,0.0
2012-08-21,0.0019391981434806363,0.0
2012-08-22,-0.0031415538224490733,0.0
2012-08-23,-0.00867809129362891,0.0
2012-08-24,0.005396731812535259,0.0
2012-08-27,-0.002085455141681665,0.0
2012-08-28,-0.0013765622104692636,0.0
2012-08-29,0.002612766839871427,0.0
2012-08-30,-0.015682930865015203,0.0
2012-08-31,0.007085789705716965,0.0
2012-09-04,-0.004005702685431878,0.41819781077583373
2012-09-05,-0.0015148457494008178,0.0
2012-09-06,0.029120466148857972,0.0
2012-09-07,0.011247116947326115,0.0
2012-09-10,-0.0020758334292877625,0.0
2012-09-11,0.007910687302208508,0.0
2012-09-12,0.006154022001537502,0.0
2012-09-13,0.013432618433836401,0.0
2012-09-14,0.012692997581334523,0.0
2012-09-17,-0.01226195655452442,0.0
2012-09-18,-0.005619529938461323,0.0
2012-09-19,0.0038503929123982197,0.0
2012-09-20,-0.006584934232180668,0.0
2012-09-21,-0.0016890547629979267,0.0
2012-09-24,-0.00483035683275072,0.0
2012-09-25,-0.015662748845684037,0.0
2012-09-26,-0.007258825398871158,0.0
2012-09-27,0.013162233448507612,0.0
2012-09-28,-0.0025558358074279706,0.0
2012-10-01,0.00325922860598582,0.48371527750119775
2012-10-02,0.0014648745089989442,0.0
2012-10-03,0.0011930194672034266,0.0
2012-10-04,0.009505231131759478,0.0
2012-10-05,-0.002688935940296293,0.0
2012-10-08,-0.00246604753730602,0.0
2012-10-09,-0.011476336622331378,0.0
2012-10-10,-0.009551444740793823,0.0
2012-10-11,0.009694078028151861,0.0
2012-10-12,-0.00460593765692599,0.0
2012-10-15,0.009437191292954474,0.0
2012-10-16,0.017336001372602994,0.0
2012-10-17,0.00787321765080727,0.0
2012-10-18,-0.0008614876923405647,0.0
2012-10-19,-0.020485692887257802,0.0
2012-10-22,-0.00017223055322835592,0.0
2012-10-23,-0.005972270163605441,0.0
2012-10-24,-0.010595280895127419,0.0
2012-10-25,0.008363783009363024,0.0
2012-10-26,-0.0005896457706550503,0.0
2012-10-31,0.0027874914320222275,0.0
2012-11-01,0.020060091511802103,0.56207647873798
2012-11-02,-0.01136966429356423,0.0
2012-11-05,0.007559308592653253,0.0
2012-11-06,0.015434325103511974,0.0
2012-11-07,-0.022996335688312323,0.0
2012-11-08,-0.01575357145348964,0.0
2012-11-09,0.0024382897921484312,0.0
2012-11-12,0.0015135328179202085,0.0
2012-11-13,-0.0036454808755286908,0.0
2012-11-14,-0.017099919302009294,0.0
2012-11-15,0.0007556612000288776,0.0
2012-11-16,0.0033528983376184375,0.0
2012-11-19,0.01729793511267705,0.0
2012-11-20,-0.0010838629228141308,0.0
2012-11-21,0.004925593277129051,0.0
2012-11-23,0.013533318449037976,0.0
2012-11-26,-0.003188160322092617,0.0
2012-11-27,-0.006367258499595304,0.0
2012-11-28,0.010443093008453423,0.0
2012-11-29,0.0029454009152868987,0.0
2012-11-30,-0.0044408409537328485,0.0
2012-12-03,-0.004152299343752497,0.442701222843932
2012-12-04,0.004309725191298857,0.0
2012-12-05,0.008133750740019522,0.0
2012-12-06,0.004389502694081416,0.0
2012-12-07,0.0036530735083284997,0.0
2012-12-10,0.00541798312574083,0.0
2012-12-11,0.007196155258223328,0.0
2012-12-12,0.0013062539414088643,0.0
2012-12-13,-0.004795633487910817,0.0
2012-12-14,-0.0011502033022995329,0.0
2012-12-17,0.00928473199110319,0.0
2012-12-18,0.018152926203585835,0.0
2012-12-19,0.0005131769056785682,0.0
2012-12-20,0.004801432994037267,0.0
2012-12-21,-0.005780336797609658,0.0
2012-12-24,-0.004087978155618918,0.0
2012-12-26,-0.006871745774538851,0.0
2012-12-27,0.0002167951773120577,0.0
2012-12-28,-0.010444755776771732,0.0
2012-12-31,0.020019749190201205,0.0
2013-01-02,0.02119430292477742,0.5185436154393642
2013-01-03,-0.0003705656314345364,0.0
2013-01-04,0.004647790766802651,0.0
2013-01-07,-0.0029786970915384823,0.0
2013-01-08,-0.003526688333867198,0.0
2013-01-09,0.003683581129448467,0.0
2013-01-10,0.007642268173386226,0.0
2013-01-11,-0.00010373738739922534,0.0
2013-01-14,-0.00038505680351708267,0.0
2013-01-15,0.006492814743735215,0.0
2013-01-16,-0.002231636905300814,0.0
2013-01-17,0.0067372783144275285,0.0
2013-01-18,0.005141652509312219,0.0
2013-01-22,0.005051929471634794,0.0
2013-01-23,-0.0054804611075976555,0.0
2013-01-24,0.00688278553673165,0.0
2013-01-25,0.008306291894721016,0.0
2013-01-28,-0.002023599273022958,0.0
2013-01-29,0.00046139368236007105,0.0
2013-01-30,-0.004538917099054507,0.0
2013-01-31,-0.002733598478892539,0.0
2013-02-01,0.009771191320174344,0.3988078954892124
2013-02-04,-0.011065634266589807,0.0
2013-02-05,0.008177163041102269,0.0
2013-02-06,0.0035495639190218425,0.0
2013-02-07,-0.006467187075170783,0.0
2013-02-08,0.009806433576149878,0.0
2013-02-11,-5.1266062419134755e-05,0.0
2013-02-12,0.00356368083703299,0.0
2013-02-13,0.00046592603907249694,0.0
2013-02-14,0.0032363755501367583,0.0
2013-02-15,-0.00042924690259464566,0.0
2013-02-19,0.011046437560540672,0.0
2013-02-20,-0.01673414676631877,0.0
2013-02-21,-0.010262343795299183,0.0
2013-02-22,0.010033986243453905,0.0
2013-02-25,-0.02069285461070336,0.0
2013-02-26,0.0036985311898715136,0.0
2013-02-27,0.013597454880230845,0.0
2013-02-28,0.0002707302534644178,0.0
2013-03-01,0.0010877101785604637,0.5355629311575087
2013-03-04,0.0036013471193576674,0.0
2013-03-05,0.010517685113010917,0.0
2013-03-06,0.000788749817218393,0.0
2013-03-07,-0.00038007683440809874,0.0
2013-03-08,0.005664219654898203,0.0
2013-03-11,0.0010044491433391011,0.0
2013-03-12,-0.0015725878762348215,0.0
2013-03-13,0.002474488105921633,0.0
2013-03-14,0.004096642559530098,0.0
2013-03-15,-0.002541182113162532,0.0
2013-03-18,-0.007212759471933941,0.0
2013-03-19,-0.006946692287603445,0.0
2013-03-20,0.01205854103686455,0.0
2013-03-21,-0.010526196380261425,0.0
2013-03-22,0.005686499216432438,0.0
2013-03-25,-0.003601858781535448,0.0
2013-03-26,0.00900138851977474,0.0
2013-03-27,0.000502328230321415,0.0
2013-03-28,0.0039170757648553396,0.0
2013-04-01,-0.010644173166054371,0.43062421064661505
2013-04-02,-0.0022941596637408245,0.0
2013-04-03,-0.00941266116818263,0.0
2013-04-04,0.005053973272460134,0.0
2013-04-05,-0.008209027878271304,0.0
2013-04-08,0.006858246681536603,0.0
2013-04-09,0.012439768967410798,0.0
2013-04-10,0.01367316790054151,0.0
2013-04-11,0.005262490108818052,0.0
2013-04-12,-0.005865961307245971,0.0
2013-04-15,-0.026907408912814443,0.0
2013-04-16,0.014284998747624955,0.0
2013-04-17,-0.017506365520986684,0.0
2013-04-18,-0.007978958624576945,0.0
2013-04-19,0.011678907296912452,0.0
2013-04-22,0.0027918473646761912,0.0
2013-04-23,0.015279370610789366,0.0
2013-04-24,0.004120875508426186,0.0
2013-04-25,0.014838682838826747,0.0
2013-04-26,-0.007177008935931492,0.0
2013-04-29,0.010555010379799303,0.0
2013-04-30,0.0007196600585901144,0.0
2013-05-01,-0.00980589238627505,0.5083559225301539
2013-05-02,0.009767784726048976,0.0
2013-05-03,0.01476018880792462,0.0
2013-05-06,0.0034264649364363214,0.0
2013-05-07,0.003872936517489582,0.0
2013-05-08,0.005352295478573961,0.0
2013-05-09,0.00035972844027231277,0.0
2013-05-10,0.007430787359476219,0.0
2013-05-13,-0.0050178375501082045,0.0
2013-05-14,0.013270102255659132,0.0
2013-05-15,0.008572859120158139,0.0
2013-05-16,-0.005196094318710277,0.0
2013-05-17,0.011992582138391966,0.0
2013-05-20,0.0007146943065554864,0.0
2013-05-21,0.0027187899249273284,0.0
2013-05-22,-0.012757132798649248,0.0
2013-05-23,-2.221923964066438e-05,0.0
2013-05-24,-0.0038668369857279145,0.0
2013-05-28,0.006940485266644485,0.0
2013-05-29,-0.005394915193461511,0.0
2013-05-30,0.0043114486559630485,0.0
2013-05-31,-0.009238717128390032,0.0
2013-06-03,-0.00029357965855880686,0.4326634114396713
2013-06-04,-0.008140625174200316,0.0
2013-06-05,-0.011280726344208087,0.0
2013-06-06,0.012627024652881902,0.0
2013-06-07,0.01195568140442732,0.0
2013-06-10,0.00035760630921860504,0.0
2013-06-11,-0.0135144978199949,0.0
2013-06-12,-0.011313417785413098,0.0
2013-06-13,0.020530884784092627,0.0
2013-06-14,-0.005560688797157108,0.0
2013-06-17,0.009668763864871035,0.0
2013-06-18,0.009108096350106482,0.0
2013-06-19,-0.014712225353311266,0.0
2013-06-20,-0.027379101465173777,0.0
2013-06-21,-0.000973887211747914,0.0
2013-06-24,-0.008705691971149905,0.0
2013-06-25,0.009921802582856574,0.0
2013-06-26,0.010257710623184087,0.0
2013-06-27,0.010581311781015009,0.0
2013-06-28,-0.0009909408465011906,0.0
2013-07-01,0.00686336764502804,0.7941693097228353
2013-07-02,-0.0001767241558318334,0.0
2013-07-03,-0.0007138686978604353,0.0
2013-07-05,0.008492094660468331,0.0
2013-07-08,0.004973843884055469,0.0
2013-07-09,0.008135205839910935,0.0
2013-07-10,0.006333916088944038,0.0
2013-07-11,0.016138742699887278,0.0
2013-07-12,0.0027312295836619356,0.0
2013-07-15,0.0031586820220126472,0.0
2013-07-16,-0.006100815375008267,0.0
2013-07-17,0.0023796771860353514,0.0
2013-07-18,0.004149192187212791,0.0
2013-07-19,0.005095002074610043,0.0
2013-07-22,-0.000328951765624745,0.0
2013-07-23,-0.003238225410727651,0.0
2013-07-24,-0.00712002924690858,0.0
2013-07-25,0.010891175622019793,0.0
2013-07-26,0.0010944257938954288,0.0
2013-07-29,-0.0022877734094919563,0.0
2013-07-30,-0.0010172111664778596,0.0
2013-07-31,-0.0011521404454668583,0.0
2013-08-01,0.01332542482168031,0.5982686312012168
2013-08-02,-0.0021689152896469137,0.0
2013-08-05,-0.0021457192827714112,0.0
2013-08-06,-0.007459851806118786,0.0
2013-08-07,-0.008769727057207747,0.0
2013-08-08,0.006881988672704802,0.0
2013-08-09,-0.0006172002510083407,0.0
2013-08-12,-0.0005997138251226317,0.0
2013-08-13,-0.0024516209358945735,0.0
2013-08-14,-0.0037897940411531785,0.0
2013-08-15,-0.01470070630081535,0.0
2013-08-16,-0.008098823086107612,0.0
2013-08-19,-0.008639672984703497,0.0
2013-08-20,0.00950320191888808,0.0
2013-08-21,-0.0018208720342052266,0.0
2013-08-22,0.013692191285649826,0.0
2013-08-23,0.004146449016149184,0.0
2013-08-26,-0.0014367164523140436,0.0
2013-08-27,-0.017577758852015783,0.0
2013-08-28,-0.0006558761731896327,0.0
2013-08-29,0.0027319839787001165,0.0
2013-08-30,-0.005573239988276672,0.0
2013-09-03,0.0012339866898198881,0.5952932550044523
2013-09-04,0.009186140416011452,0.0
2013-09-05,0.0031557326035783696,0.0
2013-09-06,0.002938902494412521,0.0
2013-09-09,0.015452015419686355,0.0
2013-09-10,0.008760335123121039,0.0
2013-09-11,0.0037514503347495162,0.0
2013-09-12,-0.008250967462504494,0.0
2013-09-13,0.003770567158209901,0.0
2013-09-16,0.008442164554994339,0.0
2013-09-17,0.0029294149999189176,0.0
2013-09-18,0.017562431949574766,0.0
2013-09-19,-0.0006174444052487484,0.0
2013-09-20,-0.009084317261411162,0.0
2013-09-23,-0.005526457328155612,0.0
2013-09-24,-0.0026660385567766464,0.0
2013-09-25,-0.0008050767135520077,0.0
2013-09-26,0.002509813036394225,0.0
2013-09-27,-0.0035695637881126663,0.0
2013-09-30,-0.004393118410070545,0.0
2013-10-01,0.009258074811506534,0.5926327980928835
2013-10-02,0.00036337836442836306,0.0
2013-10-03,-0.00994060198153189,0.0
2013-10-04,0.004845842077972767,0.0
2013-10-07,-0.009464711269463237,0.0
2013-10-08,-0.012175151456610772,0.0
2013-10-09,0.0008931392957969104,0.0
2013-10-10,0.0178462633697995,0.0
2013-10-11,0.00450119248273172,0.0
2013-10-14,0.002587580634134113,0.0
2013-10-15,-0.007731960736684622,0.0
2013-10-16,0.014783692470223857,0.0
2013-10-17,0.009649687877985364,0.0
2013-10-18,0.0025605607393311106,0.0
2013-10-21,0.0004033570492300468,0.0
2013-10-22,0.006957642806421657,0.0
2013-10-23,-0.00520526385465518,0.0
2013-10-24,0.00383058077791921,0.0
2013-10-25,0.0054274538281123925,0.0
2013-10-28,0.0003760367464691846,0.0
2013-10-29,0.0065644720449936165,0.0
2013-10-30,-0.005870285306352713,0.0
2013-10-31,-0.0038964908837504546,0.0
2013-11-01,0.0007362686672229835,0.6437033906221159
2013-11-04,0.005937356510551398,0.0
2013-11-05,-0.005888648813083196,0.0
2013-11-06,0.004830230417165604,0.0
2013-11-07,-0.01248212946849614,0.0
2013-11-08,0.006613444526436994,0.0
2013-11-11,0.003855678793752733,0.0
2013-11-12,-0.0016355451884381544,0.0
2013-11-13,0.010734156078542131,0.0
2013-11-14,0.0047005690629515675,0.0
2013-11-15,0.003932424876900541,0.0
2013-11-18,-0.00613512294466541,0.0
2013-11-19,-0.004423183605070414,0.0
2013-11-20,-0.0035876010872798693,0.0
2013-11-21,0.004476232962401979,0.0
2013-11-22,0.0014437020064272657,0.0
2013-11-25,-0.0009524466205524358,0.0
2013-11-26,0.0007425127059131166,0.0
2013-11-27,0.00451644575005219,0.0
2013-11-29,-0.002667558732680764,0.0
2013-12-02,-0.0029062157498889185,0.38485688781212934
2013-12-03,-0.0008785541732552048,0.0
2013-12-04,0.005526271858732322,0.0
2013-12-05,-0.004196997883437701,0.0
2013-12-06,0.006511853581395114,0.0
2013-12-09,0.0005398929221782487,0.0
2013-12-10,-0.002943589667110189,0.0
2013-12-11,-0.013186751496312474,0.0
2013-12-12,-0.0038829219994213782,0.0
2013-12-13,0.00022743448124793635,0.0
2013-12-16,0.006806276856797009,0.0
2013-12-17,0.0005009291635417473,0.0
2013-12-18,0.012813159992347395,0.0
2013-12-19,-0.0026853276863590177,0.0
2013-12-20,0.008201945208196566,0.0
2013-12-23,0.005658256628562598,0.0
2013-12-24,0.0032642219795864383,0.0
2013-12-26,0.0033462014029260103,0.0
2013-12-27,4.033985356951273e-05,0.0
2013-12-30,0.0013292190589412156,0.0
2013-12-31,0.0023144914586518813,0.0
2014-01-02,-0.008805984905171593,0.3112198735896026
2014-01-03,0.001682750905653663,0.0
2014-01-06,-0.005467194384659523,0.0
2014-01-07,0.008603597070093014,0.0
2014-01-08,-0.0005783329490943658,0.0
2014-01-09,0.0037933098851209556,0.0
2014-01-10,0.009568305868267181,0.0
2014-01-13,-0.013969331924403004,0.0
2014-01-14,0.01155311279216022,0.0
2014-01-15,0.006532737432571281,0.0
2014-01-16,0.0005461271762853906,0.0
2014-01-17,-0.003859444286830269,0.0
2014-01-21,0.0019842059822031788,0.0
2014-01-22,-0.0007623855783425007,0.0
2014-01-23,-0.007705851300587505,0.0
2014-01-24,-0.020687321536661443,0.0
2014-01-27,-0.004900889645805841,0.0
2014-01-28,0.011971179125093155,0.0
2014-01-29,-0.01110929961164047,0.0
2014-01-30,0.01842390747106077,0.0
2014-01-31,-0.0037725043692398686,0.0
2014-02-03,-0.022550857818990133,0.6526791717568052
2014-02-04,0.0093359618504257,0.0
2014-02-05,-0.002929767437052937,0.0
2014-02-06,0.018862307356521047,0.0
2014-02-07,0.005894232286993435,0.0
2014-02-10,0.0010278729707009916,0.0
2014-02-11,0.010202327804269504,0.0
2014-02-12,-0.0018526721134350384,0.0
2014-02-13,0.0065805005435137925,0.0
2014-02-14,0.0055463967250150665,0.0
2014-02-18,0.0021495555955285467,0.0
2014-02-19,-0.00529200723521395,0.0
2014-02-20,0.00690051369726016,0.0
2014-02-21,0.0011299598136301856,0.0
2014-02-24,0.007376885345914502,0.0
2014-02-25,0.00035655472718066576,0.0
2014-02-26,0.006750839400571942,0.0
2014-02-27,0.004800265172489002,0.0
2014-02-28,0.002647750932464799,0.0
2014-03-03,-0.006583039701019144,0.5861638435723387
2014-03-04,0.012785669304724478,0.0
2014-03-05,0.002874408871387342,0.0
2014-03-06,0.004480271818043209,0.0
2014-03-07,0.0006295523112435432,0.0
2014-03-10,-0.0013917211900391045,0.0
2014-03-11,-0.004979518273248884,0.0
2014-03-12,0.0016768046193128706,0.0
2014-03-13,-0.014042276952620426,0.0
2014-03-14,-8.22866201285157e-05,0.0
2014-03-17,0.006102671865066389,0.0
2014-03-18,0.009745592511774183,0.0
2014-03-19,-0.0009216308440105102,0.0
2014-03-20,0.00618980629243588,0.0
2014-03-21,-0.0007988527668323747,0.0
2014-03-24,-0.0050306454829276166,0.0
2014-03-25,0.0013393473560024444,0.0
2014-03-26,-0.005550190230201608,0.0
2014-03-27,-0.004057345695162246,0.0
2014-03-28,0.006147632471392441,0.0
2014-03-31,0.008554546040882812,0.0
2014-04-01,0.00955169333471706,0.5087460493902763
2014-04-02,0.005603666972166968,0.0
2014-04-03,-0.008203021227852623,0.0
2014-04-04,-0.013624506601137315,0.0
2014-04-07,-0.013487490714057528,0.0
2014-04-08,0.006891275163669925,0.0
2014-04-09,0.010846547202237995,0.0
2014-04-10,-0.02258405709390899,0.0
2014-04-11,-0.012323884927255307,0.0
2014-04-14,0.01097976933583044,0.0
2014-04-15,0.003721840460023101,0.0
2014-04-16,0.011309176104289092,0.0
2014-04-17,-0.00214439372258913,0.0
2014-04-21,0.0037395254032542044,0.0
2014-04-22,0.007749644426650316,0.0
2014-04-23,-0.0013007751374511593,0.0
2014-04-24,0.0012116140130285658,0.0
2014-04-25,-0.011942346453536586,0.0
2014-04-28,-0.002734672794821382,0.0
2014-04-29,0.004479657079056697,0.0
2014-04-30,0.005559930451098908,0.0
2014-05-01,-0.0007747973519723894,0.47357218693713166
2014-05-02,0.0034055029519979223,0.0
2014-05-05,-0.001944952816183879,0.0
2014-05-06,-0.012658654121385665,0.0
2014-05-07,-0.00040035207958676023,0.0
2014-05-08,-0.0007383984760645225,0.0
2014-05-09,0.004313016671986042,0.0
2014-05-12,0.014052334412590947,0.0
2014-05-13,-0.00030386532649202965,0.0
2014-05-14,-0.005310430459636754,0.0
2014-05-15,-0.008237765170381389,0.0
2014-05-16,0.003161579786176462,0.0
2014-05-19,0.004761438959915774,0.0
2014-05-20,-0.009725295969203606,0.0
2014-05-21,0.009862230431043326,0.0
2014-05-22,0.0056348897789460835,0.0
2014-05-23,0.00474568950112691,0.0
2014-05-27,0.008354028486601458,0.0
2014-05-28,-0.0009260054429715759,0.0
2014-05-29,0.005740850893034846,0.0
2014-05-30,6.336376107940125e-05,0.0
2014-06-02,0.0005542324143272825,0.45412389794294117
2014-06-03,0.0007649916383709408,0.0
2014-06-04,0.004021236747834005,0.0
2014-06-05,0.005394700075107211,0.0
2014-06-06,0.004930622395763156,0.0
2014-06-09,0.007795686228556921,0.0
2014-06-10,-0.0037565541135720776,0.0
2014-06-11,-0.0033530551429137227,0.0
2014-06-12,-0.0042445959260424306,0.0
2014-06-13,0.0007928389205271232,0.0
2014-06-16,0.003452106075796791,0.0
2014-06-17,0.003851487427090943,0.0
2014-06-18,0.005143038921738073,0.0
2014-06-19,-0.0019438786768303238,0.0
2014-06-20,0.0013365169965135028,0.0
2014-06-23,0.0015573804815301256,0.0
2014-06-24,-0.0061437511402810605,0.0
2014-06-25,-0.00022565021143234132,0.0
2014-06-26,0.004092976303601823,0.0
2014-06-27,-0.0026946869424579164,0.0
2014-06-30,0.0003428067553533163,0.0
2014-07-01,0.007742336708167263,0.35932766668427285
2014-07-02,0.0033654505101251148,0.0
2014-07-03,0.006897029074916979,0.0
2014-07-07,-0.0073293757138528075,0.0
2014-07-08,-0.009940298865621559,0.0
2014-07-09,0.004307436842143771,0.0
2014-07-10,-0.006073367439164123,0.0
2014-07-11,0.0030534608744032937,0.0
2014-07-14,0.0038012655306204532,0.0
2014-07-15,-0.0023933482297278656,0.0
2014-07-16,0.00037720500360184954,0.0
2014-07-17,-0.014182193735006097,0.0
2014-07-18,0.010766748003046,0.0
2014-07-21,-0.0031912539916990066,0.0
2014-07-22,0.00905389540092728,0.0
2014-07-23,0.001747791223031168,0.0
2014-07-24,-0.00018753387834944692,0.0
2014-07-25,-0.003255342054476822,0.0
2014-07-28,0.0035471343105021955,0.0
2014-07-29,-0.00026144498543441896,0.0
2014-07-30,0.00792402958878079,0.0
2014-07-31,-0.01705879227802374,0.0
2014-08-01,-0.002218470956387164,0.5427408711034467
2014-08-04,0.0065083624386760375,0.0
2014-08-05,-0.0059082150121909935,0.0
2014-08-06,0.0007063002183917068,0.0
2014-08-07,-0.005183187803482458,0.0
2014-08-08,0.013662138085967567,0.0
2014-08-11,0.0016519499853290915,0.0
2014-08-12,-0.002515371794974702,0.0
2014-08-13,0.005021223557565957,0.0
2014-08-14,-0.012591640837014698,0.0
2014-08-15,0.0032773101687975795,0.0
2014-08-18,0.01110864160863843,0.0
2014-08-19,0.004703341086265514,0.0
2014-08-20,0.004034642431564069,0.0
2014-08-21,0.00019345784825561816,0.0
2014-08-22,-0.002802477058997869,0.0
2014-08-25,0.005093428278336065,0.0
2014-08-26,0.000961546302194087,0.0
2014-08-27,-0.0016991847018999761,0.0
2014-08-28,-0.0008940130847779303,0.0
2014-08-29,0.0018687330996385507,0.0
2014-09-02,-0.0016282153085780404,0.5175184996438901
2014-09-03,-0.0017705091763253467,0.0
2014-09-04,0.00029975623787664165,0.0
2014-09-05,0.003962381951231025,0.0
2014-09-08,-0.0038180506720465646,0.0
2014-09-09,-0.00710677059547272,0.0
2014-09-10,0.004481659601954486,0.0
2014-09-11,0.0016702454755818956,0.0
2014-09-12,-0.006192876127510623,0.0
2014-09-15,-0.000912938955141652,0.0
2014-09-16,0.0035297334644939773,0.0
2014-09-17,0.0008755373240497252,0.0
2014-09-18,0.00501157677286273,0.0
2014-09-19,-0.003162781832158435,0.0
2014-09-22,-0.010685523282370664,0.0
2014-09-23,-0.006268898649951329,0.0
2014-09-24,0.005923648958205215,0.0
2014-09-25,-0.015357755661018557,0.0
2014-09-26,0.005057976515547113,0.0
2014-09-29,-0.0024536203095944613,0.0
2014-09-30,-0.00440911438303757,0.0
2014-10-01,-0.012173847224060563,0.38499893216049824
2014-10-02,0.004311907218698268,0.0
2014-10-03,0.009642075671980912,0.0
2014-10-06,-0.000280871638933069,0.0
2014-10-07,-0.018002549614216184,0.0
2014-10-08,0.01916010543697845,0.0
2014-10-09,-0.023235527710635053,0.0
2014-10-10,-0.013204129590505733,0.0
2014-10-13,-0.018093510443268363,0.0
2014-10-14,0.010235711835868777,0.0
2014-10-15,-0.00021417920881975253,0.0
2014-10-16,0.00614732797417423,0.0
2014-10-17,0.006477990545470191,0.0
2014-10-20,0.010190463618166189,0.0
2014-10-21,0.026603691440144243,0.0
2014-10-22,-0.011185718485214954,0.0
2014-10-23,0.015663856027682065,0.0
2014-10-24,0.005583344132132849,0.0
2014-10-27,-0.004657742055870266,0.0
2014-10-28,0.01609552074440174,0.0
2014-10-29,-0.006008686808108949,0.0
2014-10-30,0.004896740287919638,0.0
2014-10-31,0.01647841270899087,0.0
2014-11-03,-0.0006345995372331048,0.5769116727863646
2014-11-04,-0.00853339888731999,0.0
2014-11-05,0.00814076392448704,0.0
2014-11-06,0.010673209035092175,0.0
2014-11-07,0.001379022237020861,0.0
2014-11-10,0.00011736671045923673,0.0
2014-11-11,0.0020725000421644153,0.0
2014-11-12,-0.0003434597448852033,0.0
2014-11-13,-0.006798997852342691,0.0
2014-11-14,0.004398332413776608,0.0
2014-11-17,0.0008021909868477073,0.0
2014-11-18,0.005916293673183757,0.0
2014-11-19,-0.001277882654376875,0.0
2014-11-20,0.006177159966274817,0.0
2014-11-21,0.0068448321380412715,0.0
2014-11-24,0.0016106619329956543,0.0
2014-11-25,-0.0033869811658896426,0.0
2014-11-26,-0.0007175744567962959,0.0
2014-11-28,-0.00630159856961025,0.0
2014-12-01,-0.012899695431729086,0.4539259456033212
2014-12-02,0.007706575276511906,0.0
2014-12-03,0.010241760083651703,0.0
2014-12-04,-0.005617065075432364,0.0
2014-12-05,-0.002576308371752647,0.0
2014-12-08,-0.022492877876247652,0.0
2014-12-09,0.006356638442217099,0.0
2014-12-10,-0.025299156490752955,0.0
2014-12-11,0.00500454259766064,0.0
2014-12-12,-0.016606161385984544,0.0
2014-12-15,-0.006130929645082289,0.0
2014-12-16,-0.006972691597495808,0.0
2014-12-17,0.023166751853512392,0.0
2014-12-18,0.022953859128939536,0.0
2014-12-19,0.007768703289791368,0.0
2014-12-22,0.001746432461366616,0.0
2014-12-23,0.006896188676342421,0.0
2014-12-24,-0.0012306192812310084,0.0
2015-01-08,0.020208737341487648,0.32626898338989885
2015-01-09,-0.009203287063046756,0.0
2015-01-12,-0.014178980778064124,0.0
2015-01-13,-0.005448554961509798,0.0
2015-01-14,-0.00637663731499275,0.0
2015-01-15,-0.01448452815760546,0.0
2015-01-16,0.01597692194654405,0.0
2015-01-20,0.0012289279344574217,0.0
2015-01-21,0.012031027622817315,0.0
2015-01-22,0.01078293834254402,0.0
2015-01-23,-0.0026106541194688623,0.0
2015-01-26,0.006761820467583666,0.0
2015-01-27,-0.008858378644071054,0.0
2015-01-28,-0.016830348350228022,0.0
2015-01-29,0.01462161750659301,0.0
2015-01-30,-0.00026720157181657576,0.0
2015-02-02,0.014795231699850087,0.5741036884213303
2015-02-03,0.023260829335206422,0.0
2015-02-04,-0.006913584224149406,0.0
2015-02-05,0.01050679639192246,0.0
2015-02-06,0.0016709230329251764,0.0
2015-02-09,-0.0010653362216245872,0.0
2015-02-10,0.010257793718259876,0.0
2015-02-11,-0.001015425836864688,0.0
2015-02-12,0.011620112533768266,0.0
2015-02-13,0.008283366806038497,0.0
2015-02-17,0.002318129281603581,0.0
2015-02-18,-0.0012523622457606956,0.0
2015-02-19,0.001328003815823338,0.0
2015-02-20,0.00783570507373467,0.0
2015-02-23,-0.001411255764691539,0.0
2015-02-24,0.003211854667004292,0.0
2015-02-25,0.002378330362964343,0.0
2015-02-26,-0.004320750837685016,0.0
2015-02-27,-0.004321335944225502,0.0
2015-03-02,0.005119231044808714,0.626477542709232
2015-03-03,-0.0022599160835330423,0.0
2015-03-04,-0.007823095179082229,0.0
2015-03-05,0.0024400337223873777,0.0
2015-03-06,-0.015739060739660735,0.0
2015-03-09,0.0006420897586229379,0.0
2015-03-10,-0.01615627509095278,0.0
2015-03-11,-0.0017470732851929496,0.0
2015-03-12,0.008711432284724267,0.0
2015-03-13,-0.005900367912863136,0.0
2015-03-16,0.013226069943876416,0.0
2015-03-17,-0.002054385947659775,0.0
2015-03-18,0.014242414467821199,0.0
2015-03-19,-0.004576836064539411,0.0
2015-03-20,0.013183772415833938,0.0
2015-03-23,-0.001934253442442916,0.0
2015-03-24,-0.006425775762277486,0.0
2015-03-25,-0.012039745212082462,0.0
2015-03-26,-0.004941104376758299,0.0
2015-03-27,-0.00015612191931028898,0.0
2015-03-30,0.012622068296565345,0.0
2015-03-31,-0.00722041605557606,0.0
2015-04-01,-0.005505534282554181,0.31286427159896335
2015-04-02,0.0018909093072315207,0.0
2015-04-06,0.009567320809319458,0.0
2015-04-07,-0.0017451892623576118,0.0
2015-04-08,0.005694649684518395,0.0
2015-04-09,0.007642493506861832,0.0
2015-04-10,0.003937834724943809,0.0
2015-04-13,-0.00483385020626013,0.0
2015-04-14,0.004102207238938308,0.0
2015-04-15,0.013534626604181633,0.0
2015-04-16,-0.00216813179387394,0.0
2015-04-17,-0.007097261899346192,0.0
2015-04-20,0.01108305391461359,0.0
2015-04-21,-0.0019768706751041335,0.0
2015-04-22,0.0037401932412564533,0.0
2015-04-23,0.004923538188923063,0.0
2015-04-24,0.00448081316353671,0.0
2015-04-27,-0.007568236274728812,0.0
2015-04-28,0.0021979316300542533,0.0
2015-04-29,-0.005356731656660492,0.0
2015-04-30,-0.01191005395168352,0.0
2015-05-01,0.008831234387135511,0.5418658292971622
2015-05-04,0.0016946501175966189,0.0
2015-05-05,-0.012995762131146943,0.0
2015-05-06,-0.0067663523812263055,0.0
2015-05-07,0.003136170604638512,0.0
2015-05-08,0.014472803797171776,0.0
2015-05-11,-0.004000297570956049,0.0
2015-05-12,-0.0024866998726167946,0.0
2015-05-13,-0.004234973389357275,0.0
2015-05-14,0.006622815173526004,0.0
2015-05-15,0.0020452270245399657,0.0
2015-05-18,0.000951880955097765,0.0
2015-05-19,-0.005697719863397152,0.0
2015-05-20,0.0006820158923786384,0.0
2015-05-21,0.005227647054269881,0.0
2015-05-22,-0.004090022476894217,0.0
2015-05-26,-0.014403709139843828,0.0
2015-05-27,0.0058278936009197296,0.0
2015-05-28,-0.0008321836915188019,0.0
2015-05-29,-0.007818599043137572,0.0
2015-06-01,0.0010836241889751186,0.374862210465712
2015-06-02,-0.0006788523846629549,0.0
2015-06-03,0.0025659005296174886,0.0
2015-06-04,-0.007009200940156713,0.0
2015-06-05,-0.0018690446134755029,0.0
2015-06-08,-0.00963962313072578,0.0
2015-06-09,0.00015234621574784356,0.0
2015-06-10,0.00727570331198606,0.0
2015-06-11,0.003941824775610994,0.0
2015-06-12,-0.0061183271673239704,0.0
2015-06-15,-0.004313498486193414,0.0
2015-06-16,0.005702250795266581,0.0
2015-06-17,0.004805981371608538,0.0
2015-06-18,0.011798860268837526,0.0
2015-06-19,-0.002981774101762644,0.0
2015-06-22,0.0036473724061667043,0.0
2015-06-23,-0.001970827017106448,0.0
2015-06-24,-0.006201974181624088,0.0
2015-06-25,-0.005055868530095274,0.0
2015-06-26,0.00022664570239906159,0.0
2015-06-29,-0.022962828493084834,0.0
2015-06-30,0.0024569308201979013,0.0
2015-07-01,0.004316457904931736,0.24156080245524125
2015-07-02,0.002450196253022622,0.0
2015-07-06,-0.025615853299901504,0.0
2015-07-07,0.012030038884551357,0.0
2015-07-08,-0.020034440223109243,0.0
2015-07-09,-0.0002299188203594471,0.0
2015-07-10,0.007244640610430415,0.0
2015-07-13,0.012495481133785909,0.0
2015-07-14,0.004522086063142225,0.0
2015-07-15,-0.007629747728958755,0.0
2015-07-16,0.003368206276545035,0.0
2015-07-17,-0.007400003103400395,0.0
2015-07-20,-0.0031048625824391515,0.0
2015-07-21,0.00041552775042055356,0.0
2015-07-22,-0.00011602566913560225,0.0
2015-07-23,-0.004593356351262593,0.0
2015-07-24,-0.010674989876841548,0.0
2015-07-27,-0.003906932690656757,0.0
2015-07-28,0.012506441590147719,0.0
2015-07-29,0.0072218686138731565,0.0
2015-07-30,0.0029917132445601955,0.0
2015-07-31,-0.0014561898057531301,0.0
2015-08-03,-0.0036540420339191693,0.6425175675484648
2015-08-04,-0.003754914315374587,0.0
2015-08-05,0.00424395032228077,0.0
2015-08-06,-0.008730842136916245,0.0
2015-08-07,-0.00269160671588661,0.0
2015-08-10,0.0177992427926173,0.0
2015-08-11,-0.012749479795609754,0.0
2015-08-12,0.0047587176394291286,0.0
2015-08-13,-0.006261460930702678,0.0
2015-08-14,0.0014445404867897947,0.0
2015-08-17,0.007173536889850224,0.0
2015-08-18,-0.005208819869330555,0.0
2015-08-19,-0.012689029852558618,0.0
2015-08-20,-0.02410505642594597,0.0
2015-08-21,-0.028455516154111585,0.0
2015-08-24,-0.04192378463770571,0.0
2015-08-25,-0.014955095632099808,0.0
2015-08-26,0.03627993999187596,0.0
2015-08-27,0.030338171126341334,0.0
2015-08-28,0.006375083279427397,0.0
2015-08-31,-0.0065469093180227644,0.0
2015-09-01,-0.02936296608316591,0.4078865216741681
2015-09-02,0.013050425025888972,0.0
2015-09-03,0.005173192780142765,0.0
2015-09-04,-0.01773617126392287,0.0
2015-09-08,0.025007614002589832,0.0
2015-09-09,-0.012746875272072973,0.0
2015-09-10,0.0025603487453709317,0.0
2015-09-11,0.0008201303810605157,0.0
2015-09-14,-0.007385204485141719,0.0
2015-09-15,0.01257303933405247,0.0
2015-09-16,0.013166611490348794,0.0
2015-09-17,-0.0025119522351542637,0.0
2015-09-18,-0.0253979352890455,0.0
2015-09-21,-0.0016716409110742372,0.0
2015-09-22,-0.019807200271114694,0.0
2015-09-23,-0.010617076804963517,0.0
2015-09-24,-0.00265737666727242,0.0
2015-09-25,-0.0022850640321979672,0.0
2015-09-28,-0.03110738983077806,0.0
2015-09-29,-0.00011136643867506926,0.0
2015-09-30,0.025236890135074953,0.0
2015-10-01,-0.0037602661074171984,0.5167692732236941
2015-10-02,0.02705724408044511,0.0
2015-10-05,0.02635109591435572,0.0
2015-10-06,0.0011982104781339234,0.0
2015-10-07,0.015910979002641084,0.0
2015-10-08,0.013698773866838716,0.0
2015-10-09,-0.0028129075475348594,0.0
2015-10-12,-0.008438437817008721,0.0
2015-10-13,-0.011640289166710954,0.0
2015-10-14,0.003641724211382435,0.0
2015-10-15,0.009411833555415004,0.0
2015-10-16,0.0007293370935865867,0.0
2015-10-19,-0.008622810190249679,0.0
2015-10-20,-0.0023267956288021796,0.0
2015-10-21,-0.01244773590091916,0.0
2015-10-22,0.012639007009607293,0.0
2015-10-23,0.011505705052721719,0.0
2015-10-26,-0.007073283792649048,0.0
2015-10-27,-0.009055546665624588,0.0
2015-10-28,0.016500382160286813,0.0
2015-10-29,0.0003275739200570998,0.0
2015-10-30,0.004306113251232706,0.0
2015-11-02,0.018372126430401536,0.48692789123371316
2015-11-03,0.007126300848786226,0.0
2015-11-04,-0.005213346821568357,0.0
2015-11-05,-0.002032525972915907,0.0
2015-11-06,0.0015196602939449003,0.0
2015-11-09,-0.013445042413399286,0.0
2015-11-10,-0.00407090460698205,0.0
2015-11-11,-0.017369229445613303,0.0
2015-11-12,-0.01747837779027463,0.0
2015-11-13,-0.005705088729717268,0.0
2015-11-16,0.017365426828991504,0.0
2015-11-17,-0.004491796813881099,0.0
2015-11-18,0.020325783321903684,0.0
2015-11-19,-0.005958071086050374,0.0
2015-11-20,0.0003085842196615576,0.0
2015-11-23,1.4850673074453657e-05,0.0
2015-11-24,0.009410633787207651,0.0
2015-11-25,0.0025441601620871676,0.0
2015-11-27,-0.006157551474273849,0.0
2015-11-30,-0.00011194526445277089,0.0
2015-12-01,0.006644026950723969,0.2948981470301196
2015-12-02,-0.018587304470193248,0.0
2015-12-03,-0.014696238816873545,0.0
2015-12-04,0.004445127239141545,0.0
2015-12-07,-0.013700030734824311,0.0
2015-12-08,-0.009488048501682288,0.0
2015-12-09,-0.001701661817790086,0.0
2015-12-10,0.00037116725575946693,0.0
2015-12-11,-0.025054280991604172,0.0
2015-12-14,-0.008564630422839746,0.0
2015-12-15,0.013793159529381382,0.0
2015-12-16,0.016681053338508757,0.0
2015-12-17,-0.024645020285175075,0.0
2015-12-18,-0.010349675042972914,0.0
2015-12-21,0.011900056484278628,0.0
2015-12-22,0.012596810476280725,0.0
2015-12-23,0.023468338244628892,0.0
2015-12-24,-0.002352333429957064,0.0
2015-12-28,-0.005779260000558249,0.0
2015-12-29,0.011932933872564463,0.0
2015-12-30,-0.010783353958563249,0.0
2015-12-31,-0.0042165818279856545,0.0
2016-01-04,-0.004015684525071173,0.2925475423130923
2016-01-05,0.002120470505697762,0.0
2016-01-06,-0.028983361101582627,0.0
2016-01-07,-0.025059912057932142,0.0
2016-01-08,-0.012543709750053395,0.0
2016-01-11,-0.010241121383967024,0.0
2016-01-12,0.0015192747641168502,0.0
2016-01-13,-0.02569535729653218,0.0
2016-01-14,0.017550374054242684,0.0
2016-01-15,-0.0177060174616701,0.0
2016-01-19,-0.011080303173799912,0.0
2016-01-20,-0.003767246132026226,0.0
2016-01-21,0.013860354909185666,0.0
2016-01-22,0.019159583515099117,0.0
2016-01-25,-0.027565094036467137,0.0
2016-01-26,0.02681778047466056,0.0
2016-01-27,-0.009054056721244314,0.0
2016-01-28,-0.0045530427010266735,0.0
2016-01-29,0.03347051491999484,0.0
2016-02-01,-0.0036200521963384302,0.6640035743330623
2016-02-02,-0.03278919402503189,0.0
2016-02-03,0.021326451373905594,0.0
2016-02-04,0.007304316905219122,0.0
2016-02-05,-0.019215730928103813,0.0
2016-02-08,-0.028216175134252373,0.0
2016-02-09,-0.011223510946899112,0.0
2016-02-10,0.007431135114319065,0.0
2016-02-11,-0.021434336633953267,0.0
2016-02-12,0.027577868383807512,0.0
2016-02-16,0.027689706041536324,0.0
2016-02-17,0.027395093650435468,0.0
2016-02-18,-0.0042029083070841645,0.0
2016-02-19,-0.01187643851516414,0.0
2016-02-22,0.028687306584449797,0.0
2016-02-23,-0.02084589120567366,0.0
2016-02-24,0.011689472582944144,0.0
2016-02-25,0.008564522889983864,0.0
2016-02-26,0.010511962727873058,0.0
2016-02-29,-0.006855309500483114,0.0
2016-03-01,0.02775270498359994,0.33832149916494053
2016-03-02,0.012980690842381147,0.0
2016-03-03,0.017606746262201413,0.0
2016-03-04,0.0029570679058581045,0.0
2016-03-07,0.017834616309561097,0.0
2016-03-08,-0.03913793425194351,0.0
2016-03-09,0.005738792893779042,0.0
2016-03-10,0.00034946365512645303,0.0
2016-03-11,0.029328096401588934,0.0
2016-03-14,-0.00373028906453659,0.0
2016-03-15,-0.01573939815295336,0.0
2016-03-16,0.01709960902274872,0.0
2016-03-17,0.009564772122679522,0.0
2016-03-18,0.011474439115546249,0.0
2016-03-21,0.0007468340263589678,0.0
2016-03-22,0.0024499198620172714,0.0
2016-03-23,-0.0252124714140958,0.0
2016-03-24,-0.002609833882029221,0.0
2016-03-28,0.0012254389826890494,0.0
2016-03-29,0.011587296859628574,0.0
2016-03-30,0.0005741797360981006,0.0
2016-03-31,0.0049871758282771655,0.0
2016-04-01,-0.0012636333317723736,0.3936288935598323
2016-04-04,-0.008638198992129646,0.0
2016-04-05,-0.013288184247068478,0.0
2016-04-06,0.013948663215939471,0.0
2016-04-07,-0.01300632293358344,0.0
2016-04-08,0.0057860418787546155,0.0
2016-04-11,-0.0015897218062149202,0.0
2016-04-12,0.01624092791139326,0.0
2016-04-13,0.021547284520307082,0.0
2016-04-14,-0.006965516662685246,0.0
2016-04-15,-0.0035012702433351865,0.0
2016-04-18,0.008428749276164335,0.0
2016-04-19,0.00960857700387375,0.0
2016-04-20,0.007976793419791225,0.0
2016-04-21,0.0024760785298005754,0.0
2016-04-22,0.00941427565239665,0.0
2016-04-25,-0.008480036154202168,0.0
2016-04-26,0.01115871565856551,0.0
2016-04-27,0.008567360234369836,0.0
2016-04-28,-0.015280777565076264,0.0
2016-04-29,-0.015730139361674656,0.0
2016-05-02,0.005275052352323506,0.38664375399308926
2016-05-03,-0.018295661595489333,0.0
2016-05-04,-0.012717289517270003,0.0
2016-05-05,-0.0027319324635794694,0.0
2016-05-06,0.00020632621970903433,0.0
2016-05-09,-0.0006477238125459049,0.0
2016-05-10,0.013938374781092774,0.0
2016-05-11,-0.017131047806966778,0.0
2016-05-12,-0.008536162887382206,0.0
2016-05-13,-0.008291099022347204,0.0
2016-05-16,0.009632395009121029,0.0
2016-05-17,0.0006787563197537612,0.0
2016-05-18,0.001415812095639549,0.0
2016-05-19,-0.006773119887435092,0.0
2016-05-20,0.014218463048933826,0.0
2016-05-23,-0.00018431547591940675,0.0
2016-05-24,0.014945215551756163,0.0
2016-05-25,0.012345575998727123,0.0
2016-05-26,-0.005557350318194312,0.0
2016-05-27,0.006847817352254319,0.0
2016-05-31,0.006549705448763141,0.0
2016-06-01,0.0033228720775437814,0.3627173767637556
2016-06-02,0.008260288226238753,0.0
2016-06-03,-0.007054079431329678,0.0
2016-06-06,0.011616571860445938,0.0
2016-06-07,0.007185373670604992,0.0
2016-06-08,-0.0031243047426800265,0.0
2016-06-09,-0.008110319787419856,0.0
2016-06-10,-0.02246226129672605,0.0
2016-06-13,-0.013605457489059298,0.0
2016-06-14,-0.006610800445709544,0.0
2016-06-15,0.002476756750092964,0.0
2016-06-16,-0.00022906560490927618,0.0
2016-06-17,0.004314452475379037,0.0
2016-06-20,0.01026666667016693,0.0
2016-06-21,-0.0011602854683465378,0.0
2016-06-22,-0.0009893196783814268,0.0
2016-06-23,0.01913397417309896,0.0
2016-06-24,-0.05483288388254802,0.0
2016-06-27,-0.04063989275179019,0.0
2016-06-28,0.028289064022438637,0.0
2016-06-29,0.02587385302582829,0.0
2016-06-30,0.01202094900628687,0.0
2016-07-01,0.006024998006323834,0.26705035557174645
2016-07-05,-0.024731970747889857,0.0
2016-07-06,0.009167780047900021,0.0
2016-07-07,0.00197870943539336,0.0
2016-07-08,0.023584286600546407,0.0
2016-07-11,0.005714088986859288,0.0
2016-07-12,0.02269908332385309,0.0
2016-07-13,-0.004026802454827628,0.0
2016-07-14,0.004530345453818085,0.0
2016-07-15,-0.0002128224601077652,0.0
2016-07-18,0.007358996366838219,0.0
2016-07-19,-0.006262705855962093,0.0
2016-07-20,0.010203735919135282,0.0
2016-07-21,0.002686680537350691,0.0
2016-07-22,0.0030141677311611562,0.0
2016-07-25,0.0016716554625278626,0.0
2016-07-26,0.005123345645356888,0.0
2016-07-27,-0.009628303470500227,0.0
2016-07-28,4.997091402925754e-05,0.0
2016-07-29,0.0010133385569688757,0.0
2016-08-01,-0.005017173105292372,0.36204294809047644
2016-08-02,-0.01559379366614503,0.0
2016-08-03,0.011939055122262204,0.0
2016-08-04,-0.0046345782914881855,0.0
2016-08-05,0.01514397075954426,0.0
2016-08-08,0.001203181267978215,0.0
2016-08-09,-0.007693052550138622,0.0
2016-08-10,-0.005449639526768373,0.0
2016-08-11,0.016675073708527062,0.0
2016-08-12,-0.0012629357781787237,0.0
2016-08-15,0.008576164009910748,0.0
2016-08-16,-0.0037849224248912156,0.0
2016-08-17,0.00018789588756228315,0.0
2016-08-18,0.004559945756700727,0.0
2016-08-19,0.0007135738656485521,0.0
2016-08-22,-0.0013729365994077265,0.0
2016-08-23,0.008078135847107964,0.0
2016-08-24,-0.011399363030849612,0.0
2016-08-25,-0.0008583025287154392,0.0
2016-08-26,0.00016407508445283,0.0
2016-08-29,0.004775261222189284,0.0
2016-08-30,0.001817162315332948,0.0
2016-08-31,-0.007971698772037832,0.0
2016-09-01,-0.0033250847107935133,0.5025958744270358
2016-09-02,0.005391751271647614,0.0
2016-09-06,0.0005573323999018961,0.0
2016-09-07,0.01000138724343458,0.0
2016-09-08,-0.0010922771845213151,0.0
2016-09-09,-0.029272794829156984,0.0
2016-09-12,0.019055872820000756,0.0
2016-09-13,-0.019246815333274353,0.0
2016-09-14,-0.004292637081515524,0.0
2016-09-15,0.012765333837034635,0.0
2016-09-16,-0.0047691967715818686,0.0
2016-09-19,-5.8222152264446304e-05,0.0
2016-09-20,-0.004330611632145157,0.0
2016-09-21,0.012883454666172224,0.0
2016-09-22,0.007886175812705214,0.0
2016-09-23,-0.004833796469105409,0.0
2016-09-26,-0.007670386510024897,0.0
2016-09-27,0.007576624724378324,0.0
2016-09-28,0.009142147072878047,0.0
2016-09-29,-0.010075984528739396,0.0
2016-09-30,0.009348958127426078,0.0
2016-10-03,0.0015337440152884962,0.32498784155652005
2016-10-04,-0.006383483919869239,0.0
2016-10-05,0.007726891804516855,0.0
2016-10-06,-0.0020410597287526208,0.0
2016-10-07,-0.006384456721980497,0.0
2016-10-10,0.009064358805753287,0.0
2016-10-11,-0.01807079454626912,0.0
2016-10-12,-0.00352300468815697,0.0
2016-10-13,-0.0023243716969341692,0.0
2016-10-14,-0.006292876243339522,0.0
2016-10-17,-0.005623202727664788,0.0
2016-10-18,0.008726405773242577,0.0
2016-10-19,0.010008083854385376,0.0
2016-10-20,0.0022315965957549863,0.0
2016-10-21,0.000830441986616652,0.0
2016-10-24,0.0012387476561695828,0.0
2016-10-25,-0.005807953225492008,0.0
2016-10-26,0.001042001435479112,0.0
2016-10-27,-0.009397150509885162,0.0
2016-10-28,0.0010318885586498305,0.0
2016-10-31,0.0007823510427134453,0.0
2016-11-01,-0.0015768771330891829,0.42403443766307325
2016-11-02,-0.010424103988606197,0.0
2016-11-03,-0.010703920508968658,0.0
2016-11-04,0.00468393772802617,0.0
2016-11-07,0.024883404996526727,0.0
2016-11-08,0.0021620701038796925,0.0
2016-11-09,0.02116678478451082,0.0
2016-11-10,0.011955287497626248,0.0
2016-11-11,-0.00023810503208767611,0.0
2016-11-14,0.020784517151946416,0.0
2016-11-15,0.003148106537317776,0.0
2016-11-16,-0.005789326301909351,0.0
2016-11-17,0.004357616052561728,0.0
2016-11-18,-0.0027833285565976745,0.0
2016-11-21,0.010154727134317011,0.0
2016-11-22,0.0010124261145636427,0.0
2016-11-23,0.002984275725763283,0.0
2016-11-25,0.002581241803614959,0.0
2016-11-28,-0.009363906737005854,0.0
2016-11-29,-0.003553472050836206,0.0
2016-11-30,-0.001221055890981369,0.0
2016-12-01,-0.008429025976801952,0.5960377232028462
2016-12-02,0.0024161716468424042,0.0
2016-12-05,0.010252085022692675,0.0
2016-12-06,0.004131128023090244,0.0
2016-12-07,0.009545166346854764,0.0
2016-12-08,0.004344349610342738,0.0
2016-12-09,0.004036955859876925,0.0
2016-12-12,-0.005395765260660169,0.0
2016-12-13,0.0032819519115317277,0.0
2016-12-14,-0.013308166397386998,0.0
2016-12-15,-0.0012436400714044647,0.0
2016-12-16,0.002433825535254594,0.0
2016-12-19,-0.0008369594079837367,0.0
2016-12-20,0.001988162664322578,0.0
2016-12-21,-0.001586820741375317,0.0
2016-12-22,-0.004914673416171033,0.0
2016-12-23,0.003696764224562668,0.0
2016-12-27,0.005829476084840961,0.0
2016-12-28,-0.011023489938984821,0.0
2016-12-29,0.0012269041521763358,0.0
2016-12-30,-0.00503645007224096,0.0
2017-01-03,0.013413842656303299,0.4782757304234899
2017-01-04,0.017091403318601046,0.0
2017-01-05,-0.0044792958955521675,0.0
2017-01-06,-0.002943301930432649,0.0
2017-01-09,-0.002708812018019716,0.0
2017-01-10,0.003966826696564155,0.0
2017-01-11,0.00111965971020686,0.0
2017-01-12,-0.0015224923425221327,0.0
2017-01-13,0.003304169922266802,0.0
2017-01-17,0.004069574464314782,0.0
2017-01-18,6.567354297588087e-05,0.0
2017-01-19,-0.006617276499703005,0.0
2017-01-20,0.005348495067755744,0.0
2017-01-23,-0.001619768544899077,0.0
2017-01-24,0.011361632751430118,0.0
2017-01-25,0.008061174209116017,0.0
2017-01-26,-0.004626377849122848,0.0
2017-01-27,-3.4631806533601e-05,0.0
2017-01-30,-0.007110992210223405,0.0
2017-01-31,0.00465406753382196,0.0
2017-02-01,-0.0011321173684322172,1.4755703761207823
2017-02-02,-0.0006794978988237964,0.0
2017-02-03,0.010585394751576476,0.0
2017-02-06,-0.0035809017290944736,0.0
2017-02-07,0.0006861637517725279,0.0
2017-02-08,-0.0029489396776326542,0.0
2017-02-09,0.005630992390638351,0.0
2017-02-10,0.005873499085416542,0.0
2017-02-13,0.006254960112730936,0.0
2017-02-14,0.0014689429865828506,0.0
2017-02-15,0.007337982075128382,0.0
2017-02-16,-0.0010546910509814898,0.0
2017-02-17,-0.0004801709056298816,0.0
2017-02-21,0.007316727662905529,0.0
2017-02-22,-0.001285079345287103,0.0
2017-02-23,-0.00291718356703588,0.0
2017-02-24,0.000164262397016332,0.0
2017-02-27,0.0027933270322115992,0.0
2017-02-28,-0.0035326940205796294,0.0
2017-03-01,0.01633220957706727,0.5903998371403452
2017-03-02,-0.009480938868062004,0.0
2017-03-03,0.0029095754465930292,0.0
2017-03-06,-0.003677901070914484,0.0
2017-03-07,-0.004049565516964883,0.0
2017-03-08,-0.0032193974977012293,0.0
2017-03-09,-0.00024125074890818182,0.0
2017-03-10,0.004847083197402704,0.0
2017-03-13,-0.03362336577532009,0.0
2017-03-14,-0.005280486790655667,0.0
2017-03-15,0.011343066428702676,0.0
2017-03-16,-0.0016980119665803448,0.0
2017-03-17,-0.0007094862047621388,0.0
2017-03-20,-0.0012621916377169302,0.0
2017-03-21,-0.016317701602260704,0.0
2017-03-22,0.0052916546707226265,0.0
2017-03-23,0.000470769125233228,0.0
2017-03-24,-0.0010150984705911128,0.0
2017-03-27,-0.0008264063370575592,0.0
2017-03-28,0.009673647389048674,0.0
2017-03-29,0.0031398777275375095,0.0
2017-03-30,0.004592855910878192,0.0
2017-03-31,-0.0014982767360045132,0.0
2017-04-03,-0.004705960245043994,0.7232348349891041
2017-04-04,-0.0005797292679314676,0.0
2017-04-05,-0.003263490666631651,0.0
2017-04-06,0.003459761547306729,0.0
2017-04-07,-0.0016743606398685429,0.0
2017-04-10,0.0006473077241335457,0.0
2017-04-11,-0.0003480066623898657,0.0
2017-04-12,-0.00786406205341752,0.0
2017-04-13,-0.0057664389584094694,0.0
2017-04-17,0.010334002332962847,0.0
2017-04-18,-0.0030616975527472177,0.0
2017-04-19,0.002390503623009889,0.0
2017-04-20,0.009049232913671289,0.0
2017-04-21,-0.0023271073220016312,0.0
2017-04-24,0.01333026732740465,0.0
2017-04-25,0.006822371812189778,0.0
2017-04-26,-0.0014060667054527284,0.0
2017-04-27,-0.0014361756122073892,0.0
2017-04-28,-0.0011621883883891084,0.0
2017-05-01,0.0021984146625733114,0.673659620008165
2017-05-02,-9.733073798542138e-05,0.0
2017-05-03,0.00022428929916468914,0.0
2017-05-04,0.002907643951450976,0.0
2017-05-05,0.0033592425215432666,0.0
2017-05-08,0.0013072286595528432,0.0
2017-05-09,0.002095363578177442,0.0
2017-05-10,0.002758221005816209,0.0
2017-05-11,-0.001826608808360298,0.0
2017-05-12,-0.003765709798305662,0.0
2017-05-15,0.005468726204321971,0.0
2017-05-16,0.0007006444250596626,0.0
2017-05-17,-0.018839998761175134,0.0
2017-05-18,0.0038677270473878554,0.0
2017-05-19,0.009393245445943818,0.0
2017-05-22,0.007231377775638193,0.0
2017-05-23,0.0033293499780837825,0.0
2017-05-24,0.004445553212563633,0.0
2017-05-25,0.0065818446432475254,0.0
2017-05-26,0.0003314496921106883,0.0
2017-05-30,0.00014848766908030358,0.0
2017-05-31,0.00110097970345623,0.0
2017-06-01,0.006796843496231775,0.6450005207341256
2017-06-02,0.0055681834656848995,0.0
2017-06-05,-0.003485790135604907,0.0
2017-06-06,-0.0056784773869983235,0.0
2017-06-07,0.002464522268156438,0.0
2017-06-08,0.0020994035554955607,0.0
2017-06-09,-0.004656512771727914,0.0
2017-06-12,-0.002377099585255034,0.0
2017-06-13,0.005953166585204633,0.0
2017-06-14,-0.0022850357923299264,0.0
2017-06-15,-0.0006001891557705714,0.0
2017-06-16,-0.000678483866072854,0.0
2017-06-19,0.008825606844548604,0.0
2017-06-20,-0.00654328499814507,0.0
2017-06-21,0.0006783507564395862,0.0
2017-06-22,-0.0016923447865707672,0.0
2017-06-23,0.001512011276347509,0.0
2017-06-26,-0.0004079081990649809,0.0
2017-06-27,-0.01014928693987224,0.0
2017-06-28,0.010121200059069484,0.0
2017-06-29,-0.012719014214133306,0.0
2017-06-30,0.0012212284641246927,0.0
2017-07-03,-0.0012480427913915682,0.6808404421669101
2017-07-05,0.007321098153333981,0.0
2017-07-06,-0.007428197652485203,0.0
2017-07-07,0.009828102232287202,0.0
2017-07-10,0.0023839277771675344,0.0
2017-07-11,-0.0006946921145261857,0.0
2017-07-12,0.007628973418253889,0.0
2017-07-13,0.0004725116889075124,0.0
2017-07-14,0.004576061252425149,0.0
2017-07-17,0.00013531913298443212,0.0
2017-07-18,0.0009542879629720793,0.0
2017-07-19,0.005201259459227295,0.0
2017-07-20,-2.318781295684142e-06,0.0
2017-07-21,0.004122945698369537,0.0
2017-07-24,-0.002360389472558083,0.0
2017-07-25,-0.003929795556891801,0.0
2017-07-26,-0.0014089277357954863,0.0
2017-07-27,-0.005924063176180193,0.0
2017-07-28,-0.0018278658922659253,0.0
2017-07-31,-0.0021838521139750577,0.0
2017-08-01,0.0026772774510823716,0.553052774714597
2017-08-02,-6.704032795565502e-05,0.0
2017-08-03,-0.0013910801825094288,0.0
2017-08-04,0.0038216697390036736,0.0
2017-08-07,0.001975036666480769,0.0
2017-08-08,-0.002868397289669172,0.0
2017-08-09,-0.0024386495687514823,0.0
2017-08-10,-0.01835752855986906,0.0
2017-08-11,0.0027293523298120427,0.0
2017-08-14,0.013364850008464928,0.0
2017-08-15,-0.0005057445724068737,0.0
2017-08-16,0.0024592734380033928,0.0
2017-08-17,-0.01929080764849395,0.0
2017-08-18,-0.001745404912892884,0.0
2017-08-21,0.0010742452963338213,0.0
2017-08-22,0.012172799706953267,0.0
2017-08-23,-0.005017229204087889,0.0
2017-08-24,-0.0008188417104757057,0.0
2017-08-25,0.002028194719665465,0.0
2017-08-28,0.000460498081554369,0.0
2017-08-29,-0.0011924716067397301,0.0
2017-08-30,0.00664511330974253,0.0
2017-08-31,0.005724987947506635,0.0
2017-09-01,0.0034525249469739006,0.5395373838184854
2017-09-05,-0.011890786017813786,0.0
2017-09-06,-9.348629720165266e-05,0.0
2017-09-07,-0.00019663780631383563,0.0
2017-09-08,0.003027453030598426,0.0
2017-09-11,0.014443284087960596,0.0
2017-09-12,-0.00012460699797433726,0.0
2017-09-13,-0.0024994690878847414,0.0
2017-09-14,0.000567957803527436,0.0
2017-09-15,0.001092343817975992,0.0
2017-09-18,0.0007154247833646594,0.0
2017-09-19,0.0035794113025555234,0.0
2017-09-20,-0.0008998858837650353,0.0
2017-09-21,-0.0008517171409852298,0.0
2017-09-22,0.0004495323359936574,0.0
2017-09-25,-0.006122572195781237,0.0
2017-09-26,0.0018829855355699514,0.0
2017-09-27,0.0032118103387984947,0.0
2017-09-28,0.0041986070676679746,0.0
2017-09-29,0.004019926433372013,0.0
2017-10-02,0.002122468076179551,0.579221021837696
2017-10-03,0.001487352182171952,0.0
2017-10-04,0.0009377112761285539,0.0
2017-10-05,0.0034267755062049434,0.0
2017-10-06,0.00041681662666398674,0.0
2017-10-09,0.0014109456009507853,0.0
2017-10-10,0.002233195846977713,0.0
2017-10-11,0.0014387954416874836,0.0
2017-10-12,0.002564340664015444,0.0
2017-10-13,-0.00015182726906377104,0.0
2017-10-16,0.0022728367831731386,0.0
2017-10-17,-0.0013303579579962155,0.0
2017-10-18,0.004082539227929357,0.0
2017-10-19,0.0012967954008814698,0.0
2017-10-20,0.004436977097335782,0.0
2017-10-23,-0.004225073203174761,0.0
2017-10-24,0.00394715155609532,0.0
2017-10-25,-0.006100718583901135,0.0
2017-10-26,-0.00020404630043395358,0.0
2017-10-27,0.0064454977029415935,0.0
2017-10-30,-0.005434482341046428,0.0
2017-10-31,-0.001118805151119345,0.0
2017-11-01,-0.0032506569269712404,0.6255648026907263
2017-11-02,0.0024055102153576263,0.0
2017-11-03,0.0031716782443742364,0.0
2017-11-06,0.002940684875638675,0.0
2017-11-07,-0.0015564913446772933,0.0
2017-11-08,0.0011199814088974954,0.0
2017-11-09,-0.005435612287674665,0.0
2017-11-10,0.0015606248998221656,0.0
2017-11-13,0.0025445867576036722,0.0
2017-11-14,0.0018869565305985598,0.0
2017-11-15,-0.004196416598606282,0.0
2017-11-16,0.01082426751770716,0.0
2017-11-17,-0.0012644366691879098,0.0
2017-11-20,0.003418673653124862,0.0
2017-11-21,0.006153818510576587,0.0
2017-11-22,-0.002476952191948979,0.0
2017-11-24,0.0010893273127545054,0.0
2017-11-27,-0.0005502706880040847,0.0
2017-11-28,0.012812337446646116,0.0
2017-11-29,-0.0020087198018455777,0.0
2017-11-30,0.008178944206103858,0.0
2017-12-01,-0.004168590839567998,0.9065417672590177
2017-12-04,-0.011187551540541633,0.0
2017-12-05,-0.001114851435944564,0.0
2017-12-06,0.0009494991620524689,0.0
2017-12-07,0.0068528955036069655,0.0
2017-12-08,0.004934428334453697,0.0
2017-12-11,0.00024147383041749537,0.0
2017-12-12,-0.00321837568508315,0.0
2017-12-13,0.0010151468438414617,0.0
2017-12-14,-0.004042350465771902,0.0
2017-12-15,0.007860596716193578,0.0
2017-12-18,0.004329840447833005,0.0
2017-12-19,-0.005105488789510585,0.0
2017-12-20,-0.0014226922055682622,0.0
2017-12-21,-0.0008300601158755296,0.0
2017-12-22,0.0005101900057539738,0.0
2017-12-26,0.0003931771227876312,0.0
2017-12-27,0.001420455682409736,0.0
2017-12-28,0.0029873385774559936,0.0
2017-12-29,-0.004621267564863035,0.0
2018-01-02,0.0034640552539011438,0.5121893702424007
2018-01-03,0.008145558337192521,0.0
2018-01-04,0.003421099064054499,0.0
2018-01-05,0.009448853209160217,0.0
2018-01-08,0.004299859816773102,0.0
2018-01-09,0.004167980565807176,0.0
2018-01-10,-0.00654888430313978,0.0
2018-01-11,0.00780971559074936,0.0
2018-01-12,0.007405749644716894,0.0
2018-01-16,-0.004342349923570575,0.0
2018-01-17,0.012601941682518578,0.0
2018-01-18,-0.00221919863462221,0.0
2018-01-19,0.008082692724254251,0.0
2018-01-22,0.005964513704183223,0.0
2018-01-23,0.0011129302041958844,0.0
2018-01-24,0.001432701223714661,0.0
2018-01-25,0.0011091471827450654,0.0
2018-01-26,0.013310788628586827,0.0
2018-01-29,-0.010024153462214198,0.0
2018-01-30,-0.008858932153598724,0.0
2018-01-31,0.0009163040094774808,0.0
2018-02-01,-0.0005889556149758501,1.5283746277349546
2018-02-02,-0.016927698268464776,0.0
2018-02-05,-0.0375830289611019,0.0
2018-02-06,0.01712526989917756,0.0
2018-02-07,-0.001713946917120232,0.0
2018-02-08,-0.03389848818737293,0.0
2018-02-09,0.011580497039078099,0.0
2018-02-12,0.01081965118652902,0.0
2018-02-13,-0.004799752900135949,0.0
2018-02-14,0.01919159780087139,0.0
2018-02-15,0.012790994932496608,0.0
2018-02-16,0.0027940940386442636,0.0
2018-02-20,-0.006319877431473426,0.0
2018-02-21,-0.0054384484069195565,0.0
2018-02-22,0.0008318672712827012,0.0
2018-02-23,0.017622090578965667,0.0
2018-02-26,0.0067243295957721445,0.0
2018-02-27,-0.013725902031481763,0.0
2018-02-28,-0.012239607682006864,0.0
2018-03-01,-0.010695006156272502,1.0104182408073334
2018-03-02,0.00984307191699038,0.0
2018-03-05,0.011474109864480234,0.0
2018-03-06,0.0035759669856975885,0.0
2018-03-07,0.0012214294616564611,0.0
2018-03-08,0.006919693505033843,0.0
2018-03-09,0.015084956501848974,0.0
2018-03-12,-0.00013028172275974335,0.0
2018-03-13,-0.005627105694048092,0.0
2018-03-14,-0.006579150408068004,0.0
2018-03-15,-0.003470460656153966,0.0
2018-03-16,0.0021950889327377607,0.0
2018-03-19,-0.01622332600900788,0.0
2018-03-20,-0.00040460044424872675,0.0
2018-03-21,-0.0011136335518916597,0.0
2018-03-22,-0.025480167106510555,0.0
2018-03-23,-0.021359643470894966,0.0
2018-03-26,0.022912210297237237,0.0
2018-03-27,-0.01412674847455155,0.0
2018-03-28,0.001859649011492787,0.0
2018-03-29,0.013700298066222173,0.0
2018-04-02,-0.024772689193875097,0.49295833050762383
2018-04-03,0.010782046861822969,0.0
2018-04-04,0.013575889014600087,0.0
2018-04-05,0.0047831840436900405,0.0
2018-04-06,-0.024373867722424523,0.0
2018-04-09,0.002261044568423031,0.0
2018-04-10,0.01771042209119382,0.0
2018-04-11,-0.005503677830850413,0.0
2018-04-12,0.008652791673310296,0.0
2018-04-13,-0.003983848168425088,0.0
2018-04-16,0.006806909608671634,0.0
2018-04-17,0.009679348891994864,0.0
2018-04-18,0.00189411542239323,0.0
2018-04-19,-0.007253461391145383,0.0
2018-04-20,-0.006151811719219198,0.0
2018-04-23,0.004108746398360726,0.0
2018-04-24,-0.012516616821714647,0.0
2018-04-25,0.00078994710869848,0.0
2018-04-26,0.017297352328143195,0.0
2018-04-27,0.0031498621462041185,0.0
2018-04-30,-0.009172631430203646,0.0
2018-05-01,-0.001653181914734958,0.6684416208670216
2018-05-02,-0.012458810142535703,0.0
2018-05-03,-0.004276784868175316,0.0
2018-05-04,0.01454585928101576,0.0
2018-05-07,0.00259740960005291,0.0
2018-05-08,0.0003595209103435344,0.0
2018-05-09,0.005790390489165416,0.0
2018-05-10,0.00915217907978877,0.0
2018-05-11,0.0017441379427628016,0.0
2018-05-14,-0.0006612740251825575,0.0
2018-05-15,-0.005535702348831315,0.0
2018-05-16,0.008610190287720344,0.0
2018-05-17,-0.0011796410075918798,0.0
2018-05-18,-0.003587371397997742,0.0
2018-05-21,0.006949437188647026,0.0
2018-05-22,-0.004004368103527776,0.0
2018-05-23,-0.00033631319067148227,0.0
2018-05-24,-0.0009130974710776303,0.0
2018-05-25,-0.0006754142558487469,0.0
2018-05-29,-0.008484169195371802,0.0
2018-05-30,0.013098708779326182,0.0
2018-05-31,-0.011139439346741536,0.0
2018-06-01,0.007882262207270063,0.851343827419345
2018-06-04,0.004987169026622657,0.0
2018-06-05,0.0006509352409365941,0.0
2018-06-06,0.008630922509374778,0.0
2018-06-07,0.0003715207329359441,0.0
2018-06-08,0.005931596554117647,0.0
2018-06-11,0.00352912102001192,0.0
2018-06-12,0.004057580228598732,0.0
2018-06-13,-0.008944182839221564,0.0
2018-06-14,0.004298438335942896,0.0
2018-06-15,-0.0010071823372061863,0.0
2018-06-18,-0.01817251126382529,0.0
2018-06-19,-0.002734680583974748,0.0
2018-06-20,0.002054023039943219,0.0
2018-06-21,-0.005277415761190087,0.0
2018-06-22,0.0015353380315551656,0.0
2018-06-25,-0.012501525153671155,0.0
2018-06-26,8.974871908650318e-06,0.0
2018-06-27,-0.01080668384796081,0.0
2018-06-28,0.0036265097005369175,0.0
2018-06-29,0.0022470258695485297,0.0
2018-07-02,0.001002829675869732,0.5259398565286888
2018-07-03,-0.002167647779260626,0.0
2018-07-05,0.008569648376271263,0.0
2018-07-06,0.007965237607723174,0.0
2018-07-09,0.014049851497161297,0.0
2018-07-10,0.0032461332142314746,0.0
2018-07-11,-0.010556745081842305,0.0
2018-07-12,0.002437112421222823,0.0
2018-07-13,0.002221654284508085,0.0
2018-07-16,-0.002698912475609918,0.0
2018-07-17,0.006348009075214989,0.0
2018-07-18,0.004299530715115735,0.0
2018-07-19,0.0009042156141212292,0.0
2018-07-20,-0.004008209885818362,0.0
2018-07-23,0.002805996393721911,0.0
2018-07-24,-0.001271907201758116,0.0
2018-07-25,0.0058886619086442665,0.0
2018-07-26,-0.00027965677237904753,0.0
2018-07-27,-0.003157568842394997,0.0
2018-07-30,0.0006440363280951899,0.0
2018-07-31,0.0046771999791075675,0.0
2018-08-01,-0.008375717911599967,0.6014454151605331
2018-08-02,0.0058523025487463385,0.0
2018-08-03,0.006787383775420566,0.0
2018-08-06,-0.0003702692288927438,0.0
2018-08-07,-0.000789959255705462,0.0
2018-08-08,-0.0006355786136233467,0.0
2018-08-09,0.0014996698815004724,0.0
2018-08-10,-0.012958428300048735,0.0
2018-08-13,-0.0050173606319015894,0.0
2018-08-14,0.01128244644736744,0.0
2018-08-15,-0.009465332066336351,0.0
2018-08-16,0.008534759550676785,0.0
2018-08-17,0.005544256569753979,0.0
2018-08-20,0.0037461608953964724,0.0
2018-08-21,0.00540842104822739,0.0
2018-08-22,-0.0012922247364946754,0.0
2018-08-23,-0.004527748053607155,0.0
2018-08-24,0.0016636658835520526,0.0
2018-08-27,0.005328274748580598,0.0
2018-08-28,-0.00032682369029860827,0.0
2018-08-29,0.0047089122528344,0.0
2018-08-30,-0.009889236194680035,0.0
2018-08-31,0.000550003464866436,0.0
2018-09-04,-0.0032764206975450794,0.7171443926512258
2018-09-05,0.003667480881470249,0.0
2018-09-06,-0.004245096778438669,0.0
2018-09-07,-0.0033056480892733335,0.0
2018-09-10,0.004940325153951652,0.0
2018-09-11,-0.002600137131777842,0.0
2018-09-12,0.004585101176471848,0.0
2018-09-13,0.004012379969020985,0.0
2018-09-14,0.0014152428458345493,0.0
2018-09-17,-0.0024937629415131266,0.0
2018-09-18,0.00487710438421101,0.0
2018-09-19,0.005061895310912508,0.0
2018-09-20,0.007415690162624316,0.0
2018-09-21,-0.00042032862076454283,0.0
2018-09-24,-0.009328829594696084,0.0
2018-09-25,-0.005877024112327265,0.0
2018-09-26,0.0006322280830850487,0.0
2018-09-27,-0.001096311902075848,0.0
2018-09-28,4.087393390447577e-05,0.0
2018-10-01,0.0012856594790704445,0.597679818655705
2018-10-02,-0.003882187711713089,0.0
2018-10-03,0.0005050242585605813,0.0
2018-10-04,-0.009985312291612217,0.0
2018-10-05,-0.005166009885487776,0.0
2018-10-08,-3.297928512980109e-05,0.0
2018-10-09,-0.008413986553590403,0.0
2018-10-10,-0.027055681387066512,0.0
2018-10-11,-0.018800061087169535,0.0
2018-10-12,0.008171752730389793,0.0
2018-10-15,0.00017168598131382052,0.0
2018-10-16,0.02157892196351843,0.0
2018-10-17,-0.002667866904630163,0.0
2018-10-18,-0.018491382694562734,0.0
2018-10-19,-0.001772825906585978,0.0
2018-10-22,-0.008980439884826098,0.0
2018-10-23,-0.005045350000420674,0.0
2018-10-24,-0.029453592159165133,0.0
2018-10-25,0.01139376951699847,0.0
2018-10-26,-0.021831050131182566,0.0
2018-10-29,-0.002566604242698912,0.0
2018-10-30,0.023566604174878516,0.0
2018-10-31,0.00511370279853398,0.0
2018-11-01,0.02487058493812433,0.6589020945322552
2018-11-02,-0.004293700949859058,0.0
2018-11-05,0.004430836815475318,0.0
2018-11-06,0.011586506145411218,0.0
2018-11-07,0.018467294891952916,0.0
2018-11-08,0.000419887207889009,0.0
2018-11-09,-0.011471353510584748,0.0
2018-11-12,-0.02096611676903598,0.0
2018-11-13,0.0002398976109558004,0.0
2018-11-14,-0.007086388005118024,0.0
2018-11-15,0.013363218992372389,0.0
2018-11-16,0.000384909313430046,0.0
2018-11-19,-0.021566593683474064,0.0
2018-11-20,-0.017051870340624057,0.0
2018-11-21,0.007310766038920708,0.0
2018-11-23,-0.001973693340782121,0.0
2018-11-26,0.01810714128580574,0.0
2018-11-27,-0.0017246702396021736,0.0
2018-11-28,0.02109126249198837,0.0
2018-11-29,-0.007103236275601644,0.0
2018-11-30,0.003881235915229453,0.0
2018-12-03,0.014447902745855723,0.6385530442723859
2018-12-04,-0.04051408856915766,0.0
2018-12-06,-0.0031993873208318695,0.0
2018-12-07,-0.024899396112431103,0.0
2018-12-10,-0.00036931286305137885,0.0
2018-12-11,-0.0021807458944719618,0.0
2018-12-12,0.008966686285228636,0.0
2018-12-13,-0.007330074538514153,0.0
2018-12-14,-0.01315383516627441,0.0
2018-12-17,-0.017896905693891938,0.0
2018-12-18,0.0033825871449976413,0.0
2018-12-19,-0.014799176716892189,0.0
2018-12-20,-0.017745437615613147,0.0
2018-12-21,-0.02007964522962763,0.0
2018-12-24,-0.02152880881435339,0.0
2018-12-26,0.05054645426007104,0.0
2018-12-27,0.008468401798570488,0.0
2018-12-28,-0.004048381083721456,0.0
2018-12-31,0.009757098445407706,0.0
2019-01-02,0.005606222669100047,0.4677452496779376
2019-01-03,-0.02459656481587863,0.0
2019-01-04,0.039776209377717434,0.0
2019-01-07,0.01540377420009766,0.0
2019-01-08,0.009970557619652352,0.0
2019-01-09,0.008687015542268315,0.0
2019-01-10,0.0026623621902119848,0.0
2019-01-11,0.0022536180979918895,0.0
2019-01-14,-0.006568281246944514,0.0
2019-01-15,0.0029593805139739265,0.0
2019-01-16,0.0013607364528855853,0.0
2019-01-17,0.009199032237104788,0.0
2019-01-18,0.016252776675202047,0.0
2019-01-22,-0.01850967228817139,0.0
2019-01-23,-0.0008388278393842698,0.0
2019-01-24,0.01169295757296836,0.0
2019-01-25,0.019112561674952434,0.0
2019-01-28,-0.0016080599968506736,0.0
2019-01-29,-0.002103851789098392,0.0
2019-01-30,0.012734647325028759,0.0
2019-01-31,0.011232120988724746,0.0
2019-02-01,0.0015773943793553347,0.8706353292469444
2019-02-04,0.006455762873572712,0.0
2019-02-05,0.0012238634077088588,0.0
2019-02-06,6.409818059737838e-05,0.0
2019-02-07,-0.006720505210031539,0.0
2019-02-08,0.005820968624251736,0.0
2019-02-11,0.00389869615237756,0.0
2019-02-12,0.009854219200130857,0.0
2019-02-13,0.004825458636881621,0.0
2019-02-14,-0.0015547211280792371,0.0
2019-02-15,-0.0007367868342781172,0.0
2019-02-19,0.004138461554746059,0.0
2019-02-20,0.0024083269181174195,0.0
2019-02-21,-0.002075509291354478,0.0
2019-02-22,0.0005247422412571947,0.0
2019-02-25,-0.000447819805867772,0.0
2019-02-26,-0.0017631233877873852,0.0
2019-02-27,-0.005308552134780849,0.0
2019-02-28,-0.001869506894900563,0.0
2019-03-01,0.007026171377665147,0.6745963239813901
2019-03-04,-0.004558545384979791,0.0
2019-03-05,0.00017121855412105687,0.0
2019-03-06,-0.008886237349016158,0.0
2019-03-07,-0.007699683415393597,0.0
2019-03-08,-0.003461668531195437,0.0
2019-03-11,0.01260719339416711,0.0
2019-03-12,0.001654964292685713,0.0
2019-03-13,0.005600008383813197,0.0
2019-03-14,-0.0013636028848018835,0.0
2019-03-15,0.005679968728536431,0.0
2019-03-18,0.005826713202657262,0.0
2019-03-19,-0.000468575669377516,0.0
2019-03-20,-0.008003081186072607,0.0
2019-03-21,0.0142938654934581,0.0
2019-03-22,-0.019797267754799217,0.0
2019-03-25,0.0017291221843262225,0.0
2019-03-26,0.006404255524252826,0.0
2019-03-27,-0.003628792762366915,0.0
2019-03-28,0.005147785247713371,0.0
2019-03-29,0.006939951916357993,0.0
2019-04-01,0.012052600190159302,0.4946324010375882
2019-04-02,0.002697383627221975,0.0
2019-04-03,0.003616055245531535,0.0
2019-04-04,0.002533956575994112,0.0
2019-04-05,0.0064864174048861745,0.0
2019-04-08,0.0015134909763318597,0.0
2019-04-09,-0.009119355923777765,0.0
2019-04-10,0.0058002676788039475,0.0
2019-04-11,0.0004944384926914862,0.0
2019-04-12,0.006323398968252845,0.0
2019-04-15,-0.0019303673243856567,0.0
2019-04-16,-0.00017004401360655452,0.0
2019-04-17,-0.007923907015540419,0.0
2019-04-18,0.002423178197041119,0.0
2019-04-22,-0.00579853418364876,0.0
2019-04-23,0.00661568503336961,0.0
2019-04-24,-0.0008056830853382184,0.0
2019-04-25,-0.00325580066644505,0.0
2019-04-26,0.007956199277663768,0.0
2019-04-29,0.00035540680340502627,0.0
2019-04-30,0.005298345796217369,0.0
2019-05-01,-0.0077687728919563215,1.0171229327701634
2019-05-02,0.004621907695045429,0.0
2019-05-03,0.013303832365259676,0.0
2019-05-06,-0.005637594253799057,0.0
2019-05-07,-0.02007264563142698,0.0
2019-05-08,-0.0007035307182747133,0.0
2019-05-09,0.00023232981940542294,0.0
2019-05-10,0.00027521565360846226,0.0
2019-05-13,-0.029304750637990058,0.0
2019-05-14,0.010774592452441925,0.0
2019-05-15,0.005064060916828419,0.0
2019-05-16,0.003548535140664209,0.0
2019-05-17,-0.00787571837116348,0.0
2019-05-20,-0.007083631371922624,0.0
2019-05-21,0.00825937423398309,0.0
2019-05-22,-0.004491544719542498,0.0
2019-05-23,-0.013491900730081753,0.0
2019-05-24,-0.0008122480773529134,0.0
2019-05-28,-0.012251637095119398,0.0
2019-05-29,-0.005967797504687966,0.0
2019-05-30,0.002353472907550471,0.0
2019-05-31,-0.013277757262314883,0.0
2019-06-03,0.0062385931189026245,0.7619812524955146
2019-06-04,0.008429756762804622,0.0
2019-06-05,-0.0009458078025455326,0.0
2019-06-06,0.001274023378748445,0.0
2019-06-07,0.00807006400969593,0.0
2019-06-10,0.00914803960981259,0.0
2019-06-11,-0.00034182311534521065,0.0
2019-06-12,-0.00569018439101522,0.0
2019-06-13,0.008803829647478091,0.0
2019-06-14,-0.005680597376127693,0.0
2019-06-17,0.00011932594607089938,0.0
2019-06-18,0.015207599310276895,0.0
2019-06-19,0.0027044791633454813,0.0
2019-06-20,0.008509035452335015,0.0
2019-06-21,-0.0009960189641960474,0.0
2019-06-24,-0.006344882538600538,0.0
2019-06-25,-0.008120364427525457,0.0
2019-06-26,0.006356481746175315,0.0
2019-06-27,0.00706595363270525,0.0
2019-06-28,0.009476501690348273,0.0
2019-07-01,0.008405712110209018,0.6480338128459465
2019-07-02,-0.0011767548795382143,0.0
2019-07-03,0.007332306762258942,0.0
2019-07-05,-0.0016653513735144943,0.0
2019-07-08,-0.007156530978804387,0.0
2019-07-09,-0.0017038285616313114,0.0
2019-07-10,-0.0020016859979196783,0.0
2019-07-11,-0.00015635631672713244,0.0
2019-07-12,0.011268433062420412,0.0
2019-07-15,0.0031631586547321592,0.0
2019-07-16,-0.0008052411361485204,0.0
2019-07-17,-0.011364576417519607,0.0
2019-07-18,0.003056056838224962,0.0
2019-07-19,-0.003519600255057373,0.0
2019-07-22,-0.0005516289037973425,0.0
2019-07-23,0.01594667670047515,0.0
2019-07-24,0.010932743774148837,0.0
2019-07-25,-0.007308053707847547,0.0
2019-07-26,0.009235757750425474,0.0
2019-07-29,0.0012994591169869663,0.0
2019-07-30,-0.0029093365480393416,0.0
2019-07-31,-0.0107823800147996,0.0
2019-08-01,-0.01487894190855854,0.6118089309883943
2019-08-02,-0.009330621882622273,0.0
2019-08-05,-0.030390203965625157,0.0
2019-08-06,0.004647051566699453,0.0
2019-08-07,0.001270547151112409,0.0
2019-08-08,0.01777107544766548,0.0
2019-08-09,-0.01007379702519466,0.0
2019-08-12,-0.03161849744255385,0.0
2019-08-13,0.0153961102883284,0.0
2019-08-14,-0.03532851030097153,0.0
2019-08-15,-0.0047839271342556625,0.0
2019-08-16,0.017193370373480028,0.0
2019-08-19,0.01613957663332319,0.0
2019-08-20,-0.008839735983010105,0.0
2019-08-21,0.015777444980483155,0.0
2019-08-22,-0.0015111846664378772,0.0
2019-08-23,-0.032853370627318274,0.0
2019-08-26,0.007816815396751872,0.0
2019-08-27,-0.009214911517353668,0.0
2019-08-28,0.01274228082073205,0.0
2019-08-29,0.017445773928107373,0.0
2019-08-30,0.00384971618819422,0.0
2019-09-03,-0.012639241648250477,0.7146634647246586
2019-09-04,0.015531369762241799,0.0
2019-09-05,0.02074610419467591,0.0
2019-09-06,0.005111302945387287,0.0
2019-09-09,0.012286829259316255,0.0
2019-09-10,0.01649050639695116,0.0
2019-09-11,0.009566211780473038,0.0
2019-09-12,-0.00265056476953777,0.0
2019-09-13,0.0023301260377814868,0.0
2019-09-16,-0.0050701871779765826,0.0
2019-09-17,-0.0067137031091327425,0.0
2019-09-18,-0.0019294200838222454,0.0
2019-09-19,-0.0059634989640768715,0.0
2019-09-20,-0.005382102001499609,0.0
2019-09-23,0.0005640827944914776,0.0
2019-09-24,-0.01054247993287791,0.0
2019-09-25,0.009023281319046308,0.0
2019-09-26,-0.0034770239677156378,0.0
2019-09-27,-0.0016802993447618212,0.0
2019-09-30,0.006644581291504336,0.0
2019-10-01,-0.016872246205699715,0.6415435757218737
2019-10-02,-0.02019012013753171,0.0
2019-10-03,0.009072662647687186,0.0
2019-10-04,0.011138191163930167,0.0
2019-10-07,-0.004341141090072757,0.0
2019-10-08,-0.019273948545589194,0.0
2019-10-09,0.010265432605680483,0.0
2019-10-10,0.008955814115767366,0.0
2019-10-11,0.017769214416177813,0.0
2019-10-14,-0.003393311274709017,0.0
2019-10-15,0.010119060760320535,0.0
2019-10-16,0.0011008731815155585,0.0
2019-10-17,0.003583611647449874,0.0
2019-10-18,-0.0024268848866614524,0.0
2019-10-21,0.006205193887437743,0.0
2019-10-22,0.001080938916525736,0.0
2019-10-23,0.0013035073520558885,0.0
2019-10-24,-0.004819905990843005,0.0
2019-10-25,0.006074663719023436,0.0
2019-10-28,0.004022521533683301,0.0
2019-10-29,0.002542302306943337,0.0
2019-10-30,-0.0016061450751382411,0.0
2019-10-31,-0.006386125090429299,0.0
2019-11-01,0.017847343679081806,0.5497584798212756
2019-11-04,0.011311438821593417,0.0
2019-11-05,-0.00028174215976330044,0.0
2019-11-06,-0.00545771696918959,0.0
2019-11-07,0.0066546613429370165,0.0
2019-11-08,0.00197032010159756,0.0
2019-11-11,-0.002952730557249376,0.0
2019-11-12,-0.001775590406105081,0.0
2019-11-13,-0.004402681471675391,0.0
2019-11-14,0.0015736360890819178,0.0
2019-11-15,0.009483691526687002,0.0
2019-11-18,-0.002037566317585347,0.0
2019-11-19,-0.007780736035716787,0.0
2019-11-20,-0.0020358619841926158,0.0
2019-11-21,0.0007568041828429484,0.0
2019-11-22,-0.013766610382986409,0.0
2019-11-25,0.008267799720619666,0.0
2019-11-26,-0.001956556834677733,0.0
2019-11-27,0.00206508072231661,0.0
2019-11-29,-0.006351805941525922,0.0
2019-12-02,-0.007065076738516307,0.7944472091664598
2019-12-03,-0.012030458875791912,0.0
2019-12-04,0.005559091255704198,0.0
2019-12-05,0.004833456706047026,0.0
2019-12-06,0.008969299178666502,0.0
2019-12-09,-0.0009464751706176008,0.0
2019-12-10,-0.0010230023073398663,0.0
2019-12-11,0.0025930638754956704,0.0
2019-12-12,0.016071022236609007,0.0
2019-12-13,-0.006152746036252566,0.0
2019-12-16,0.0014669644957350134,0.0
2019-12-17,0.002148266312426169,0.0
2019-12-18,0.0011511792719615121,0.0
2019-12-19,0.002392334610915539,0.0
2019-12-20,0.007781316614712109,0.0
2019-12-23,0.002057075333083763,0.0
2020-01-29,-0.00284683624718296,0.5784934817412968
2020-01-30,-0.0002454299974351714,0.0
2020-01-31,-0.020445975249433628,0.0
2020-02-03,0.008633232200569552,0.8084094469582244
2020-02-04,0.01145804592359164,0.0
2020-02-05,0.01733953707423751,0.0
2020-02-06,-0.007743434891079106,0.0
2020-02-07,-0.006378929360042857,0.0
2020-02-10,0.004168316568701211,0.0
2020-02-11,0.006760212257970233,0.0
2020-02-12,0.00701996525432171,0.0
2020-02-13,-0.0014817617283757322,0.0
2020-02-14,-0.0003374464932379982,0.0
2020-02-18,-0.0037507539385349736,0.0
2020-02-19,0.002817016748041917,0.0
2020-02-20,-7.265135430895996e-05,0.0
2020-02-21,-0.0047593261701269355,0.0
2020-02-24,-0.028160744825478083,0.0
2020-02-25,-0.0331234760660587,0.0
2020-02-26,-0.009518740473696424,0.0
2020-02-27,-0.03636875190385095,0.0
2020-02-28,-0.012889450385225376,0.0
2020-03-02,0.037261590761383134,0.9421090405204301
2020-03-03,-0.029245051916651332,0.0
2020-03-04,0.034959693718083905,0.0
2020-03-05,-0.03900809849279443,0.0
2020-03-06,-0.012044860906085584,0.0
2020-03-09,-0.0749297654277189,0.0
2020-03-10,0.04434719312307217,0.0
2020-03-11,-0.050888028129597945,0.0
2020-03-12,-0.10172179895123595,0.0
2020-03-13,0.0813288914070178,0.0
2020-03-16,-0.10788109150248792,0.0
2020-03-17,0.06720498816454598,0.0
2020-03-18,-0.0651762064965435,0.0
2020-03-19,0.001779637580510601,0.0
2020-03-20,-0.04937641700869745,0.0
2020-03-23,-0.032031582219041545,0.0
2020-03-24,0.08715974551459355,0.0
2020-03-25,0.015097998948769847,0.0
2020-03-26,0.05721787672362666,0.0
2020-03-27,-0.03310207646372537,0.0
2020-03-30,0.025365115029517424,0.0
2020-03-31,-0.01192094621196432,0.0
2020-04-01,-0.04653266292686109,1.233324588774711
2020-04-02,0.004393944847815931,0.0
2020-04-03,-0.017081041846248153,0.0
2020-04-06,0.0667550822534687,0.0
2020-04-07,0.027251765867686704,0.0
2020-04-08,0.05396964163830101,0.0
2020-04-09,0.03622542946360207,0.0
2020-04-13,-0.0345000522182104,0.0
2020-04-14,0.025103185838291027,0.0
2020-04-15,-0.037013354298888385,0.0
2020-04-16,-0.011957260331763192,0.0
2020-04-17,0.044709835161314014,0.0
2020-04-20,-0.02797605678216931,0.0
2020-04-21,-0.027572555011601232,0.0
2020-04-22,0.010095952864317515,0.0
2020-04-23,0.002737460276810747,0.0
2020-04-24,0.015154833295823584,0.0
2020-04-27,0.03475245888839007,0.0
2020-04-28,0.023406111887256456,0.0
2020-04-29,0.04199454519502092,0.0
2020-04-30,-0.031682205095281475,0.0
2020-05-01,-0.04137766186231251,1.2021926783727683
2020-05-04,0.0024308676270564837,0.0
2020-05-05,0.01039861942014409,0.0
2020-05-06,-0.013870484339950456,0.0
2020-05-07,0.010013467779940659,0.0
2020-05-08,0.017015281748121582,0.0
2020-05-11,-0.0014425091238868242,0.0
2020-05-12,-0.018958676688368273,0.0
2020-05-13,-0.011199200711020258,0.0
2020-05-14,0.008311003189335987,0.0
2020-05-15,0.0019620812534052613,0.0
2020-05-18,0.030931127527061918,0.0
2020-05-19,-0.014327667961795139,0.0
2020-05-20,0.010980266637246145,0.0
2020-05-21,-0.007845650126410622,0.0
2020-05-22,0.006779639885035781,0.0
2020-05-26,0.014287940466824078,0.0
2020-05-27,0.01759573453436821,0.0
2020-05-28,0.008573106073068864,0.0
2020-05-29,0.007278185903935824,0.0
2020-06-01,0.0015108793028872913,0.8463139887150429
2020-06-02,0.007507694317801683,0.0
2020-06-03,0.028584011806778685,0.0
2020-06-04,-0.0010612451993097308,0.0
2020-06-05,0.03587577777972269,0.0
2020-06-08,0.02039737647100658,0.0
2020-06-09,-0.020452673453809807,0.0
2020-06-10,-0.02053982215723652,0.0
2020-06-11,-0.06706036494209816,0.0
2020-06-12,0.017481965134533012,0.0
2020-06-15,0.009257351079425342,0.0
2020-06-16,0.018340091117701886,0.0
2020-06-17,-0.011278965799066634,0.0
2020-06-18,-0.0016231533380975625,0.0
2020-06-19,-0.013562675287072239,0.0
2020-06-22,0.0012084065358820622,0.0
2020-06-23,-0.0012321899020926173,0.0
2020-06-24,-0.033994933101586286,0.0
2020-06-25,0.006967040389833888,0.0
2020-06-26,-0.017165383970647846,0.0
2020-06-29,0.022248355275863593,0.0
2020-06-30,0.012168651320521223,0.0
2020-07-01,-0.0032917766280673444,0.6712111606178282
2020-07-02,0.004146957306701102,0.0
2020-07-06,0.003130069453929381,0.0
2020-07-07,-0.014707910113233101,0.0
2020-07-08,0.004501678231414886,0.0
2020-07-09,-0.018448441315469903,0.0
2020-07-10,0.018386300018775975,0.0
2020-07-13,-0.0019258859143281995,0.0
2020-07-14,0.012468332513633672,0.0
2020-07-15,0.026308038407313515,0.0
2020-07-16,-0.002383649431330983,0.0
2020-07-17,0.005614423221153809,0.0
2020-07-20,-0.006941799295675196,0.0
2020-07-21,0.009423069090930491,0.0
2020-07-22,0.013839859171968085,0.0
2020-07-23,-0.0008981079537788785,0.0
2020-07-24,-0.002661897523086314,0.0
2020-07-27,0.0020015261545338896,0.0
2020-07-28,-0.004429767931760015,0.0
2020-07-29,0.016349907286079903,0.0
2020-07-30,-0.007948568813381914,0.0
2020-07-31,-0.0030900551672788535,0.0
2020-08-03,-0.003820857852971704,1.5452133498190666
2020-08-04,0.008258799328360683,0.0
2020-08-05,0.011190901037304414,0.0
2020-08-06,-0.0036353232626470185,0.0
2020-08-07,0.019593526474896823,0.0
2020-08-10,0.021457258588849455,0.0
2020-08-11,0.005525856669192036,0.0
2020-08-12,0.001354460024252165,0.0
2020-08-13,-0.009004099348337014,0.0
2020-08-14,0.004165402003869783,0.0
2020-08-17,-0.004577731173578047,0.0
2020-08-18,-0.01031836653866075,0.0
2020-08-19,-0.0032912778590998355,0.0
2020-08-20,-0.008251765205346128,0.0
2020-08-21,-0.0020549566116282855,0.0
2020-08-24,0.028255341629453045,0.0
2020-08-25,-0.003795288328061851,0.0
2020-08-26,-0.006227539114064477,0.0
2020-08-27,0.006933954980172441,0.0
2020-08-28,0.012947469798494754,0.0
2020-08-31,-0.01625711582128629,0.0
2020-09-01,0.00476681357530051,1.0402188169798632
2020-09-02,0.0189179734595643,0.0
2020-09-03,-0.020828981502250522,0.0
2020-09-04,0.0004733021944134876,0.0
2020-09-08,-0.022654034903950987,0.0
2020-09-09,0.013710118360417228,0.0
2020-09-10,-0.01437592364097881,0.0
2020-09-11,0.008268159911281353,0.0
2020-09-14,0.013965590705574982,0.0
2020-09-15,-0.00030330531122933313,0.0
2020-09-16,0.009307179387107924,0.0
2020-09-17,-0.0001115468240644301,0.0
2020-09-18,-0.01039965522220355,0.0
2020-09-21,-0.028136649566849734,0.0
2020-09-22,0.0031402335370250816,0.0
2020-09-23,-0.023262747842671922,0.0
2020-09-24,0.0011526860461835817,0.0
2020-09-25,0.01047577730108953,0.0
2020-09-28,0.01867570997021046,0.0
2020-09-29,-0.006606518224820496,0.0
2020-09-30,0.009045601293244573,0.0
2020-10-01,-0.0014301736365157636,1.1827225500958365
2020-10-02,0.003950199356602867,0.0
2020-10-05,0.01630681243329298,0.0
2020-10-06,-0.008142516725920349,0.0
2020-10-07,0.01411978632976262,0.0
2020-10-08,0.013526039652456225,0.0
2020-10-09,0.003082208248709413,0.0
2020-10-12,0.0034568106655746412,0.0
2020-10-13,-0.00985927543093143,0.0
2020-10-14,-0.0008264934490022834,0.0
2020-10-15,0.0011742371503126836,0.0
2020-10-16,-0.0020138085326407065,0.0
2020-10-19,-0.015057455128688607,0.0
2020-10-20,0.006334901584857331,0.0
2020-10-21,-0.003205777430989873,0.0
2020-10-22,0.0075946092420157325,0.0
2020-10-23,0.0030449614581133763,0.0
2020-10-26,-0.02165735303278564,0.0
2020-10-27,-0.013640217600247828,0.0
2020-10-28,-0.0337080163880909,0.0
2020-10-29,0.004613910851607166,0.0
2020-10-30,-0.0006040214204389592,0.0
2020-11-02,0.02015300108372342,0.8912521209954385
2020-11-03,0.014885070055254872,0.0
2020-11-04,-0.0012138380945222152,0.0
2020-11-05,0.019880976952882153,0.0
2020-11-06,0.0035765910644024066,0.0
2020-11-09,0.02748451399684119,0.0
2020-11-10,0.008297899316147049,0.0
2020-11-11,0.0008915976445003787,0.0
2020-11-12,-0.015866685808387918,0.0
2020-11-13,0.021729398919982285,0.0
2020-11-16,0.01635671984589642,0.0
2020-11-17,-0.003930655891868143,0.0
2020-11-18,-0.008007285131355773,0.0
2020-11-19,0.0010326150985008045,0.0
2020-11-20,-0.004314027771140453,0.0
2020-11-23,0.011481136843214435,0.0
2020-11-24,0.02339909997751418,0.0
2020-11-25,-0.0042778666148906835,0.0
2020-11-27,0.0002618810932970853,0.0
2020-11-30,-0.0046212812379716325,0.0
2020-12-01,0.00740954459014076,1.0852450504660314
2020-12-02,0.0012163991967321635,0.0
2020-12-03,0.00158392304814063,0.0
2020-12-04,0.014808665539722269,0.0
2020-12-07,-0.003778615683355921,0.0
2020-12-08,0.0011085549737320725,0.0
2020-12-09,-0.0010447989048874358,0.0
2020-12-10,-0.0039599196155119705,0.0
2020-12-11,-0.004748339729643718,0.0
2020-12-14,-0.010568679696072652,0.0
2020-12-15,0.01453026337148847,0.0
2020-12-16,-0.002803986307114613,0.0
2020-12-17,0.007303110089497593,0.0
2020-12-18,-0.002627227457916445,0.0
2020-12-21,-0.006606035762302531,0.0
2021-01-08,0.003157678660530072,0.7655741217659677
2021-01-11,-0.005113443738046593,0.0
2021-01-12,0.006047508699536153,0.0
2021-01-13,-0.00028302185745373654,0.0
2021-01-14,0.0005235036722397357,0.0
2021-01-15,-0.005005464885614742,0.0
2021-01-19,0.005060038622815705,0.0
2021-01-20,0.0070026835279074166,0.0
2021-01-21,-0.010014495247733679,0.0
2021-01-22,-0.0024394637915689747,0.0
2021-01-25,0.0009831138706027241,0.0
2021-01-26,-0.0023674794193646862,0.0
2021-01-27,-0.02176741681291999,0.0
2021-01-28,0.01013930124527521,0.0
2021-01-29,-0.019622909976914658,0.0
2021-02-01,0.010785495918893107,0.6636920709990826
2021-02-02,0.016991519492003594,0.0
2021-02-03,0.007159285239104564,0.0
2021-02-04,0.01798677301589035,0.0
2021-02-05,0.00415719744060364,0.0
2021-02-08,0.009222815211716789,0.0
2021-02-09,-0.0020701455790470844,0.0
2021-02-10,0.004270060392014748,0.0
2021-02-11,0.00020981445742731175,0.0
2021-02-12,0.0037991033616754048,0.0
2021-02-16,0.007332973022291436,0.0
2021-02-17,-0.0030267950984873343,0.0
2021-02-18,-0.00540875384314681,0.0
2021-02-19,0.013915532629783012,0.0
2021-02-22,0.017550692137520068,0.0
2021-02-23,0.010866346146432426,0.0
2021-02-24,0.018337362444655905,0.0
2021-02-25,-0.02319719305042721,0.0
2021-02-26,-0.008333601617198089,0.0
2021-03-01,0.017608552873723093,0.5658656834174709
2021-03-02,-0.004651882015820766,0.0
2021-03-03,-0.001690383328144158,0.0
2021-03-04,-0.015537284256802834,0.0
2021-03-05,0.024290944695174926,0.0
2021-03-08,0.01436025528969923,0.0
2021-03-09,-0.008337945761473517,0.0
2021-03-10,0.01246890028422936,0.0
2021-03-11,0.0023244424323765637,0.0
2021-03-12,0.0077510011385655865,0.0
2021-03-15,0.007831750851241496,0.0
2021-03-16,-0.012066728254993418,0.0
2021-03-17,0.005701014375896329,0.0
2021-03-18,-0.010376335811327374,0.0
2021-03-19,-0.006324099152964542,0.0
2021-03-22,-0.0031892385574057032,0.0
2021-03-23,-0.02042690740631307,0.0
2021-03-24,0.002842059856997237,0.0
2021-03-25,0.017367360343720252,0.0
2021-03-26,0.018661488075149314,0.0
2021-03-29,-0.007876651027242072,0.0
2021-03-30,0.003730382532825153,0.0
2021-03-31,-0.004941844317075252,0.0
2021-04-01,0.009766473714882151,1.1244653063685646
2021-04-05,0.010895662216915717,0.0
2021-04-06,0.002177302755275298,0.0
2021-04-07,-0.0015577696719714768,0.0
2021-04-08,0.001129388632771342,0.0
2021-04-09,0.007376977854938944,0.0
2021-04-12,0.0025634671729016147,0.0
2021-04-13,-0.002324609386404183,0.0
2021-04-14,-0.001451877530980025,0.0
2021-04-15,0.00865350162120674,0.0
2021-04-16,0.005094064992946316,0.0
2021-04-19,-0.0010673517128161865,0.0
2021-04-20,-0.0007708981078952573,0.0
2021-04-21,0.010536945378485232,0.0
2021-04-22,-0.005658016727397826,0.0
2021-04-23,0.008721278790914642,0.0
2021-04-26,-0.0005957560110285789,0.0
2021-04-27,0.0011346300996152772,0.0
2021-04-28,0.000174857314824854,0.0
2021-04-29,0.009864518821096863,0.0
2021-04-30,-0.004618292396236198,0.0
2021-05-03,0.0035399669226992003,0.872697164879114
2021-05-04,0.0035249616362259518,0.0
2021-05-05,-0.005240477042860506,0.0
2021-05-06,0.007835805118695936,0.0
2021-05-07,0.004369555075728329,0.0
2021-05-10,0.006427086654011614,0.0
2021-05-11,-0.013327834020951328,0.0
2021-05-12,-0.017575733982647675,0.0
2021-05-13,0.015233581584413985,0.0
2021-05-14,0.006335711614390904,0.0
2021-05-17,-0.0010629124871447278,0.0
2021-05-18,-0.004683832138818744,0.0
2021-05-19,-0.005471511692875029,0.0
2021-05-20,0.00830912555156448,0.0
2021-05-21,0.0017764101750862176,0.0
2021-05-24,0.0027518428704826643,0.0
2021-05-25,-0.006471971776953413,0.0
2021-05-26,0.00019444755340014035,0.0
2021-05-27,-0.0004932380759104127,0.0
2021-05-28,0.0030465460162353926,0.0
2021-06-01,-0.0009925878601270144,0.6861843071272109
2021-06-02,0.006228744229063825,0.0
2021-06-03,0.0006799307234468029,0.0
2021-06-04,0.004596428434568884,0.0
2021-06-07,-0.0015340147539971525,0.0
2021-06-08,-0.0004468516146581567,0.0
2021-06-09,0.0013166166452587412,0.0
2021-06-10,0.006996080297484017,0.0
2021-06-11,0.0019288364140051014,0.0
2021-06-14,0.0011847103645526579,0.0
2021-06-15,-0.001806308677248058,0.0
2021-06-16,-0.009128876422645083,0.0
2021-06-17,-0.0010249483049977193,0.0
2021-06-18,-0.018420498742462807,0.0
2021-06-21,0.017692409331209087,0.0
2021-06-22,-0.0008823169303866947,0.0
2021-06-23,-0.004795320603230743,0.0
2021-06-24,0.0024055045635018556,0.0
2021-06-25,0.006214588480822876,0.0
2021-06-28,-0.002461385795151055,0.0
2021-06-29,-0.0038632974735407347,0.0
2021-06-30,-0.0012492888264481815,0.0
2021-07-01,0.00652736555260458,0.6105698065415599
2021-07-02,0.0051983552897120755,0.0
2021-07-06,-0.00269797158801152,0.0
2021-07-07,0.006540355198747944,0.0
2021-07-08,-0.006309208868663824,0.0
2021-07-09,0.00859946030256045,0.0
2021-07-12,0.0003812058416184081,0.0
2021-07-13,-0.00602795656008368,0.0
2021-07-14,0.003112172882049845,0.0
2021-07-15,-0.00018799301945877743,0.0
2021-07-16,-0.0002767402981039787,0.0
2021-07-19,-0.014867389621743684,0.0
2021-07-20,0.012794202543171769,0.0
2021-07-21,0.0033709932671100286,0.0
2021-07-22,-0.001499212122614859,0.0
2021-07-23,0.010296289162266522,0.0
2021-07-26,-0.00025707232100656845,0.0
2021-07-27,0.0034526246530422536,0.0
2021-07-28,-0.0033675421164659275,0.0
2021-07-29,0.0014653720457418647,0.0
2021-07-30,-0.0023897616889690504,0.0
2021-08-02,-0.0037472095145568707,0.6510783882262904
2021-08-03,0.0038510618612858007,0.0
2021-08-04,-0.009428640199421202,0.0
2021-08-05,0.003058129005935222,0.0
2021-08-06,0.002860698512264983,0.0
2021-08-09,-0.0011730145216416834,0.0
2021-08-10,-0.0011468544554397338,0.0
2021-08-11,0.005371241445426122,0.0
2021-08-12,0.0009195429238655692,0.0
2021-08-13,0.004032070098518251,0.0
2021-08-16,0.0059196980647309005,0.0
2021-08-17,-0.00014040628673344952,0.0
2021-08-18,-0.012626150383871293,0.0
2021-08-19,0.0033488186854993603,0.0
2021-08-20,0.004149326698442128,0.0
2021-08-23,0.0005564691897040651,0.0
2021-08-24,-0.0029444112160378058,0.0
2021-08-25,0.0013928141050225929,0.0
2021-08-26,-0.004020956083108545,0.0
2021-08-27,0.004838145019806238,0.0
2021-08-30,0.003405812278956983,0.0
2021-08-31,0.00043103921714563993,0.0
2021-09-01,0.0016437152621817663,0.5501920999188689
2021-09-02,0.004222444175002518,0.0
2021-09-03,-0.0029874107168124547,0.0
2021-09-07,-0.010554582457518974,0.0
2021-09-08,0.008562522144202545,0.0
2021-09-09,-0.009010278367842916,0.0
2021-09-10,-0.0079666083264987,0.0
2021-09-13,-0.00017545376161455148,0.0
2021-09-14,-0.0050902764215887625,0.0
2021-09-15,0.003603320660894003,0.0
2021-09-16,-0.0010243593004816878,0.0
2021-09-17,-0.010557540943278043,0.0
2021-09-20,-0.00817196018741491,0.0
2021-09-21,-0.002810049613303905,0.0
2021-09-22,0.006481469568487729,0.0
2021-09-23,0.004938164089761795,0.0
2021-09-24,0.000537211719590143,0.0
2021-09-27,-0.007680305539099765,0.0
2021-09-28,-0.013019664407983696,0.0
2021-09-29,0.00650974025059799,0.0
2021-09-30,-0.016361965393872954,0.0
2021-10-01,0.008868369617873517,0.5446954175311671
2021-10-04,-0.005954873233497528,0.0
2021-10-05,0.0034911273405531856,0.0
2021-10-06,0.008024082740879016,0.0
2021-10-07,0.005338815779038936,0.0
2021-10-08,-0.002638828229707465,0.0
2021-10-11,-0.006413311709714499,0.0
2021-10-12,0.00031614985577590256,0.0
2021-10-13,0.00448829966528954,0.0
2021-10-14,0.015036271843074524,0.0
2021-10-15,0.004348576661625644,0.0
2021-10-18,-0.0037118955230636746,0.0
2021-10-19,0.006338426134477444,0.0
2021-10-20,0.007682239507220249,0.0
2021-10-21,0.0023231123482343164,0.0
2021-10-22,0.002508392721052015,0.0
2021-10-25,-0.0017037300511441498,0.0
2021-10-26,0.0029430869687623287,0.0
2021-10-27,-0.008832262949232263,0.0
2021-10-28,0.007680317377958599,0.0
2021-10-29,0.00035910853657644134,0.0
2021-11-01,-0.00031731783658806023,0.5533654529923803
2021-11-02,0.004739549205248455,0.0
2021-11-03,0.0057145049180315315,0.0
2021-11-04,-0.0008977002961942746,0.0
2021-11-05,0.003303290138297225,0.0
2021-11-08,-0.0001609853625108341,0.0
2021-11-09,0.0016100264608599278,0.0
2021-11-10,0.0005407691688113122,0.0
2021-11-11,-0.004044129167479654,0.0
2021-11-12,0.006894627678568778,0.0
2021-11-15,0.006302665723279182,0.0
2021-11-16,0.00327485979828769,0.0
2021-11-17,-0.001832357754001902,0.0
2021-11-18,-0.003351650439172326,0.0
2021-11-19,0.0019037644330665415,0.0
2021-11-22,-0.003124873812109941,0.0
2021-11-23,0.003680320707346496,0.0
2021-11-24,0.000977363711001733,0.0
2021-11-26,-0.019159394858449842,0.0
2021-11-29,0.007913242847631053,0.0
2021-11-30,-0.023931819911941397,0.0
2021-12-01,-0.008168439767848867,0.6551266713314751
2021-12-02,0.01476797024450712,0.0
2021-12-03,0.004910317739461379,0.0
2021-12-06,0.014011451331981666,0.0
2021-12-07,0.008835326094617502,0.0
2021-12-08,0.004981041263439128,0.0
2021-12-09,0.0004528581096584055,0.0
2021-12-10,0.009253384445527922,0.0
2021-12-13,0.0038343860362181686,0.0
2021-12-14,-0.004109509092862366,0.0
2021-12-15,0.01300387527546642,0.0
2021-12-16,0.0038648027535859207,0.0
2021-12-17,-0.012433287049790713,0.0
2021-12-20,-0.006392899298475321,0.0
2022-01-11,0.0011506062169199804,0.6488686371795032
2022-01-12,0.0012785923362680525,0.0
2022-01-13,-0.002026532769647455,0.0
2022-01-14,-0.00505402390792078,0.0
2022-01-18,-0.0133165391541166,0.0
2022-01-19,-0.004949104938071405,0.0
2022-01-20,-0.008487359564015078,0.0
2022-01-21,-0.009532022969134331,0.0
2022-01-24,0.0012613401510722499,0.0
2022-01-25,-0.01069394119136745,0.0
2022-01-26,-0.008317872893369646,0.0
2022-01-27,-0.005256282593551221,0.0
2022-01-28,0.018489295280019802,0.0
2022-01-31,0.01377438517661733,0.0
2022-02-01,0.003729513465239087,0.887913141719137
2022-02-02,0.001140254753725592,0.0
2022-02-03,-0.018067821283353817,0.0
2022-02-04,-0.004705235526275362,0.0
2022-02-07,0.002626240714653891,0.0
2022-02-08,0.01232865782893484,0.0
2022-02-09,0.01896255371194848,0.0
2022-02-10,-0.017570618044935433,0.0
2022-02-11,-0.020285191720339837,0.0
2022-02-14,-0.004646434948531701,0.0
2022-02-15,0.023462534627903403,0.0
2022-02-16,0.002504114210813987,0.0
2022-02-17,-0.01816922290916664,0.0
2022-02-18,-0.005053839017939408,0.0
2022-02-22,-0.01116727592576678,0.0
2022-02-23,-0.018236365540586788,0.0
2022-02-24,0.009393617315349136,0.0
2022-02-25,0.026101945902710436,0.0
2022-02-28,-0.012642891078387829,0.0
2022-03-01,-0.024482257844641975,0.6575715908792988
2022-03-02,0.019779717201468663,0.0
2022-03-03,-0.006414382223087888,0.0
2022-03-04,-0.0149592844088072,0.0
2022-03-07,-0.03955929075432264,0.0
2022-03-08,-0.0012142380937363664,0.0
2022-03-09,0.026162762735378514,0.0
2022-03-10,-0.005815528857109207,0.0
2022-03-11,-0.010030535876338535,0.0
2022-03-14,-0.0050117687611106855,0.0
2022-03-15,0.02254999433694763,0.0
2022-03-16,0.02698055567352832,0.0
2022-03-17,0.011073498397053322,0.0
2022-03-18,0.009563610480308044,0.0
2022-03-21,-0.007710572499252159,0.0
2022-03-22,0.01004047913032266,0.0
2022-03-23,-0.015929744754840942,0.0
2022-03-24,0.013799945290158216,0.0
2022-03-25,0.005451563778871138,0.0
2022-03-28,0.005208714494422362,0.0
2022-03-29,0.020217784978998912,0.0
2022-03-30,-0.009363740222838812,0.0
2022-03-31,-0.010474742561246269,0.0
2022-04-01,0.003327275387763562,0.754091542382275
2022-04-04,0.004056554995653591,0.0
2022-04-05,-0.017015552116015558,0.0
2022-04-06,-0.015087580329990746,0.0
2022-04-07,-0.006209648027885015,0.0
2022-04-08,-0.0006383848031496476,0.0
2022-04-11,-0.0018211007894779864,0.0
2022-04-12,-0.0026699969398468366,0.0
2022-04-13,0.01575486827842091,0.0
2022-04-14,-0.005441365626187952,0.0
2022-04-18,0.0014760494612886374,0.0
2022-04-19,0.024928386491537776,0.0
2022-04-20,0.002892500181640125,0.0
2022-04-21,-0.006595510477281633,0.0
2022-04-22,-0.026303505545373515,0.0
2022-04-25,0.0061267169818390805,0.0
2022-04-26,-0.03145155669675789,0.0
2022-04-27,0.006530716514872188,0.0
2022-04-28,0.025883180069216086,0.0
2022-04-29,-0.028810119308760297,0.0
2022-05-02,0.006174925083898719,0.47600470298846614
2022-05-03,0.014735348250191592,0.0
2022-05-04,0.027183153864817157,0.0
2022-05-05,-0.03596096873349044,0.0
2022-05-06,-0.013462590933820599,0.0
2022-05-09,-0.023915636808804912,0.0
2022-05-10,-0.003942651060832764,0.0
2022-05-11,-0.023343946999796687,0.0
2022-05-12,0.009473661840021613,0.0
2022-05-13,0.026799056407954068,0.0
2022-05-16,-0.007037518342020448,0.0
2022-05-17,0.03316477264719089,0.0
2022-05-18,-0.04300163384867724,0.0
2022-05-19,-0.006338605761613261,0.0
2022-05-20,-0.0011662448695523037,0.0
2022-05-23,0.010820181692591625,0.0
2022-05-24,-0.014624512874551833,0.0
2022-05-25,0.01764525596973592,0.0
2022-05-26,0.029599965021673592,0.0
2022-05-27,0.0234230089698609,0.0
2022-05-31,-0.006038831501461025,0.0
2022-06-01,-0.014586945892443914,0.5429816617177137
2022-06-02,0.02095419414449471,0.0
2022-06-03,-0.015276514489968928,0.0
2022-06-06,0.005677302242251045,0.0
2022-06-07,0.007115684407535213,0.0
2022-06-08,-0.017405624010968852,0.0
2022-06-09,-0.023594450164298935,0.0
2022-06-10,-0.036251458360022734,0.0
2022-06-13,-0.049210711899211806,0.0
2022-06-14,-0.006348655778757921,0.0
2022-06-15,0.014383914502703349,0.0
2022-06-16,-0.04549406875955918,0.0
2022-06-17,0.012597600491265262,0.0
2022-06-21,0.013943399419007295,0.0
2022-06-22,-0.0018405920721614346,0.0
2022-06-23,0.008196015558820935,0.0
2022-06-24,0.04025328422572223,0.0
2022-06-27,-0.006567565254230279,0.0
2022-06-28,-0.018514391611865015,0.0
2022-06-29,-0.01026515518773708,0.0
2022-06-30,-0.013138504200634093,0.0
2022-07-01,0.015207297358505123,0.5111196367799278
2022-07-05,0.005046198225021752,0.0
2022-07-06,-0.009888265329167195,0.0
2022-07-07,0.022869539537978906,0.0
2022-07-08,-0.006060181071254224,0.0
2022-07-11,-0.019744867725073792,0.0
2022-07-12,0.010443508176248405,0.0
2022-07-13,-0.006067350492187181,0.0
2022-07-14,-0.006468704237743116,0.0
2022-07-15,0.024703808360808398,0.0
2022-07-18,0.002591426680799809,0.0
2022-07-19,0.04059165476035615,0.0
2022-07-20,0.014183394207607182,0.0
2022-07-21,0.00034216386807168694,0.0
2022-07-22,-0.009778237150955504,0.0
2022-07-25,-0.0017846311324474953,0.0
2022-07-26,-0.01500548777966466,0.0
2022-07-27,0.0259720723752268,0.0
2022-07-28,0.012350640690835923,0.0
2022-07-29,0.010177431480931415,0.0
2022-08-01,0.00011377347990770836,0.5743197977058192
2022-08-02,-0.00783986650109623,0.0
2022-08-03,0.017880529057261382,0.0
2022-08-04,-0.0060026716534013185,0.0
2022-08-05,4.460679706191257e-05,0.0
2022-08-08,0.008385970018536179,0.0
2022-08-09,-0.008832457952609719,0.0
2022-08-10,0.024364912755944438,0.0
2022-08-11,0.007965591309677689,0.0
2022-08-12,0.014201215156936056,0.0
2022-08-15,-0.00017164586419415276,0.0
2022-08-16,0.006964395623070448,0.0
2022-08-17,-0.015737587991057508,0.0
2022-08-18,0.003695987138143819,0.0
2022-08-19,-0.014807049386445163,0.0
2022-08-22,-0.026497734114419427,0.0
2022-08-23,0.000760330574856135,0.0
2022-08-24,0.004357969171736576,0.0
2022-08-25,0.01825794686807388,0.0
2022-08-26,-0.03530591026271597,0.0
2022-08-29,-0.006036656186618777,0.0
2022-08-30,-0.008799501474709346,0.0
2022-08-31,-0.009354382062270468,0.0
2022-09-01,0.0004261827247169503,0.782150910666684
2022-09-02,-0.004765077508537701,0.0
2022-09-06,-0.004931718463419729,0.0
2022-09-07,0.025608006962229164,0.0
2022-09-08,0.01296344474322517,0.0
2022-09-09,0.01860014821415267,0.0
2022-09-12,0.011324269088676365,0.0
2022-09-13,-0.04790284458370672,0.0
2022-09-14,-0.004298596952176657,0.0
2022-09-15,-0.0009370846906127353,0.0
2022-09-16,-0.011990114173485064,0.0
2022-09-19,0.00630878440695701,0.0
2022-09-20,-0.02088277610888476,0.0
2022-09-21,-0.022284559867094166,0.0
2022-09-22,-0.01968741754121172,0.0
2022-09-23,-0.01729868650535419,0.0
2022-09-26,-0.017364206141506102,0.0
2022-09-27,-0.000974075667570771,0.0
2022-09-28,0.033224571128879915,0.0
2022-09-29,-0.025369307318551117,0.0
2022-09-30,-0.020593278124219128,0.0
2022-10-03,0.028452441367561532,0.4964278711922444
2022-10-04,0.0455072377521444,0.0
2022-10-05,-0.007558220632817792,0.0
2022-10-06,-0.012244411047575,0.0
2022-10-07,-0.02794730670853763,0.0
2022-10-10,-0.013871177939982507,0.0
2022-10-11,-0.006750879868641776,0.0
2022-10-12,-0.0011390751000722689,0.0
2022-10-13,0.02562133540039819,0.0
2022-10-14,-0.018248540327374045,0.0
2022-10-17,0.024321022493665537,0.0
2022-10-18,0.01673555644241475,0.0
2022-10-19,-0.015235533518155377,0.0
2022-10-20,-0.004325293530628767,0.0
2022-10-21,0.021928247643995268,0.0
2022-10-24,0.011691613729066963,0.0
2022-10-25,0.02560298554403914,0.0
2022-10-26,-0.002296988061972005,0.0
2022-10-27,-0.004669178599252309,0.0
2022-10-28,0.020499190589081034,0.0
2022-10-31,-0.00942607797040213,0.0
2022-11-01,-0.002921253122873946,0.6611557252951339
2022-11-02,-0.04747389561983836,0.0
2022-11-03,-0.022985939198547682,0.0
2022-11-04,0.024503443856243964,0.0
2022-11-07,0.006894997132626937,0.0
2022-11-08,0.004582944123810729,0.0
2022-11-09,-0.020130816147194946,0.0
2022-11-10,0.07763299927865241,0.0
2022-11-11,0.03147486336002546,0.0
2022-11-14,-0.01988880965774557,0.0
2022-11-15,0.010320436754151018,0.0
2022-11-16,-0.022172691277982493,0.0
2022-11-17,-0.006970501671077601,0.0
2022-11-18,0.00481047863225868,0.0
2022-11-21,-0.004662399635757746,0.0
2022-11-22,0.010957851972994918,0.0
2022-11-23,0.006620372651743543,0.0
2022-11-25,0.003412293934004226,0.0
2022-11-28,-0.02039528126620253,0.0
2022-11-29,0.005790371714825434,0.0
2022-11-30,0.027495473238544673,0.0
2022-12-01,0.002898064744681017,0.4966124053927634
2022-12-02,-0.005283338771420507,0.0
2022-12-05,-0.02000029650222394,0.0
2022-12-06,-0.015269868569338164,0.0
2022-12-07,-0.0037306112112988833,0.0
2022-12-08,0.006704999559364094,0.0
2022-12-09,-0.001491242441115039,0.0
2022-12-12,0.014727306042522707,0.0
2022-12-13,0.009534856968142743,0.0
2022-12-14,-0.012816479063927117,0.0
2022-12-15,-0.027699269595534672,0.0
2022-12-16,-0.014007228936813557,0.0
2022-12-19,-0.014091583453602674,0.0
2022-12-20,0.000562820138790077,0.0
2022-12-21,0.01193429216212365,0.0
2022-12-22,-0.013257128060356359,0.0
2023-01-05,-0.028203985134779397,0.5226640661348748
2023-01-06,0.026138927466388528,0.0
2023-01-09,0.004502831611661207,0.0
2023-01-10,0.013686508370822205,0.0
2023-01-11,0.018236745210721016,0.0
2023-01-12,0.010548567983900692,0.0
2023-01-13,0.0020023358778786327,0.0
2023-01-17,-0.003298814904862305,0.0
2023-01-18,-0.012254988433355624,0.0
2023-01-19,-0.014172976923974926,0.0
2023-01-20,0.027426185949116135,0.0
2023-01-23,0.017447069676930466,0.0
2023-01-24,-0.005103620839751852,0.0
2023-01-25,0.003240375926437201,0.0
2023-01-26,0.01135233512472222,0.0
2023-01-27,0.0061229484426615225,0.0
2023-01-30,-0.016005626674671612,0.0
2023-01-31,0.024517827108018024,0.0
2023-02-01,0.01789047070119487,0.8750345077843453
2023-02-02,0.02983300094748167,0.0
2023-02-03,-0.01841988378941871,0.0
2023-02-06,-0.01189750487803317,0.0
2023-02-07,0.008123872608249497,0.0
2023-02-08,-0.01932019472213277,0.0
2023-02-09,-0.018421673593875545,0.0
2023-02-10,0.0029160066561127527,0.0
2023-02-13,0.009134158357344317,0.0
2023-02-14,-0.0029356244067988368,0.0
2023-02-15,0.007587467060357603,0.0
2023-02-16,-0.012088512290155248,0.0
2023-02-17,-0.0010207992408431785,0.0
2023-02-21,-0.027912764769729793,0.0
2023-02-22,0.0006186713895057034,0.0
2023-02-23,0.0011804984278226461,0.0
2023-02-24,-0.011681796990105443,0.0
2023-02-27,0.00202965280538673,0.0
2023-02-28,0.0005362255953207838,0.0
2023-03-01,-0.010207428696763832,0.8291095857361805
2023-03-02,0.0059064190955326005,0.0
2023-03-03,0.015199390833840557,0.0
2023-03-06,-0.007267703744193848,0.0
2023-03-07,-0.01923723888038622,0.0
2023-03-08,0.0034710442165768515,0.0
2023-03-09,-0.024133251861133263,0.0
2023-03-10,-0.02736177041077594,0.0
2023-03-13,-0.013016153373053539,0.0
2023-03-14,0.016415947857541344,0.0
2023-03-15,-0.010552422833254931,0.0
2023-03-16,-0.0020740906954080226,0.0
2023-03-17,-0.016705081333037004,0.0
2023-03-20,0.011541065914737544,0.0
2023-03-21,0.01620526127678147,0.0
2023-03-22,-0.027705844365723764,0.0
2023-03-23,0.0008271539651836971,0.0
2023-03-24,0.007382005083281034,0.0
2023-03-27,0.00414133097427681,0.0
2023-03-28,0.0005727247136014966,0.0
2023-03-29,0.020800890059092976,0.0
2023-03-30,0.006584491220451176,0.0
2023-03-31,0.019037149786640672,0.0
2023-04-03,-0.004935747120851652,0.74842922240165
2023-04-04,-0.012785963582082468,0.0
2023-04-05,-0.004115604428835101,0.0
2023-04-06,0.0022237639084014544,0.0
2023-04-10,0.009595593146172261,0.0
2023-04-11,0.012963643495301873,0.0
2023-04-12,-0.012261373960051596,0.0
2023-04-13,0.006778098143771474,0.0
2023-04-14,-0.004464560938624384,0.0
2023-04-17,0.014184912573405435,0.0
2023-04-18,-0.0021288140076881814,0.0
2023-04-19,0.001650529301576057,0.0
2023-04-20,-0.0149526874139506,0.0
2023-04-21,-0.0015143109916611536,0.0
2023-04-24,-0.00020857193352312526,0.0
2023-04-25,-0.019691425132569104,0.0
2023-04-26,-0.008578679462450469,0.0
2023-04-27,0.02200985753030407,0.0
2023-04-28,0.01891914430222891,0.0
2023-05-01,-0.007732647710521512,0.5994130748046348
2023-05-02,-0.018101018497240294,0.0
2023-05-03,-0.006035715178939515,0.0
2023-05-04,-0.00988087495885991,0.0
2023-05-05,0.02154308281799072,0.0
2023-05-08,0.0029034867628810338,0.0
2023-05-09,-0.00806025571912702,0.0
2023-05-10,-0.0013047133555356132,0.0
2023-05-11,-0.0049154977142455295,0.0
2023-05-12,-0.0011537107101223542,0.0
2023-05-15,0.015506417770515243,0.0
2023-05-16,-0.015879936605357102,0.0
2023-05-17,0.018395020830838056,0.0
2023-05-18,0.009529526285886637,0.0
2023-05-19,-0.008259201819994549,0.0
2023-05-22,0.008581636569298395,0.0
2023-05-23,-0.0058938192960662755,0.0
2023-05-24,-0.017140269073289742,0.0
2023-05-25,-0.0029805663748116214,0.0
2023-05-26,0.015940536152280728,0.0
2023-05-30,0.000568650979105096,0.0
2023-05-31,-0.014092487957367276,0.0
2023-06-01,0.008398248515366191,0.9734130445779671
2023-06-02,0.02781787031023761,0.0
2023-06-05,-0.003453668679666636,0.0
2023-06-06,0.010482387083305286,0.0
2023-06-07,0.0185487439485638,0.0
2023-06-08,-0.004965977375431024,0.0
2023-06-09,-0.0033440659949587146,0.0
2023-06-12,0.002884695114427515,0.0
2023-06-13,0.00993612279347045,0.0
2023-06-14,-0.0062969468514871094,0.0
2023-06-15,0.011777219016904893,0.0
2023-06-16,0.0016687975119980092,0.0
2023-06-20,-0.012904881052226444,0.0
2023-06-21,-0.0022030861341688886,0.0
2023-06-22,-0.008936909154621695,0.0
2023-06-23,-0.011685383158470874,0.0
2023-06-26,0.01396986600180034,0.0
2023-06-27,0.011019195100546898,0.0
2023-06-28,-0.0035615636889636147,0.0
2023-06-29,0.010533265506802104,0.0
2023-06-30,0.0070720144469241224,0.0
2023-07-03,0.0090764015147613,0.7033329643833702
2023-07-05,-0.0035391804907783375,0.0
2023-07-06,-0.007338570732723067,0.0
2023-07-07,0.00330621969175347,0.0
2023-07-10,0.0024989821055994175,0.0
2023-07-11,0.015330941325172372,0.0
2023-07-12,0.004205463919989221,0.0
2023-07-13,0.007885502288600639,0.0
2023-07-14,-0.007401297316133408,0.0
2023-07-17,-0.005786050634528564,0.0
2023-07-18,0.007432630570076212,0.0
2023-07-19,0.013310399599832693,0.0
2023-07-20,0.001579068521027271,0.0
2023-07-21,0.0035732959611269773,0.0
2023-07-24,0.006132102636702566,0.0
2023-07-25,-0.0017063030962890212,0.0
2023-07-26,0.007036487108806815,0.0
2023-07-27,-0.005351794014493509,0.0
2023-07-28,0.004498445679181704,0.0
2023-07-31,0.004402860244752797,0.0
2023-08-01,-0.003994984852785488,0.9630152058975561
2023-08-02,-0.0048215567392368855,0.0
2023-08-03,-0.0013132112957614547,0.0
2023-08-04,-0.0053231168892018356,0.0
2023-08-07,0.006047800319614265,0.0
2023-08-08,-0.009251862533663441,0.0
2023-08-09,-0.00014725674145453114,0.0
2023-08-10,-0.0029535862253232984,0.0
2023-08-11,0.001743733713801515,0.0
2023-08-14,-0.00375535926827337,0.0
2023-08-15,-0.016846562500653642,0.0
2023-08-16,-0.0056048270336151555,0.0
2023-08-17,-0.003454339656962566,0.0
2023-08-18,0.0016377021287517974,0.0
2023-08-21,-0.0038698140807276087,0.0
2023-08-22,-0.001950197940886517,0.0
2023-08-23,0.006039214938730751,0.0
2023-08-24,-0.008368767629829348,0.0
2023-08-25,0.004089823059115633,0.0
2023-08-28,0.008032596133736318,0.0
2023-08-29,0.009247052142356247,0.0
2023-08-30,0.0024302596723233425,0.0
2023-08-31,-0.005846214019140676,0.0
2023-09-01,-0.002429577170119157,0.9385576224269856
2023-09-05,-0.011761985341703817,0.0
2023-09-06,-0.0052689250509066095,0.0
2023-09-07,-0.006375610650489049,0.0
2023-09-08,0.0029834277517183823,0.0
2023-09-11,0.001963136972170712,0.0
2023-09-12,-0.0006585814202711047,0.0
2023-09-13,-0.0037754435198166032,0.0
2023-09-14,0.0159194168286204,0.0
2023-09-15,-0.0038981299320884587,0.0
2023-09-18,-0.006583312973858982,0.0
2023-09-19,0.00017967451524397425,0.0
2023-09-20,-0.002958042511205821,0.0
2023-09-21,-0.016627340510551807,0.0
2023-09-22,-0.007176322824172919,0.0
2023-09-25,0.0027386354447634736,0.0
2023-09-26,-0.015059594201189686,0.0
2023-09-27,-0.006421117856692703,0.0
2023-09-28,0.006618328499210867,0.0
2023-09-29,0.0012715493913723927,0.0
2023-10-02,-0.0183253642023411,0.7923803222771475
2023-10-03,-0.01654209237828163,0.0
2023-10-04,0.004565006100793436,0.0
2023-10-05,-0.006380975852440714,0.0
2023-10-06,0.004285439388838463,0.0
2023-10-09,0.004926463277655612,0.0
2023-10-10,0.010831796532877698,0.0
2023-10-11,0.0031460911295746116,0.0
2023-10-12,-0.01826552667537966,0.0
2023-10-13,-0.0003564492627627417,0.0
2023-10-16,0.014877479782075789,0.0
2023-10-17,0.00600527808769734,0.0
2023-10-18,-0.02305656592933515,0.0
2023-10-19,-0.0316451709361629,0.0
2023-10-20,-0.010140137285282883,0.0
2023-10-23,-0.009568252933212774,0.0
2023-10-24,0.008014644070117045,0.0
2023-10-25,-0.01103948659456015,0.0
2023-10-26,0.0012844096370135832,0.0
2023-10-27,-0.01693800604474845,0.0
2023-10-30,0.007431084871833632,0.0
2023-10-31,0.012889521727862304,0.0
2023-11-01,-0.0015324271021515123,0.5299001836055489
2023-11-02,0.02876317932748031,0.0
2023-11-03,0.0229999797400492,0.0
2023-11-06,-0.010657011850280377,0.0
2023-11-07,-0.002891788871275158,0.0
2023-11-08,-0.004332753281019486,0.0
2023-11-09,-0.012488732557543111,0.0
2023-11-10,0.008976549819337336,0.0
2023-11-13,-0.0035943288810258356,0.0
2023-11-14,0.04050885957234148,0.0
2023-11-15,0.01329979518558505,0.0
2023-11-16,-0.008231111171122171,0.0
2023-11-17,0.00482382211794745,0.0
2023-11-20,0.003146596600260824,0.0
2023-11-21,-0.002618036388212104,0.0
2023-11-22,0.004655700269150926,0.0
2023-11-24,0.005668458161872284,0.0
2023-11-27,-0.00703734159157632,0.0
2023-11-28,0.005599387984657117,0.0
2023-11-29,0.00850894813655544,0.0
2023-11-30,0.005703816066829246,0.0
2023-12-01,0.023594547343547267,0.9324854556832466
2023-12-04,0.002045480112972348,0.0
2023-12-05,-0.011380078429121095,0.0
2023-12-06,0.005664291014903945,0.0
2023-12-07,0.003906089346984873,0.0
2023-12-08,-0.0003004211701260166,0.0
2023-12-11,0.005129831055662568,0.0
2023-12-12,-0.0020832468561440354,0.0
2023-12-13,0.03476656850986671,0.0
2023-12-14,0.019134290936654707,0.0
2023-12-15,-0.012422075904651525,0.0
2023-12-18,-0.0009846851810364958,0.0
2024-02-02,-0.007955337986101041,0.860846754808278
2024-02-05,-0.01576974299389425,0.0
2024-02-06,0.009275215961263409,0.0
2024-02-07,-0.0008832262923366085,0.0
2024-02-08,-0.0036918370816884155,0.0
2024-02-09,-3.7448460265551574e-05,0.0
2024-02-12,0.010903835574754014,0.0
2024-02-13,-0.019487993185521153,0.0
2024-02-14,0.0035151503423903126,0.0
2024-02-15,0.009617979157747546,0.0
2024-02-16,-0.0008803825258280995,0.0
2024-02-20,-0.0011044674625506684,0.0
2024-02-21,0.006751453477381913,0.0
2024-02-22,0.0048679143915694245,0.0
2024-02-23,0.005702024579801315,0.0
2024-02-26,-0.009762008886036719,0.0
2024-02-27,0.005183690058043146,0.0
2024-02-28,-0.0009651911429721576,0.0
2024-02-29,0.006423368375061689,0.0
2024-03-01,-0.0015105959008716585,0.6001597616954029
2024-03-04,0.0025411694542512,0.0
2024-03-05,-0.0010978480692872608,0.0
2024-03-06,0.008484534744656573,0.0
2024-03-07,0.008016167465948278,0.0
2024-03-08,0.00433164864234821,0.0
2024-03-11,0.007980770472839366,0.0
2024-03-12,-0.004456775547345396,0.0
2024-03-13,0.003235231919917001,0.0
2024-03-14,-0.011107398572501592,0.0
2024-03-15,0.0004871875281853832,0.0
2024-03-18,0.004231298649352782,0.0
2024-03-19,0.0046192048408813195,0.0
2024-03-20,0.003924572517245585,0.0
2024-03-21,0.00395317578922282,0.0
2024-03-22,-0.006014750147599229,0.0
2024-03-25,0.0002578648576358405,0.0
2024-03-26,-0.0021964745867171236,0.0
2024-03-27,0.022372465075126788,0.0
2024-03-28,0.005033818262472681,0.0
2024-04-01,-0.007483304638887134,0.8123593362146062
2024-04-02,-0.02786930381359322,0.0
2024-04-03,-0.0011190994226383446,0.0
2024-04-04,-0.010172810478149658,0.0
2024-04-05,0.001479326856879098,0.0
2024-04-08,0.002769241571711339,0.0
2024-04-09,0.008319730420242005,0.0
2024-04-10,-0.019994176964410332,0.0
2024-04-11,-3.977383000440031e-05,0.0
2024-04-12,-0.01752289240520585,0.0
2024-04-15,-0.00707245546612241,0.0
2024-04-16,-0.009459645888461755,0.0
2024-04-17,-0.002408343778278162,0.0
2024-04-18,0.0037781680576653423,0.0
2024-04-19,0.008583580393737767,0.0
2024-04-22,0.005785001848363752,0.0
2024-04-23,0.004201834742235235,0.0
2024-04-24,0.0020128087980281237,0.0
2024-04-25,-0.006491920672664558,0.0
2024-04-26,-0.0019124645437304624,0.0
2024-04-29,0.00946057148923976,0.0
2024-04-30,-0.01357847610023818,0.0
2024-05-01,0.0013053938335017001,0.8499882391117568
2024-05-02,0.008568484278585562,0.0
2024-05-03,0.008156098360861461,0.0
2024-05-06,0.0026724988084458824,0.0
2024-05-07,0.006662273124721115,0.0
2024-05-08,-0.0012447214514865667,0.0
2024-05-09,-0.004255585770664446,0.0
2024-05-10,0.0064661471052920695,0.0
2024-05-13,0.0028438646588912135,0.0
2024-05-14,0.0062403896498389455,0.0
2024-05-15,0.0060460747125243176,0.0
2024-05-16,0.0035912648840707192,0.0
2024-05-17,-0.0035962459851529532,0.0
2024-05-20,-0.003167587386600252,0.0
2024-05-21,-0.0028788432932408048,0.0
2024-05-22,-0.004414943542942171,0.0
2024-05-23,-0.01483168980497272,0.0
2024-05-24,0.00612506280297813,0.0
2024-05-28,-0.006502223242201068,0.0
2024-05-29,-0.011204100772014298,0.0
2024-05-30,0.002096812121432604,0.0
2024-05-31,0.01793280852514735,0.0
2024-06-03,-0.0008254430657100853,0.9581294492648438
2024-06-04,-0.0007321462220931063,0.0
2024-06-05,-0.002074003432435775,0.0
2024-06-06,0.0007052097122176253,0.0
2024-06-07,-0.003577781961743152,0.0
2024-06-10,-0.0010550568601335021,0.0
2024-06-11,-0.003758036407005276,0.0
2024-06-12,-0.0016676826317967067,0.0
2024-06-13,-0.005868452386789173,0.0
2024-06-14,-0.003027355917203472,0.0
2024-06-17,0.005037743994859425,0.0
2024-06-18,-0.002509448456396097,0.0
2024-06-20,0.006402602761685363,0.0
2024-06-21,0.004184776682642682,0.0
2024-06-24,0.0052087416718672105,0.0
2024-06-25,-0.01209305277892432,0.0
2024-06-26,-0.0022835447900683547,0.0
2024-06-27,0.0020267097596006617,0.0
2024-06-28,0.0029893788063012697,0.0
2024-07-01,-0.010428951329151781,0.6375021154508534
2024-07-02,0.0024560744154331253,0.0
2024-07-03,0.0003651484894068406,0.0
2024-07-05,-0.0017454119339916285,0.0
2024-07-08,-0.0006288382036251496,0.0
2024-07-09,-0.004114271939770809,0.0
2024-07-10,0.007453639055196965,0.0
2024-07-11,0.01806456411708749,0.0
2024-07-12,0.008345566613708534,0.0
2024-07-15,-0.004528580459503466,0.0
2024-07-16,0.02106779364616435,0.0
2024-07-17,0.003973252084289851,0.0
2024-07-18,-0.0077589271569261705,0.0
2024-07-19,-0.005302671648080626,0.0
2024-07-22,0.0038857284878347042,0.0
2024-07-23,-0.009498408999611489,0.0
2024-07-24,-0.0009556377047565618,0.0
2024-07-25,0.006346608094428994,0.0
2024-07-26,0.015206250994561176,0.0
2024-07-29,0.001064012716335081,0.0
2024-07-30,0.013638961891455305,0.0
2024-07-31,0.0031487936150367867,0.0
2024-08-01,-0.005730220170879319,0.9398414896381724
2024-08-02,-0.014330289356690545,0.0
2024-08-05,-0.02645898027314969,0.0
2024-08-06,0.0069477747570647255,0.0
2024-08-07,-0.006403441248707811,0.0
2024-08-08,0.015287728641806098,0.0
2024-08-09,0.0021138947468918277,0.0
2024-08-12,-0.007201406940839269,0.0
2024-08-13,0.009823939277534806,0.0
2024-08-14,-0.0021676738517757968,0.0
2024-08-15,0.018556676120890292,0.0
2024-08-16,0.004346112727179842,0.0
2024-08-19,0.009785430543327629,0.0
2024-08-20,-0.0033366701142810064,0.0
2024-08-21,0.00767848922336767,0.0
2024-08-22,-0.004709419905140882,0.0
2024-08-23,0.011056423158144101,0.0
2024-08-26,-0.0012827605890061151,0.0
2024-08-27,-0.00037014164024215686,0.0
2024-08-28,-0.005648488046914962,0.0
2024-08-29,-0.0040139013692100205,0.0
2024-08-30,0.008015360804207665,0.0
2024-09-03,-0.010067815530553026,0.7924895246506669
2024-09-04,-0.009047332431154026,0.0
2024-09-05,-0.007847861396867724,0.0
2024-09-06,-0.011795045294410389,0.0
2024-09-09,0.008270058493735286,0.0
2024-09-10,-0.0012769083990941347,0.0
2024-09-11,0.0036874315726658823,0.0
2024-09-12,0.006473412717574439,0.0
2024-09-13,0.01152988919801929,0.0
2024-09-16,0.006377811902598065,0.0
2024-09-17,0.0027189400634293516,0.0
2024-09-18,0.0004859642727561611,0.0
2024-09-19,0.011265053600740968,0.0
2024-09-20,-0.00980742680633422,0.0
2024-09-23,0.0035263166150156736,0.0
2024-09-24,0.003001498345693598,0.0
2024-09-25,-0.008638615072907951,0.0
2024-09-26,0.019257423148461027,0.0
2024-09-27,0.007613257528772573,0.0
2024-09-30,-0.0023629871447984926,0.0
2024-10-01,-0.006067765373848233,0.9340879140980112
2024-10-02,-0.0053449296918570985,0.0
2024-10-03,-0.0033306220349462626,0.0
2024-10-04,0.005377256315285508,0.0
2024-10-07,-0.0076296307925884845,0.0
2024-10-08,0.0020965256847400443,0.0
2024-10-09,0.011293651061976261,0.0
2024-10-10,-0.0031089059667377874,0.0
2024-10-11,0.007774372881881708,0.0
2024-10-14,0.004890546152395961,0.0
2024-10-15,-0.0075400023370260725,0.0
2024-10-16,0.004932138799380863,0.0
2024-10-17,-0.004754353066913583,0.0
2024-10-18,0.002384702702798177,0.0
2024-10-21,-0.01059257597120005,0.0
2024-10-22,-0.005110765167409438,0.0
2024-10-23,-0.005777464789454314,0.0
2024-10-24,-0.00041044448802326724,0.0
2024-10-25,-0.0009237558695079364,0.0
2024-10-28,0.002928430489828028,0.0
2024-10-29,-0.006043667348044406,0.0
2024-10-30,-0.003524949928533854,0.0
2024-10-31,-0.005780643255123636,0.0
2024-11-01,0.004052984525623193,0.7539674280203024
2024-11-04,0.004099541791285215,0.0
2024-11-05,0.007205708889686573,0.0
2024-11-06,0.0025289394270548563,0.0
2024-11-07,0.0032158598948049764,0.0
2024-11-08,-0.0077908079829316825,0.0
2024-11-11,0.0015554919085698528,0.0
2024-11-12,-0.011368442770257484,0.0
2024-11-13,0.00513893758552338,0.0
2024-11-14,-0.0038284565412084245,0.0
2024-11-15,-0.014235874887258866,0.0
2024-11-18,0.007094643802112787,0.0
2024-11-19,-0.006318278439593698,0.0
2024-11-20,0.004676950601265441,0.0
2024-11-21,0.010430471944764017,0.0
2024-11-22,0.005852681009781167,0.0
2024-11-25,0.01405265381538335,0.0
2024-11-26,-0.005993908120687093,0.0
2024-11-27,0.0038909448445645085,0.0
2024-11-29,0.004477644573198897,0.0
2024-12-02,0.006484959762977027,0.643031146185593
2024-12-03,-0.006021427147933275,0.0
2024-12-04,-0.00013087790671235423,0.0
2024-12-05,-0.007139442093969718,0.0
2024-12-06,-0.0012465361159365042,0.0
2024-12-09,0.011665727339340147,0.0
2024-12-10,-0.0034505935818890804,0.0
2024-12-11,-0.0012373812221104165,0.0
2024-12-12,-0.004911935199989018,0.0
2024-12-13,-0.0043057718917178115,0.0
2024-12-16,-0.007165554248356302,0.0
2024-12-17,-0.0010062640709614986,0.0
2024-12-18,-0.024656638402075392,0.0
2024-12-19,-0.008696013468910899,0.0
2024-12-20,0.011517558056633695,0.0
2024-12-23,0.005368345973474786,0.0
2025-03-25,-0.0283177816270741,0.8823598452692223
2025-03-26,0.00594226870780938,0.0
2025-03-27,0.004104815576463709,0.0
2025-03-28,-0.014172271979456435,0.0
2025-03-31,0.008182380655182401,0.0
2025-04-01,-0.0016634829129945627,0.6558126806738112
2025-04-02,0.007534918367008392,0.0
2025-04-03,-0.06026937966085845,0.0
2025-04-04,-0.052283600089348174,0.0
2025-04-07,-0.010719732730340124,0.0
2025-04-08,-0.027603197028330764,0.0
2025-04-09,0.0898095614172542,0.0
2025-04-10,-0.042397973052654817,0.0
2025-04-11,0.016313147747283957,0.0
2025-04-14,0.014847469443838576,0.0
2025-04-15,-0.008017990894579167,0.0
2025-04-16,-0.014073767714210532,0.0
2025-04-17,0.009663964365170748,0.0
2025-04-21,-0.020823572786871955,0.0
2025-04-22,0.026335770085162313,0.0
2025-04-23,0.011299701382268094,0.0
2025-04-24,0.026147494971066335,0.0
2025-04-25,-8.381204917305071e-05,0.0
2025-04-28,0.0035151942458627222,0.0
2025-04-29,0.0027124553122711403,0.0
2025-04-30,0.005916240679019169,0.0
2025-05-01,-0.002992510954328398,1.100127930513767
2025-05-02,0.01947236098790714,0.0
2025-05-05,-0.0085122197457569,0.0
2025-05-06,-0.014494206669113469,0.0
2025-05-07,0.006849557085410324,0.0
2025-05-08,0.015727517006095877,0.0
2025-05-09,-0.0010705713157349744,0.0
2025-05-12,0.04977215946383481,0.0
2025-05-13,-0.0015318741196641771,0.0
2025-05-14,-0.011040960135900918,0.0
2025-05-15,0.0084063870291072,0.0
2025-05-16,0.008505815493395425,0.0
2025-05-19,-0.0029192788564075373,0.0
2025-05-20,-0.0014851868900843568,0.0
2025-05-21,-0.028425820115190743,0.0
2025-05-22,-0.00163516220633508,0.0
2025-05-23,-0.007093815171818802,0.0
2025-05-27,0.025804638779976165,0.0
2025-05-28,-0.010365360788737989,0.0
2025-05-29,0.0073457734323091614,0.0
2025-05-30,-0.010159949528168628,0.0
2025-06-02,-0.002781795073945159,0.7986792359122494
2025-06-03,0.013254534327959453,0.0
2025-06-04,-0.0017408024133487052,0.0
2025-06-05,3.0036843900059877e-05,0.0
2025-06-06,0.008938512840614733,0.0
2025-06-09,0.005292789449122457,0.0
2025-06-10,0.008971728536358218,0.0
2025-06-11,-0.0058578636654650785,0.0
2025-06-12,0.003211001815463724,0.0
2025-06-13,-0.012900552119850174,0.0
2025-06-16,0.005100113727376321,0.0
2025-06-17,-0.0139932161004269,0.0
2025-06-18,-0.00038072949668262483,0.0
2025-06-20,0.0010894633829292585,0.0
2025-06-23,0.006765416187078766,0.0
2025-06-24,0.0077058380075258875,0.0
2025-06-25,-0.007021879754074235,0.0
2025-06-26,0.0038235456633190887,0.0
2025-06-27,0.002760998043639517,0.0
2025-06-30,0.0017598908608143509,0.0
2025-07-01,0.0235585782264649,0.7390310193260714
2025-07-02,-0.0022660271177651456,0.0
2025-07-03,-0.00046079371101124796,0.0
2025-07-07,-0.011386089143261661,0.0
2025-07-08,0.009855034336753273,0.0
2025-07-09,0.002338797538373227,0.0
2025-07-10,0.00910729959161023,0.0
2025-07-11,-0.011046278754360008,0.0
2025-07-14,-0.003457014379334112,0.0
2025-07-15,-0.01739553733655478,0.0
2025-07-16,0.004343736202765958,0.0
2025-07-17,0.007486585821759673,0.0
2025-07-18,-0.006790558100972337,0.0
2025-07-21,-0.0075117813842939946,0.0
2025-07-22,0.023669086434953364,0.0
2025-07-23,0.007574300924145789,0.0
2025-07-24,-0.006609174651640437,0.0
2025-07-25,0.007231480868432008,0.0
2025-07-28,-0.011159234075046317,0.0
2025-07-29,-0.0018682250990115343,0.0
2025-07-30,-0.013266183446400657,0.0
2025-07-31,-0.011395522356069538,0.0
2025-08-01,-0.011361936991978183,0.993940454227004
2025-08-04,0.007588883324117649,0.0
2025-08-05,-0.00199686798868326,0.0
2025-08-06,-0.0016338491741086777,0.0
2025-08-07,0.0013701839657212743,0.0
2025-08-08,0.003686452683783796,0.0
2025-08-11,-0.002222065453916653,0.0
2025-08-12,0.01161208285526648,0.0
2025-08-13,0.019854721586119034,0.0
2025-08-14,-0.003667300609008102,0.0
2025-08-15,0.003686583950695128,0.0
2025-08-18,-0.004656818496920079,0.0
2025-08-19,0.011368075012059886,0.0
2025-08-20,0.0016852135801952983,0.0
2025-08-21,-0.0016519329863895222,0.0
2025-08-22,0.018492720134162137,0.0
2025-08-25,-0.012065893758666523,0.0
2025-08-26,-0.0005631676781213519,0.0
2025-08-27,0.00450912856341565,0.0
2025-08-28,-0.009175278604978715,0.0
2025-08-29,0.005126285265798977,0.0
2025-09-02,-0.009327489219371876,1.0816478697064769
2025-09-03,-0.004128227224462019,0.0
2025-09-04,0.0032122517710247846,0.0
2025-09-05,0.0020508780118120946,0.0
2025-09-08,-0.003140608205550834,0.0
2025-09-09,-0.0016331122355926176,0.0
2025-09-10,-0.0013834127339032625,0.0
2025-09-11,0.019693866432684733,0.0
2025-09-12,-0.005194991627946425,0.0
2025-09-15,-0.0039406675727527325,0.0
2025-09-16,-0.0024419969077679165,0.0
2025-09-17,0.0018329403099812587,0.0
2025-09-18,0.0038056523672146715,0.0
2025-09-19,-0.0035943461987644654,0.0
2025-09-22,0.002356265266452725,0.0
2025-09-23,0.0009189575749768723,0.0
2025-09-24,0.004571894977042327,0.0
2025-09-25,-0.00924386773565821,0.0
2025-09-26,0.009454415065293558,0.0
2025-09-29,0.0010661001379595172,0.0
2025-09-30,0.006242754744663425,0.0
2025-10-01,0.003528529978275241,0.9107421952063514
2025-10-02,0.004063996669574824,0.0
2025-10-03,0.00826253465585585,0.0
2025-10-06,-0.004951890706553777,0.0
2025-10-07,-0.004276059267089615,0.0
2025-10-08,0.0024652871741985757,0.0
2025-10-09,-0.004445638042730123,0.0
2025-10-10,-0.01922458825374474,0.0
2025-10-13,0.007323231784589466,0.0
2025-10-14,0.011696584036588529,0.0
2025-10-15,-0.0005965421928260525,0.0
2025-10-16,-0.0007748608264720595,0.0
2025-10-17,0.00701574214754587,0.0
2025-10-20,0.010821956705222874,0.0
2025-10-21,0.004240432322807639,0.0
2025-10-22,-0.0031094447208914354,0.0
2025-10-23,0.0011771396677268614,0.0
2025-10-24,-0.002280192364859087,0.0
2025-10-27,0.0005348830757153471,0.0
2025-10-28,-0.004368809580896814,0.0
2025-10-29,-0.02094958048512347,0.0
2025-10-30,-0.00856801182017905,0.0
2025-10-31,0.005639739895242342,0.0
2025-11-03,-0.008253637132157654,1.0656722777804686
2025-11-04,-0.013561100597415183,0.0
2025-11-05,0.003511870492905269,0.0
2025-11-06,-0.008562893800105734,0.0
2025-11-07,0.012962304149652368,0.0
2025-11-10,-0.0012739659517172143,0.0
2025-11-11,0.013326637722944196,0.0
2025-11-12,0.0038669235454108835,0.0
2025-11-13,-0.002309639264176525,0.0
2025-11-14,-0.0020061443855839494,0.0
2025-11-17,-0.012517042623990803,0.0
2025-11-18,0.0019550753187201064,0.0
2025-11-19,-0.007604674702267137,0.0
2025-11-20,-0.003766712381516757,0.0
2025-11-21,0.02347232297007204,0.0
2025-11-24,-0.004597672488017428,0.0
2025-11-25,0.018364655098747296,0.0
2025-11-26,0.003754386397826109,0.0
2025-11-28,0.002961332420566378,0.0
2025-12-01,-0.007870762107074047,1.1456727221646008
2025-12-02,0.000888314518018117,0.0
2025-12-03,0.010692028893156218,0.0
2025-12-04,0.0012475302996501133,0.0
2025-12-05,-0.001133702328415576,0.0
2025-12-08,-0.005106064088250887,0.0
2025-12-09,-0.0012376617654559858,0.0
2025-12-10,0.012465396811794961,0.0
2025-12-11,0.012806940899259194,0.0
2025-12-12,-0.019591222183299523,0.0
2025-12-15,0.0011556397347293591,0.0
2025-12-16,-0.009248251893040235,0.0
2025-12-17,-0.0016770670954472928,0.0
2025-12-18,-0.0011269801576857777,0.0
2025-12-19,-0.00037257645076233436,0.0
2025-12-22,0.005736529567943505,0.0
2026-01-15,0.002122609254571195,1.393857350221999
2026-01-16,-0.001602709969324411,0.0
2026-01-20,-0.0032272595019025617,0.0
2026-01-21,0.011012023539406019,0.0
2026-01-22,0.0004881699916067149,0.0
2026-01-23,0.0005477482584058077,0.0
2026-01-26,0.004294895319757719,0.0
2026-01-27,1.5047906982156148e-05,0.0
2026-01-28,-0.006693790377174177,0.0
2026-01-29,-0.0016485619495436507,0.0
2026-01-30,0.006530795717461371,0.0
2026-02-02,-0.004659578403596321,1.051776872510185
2026-02-03,-0.011016717545359917,0.0
2026-02-04,0.019670226320249975,0.0
2026-02-05,-0.01009065952715092,0.0
2026-02-06,0.01811520517344175,0.0
2026-02-09,-0.003815648325155884,0.0
2026-02-10,0.013151936606036804,0.0
2026-02-11,0.00252250689398012,0.0
2026-02-12,-0.011359462942552436,0.0
2026-02-13,0.014055494311215935,0.0
2026-02-17,-0.008506934430715329,0.0
2026-02-18,0.01096388301774751,0.0
2026-02-19,-0.003820343544338618,0.0
2026-02-20,0.004606779955958646,0.0
2026-02-23,-0.01073555546507413,0.0
2026-02-24,0.003520100413672728,0.0
2026-02-25,-0.008751192471028497,0.0
2026-02-26,0.008496332470107672,0.0
2026-02-27,0.001395583184331288,0.0
2026-03-02,-0.004483418189475841,1.141834618374033
2026-03-03,-0.004769623109851173,0.0
2026-03-04,0.005735527036951307,0.0
2026-03-05,-0.0053311551021759515,0.0
2026-03-06,-0.010623751189349086,0.0
2026-03-09,-0.002418749125324423,0.0
2026-03-10,-0.01317326349201503,0.0
2026-03-11,-0.002514324943266413,0.0
2026-03-12,-0.01811556154590524,0.0
2026-03-13,-0.0007167294698606717,0.0
2026-03-16,0.007718355227462987,0.0
2026-03-17,0.0044778971019265885,0.0
2026-03-18,-0.014595436671431147,0.0
2026-03-19,0.00072108398492487,0.0
2026-03-20,-0.007207482662725604,0.0
2026-03-23,0.010909088068165172,0.0
2026-03-24,-0.0030240571589950933,0.0
2026-03-25,0.005739605605608799,0.0
2026-03-26,-0.005697971363149169,0.0
2026-03-27,-0.02131857651480581,0.0
2026-03-30,0.006451530149918139,0.0
2026-03-31,0.018638282783904135,0.0
2026-04-01,0.0010111129828851428,1.0995991247194268
2026-04-02,0.0008853412569685849,0.0
2026-04-06,0.008767198523862443,0.0
2026-04-07,-0.007520565304396503,0.0
2026-04-08,0.0273118925603105,0.0
2026-04-09,-0.0011275073867874266,0.0
2026-04-10,-0.00842148831638345,0.0
2026-04-13,0.016776709456948695,0.0
2026-04-14,0.0030913963607240545,0.0
2026-04-15,0.0023886658105421385,0.0
2026-04-16,0.0018981572859115637,0.0
2026-04-17,0.020974245988511213,0.0
2026-04-20,-0.0005213652530631091,0.0
2026-04-21,-0.011897776646613213,0.0
2026-04-22,-0.0044098415715166945,0.0
2026-04-23,0.0007961815981221757,0.0
2026-04-24,-0.006811515082920914,0.0
2026-04-27,-0.0070549795660377005,0.0
2026-04-28,-0.0011724307248395414,0.0
2026-04-29,-0.002452383090322559,0.0
2026-04-30,0.013147584169401596,0.0
2026-05-01,-0.005673227589937491,0.6598946882279302
2026-05-04,-0.01209342424049444,0.0
2026-05-05,0.010942412939853022,0.0
2026-05-06,0.014651336843953748,0.0
2026-05-07,-0.005266309803266535,0.0
2026-05-08,-0.003561224099351157,0.0
2026-05-11,-0.01660532255880599,0.0
2026-05-12,-0.0011739018480104852,0.0
2026-05-13,-0.009961305462925146,0.0
2026-05-14,0.0018461220161699122,0.0
2026-05-15,-0.01354817841043737,0.0
2026-05-18,0.014914117637011722,0.0
2026-05-19,-0.010607918656482328,0.0
2026-05-20,0.018027000807643613,0.0
2026-05-21,0.010477022565778378,0.0
2026-05-22,0.004637414474840017,0.0
2026-05-26,0.00017359473847880058,0.0
2026-05-27,0.005570561792548277,0.0
2026-05-28,0.01649550749539408,0.0
2026-05-29,0.004920446290271335,0.0
2026-06-01,0.0008067146938113279,0.5979265150081631
2026-06-02,-0.006600886111327479,0.0
2026-06-03,-0.004520796623900397,0.0
2026-06-04,0.009816984349450946,0.0
2026-06-05,-0.00019246999151308584,0.0
2026-06-08,-0.010533318124328485,0.0
2026-06-09,0.021762361906409504,0.0
2026-06-10,-0.014820789702566759,0.0
2026-06-11,0.012061721419211517,0.0
2026-06-12,0.009825752453369136,0.0
2026-06-15,0.0009140471285963821,0.0
2026-06-16,0.0023722993085005402,0.0
2026-06-17,-0.021486638068469194,0.0
2026-06-18,0.0025049351264070843,0.0
2026-06-22,-0.009249676969853727,0.0
2026-06-23,0.003047021721132129,0.0
2026-06-24,0.018729808636687238,0.0
2026-06-25,0.0027576785028967815,0.0
2026-06-26,0.014314438531091798,0.0
2026-06-29,-0.005183100761622409,0.0
2026-06-30,-0.003999435484709185,0.0
